tree
version=v4
num_class=1
num_tree_per_iteration=1
label_index=0
max_feature_idx=91
objective=regression
feature_names=Column_0 Column_1 Column_2 Column_3 Column_4 Column_5 Column_6 Column_7 Column_8 Column_9 Column_10 Column_11 Column_12 Column_13 Column_14 Column_15 Column_16 Column_17 Column_18 Column_19 Column_20 Column_21 Column_22 Column_23 Column_24 Column_25 Column_26 Column_27 Column_28 Column_29 Column_30 Column_31 Column_32 Column_33 Column_34 Column_35 Column_36 Column_37 Column_38 Column_39 Column_40 Column_41 Column_42 Column_43 Column_44 Column_45 Column_46 Column_47 Column_48 Column_49 Column_50 Column_51 Column_52 Column_53 Column_54 Column_55 Column_56 Column_57 Column_58 Column_59 Column_60 Column_61 Column_62 Column_63 Column_64 Column_65 Column_66 Column_67 Column_68 Column_69 Column_70 Column_71 Column_72 Column_73 Column_74 Column_75 Column_76 Column_77 Column_78 Column_79 Column_80 Column_81 Column_82 Column_83 Column_84 Column_85 Column_86 Column_87 Column_88 Column_89 Column_90 Column_91
feature_infos=[-29.600000381469727:38.5] [-30.299999237060547:39.599998474121094] [-31.799999237060547:38.299999237060547] [-30.600000381469727:38] [-28.399999618530273:39.099998474121094] [-28.399999618530273:39] [-29.100000381469727:39.200000762939453] [-29.600000381469727:39.400001525878906] [-28.700000762939453:39.400001525878906] [-29.299999237060547:39.799999237060547] [-28.200000762939453:38.799999237060547] [-28.100000381469727:38.299999237060547] [-29.700000762939453:38.799999237060547] [-29.700000762939453:38.700000762939453] [-30.200000762939453:39.200000762939453] [-29.399999618530273:39.299999237060547] [-30.799999237060547:38.299999237060547] [-29.899999618530273:38.599998474121094] [-29.700000762939453:38.099998474121094] [-27.700000762939453:39.400001525878906] [-28:39.299999237060547] [-28:38.099998474121094] [-27.399999618530273:39] [-26.799999237060547:39.200000762939453] [0:148] [0:92.5] [0:123.5] [0:84] [0:65] [0:76.5] [0:68.5] [0:73.5] [0:88] [0:67] [0:80] [0:89] [0:71.5] [0:68.5] [0:84] [0:66.5] [0:56] [0:67.5] [0:93.5] [0:67] [0:63] [0:67.5] [0:73.5] [0:79] [0:29.299999237060547] [0:28.299999237060547] [0:30.299999237060547] [0:32.700000762939453] [0:31.600000381469727] [0:31.700000762939453] [0:32.5] [0:28.600000381469727] [0:28.399999618530273] [0:28.700000762939453] [0:28.200000762939453] [0:29.200000762939453] [0:30.799999237060547] [0:28.100000381469727] [0:27] [0:27.799999237060547] [0:32] [0:31.100000381469727] [0:32.599998474121094] [0:32.400001525878906] [0:29.899999618530273] [0:29.799999237060547] [0:29.299999237060547] [0:29.899999618530273] [24.055000305175781:45.520000457763672] [122.97830200195312:145.75830078125] [-3:1350] -1:7:12:8:1:3:5:10:11:6:9:4:2 -1:20:17:4:1:14:10:16:3:2:7:9:18:21:8:19:13:12:5:22:23:6:0:11:15 [-27.399999618530273:37.599998474121094] [0:98.5] [0:23.600000381469727] [-28.799999237060547:39] [0:72] [0:22.5] [-26.100000381469727:38.599998474121094] [0:78.5] [0:22.200000762939453] [-27.899999618530273:38.900001525878906] [0:62.5] [0:22.399999618530273] [-25.5:38] [0:55.5] [0:34.5]
tree_sizes=3024 3087 3085 3078 3079 3079 3068 3111 3084 3083 3074 3076 3081 3099 3112 3120 3104 3122 3114 3079 3125 3134 3120 3131 3147 3124 3150 3164 3160 3163 3169 3156 3132 3145 3148 3131 3165 3189 3177 3163 3202 3199 3181 3136 3170 3148 3137 3203 3194 3174 3186 3136 3193 3141 3203 3286 3161 3198 3144 3233 3221 3195 3187 3155 3206 3216 3176 3135 3250 3131 3234 3202 3174 3127 3194 3148 3214 3308 3270 3290 3144 3139 3221 3291 3256 3130 3226 3283 3272 3258 3303 3329 3274 3204 3184 3256 3322 3149 3183 3232 3189 3286 3312 3168 3161 3231 3326 3283 3318 3155 3280 3210 3107 3280 3195 3287 3052 3265 3306 3163 3222 3252 3276 3322 3160 3245 3108 3136 3205 3129 3319 3219 3198 3241 3188 3218 3136 3062 3299 3251 3066 3079 3213 3180 3238 3295 3192 3132 3132 3190 3235 3259 3190 3218 3234 3260 3163 3117 3213 3251 3149 3171 3259 3154 3248 3244 3062 3107 3130 3031 3143 3240 3281 3131 3240 3155 3261 3173 3153 3279 3165 3182 3033 3188 3179 3175 3216 3194 3259 3109 3035 2995 3157 3128 3102 3126 3187 3241 3230 3125 3228 3201 3257 3100 3152 3132 3030 3223 3245 3170 3217 3186 3280 3128 3108 3264 3170 3094 3218 3238 2973 3264 3046 3169 3225 3159 3208 3189 3068 3218 3182 3159 3210 3297 3179 3174 3109 3181 3004 3175 3233 3167 3056 3184 3154 3254 2963 3181 3125 3236 3143 3028 3233 3230 3123 2997 3225 3199 3115 3207 3051 3170 3205 3186 3209 3002 3186 3067 3226 3153 3185 2958 3177 3130 3253 3220 3206 3153 3268 3089 3198 3094 3060 3220 3156 3078 3253 3044 3092 3170 3233 3181 3136 3219 3169 3100 3228 3191 3189 3151

Tree=0
num_leaves=31
num_cat=7
split_feature=0 0 0 0 0 0 0 0 0 0 0 0 0 0 0 0 0 0 0 0 0 0 0 76 76 76 76 76 76 76
split_gain=3.52331e+08 4.98903e+07 4.75907e+07 9.66445e+06 7.80113e+06 7.15682e+06 6.76874e+06 1.97358e+06 1.6063e+06 1.27635e+06 1.20565e+06 927558 897949 871557 844029 420744 267499 233003 217303 213152 167253 157438 153849 139938 137462 135083 131601 124461 122865 119501
threshold=12.449999809265138 3.0499999523162846 21.150000572204593 -3.4500000476837154 26.150000572204593 7.8500001430511483 16.849999427795414 -8.6500000953674299 -1.0000000180025095e-35 29.349999427795414 23.550000190734867 5.4500000476837167 10.250000000000002 19.050000190734867 14.750000000000002 -12.849999904632567 -5.8500001430511466 1.4499999880790713 31.750000000000004 -1.6500000357627866 27.550000190734867 24.750000000000004 22.349999427795414 0 1 2 3 4 5 6
decision_type=2 2 2 2 2 2 2 2 2 2 2 2 2 2 2 2 2 2 2 2 2 2 2 1 1 1 1 1 1 1
left_child=1 3 6 7 10 11 14 15 19 20 22 29 23 28 24 -1 -9 -10 -11 -5 -6 -12 -4 -7 -2 -13 -14 -16 -8 -3
right_child=2 5 4 8 9 12 13 16 17 18 21 25 26 -15 27 -17 -18 -19 -20 -21 -22 -23 -24 -25 -26 -27 -28 -29 -30 -31
leaf_value=10.254215480692626 13.275755940762323 12.362332037667779 13.996919152457115 11.583774599230537 14.499701615442063 12.830929888793126 13.698847542916997 11.123603056479865 11.903716524251639 14.845156797147663 14.236035349155229 12.593298175842964 13.061712952345211 13.832932734245803 13.490989001547506 10.809192812132942 11.37728190104119 12.057104097619419 15.100510469897969 11.751945061696281 14.65058409710392 14.363237635363721 14.117403542784396 12.6905733516531 13.142376674381266 12.453145053246015 12.920212459943221 13.363084890468853 13.578494542013379 12.219748560259427
leaf_weight=20643 113977 79359 215688 135763 155205 98790 127834 66943 193181 103475 193924 96452 90926 377061 113378 40386 109659 203206 49158 169423 139503 195286 208367 254918 239890 244768 237501 232010 254888 238438
leaf_count=20643 113977 79359 215688 135763 155205 98790 127834 66943 193181 103475 193924 96452 90926 377061 113378 40386 109659 203206 49158 169423 139503 195286 208367 254918 239890 244768 237501 232010 254888 238438
internal_value=13.1386 12.2218 13.9072 11.6629 14.3573 12.6133 13.5184 11.1117 11.8496 14.6927 14.1728 12.3782 12.8403 13.725 13.2939 10.6215 11.2811 11.9823 14.9274 11.6771 14.5711 14.2999 14.0561 12.7298 13.1853 12.4927 12.9594 13.4051 13.6187 12.2553
internal_weight=5e+06 2.28036e+06 2.71964e+06 939204 1.26061e+06 1.34115e+06 1.45904e+06 237631 701573 447341 813265 659017 682135 759783 699255 61029 176602 396387 152633 305186 294708 389210 424055 353708 353867 341220 328427 345388 382722 317797
internal_count=5000000 2280356 2719644 939204 1260606 1341152 1459038 237631 701573 447341 813265 659017 682135 759783 699255 61029 176602 396387 152633 305186 294708 389210 424055 353708 353867 341220 328427 345388 382722 317797
cat_boundaries=0 1 2 3 4 5 6 7
cat_threshold=8128 8160 8128 8128 8160 8160 4032
is_linear=0
shrinkage=1


Tree=1
num_leaves=31
num_cat=7
split_feature=0 0 0 0 0 0 0 0 0 0 0 0 0 0 0 0 0 0 0 0 0 0 0 76 76 76 76 76 76 76
split_gain=2.85479e+08 3.9823e+07 3.91677e+07 7.56449e+06 6.87002e+06 5.79408e+06 5.28733e+06 1.45211e+06 1.36443e+06 1.18495e+06 998328 828614 755830 664160 599426 292683 220654 202761 168324 160056 158298 147750 139294 115737 109698 108338 107680 104409 99446.2 97997.7
threshold=12.250000000000002 20.849999427795414 2.8500000238418584 -3.8500000238418575 25.849999427795414 7.4500000476837167 16.44999980926514 -10.15000009536743 -0.45000000298023218 29.150000572204593 23.150000572204593 9.6500000953674334 18.550000190734867 5.0499999523162851 14.250000000000002 -6.6499998569488517 1.0500000119209292 31.44999980926514 -12.849999904632567 -2.1499999761581416 27.349999427795414 24.44999980926514 11.050000190734865 0 1 2 3 4 5 6
decision_type=2 2 2 2 2 2 2 2 2 2 2 2 2 2 2 2 2 2 2 2 2 2 2 1 1 1 1 1 1 1
left_child=2 6 3 7 10 13 14 18 19 20 24 27 29 -4 28 -9 -10 -11 -1 -5 -6 -12 -13 -14 -3 -15 -16 -7 -2 -8
right_child=1 4 5 8 9 11 12 15 16 17 21 22 23 25 26 -17 -18 -19 -20 -21 -22 -23 -24 -25 -26 -27 -28 -29 -30 -31
leaf_value=-2.5959166334793733 0.11086664711713266 0.86771091974893944 -0.82330497739996644 -1.441304677434152 1.2032941595864552 -0.32172848779504226 0.4812964085592859 -1.9053665578076027 -1.1456465266828675 1.5156344755290823 0.95684655236631677 -0.25164660456140664 0.66442560179235899 -0.52633419799874792 0.29634086371224588 -1.6352223229417513 -0.99953820193977083 1.7477377994566745 -2.1905321905170823 -1.2879501282241916 1.3442314380041911 1.0756650308179534 -0.13124940196133372 0.55175181937537388 0.75782831717615318 -0.65246308291495247 0.16856290877079272 -0.44848002998962749 -0.02288418399185391 0.36119770428431996
leaf_weight=20643 73030 139023 288908 115114 174336 90600 91070 62839 189013 106600 215304 207829 138081 95619 87458 110859 228099 58179 20330 166491 146800 203639 178740 273061 271078 242439 268897 232491 232670 270760
leaf_count=20643 73030 139023 288908 115114 174336 90600 91070 62839 189013 106600 215304 207829 138081 95619 87458 110859 228099 58179 20330 166491 146800 203639 178740 273061 271078 242439 268897 232491 232670 270760
internal_value=-4.53138e-07 0.683485 -0.835363 -1.34008 1.08102 -0.490462 0.319212 -1.85927 -1.18057 1.37958 0.90603 -0.294765 0.496857 -0.71197 0.111805 -1.73295 -1.06575 1.59758 -2.39477 -1.35064 1.26772 1.0146 -0.195978 0.589623 0.795118 -0.616823 0.199936 -0.412961 0.00907101 0.391449
internal_weight=5e+06 2.74999e+06 2.25001e+06 913388 1.31496e+06 1.33663e+06 1.43503e+06 214671 698717 485915 829044 709660 772972 626966 662055 173698 417112 164779 40973 281605 321136 418943 386569 411142 410101 338058 356355 323091 305700 361830
internal_count=5000000 2749986 2250014 913388 1314959 1336626 1435027 214671 698717 485915 829044 709660 772972 626966 662055 173698 417112 164779 40973 281605 321136 418943 386569 411142 410101 338058 356355 323091 305700 361830
cat_boundaries=0 1 2 3 4 5 6 7
cat_threshold=8160 8160 8128 4032 8128 4032 4032
is_linear=0
shrinkage=0.1


Tree=2
num_leaves=31
num_cat=7
split_feature=0 0 0 0 0 0 0 0 0 0 0 0 0 0 0 0 0 0 0 0 0 0 0 76 76 76 76 76 76 76
split_gain=2.31298e+08 3.38495e+07 3.03352e+07 6.826e+06 4.70379e+06 4.64016e+06 4.46374e+06 1.46454e+06 1.09774e+06 757767 744099 688555 631499 510227 504898 270245 238529 172575 136893 129393 114641 107481 106160 103364 100342 99648.2 95652.7 88664.5 84583.8 84374
threshold=12.650000095367433 3.4500000476837163 21.44999980926514 -3.0499999523162837 26.44999980926514 17.349999427795414 8.2500000000000018 -8.6500000953674299 0.45000000298023229 23.94999980926514 29.94999980926514 15.150000095367433 6.0499999523162851 19.550000190734867 10.650000095367433 -12.849999904632567 -5.2499999999999991 -1.0500000119209287 2.0499999523162846 28.150000572204593 22.650000572204593 13.750000000000002 32.649999618530281 0 1 2 3 4 5 6
decision_type=2 2 2 2 2 2 2 2 2 2 2 2 2 2 2 2 2 2 2 2 2 2 2 1 1 1 1 1 1 1
left_child=1 3 5 7 9 11 12 15 17 20 19 21 24 28 23 -1 -9 -5 -10 -6 -4 -2 -12 -8 -3 -11 -16 -13 -7 -14
right_child=2 6 4 8 10 13 14 16 18 25 22 27 29 -15 26 -17 -18 -19 -20 -21 -22 -23 -24 -25 -26 -27 -28 -29 -30 -31
leaf_value=-2.3363249558704409 0.00046052816960804092 -0.59087052159117659 0.72037460318738022 -1.2193496468761786 1.1359451777206 0.50142182824138171 -0.22544896925703825 -1.6058189707526744 -0.95751439273247019 1.0497359306480132 1.4356367426327781 0.31619798771263169 -0.39138700734873888 0.59647801943220613 -0.038233941852519243 -1.8915453466400671 -1.3866284693623427 -1.0779127008082559 -0.83762499994603457 1.2715229565740864 0.82283811148350794 0.10675807894838817 1.6582188459314595 -0.3378770446970108 -0.71047618908851951 0.9336854230830639 -0.15955370861873897 0.21432165140161166 0.39841520857631907 -0.5115377188137975
leaf_weight=20643 167373 98475 214822 169436 172109 113432 128394 88505 203369 107702 91475 135539 77935 342421 95632 40386 113081 175753 179128 119110 222079 220362 27983 226238 251627 251152 202950 231925 272111 238853
leaf_count=20643 167373 98475 214822 169436 172109 113432 128394 88505 203369 107702 91475 135539 77935 342421 95632 40386 113081 175753 179128 119110 222079 220362 27983 226238 251627 251152 202950 231925 272111 238853
internal_value=5.28208e-08 -0.733839 0.630379 -1.17577 1.00275 0.327488 -0.402317 -1.6128 -1.01805 0.860897 1.27761 0.153829 -0.584306 0.507643 -0.216518 -2.04199 -1.48286 -1.14734 -0.901369 1.1914 0.772457 0.0608728 1.48778 -0.297189 -0.676871 0.968571 -0.120703 0.251913 0.428744 -0.482007
internal_weight=5e+06 2.3104e+06 2.6896e+06 990301 1.20643e+06 1.48316e+06 1.3201e+06 262615 727686 795755 410677 755199 666890 727964 653214 61029 201586 345189 382497 291219 436901 387735 119458 354632 350102 358854 298582 367464 385543 316788
internal_count=5000000 2310405 2689595 990301 1206432 1483163 1320104 262615 727686 795755 410677 755199 666890 727964 653214 61029 201586 345189 382497 291219 436901 387735 119458 354632 350102 358854 298582 367464 385543 316788
cat_boundaries=0 1 2 3 4 5 6 7
cat_threshold=16352 8128 8128 8160 16352 8128 4032
is_linear=0
shrinkage=0.1


Tree=3
num_leaves=31
num_cat=8
split_feature=0 0 0 0 0 0 0 0 0 0 0 0 0 0 0 0 0 0 0 0 76 0 76 76 76 76 76 76 76 0
split_gain=1.87453e+08 2.70408e+07 2.4916e+07 4.91984e+06 4.81636e+06 3.83005e+06 3.36033e+06 927345 887494 862502 647661 616978 526012 397107 323839 159095 148518 141762 116016 115887 112542 105126 101224 90830 87538.6 78425.6 74509.2 73351.5 73018 71396.4
threshold=12.050000190734865 20.550000190734867 2.6499999761581425 25.550000190734867 -4.2499999999999991 7.0499999523162851 16.050000190734867 -0.65000000596046437 28.94999980926514 -10.15000009536743 22.849999427795414 9.2500000000000018 18.150000572204593 4.6499998569488534 13.949999809265138 31.150000572204593 -6.6499998569488517 0.84999999403953563 -2.4500000476837154 27.050000190734867 0 -12.849999904632567 1 2 3 4 5 6 7 10.84999990463257
decision_type=2 2 2 2 2 2 2 2 2 2 2 2 2 2 2 2 2 2 2 2 1 2 1 1 1 1 1 1 1 2
left_child=2 6 4 10 9 13 14 18 19 21 23 -7 -8 28 26 -10 -11 -9 -6 -5 -13 -1 -12 -3 -14 -16 -2 -15 -4 -22
right_child=1 3 5 8 7 11 12 17 15 16 22 20 24 27 25 -17 -18 -19 -20 -21 29 -23 -24 -25 -26 -27 -28 -29 -30 -31
leaf_value=-2.1026924851155182 0.056957616534019789 0.69609621665008503 -0.58707230071358252 0.9562915007947308 -1.1919385909651519 -0.3634300458516776 0.28840479226608212 -0.94217892654028879 1.2108598248067979 -1.5451285985108825 0.87406840298163258 -0.085490828688231699 0.53036078587310254 -0.43522352231731731 0.20317871951659416 1.4053568670688408 -1.3448484858942737 -0.82444314562148913 -1.060539141517941 1.0718144737674997 -0.24914277217358805 -1.7823244169435064 0.76768486081197718 0.5933162829363855 0.42616851344484596 0.10020877256959362 -0.048769048647852663 -0.55209706782402257 -0.71974938839747615 -0.1532966213470813
leaf_weight=20643 104365 124123 52643 183728 111838 321931 358438 185680 109742 62839 129548 98313 108631 67902 109702 68188 90134 227658 168330 164658 180978 20330 300962 287730 318562 227333 184442 266211 208203 136215
leaf_count=20643 104365 124123 52643 183728 111838 321931 358438 185680 109742 62839 129548 98313 108631 67902 109702 68188 90134 227658 168330 164658 180978 20330 300962 287730 318562 227333 184442 266211 208203 136215
internal_value=1.36558e-07 0.547127 -0.685225 0.863836 -1.09573 -0.411803 0.24002 -0.972536 1.10369 -1.53626 0.713972 -0.259515 0.377734 -0.600561 0.0671452 1.2854 -1.42712 -0.877332 -1.11299 1.01089 -0.179002 -1.94373 0.799736 0.624323 0.452686 0.133734 -0.0105628 -0.528374 -0.693023 -0.207976
internal_weight=5e+06 2.78015e+06 2.21985e+06 1.36868e+06 887452 1.3324e+06 1.41147e+06 693506 526316 193946 842363 737437 785631 594959 625842 177930 152973 413338 280168 348386 415506 40973 430510 411853 427193 337035 288807 334113 260846 317193
internal_count=5000000 2780152 2219848 1368679 887452 1332396 1411473 693506 526316 193946 842363 737437 785631 594959 625842 177930 152973 413338 280168 348386 415506 40973 430510 411853 427193 337035 288807 334113 260846 317193
cat_boundaries=0 1 2 3 4 5 6 7 8
cat_threshold=4032 8128 8128 4032 8160 16352 3968 3968
is_linear=0
shrinkage=0.1


Tree=4
num_leaves=31
num_cat=10
split_feature=0 0 0 0 0 0 0 0 0 0 0 0 0 0 0 0 0 76 0 76 0 76 76 76 76 0 76 76 76 76
split_gain=1.51872e+08 2.29639e+07 1.93504e+07 4.81e+06 3.04688e+06 2.90457e+06 2.76804e+06 1.06252e+06 764120 503378 454057 453890 413215 339073 275974 247989 119294 113507 108468 104336 85826.5 84698.7 82441.5 82377.8 72049 71583.6 68865.9 68496.4 67383.9 64752.3
threshold=12.84999990463257 3.8500000238418584 21.650000572204593 -2.7499999999999996 17.550000190734867 26.650000572204593 8.6500000953674334 -7.5499999523162833 0.65000000596046459 24.150000572204593 30.150000572204593 15.34999990463257 6.4500000476837167 19.750000000000004 11.250000000000002 -12.849999904632567 -4.7499999999999991 0 -1.2499999999999998 1 2.2500000000000004 2 3 4 5 33.049999237060554 6 7 8 9
decision_type=2 2 2 2 2 2 2 2 2 2 2 2 2 2 2 2 2 1 2 1 2 1 1 1 1 2 1 1 1 1
left_child=1 3 4 7 11 9 12 15 18 22 19 21 27 -6 23 -1 -9 -10 -5 -7 -19 -2 -4 -8 -11 -12 -13 -3 -14 -15
right_child=2 6 5 8 13 10 14 16 17 24 25 26 28 29 -16 -17 -18 20 -20 -21 -22 -23 -24 -25 -26 -27 -28 -29 -30 -31
leaf_value=-1.8924232674645216 0.14506260516956324 -0.44504914377188465 0.69383778894630987 -0.98701548665716643 0.35970451861540531 1.0516035053062829 -0.14609825669473442 -1.2522033386513181 -0.59623914923583443 0.85771510674877871 1.1780340428815619 0.29215658661336419 -0.3037249940314638 0.55184790425911434 -0.070920989417575242 -1.4914736265869619 -1.0972168643005735 -0.78764059824977284 -0.87164154010854122 0.92570874839364292 -0.68691162501583936 0.036167687656662943 0.60380545885216785 -0.24241039789914867 0.76358351019066051 1.3827486681758996 0.19223261625406304 -0.54716353584356814 -0.39952702984940408 0.46199345561033972
leaf_weight=20643 94145 88150 167170 128606 387252 113356 139277 88550 69980 134437 88664 91994 115526 130619 239811 61038 113086 167544 222406 164010 170843 296000 266349 245741 215238 21157 276999 265937 203590 211882
leaf_count=20643 94145 88150 167170 128606 387252 113356 139277 88550 69980 134437 88664 91994 115526 130619 239811 61038 113086 167544 222406 164010 170843 296000 266349 245741 215238 21157 276999 265937 203590 211882
internal_value=4.84227e-07 -0.587435 0.517069 -0.936906 0.277905 0.821319 -0.306708 -1.28854 -0.805716 0.710554 1.04537 0.137648 -0.447394 0.42381 -0.15513 -1.5928 -1.16528 -0.712715 -0.913913 0.977232 -0.736763 0.0624495 0.638553 -0.20758 0.79982 1.21747 0.217158 -0.52177 -0.364867 0.496291
internal_weight=5e+06 2.34073e+06 2.65927e+06 1.0427e+06 1.48889e+06 1.17038e+06 1.29803e+06 283317 759379 783194 387187 759138 673203 729753 624829 81681 201636 408367 351012 277366 338387 390145 433519 385018 349675 109821 368993 354087 319116 342501
internal_count=5000000 2340728 2659272 1042696 1488891 1170381 1298032 283317 759379 783194 387187 759138 673203 729753 624829 81681 201636 408367 351012 277366 338387 390145 433519 385018 349675 109821 368993 354087 319116 342501
cat_boundaries=0 1 2 3 4 5 6 7 8 9 10
cat_threshold=1920 16320 4032 16352 16352 16352 4032 4032 16352 16352
is_linear=0
shrinkage=0.1


Tree=5
num_leaves=31
num_cat=10
split_feature=0 0 0 0 0 0 0 0 0 0 0 0 0 0 0 0 0 76 76 76 76 76 0 76 76 0 76 0 76 76
split_gain=1.23065e+08 1.83409e+07 1.58655e+07 3.44546e+06 3.04699e+06 2.50885e+06 2.19486e+06 679536 583143 557120 408521 407243 317399 265916 235863 131113 95586.1 92830.7 86718.5 71667.7 70684.4 69296.9 67134.3 66388.4 63158 63116.5 62150 61084 60032.6 55747.1
threshold=11.84999990463257 20.349999427795414 2.4500000476837163 25.250000000000004 -4.2499999999999991 6.8500001430511483 15.949999809265138 28.550000190734867 -10.15000009536743 -0.84999999403953541 9.4499998092651385 22.550000190734867 18.050000190734867 4.4500000476837167 13.550000190734865 30.94999980926514 -6.6499998569488517 0 1 2 3 4 0.65000000596046459 5 6 -12.849999904632567 7 -2.4500000476837154 8 9
decision_type=2 2 2 2 2 2 2 2 2 2 2 2 2 2 2 2 2 1 1 1 1 1 2 1 1 2 1 2 1 1
left_child=2 6 4 11 8 13 14 18 25 27 21 26 28 29 -2 -9 -10 -11 -5 -13 -12 -7 -19 -14 -16 -1 -3 -6 -8 -4
right_child=1 3 5 7 9 10 12 15 16 17 20 19 23 -15 24 -17 -18 22 -20 -21 -22 -23 -24 -25 -26 -27 -28 -29 -30 -31
leaf_value=-1.7031809272850655 -0.028386932194913117 0.55840914187354884 -0.49960271731335815 0.87400378648746324 -0.965236864647954 -0.21852577919982755 0.28117565720931564 0.9675639341010106 -1.2498951361445281 -0.62586281326500748 -0.064930355176413629 0.70030703274903416 0.40886267621702727 -0.43916883401154555 0.14934453377850684 1.1329616715735438 -1.0892210954301678 -0.79641948965995224 0.76757760730172475 0.60688468016779185 -0.16978380789980652 -0.31821532862018048 -0.70537748234864106 0.32547134196710581 0.064732261221661466 -1.4549446432214035 0.46729244755156207 -0.86717170487922468 0.19638140741318497 -0.60333373909231869
leaf_weight=20643 257331 101437 72862 112837 111838 92305 133098 131121 62839 81288 84238 110993 153740 331957 138689 75539 90134 146038 249406 329404 272097 287923 181857 254392 242573 20330 294250 147015 225035 186791
leaf_count=20643 257331 101437 72862 112837 111838 92305 133098 131121 62839 81288 84238 110993 153740 331957 138689 75539 90134 146038 249406 329404 272097 287923 181857 254392 242573 20330 294250 147015 225035 186791
internal_value=1.21602e-06 0.438006 -0.561934 0.693481 -0.896028 -0.345108 0.182507 0.883324 -1.24496 -0.794724 -0.221933 0.564306 0.296614 -0.498463 0.0455878 1.02802 -1.15522 -0.722089 0.800774 0.63046 -0.145003 -0.294029 -0.745903 0.356902 0.0955167 -1.58001 0.490677 -0.909541 0.227908 -0.574268
internal_weight=5e+06 2.80984e+06 2.19016e+06 1.40499e+06 861982 1.32817e+06 1.40486e+06 568903 193946 668036 736563 836084 766265 591610 638593 206660 152973 409183 362243 440397 356335 380228 327895 408132 381262 40973 395687 258853 358133 259653
internal_count=5000000 2809845 2190155 1404987 861982 1328173 1404858 568903 193946 668036 736563 836084 766265 591610 638593 206660 152973 409183 362243 440397 356335 380228 327895 408132 381262 40973 395687 258853 358133 259653
cat_boundaries=0 1 2 3 4 5 6 7 8 9 10
cat_threshold=3968 8128 4032 4032 4032 16352 16352 4032 16352 8128
is_linear=0
shrinkage=0.1


Tree=6
num_leaves=31
num_cat=10
split_feature=0 0 0 0 0 0 0 0 0 0 0 0 0 0 0 0 0 0 76 76 0 76 76 76 76 76 0 76 76 76
split_gain=9.9696e+07 1.55497e+07 1.23428e+07 3.0501e+06 2.0751e+06 1.99483e+06 1.82405e+06 656267 519987 323728 282013 275796 270124 244570 237937 108160 104043 87936.9 73458.9 66963.2 61378.1 60450.8 57060.7 56691 52930.6 52151 51173.5 50866 48940 47453
threshold=13.050000190734865 3.6499999761581425 21.849999427795414 -3.0499999523162837 8.4499998092651385 17.650000572204593 26.849999427795414 -8.6500000953674299 0.25000000745058065 24.349999427795414 15.550000190734865 5.8500001430511483 30.349999427795414 10.84999990463257 19.849999427795414 -12.849999904632567 -5.2499999999999991 1.8499999642372134 0 1 -1.4499999880790708 2 3 4 5 6 33.45000076293946 7 8 9
decision_type=2 2 2 2 2 2 2 2 2 2 2 2 2 2 2 2 2 2 1 1 2 1 1 1 1 1 2 1 1 1
left_child=1 3 5 7 11 10 9 15 20 22 21 -3 18 25 24 -1 -9 -10 -8 -15 -5 -2 -4 -13 -7 -6 -14 -11 -19 -16
right_child=2 4 6 8 13 14 12 16 17 27 -12 23 26 19 29 -17 -18 28 -20 -21 -22 -23 -24 -25 -26 -27 -28 -29 -30 -31
leaf_value=-1.532862773922671 0.13881038414659261 -0.44554350196328985 0.57900200399402857 -0.81376250567854935 -0.10612781289245461 0.35981480368858287 0.8670639879111095 -1.0535781877272938 -0.64021624916170816 0.72627614665681373 0.18439129454714395 -0.26450649649894603 0.96594610882059784 0.017204064955901051 0.47124727082910917 -1.251478816241355 -0.90881482280222192 -0.47014311021049837 0.75909629194201733 -0.088913540222845006 -0.72436938588051003 0.041418039388271585 0.50154448147832353 -0.34568663916812498 0.27474291309779747 -0.20246550211173486 1.1624381609492445 0.63595675887320968 -0.57705501530070402 0.38778848136917698
leaf_weight=20643 80060 296160 145096 129725 70093 98259 109684 88505 205440 84262 353786 135154 84732 77895 92134 40386 113081 57896 154357 251345 188292 312503 283971 238911 289703 285001 15712 256244 172384 268586
leaf_count=20643 80060 296160 145096 129725 70093 98259 109684 88505 205440 84262 353786 135154 84732 77895 92134 40386 113081 57896 154357 251345 188292 312503 283971 238911 289703 285001 15712 256244 172384 268586
internal_value=1.67586e-06 -0.470216 0.424044 -0.765868 -0.248383 0.235333 0.672822 -1.05935 -0.663612 0.585542 0.11964 -0.37345 0.857105 -0.125894 0.350665 -1.34666 -0.972372 -0.592653 0.804008 -0.0638093 -0.760834 0.061285 0.527763 -0.316372 0.296305 -0.183458 0.996682 0.658347 -0.550221 0.409129
internal_weight=5e+06 2.37091e+06 2.62909e+06 1.01635e+06 1.35456e+06 1.49503e+06 1.13406e+06 262615 753737 769573 746349 670225 364485 684334 748682 61029 201586 435720 264041 329240 318017 392563 429067 374065 387962 355094 100444 340506 230280 360720
internal_count=5000000 2370911 2629089 1016352 1354559 1495031 1134058 262615 753737 769573 746349 670225 364485 684334 748682 61029 201586 435720 264041 329240 318017 392563 429067 374065 387962 355094 100444 340506 230280 360720
cat_boundaries=0 1 2 3 4 5 6 7 8 9 10
cat_threshold=16320 4032 1984 8160 16352 4032 1984 4032 4032 4032
is_linear=0
shrinkage=0.1


Tree=7
num_leaves=31
num_cat=8
split_feature=0 0 0 0 0 0 0 0 0 0 0 0 0 0 0 21 0 76 76 21 20 76 76 0 0 76 76 20 76 76
split_gain=8.08143e+07 1.20561e+07 1.04111e+07 2.31509e+06 2.11518e+06 1.61238e+06 1.28322e+06 465280 431876 368185 314526 224968 197031 175309 169485 92310.9 82832 79292 63235.6 56101.7 54407.4 54057.5 53494.1 52187.6 51867 46271.7 44425.5 43277.6 42319.7 41975.5
threshold=11.84999990463257 20.650000572204593 3.2500000000000004 -3.8500000238418575 25.750000000000004 16.250000000000004 7.6499998569488534 -0.15000000223517415 -10.15000009536743 28.750000000000004 23.349999427795414 18.750000000000004 14.050000190734865 5.2500000000000009 9.8499999046325701 29.849999427795414 -5.8500001430511466 0 1 27.150000572204593 20.750000000000004 2 3 1.6500000357627871 -1.8499999642372129 4 5 23.650000572204593 6 7
decision_type=2 2 2 2 2 2 2 2 2 2 2 2 2 2 2 10 2 1 1 8 8 1 1 2 2 1 1 8 1 1
left_child=2 5 3 8 10 12 13 18 -1 19 20 22 21 29 -8 -11 -10 -9 -5 -6 -3 -2 -7 -19 -20 -15 -16 -12 -14 -4
right_child=1 4 6 7 9 11 14 17 16 15 27 -13 28 25 26 -17 -18 23 24 -21 -22 -23 -24 -25 -26 -27 -28 -29 -30 -31
leaf_value=-1.282685275819663 0.042766356585679503 0.37897645493105148 -0.3380341235503454 -0.60974898664422283 0.63419465568202527 0.24900804538663568 -0.21095868237038157 -0.48216480877761747 -0.99069476800157619 0.78593169559548182 0.5073644232187553 0.31579930508039883 0.13803618803676862 -0.23524819545264372 -0.054939166417707214 0.9275850096357523 -0.852582459150662 -0.61619510378790521 -0.78025760947201783 0.72357829387893768 0.4479595215847379 -0.040942359742433349 0.1773696258401492 -0.5342810169750094 -0.69095861335186548 -0.33462112461182547 -0.13548302284656685 0.57578330590363602 0.067712875416251248 -0.44472332759930633
leaf_weight=40973 120894 187608 44764 52807 198523 177971 324295 121568 86999 115505 174621 340212 144518 56431 107268 76456 86699 165659 117003 108651 292732 213150 252529 146610 146461 283218 189611 196469 210006 219789
leaf_count=40973 120894 187608 44764 52807 198523 177971 324295 121568 86999 115505 174621 340212 144518 56431 107268 76456 86699 165659 117003 108651 292732 213150 252529 146610 146461 283218 189611 196469 210006 219789
internal_value=2.24805e-06 0.354943 -0.455366 -0.701082 0.570257 0.155669 -0.261906 -0.618212 -0.990646 0.733706 0.474438 0.255024 0.0444607 -0.365667 -0.160981 0.842351 -0.921758 -0.550967 -0.710454 0.665811 0.421017 -0.0106472 0.206995 -0.577718 -0.730588 -0.318128 -0.106387 0.543588 0.0963852 -0.4267
internal_weight=5e+06 2.80984e+06 2.19016e+06 964779 1.35056e+06 1.45928e+06 1.22538e+06 750108 214671 499135 851430 770712 688568 604202 621174 191961 173698 433837 316271 307174 480340 334044 430500 312269 263464 339649 296879 371090 354524 264553
internal_count=5000000 2809845 2190155 964779 1350565 1459280 1225376 750108 214671 499135 851430 770712 688568 604202 621174 191961 173698 433837 316271 307174 480340 334044 430500 312269 263464 339649 296879 371090 354524 264553
cat_boundaries=0 1 2 3 4 5 6 7 8
cat_threshold=8128 1920 16352 16368 1920 16352 16368 1920
is_linear=0
shrinkage=0.1


Tree=8
num_leaves=31
num_cat=10
split_feature=0 0 0 0 0 0 0 0 0 0 0 0 0 0 0 22 76 76 76 20 0 76 76 76 76 76 76 0 76 0
split_gain=6.54792e+07 1.00707e+07 8.18824e+06 1.90821e+06 1.56814e+06 1.34776e+06 1.19932e+06 388333 316976 270241 226246 219636 182760 141133 124625 91674.6 56016.2 52188.6 50709.7 49850.3 45209.5 45149 44633.1 43257.8 43169 42313.8 41883.4 39057.3 38014.1 37942.7
threshold=11.650000095367433 20.250000000000004 2.2500000000000004 25.150000572204593 -4.7499999999999991 6.6499998569488534 15.750000000000002 28.349999427795414 -0.84999999403953541 -10.15000009536743 22.250000000000004 9.0500001907348651 17.94999980926514 4.2500000000000009 13.550000190734865 30.250000000000004 0 1 2 22.550000190734867 -7.5499999523162833 3 4 5 6 7 8 -12.849999904632567 9 -2.7499999999999996
decision_type=2 2 2 2 2 2 2 2 2 2 2 2 2 2 2 8 1 1 1 8 2 1 1 1 1 1 1 2 1 2
left_child=2 6 4 10 9 13 14 17 18 27 -3 26 23 28 25 -9 -10 -5 -6 -12 -11 -13 -14 -8 -15 -2 -7 -1 -4 -20
right_child=1 3 5 7 8 11 12 15 16 20 19 21 22 24 -16 -17 -18 -19 29 -21 -22 -23 -24 -25 -26 -27 -28 -29 -30 -31
leaf_value=-1.2513080011868278 0.05297693608852394 0.34727021189985141 -0.34319109795736397 0.64440472821443451 -0.5840080324948238 -0.14802040206516748 0.22546954369130573 0.69776577683961971 -0.44662271512808394 -0.94691650453639031 0.4143560375820986 -0.07623447631176565 0.20530266438165504 -0.28099317554120867 0.065035523701059902 0.83112860695217516 -0.54874445114303827 0.55628235818679428 -0.7422291922751485 0.47966305197513448 -0.81959269254063993 -0.14598423669957389 0.27777784462922805 0.14185061275593611 -0.35659814008482521 -0.043151465127788807 -0.24232055855267653 -1.0560337477438684 -0.44557674111029721 -0.65877738445175593
leaf_weight=20643 57186 360764 44132 91005 55048 56248 78345 140804 65388 40708 202161 156039 121388 118345 348089 81309 318385 269957 90404 277079 88550 229314 285979 295634 211594 229659 293749 20330 214648 137116
leaf_count=20643 57186 360764 44132 91005 55048 56248 78345 140804 65388 40708 202161 156039 121388 118345 348089 81309 318385 269957 90404 277079 88550 229314 285979 295634 211594 229659 293749 20330 214648 137116
internal_value=1.62302e-06 0.315682 -0.414843 0.503562 -0.659754 -0.260104 0.1269 0.64255 -0.590553 -0.930629 0.407086 -0.169831 0.209854 -0.372861 0.0248178 0.746586 -0.531371 0.578533 -0.670931 0.452114 -0.859692 -0.117747 0.256193 0.159378 -0.329499 -0.0239868 -0.227177 -1.15442 -0.428147 -0.691906
internal_weight=5e+06 2.83936e+06 2.16064e+06 1.42308e+06 836572 1.32407e+06 1.41628e+06 583075 666341 170231 840004 735350 781346 588719 634934 222113 383773 360962 282568 479240 129258 385353 407367 373979 329939 286845 349997 40973 258780 227520
internal_count=5000000 2839359 2160641 1423079 836572 1324069 1416280 583075 666341 170231 840004 735350 781346 588719 634934 222113 383773 360962 282568 479240 129258 385353 407367 373979 329939 286845 349997 40973 258780 227520
cat_boundaries=0 1 2 3 4 5 6 7 8 9 10
cat_threshold=1920 4032 3968 16368 4161536 1984 16352 1984 1920 1920
is_linear=0
shrinkage=0.1


Tree=9
num_leaves=31
num_cat=11
split_feature=0 0 0 0 0 0 0 0 0 0 0 0 0 0 0 0 76 76 0 76 76 76 0 76 76 76 76 0 76 76
split_gain=5.30654e+07 8.0406e+06 6.81603e+06 1.74785e+06 1.08781e+06 1.04582e+06 917868 386744 305495 197008 167442 149803 145625 128056 89776.2 86835 51540.9 50352.2 47524.7 47498.4 44298.4 43332.9 39621.3 39082.2 38005.4 37802.2 36735 36167.5 36128.8 35859.7
threshold=12.84999990463257 4.0499999523162851 21.550000190734867 -2.7499999999999996 26.349999427795414 17.150000572204593 8.8499999046325701 -7.5499999523162833 1.0500000119209292 29.750000000000004 23.750000000000004 19.250000000000004 6.2500000000000009 14.949999809265138 -12.849999904632567 10.449999809265138 0 1 32.350000381469734 2 3 4 -0.65000000596046437 5 6 7 8 -4.7499999999999991 9 10
decision_type=2 2 2 2 2 2 2 2 2 2 2 2 2 2 2 2 1 1 2 1 1 1 2 1 1 1 1 2 1 1
left_child=1 3 5 7 10 13 12 14 16 19 25 -7 -3 29 -1 -8 -5 -10 -11 -6 -13 -17 -18 -9 -14 -4 -12 -25 -15 -2
right_child=2 6 4 8 9 11 15 23 17 18 26 20 24 28 -16 21 22 -19 -20 -21 -22 -23 -24 27 -26 -27 -28 -29 -30 -31
leaf_value=-1.1261771839336359 -0.025432030005223535 -0.30906445564843676 0.41976573383006799 -0.47161337321278679 0.62466198267306794 0.19448029381617085 -0.13382278223257796 -0.60583039938543171 -0.35056173635770116 0.67888318906175504 0.49929222783322236 0.32405624309669812 -0.17720336486073063 0.063751155873310594 -0.88493426665440811 0.014344650958079722 -0.59262122519493621 -0.43145843963741637 0.81628150716419623 0.53847361212255274 0.25655302213008729 -0.072976351585994789 -0.51989071218150407 -0.76665501581458595 -0.24192327749380485 0.34774658972815736 0.43503774966572784 -0.66954158001848729 0.13294226539322704 0.047683267590578692
leaf_weight=20643 94578 299454 98647 101636 96845 366701 236265 45889 107655 95804 146038 157505 153106 106723 61038 70795 142780 275986 34147 195848 256342 288141 157556 68310 224037 286688 234508 87437 258223 230675
leaf_count=20643 94578 299454 98647 101636 96845 366701 236265 45889 107655 95804 146038 157505 153106 106723 61038 70795 142780 275986 34147 195848 256342 288141 157556 68310 224037 286688 234508 87437 258223 230675
internal_value=1.14941e-06 -0.347236 0.305644 -0.5494 0.483738 0.161725 -0.17732 -0.762334 -0.472609 0.612523 0.41267 0.24102 -0.257 0.0720498 -0.945903 -0.0867441 -0.53353 -0.408778 0.714987 0.567031 0.282258 -0.0557552 -0.554448 -0.687972 -0.215661 0.366204 0.459721 -0.712089 0.112714 0.0264233
internal_weight=5e+06 2.34073e+06 2.65927e+06 1.06893e+06 1.18852e+06 1.47075e+06 1.2718e+06 283317 785613 422644 765881 780548 676597 690199 81681 595201 401972 383641 129951 292693 413847 358936 300336 201636 377143 385335 380546 155747 364946 325253
internal_count=5000000 2340728 2659272 1068930 1188525 1470747 1271798 283317 785613 422644 765881 780548 676597 690199 81681 595201 401972 383641 129951 292693 413847 358936 300336 201636 377143 385335 380546 155747 364946 325253
cat_boundaries=0 1 2 3 4 5 6 7 8 9 10 11
cat_threshold=4032 8128 8128 16352 1984 8064 16368 4032 16352 4161536 4161536
is_linear=0
shrinkage=0.1


Tree=10
num_leaves=31
num_cat=11
split_feature=0 0 0 0 0 0 0 0 0 0 0 0 0 0 0 21 76 0 76 76 76 76 76 76 3 0 76 76 76 76
split_gain=4.3008e+07 6.62388e+06 5.39405e+06 1.04595e+06 1.02292e+06 990447 934375 210295 188342 160128 153181 149153 129509 121030 108547 46282 45119.1 43550.3 42963.1 39792.1 39530.6 37954 37563.4 36803 39959.9 34866.7 34074.4 33510.2 32663.6 32407.9
threshold=11.650000095367433 21.050000190734867 2.0499999523162846 16.650000572204593 25.94999980926514 -4.2499999999999991 7.0499999523162851 -10.15000009536743 29.550000190734867 -1.2499999999999998 14.449999809265138 23.44999980926514 4.8500001430511483 18.849999427795414 9.4499998092651385 27.650000572204593 0 33.45000076293946 1 2 3 4 5 6 -13.050000190734862 -7.5499999523162833 7 8 9 10
decision_type=2 2 2 2 2 2 2 2 2 2 2 2 2 2 2 8 1 2 1 1 1 1 1 1 8 2 1 1 1 1
left_child=2 3 5 10 11 7 12 23 15 -7 16 21 20 26 27 -6 -2 -10 -11 -9 -4 -3 -15 -1 -25 -21 -5 -8 -13 -16
right_child=1 4 6 13 8 9 14 19 17 18 -12 28 -14 22 29 -17 -18 -19 -20 25 -22 -23 -24 24 -26 -27 -28 -29 -30 -31
leaf_value=-0.69827952450754449 0.035042538840768231 0.26541212459312136 -0.29352666003563821 0.10827916579429885 0.47375333649581891 -0.54699294871711845 -0.2127747878953247 -0.58810425140533407 0.61845524683686715 -0.36756784859835173 0.084396081270207868 0.35383850116611792 -0.24947703449037006 0.29836256135828926 -0.13797631990233444 0.55294330983371687 -0.031189988230018301 0.79506679670769032 -0.45530971800557468 -0.8012158038455125 -0.36236771314379007 0.3333181937902796 0.22273295475039998 -1.1317315994369326 -0.90387128296088692 -0.67842736576246243 0.17713558999003853 -0.14742557474960605 0.4197123518919087 -0.068998604208139344
leaf_weight=5762 173148 112493 130931 96246 221060 217977 118677 34814 125368 67825 358330 104978 306815 83575 96830 110791 253314 15712 331425 31550 233492 312731 310820 11364 23847 86609 285339 232732 275454 229991
leaf_count=5762 173148 112493 130931 96246 221060 217977 118677 34814 125368 67825 358330 104978 306815 83575 96830 110791 253314 15712 331425 31550 233492 312731 310820 11364 23847 86609 285339 232732 275454 229991
internal_value=1.2997e-06 0.255843 -0.336207 0.1176 0.424595 -0.540001 -0.213705 -0.737125 0.541338 -0.47806 0.0361986 0.356066 -0.297348 0.199926 -0.130925 0.500192 -0.0042988 0.638124 -0.440425 -0.683234 -0.337652 0.315368 0.238773 -0.938327 -0.977133 -0.711153 0.159776 -0.169505 0.401555 -0.0894415
internal_weight=5e+06 2.83936e+06 2.16064e+06 1.56077e+06 1.27859e+06 811173 1.34947e+06 193946 472931 617227 784792 805656 671238 775980 678230 331851 426462 141080 399250 152973 364423 425224 394395 40973 35211 118159 381585 351409 380432 326821
internal_count=5000000 2839359 2160641 1560772 1278587 811173 1349468 193946 472931 617227 784792 805656 671238 775980 678230 331851 426462 141080 399250 152973 364423 425224 394395 40973 35211 118159 381585 351409 380432 326821
cat_boundaries=0 1 2 3 4 5 6 7 8 9 10 11
cat_threshold=16368 1920 8064 16352 2064384 1984 16128 2064384 8355840 2064384 4161536
is_linear=0
shrinkage=0.1


Tree=11
num_leaves=31
num_cat=10
split_feature=0 0 0 0 0 0 0 0 0 0 0 22 0 0 21 76 0 76 76 76 76 76 76 76 76 0 1 0 76 0
split_gain=3.48761e+07 5.60871e+06 4.20931e+06 1.11909e+06 721920 666823 651709 240127 211392 131476 96579.2 93804.5 87777.1 83374.8 82804.3 41833.8 40648.7 34739.1 34488.9 34196 33490.6 31982.6 31111.9 30565.3 30527 30491.4 29429.6 29294 27701.3 27650.9
threshold=13.250000000000002 3.8500000238418584 21.94999980926514 -3.4500000476837154 8.6500000953674334 17.750000000000004 27.250000000000004 0.25000000745058065 -8.6500000953674299 24.650000572204593 6.2500000000000009 29.44999980926514 15.650000095367433 11.050000190734865 18.94999980926514 0 -12.849999904632567 1 2 3 4 5 6 7 8 19.94999980926514 5.4500000476837167 32.350000381469734 9 1.6500000357627871
decision_type=2 2 2 2 2 2 2 2 2 2 2 8 2 2 8 1 2 1 1 1 1 1 1 1 1 2 8 2 1 2
left_child=1 3 5 8 10 12 9 18 16 17 20 -8 19 24 -7 -9 -1 -4 -5 -2 -3 -15 -14 -10 -6 -16 -12 -13 -11 -17
right_child=2 4 6 7 13 14 11 15 23 28 26 27 22 21 25 29 -18 -19 -20 -21 -22 -23 -24 -25 -26 -27 -28 -29 -30 -31
leaf_value=-0.91445527993763764 0.10146251906641889 -0.18197446622290725 0.37141115141761305 -0.4048404265238425 -0.033761224312034453 0.1704076386451977 0.47925821967512072 -0.27945858125297546 -0.50115423052015151 0.35831409253991797 -0.069940339973254009 0.56369653707001255 0.16887206610835218 -0.076253963533679484 0.20591882135446463 -0.39314565079256653 -0.74195498027927087 0.30305124808279038 -0.47604453325268747 0.026879220071236165 -0.26794625030964764 -0.010350673690162373 0.09611560223216073 -0.6056144221887233 -0.11479343615501542 0.25967578455771734 -0.18559769170731458 0.68089022162056734 0.41969159693341224 -0.33805520786401655
leaf_weight=20643 77268 54648 94081 95342 55040 311435 202642 79158 35947 111054 23604 91263 74397 110808 177534 149400 40386 364091 247659 300738 271040 219513 280792 140655 300335 260095 323911 27834 225181 233506
leaf_count=20643 77268 54648 94081 95342 55040 311435 202642 79158 35947 111054 23604 91263 74397 110808 177534 149400 40386 364091 247659 300738 271040 219513 280792 140655 300335 260095 323911 27834 225181 233506
internal_value=9.39852e-07 -0.274714 0.253908 -0.449174 -0.140849 0.143462 0.400583 -0.39289 -0.639859 0.351953 -0.21441 0.520653 0.075668 -0.0686291 0.20982 -0.345835 -0.800303 0.317103 -0.456278 0.0421281 -0.253535 -0.0324609 0.111362 -0.584414 -0.102247 0.237868 -0.177742 0.591086 0.399443 -0.359541
internal_weight=5e+06 2.4016e+06 2.5984e+06 1.0427e+06 1.3589e+06 1.48226e+06 1.11615e+06 805065 237631 794407 673203 321739 733195 685696 749064 462064 61029 458172 343001 378006 325688 330321 355189 176602 355375 437629 347515 119097 336235 382906
internal_count=5000000 2401595 2598405 1042696 1358899 1482259 1116146 805065 237631 794407 673203 321739 733195 685696 749064 462064 61029 458172 343001 378006 325688 330321 355189 176602 355375 437629 347515 119097 336235 382906
cat_boundaries=0 1 2 3 4 5 6 7 8 9 10
cat_threshold=1920 1984 8128 1984 1920 8355840 1984 3968 1920 4161536
is_linear=0
shrinkage=0.1


Tree=12
num_leaves=31
num_cat=10
split_feature=0 0 0 0 0 0 0 0 0 0 0 0 0 0 21 0 76 76 76 76 76 76 76 76 3 1 76 1 76 2
split_gain=2.82556e+07 4.15976e+06 3.75238e+06 817151 633801 599412 559186 173258 154438 145677 99412.5 79676.5 76409.4 73416 62476.7 35863.4 34745.6 33989.3 31943.7 31833.2 30711.3 30076.1 29674.9 29492.6 29358.8 28424.5 28211.8 27150.9 26495.8 26040.7
threshold=12.650000095367433 3.2500000000000004 21.750000000000004 -3.8500000238418575 17.050000190734867 8.0500001907348651 27.750000000000004 1.0000000180025095e-35 -10.15000009536743 24.849999427795414 19.349999427795414 5.6499998569488534 10.050000190734865 14.650000095367433 30.44999980926514 -5.8500001430511466 0 1 2 3 4 5 6 7 -13.050000190734862 7.2500000000000009 8 4.8500001430511483 9 11.050000190734865
decision_type=2 2 2 2 2 2 2 2 2 2 2 2 2 2 10 2 1 1 1 1 1 1 1 1 8 8 1 8 1 8
left_child=1 3 4 8 13 11 9 21 19 16 23 28 25 29 -8 -10 -4 -12 -9 -1 -14 -5 -15 -6 -21 -7 -11 -13 -3 -2
right_child=2 5 6 7 10 12 14 18 15 26 17 27 20 22 -16 -17 -18 -19 -20 24 -22 -23 -24 -25 -26 -27 -28 -29 -30 -31
leaf_value=-0.59495812170075479 0.09925839649017483 -0.20793011361843794 0.24574299311051218 -0.35164925918342749 0.19367240248298587 -0.0085359637504011446 0.45296187355362244 -0.28412528971022921 -0.59115321733824022 0.42483582194908059 0.16267544524293631 -0.072401878347148577 -0.0965396308383204 0.029034792452992283 0.56132372014196563 -0.50027514665521122 0.30163101857741975 0.22683996967265455 -0.34266854516448098 -0.95506455160921355 -0.031639075986763632 -0.43140322411213455 0.092448826800711092 0.12718990814647524 -0.7461885333747541 -0.12449084599009322 0.3534265223734751 -0.18467924274138092 -0.26806511688084406 0.0019291174354818504
leaf_weight=9231 30510 114798 161409 57446 84650 22923 201273 146600 86999 69492 111527 23092 97351 98246 72326 86699 363255 320932 260448 9683 290520 285614 296861 317014 22059 271865 284437 319991 205086 277663
leaf_count=9231 30510 114798 161409 57446 84650 22923 201273 146600 86999 69492 111527 23092 97351 98246 72326 86699 363255 320932 260448 9683 290520 285614 296861 317014 22059 271865 284437 319991 205086 277663
internal_value=6.24736e-07 -0.256487 0.220328 -0.414954 0.118074 -0.142871 0.356768 -0.36572 -0.586987 0.317892 0.177031 -0.210597 -0.077098 0.048149 0.481607 -0.545793 0.284448 0.210302 -0.321599 -0.761625 -0.0479316 -0.418071 0.0766836 0.141209 -0.809652 -0.115474 0.367469 -0.177122 -0.246499 0.011565
internal_weight=5e+06 2.3104e+06 2.6896e+06 964779 1.5374e+06 1.34563e+06 1.15219e+06 750108 214671 878593 834123 662967 682659 703280 273599 173698 524664 432459 407048 40973 387871 343060 395107 401664 31742 294788 353929 343083 319884 308173
internal_count=5000000 2310405 2689595 964779 1537403 1345626 1152192 750108 214671 878593 834123 662967 682659 703280 273599 173698 524664 432459 407048 40973 387871 343060 395107 401664 31742 294788 353929 343083 319884 308173
cat_boundaries=0 1 2 3 4 5 6 7 8 9 10
cat_threshold=4161536 2064384 16352 32640 2064384 1920 2064384 1984 1984 16352
is_linear=0
shrinkage=0.1


Tree=13
num_leaves=31
num_cat=8
split_feature=0 0 0 0 0 0 0 0 0 0 21 0 20 0 21 76 1 2 76 0 1 76 2 0 76 76 76 76 20 76
split_gain=2.29046e+07 3.69137e+06 2.77003e+06 785201 452722 445165 417120 198230 109191 98700.2 69380.6 63631.7 60698 55470.9 51832.4 39784 45032.8 31649.3 28003.2 27941.2 27466.7 26561 25678.1 26171.4 25504.9 25308.7 24967.4 24342.7 23897.7 23825.9
threshold=13.250000000000002 4.0499999523162851 22.050000190734867 -2.1499999761581416 17.849999427795414 8.8499999046325701 27.750000000000004 -7.5499999523162833 1.2500000000000002 24.94999980926514 15.34999990463257 6.6499998569488534 17.750000000000004 30.750000000000004 11.84999990463257 0 -12.849999904632567 8.2500000000000018 1 20.050000190734867 3.2500000000000004 2 12.449999809265138 15.84999990463257 3 4 5 6 25.349999427795414 7
decision_type=2 2 2 2 2 2 2 2 2 2 8 2 8 2 8 1 8 8 1 2 8 1 8 2 1 1 1 1 8 1
left_child=1 3 4 7 10 11 9 15 27 18 26 20 -6 24 29 -1 -17 -16 -4 -14 -3 -9 -12 -24 -8 -10 -2 -5 -11 -7
right_child=2 5 6 8 12 14 13 21 25 28 22 -13 19 -15 17 16 -18 -19 -20 -21 -22 -23 23 -25 -26 -27 -28 -29 -30 -31
leaf_value=-0.49559871847732656 -0.0078050808186938105 -0.086744792969691509 0.30948049266350353 -0.27776600604214585 0.12844095521591134 -0.12789933455082372 0.36073262455934202 -0.39279626208588864 -0.20534159713230299 0.30650820303647092 0.17153220213888587 -0.13615528914424166 0.16521228675597502 0.50155450894704912 0.074160552967497059 -0.82003316392007553 -0.61738401909668528 -0.031834206762151478 0.24982799135029243 0.21146709695400645 -0.20453122544593338 -0.46572009205516934 0.049933227711933328 0.10577344182335768 0.43525622337264747 -0.2762396402125416 0.04878669982102396 -0.35126081541692827 0.35964401574501736 -0.064413276751465881
leaf_weight=18823 113352 21040 99432 52813 221431 72905 80779 71007 61010 173858 36712 320236 235990 83213 31951 14152 48706 238085 386230 292423 335321 177097 139083 211672 109607 297264 249682 328058 164941 313127
leaf_count=18823 113352 21040 99432 52813 221431 72905 80779 71007 61010 173858 36712 320236 235990 83213 31951 14152 48706 238085 386230 292423 335321 177097 139083 211672 109607 297264 249682 328058 164941 313127
internal_value=4.71474e-07 -0.222628 0.205766 -0.361058 0.117437 -0.111593 0.326456 -0.489369 -0.303809 0.290951 0.0625293 -0.168506 0.172392 0.433447 -0.0528996 -0.624491 -0.662903 -0.0192928 0.262052 0.19081 -0.197577 -0.444884 0.0919599 0.0836314 0.403678 -0.26418 0.0311179 -0.341086 0.332377 -0.0764081
internal_weight=5e+06 2.4016e+06 2.5984e+06 1.06893e+06 1.50034e+06 1.33266e+06 1.09806e+06 329785 739145 824461 750501 676597 749844 273599 656068 81681 62858 270036 485662 528413 356361 248104 387467 350755 190386 358274 363034 380871 338799 386032
internal_count=5000000 2401595 2598405 1068930 1500345 1332665 1098060 329785 739145 824461 750501 676597 749844 273599 656068 81681 62858 270036 485662 528413 356361 248104 387467 350755 190386 358274 363034 380871 338799 386032
cat_boundaries=0 1 2 3 4 5 6 7 8
cat_threshold=16256 1984 8128 16744448 1920 1015872 896 458816
is_linear=0
shrinkage=0.1


Tree=14
num_leaves=31
num_cat=6
split_feature=0 0 0 0 0 0 0 22 0 0 0 0 21 21 76 0 76 0 2 2 1 76 0 20 2 0 76 3 76 76
split_gain=1.86111e+07 2.95592e+06 2.2649e+06 566131 430178 389404 342317 113566 93501.2 86924.4 67861.5 65994.4 53323.9 49064.9 40167.9 31474.8 28908.7 28272.4 26379.8 24919 24645.9 22691.8 22648 21866.3 21697.1 23584.5 21375.8 21398.9 20964.9 20842.1
threshold=11.449999809265138 20.150000572204593 1.8499999642372134 25.44999980926514 -5.2499999999999991 7.2500000000000009 15.84999990463257 28.650000572204593 -1.4499999880790708 23.050000190734867 4.8500001430511483 -10.15000009536743 17.150000572204593 14.150000095367433 0 32.049999237060554 1 9.8499999046325701 10.650000095367433 0.65000000596046459 4.0499999523162851 2 27.94999980926514 5.6499998569488534 14.84999990463257 18.349999427795414 3 -13.050000190734862 4 5
decision_type=2 2 2 2 2 2 2 8 2 2 2 2 8 8 1 2 1 2 8 8 8 1 2 10 8 2 1 8 1 1
left_child=2 6 4 9 11 10 13 22 -6 16 19 26 21 28 -7 -9 -3 -16 -15 -4 -12 -8 -5 -10 -14 -26 -1 -28 -2 -11
right_child=1 3 5 7 8 14 12 15 23 29 20 -13 24 18 17 -17 -18 -19 -20 -21 -22 -23 -24 -25 25 -27 27 -29 -30 -31
leaf_value=-0.43536184887112478 -0.046999355643359254 0.14073593737368537 -0.12752215061086231 0.29889993667028542 -0.37166869934791064 -0.035609037975788668 0.034382839332908859 0.39273015998241656 -0.30288955949646901 0.20553355991506508 -0.059234036580669162 -0.470534112716821 0.20628464735713128 0.12967081741783362 -0.11836568282226166 0.49801080077678783 0.20297967761020386 -0.069316440420609512 0.033046316451179905 -0.22985112206773817 -0.1689807210919721 0.095648137385082044 0.35230336057447054 -0.23790709903937515 0.099336186185376596 0.14850911024585331 -0.76130523860637433 -0.59494223065332241 0.004412475666278004 0.26607869966530634
leaf_weight=5640 112863 90628 25462 245524 242806 122927 81907 141962 332394 70062 21888 108561 37688 31556 305093 35497 428304 191140 270117 364062 314229 231246 117378 61338 174131 221750 11428 23905 266800 311714
leaf_count=5640 112863 90628 25462 245524 242806 122927 81907 141962 332394 70062 21888 108561 37688 31556 305093 35497 428304 191140 270117 364062 314229 231246 117378 61338 174131 221750 11428 23905 266800 311714
internal_value=1.72644e-07 0.166267 -0.223871 0.267309 -0.358718 -0.145049 0.0643043 0.348231 -0.322863 0.218762 -0.194755 -0.511347 0.111072 0.0130488 -0.086794 0.413789 0.192116 -0.0994708 0.0431536 -0.223162 -0.161834 0.079628 0.316173 -0.292766 0.133782 0.12688 -0.619483 -0.648567 -0.0108719 0.25498
internal_weight=5e+06 2.86913e+06 2.13087e+06 1.44107e+06 786072 1.3448e+06 1.42806e+06 540361 636538 900708 725641 149534 746722 681336 619160 177459 518932 496233 301673 389524 336117 313153 362902 393732 433569 395881 40973 35333 379663 381776
internal_count=5000000 2869127 2130873 1441069 786072 1344801 1428058 540361 636538 900708 725641 149534 746722 681336 619160 177459 518932 496233 301673 389524 336117 313153 362902 393732 433569 395881 40973 35333 379663 381776
cat_boundaries=0 1 2 3 4 5 6
cat_threshold=1984 983040 983040 7936 1015872 983040
is_linear=0
shrinkage=0.1


Tree=15
num_leaves=31
num_cat=7
split_feature=0 0 0 0 0 0 0 0 0 0 21 0 21 0 20 76 2 0 1 76 0 2 76 1 21 76 76 76 1 76
split_gain=1.50819e+07 2.19377e+06 2.02273e+06 403560 347637 345626 308297 93516.4 74745.4 62708.7 60616.3 50508 48004.4 46460.1 43975.9 26600.7 23247.5 23052.6 23020.2 22934.6 22648.2 22624.5 22454.4 22449.9 22355.6 21325 21033.3 19966.1 19243.5 19033.6
threshold=12.050000190734865 21.250000000000004 2.6499999761581425 -4.7499999999999991 16.750000000000004 26.750000000000004 7.2500000000000009 -0.25000000745058054 23.650000572204593 -10.15000009536743 29.050000190734867 14.449999809265138 18.150000572204593 10.050000190734865 9.0500001907348651 0 2.4500000476837163 34.049999237060554 9.2500000000000018 1 5.2500000000000009 13.449999809265138 2 11.250000000000002 24.550000190734867 3 4 5 6.4500000476837167 6
decision_type=2 2 2 2 2 2 2 2 2 2 10 2 8 2 10 1 8 2 8 1 2 8 1 8 8 1 1 1 8 1
left_child=2 4 3 9 11 8 14 19 26 -1 -7 23 25 15 20 -8 -16 -12 -15 -5 -4 -13 -11 -2 -10 -6 -3 -14 -17 -9
right_child=1 5 6 7 12 10 13 29 24 22 17 21 27 18 16 28 -18 -19 -20 -21 -22 -23 -24 -25 -26 -27 -28 -29 -30 -31
leaf_value=-0.55754548967329176 0.0904644382599748 0.21741797669968654 -0.19996825720705302 -0.27424809399566991 0.050316799446815434 0.3048886521516383 -0.13692768671321973 -0.20675598757384842 0.22598617167997082 -0.33303248814826092 0.37845559820193603 0.11793747438225198 0.18476076028317537 0.053191472267285045 -0.0058931148343112257 0.0063164754650456628 -0.13288889342962548 0.552566744556097 -0.049389648242967765 -0.33158146907867758 -0.15617291896905725 0.042805596268403079 -0.43689173135163639 -0.0069649276680802926 0.27087115922014821 0.10759238507714271 0.17149507829406285 0.13201001748476987 -0.085707594138236018 -0.25753345475405437
leaf_weight=40973 25408 162715 284838 97725 88448 245655 103544 103218 226908 26607 121987 45628 89131 23778 16357 24711 121373 8110 273536 251408 201693 329640 102651 341847 217164 245919 259919 371673 282566 264870
leaf_count=40973 25408 162715 284838 97725 88448 245655 103544 103218 226908 26607 121987 45628 89131 23778 16357 24711 121373 8110 273536 251408 201693 329640 102651 341847 217164 245919 259919 371673 282566 264870
internal_value=2.41557e-07 0.155192 -0.194364 -0.311327 0.0753439 0.254015 -0.116459 -0.278474 0.219287 -0.449744 0.334118 0.0261396 0.12129 -0.0712949 -0.167691 -0.0930852 -0.117807 0.389309 -0.0411856 -0.315551 -0.181813 0.0519407 -0.415572 -0.000224419 0.247936 0.0924464 0.189185 0.14222 -0.0783045 -0.243307
internal_weight=5e+06 2.78015e+06 2.21985e+06 887452 1.53769e+06 1.24246e+06 1.3324e+06 717221 866706 170231 375752 742523 795171 708135 624261 410821 137730 130097 297314 349133 486531 375268 129258 367255 444072 334367 422634 460804 307277 368088
internal_count=5000000 2780152 2219848 887452 1537694 1242458 1332396 717221 866706 170231 375752 742523 795171 708135 624261 410821 137730 130097 297314 349133 486531 375268 129258 367255 444072 334367 422634 460804 307277 368088
cat_boundaries=0 1 2 3 4 5 6 7
cat_threshold=2064384 8128 3968 983040 16352 896 8128
is_linear=0
shrinkage=0.1


Tree=16
num_leaves=31
num_cat=10
split_feature=0 0 0 0 0 0 0 0 0 21 20 20 76 20 76 76 2 76 2 0 2 2 76 76 2 76 76 0 76 76
split_gain=1.22295e+07 1.99642e+06 1.45488e+06 444203 246826 226119 222373 100656 69815.4 59971.8 47526.8 41946.3 37877.2 34140.7 33309.4 27744.5 27682.1 23430.6 22945.6 22113.7 20568.6 20487.4 20354.3 20218.2 19584.8 17733.4 17701 17673.8 17635.2 17148.4
threshold=13.34999990463257 4.2500000000000009 22.150000572204593 -2.4500000476837154 18.349999427795414 9.0500001907348651 27.94999980926514 -7.5499999523162833 1.2500000000000002 24.150000572204593 15.050000190734865 10.650000095367433 0 15.650000095367433 1 2 -12.849999904632567 3 4.0499999523162851 32.049999237060554 8.8499999046325701 -1.0000000180025095e-35 4 5 12.84999990463257 6 7 16.349999427795414 8 9
decision_type=2 2 2 2 2 2 2 2 2 8 8 8 1 8 1 1 8 1 8 2 8 8 1 1 8 1 1 2 1 1
left_child=1 3 4 7 10 11 9 15 26 22 25 17 19 23 -6 -1 -17 -3 -13 -8 -15 -10 -4 -7 -12 -2 -5 -26 -16 -9
right_child=2 5 6 8 14 13 12 29 21 -11 24 18 -14 20 28 16 -18 -19 -20 -21 -22 -23 -24 -25 27 -27 -28 -29 -30 -31
leaf_value=-0.35148404699370572 -0.022184690237625496 -0.16330871004327277 0.15145168728449121 -0.19853796635993126 0.17488650027302707 -0.079209449277841279 0.33148437498176764 -0.26835359830083377 -0.095614104625337135 0.24152783559340985 0.13340183818345294 0.033458555165434251 0.26798098197815379 0.11568908512372274 0.086342786755055079 -0.62508295525113367 -0.45813530737018893 -0.11802392492674695 -0.086639284011905127 0.42363756189540203 -0.003980053162960546 -0.19693438506684879 0.20127281564508173 -0.035064779036934404 0.042020915229769716 0.034126469743308574 -0.25926797393522011 0.08310708027447529 0.13028189687925681 -0.34191111955357623
leaf_weight=18823 69752 166289 113467 56102 144075 141036 135515 38807 21116 411664 46182 18153 88111 17058 116986 12364 50494 366830 128664 32234 90904 363580 299362 392666 188634 282023 348770 235294 419749 185296
leaf_count=18823 69752 166289 113467 56102 144075 141036 135515 38807 21116 411664 46182 18153 88111 17058 116986 12364 50494 366830 128664 32234 90904 363580 299362 392666 188634 282023 348770 235294 419749 185296
internal_value=-5.1398e-09 -0.161678 0.151282 -0.261509 0.0876468 -0.0789374 0.239793 -0.363838 -0.221879 0.21452 0.0507602 -0.11912 0.321236 -0.036358 0.132177 -0.458872 -0.490895 -0.132154 -0.0717899 0.349171 0.0149277 -0.191373 0.187588 -0.0467326 0.0715618 0.0229611 -0.250864 0.0648251 0.120707 -0.329201
internal_weight=5e+06 2.41695e+06 2.58305e+06 1.09535e+06 1.5027e+06 1.3216e+06 1.08035e+06 305784 789568 824493 821885 679936 255860 641664 680810 81681 62858 533119 146817 167749 107962 384696 412829 533702 470110 351775 404872 423928 536735 224103
internal_count=5000000 2416952 2583048 1095352 1502695 1321600 1080353 305784 789568 824493 821885 679936 255860 641664 680810 81681 62858 533119 146817 167749 107962 384696 412829 533702 470110 351775 404872 423928 536735 224103
cat_boundaries=0 1 2 3 4 5 6 7 8 9 10
cat_threshold=65408 1984 16256 2064448 983040 1015872 458752 896 983040 1920
is_linear=0
shrinkage=0.1


Tree=17
num_leaves=31
num_cat=8
split_feature=0 0 0 0 0 0 0 21 0 21 20 20 20 0 76 2 0 2 76 76 2 0 76 76 80 20 0 76 76 76
split_gain=9.93347e+06 1.59368e+06 1.20843e+06 316277 227283 224506 176586 75217.7 57716.3 43074.7 36191.8 35710.6 33583.1 30255.9 28318.9 24450.4 24020.7 22240 21032 19561.9 18345.7 17761.5 17009.9 16699.8 16067.1 15723.1 15517.3 15052.7 14898.3 14316.5
threshold=11.449999809265138 20.050000190734867 1.6500000357627871 25.050000190734867 -5.8500001430511466 6.4500000476837167 15.250000000000002 28.050000190734867 -1.8499999642372129 21.750000000000004 13.34999990463257 16.050000190734867 7.4500000476837167 -12.849999904632567 0 1.4499999880790713 30.550000190734867 6.4500000476837167 1 2 14.449999809265138 18.44999980926514 3 4 -13.749999999999998 6.4500000476837167 8.4499998092651385 5 6 7
decision_type=2 2 2 2 2 2 2 10 2 8 8 8 10 2 1 8 2 8 1 1 8 2 1 1 10 10 2 1 1 1
left_child=2 6 4 9 13 12 14 22 -6 23 18 29 27 24 -2 -14 -9 -12 -7 -15 -13 -22 -5 -3 -1 -10 -20 -4 -16 -8
right_child=1 3 5 7 8 10 11 16 25 -11 17 20 15 19 28 -17 -18 -19 26 -21 21 -23 -24 -25 -26 -27 -28 -29 -30 -31
leaf_value=-0.5532814357995316 0.053440508707407353 0.097353070973572375 -0.1879994608811161 0.19249884922048399 -0.28034053729536723 -0.11545514900087472 0.012696826118971506 0.27518680012174529 -0.22446310780519974 0.17610370199524986 0.080702501512875932 0.1518114022558362 -0.002719691252807598 -0.28857140856159075 -0.048565370453394624 -0.12603381659491597 0.34729681407120777 -0.03875018273746958 -0.09115451291552068 -0.38898740839716461 0.067981524190058748 0.10634035256196168 0.23833652597471067 0.14396661014200149 -0.35870636901630271 -0.16247999601710508 -0.054421032453645851 -0.15080577637515805 0.0010153874844116622 0.061446615282864298
leaf_weight=14672 95179 106283 175803 115933 227410 132069 84719 138868 359545 475441 18026 45129 17958 25915 70888 153673 69222 115160 202228 81414 269382 218722 273639 279605 5971 46182 266607 288240 417468 208649
leaf_count=14672 95179 106283 175803 115933 227410 132069 84719 138868 359545 475441 18026 45129 17958 25915 70888 153673 69222 115160 202228 81414 269382 218722 273639 279605 5971 46182 266607 288240 417468 208649
internal_value=-1.62897e-07 0.12147 -0.163554 0.194741 -0.26458 -0.107419 0.0456608 0.250634 -0.240012 0.155957 -0.0697462 0.0753934 -0.150925 -0.386129 0.00354334 -0.113131 0.299174 -0.0225829 -0.0801995 -0.364805 0.0908103 0.0851703 0.224707 0.131134 -0.497 -0.217408 -0.0702642 -0.164904 -0.00618242 0.0473711
internal_weight=5e+06 2.86913e+06 2.13087e+06 1.45899e+06 761109 1.36976e+06 1.41014e+06 597662 633137 861329 734090 826601 635674 127972 583535 171631 208090 133186 600904 107329 533233 488104 389572 385888 20643 405727 468835 464043 488356 293368
internal_count=5000000 2869127 2130873 1458991 761109 1369764 1410136 597662 633137 861329 734090 826601 635674 127972 583535 171631 208090 133186 600904 107329 533233 488104 389572 385888 20643 405727 468835 464043 488356 293368
cat_boundaries=0 1 2 3 4 5 6 7 8
cat_threshold=960 983104 16256 983104 983040 4161728 458752 983104
is_linear=0
shrinkage=0.1


Tree=18
num_leaves=31
num_cat=7
split_feature=0 0 0 0 0 0 0 0 0 20 21 76 76 76 20 0 76 1 4 2 20 76 2 0 20 0 76 48 76 0
split_gain=8.0486e+06 1.26734e+06 1.01154e+06 263181 192676 167034 140194 58708.2 44372.8 38505.3 37147.5 30644 27656.2 26801.6 25795 24600.1 18355.6 17227.5 16983.9 16131.6 16069.6 15678.9 15220.5 15445.6 14981 14751.6 14718.3 14411 13135.6 12333.2
threshold=13.050000190734865 3.6499999761581425 22.44999980926514 -3.0499999523162837 17.250000000000004 8.0500001907348651 27.94999980926514 -8.6500000953674299 0.45000000298023229 19.650000572204593 25.349999427795414 0 1 2 12.650000095367433 10.449999809265138 3 -0.15000000223517415 -13.050000190734862 11.84999990463257 12.050000190734865 4 16.550000190734867 19.44999980926514 19.750000000000004 34.049999237060554 5 1.7500000000000002 6 14.949999809265138
decision_type=2 2 2 2 2 2 2 2 2 8 8 1 1 1 8 2 1 8 8 8 10 1 8 2 8 2 1 8 1 2
left_child=1 3 4 7 14 12 10 16 28 21 24 27 -3 25 -2 -13 -1 -10 -18 -16 -14 -6 -11 -24 -4 -8 -9 -7 -5 -21
right_child=2 5 6 8 9 11 13 26 17 22 -12 15 20 -15 19 -17 18 -19 -20 29 -22 -23 23 -25 -26 -27 -28 -29 -30 -31
leaf_value=-0.25615969954317952 -0.00062207906077731481 -0.13645593734757083 0.12007574557322137 -0.1845590138424274 0.049826394130935259 0.054753238344399581 0.28437964170119201 -0.23783196951452146 -0.065972475844610773 0.18196479495332099 0.20565339989142833 -0.066071000489506496 -0.10163504781185129 0.22576114005967507 0.10404602073894015 -0.027317474104445839 -0.5297995303017885 -0.16989915549466245 -0.38506346134602265 0.014583900959223049 -0.046434161466421646 0.09131750896076328 0.0816940519214686 0.12638335524310154 0.16769573320153564 0.44571679466722652 -0.29646174502247929 -0.027194965745533359 -0.22721541818777569 0.049444382950951049
leaf_weight=8886 192918 229259 78695 104059 124511 47216 136341 62869 16627 37626 281040 313086 318951 113606 39281 343525 10041 391921 42102 156462 63184 340120 101968 320189 411585 5913 138717 39338 241130 288834
leaf_count=8886 192918 229259 78695 104059 124511 47216 136341 62869 16627 37626 281040 313086 318951 113606 39281 343525 10041 391921 42102 156462 63184 340120 101968 320189 411585 5913 138717 39338 241130 288834
internal_value=-2.22588e-07 -0.133604 0.120484 -0.218009 0.0708141 -0.070274 0.197945 -0.304218 -0.187972 0.100504 0.176668 -0.0384231 -0.10899 0.262089 0.0303029 -0.0457953 -0.39015 -0.16567 -0.412856 0.0426146 -0.0925055 0.0802018 0.121021 0.115589 0.160052 0.291065 -0.278203 0.0175065 -0.214368 0.0371956
internal_weight=5e+06 2.37091e+06 2.62909e+06 1.01635e+06 1.60191e+06 1.35456e+06 1.02718e+06 262615 753737 924414 771320 743165 611394 255860 677495 656611 61029 408548 52143 484577 382135 464631 459783 422157 490280 142254 201586 86554 345189 445296
internal_count=5000000 2370911 2629089 1016352 1601909 1354559 1027180 262615 753737 924414 771320 743165 611394 255860 677495 656611 61029 408548 52143 484577 382135 464631 459783 422157 490280 142254 201586 86554 345189 445296
cat_boundaries=0 1 2 3 4 5 6 7
cat_threshold=896 16744448 32640 7936 983104 16320 16320
is_linear=0
shrinkage=0.1


Tree=19
num_leaves=31
num_cat=10
split_feature=0 0 0 0 0 0 0 0 0 21 0 20 76 76 76 76 20 20 11 0 76 2 48 1 1 76 76 76 76 76
split_gain=6.52744e+06 1.054e+06 801488 213185 175028 116831 114931 45599.4 37833.9 36030.8 28107.1 27818.6 24205.1 23653.2 22403.5 19878.2 15720.5 15468.9 14141.1 14020.1 13955.2 13787.8 13361 13350 13252 13176.1 12951.1 11922.5 11647.7 11463.3
threshold=11.449999809265138 20.050000190734867 2.4500000476837163 25.650000572204593 -4.7499999999999991 6.8500001430511483 15.050000190734865 30.550000190734867 -0.45000000298023218 22.349999427795414 -10.15000009536743 20.44999980926514 0 1 2 3 13.050000190734865 15.84999990463257 3.8500000238418584 34.850000381469734 4 14.949999809265138 1.6500000357627871 10.650000095367433 -1.0500000119209287 5 6 7 8 9
decision_type=2 2 2 2 2 2 2 2 2 8 2 8 1 1 1 1 8 8 8 2 1 8 8 8 8 1 1 1 1 1
left_child=2 6 4 9 10 12 15 14 25 26 28 16 22 18 -5 -2 -8 -15 -7 -9 -14 -13 -4 -17 -10 -6 -3 -11 -1 -12
right_child=1 3 5 7 8 13 11 19 24 27 29 21 20 17 -16 23 -18 -19 -20 -21 -22 -23 -24 -25 -26 -27 -28 -29 -30 -31
leaf_value=-0.27066126509345984 -0.023110835554470577 0.082393200664181099 -0.022579654728750381 0.23660394809367627 -0.1589770157742274 -0.12156066453015744 0.018701544957692409 0.26491805436441024 -0.066630915756024076 0.18091508008630874 -0.22765799431878964 0.15973693141997605 -0.15414145995343717 -0.045587698115884964 0.18290356969546603 0.083838397855537719 0.057589750501755355 0.012202815752333285 -0.064773347366842426 0.44317947381645723 -0.11376965118867005 0.082527790513127655 -0.10628520949881014 0.010271950981591248 -0.16633398916705588 -0.21746208938956257 0.12016004051197829 0.14131070092028308 -0.39914816419094762 -0.29392220663740576
leaf_weight=9347 209084 123787 40486 103304 44973 53992 128692 86894 13856 95169 37085 26968 108765 336100 317599 26760 540721 53721 233468 4648 406311 162475 36048 315436 351850 281072 343051 384539 31626 92173
leaf_count=9347 209084 123787 40486 103304 44973 53992 128692 86894 13856 95169 37085 26968 108765 336100 317599 26760 540721 53721 233468 4648 406311 162475 36048 315436 351850 281072 343051 384539 31626 92173
internal_value=-3.94553e-07 0.0984665 -0.132582 0.158053 -0.206992 -0.0820335 0.0368153 0.210005 -0.184638 0.129928 -0.297828 0.0596878 -0.1145 -0.0536739 0.196093 0.00118147 0.0501136 -0.0376227 -0.0754368 0.273969 -0.122298 0.0935188 -0.0619974 0.0160244 -0.162556 -0.209406 0.11015 0.149175 -0.37 -0.274951
internal_weight=5e+06 2.86913e+06 2.13087e+06 1.45899e+06 861982 1.26889e+06 1.41014e+06 512445 691751 946546 170231 858856 591610 677281 420903 551280 669413 389821 287460 91542 515076 189443 76534 342196 365706 326045 466838 479708 40973 129258
internal_count=5000000 2869127 2130873 1458991 861982 1268891 1410136 512445 691751 946546 170231 858856 591610 677281 420903 551280 669413 389821 287460 91542 515076 189443 76534 342196 365706 326045 466838 479708 40973 129258
cat_boundaries=0 1 2 3 4 5 6 7 8 9 10
cat_threshold=896 16744449 3968 16744448 1015808 896 983040 896 65408 12224
is_linear=0
shrinkage=0.1


Tree=20
num_leaves=31
num_cat=6
split_feature=0 0 0 0 0 21 0 0 21 21 0 76 76 48 76 2 80 76 0 2 76 19 76 14 0 0 21 12 20 14
split_gain=5.29771e+06 878073 644393 201044 129248 90754.3 89403.4 55227.5 29931 25587.3 25271 23296 20488.2 19522.3 19362.3 19097.4 17451.3 15274.4 15574.6 13988.8 13695.5 12920.2 12908.7 12404.1 12051 11570.1 11445.1 11442.9 11078.7 10731.3
threshold=13.34999990463257 4.4500000476837167 22.750000000000004 -1.8499999642372129 18.650000572204593 26.650000572204593 9.2500000000000018 -6.6499998569488517 4.6499998569488534 16.550000190734867 29.550000190734867 0 1 1.6500000357627871 2 7.8500001430511483 -13.749999999999998 3 26.050000190734867 13.250000000000002 4 18.94999980926514 5 19.250000000000004 0.84999999403953563 34.850000381469734 12.250000000000002 2.6499999761581425 15.250000000000002 8.6500000953674334
decision_type=2 2 2 2 2 10 2 2 10 8 2 1 1 8 1 8 8 1 2 8 1 10 1 8 2 2 8 8 8 8
left_child=1 3 4 7 9 17 11 16 24 22 -7 13 -6 26 -10 -8 -1 23 -19 -11 -18 -17 29 -4 -5 -12 -3 -13 -14 -2
right_child=2 6 5 8 12 10 15 -9 14 19 25 27 28 -15 -16 21 20 18 -20 -21 -22 -23 -24 -25 -26 -27 -28 -29 -30 -31
leaf_value=-0.41139709602010099 -0.043184734428889336 -0.040875189036228887 0.071247863402165559 -0.17017121240803992 0.12388739109163927 0.185289744244164 0.039536651125282062 -0.20802881417290339 -0.061328935043692093 0.10670331529475717 0.23565559264747993 -0.12318103823140845 0.044924001930209713 -0.075928696647005661 -0.12911987897962465 -0.031686449029038659 -0.20513515234339219 0.13889663844403197 0.18095199479484347 0.047109775347288052 -0.30020486610382102 0.028286202930020977 0.030722549114539893 0.13148009177845069 -0.14071008487416756 0.39889579501297523 0.028886610845545519 -0.081399922996446814 0.088003976129277448 0.013388015928633113
leaf_weight=11410 48495 76045 46381 259801 155360 239916 45780 251570 58760 44534 112657 80340 67583 136196 149474 528287 19388 318959 121643 340986 73014 38543 331806 130088 298218 4516 34046 356080 511463 108661
leaf_count=11410 48495 76045 46381 259801 155360 239916 45780 251570 58760 44534 112657 80340 67583 136196 149474 528287 19388 318959 121643 340986 73014 38543 331806 130088 298218 4516 34046 356080 511463 108661
internal_value=-5.38073e-07 -0.106413 0.0995691 -0.171186 0.0607039 0.163758 -0.0503248 -0.233352 -0.142353 0.0347296 0.203881 -0.0752113 0.0916322 -0.050614 -0.11 -0.0225907 -0.294719 0.140539 0.150504 0.0539938 -0.280312 -0.0276085 0.0195409 0.115643 -0.154427 0.241947 -0.0193011 -0.0890893 0.0829745 -0.00406887
internal_weight=5e+06 2.41695e+06 2.58305e+06 1.12164e+06 1.60889e+06 974160 1.29532e+06 355382 766253 874482 357089 682707 734406 246287 208234 612610 103812 617071 440602 385520 92402 566830 488962 176469 558019 117173 110091 436420 579046 157156
internal_count=5000000 2416952 2583048 1121635 1608888 974160 1295317 355382 766253 874482 357089 682707 734406 246287 208234 612610 103812 617071 440602 385520 92402 566830 488962 176469 558019 117173 110091 436420 579046 157156
cat_boundaries=0 1 2 3 4 5 6
cat_threshold=16352 1984 896 983136 3968 1015904
is_linear=0
shrinkage=0.1


Tree=21
num_leaves=31
num_cat=5
split_feature=0 0 0 0 21 0 0 0 20 0 0 20 76 2 76 76 0 0 14 20 21 2 18 76 76 3 2 80 2 0
split_gain=4.2987e+06 619952 600027 134487 107437 98501.8 81083.7 29094.6 26637.2 26158.9 25661.3 20195.7 19773.3 19077.1 16528 16469.8 15213.7 13475.2 13191.8 12159.6 12052.6 11792.5 11753.5 11674 11547.7 11751.9 11244.1 11174.9 10397.8 10727.3
threshold=12.250000000000002 21.349999427795414 3.2500000000000004 -3.4500000476837154 26.250000000000004 16.94999980926514 7.6499998569488534 -8.6500000953674299 3.6499999761581425 28.750000000000004 23.849999427795414 19.050000190734867 0 6.6499998569488534 1 2 10.050000190734865 -0.25000000745058054 13.449999809265138 9.8499999046325701 32.350000381469734 1.8499999642372134 13.050000190734865 3 4 -13.050000190734862 12.250000000000002 -13.749999999999998 15.949999809265138 19.150000572204593
decision_type=2 2 2 2 10 2 2 2 10 2 2 10 1 8 1 1 2 2 8 8 10 8 10 1 1 8 8 10 8 2
left_child=2 5 3 7 10 11 14 24 17 -6 -3 19 18 22 -4 -10 -15 -5 -7 -2 -11 -16 -8 -12 -1 27 -13 -26 -14 -30
right_child=1 4 6 8 9 12 13 -9 15 20 23 26 28 16 21 -17 -18 -19 -20 -21 -22 -23 -24 -25 25 -27 -28 -29 29 -31
leaf_value=-0.17760094431418308 -0.021143983264951552 0.097364392069606495 -0.10818382015787681 -0.17026484807856881 0.15853032808168835 0.007083673696044593 -0.0055718477688502929 -0.20685284284813965 -0.065566123425464959 0.19770772171319667 0.099157850220399274 0.12498300904199307 0.11776587923116544 -0.05479436575077317 -0.015174077026622873 -0.12829741368066128 -0.023589237910222296 -0.13806885660780574 0.057343655760860805 0.014925689349580509 0.27122665912593502 -0.077927219827188726 0.098437951273475557 0.14135631294978573 -0.44853674089611695 -0.27891541608725262 0.040249964264537988 -0.22592299607619037 0.055691127487887841 0.087689808692559879
leaf_weight=8444 113954 394143 197387 237767 257688 67623 41333 176602 59219 131313 81974 18795 59709 311067 32550 143361 313894 286801 229314 519721 26860 374265 14739 332208 8867 40694 93919 3024 191623 231142
leaf_count=8444 113954 394143 197387 237767 257688 67623 41333 176602 59219 131313 81974 18795 59709 311067 32550 143361 313894 286801 229314 519721 26860 374265 14739 332208 8867 40694 93919 3024 191623 231142
internal_value=-5.92595e-07 0.0838703 -0.102508 -0.162112 0.136878 0.0413409 -0.0577662 -0.227422 -0.140768 0.17818 0.115629 0.0153768 0.066205 -0.034108 -0.0844329 -0.109969 -0.0391212 -0.152662 0.0458961 0.00843927 0.210192 -0.0729044 0.021768 0.13301 -0.286945 -0.304412 0.0543792 -0.391924 0.0787014 0.073186
internal_weight=5e+06 2.74999e+06 2.25001e+06 964779 1.22419e+06 1.5258e+06 1.28524e+06 237631 727148 415861 808325 746389 779411 681033 604202 202580 624961 524568 296937 633675 158173 406815 56072 414182 61029 52585 112714 11891 482474 422765
internal_count=5000000 2749986 2250014 964779 1224186 1525800 1285235 237631 727148 415861 808325 746389 779411 681033 604202 202580 624961 524568 296937 633675 158173 406815 56072 414182 61029 52585 112714 11891 482474 422765
cat_boundaries=0 1 2 3 4 5
cat_threshold=16744448 8355840 896 917504 3840
is_linear=0
shrinkage=0.1


Tree=22
num_leaves=31
num_cat=7
split_feature=0 0 0 0 0 21 21 0 21 76 76 0 76 20 2 48 76 76 14 0 20 78 0 1 78 18 76 76 48 48
split_gain=3.48988e+06 613901 398677 136857 79067.9 63509.5 57280.9 37315.1 21951.7 20588.5 19841.9 18703.6 18343.8 16744.2 16538.3 15480.7 14915.8 12639.2 13004.9 12635.6 12545.9 11523.1 11029.8 10825 10642.1 10107.6 9635 9532.37 9204.46 8780.97
threshold=13.750000000000002 4.6499998569488534 22.94999980926514 -1.8499999642372129 18.94999980926514 8.6500000953674334 27.250000000000004 -6.6499998569488517 5.8500001430511483 0 1 9.8499999046325701 2 31.44999980926514 18.050000190734867 1.9499999880790713 3 4 20.349999427795414 8.0500001907348651 -7.5499999523162833 1.0000000180025095e-35 16.550000190734867 -12.849999904632567 1.0000000180025095e-35 15.449999809265138 5 6 2.0499999523162846 1.8499999642372134
decision_type=2 2 2 2 2 8 8 2 10 1 1 2 1 10 8 10 1 1 8 2 8 10 2 8 10 8 1 1 8 8
left_child=1 3 4 7 10 12 17 20 26 15 21 -11 -3 -8 -6 24 28 -4 -19 -14 23 29 -12 -1 -7 -16 -5 -9 -10 -2
right_child=2 5 6 8 14 9 13 27 16 11 22 -13 19 -15 25 -17 -18 18 -20 -21 -22 -23 -24 -25 -26 -27 -28 -29 -30 -31
leaf_value=-0.36078335516612103 0.097332714220237274 -0.096121051138862351 0.1382663184994255 -0.13956697057393103 0.12603015576719206 0.055521969778976069 0.15906638787991551 -0.12562203758428755 -0.023467666036717294 -0.049232525834723831 0.013216635117269809 -0.012600190663563229 -0.06757448798105678 0.21942084887221208 0.038744508778002916 -0.026276405986683727 -0.10724675559729796 0.07317056742136141 0.11649360690297542 -0.034643388902728334 -0.2090372515334068 -0.0079682501502551916 0.037962427941763258 -0.2500752975243476 -0.071831515731819048 0.076722300810684402 -0.11382522052618652 -0.1774591642762286 -0.10796601285440491 0.043315963494037289
leaf_weight=11966 77545 125739 201277 229070 62240 74633 243181 43044 49189 220904 375724 377664 265895 56681 79830 50055 95675 86274 351974 207396 58121 18575 345985 33725 7194 573755 401512 208526 17470 49181
leaf_count=11966 77545 125739 201277 229070 62240 74633 243181 43044 49189 220904 375724 377664 265895 56681 79830 50055 95675 86274 351974 207396 58121 18575 345985 33725 7194 573755 401512 208526 17470 49181
internal_value=-5.8117e-07 -0.0842915 0.082805 -0.13785 0.0521767 -0.0380316 0.134413 -0.189417 -0.114738 -0.0182388 0.0318684 -0.0261191 -0.0621667 0.170475 0.0767742 0.0175276 -0.0819448 0.117504 0.107963 -0.053143 -0.23986 0.0655833 0.0250793 -0.279069 0.0443254 0.0720836 -0.12318 -0.168602 -0.0456062 0.0763694
internal_weight=5e+06 2.47778e+06 2.52222e+06 1.1483e+06 1.58284e+06 1.32948e+06 939387 355382 792916 730450 867010 598568 599030 299862 715825 131882 162334 639525 438248 473291 103812 145301 721709 45691 81827 653585 630582 251570 66659 126726
internal_count=5000000 2477778 2522222 1148298 1582835 1329480 939387 355382 792916 730450 867010 598568 599030 299862 715825 131882 162334 639525 438248 473291 103812 145301 721709 45691 81827 653585 630582 251570 66659 126726
cat_boundaries=0 1 2 3 4 5 6 7
cat_threshold=896 960 458944 960 32640 4161728 1920
is_linear=0
shrinkage=0.1


Tree=23
num_leaves=31
num_cat=7
split_feature=0 0 0 0 0 0 0 0 76 20 2 76 2 76 2 76 20 2 76 0 1 19 13 19 14 0 76 76 48 2
split_gain=2.83289e+06 473305 343307 93196.7 68631.6 65603.7 61863.5 23174.3 18223.5 17319.2 16701 16259.7 15104.6 14858.2 13527.5 13286.6 12121.9 11927 11064.8 10640.4 10202.1 9761.25 9740.57 9597.6 9504.39 9452.06 9134.7 9044.69 9012.02 8713.85
threshold=11.250000000000002 20.44999980926514 1.6500000357627871 26.94999980926514 -5.8500001430511466 5.8500001430511483 16.150000572204593 23.849999427795414 0 0.65000000596046459 4.8500001430511483 1 0.45000000298023229 2 19.849999427795414 3 -6.6499998569488517 10.050000190734865 4 30.750000000000004 -12.849999904632567 11.449999809265138 12.449999809265138 17.150000572204593 7.2500000000000009 14.050000190734865 5 6 1.8499999642372134 15.449999809265138
decision_type=2 2 2 2 2 2 2 2 1 10 8 1 8 1 8 1 10 8 1 2 8 8 8 10 8 2 1 1 8 8
left_child=2 6 4 7 16 12 11 14 19 -6 21 24 -4 22 -3 -12 20 -13 28 -5 -1 -7 -8 -17 -2 -19 -14 -9 -11 -15
right_child=1 3 5 8 9 10 13 27 -10 18 15 17 26 29 -16 23 -18 25 -20 -21 -22 -23 -24 -25 -26 -27 -28 -29 -30 -31
leaf_value=-0.31785547800784475 -0.053881557499557087 0.11970304646327834 -0.013252125930590747 0.15734023930512431 -0.14224780991177075 -0.013866626074911952 -0.0080302553704593993 0.14320502816474526 0.1269474184778672 -0.021658295826445618 -0.077722811298324201 0.058619364912137852 -0.10587666040331559 0.089535652243364808 0.07294744793853393 -0.041431680745235171 -0.179247353005346 -0.0036652790683438818 -0.11702679034481765 0.21078310317175475 -0.21930404855349234 0.078366624690969777 0.037310292545665515 0.0076119055685027253 -0.0052202698125548112 0.023369464481155539 -0.07833087633263125 0.10266740079870883 -0.125909874061407 0.051056550690885098
leaf_weight=13443 57955 70049 28297 131683 375647 37968 59949 64917 169819 24004 97826 53536 188549 69124 530611 593388 66479 275069 220818 51952 48050 16444 226022 42779 130562 244080 334557 367725 12668 396030
leaf_count=13443 57955 70049 28297 131683 375647 37968 59949 64917 169819 24004 97826 53536 188549 69124 530611 593388 66479 275069 220818 51952 48050 16444 226022 42779 130562 244080 334557 367725 12668 396030
internal_value=-6.47347e-07 0.0640766 -0.0884217 0.106272 -0.142055 -0.057954 0.0253849 0.0911099 0.150597 -0.128555 -0.0394484 0.00529398 -0.0844136 0.0457454 0.0784001 -0.0434112 -0.208848 0.0136793 -0.108578 0.17245 -0.240848 0.0140074 0.0278044 -0.0381331 -0.0201789 0.00904521 -0.088263 0.108756 -0.0576553 0.0567735
internal_weight=5e+06 2.89908e+06 2.10092e+06 1.38676e+06 761109 1.33981e+06 1.51233e+06 1.0333e+06 353454 633137 788405 761202 551403 751125 600660 733993 127972 572685 257490 183635 61493 54412 285971 636167 188517 519149 523106 432642 36672 465154
internal_count=5000000 2899083 2100917 1386756 761109 1339808 1512327 1033302 353454 633137 788405 761202 551403 751125 600660 733993 127972 572685 257490 183635 61493 54412 285971 636167 188517 519149 523106 432642 36672 465154
cat_boundaries=0 1 2 3 4 5 6 7
cat_threshold=32640 2064384 16744448 458752 768 8356864 960
is_linear=0
shrinkage=0.1


Tree=24
num_leaves=31
num_cat=6
split_feature=0 21 0 0 0 0 0 20 20 20 2 76 2 76 76 78 1 0 76 0 0 0 76 48 0 48 1 76 12 13
split_gain=2.29511e+06 369916 296178 71537.2 65049.9 60283 46451.3 23558.5 14559.6 14365.9 13570.6 13226.6 12421.1 12098.8 11265.1 17591 10636.7 10450.3 10095.1 9928.8 9580.69 9185.86 9046.9 8685.55 8510.03 8367.09 8363.54 8280.29 8279.07 8233.1
threshold=11.650000095367433 20.849999427795414 2.4500000476837163 24.550000190734867 -4.2499999999999991 17.150000572204593 7.2500000000000009 30.250000000000004 -4.7499999999999991 2.6499999761581425 6.0499999523162851 0 1.2500000000000002 1 2 1.0000000180025095e-35 -12.849999904632567 28.349999427795414 3 19.650000572204593 5.6499998569488534 21.349999427795414 4 1.2500000000000002 14.34999990463257 1.6500000357627871 11.050000190734865 5 8.4499998092651385 14.150000095367433
decision_type=2 10 2 2 2 2 2 10 10 10 8 1 8 1 1 10 8 2 1 2 2 2 1 8 2 10 8 1 10 8
left_child=2 5 4 14 8 13 12 17 16 -6 -8 29 23 28 15 25 -1 -5 -11 -13 -14 -16 -10 -4 26 -3 -15 -12 -2 -7
right_child=1 3 6 7 9 11 10 -9 22 18 27 19 20 24 21 -17 -18 -19 -20 -21 -22 -23 -24 -25 -26 -27 -28 -29 -30 -31
leaf_value=-0.27265138777543491 -0.059680968072206735 0.12409934643346419 0.049178422395993002 0.10515285009154413 -0.11795705159886932 -0.0083192586656776635 0.021954780231562495 0.168121834817168 -0.091872295353531697 -0.03541506766780303 -0.062302465528716433 0.041106053713701275 -0.079045381692677677 0.051411187403367122 0.047364749442102477 0.018111714912966113 -0.18513949328481641 0.13556338495049933 -0.095912002591693191 0.067765465599014321 -0.053053339252927573 0.076822855254904288 -0.16394862574480137 -0.052033557180057768 0.022556398588586747 0.077743399689840204 -0.0039800427718716938 -0.028049357940621092 -0.0020053308768117179 0.039497912796881224
leaf_weight=16330 40836 107138 15004 387875 466262 59129 49119 94332 24678 33020 81718 285739 393520 29797 159711 25491 92921 159454 168754 273335 221711 313912 60017 19496 365614 61167 320015 518091 63730 92084
leaf_count=16330 40836 107138 15004 387875 466262 59129 49119 94332 24678 33020 81718 285739 393520 29797 159711 25491 92921 159454 168754 273335 221711 313912 60017 19496 365614 61167 320015 518091 63730 92084
internal_value=-5.83842e-07 0.0591008 -0.0776673 0.0981259 -0.123112 0.0257167 -0.0475035 0.121967 -0.174096 -0.10831 -0.0285792 0.0470422 -0.0664044 0.00724425 0.0752047 0.0955222 -0.19822 0.114012 -0.0860183 0.054139 -0.0696786 0.0668878 -0.142978 -0.00801661 0.0118881 0.107252 0.000738184 -0.0327175 -0.024527 0.0207985
internal_weight=5e+06 2.83936e+06 2.16064e+06 1.30908e+06 861982 1.53028e+06 1.29866e+06 641661 193946 668036 648928 710287 649731 819992 667419 193796 109251 547329 201774 559074 615231 473623 84695 34500 715426 168305 349812 599809 104566 151213
internal_count=5000000 2839359 2160641 1309080 861982 1530279 1298659 641661 193946 668036 648928 710287 649731 819992 667419 193796 109251 547329 201774 559074 615231 473623 84695 34500 715426 168305 349812 599809 104566 151213
cat_boundaries=0 1 2 3 4 5 6
cat_threshold=458816 458752 960 768 1920 458752
is_linear=0
shrinkage=0.1


Tree=25
num_leaves=31
num_cat=8
split_feature=0 0 0 21 21 0 21 0 76 76 0 48 0 84 0 76 76 48 76 4 0 48 0 76 80 2 76 84 76 24
split_gain=1.86205e+06 343438 207193 76367.5 44924.2 39061 35391.7 20672.2 14019.3 13874.2 13789 13520.7 12878.2 11417.1 11262.8 10989.1 10375 10358.9 10140.3 10303.2 9890.05 9653.84 9402.43 9031.52 8514.48 7970.07 7546.98 8017.81 7321.86 7052.78
threshold=10.650000095367433 19.44999980926514 0.84999999403953563 25.050000190734867 6.6499998569488534 -5.8500001430511466 13.84999990463257 28.150000572204593 0 1 23.250000000000004 1.4499999880790713 5.6499998569488534 1.0000000180025095e-35 34.049999237060554 2 3 1.8499999642372134 4 -13.050000190734862 14.84999990463257 1.4499999880790713 5.8500001430511483 5 -13.749999999999998 18.750000000000004 6 1.0000000180025095e-35 7 1.0000000180025095e-35
decision_type=2 2 2 8 8 2 8 2 1 1 2 8 2 10 2 1 1 8 1 8 2 8 2 1 10 8 1 10 1 2
left_child=2 6 5 10 12 18 15 26 11 13 25 29 -4 21 -9 -2 17 -7 -1 24 -11 -8 -10 -12 -20 -3 27 -5 -14 -6
right_child=1 3 4 7 8 16 9 14 22 20 23 -13 28 -15 -16 -17 -18 -19 19 -21 -22 -23 -24 -25 -26 -27 -28 -29 -30 -31
leaf_value=-0.1045576312854226 -0.031882026592481537 0.090953933898242439 -0.078794940295902741 0.13155697845794598 0.038946857821772589 -0.069016613452708861 0.090650201696963847 0.13100305063563303 -0.063848307173901733 0.0014850556599469878 0.043280636366196966 -0.035862230010552942 -0.082574478890998726 -0.019984786981519495 0.24234390127610017 0.0021568618874296943 -0.11896257152843646 -0.11548855145015424 -0.33084813568584615 -0.17193591612495254 0.028175896334082736 0.037204868569846179 -0.031895282152012254 0.086724677847972151 -0.12837621982498612 0.052193256799295908 0.088613216863252256 0.035596590814254925 -0.042361645120792532 -0.088438440048878533
leaf_weight=20125 121815 58770 465372 83404 59634 106668 68621 201595 122222 188131 56248 61697 58009 18226 9514 428241 337995 87159 7679 97321 529727 66598 373550 323330 2847 544985 279250 9722 206857 4688
leaf_count=20125 121815 58770 465372 83404 59634 106668 68621 201595 122222 188131 56248 61697 58009 18226 9514 428241 337995 87159 7679 97321 529727 66598 373550 323330 2847 544985 279250 9722 206857 4688
internal_value=-6.20937e-07 0.0500722 -0.0743743 0.0823619 -0.0519559 -0.120313 0.0144781 0.111022 -0.0322018 0.0270158 0.0653556 -0.00241718 -0.0687763 0.0543093 0.136021 -0.00538191 -0.108378 -0.0899092 -0.169915 -0.182084 0.0211807 0.0643273 -0.0397718 0.0802903 -0.276085 0.0559663 0.0968499 0.121526 -0.0511735 0.0296626
internal_weight=5e+06 2.98818e+06 2.01182e+06 1.56682e+06 1.35203e+06 659794 1.42136e+06 583485 621791 871303 983333 126019 730238 153445 211109 550056 531822 193827 127972 107847 717858 135219 495772 379578 10526 603755 372376 93126 264866 64322
internal_count=5000000 2988177 2011823 1566818 1352029 659794 1421359 583485 621791 871303 983333 126019 730238 153445 211109 550056 531822 193827 127972 107847 717858 135219 495772 379578 10526 603755 372376 93126 264866 64322
cat_boundaries=0 1 2 3 4 5 6 7 8
cat_threshold=896 896 458848 16352 7936 393216 896 458944
is_linear=0
shrinkage=0.1


Tree=26
num_leaves=31
num_cat=8
split_feature=0 0 21 0 0 21 0 21 76 0 81 20 76 76 48 76 76 48 76 86 0 11 14 0 76 81 2 21 76 48
split_gain=1.5157e+06 267569 178508 61679 37224.4 35342.9 30652.1 16498.6 13122.6 12929.5 12260.1 11417.2 11021.8 10920.9 10622.3 9487.82 8591.72 9048.76 8526.02 8392.61 8252.05 8054.05 8045.48 7927.25 7803.89 11709.8 7801.21 7483.62 7387.77 7368.11
threshold=13.750000000000002 4.2500000000000009 22.050000190734867 -2.1499999761581416 26.250000000000004 9.4499998092651385 19.250000000000004 -6.6499998569488517 0 33.049999237060554 1.0000000180025095e-35 8.2500000000000018 1 2 2.3500000238418584 3 4 1.8499999642372134 5 -13.749999999999998 8.2500000000000018 1.4499999880790713 10.449999809265138 8.0500001907348651 6 1.0000000180025095e-35 -0.25000000745058054 16.250000000000004 7 0.65000000596046459
decision_type=2 2 10 2 2 10 2 10 1 2 10 10 1 1 10 1 1 8 1 8 2 10 10 2 1 10 10 8 1 10
left_child=1 3 6 7 24 12 18 19 10 13 14 28 21 -6 27 -8 17 -9 22 29 -10 -3 -2 -14 25 -4 -13 -7 -5 -1
right_child=2 5 4 11 9 8 15 16 20 -11 -12 26 23 -15 -16 -17 -18 -19 -20 -21 -22 -23 -24 -25 -26 -27 -28 -29 -30 -31
leaf_value=-0.38099324429247533 -0.022111159003042308 -0.10307447337901987 0.10204061573989476 -0.098435735840109617 0.12401368797693924 0.021088962329975283 0.016850427416605945 -0.047084318350782958 -0.045453488225883909 0.18481154844441253 -0.070198578299250886 0.033601966023257671 -0.045488334760408283 0.090264658420775107 -0.020004294601115268 0.054190973222130172 -0.12566741177222004 -0.12613021787187853 0.026739171832695176 -0.15494205792950577 -0.011602199781351068 -0.051250440917826635 0.01529080965334228 -0.021937880317078898 0.064957281572671013 0.016691863007014186 -0.054136820723184091 0.076110359276590114 -0.074836462942619975 -0.189430529157815
leaf_weight=3128 76851 41471 126231 180115 166140 75369 78826 33163 88084 21123 15497 11947 326108 227778 41650 499034 179809 25709 546707 82369 394700 108306 228556 254456 532555 18421 66777 36785 506728 5607
leaf_count=3128 76851 41471 126231 180115 166140 75369 78826 33163 88084 21123 15497 11947 326108 227778 41650 499034 179809 25709 546707 82369 394700 108306 228556 254456 532555 18421 66777 36785 506728 5607
internal_value=-5.90778e-07 -0.0555503 0.0545703 -0.0924677 0.08501 -0.0262992 0.0313197 -0.128623 -0.00937759 0.108591 0.0145775 -0.0768932 -0.0414076 0.104504 0.0231203 0.0490986 -0.114804 -0.0815893 0.019263 -0.164826 -0.017778 -0.0655954 0.00587898 -0.0351658 0.0705577 0.0911654 -0.0408218 0.0391352 -0.0810276 -0.258029
internal_weight=5e+06 2.47778e+06 2.52222e+06 1.09535e+06 1.09225e+06 1.38243e+06 1.42997e+06 329785 652085 415041 169301 765567 730341 393918 153804 577860 238681 58872 852114 91104 482784 149777 305407 580564 677207 144652 78724 112154 686843 8735
internal_count=5000000 2477778 2522222 1095352 1092248 1382426 1429974 329785 652085 415041 169301 765567 730341 393918 153804 577860 238681 58872 852114 91104 482784 149777 305407 580564 677207 144652 78724 112154 686843 8735
cat_boundaries=0 1 2 3 4 5 6 7 8
cat_threshold=960 458944 16256 393216 3968 8355840 896 2064512
is_linear=0
shrinkage=0.1


Tree=27
num_leaves=31
num_cat=6
split_feature=21 0 0 20 0 0 0 0 76 90 48 76 76 48 0 0 3 76 76 15 0 76 48 11 2 18 13 24 0 89
split_gain=1.23204e+06 183287 179988 44777 37007.4 29328.6 28699.3 14729.7 13419.4 13977 11219.2 11101.1 10621.3 11349.3 10256.7 10243.7 10002 9325.48 9183.93 9061.03 8047.71 8010.53 7014.12 6203.43 5727.91 5669.88 5610.18 5580.87 5567.07 5548.3
threshold=12.449999809265138 3.6499999761581425 22.050000190734867 -3.1499999761581416 17.050000190734867 9.8499999046325701 27.550000190734867 -7.5499999523162833 0 1.0000000180025095e-35 1.5500000119209292 1 2 2.1499999761581425 10.449999809265138 -0.25000000745058054 16.349999427795414 3 4 18.250000000000004 34.049999237060554 5 1.9499999880790713 0.84999999403953563 2.2500000000000004 22.650000572204593 5.4500000476837167 1.0000000180025095e-35 5.8500001430511483 -13.15000009536743
decision_type=10 2 2 8 2 2 2 2 1 10 10 1 1 8 2 2 8 1 1 8 2 1 8 8 8 8 8 2 2 8
left_child=1 3 4 7 8 21 17 29 9 10 -2 -8 13 27 -10 -14 25 22 26 -19 -13 23 -4 -3 -23 -6 -7 -5 -26 -1
right_child=2 5 6 12 16 18 11 -9 14 -11 -12 20 15 -15 -16 -17 -18 19 -20 -21 -22 24 -24 -25 28 -27 -28 -29 -30 -31
leaf_value=-0.22664745428367677 0.059617087435761953 -0.097924589241687982 0.095092184832727689 -0.00036451884790529029 0.056116287599637521 -0.05962581061765429 0.058991973790539436 -0.10792015147956038 -0.032924343823700561 -0.047016017452688796 0.010144120005805885 0.10864149423516969 -0.093276177464633042 -0.091556155887480617 0.0058944098597854344 -0.068118939671757459 0.034671795055319053 0.021909344654602963 -0.0015036029960365722 0.06336198440268917 0.20508137944520485 0.0044264821381780738 0.065789099218169556 -0.050617596273866861 -0.051631138296109817 0.1145596106630908 -0.017664969404366598 -0.12600300650935653 -0.031006482575284502 -0.14973968723238926
leaf_weight=11249 108751 35356 159141 45559 82932 47298 46837 182870 79229 21130 79235 236119 264016 26181 483060 418294 747575 60378 356587 416399 8982 33285 167833 128332 201588 20754 97640 3833 373088 56469
leaf_count=11249 108751 35356 159141 45559 82932 47298 46837 182870 79229 21130 79235 236119 264016 26181 483060 418294 747575 60378 356587 416399 8982 33285 167833 128332 201588 20754 97640 3833 373088 56469
internal_value=-5.16068e-07 -0.0541827 0.0454771 -0.0860286 0.0243326 -0.0289578 0.0767912 -0.122674 0.00846835 0.0300954 0.0387645 0.103645 -0.0739121 -0.0383235 0.000424669 -0.0778522 0.0387087 0.0670374 -0.0101314 0.0581113 0.112171 -0.0411937 0.0800487 -0.060832 -0.0359047 0.0678144 -0.031356 -0.0101145 -0.0382413 -0.162515
internal_weight=5e+06 2.28164e+06 2.71836e+06 1.00847e+06 1.62267e+06 1.27317e+06 1.09569e+06 250588 771405 209116 187986 291938 757883 75573 562289 682310 851261 803751 501525 476777 245101 771649 326974 163688 607961 103686 144938 49392 574676 67718
internal_count=5000000 2281645 2718355 1008471 1622666 1273174 1095689 250588 771405 209116 187986 291938 757883 75573 562289 682310 851261 803751 501525 476777 245101 771649 326974 163688 607961 103686 144938 49392 574676 67718
cat_boundaries=0 1 2 3 4 5 6
cat_threshold=960 917504 768 32704 983136 983104
is_linear=0
shrinkage=0.1


Tree=28
num_leaves=31
num_cat=6
split_feature=0 21 20 0 0 0 0 20 20 2 76 48 76 48 76 14 84 19 76 90 0 76 3 76 48 0 1 0 1 0
split_gain=1.00223e+06 175806 120202 42208.8 29590.1 26149.7 22187.5 11174 11093.4 11046.8 10894.6 11861.2 9268.74 7899.87 7637.04 8126.37 7589.11 6426.85 6314.79 7643.21 6203.22 6104.55 6026.28 5922.82 5951.39 5724.27 5602.72 5252.24 5145.4 5059.48
threshold=13.750000000000002 3.6499999761581425 22.050000190734867 -1.6500000357627866 8.0500001907348651 25.349999427795414 19.349999427795414 -8.6500000953674299 31.750000000000004 7.2500000000000009 0 2.2500000000000004 1 1.1500000357627871 2 16.150000572204593 1.0000000180025095e-35 19.250000000000004 3 1.0000000180025095e-35 5.2500000000000009 4 20.550000190734867 5 1.5500000119209292 5.0499999523162851 -12.849999904632567 16.550000190734867 12.84999990463257 30.550000190734867
decision_type=2 10 8 2 2 2 2 8 10 8 1 8 1 8 1 8 10 8 1 10 2 1 10 1 8 2 8 2 8 2
left_child=1 3 6 7 10 18 22 26 21 13 11 16 -5 -6 15 -8 -3 -11 19 -4 -14 -7 27 24 -9 -12 -1 28 -2 -23
right_child=2 4 5 12 9 8 14 23 -10 17 25 -13 20 -15 -16 -17 -18 -19 -20 -21 -22 29 -24 -25 -26 -27 -28 -29 -30 -31
leaf_value=-0.2125075630820478 0.057319261249079836 0.013433539081249408 0.088805690528279177 -0.080856825392308318 0.081191128460308626 0.057912989648811697 -0.0022871323331784409 -0.030845538199857633 0.13391136980491941 -0.015856124715176209 -0.056218673382936894 -0.059204579288284979 -0.060141666172946598 0.0053903262552440481 0.050525212738582605 0.038114741551476955 -0.099927853310104231 0.022876438531716451 0.050278783381463368 0.004733974083011302 -0.030631286621338478 0.082026808994275391 -0.013692777096083551 -0.10442597234907412 -0.094659906291126902 -0.035278864839850314 -0.13093461642748694 0.02623116654589416 0.0072145843131735986 0.11396815969962025
leaf_weight=10354 21618 88657 85379 189674 20526 89219 67639 24121 44138 695164 248011 39702 384367 41643 325998 188600 6327 45653 485144 12382 87434 314754 67259 238344 37081 275645 45075 366436 394791 58865
leaf_count=10354 21618 88657 85379 189674 20526 89219 67639 24121 44138 695164 248011 39702 384367 41643 325998 188600 6327 45653 485144 12382 87434 314754 67259 238344 37081 275645 45075 366436 394791 58865
internal_value=-4.52977e-07 -0.0451715 0.0443746 -0.0771101 -0.0229561 0.069401 0.0253318 -0.104927 0.0860102 -0.0100714 -0.0386715 -0.0133026 -0.0621821 0.0304171 0.0403708 0.0274489 0.0058824 -0.0134692 0.0549553 0.0781495 -0.0546717 0.0814421 0.0150316 -0.0972954 -0.069498 -0.0451954 -0.146172 0.0174995 0.00981578 0.087057
internal_weight=5e+06 2.47778e+06 2.52222e+06 1.01645e+06 1.46133e+06 1.08988e+06 1.43234e+06 354975 506976 802986 658342 134686 661475 62169 582237 256239 94984 740817 582905 97761 471801 462838 850104 299546 61202 523656 55429 782845 416409 373619
internal_count=5000000 2477778 2522222 1016450 1461328 1089881 1432341 354975 506976 802986 658342 134686 661475 62169 582237 256239 94984 740817 582905 97761 471801 462838 850104 299546 61202 523656 55429 782845 416409 373619
cat_boundaries=0 1 2 3 4 5 6
cat_threshold=896 1016000 8323168 384 1966080 16128
is_linear=0
shrinkage=0.1


Tree=29
num_leaves=31
num_cat=6
split_feature=21 0 0 0 21 0 0 76 20 2 76 2 77 87 76 76 14 76 13 76 0 0 90 48 0 48 18 89 11 0
split_gain=816539 128114 113401 32997.7 22905.8 21417.9 16907.2 10131.2 8836.54 8291.53 8056.4 7808.29 7213.05 6996.32 6910.9 6838.87 6829.64 6613.64 5936.08 5823.98 5443.88 5267.26 5198.05 4966.34 4657.84 4642.21 4422.02 4377.71 4088.92 3880.28
threshold=12.84999990463257 1.4499999880790713 21.349999427795414 8.4499998092651385 26.050000190734867 -5.2499999999999991 16.550000190734867 0 32.049999237060554 16.150000572204593 1 1.0000000180025095e-35 -13.15000009536743 1.0000000180025095e-35 2 3 17.650000572204593 4 5.2500000000000009 5 5.2500000000000009 14.84999990463257 1.0000000180025095e-35 1.0500000119209292 24.550000190734867 2.6499999761581425 21.849999427795414 11.250000000000002 -0.35000000894069666 34.850000381469734
decision_type=10 2 2 2 10 2 2 1 10 8 1 8 8 10 1 1 8 1 8 1 2 2 10 8 2 10 10 8 8 2
left_child=1 5 6 11 15 12 7 13 22 26 18 23 -1 25 -7 16 -4 28 -5 -14 -19 -12 29 -3 -17 -2 -8 -9 -13 -6
right_child=2 3 4 10 8 14 9 27 -10 -11 21 17 19 -15 -16 24 -18 20 -20 -21 -22 -23 -24 -25 -26 -27 -28 -29 -30 -31
leaf_value=-0.18797668999282827 0.057324030963785556 0.069153275661940253 0.0061292560857264793 -0.053254118823663134 0.07649747611352363 -0.084234190255185915 0.045146454036251664 -0.017832921565610057 0.12287260553744911 0.025285469423970704 -0.0087993533647810363 -0.096454833387653593 -0.075363595504605155 -0.045130780895451673 -0.061243930668493762 0.050753941901727988 0.045662121245297588 -0.046357854032765176 -0.016606374690316939 -0.11933492615246565 -0.029424057804005456 0.019220916884890204 0.03464136987446257 -0.020405140538812469 0.072819285782779852 -0.00029766523840715775 0.098537334372172755 0.0057511282885770358 -0.052726707232184256 0.19386187067748104
leaf_weight=11374 69350 9992 50533 63428 363896 197836 58375 95166 40961 712254 425088 30009 44680 9396 387118 254412 323179 406412 145785 93477 356266 79659 30811 16281 153321 17512 21127 455063 74400 2839
leaf_count=11374 69350 9992 50533 63428 363896 197836 58375 95166 40961 712254 425088 30009 44680 9396 387118 254412 323179 406412 145785 93477 356266 79659 30811 16281 153321 17512 21127 455063 74400 2839
internal_value=-4.12987e-07 -0.0430552 0.0379298 -0.0272441 0.0603562 -0.0776557 0.0189072 0.00690841 0.0786483 0.0287044 -0.0112165 -0.0400531 -0.11143 0.0368363 -0.0690219 0.0500917 0.0403154 -0.0416804 -0.0277157 -0.105129 -0.0384471 -0.00437712 0.0740916 0.0136552 0.0590498 0.0457071 0.0593346 0.00167207 -0.0652887 0.077406
internal_weight=5e+06 2.3418e+06 2.6582e+06 1.60732e+06 1.21995e+06 734485 1.43824e+06 646487 438507 791756 713960 893360 149531 96258 584954 781445 373712 867087 209213 138157 762678 504747 397546 26273 407733 86862 79502 550229 104409 366735
internal_count=5000000 2341805 2658195 1607320 1219952 734485 1438243 646487 438507 791756 713960 893360 149531 96258 584954 781445 373712 867087 209213 138157 762678 504747 397546 26273 407733 86862 79502 550229 104409 366735
cat_boundaries=0 1 2 3 4 5 6
cat_threshold=384 983264 16744448 16711792 458752 32704
is_linear=0
shrinkage=0.1


Tree=30
num_leaves=31
num_cat=6
split_feature=0 21 0 0 21 0 20 2 0 76 80 76 18 2 76 76 87 48 76 48 2 0 2 0 2 13 0 76 0 10
split_gain=663240 116891 83791.1 26891.1 22158.7 14940.9 14734.8 10317.8 10038.4 7742.91 7739.43 7304.58 7050.91 7003.88 6533.99 6340.94 11617.1 6447.17 5692.97 8927.22 5565.82 5562.55 7856.41 5088.7 4682.14 4656.64 4179.38 4088.53 4081.24 3973.17
threshold=11.250000000000002 20.150000572204593 0.25000000745058065 24.250000000000004 6.2500000000000009 15.050000190734865 -3.9500000476837154 1.0000000180025095e-35 32.049999237060554 0 -13.749999999999998 1 16.349999427795414 9.8499999046325701 2 3 1.0000000180025095e-35 2.3500000238418584 4 2.0499999523162846 15.949999809265138 5.6499998569488534 5.0499999523162851 18.349999427795414 6.0499999523162851 11.650000095367433 19.150000572204593 5 5.6499998569488534 -1.0500000119209287
decision_type=2 8 2 2 8 2 10 8 2 1 8 1 10 8 1 1 10 10 1 8 10 2 8 2 8 8 2 1 2 8
left_child=2 5 6 15 14 13 10 -6 11 25 -1 -5 21 -2 29 16 17 -3 19 -8 -15 -9 -23 -11 -14 -7 -17 -12 -16 -4
right_child=1 3 4 8 7 9 18 12 -10 23 27 -13 24 20 28 26 -18 -19 -20 -21 -22 22 -24 -25 -26 -27 -28 -29 -30 -31
leaf_value=-0.1819227257256425 0.036975752669456199 0.072049701940424093 -0.093064997505823879 0.084996267663328906 0.059362487421532939 -0.037068112072432192 -0.018078284480664213 -0.039390765001703035 0.11331086391268264 0.015004303750854471 -0.11966922660273178 0.057438681006494054 0.059152311557984998 -0.0016537564616875358 -0.04332800006925791 0.01201077296946226 -0.0089435532661878408 0.027219037368155671 -0.070762089383813148 -0.081197890826370217 -0.036815270501704751 0.02323501970101834 -0.02196741862104153 0.031150287931611283 -0.0034141721247452801 0.0071894024516373257 0.036122593770239998 -0.084500642632760775 -0.025858231101689045 -0.052807575961724876
leaf_weight=10340 42919 140650 30753 117386 16761 31896 57848 163474 41164 409574 43713 535536 14641 461934 422468 85624 26580 41557 294285 36574 49880 42058 448256 372938 65338 93360 448085 137872 195660 120876
leaf_count=10340 42919 140650 30753 117386 16761 31896 57848 163474 41164 409574 43713 535536 14641 461934 422468 85624 26580 41557 294285 36574 49880 42058 448256 372938 65338 93360 448085 137872 195660 120876
internal_value=-4.39714e-07 0.031004 -0.0427839 0.0512642 -0.030442 0.0111029 -0.0750991 -0.0182155 0.065415 0.0190042 -0.0977699 0.0623953 -0.0199875 -0.00182666 -0.0423631 0.0380361 0.0528131 0.0618249 -0.0639053 -0.0425229 -0.0050805 -0.0234161 -0.0180901 0.022699 0.00803928 -0.00408029 0.0322537 -0.092978 -0.0377976 -0.0609685
internal_weight=5e+06 2.89908e+06 2.10092e+06 1.43658e+06 1.52028e+06 1.4625e+06 580632 750528 694086 907768 191925 652922 733767 554733 769757 742496 208787 182207 388707 94422 511814 653788 490314 782512 79979 125256 533709 181585 618128 151629
internal_count=5000000 2899083 2100917 1436582 1520285 1462501 580632 750528 694086 907768 191925 652922 733767 554733 769757 742496 208787 182207 388707 94422 511814 653788 490314 782512 79979 125256 533709 181585 618128 151629
cat_boundaries=0 1 2 3 4 5 6
cat_threshold=393280 1920 458944 960 3968 1015936
is_linear=0
shrinkage=0.1


Tree=31
num_leaves=31
num_cat=7
split_feature=21 20 20 0 0 0 0 0 83 76 48 4 76 84 4 76 76 76 48 76 0 48 0 48 76 24 0 0 1 14
split_gain=541278 94923.8 67732.9 22183.8 17436.5 16879 16609.9 8071.37 6367.29 5886.93 5666.36 9606.32 5575.17 6830.09 5302.94 5278.99 5081.78 5031.6 4295.33 4254.52 4239.69 4218.02 4115.19 3842.49 3776.25 3758.47 3736.38 3705.43 4496.35 3700.35
threshold=11.250000000000002 20.150000572204593 1.2500000000000002 24.550000190734867 -3.0499999523162837 14.84999990463257 6.2500000000000009 30.750000000000004 -13.249999999999998 0 2.0499999523162846 5.8500001430511483 1 1.0000000180025095e-35 -2.5499999523162837 2 3 4 0.65000000596046459 5 34.850000381469734 1.6500000357627871 19.94999980926514 1.2500000000000002 6 1.0000000180025095e-35 10.449999809265138 1.2500000000000002 0.65000000596046459 14.050000190734865
decision_type=8 10 8 2 2 2 2 2 8 1 8 8 1 10 8 1 1 1 10 1 2 8 2 8 1 2 2 2 8 8
left_child=2 5 4 12 8 10 14 16 18 -6 11 -2 13 23 21 25 -5 29 -1 -10 24 -4 -19 -3 -9 -8 -17 -16 -29 -7
right_child=1 3 6 7 9 17 15 20 19 -11 -12 -13 -14 -15 27 26 -18 22 -20 -21 -22 -23 -24 -25 -26 -27 -28 28 -30 -31
leaf_value=-0.23940919646394399 0.045294046832616404 0.081443935994746974 0.022802723478774878 0.075647550732546753 -0.07237970767294348 -0.0063911634912929855 -0.031131017196787698 0.10642990001857995 -0.10569451666940233 -0.046334719109378419 -0.01558163279822476 -0.0020486516620814694 0.031504878111750255 -0.0080145565205136417 -0.052821991282821161 -0.016842824541562697 0.051153086191788322 0.019512059664077618 -0.11573021977819845 -0.073912880574178025 0.18198883882962949 -0.042410295491532329 0.039397062743234054 0.043432996854326007 0.062412487294991062 0.011188285471495025 0.00097012051232287953 0.02914889781698082 -0.0367563365503304 0.015978377633466549
leaf_weight=4018 49988 56851 25098 104218 114798 101944 231336 37737 56354 356905 226839 300568 674941 15184 162782 286146 455009 369532 9325 168773 4643 16399 144875 49971 40596 23080 200101 10606 432106 269277
leaf_count=4018 49988 56851 25098 104218 114798 101944 231336 37737 56354 356905 226839 300568 674941 15184 162782 286146 455009 369532 9325 168773 4643 16399 144875 49971 40596 23080 200101 10606 432106 269277
internal_value=-4.22253e-07 0.0279732 -0.0386996 0.0462079 -0.0638169 0.010036 -0.0258451 0.0600385 -0.0858545 -0.0526758 -0.00326661 0.00470224 0.0350627 0.0547376 -0.037551 -0.0156196 0.0557202 0.0187088 -0.152974 -0.0818765 0.0891427 -0.0029685 0.0251119 0.0636625 0.0836395 -0.0272908 -0.00951222 -0.039921 -0.0351775 0.00983503
internal_weight=5e+06 2.90217e+06 2.09783e+06 1.43915e+06 710173 1.46302e+06 1.38765e+06 642203 238470 471703 577395 350556 796947 122006 646991 740663 559227 885628 13343 225127 82976 41497 514407 106822 78333 254416 486247 605494 442712 371221
internal_count=5000000 2902173 2097827 1439150 710173 1463023 1387654 642203 238470 471703 577395 350556 796947 122006 646991 740663 559227 885628 13343 225127 82976 41497 514407 106822 78333 254416 486247 605494 442712 371221
cat_boundaries=0 1 2 3 4 5 6 7
cat_threshold=491968 384 2031840 1920 8323168 4161536 16128
is_linear=0
shrinkage=0.1


Tree=32
num_leaves=31
num_cat=8
split_feature=0 0 0 0 21 21 0 3 2 76 2 0 76 14 76 18 18 86 49 76 0 48 76 0 2 76 75 76 0 0
split_gain=440047 85012.3 50202.5 15114.9 13030.2 11617.1 10015.7 9323.67 8355.71 6776.46 6598.7 5593.16 5349.52 5121.75 5049.35 5045.37 4658.57 4600.65 6225.56 4433.66 4152.1 4131.17 3947.84 3919.06 3894.7 3844.48 5046.43 4386.22 3730.79 3610.27
threshold=10.449999809265138 20.94999980926514 1.0000000180025095e-35 27.250000000000004 16.150000572204593 5.2500000000000009 -6.6499998569488517 1.0000000180025095e-35 10.050000190734865 0 20.349999427795414 23.650000572204593 1 7.6499998569488534 2 15.650000095367433 23.94999980926514 -13.749999999999998 0.55000001192092907 3 17.44999980926514 1.3499999642372134 4 34.850000381469734 23.250000000000004 5 6 7 15.050000190734865 5.6499998569488534
decision_type=2 2 2 2 8 10 2 8 8 1 8 2 1 8 1 8 10 8 10 1 2 8 1 2 8 1 1 1 2 2
left_child=2 4 6 10 12 14 17 21 -6 -5 -3 -12 13 -2 -4 29 20 18 -1 -8 -10 -7 -19 -11 -13 26 -17 -28 -14 -9
right_child=1 3 5 9 8 7 19 15 16 23 11 24 28 -15 -16 25 -18 22 -20 -21 -22 -23 -24 -25 -26 -27 27 -29 -30 -31
leaf_value=-0.25969628164813124 -0.028003422226309846 0.065860084351845039 -0.049101175206084806 0.038686794440631563 0.076530439701633549 0.06851056745457898 -0.071376593510994166 -0.034316066338722653 0.004552838679288543 0.069467097099240274 0.026232567231617016 0.064860003675461561 0.001159903357729479 -0.00092163936899658429 -0.030367743023912899 0.053632746155331291 0.036222582961281419 -0.027771000517668183 -0.10123661105772486 -0.049420201487354327 0.020153222168297985 -0.005268370220867475 -0.090373712620583357 0.17128308332052083 0.038555786340009834 -0.029638920606806608 0.025599124318178318 -0.049955737759340757 0.018525248411027713 -0.018276045168367304
leaf_weight=3545 99251 74092 210290 89011 24038 17098 128427 205401 288886 228884 412104 64906 362898 235610 456298 23141 106293 11550 8248 325492 416693 13647 80469 3844 423985 24202 17252 13838 187713 442894
leaf_count=3545 99251 74092 210290 89011 24038 17098 128427 205401 288886 228884 412104 64906 362898 235610 456298 23141 106293 11550 8248 325492 416693 13647 80469 3844 423985 24202 17252 13838 187713 442894
internal_value=-3.74265e-07 0.0240388 -0.0366113 0.0433747 0.00947183 -0.0266507 -0.0620436 -0.0181779 0.0184264 0.0621692 0.0371732 0.0348142 0.00101849 -0.00894827 -0.0362788 -0.0204599 0.016706 -0.0900651 -0.14887 -0.055635 0.0137659 0.0357618 -0.0825288 0.0711457 0.042048 0.0034952 0.0182843 -0.00803521 0.00707993 -0.023358
internal_weight=5e+06 3.01821e+06 1.98179e+06 1.29683e+06 1.72138e+06 1.42406e+06 557731 757473 835910 321739 975087 900995 885472 334861 666588 726728 811872 103812 11793 453919 705579 30745 92019 232728 488891 78433 54231 31090 550611 648295
internal_count=5000000 3018208 1981792 1296826 1721382 1424061 557731 757473 835910 321739 975087 900995 885472 334861 666588 726728 811872 103812 11793 453919 705579 30745 92019 232728 488891 78433 54231 31090 550611 648295
cat_boundaries=0 1 2 3 4 5 6 7 8
cat_threshold=2031680 2064480 1017024 8355840 1792 992 1008 896
is_linear=0
shrinkage=0.1


Tree=33
num_leaves=31
num_cat=8
split_feature=20 20 0 19 0 19 0 0 77 3 76 48 0 2 4 76 24 87 76 75 76 76 76 3 48 2 76 11 48 48
split_gain=357440 58654.4 52192.7 14512.4 12320.7 12294.3 7819.01 7043.44 6235.87 5575.05 4917.42 10148.5 4824.47 5074.48 4661.31 4178.64 4428.07 4101.34 4044.19 5802.76 4313.34 3885.16 3771.98 3691.69 3668.57 3659.48 3512.47 3301.06 3300.96 3238.29
threshold=11.84999990463257 21.250000000000004 3.4500000476837163 -2.7499999999999996 17.849999427795414 29.44999980926514 8.8499999046325701 25.050000190734867 -13.15000009536743 3.2500000000000004 0 1.3499999642372134 11.050000190734865 10.449999809265138 14.84999990463257 1 1.0000000180025095e-35 1.0000000180025095e-35 2 3 4 5 6 2.4500000476837163 1.4499999880790713 -2.1499999761581416 7 -13.249999999999998 1.4499999880790713 0.75000000000000011
decision_type=10 10 2 10 2 10 2 2 8 8 1 8 2 8 8 1 2 10 1 1 1 1 1 8 8 8 1 8 10 10
left_child=2 4 3 8 9 7 23 14 29 24 11 25 18 -14 28 16 -8 -7 19 -11 -21 -6 27 -4 -2 -5 -9 -10 -3 -1
right_child=1 5 6 10 21 17 15 26 22 12 -12 -13 13 -15 -16 -17 -18 -19 -20 20 -22 -23 -24 -25 -26 -27 -28 -29 -30 -31
leaf_value=-0.20893870060485772 0.075722930881283082 0.077210644772961079 -1.6113439774118224e-05 0.041140468251568585 0.0022559842758609282 0.071030296882901661 -0.020411091095811486 0.027201389030438672 -0.14012645435246082 0.036709285036583154 -0.044141830700105404 -0.043867972814978062 0.039215810807107218 0.0035967435598767993 0.0268228017740475 0.00042690533860725507 0.028954621535805938 -0.0027645814260429586 -0.024654937421966151 0.0087448960151751808 -0.049322517125451458 0.024318177586339834 -0.056255101687853949 -0.026263398920104986 -0.00070152741818621783 -0.011360470391923836 0.05011757354579819 -0.075134033612841614 0.030632597522350591 -0.095830275907769463
leaf_weight=4330 17246 33117 58911 22843 92982 138942 249432 82079 8816 33592 555334 91504 42641 645029 586658 294395 19598 7963 110174 29296 22697 564425 186987 592898 9879 31702 363463 68827 28147 6093
leaf_count=4330 17246 33117 58911 22843 92982 138942 249432 82079 8816 33592 555334 91504 42641 645029 586658 294395 19598 7963 110174 29296 22697 564425 186987 592898 9879 31702 363463 68827 28147 6093
internal_value=-3.92855e-07 0.0236196 -0.0302662 -0.047482 0.0107657 0.0398683 -0.0164335 0.0362191 -0.0669498 0.00323367 -0.0398475 -0.0235143 0.00186256 0.00580541 0.0295638 -0.00780591 -0.0168143 0.0670302 -0.011988 0.00432054 -0.0166084 0.0211982 -0.0639615 -0.0238911 0.0478889 0.0106265 0.0458976 -0.082503 0.0558109 -0.142819
internal_weight=5e+06 2.80833e+06 2.19167e+06 976436 1.56796e+06 1.24037e+06 1.21523e+06 1.09346e+06 275053 910554 701383 146049 883429 687670 647922 563425 269030 146905 195759 85585 51993 657407 264630 651809 27125 54545 445542 77643 61264 10423
internal_count=5000000 2808330 2191670 976436 1567961 1240369 1215234 1093464 275053 910554 701383 146049 883429 687670 647922 563425 269030 146905 195759 85585 51993 657407 264630 651809 27125 54545 445542 77643 61264 10423
cat_boundaries=0 1 2 3 4 5 6 7 8
cat_threshold=16128 4161760 480 1008 384 393280 1016256 917568
is_linear=0
shrinkage=0.1


Tree=34
num_leaves=31
num_cat=8
split_feature=0 19 0 0 0 0 2 76 81 54 76 81 48 80 48 2 0 3 76 2 76 48 83 75 76 3 76 76 11 48
split_gain=291959 49535.8 40820.4 13025.6 9793.81 8827.3 7020.31 6719.63 6650.62 5998.85 6695.9 7533.19 5261.41 5106.01 5054.22 5013.28 4990.11 5334.02 4361.2 4313.47 4143.57 4099.88 3921.67 3740.13 10984.4 3680.35 3494.54 3287.33 3230.66 3120.7
threshold=13.050000190734865 2.4500000476837163 22.150000572204593 -1.4499999880790708 7.6499998569488534 29.750000000000004 7.0499999523162851 0 1.0000000180025095e-35 2.0499999523162846 1 1.0000000180025095e-35 1.0500000119209292 -13.749999999999998 1.2500000000000002 21.150000572204593 18.250000000000004 18.94999980926514 2 22.94999980926514 3 1.3499999642372134 25.550000190734867 4 5 13.949999809265138 6 7 -10.349999904632567 1.0500000119209292
decision_type=2 10 2 2 2 2 8 1 10 8 1 10 8 8 8 8 2 10 1 10 1 8 10 1 1 10 1 1 8 10
left_child=1 3 7 13 9 15 12 8 14 10 11 21 -6 29 -2 -4 17 -9 -5 -18 -17 -3 -22 24 -12 -8 -7 28 -15 -1
right_child=2 4 5 18 6 26 25 16 -10 -11 23 -13 -14 27 -16 20 19 -19 -20 -21 22 -23 -24 -25 -26 -27 -28 -29 -30 -31
leaf_value=-0.17527230781395442 0.056770548113866171 0.025208768997230575 0.063851813621671374 -0.046937360210397516 0.068069032563484302 0.079356142170427635 -0.0067549554386253183 0.0078778399152936128 -0.018761631713363792 -0.033003835979434508 0.067443237865934591 -0.079494848038346833 0.00647980866491564 -0.11183855266866194 0.021998782266961364 0.012901135156849175 0.019190193022392218 -0.016957790457758696 -0.027658398156263666 -0.012310784227698966 0.030602411090416528 -0.013744540007885071 0.046041841764848497 -0.028280297860782136 -0.028359062621918132 -0.02884580503829591 0.046501247286676969 -0.049134252763384005 -0.063722240331165289 -0.072323666191061717
leaf_weight=5944 73076 75824 54916 181685 19504 62495 603269 644719 24573 319598 17003 9900 48022 15800 97678 94372 561701 99874 331773 47115 569819 41979 231295 248767 40350 86191 67456 200017 119450 5835
leaf_count=5944 73076 75824 54916 181685 19504 62495 603269 644719 24573 319598 17003 9900 48022 15800 97678 94372 561701 99874 331773 47115 569819 41979 231295 248767 40350 86191 67456 200017 119450 5835
internal_value=-3.58486e-07 -0.0254464 0.0229469 -0.0445966 -0.0145363 0.037866 -0.00650278 0.0125398 0.0298783 -0.0226078 -0.014949 0.00428655 0.024269 -0.0595618 0.0368797 0.0345235 0.0100372 0.00454658 -0.0344816 0.0167524 0.0327249 0.0113278 0.0350596 -0.0229727 4.95099e-05 -0.00951658 0.0623112 -0.0572882 -0.0693381 -0.124274
internal_weight=5e+06 2.37091e+06 2.62909e+06 860504 1.51041e+06 1.08035e+06 756986 1.54874e+06 195327 753421 433823 127703 67526 347046 170754 950402 1.35341e+06 744593 513458 608816 895486 117803 801114 306120 57353 689460 129951 335267 135250 11779
internal_count=5000000 2370911 2629089 860504 1510407 1080353 756986 1548736 195327 753421 433823 127703 67526 347046 170754 950402 1353409 744593 513458 608816 895486 117803 801114 306120 57353 689460 129951 335267 135250 11779
cat_boundaries=0 1 2 3 4 5 6 7 8
cat_threshold=896 1920 1017792 393216 1008 96 8404864 16744576
is_linear=0
shrinkage=0.1


Tree=35
num_leaves=31
num_cat=8
split_feature=0 21 19 0 52 0 76 90 48 90 76 0 75 76 2 48 89 2 75 76 0 76 0 6 18 76 48 12 13 83
split_gain=238086 47086.5 27896.9 10986 9539.99 7578.09 7236.47 8882.54 7986.97 7097.61 6361.77 5927.54 5797.66 8790.6 5655.4 5595.96 5000.05 4297.34 4293.98 4176.31 4036.98 4035.89 3991.39 3941.19 3570.39 3239.12 4062.49 3385.49 3144.17 2997.99
threshold=14.34999990463257 3.0499999523162846 23.94999980926514 -1.0500000119209287 1.6500000357627871 19.94999980926514 0 1.0000000180025095e-35 1.2500000000000002 1.0000000180025095e-35 1 5.6499998569488534 2 3 13.84999990463257 2.2500000000000004 -13.15000009536743 20.750000000000004 4 5 28.94999980926514 6 5.6499998569488534 -13.15000009536743 29.349999427795414 7 1.5500000119209292 -8.6500000953674299 14.949999809265138 -13.249999999999998
decision_type=2 10 8 2 8 2 1 10 8 10 1 2 1 1 8 10 8 10 1 1 2 1 2 8 10 1 8 8 10 10
left_child=1 3 5 16 6 14 7 8 12 10 15 -6 -3 18 -2 24 23 -16 -14 28 -17 -5 -8 29 -4 26 -18 -27 -7 -1
right_child=2 4 9 21 11 19 22 -9 -10 -11 -12 -13 13 -15 17 20 25 -19 -20 -21 -22 -23 -24 -25 -26 27 -28 -29 -30 -31
leaf_value=-0.23635656502082072 0.035054901878597895 0.060723248700955239 0.051006148788266564 -0.043297186564660937 -0.032665879064735323 -0.031485929332902153 -0.028731461712658835 -0.042442620968991214 -0.0040753735044680934 0.0080462139146941364 0.02898938442978068 -0.013422487388009656 0.01955430356662613 0.03726592812886146 0.0083668806899011485 0.023366466024805774 0.001277136765813346 -0.021456549991226696 -0.039720361749246952 0.025411125141545074 0.053399310252967583 -0.024261755139574917 -0.0063687091511642245 -0.078433688039390811 0.077576444787659238 -0.083954780893115491 -0.04872556651503962 -0.050223278543334207 0.012357675036334094 0.010988858711769292
leaf_weight=3159 75697 39553 177219 156719 215858 20069 105450 32602 156603 70556 260724 619360 20565 82420 764436 109713 26079 51575 30100 663904 75597 385532 328286 10503 70769 33270 43103 281575 88424 580
leaf_count=3159 75697 39553 177219 156719 215858 20069 105450 32602 156603 70556 260724 619360 20565 82420 764436 109713 26079 51575 30100 663904 75597 385532 328286 10503 70769 33270 43103 281575 88424 580
internal_value=-3.17477e-07 -0.0212078 0.0224527 -0.0390269 -0.0109311 0.015188 -0.00309441 0.0073473 0.0122778 0.0382641 0.0413362 -0.0183958 0.0271121 0.0171169 0.00890748 0.0487637 -0.0516379 0.00648193 -0.0156616 0.0224388 0.0356183 -0.0297645 -0.0118053 -0.109821 0.0585886 -0.0494801 -0.0298721 -0.053786 0.00424711 -0.197988
internal_weight=5e+06 2.57132e+06 2.42868e+06 940520 1.6308e+06 1.6641e+06 795579 361843 329241 764578 694022 835218 172638 133085 891708 433298 398269 816011 50665 772397 185310 542251 433736 14242 247988 384027 69182 314845 108493 3739
internal_count=5000000 2571317 2428683 940520 1630797 1664105 795579 361843 329241 764578 694022 835218 172638 133085 891708 433298 398269 816011 50665 772397 185310 542251 433736 14242 247988 384027 69182 314845 108493 3739
cat_boundaries=0 1 2 3 4 5 6 7 8
cat_threshold=32704 131008 880 16576 1160 393280 493504 16128
is_linear=0
shrinkage=0.1


Tree=36
num_leaves=31
num_cat=6
split_feature=20 19 0 0 0 0 76 3 83 4 0 12 0 2 48 76 48 76 76 76 6 80 76 25 26 24 0 2 83 72
split_gain=194985 34945.9 26818.3 8578.29 7467.64 7466.39 5517.24 4804 4120.5 3951.81 3722.11 3550.78 3435.29 3768.96 3379.36 3337.36 3291.58 3632.15 3193.64 3079.41 3050.14 4426.62 3015.63 3540.37 2979.57 2958.26 2918.24 4832.92 2831.06 2790.51
threshold=11.250000000000002 21.250000000000004 2.6499999761581425 15.550000190734865 -6.6499998569488517 27.050000190734867 0 3.8500000238418584 6.0499999523162851 13.449999809265138 34.850000381469734 1.8499999642372134 23.250000000000004 22.550000190734867 1.8499999642372134 1 2.7500000000000004 2 3 4 -13.15000009536743 -13.749999999999998 5 1.0000000180025095e-35 1.0000000180025095e-35 1.0000000180025095e-35 9.6500000953674334 9.0500001907348651 -13.249999999999998 36.851650238037116
decision_type=8 10 2 2 2 2 1 8 8 8 2 10 2 8 8 1 8 1 1 1 8 10 1 10 8 2 2 8 10 2
left_child=2 3 4 7 18 9 11 14 -8 -3 19 -4 -11 -14 -2 25 17 24 -1 -7 21 28 -5 -24 29 -6 -9 -28 -20 -17
right_child=1 5 6 22 15 10 8 26 -10 12 -12 -13 13 -15 -16 16 -18 -19 20 -21 -22 -23 23 -25 -26 -27 27 -29 -30 -31
leaf_value=-0.028878709814939292 0.048969788003946066 0.053906648540200997 -0.046612541869511297 0.019704408844618552 -0.044774623765015738 0.05245067372399486 -0.021849908349989382 -0.016059489337932335 -0.0066233290729848827 0.017054701044365669 0.13138924877740596 -0.019706416114652767 0.056613850918833711 0.026423269694863541 -0.011558881430111984 0.027641703267910801 -0.041252344014806958 -0.029019528296252324 -0.23602255250764359 0.032699254435387896 -0.065334485422242294 -0.021986005593532816 0.005904247894125433 0.032952117742603697 -0.05632259128583722 -0.013434293884810048 0.036807436198954331 -0.0025193022420622099 -0.042062512673820399 -0.011976010742853933
leaf_weight=22987 30616 44515 67106 420505 272741 138361 233823 143354 740752 433308 4639 182270 46270 388905 13201 26218 131499 240398 3469 184229 73992 2261 505437 53517 10294 33857 33517 461764 961 55234
leaf_count=22987 30616 44515 67106 420505 272741 138361 233823 143354 740752 433308 4639 182270 46270 388905 13201 26218 131499 240398 3469 184229 73992 2261 505437 53517 10294 33857 33517 461764 961 55234
internal_value=-2.72795e-07 0.0167895 -0.0232269 0.00730999 -0.0366075 0.0294921 -0.013673 -0.00129704 -0.0102764 0.024847 0.0424524 -0.0269457 0.0233575 0.0296333 0.030734 -0.0332162 -0.0278608 -0.0225597 -0.0618043 0.0411734 -0.0711725 -0.135838 0.0133071 0.00849379 -0.00562969 -0.0413124 -0.0034947 0.000142044 -0.193947 0.000776251
internal_weight=5e+06 2.90214e+06 2.09786e+06 1.66191e+06 873911 1.24023e+06 1.22395e+06 682452 974575 912998 327229 249376 868483 435175 43817 770241 463643 332144 103670 322590 80683 6691 979459 558954 91746 306598 638635 495281 4430 81452
internal_count=5000000 2902138 2097862 1661911 873911 1240227 1223951 682452 974575 912998 327229 249376 868483 435175 43817 770241 463643 332144 103670 322590 80683 6691 979459 558954 91746 306598 638635 495281 4430 81452
cat_boundaries=0 1 2 3 4 5 6
cat_threshold=458944 16744449 16128 20352 12590991 32670
is_linear=0
shrinkage=0.1


Tree=37
num_leaves=31
num_cat=6
split_feature=0 0 18 19 86 52 2 0 89 53 76 87 3 48 76 87 20 48 76 86 75 76 2 22 86 48 4 76 3 2
split_gain=159737 31395.7 19573.1 6680.72 5890.62 5306.68 5039.33 4401.6 4282.93 4214.24 4796.81 5448.07 4204.65 4104.23 3862.99 3815.73 3420.88 3091.86 2924.87 2853.44 2753.33 8288.23 2721.95 3321.64 2595.25 4674.5 2530.63 2338.95 2240.36 2058.02
threshold=10.449999809265138 20.94999980926514 -0.94999998807907093 31.050000190734867 6.4500000476837167 1.2500000000000002 3.4500000476837163 -5.2499999999999991 26.150000572204593 1.8499999642372134 0 1.0000000180025095e-35 19.250000000000004 1.9499999880790713 1 1.0000000180025095e-35 16.849999427795414 1.6500000357627871 2 16.849999427795414 3 4 -2.7499999999999996 6.0499999523162851 -13.749999999999998 0.45000000298023229 -13.050000190734862 5 11.250000000000002 9.2500000000000018
decision_type=2 2 10 10 10 8 8 2 10 8 1 10 8 8 1 10 8 8 1 10 1 1 10 8 8 10 8 1 10 10
left_child=2 5 7 8 9 14 -6 24 12 10 11 13 -3 22 15 17 -14 29 -9 27 21 -12 -4 -24 25 26 -1 -7 -8 -2
right_child=1 3 4 -5 6 19 28 18 -10 -11 20 -13 16 -15 -16 -17 -18 -19 -20 -21 -22 -23 23 -25 -26 -27 -28 -29 -30 -31
leaf_value=-0.27788483613891074 0.072505292515908953 0.045094022023325547 0.045177780813991 0.05600655322045614 0.040638775083993765 -0.011941589126250958 -0.0052616046538150781 -0.049907934425335816 0.035610027552026906 -0.026575109394214941 0.057060826847825312 -0.05173729601437517 -0.0084456198260994628 -0.019846482741621582 0.0078732629392871852 -0.015039330606581428 0.020884115829872218 0.010628559788739377 -0.028258677823463325 0.0098041038168566273 -0.024405594509453624 -0.023539272347153611 -0.012869244975332185 0.021727180800576892 -0.051669702331673541 -0.062959741630980726 -0.093382933563419201 0.0011148732872243708 -0.027552414445180008 0.033990298208782403
leaf_weight=1903 16278 69216 21424 71228 22038 177793 294792 86077 270556 550539 17408 20094 41733 55445 469786 21206 844093 54880 227504 286617 344461 47680 50134 62161 117086 8596 1220 600895 53230 93927
leaf_count=1903 16278 69216 21424 71228 22038 177793 294792 86077 270556 550539 17408 20094 41733 55445 469786 21206 844093 54880 227504 286617 344461 47680 50134 62161 117086 8596 1220 600895 53230 93927
internal_value=-2.36125e-07 0.0144832 -0.0220581 0.0262338 -0.0167306 0.0056308 -0.00573447 -0.0405967 0.0245035 -0.0202105 -0.014548 -0.00223021 0.0213571 0.00302857 0.0127059 0.024891 0.0195023 0.0300218 -0.0342038 0.00127354 -0.0208413 -0.00197706 0.0125134 0.00628164 -0.0561604 -0.101028 -0.205809 -0.00186637 -0.00867099 0.0396792
internal_weight=5e+06 3.01821e+06 1.98179e+06 1.29683e+06 1.53941e+06 1.72138e+06 370060 442386 1.2256e+06 1.16935e+06 618807 209258 955042 189164 656077 186291 885826 165085 313581 1.0653e+06 409549 65088 133719 112295 128805 11719 3123 778688 348022 110205
internal_count=5000000 3018208 1981792 1296826 1539406 1721382 370060 442386 1225598 1169346 618807 209258 955042 189164 656077 186291 885826 165085 313581 1065305 409549 65088 133719 112295 128805 11719 3123 778688 348022 110205
cat_boundaries=0 1 2 3 4 5 6
cat_threshold=32640 530304 492480 1008 96 461824
is_linear=0
shrinkage=0.1


Tree=38
num_leaves=31
num_cat=9
split_feature=19 0 0 19 0 2 76 24 76 24 76 84 48 20 2 75 76 76 24 16 77 83 83 76 1 75 76 13 28 89
split_gain=130082 22579.7 20364.3 6402.52 6364.91 4857.16 4408.46 6206.72 4345.78 4325.15 4507.58 4261.18 3509.65 3334.55 3461.2 3257.69 7762.44 4909.31 3512.25 3225.11 3011.69 2965.19 2876.38 2816.76 2664.37 2653.5 2602.89 2382.77 2348.87 2307.87
threshold=12.650000095367433 4.0499999523162851 19.650000572204593 25.849999427795414 -2.7499999999999996 -3.4500000476837154 0 1.0000000180025095e-35 1 1.0000000180025095e-35 2 1.0000000180025095e-35 3.4500000476837163 32.95000076293946 19.550000190734867 3 4 5 1.0000000180025095e-35 3.6499999761581425 -13.15000009536743 11.250000000000002 12.449999809265138 6 10.449999809265138 7 8 17.050000190734867 1.0000000180025095e-35 24.650000572204593
decision_type=10 2 2 10 2 8 1 2 1 2 1 10 10 8 8 1 1 1 2 8 8 10 8 1 10 1 1 10 10 10
left_child=1 4 6 23 20 -6 7 12 9 19 -11 13 28 14 -5 16 18 25 24 -3 -1 -10 -19 27 -8 -17 -22 -4 -2 -25
right_child=2 8 3 11 5 -7 15 -9 21 10 -12 -13 -14 -15 -16 17 -18 22 -20 -21 26 -23 -24 29 -26 -27 -28 -29 -30 -31
leaf_value=-0.091179795480181652 0.03664429630222274 -0.032199226345396223 -0.011483086361756333 0.079251094777838579 0.026025911341823971 -0.024767732017744768 0.083532726322330761 -0.036539500785874666 -0.0067509469422553335 -0.036209735602452324 0.033520757932299965 -0.00041488136711009365 -0.012856140753406768 0.072959489200201677 0.031311172823287318 0.0051077922432714211 0.0027249514841394076 -0.015519473665605575 -0.025543698142421651 -0.013345483684134161 -0.052935750767619208 0.008649637085539872 0.0058666901380590025 0.019028586563182622 0.033780754962917513 -0.033561313575435653 -0.032071048211119779 0.014027863687440398 -0.026256369267618481 0.033176277693843639
leaf_weight=11489 117732 121508 41546 15666 19312 748478 12834 17010 575713 12869 33086 36387 18836 22211 389479 23788 438092 78155 8578 358186 89015 159699 321983 548456 66737 69882 182709 308316 6252 145996
leaf_count=11489 117732 121508 41546 15666 19312 748478 12834 17010 575713 12869 33086 36387 18836 22211 389479 23788 438092 78155 8578 358186 89015 159699 321983 548456 66737 69882 182709 308316 6252 145996
internal_value=-2.26912e-07 -0.0173916 0.0149592 0.0226582 -0.0282165 -0.0234901 0.00511872 0.0205603 -0.00836981 -0.0153133 0.0139932 0.0324361 0.0273624 0.0352331 0.0331649 0.00269898 0.00817324 -0.00313488 0.0352474 -0.0181212 -0.0410298 -0.00340657 0.0016895 0.0183162 0.0418052 -0.0237416 -0.0389093 0.0109981 0.0334725 0.0220026
internal_weight=5e+06 2.31206e+06 2.68794e+06 1.50806e+06 1.051e+06 767790 1.17988e+06 159830 1.26106e+06 525649 45955 463743 142820 427356 405145 1.02005e+06 526241 493808 88149 479694 283213 735412 400138 1.04431e+06 79571 93670 271724 349862 123984 694452
internal_count=5000000 2312064 2687936 1508057 1051003 767790 1179879 159830 1261061 525649 45955 463743 142820 427356 405145 1020049 526241 493808 88149 479694 283213 735412 400138 1044314 79571 93670 271724 349862 123984 694452
cat_boundaries=0 1 2 3 4 5 6 7 8 9
cat_threshold=384 4130016 1248 992 96 131168 8257632 16 16744448
is_linear=0
shrinkage=0.1


Tree=39
num_leaves=31
num_cat=6
split_feature=0 0 0 89 2 3 0 83 86 51 48 76 1 2 76 3 86 3 83 76 75 48 76 25 11 48 3 76 48 74
split_gain=106635 21700.5 13201 5699.46 5285.93 4908.05 4072.42 4003.25 3833.62 3678.65 3536.18 3337.24 2774.09 2669.49 2597.57 2419.42 2801.88 2378.22 2254.85 2253.1 3422.68 2729.64 2836.54 2803.28 2559.22 2206.83 1968.98 1908.39 1853.29 1833.76
threshold=14.34999990463257 1.4499999880790713 24.050000190734867 9.6500000953674334 7.4500000476837167 13.949999809265138 33.049999237060554 17.94999980926514 -8.0500001907348615 1.3499999642372134 1.4499999880790713 0 1.0500000119209292 14.84999990463257 1 24.849999427795414 19.44999980926514 23.349999427795414 28.250000000000004 2 3 2.7500000000000004 4 1.0000000180025095e-35 -6.6499998569488517 0.94999998807907116 19.349999427795414 5 1.1500000357627871 69.500000000000014
decision_type=2 2 2 10 8 8 2 8 8 10 8 1 8 10 1 10 8 8 10 1 1 8 1 8 8 10 10 1 8 2
left_child=1 8 5 9 -5 10 11 26 -1 12 -2 -4 28 -6 29 16 -9 -13 -19 20 27 22 -22 25 -21 -24 -7 -10 -3 -11
right_child=2 3 6 4 13 7 -8 15 19 14 -12 17 -14 -15 -16 -17 -18 18 -20 24 21 -23 23 -25 -26 -27 -28 -29 -30 -31
leaf_value=-0.054162949378611325 0.050086159561592729 0.063531946795051905 0.0053640021839876442 0.037020808241440682 0.00065305192107841838 0.0025863460986539234 0.06927686914625085 0.0039937586646546916 0.11511903075072585 -0.016438512241395684 0.016188188183268167 0.041381712705893962 -0.0065414771480876285 -0.024651950695197076 -0.011662272551813449 -0.0060168652446141785 0.015370377743906921 0.021283605847097601 0.036967533111277727 -0.053467836452187181 -0.0292780990866368 -0.037506282442240906 0.027211919422166105 -0.052988447647657533 -0.02813563240613012 -0.0086165133178532412 -0.016922472554653581 0.01076032247415596 -0.0032589516605821046 -0.032309869277869066
leaf_weight=54731 48367 9591 79037 37615 391331 281322 21157 293018 2692 166457 84606 99211 521662 46659 525296 76185 828807 437627 115954 43994 58772 64648 29552 8966 426532 41102 63392 5009 7329 129379
leaf_count=54731 48367 9591 79037 37615 391331 281322 21157 293018 2692 166457 84606 99211 521662 46659 525296 76185 828807 437627 115954 43994 58772 64648 29552 8966 426532 41102 63392 5009 7329 129379
internal_value=-2.26905e-07 -0.0141931 0.0150262 -0.00837561 0.0010468 0.0100841 0.0260244 0.00849521 -0.0287 -0.0116714 0.0285181 0.024774 -0.00524895 -0.00204269 -0.0158839 0.0112277 0.0123988 0.0271236 0.0245688 -0.0266544 -0.0180581 -0.0205408 -0.0126171 -0.000315003 -0.0305035 0.00636922 -0.00100127 0.0473425 0.0346011 -0.0233788
internal_weight=5e+06 2.57132e+06 2.42868e+06 1.83532e+06 475605 1.6757e+06 752986 1.54272e+06 735998 1.35971e+06 132973 731829 538582 437990 821132 1.19801e+06 1.12182e+06 652792 553581 681267 210741 203040 138392 79620 470526 70654 344714 7701 16920 295836
internal_count=5000000 2571317 2428683 1835319 475605 1675697 752986 1542724 735998 1359714 132973 731829 538582 437990 821132 1198010 1121825 652792 553581 681267 210741 203040 138392 79620 470526 70654 344714 7701 16920 295836
cat_boundaries=0 1 2 3 4 5 6
cat_threshold=393216 2035200 16224 48 96 64
is_linear=0
shrinkage=0.1


Tree=40
num_leaves=31
num_cat=4
split_feature=21 19 18 18 87 86 3 0 76 48 89 48 76 80 83 6 89 4 88 2 89 0 48 86 4 76 77 5 4 76
split_gain=87726.4 18850 10496.4 5587.47 4056.01 4020.74 3394.39 3299.66 3223.36 3390.81 3173.1 3281.18 3236.47 3173 2636.26 2616.37 2558.98 2749.85 2446.78 2889.07 2239.59 2128.9 2116.64 1998.25 2151.56 1883.11 1851.6 1816.05 1780.3 1711.61
threshold=9.8499999046325701 19.349999427795414 -0.25000000745058054 26.150000572204593 1.0000000180025095e-35 11.650000095367433 9.8499999046325701 21.94999980926514 0 1.5500000119209292 -13.15000009536743 1.0500000119209292 1 5.8500001430511483 -13.249999999999998 5.8500001430511483 13.750000000000002 23.150000572204593 2.5499999523162846 4.2500000000000009 18.849999427795414 34.850000381469734 2.0499999523162846 4.8500001430511483 -4.3500001430511466 2 -7.9500000476837149 -12.949999809265135 -10.249999999999998 3
decision_type=8 10 8 10 10 8 8 2 1 8 8 10 1 10 10 8 8 10 8 8 10 2 8 10 8 1 8 10 8 1
left_child=2 5 10 6 8 18 -3 -8 -5 -10 11 14 -12 23 27 22 -17 20 19 29 -18 -11 -7 24 25 -4 -14 -1 -28 -2
right_child=1 3 13 4 -6 15 7 -9 9 21 12 -13 26 -15 -16 16 17 -19 -20 -21 -22 -23 -24 -25 -26 -27 28 -29 -30 -31
leaf_value=-0.23651005279160439 0.038105602726178606 0.052139184663625819 0.030262967044896033 0.016891097256715597 -0.005427543136693809 0.037635482053328395 0.0073106646731796038 0.018287047060722272 0.04925327397038972 0.025533650250632391 -0.049550771869257416 -0.034754873884354914 -0.047996390899008951 -0.0044503752672289806 -0.02747017218240393 -0.0064203102920998359 0.0051567168706960148 -0.0087993853709662385 -0.023576068075215333 -0.0074198677904477803 0.017890868409931617 0.10772598744533866 0.0046029494123209147 -0.0076862329765933022 -0.018947034167833721 -0.025073448759471401 0.0082038843260325515 -0.10359851781953822 -0.024439992771510537 -0.034983934518671961
leaf_weight=2267 23010 23163 16830 126173 34615 42405 488744 622954 116149 166810 60300 7973 32093 367348 1671 208406 678741 113846 77713 170314 173393 3212 35754 256083 722054 9679 17444 1881 395259 3716
leaf_count=2267 23010 23163 16830 126173 34615 42405 488744 622954 116149 166810 60300 7973 32093 367348 1671 208406 678741 113846 77713 170314 173393 3212 35754 256083 722054 9679 17444 1881 395259 3716
internal_value=-1.86153e-07 0.0103297 -0.0169852 0.0179807 0.0274511 0.00240549 0.0142508 0.0134614 0.0302111 0.0360821 -0.0291003 -0.076424 -0.0278081 -0.0124033 -0.133518 0.00480855 0.00362949 0.00579769 -0.00854962 -0.00262316 0.00774787 0.0270864 0.0225247 -0.0153113 -0.0179198 0.0100604 -0.0248589 -0.176238 -0.0230602 0.0279444
internal_weight=5e+06 3.10912e+06 1.89088e+06 1.58182e+06 446959 1.5273e+06 1.13486e+06 1.1117e+06 412344 286171 518888 13792 505096 1.37199e+06 5819 1.25254e+06 1.17439e+06 965980 274753 197040 852134 170022 78159 1.00465e+06 748563 26509 444796 4148 412703 26726
internal_count=5000000 3109118 1890882 1581820 446959 1527298 1134861 1111698 412344 286171 518888 13792 505096 1371994 5819 1252545 1174386 965980 274753 197040 852134 170022 78159 1004646 748563 26509 444796 4148 412703 26726
cat_boundaries=0 1 2 3 4
cat_threshold=917567 196736 3968 4064
is_linear=0
shrinkage=0.1


Tree=41
num_leaves=31
num_cat=6
split_feature=0 18 0 0 2 87 76 48 2 76 83 2 2 90 86 4 48 19 83 0 76 49 16 76 75 76 73 3 83 2
split_gain=71833.9 14737.6 9367.12 4471.28 4148.48 4147.53 4916 5060.56 3913.46 3683.83 3682.39 4375.21 3372.29 2870.53 2869.44 2854.9 2843.83 2603.61 2505.93 2317.96 2177.27 2169.55 2119.55 2032 4223.69 2160.97 2158.81 2094.96 1975.19 1940.62
threshold=10.050000190734865 22.44999980926514 -1.0500000119209287 18.250000000000004 -1.6500000357627866 1.0000000180025095e-35 0 2.4500000476837163 9.2500000000000018 1 6.4500000476837167 4.4500000476837167 18.94999980926514 1.0000000180025095e-35 14.750000000000002 25.349999427795414 1.1500000357627871 4.0499999523162851 -13.249999999999998 28.94999980926514 2 1.1500000357627871 28.750000000000004 3 4 5 142.07500457763675 -10.249999999999998 22.44999980926514 10.650000095367433
decision_type=2 8 2 2 8 10 1 10 8 1 10 8 10 10 10 8 8 10 8 2 1 10 10 1 1 1 2 10 10 10
left_child=2 3 18 8 17 6 7 13 16 -7 20 -12 14 22 -10 28 -2 -4 21 -9 -6 -1 -3 24 25 -20 -25 -26 -5 -13
right_child=1 5 4 15 10 9 -8 19 12 -11 11 29 -14 -15 -16 -17 -18 -19 23 -21 -22 -23 -24 26 27 -27 -28 -29 -30 -31
leaf_value=-0.11392004189322212 0.054533241641841403 0.033101178012505839 0.0021855965258984751 0.010159135373097428 -0.0099195076868643234 -0.019520537151036379 0.01305852522869628 0.0069192936730684681 -0.0026351787269276467 0.01881584689161862 0.031116257368497081 -0.0038713850791283694 -0.023949837862021827 -0.0096269590523981735 0.0087468654351714886 -0.0031483410445487521 0.010328647300158901 0.062788096848768779 0.053213714489254271 0.029617319162870803 -0.01884467482314587 -0.033666766262264627 0.053312196900545811 -0.025379647662059593 0.007676936820502577 -0.01090181503874906 -0.044268695313456695 -0.02917057591927591 0.023549296757650842 -0.027598371449739374
leaf_weight=6215 21073 247014 18501 564813 483152 49344 402605 125563 780381 50923 33602 274680 59006 13574 309269 134202 47042 11493 11471 70115 629637 7355 65686 170510 17816 9696 93785 115203 136856 39418
leaf_count=6215 21073 247014 18501 564813 483152 49344 402605 125563 780381 50923 33602 274680 59006 13574 309269 134202 47042 11493 11471 70115 629637 7355 65686 170510 17816 9696 93785 115203 136856 39418
internal_value=-1.72407e-07 0.00947354 -0.0151651 0.00458381 -0.0114069 0.0192673 0.0213623 0.0277665 0.000715472 -5.05556e-05 -0.012163 -0.00318003 -0.000665555 0.0353925 0.00059532 0.0102149 0.0240044 0.0254071 -0.0281298 0.0150524 -0.0149698 -0.0704224 0.0373467 -0.0267583 -0.017631 0.0238529 -0.0320812 -0.0242336 0.0127708 -0.00684902
internal_weight=5e+06 3.07747e+06 1.92253e+06 2.05264e+06 1.49048e+06 1.02482e+06 924557 521952 1.21677e+06 100267 1.46049e+06 347700 1.14866e+06 326274 1.08965e+06 835871 68115 29994 432051 195678 1.11279e+06 13570 312700 418481 154186 21167 264295 133019 701669 314098
internal_count=5000000 3077466 1922534 2052642 1490483 1024824 924557 521952 1216771 100267 1460489 347700 1148656 326274 1089650 835871 68115 29994 432051 195678 1112789 13570 312700 418481 154186 21167 264295 133019 701669 314098
cat_boundaries=0 1 2 3 4 5 6
cat_threshold=131008 8160 29054 16352 1080 448
is_linear=0
shrinkage=0.1


Tree=42
num_leaves=31
num_cat=8
split_feature=18 0 0 76 81 0 76 24 0 48 0 76 2 2 75 76 3 48 86 84 27 6 12 76 3 83 83 76 75 89
split_gain=58873.3 11597.4 8894.22 3796.12 5544.46 3457.31 3310.83 3246.07 3065.71 3020.72 2987.82 2950.02 2813.53 2792.3 2659.5 7860.12 2612.82 2561.03 2503.32 2288.62 2281.36 2131.93 2113.65 2111.11 2026.01 2675.76 1931.15 1919.76 2367.95 1839.04
threshold=13.449999809265138 4.8500001430511483 23.250000000000004 0 1.0000000180025095e-35 -3.8500000238418575 1 1.0000000180025095e-35 17.250000000000004 3.4500000476837163 32.350000381469734 2 -4.3500001430511466 22.250000000000004 3 4 15.84999990463257 2.4500000476837163 8.8499999046325701 1.0000000180025095e-35 1.0000000180025095e-35 18.650000572204593 4.0499999523162851 5 6.0499999523162851 2.6499999761581425 10.449999809265138 6 7 -13.15000009536743
decision_type=10 2 2 1 10 2 1 2 2 10 2 1 8 8 1 1 8 8 8 10 10 10 8 1 8 10 8 1 1 8
left_child=1 5 3 4 9 23 7 17 14 20 13 -9 -7 -4 15 19 -10 22 -8 -5 -2 26 -3 -1 25 -14 -20 28 -16 -25
right_child=2 6 10 8 -6 12 18 11 16 -11 -12 -13 24 -15 27 -17 -18 -19 21 -21 -22 -23 -24 29 -26 -27 -28 -29 -30 -31
leaf_value=-0.0030058021267597569 0.032727940470905041 -0.043681699992365541 0.040027229764227734 0.049594396288872716 -0.026692122053964748 0.022465672705846009 -0.010050738344036372 0.043145646229503322 0.028872211412660345 -0.0084849315392268691 0.04771874397277185 -0.039468871874303327 -0.018006627413317086 0.016076054425380629 0.0027145179273117921 -0.0021179930805358539 0.0068652941275177889 -0.005588542782764782 -0.0052291633999683243 -0.03022848061830874 -0.021220915015111849 -0.013291446643554541 -0.017916044727459206 -0.070972380687487346 -0.033943429012333791 -0.0036886252124383422 0.0066909051764032753 -0.0016054996318419176 -0.028427258743721054 -0.030935770201864485
leaf_weight=25752 150211 47374 51852 44792 23472 18825 279228 16724 57747 23530 34137 5820 694786 794482 37698 179226 820482 100669 194741 3905 8270 90612 97087 12270 62673 160713 449914 267070 69311 176627
leaf_count=25752 150211 47374 51852 44792 23472 18825 279228 16724 57747 23530 34137 5820 694786 794482 37698 179226 820482 100669 194741 3905 8270 90612 97087 12270 62673 160713 449914 267070 69311 176627
internal_value=-1.49986e-07 -0.0111424 0.0105674 0.00631263 0.019049 -0.0184261 -0.00460025 -0.0144928 0.00454444 0.0249488 0.0187134 0.0218194 -0.0158037 0.0175435 -0.00095228 0.00756261 0.00831234 -0.0178329 -0.00198995 0.0431846 0.0299127 0.00107122 -0.0263655 -0.0298737 -0.0165883 -0.0153169 0.00309002 -0.00614037 -0.0174572 -0.0335346
internal_weight=5e+06 2.43382e+06 2.56618e+06 1.68571e+06 205483 1.15165e+06 1.28217e+06 267674 1.48023e+06 182011 880471 22544 936997 846334 602002 227923 878229 245130 1.0145e+06 48697 158481 735267 144461 214649 918172 855499 644655 374079 107009 188897
internal_count=5000000 2433815 2566185 1685714 205483 1151646 1282169 267674 1480231 182011 880471 22544 936997 846334 602002 227923 878229 245130 1014495 48697 158481 735267 144461 214649 918172 855499 644655 374079 107009 188897
cat_boundaries=0 1 2 3 4 5 6 7 8
cat_threshold=384 458944 458752 480 96 1792 133216 528
is_linear=0
shrinkage=0.1


Tree=43
num_leaves=31
num_cat=12
split_feature=18 0 0 2 89 76 24 76 74 48 76 90 75 76 2 76 76 89 2 86 49 6 89 76 48 75 76 10 76 76
split_gain=47878.8 8972.05 7945.85 4022.82 4110.27 3303.22 3718.77 5581.26 3133.49 3029.66 4338.87 5888.8 3258.59 4500.44 4376.93 2820.82 2732.4 2290.32 2073.57 2072.13 3642.92 1998.04 1721.53 1688.6 1684.45 1607.73 2649.4 1579.92 1571.21 1522.24
threshold=11.449999809265138 19.150000572204593 1.0000000180025095e-35 17.94999980926514 27.050000190734867 0 1.0000000180025095e-35 1 65.500000000000014 2.6499999761581425 2 1.0000000180025095e-35 3 4 7.8500001430511483 5 6 22.349999427795414 -0.65000000596046437 -13.749999999999998 0.45000000298023229 -13.15000009536743 10.449999809265138 7 1.7500000000000002 8 9 -10.349999904632567 10 11
decision_type=10 2 2 8 10 1 2 1 2 10 1 10 1 1 8 1 1 8 8 8 10 10 10 1 8 1 1 10 1 1
left_child=2 9 19 24 17 22 8 -8 -7 10 11 12 13 -2 -14 -11 -10 -5 -18 20 21 -1 -4 27 -3 26 -12 -21 -6 -13
right_child=1 3 5 4 28 6 7 -9 16 15 25 29 14 -15 -16 -17 18 -19 -20 23 -22 -23 -24 -25 -26 -27 -28 -29 -30 -31
leaf_value=-0.24186951883771043 -0.025530106643402523 0.057911400443187377 -0.004401778027348955 0.0035743760272755696 0.005742349545551537 -0.0072022710167654342 -0.041892568766427579 0.021207205452440557 -0.031883220877174871 -0.017708691564149458 0.042633275162616939 0.01310646610677973 0.052582815483536875 0.022686807191289307 0.017959528012364619 0.001201647697143016 0.027052821926584675 0.012915775086720481 -0.015958920059166593 -0.070759833182972909 -0.030960096098865793 -0.081410104053850546 0.0098548456007286084 -0.018724627573534075 0.021916037240413341 -0.0030223421465670405 0.0037632848560321987 -0.028871347463914811 0.028219784935798659 -0.03343916292007186
leaf_weight=1440 34308 27279 528355 363305 36917 417187 17601 68700 123835 127351 20098 9215 46585 44396 168854 207236 11627 945620 311354 10960 9537 1683 100870 478802 24838 446928 137119 50459 197990 29551
leaf_count=1440 34308 27279 528355 363305 36917 417187 17601 68700 123835 127351 20098 9215 46585 44396 168854 207236 11627 945620 311354 10960 9537 1683 100870 478802 24838 446928 137119 50459 197990 29551
internal_value=-1.40743e-07 0.00843833 -0.0113479 0.0134313 0.0125089 -0.0077364 -0.0114575 0.00833567 -0.0134347 0.00217198 0.00508864 0.0142551 0.0190839 0.00166791 0.025445 -0.00599653 -0.0192538 0.010323 -0.0144101 -0.0216656 -0.0616565 -0.155397 -0.00211629 -0.0207284 0.0407567 3.72849e-05 0.00873467 -0.0363403 0.0246888 -0.0223801
internal_weight=5e+06 2.86759e+06 2.13241e+06 1.59595e+06 1.54383e+06 1.57953e+06 950304 86301 864003 1.27164e+06 937054 332909 294143 78704 215439 334587 446816 1.30892e+06 322981 552881 12660 3123 629225 540221 52117 604145 157217 61419 234907 38766
internal_count=5000000 2867590 2132410 1595949 1543832 1579529 950304 86301 864003 1271641 937054 332909 294143 78704 215439 334587 446816 1308925 322981 552881 12660 3123 629225 540221 52117 604145 157217 61419 234907 38766
cat_boundaries=0 1 2 3 4 5 6 7 8 9 10 11 12
cat_threshold=31007 1728 59328 6278 32960 7904 458752 491520 448 65568 917504 57344
is_linear=0
shrinkage=0.1


Tree=44
num_leaves=31
num_cat=8
split_feature=0 18 17 83 53 81 76 76 48 84 76 48 86 3 4 48 76 76 77 75 76 48 86 25 76 74 2 22 2 0
split_gain=39879.7 8454.31 5088.79 3572.21 3221.99 3136.17 3010.33 2863.29 3655.87 2667 2447.88 3117.91 2280.25 2268.98 2232.56 2018.44 1920.73 1901.89 2015.75 1879.58 4226.33 1773.48 1863.09 1753.89 2487.37 1792.66 1717.91 2336.49 2092.49 1716.07
threshold=9.8499999046325701 24.349999427795414 -1.9499999880790708 14.550000190734865 1.6500000357627871 1.0000000180025095e-35 0 1 1.5500000119209292 1.0000000180025095e-35 2 1.4499999880790713 22.750000000000004 15.949999809265138 9.8499999046325701 1.5500000119209292 3 4 -13.15000009536743 5 6 1.4499999880790713 -13.749999999999998 1.0000000180025095e-35 7 49.500000000000007 -2.4500000476837154 5.0499999523162851 3.2500000000000004 26.050000190734867
decision_type=2 8 10 8 8 10 1 1 8 10 1 10 10 8 8 8 1 1 8 1 1 10 8 10 1 2 10 8 10 2
left_child=2 3 17 13 7 10 23 8 9 26 11 -3 14 -2 15 -8 -7 -1 21 20 -9 22 -19 25 -25 -5 -4 -28 -29 -12
right_child=1 5 4 6 -6 16 12 19 -10 -11 29 -13 -14 -15 -16 -17 -18 18 -20 -21 -22 -23 -24 24 -26 -27 27 28 -30 -31
leaf_value=-0.042239771543240427 -0.00077161798811627397 0.037584937942184538 0.042879344104756217 0.0032870969237193052 -0.013389611892594654 -0.020393563986173022 0.040271333819277159 0.077891409315692675 -0.010580848032895579 -0.026724113809846496 0.0059376671297883057 0.016100365266449247 0.016540535138393857 -0.020433530350460739 0.0050218923101569852 0.0098169647745856153 0.014774835508358886 -0.17113247422574279 -0.018155810026323674 -0.010440335419584477 -0.0070343147774201559 -0.0080395830818458611 -0.05580725126215922 0.039713196570279559 -0.031598681839330386 -0.014899596963380444 -0.0069656554012008792 0.040028670375858909 0.0081145295391740705 0.019599054865689761
leaf_weight=42328 410877 123905 22854 94950 800078 34856 34373 7944 102781 14892 168660 148507 243165 68473 1338117 59322 27993 2193 295652 452394 22256 3494 3878 18431 6650 126283 39608 37530 45394 202162
leaf_count=42328 410877 123905 22854 94950 800078 34856 34373 7944 102781 14892 168660 148507 243165 68473 1338117 59322 27993 2193 295652 452394 22256 3494 3878 18431 6650 126283 39608 37530 45394 202162
internal_value=-1.33396e-07 0.0069717 -0.0114404 0.00414257 -0.00898206 0.0165906 0.00606936 -0.00425281 0.0041404 0.0135809 0.0186738 0.0258715 0.00758726 -0.00358023 0.00606678 0.0209895 -0.00473042 -0.0223739 -0.0196169 -0.00882779 0.0153235 -0.0647992 -0.0974657 -0.00425274 0.0208087 -0.00709413 0.0177094 0.0130148 0.0225583 0.0133851
internal_weight=5e+06 3.10672e+06 1.89328e+06 2.40064e+06 1.54573e+06 706083 1.92129e+06 745653 263059 160278 643234 272412 1.67498e+06 479350 1.43181e+06 93695 62849 347545 305217 482594 30200 9565 6071 246314 25081 221233 145386 122532 82924 370822
internal_count=5000000 3106724 1893276 2400641 1545731 706083 1921291 745653 263059 160278 643234 272412 1674977 479350 1431812 93695 62849 347545 305217 482594 30200 9565 6071 246314 25081 221233 145386 122532 82924 370822
cat_boundaries=0 1 2 3 4 5 6 7 8
cat_threshold=393280 294784 51136 8160 196736 480 96 393216
is_linear=0
shrinkage=0.1


Tree=45
num_leaves=31
num_cat=10
split_feature=0 0 0 52 51 1 0 74 76 90 3 76 48 48 76 75 76 75 76 80 83 49 76 4 21 80 2 76 83 76
split_gain=32665.1 5899.18 5543.3 2916.29 2676.11 2664.88 2323.01 2262.04 2131.78 2119.52 1935.57 1918.17 1719.79 1699.2 2104.28 2126.7 2574.63 2614.8 2024.82 1672.41 1865.32 1996.97 1630.86 1464.48 1903.52 1530.97 1457.02 1427.62 1591.37 1427.43
threshold=12.250000000000002 -0.25000000745058054 24.050000190734867 1.3499999642372134 1.3499999642372134 -0.65000000596046437 34.049999237060554 69.500000000000014 0 1.0000000180025095e-35 23.650000572204593 1 1.0500000119209292 2.6499999761581425 2 3 4 5 6 -13.749999999999998 -13.249999999999998 1.1500000357627871 7 -10.249999999999998 -5.3500001430511466 -6.6499998569488517 11.449999809265138 8 29.650000572204593 9
decision_type=2 2 2 8 10 8 2 2 1 10 8 1 8 10 1 1 1 1 1 8 10 10 1 8 10 8 10 1 10 1
left_child=1 19 4 5 8 -3 10 29 9 12 -4 -6 26 14 15 18 17 -17 -7 20 21 -1 -9 24 -21 -25 -2 -12 -29 -5
right_child=2 3 6 7 11 13 -8 22 -10 -11 27 -13 -14 -15 -16 16 -18 -19 -20 23 -22 -23 -24 25 -26 -27 -28 28 -30 -31
leaf_value=-0.1246309437077897 0.060031412347145569 0.045604258633494182 0.025927158701204846 -0.019972370640250928 -0.0055500305260331936 0.050219274242646064 0.063476346253437385 -0.020862882840651485 0.0054400387316184884 -0.0080006415322375415 -0.00072758946828056824 0.0038085864493318392 0.012056807233080927 -0.017191718059294561 -0.0051460808794532402 0.011083172379437777 0.009171027920659356 -0.034595613590472619 0.0049431920519409913 -0.016168290949261092 0.0070892803014773898 -0.026601317107241763 -0.0087189144557444764 -0.035305591033966188 0.034362697874368429 -0.016848627988107125 0.024705048773721944 0.011518703252119388 0.027401639841814929 -0.0038266216946105701
leaf_weight=4644 13472 12016 114867 60936 293074 20192 9609 224815 573602 31587 79365 866545 131178 65656 360570 20802 157645 31504 19347 19135 3392 3761 217737 50242 12213 425977 87542 476435 72710 539430
leaf_count=4644 13472 12016 114867 60936 293074 20192 9609 224815 573602 31587 79365 866545 131178 65656 360570 20802 157645 31504 19347 19135 3392 3761 217737 50242 12213 425977 87542 476435 72710 539430
internal_value=-1.1592e-07 -0.00893584 0.00731102 -0.00613083 0.0045541 -0.00107577 0.0146227 -0.0094643 0.00886193 0.0163022 0.0139912 0.00144334 0.019609 -0.00190586 -0.000260767 0.00679956 0.00279231 -0.0164306 0.0280719 -0.0182828 -0.0555045 -0.0807655 -0.0148887 -0.0174177 0.00351829 -0.0187959 0.0294164 0.0118097 0.0136214 -0.00546578
internal_weight=5e+06 2.25001e+06 2.74999e+06 1.73065e+06 1.997e+06 687732 752986 1.04292e+06 837381 263779 743377 1.15962e+06 232192 675716 610060 249490 209951 52306 39539 519364 11797 8405 442552 507567 31348 476219 101014 628510 549145 600366
internal_count=5000000 2250014 2749986 1730650 1997000 687732 752986 1042918 837381 263779 743377 1159619 232192 675716 610060 249490 209951 52306 39539 519364 11797 8405 442552 507567 31348 476219 101014 628510 549145 600366
cat_boundaries=0 1 2 3 4 5 6 7 8 9 10
cat_threshold=538496 396864 819136 944 192 1096 192 8357376 393216 3584
is_linear=0
shrinkage=0.1


Tree=46
num_leaves=31
num_cat=10
split_feature=0 17 17 53 76 78 3 76 1 76 89 75 76 84 76 83 17 2 75 76 1 10 48 73 4 48 76 13 1 76
split_gain=26904.9 6377.18 3725.3 2646.88 2472.4 3276.44 2431.5 2340.65 2277.78 2253.72 2228.95 2180.07 2491.8 2074.21 2088.15 1841.1 1830.07 1871.19 1829.72 6516.87 1628.63 1604.54 1528.88 1496.46 1420.96 1356.99 1353.37 1372.87 1273.62 1262.59
threshold=14.34999990463257 2.6499999761581425 25.150000572204593 2.3500000238418584 0 1.0000000180025095e-35 13.34999990463257 1 -1.2499999999999998 2 20.94999980926514 3 4 1.0000000180025095e-35 5 -13.249999999999998 30.750000000000004 18.550000190734867 6 7 5.0499999523162851 -13.15000009536743 1.0500000119209292 137.58249664306643 18.750000000000004 0.75000000000000011 8 10.250000000000002 9.8499999046325701 9
decision_type=2 10 8 8 1 10 8 1 8 1 10 1 1 10 1 8 10 8 1 1 8 10 8 2 8 10 1 8 10 1
left_child=1 7 6 4 5 8 22 21 -3 -7 26 12 -10 14 -4 25 17 -16 19 20 -6 -1 -2 28 -12 -9 27 -8 -13 -15
right_child=2 3 13 -5 18 9 10 15 11 -11 24 23 -14 29 16 -17 -18 -19 -20 -21 -22 -23 -24 -25 -26 -27 -28 -29 -30 -31
leaf_value=-0.086266425106797218 0.043361641782303756 0.04511871902222659 0.0074074926653813575 -0.0088596786054120184 0.12300173821770938 0.022236883908429039 -0.019850576785978458 -0.097709948002684135 -0.037217778261488296 -0.047003494611558255 0.024749787032757986 0.043681149274499578 0.0059512734139541739 -0.018760022292449923 0.043483245553181768 -0.011455740916726994 0.037771028823837371 0.015328236225880601 -0.0050523352546563496 -0.0047031383210867916 0.041633209130168283 -0.025190234435997483 0.013851962510677341 0.0083158197152824586 0.0080828912067020652 -0.026970375056559776 0.0042118342498804516 -0.00079810282762841531 0.010562161699412929 0.013935165633890585
leaf_weight=4485 22508 19134 174166 599114 2708 6554 43278 4076 18083 16591 57316 29278 51229 28470 25820 762985 53778 275171 722487 94799 26845 105057 79813 80547 475733 8102 872549 299909 19243 20172
leaf_count=4485 22508 19134 174166 599114 2708 6554 43278 4076 18083 16591 57316 29278 51229 28470 25820 762985 53778 275171 722487 94799 26845 105057 79813 80547 475733 8102 872549 299909 19243 20172
internal_value=-1.07278e-07 -0.00712927 0.00754774 -0.00352242 -0.000582061 0.008362 0.00536005 -0.0140054 0.0121685 -0.0274073 0.00448339 0.0089904 -0.00531496 0.0145592 0.0163765 -0.0120713 0.0207788 0.0177435 -0.00312389 0.0080799 0.0490726 -0.0276884 0.0203433 0.0166718 0.009875 -0.050647 0.00211939 -0.00320064 0.0305465 -0.00520221
internal_weight=5e+06 2.57132e+06 2.42868e+06 1.68661e+06 1.0875e+06 240659 1.85111e+06 884705 217514 23145 1.74878e+06 198380 69312 577577 528935 775163 354769 300991 846839 124352 29553 109542 102321 129068 533049 12178 1.21574e+06 343187 48521 48642
internal_count=5000000 2571317 2428683 1686612 1087498 240659 1851106 884705 217514 23145 1748785 198380 69312 577577 528935 775163 354769 300991 846839 124352 29553 109542 102321 129068 533049 12178 1215736 343187 48521 48642
cat_boundaries=0 1 2 3 4 5 6 7 8 9 10
cat_threshold=279424 196736 278528 4294 128 262207 480 98400 462400 16352
is_linear=0
shrinkage=0.1


Tree=47
num_leaves=31
num_cat=7
split_feature=0 17 83 2 1 89 77 3 76 84 76 48 76 78 2 19 3 75 80 5 83 54 76 90 48 6 77 80 75 76
split_gain=22095.3 4874.31 3438.52 3905.04 2398.36 2559.53 2242.5 2179.41 2131.85 1957 2377.36 3005.96 2148.11 1896.25 1693.71 1601.14 1549.51 1533.93 1473.16 1679.83 1335.97 1317.11 2105.33 2249.27 2185.68 2159.26 1725.73 1467.23 1439.49 6027.33
threshold=9.8499999046325701 22.94999980926514 5.0499999523162851 3.6499999761581425 8.8499999046325701 15.449999809265138 2.8500000238418584 17.250000000000004 0 1.0000000180025095e-35 1 2.9500000476837163 2 1.0000000180025095e-35 2.4500000476837163 -13.050000190734862 10.449999809265138 3 15.34999990463257 12.250000000000002 9.0500001907348651 1.7500000000000002 4 1.0000000180025095e-35 1.0500000119209292 -13.15000009536743 -13.15000009536743 -13.749999999999998 5 6
decision_type=2 8 10 8 8 8 10 10 1 10 1 10 1 10 10 8 10 1 8 8 10 8 1 10 8 8 10 10 1 1
left_child=2 4 6 20 -2 7 15 -6 17 10 11 13 -11 -3 -8 -1 -5 -7 -10 -20 -4 22 23 24 -17 26 27 -24 -27 -30
right_child=1 9 3 16 5 8 14 -9 18 12 -12 -13 -14 -15 -16 21 -18 -19 19 -21 -22 -23 25 -25 -26 28 -28 -29 29 -31
leaf_value=-0.041493989265304419 0.034655863340846312 0.025296653803702853 0.0205837508751016 -0.001300001527964857 -0.0014253959494636816 0.0078515771328094477 0.014402901690027918 -0.021701755151850327 -0.0028577819621827608 -0.017554577204763396 0.0078308586561525988 0.0037754077544500646 0.013352878775480415 -0.018600188418345012 -0.006456326934239926 0.023515816552071064 -0.017929587137074154 -0.0097676648785849675 0.018122666258481742 0.0057901433758918604 0.074019477963765956 -0.015877159245759824 -0.15488159960248796 -0.038573801601312095 -0.004829766667282057 -0.015101771168522106 0.013244149662867355 -0.013309880132005819 0.044057110072006023 -0.013764641188246236
leaf_weight=19366 23070 275703 40552 340752 500625 70543 45555 59288 170776 47085 459122 102578 43026 10205 267517 46299 67058 164905 123344 1056454 5289 563600 2574 12067 65954 304837 1494 1023 22758 86581
leaf_count=19366 23070 275703 40552 340752 500625 70543 45555 59288 170776 47085 459122 102578 43026 10205 267517 46299 67058 164905 123344 1056454 5289 563600 2574 12067 65954 304837 1494 1023 22758 86581
internal_value=-1.08349e-07 0.00518933 -0.00851559 -0.000923836 0.00258491 0.00224013 -0.0109079 -0.00357242 0.00429213 0.0112135 0.0127031 0.0184605 -0.00279742 0.0237298 -0.00342111 -0.0129885 -0.00403448 -0.00448862 0.00582289 0.00707947 0.026749 -0.0124899 -0.00897792 0.00245111 0.00686143 -0.0123666 -0.0770958 -0.114618 -0.0115712 -0.0017266
internal_weight=5e+06 3.10672e+06 1.89328e+06 453651 2.169e+06 2.14594e+06 1.43962e+06 559913 1.58602e+06 937719 847608 388486 90111 285908 313072 1.12655e+06 407810 235448 1.35057e+06 1.1798e+06 45841 1.10719e+06 543587 124320 112253 419267 5091 3597 414176 109339
internal_count=5000000 3106724 1893276 453651 2169005 2145935 1439625 559913 1586022 937719 847608 388486 90111 285908 313072 1126553 407810 235448 1350574 1179798 45841 1107187 543587 124320 112253 419267 5091 3597 414176 109339
cat_boundaries=0 1 2 3 4 5 6 7
cat_threshold=393312 63424 16352 4290 16128 6150 192
is_linear=0
shrinkage=0.1


Tree=48
num_leaves=31
num_cat=9
split_feature=17 0 75 76 76 87 1 4 89 2 76 25 75 48 80 48 84 75 76 4 86 2 7 76 0 2 76 19 17 14
split_gain=18019.3 4446.89 3352.83 4328.47 3827.44 3878.57 3259.59 2800.81 2129.92 2224.82 2256.51 2106.61 2035.53 1911.56 1690.43 1648.65 1392.33 1390.12 1413.34 1369.18 1783.25 1385.59 1364.22 1350.23 1306.99 1296.26 1268.11 1202.48 1147.73 1142.57
threshold=13.750000000000002 4.4500000476837167 0 1 2 1.0000000180025095e-35 12.050000190734865 20.44999980926514 12.650000095367433 3.6499999761581425 3 1.0000000180025095e-35 4 3.1499999761581425 3.4500000476837163 0.84999999403953563 1.0000000180025095e-35 5 6 5.0499999523162851 0.65000000596046459 -1.8499999642372129 6.6499998569488534 7 22.050000190734867 1.4499999880790713 8 -13.050000190734862 28.550000190734867 15.250000000000002
decision_type=10 2 1 1 1 10 8 10 10 8 1 10 1 10 10 8 10 1 1 10 10 8 8 1 2 8 1 10 10 10
left_child=1 14 4 12 5 6 29 8 9 15 17 -12 -4 16 19 -3 28 -11 -19 20 27 -22 -5 -13 -6 -16 -7 -1 -8 -2
right_child=2 7 3 22 24 26 13 -9 -10 10 11 23 -14 -15 25 -17 -18 18 -20 -21 21 -23 -24 -25 -26 -27 -28 -29 -30 -31
leaf_value=-0.03736533021625725 0.015686550975943878 0.050802653014594835 0.0063913262579766402 0.025913620636705048 0.0006960474677746867 0.012989034589739049 0.015985455792653789 -0.021149307142973656 0.0070617931891435518 -0.018316123312716252 -0.0032347575754329743 -0.019181555818810283 -0.026100702521076935 0.0049065027337008918 0.025796879533102109 0.0076474108723322796 -0.0070947703436738344 0.016273344145322232 -0.01077037143909202 -0.024081904047018488 0.029406913943976556 -0.0048115747768298087 0.0022975952126187134 0.020114217814226933 0.0077112053751527757 -0.0037546170090145994 -0.014577727777120375 -0.012578586822731372 0.028298910144669804 0.057061264244347681
leaf_weight=20146 9129 11237 25148 25669 535548 22974 402853 74352 252072 154670 680006 10152 82642 167500 18129 41716 22574 27299 66091 86186 12602 194040 519692 62804 526845 81903 60919 687067 93212 24823
leaf_count=20146 9129 11237 25148 25669 535548 22974 402853 74352 252072 154670 680006 10152 82642 167500 18129 41716 22574 27299 66091 86186 12602 194040 519692 62804 526845 81903 60919 687067 93212 24823
internal_value=-9.41325e-08 -0.00605039 0.00595641 -0.000210153 0.0081144 0.01332 0.0156909 -0.00227058 -0.00119583 -0.00317075 -0.00422746 -0.00150221 -0.0185202 0.0141943 -0.0107934 0.0168053 0.0171939 -0.0124991 -0.00286428 -0.0120332 -0.0108969 -0.00272477 0.00340909 0.0146462 0.00417485 0.00160106 -0.00702879 -0.0132847 0.0182992 0.0459364
internal_weight=5e+06 2.48047e+06 2.51953e+06 653151 1.86638e+06 803984 720091 1.3804e+06 1.30605e+06 1.05398e+06 1.00102e+06 752962 107790 686139 1.10007e+06 52953 518639 248060 93390 1.00004e+06 913855 206642 545361 72956 1.06239e+06 100032 83893 707213 496065 33952
internal_count=5000000 2480472 2519528 653151 1866377 803984 720091 1380399 1306047 1053975 1001022 752962 107790 686139 1100073 52953 518639 248060 93390 1000041 913855 206642 545361 72956 1062393 100032 83893 707213 496065 33952
cat_boundaries=0 1 2 3 4 5 6 7 8 9
cat_threshold=992 65632 127968 200384 16 7174 65600 4384 114688
is_linear=0
shrinkage=0.1


Tree=49
num_leaves=31
num_cat=7
split_feature=0 83 2 86 1 69 89 86 3 0 2 54 76 84 75 76 76 14 1 2 24 76 76 3 76 48 17 48 6 86
split_gain=15027.6 3881.18 3590.76 2787.32 2528.46 2379.55 2065.54 2063.44 2312.41 2036.45 1949.12 1852.98 2157.04 3381.83 3608.38 2931.08 2319.76 1835.49 1683.88 1588.06 1537.55 2574.31 1807.07 1484.51 1466.09 1328.95 1193.16 1188.13 1169.25 1213.61
threshold=14.650000095367433 8.6500000953674334 7.8500001430511483 26.44999980926514 14.050000190734865 1.1500000357627871 -13.15000009536743 17.849999427795414 17.44999980926514 18.44999980926514 15.449999809265138 2.0499999523162846 0 1.0000000180025095e-35 1 2 3 14.949999809265138 2.4500000476837163 18.050000190734867 1.0000000180025095e-35 4 5 22.250000000000004 6 1.5500000119209292 19.550000190734867 0.84999999403953563 -13.15000009536743 -13.749999999999998
decision_type=2 10 8 10 8 10 8 8 8 2 10 8 1 10 1 1 1 8 10 8 2 1 1 10 1 8 10 10 8 10
left_child=1 5 -3 4 26 6 28 19 9 -9 -4 12 13 14 16 -16 18 23 -7 -6 22 -22 -8 -10 -13 -11 -2 -18 29 -1
right_child=3 2 10 -5 7 11 20 8 17 25 -12 24 -14 -15 15 -17 27 -19 -20 -21 21 -23 -24 -25 -26 -27 -28 -29 -30 -31
leaf_value=-0.19052362600141406 0.019318489973973934 0.023589274811636588 0.00076307856308567947 0.015347486264833883 0.001376109086382896 0.074255512157131151 -0.019809785992457689 0.0076264881134661998 0.0005620880215381818 0.041056668827700697 -0.022933204264785675 -0.022085965736197668 -0.0048072976910852917 -0.036998241346737279 0.012924230448370589 -0.020743632356596459 0.039888067186011372 0.0052108728312772398 0.02979585646315492 -0.013479877235297373 -0.037696919904183092 0.010924888159412557 -0.0088842171488105939 -0.02004600235821442 -0.0068447384931650292 0.016428810001119894 0.060213537489996909 -0.00051540348158795159 -0.041582127578854544 0.010751009542578592
leaf_weight=1292 23765 67453 491617 268420 249608 13928 244862 164087 107066 36453 37349 70631 441110 15541 68647 41471 10189 1313906 21935 101100 13266 60562 396720 51899 592805 54923 10195 25477 3333 390
leaf_count=1292 23765 67453 491617 268420 249608 13928 244862 164087 107066 36453 37349 70631 441110 15541 68647 41471 10189 1313906 21935 101100 13266 60562 396720 51899 592805 54923 10195 25477 3333 390
internal_value=-9.13546e-08 -0.0052282 0.00186073 0.00574867 0.0045293 -0.00731903 -0.0119301 0.00408719 0.00550633 0.0142892 -0.000910058 -0.00476707 -0.000920606 0.00777378 0.0116047 0.000244009 0.0290903 0.00398298 0.0470494 -0.00290649 -0.0114818 0.00218451 -0.0130544 -0.00616606 -0.00846779 0.0262537 0.0315954 0.0110239 -0.0758837 -0.143855
internal_weight=5e+06 2.61858e+06 596419 2.38142e+06 2.113e+06 2.02216e+06 720425 2.07904e+06 1.72833e+06 255463 528966 1.30173e+06 638298 197188 181647 110118 71529 1.47287e+06 35863 350708 715410 73828 641582 158965 663436 91376 33960 35666 5015 1682
internal_count=5000000 2618578 596419 2381422 2113002 2022159 720425 2079042 1728334 255463 528966 1301734 638298 197188 181647 110118 71529 1472871 35863 350708 715410 73828 641582 158965 663436 91376 33960 35666 5015 1682
cat_boundaries=0 1 2 3 4 5 6 7
cat_threshold=9152 1848 8960 192 4032 4161728 3584
is_linear=0
shrinkage=0.1


Tree=50
num_leaves=31
num_cat=9
split_feature=0 75 76 75 24 76 86 2 80 4 48 75 6 13 76 76 9 0 0 76 83 4 80 0 76 3 3 48 86 11
split_gain=12477.6 3517.58 4031.84 7561.79 2398.33 2269.61 2193.68 2569.94 2046.94 1757.59 1911.59 1821.23 2307.39 1901.68 1710.69 1690.73 1664.32 1589.57 1449.1 1447.19 1403.91 1496.45 1845.24 1393.38 1747.82 1365.58 1317.48 1217.56 1133.38 1074.6
threshold=8.2500000000000018 0 1 2 1.0000000180025095e-35 3 5.0499999523162851 2.8500000238418584 12.84999990463257 9.6500000953674334 1.4499999880790713 4 16.849999427795414 11.84999990463257 5 6 6.0499999523162851 18.250000000000004 34.850000381469734 7 -6.2499999999999991 7.6499998569488534 4.8500001430511483 27.750000000000004 8 8.6500000953674334 13.550000190734865 2.4500000476837163 8.8499999046325701 3.8500000238418584
decision_type=2 1 1 1 2 1 10 8 8 8 10 1 8 8 1 1 10 2 2 1 8 8 10 2 1 10 10 10 10 10
left_child=6 5 3 19 16 18 20 28 26 10 -10 12 17 -14 -13 -6 -5 -11 27 -3 -1 22 -22 -7 -25 -9 -4 -2 -8 -21
right_child=1 2 8 4 15 23 7 25 9 11 -12 14 13 -15 -16 -17 -18 -19 -20 29 21 -23 -24 24 -26 -27 -28 -29 -30 -31
leaf_value=-0.021305344568572727 0.015584558057994925 0.015183711601993053 -0.00095800927130745102 -0.042806036255245823 -0.019557743418434827 0.0023945336506858688 0.0210260138917308 0.0014148292221093132 0.031389236638481435 0.00054448447311540669 0.0067542591486649158 0.016208964611505519 -0.032999088022833536 -0.0049904838162713782 0.0042511070279931907 0.033797291049413987 -0.018346921034814546 0.018964668155860214 0.07076067658199256 -0.04295786792873791 -0.0080664089147743975 -0.018134858141102939 0.0061468583340374564 -0.0094226506105620864 0.023340331668046672 -0.015433901962438526 -0.017710883540508482 0.0060172971478975497 0.081543137055734738 0.00062719523170029804
leaf_weight=84283 343416 111279 233500 32309 10278 673972 27823 206154 49399 163239 86925 153524 27613 198524 542007 14045 200228 65705 4211 6244 1042359 130231 100114 21303 69063 62745 58754 217118 3482 60153
leaf_count=84283 343416 111279 233500 32309 10278 673972 27823 206154 49399 163239 86925 153524 27613 198524 542007 14045 200228 65705 4211 6244 1042359 130231 100114 21303 69063 62745 58754 217118 3482 60153
internal_value=-1.01622e-07 0.00351722 0.00088182 -0.00764821 -0.0186194 0.00751011 -0.00709507 0.000640273 0.00322901 0.00494471 0.0156811 0.00367267 -0.00124586 -0.00841054 0.00689075 0.0112573 -0.0217453 0.00583092 0.0123176 0.00821268 -0.00880635 -0.00797863 -0.00682091 0.0039579 0.0156183 -0.00251666 -0.00432596 0.0118788 0.0277572 -0.00347104
internal_weight=5e+06 3.34281e+06 2.01373e+06 434536 256860 1.32908e+06 1.65719e+06 300204 1.57919e+06 1.28694e+06 136324 1.15061e+06 455081 226137 695531 24323 232537 228944 564745 177676 1.35699e+06 1.2727e+06 1.14247e+06 764338 90366 268899 292254 560534 31305 66397
internal_count=5000000 3342809 2013726 434536 256860 1329083 1657191 300204 1579190 1286936 136324 1150612 455081 226137 695531 24323 232537 228944 564745 177676 1356987 1272704 1142473 764338 90366 268899 292254 560534 31305 66397
cat_boundaries=0 1 2 3 4 5 6 7 8 9
cat_threshold=452 229472 56 258528 56 1835264 96 98368 786432
is_linear=0
shrinkage=0.1


Tree=51
num_leaves=31
num_cat=13
split_feature=75 76 75 0 76 90 76 24 1 48 9 75 48 55 76 48 6 24 72 76 48 80 75 87 76 76 25 76 76 2
split_gain=10311.9 4843.82 5087.32 4544.12 4139.35 3213.76 3020.22 2893.23 2703.26 1870.05 1854.95 1846.16 1838.64 1608.28 1706.41 2634.32 1915.22 1589.85 1574.92 1678.33 1470.85 1451.72 1444.76 1423.45 1373.08 1358.37 1281.71 1409.64 1278.75 1222.93
threshold=0 1 2 6.2500000000000009 3 1.0000000180025095e-35 4 1.0000000180025095e-35 7.0499999523162851 2.8500000238418584 -13.050000190734862 5 2.9500000476837163 1.9499999880790713 6 0.94999998807907116 -13.15000009536743 1.0000000180025095e-35 36.241651535034187 7 2.6499999761581425 -13.749999999999998 8 1.0000000180025095e-35 9 10 1.0000000180025095e-35 11 12 5.6499998569488534
decision_type=1 1 1 2 1 10 1 2 8 8 8 1 8 8 1 8 8 2 2 1 10 10 1 10 1 1 10 1 1 8
left_child=4 2 6 13 5 8 -2 9 -1 10 -4 -6 23 14 15 17 21 -3 29 20 -20 -16 -21 -10 -7 -9 -13 -28 -12 -5
right_child=1 3 7 18 11 24 -8 25 12 -11 28 26 -14 -15 16 -17 -18 -19 19 22 -22 -23 -24 -25 -26 -27 27 -29 -30 -31
leaf_value=0.061667394530688938 0.01777255102646098 0.028047601790301566 -0.099021194656622957 0.022479855727402194 -0.0061170374682576849 0.0086090486526649926 -0.011638273090012356 -0.010874375498554618 0.016084417077622599 -0.010128682398813767 -0.04053585800788926 0.0023396442239378367 0.004209187459992202 -0.010625535206790196 -0.10694546954096225 -0.0038539185234659143 -0.0056999806385709213 -0.026797006386917017 -0.0015816135999643637 0.0094517363253670758 -0.018261123595353753 0.0018264195203131493 -0.0078710562313816668 -0.0090595423712731375 -0.016851659267470589 0.02914866530382116 -0.014207889124304419 0.019534016536499235 -0.022162991255767192 0.0036346088871043931
leaf_weight=11090 70022 52841 3558 35907 248183 33939 69624 17802 530054 87221 48703 880201 219984 541239 3298 105748 405770 5873 114445 135790 98262 1954 74583 23514 56323 16179 14569 82291 171194 839839
leaf_count=11090 70022 52841 3558 35907 248183 33939 69624 17802 530054 87221 48703 880201 219984 541239 3298 105748 405770 5873 114445 135790 98262 1954 74583 23514 56323 16179 14569 82291 171194 839839
internal_value=-7.87021e-08 -0.00386483 -0.0129923 -0.00203478 0.0053363 0.0105901 0.00310927 -0.0195162 0.0126458 -0.0225469 -0.027394 0.00158472 0.011943 -0.00671235 -0.00303202 0.00557627 -0.00647643 0.0225616 0.00198695 -0.00302298 -0.00928643 -0.066477 0.00331025 0.0150164 -0.00727921 0.00818673 0.00354108 0.0144593 -0.0262351 0.00440729
internal_weight=5e+06 2.89985e+06 484303 2.41555e+06 2.10015e+06 874904 139646 344657 784642 310676 223455 1.22524e+06 773552 1.11672e+06 575484 164462 411022 58714 1.29883e+06 423080 212707 5252 210373 553568 90262 33981 977061 96860 219897 875746
internal_count=5000000 2899852 484303 2415549 2100148 874904 139646 344657 784642 310676 223455 1225244 773552 1116723 575484 164462 411022 58714 1298826 423080 212707 5252 210373 553568 90262 33981 977061 96860 219897 875746
cat_boundaries=0 1 2 3 4 5 6 7 8 9 10 11 12 13
cat_threshold=992 196704 24 127968 65600 32 16128 65040 7168 122880 96 3072 65536
is_linear=0
shrinkage=0.1


Tree=52
num_leaves=31
num_cat=7
split_feature=16 16 4 86 19 76 10 24 76 83 6 21 80 1 48 1 3 2 6 74 76 48 75 76 1 76 3 73 76 89
split_gain=8377.21 2922.68 1980.3 2387.06 1797.87 1795.7 1665.28 1356.95 1610.31 1354.18 1422.6 1514.16 1346.04 1984.83 1291.54 1211.43 1204.54 1139.27 1119.85 1057.75 1087.09 2121.48 1654.81 2848.42 1318.08 1123.21 1045.75 1011.21 1000.46 991.829
threshold=16.750000000000004 0.84999999403953563 22.650000572204593 13.550000190734865 32.850000381469734 0 -13.15000009536743 1.0000000180025095e-35 1 24.849999427795414 10.050000190734865 14.250000000000002 9.0500001907348651 7.4500000476837167 2.2500000000000004 10.84999990463257 22.94999980926514 9.0500001907348651 -2.1499999761581416 143.50000000000003 2 3.4500000476837163 3 4 4.4500000476837167 5 -8.5500001907348615 135.22000122070315 6 17.94999980926514
decision_type=10 8 10 10 8 1 8 2 1 10 8 8 10 8 8 10 8 8 8 2 1 8 1 1 8 1 8 2 1 8
left_child=1 5 3 12 9 6 -1 14 -9 10 11 -2 18 -14 15 26 -11 -5 28 20 21 22 25 24 -24 -20 -8 -27 -3 -12
right_child=4 2 -4 17 -6 -7 7 8 -10 16 29 -13 13 -15 -16 -17 -18 -19 19 -21 -22 -23 23 -25 -26 27 -28 -29 -30 -31
leaf_value=-0.05605749719332425 -0.0010169430175198853 0.023837142654450864 -0.016713345402309253 0.042632298584294293 0.031355246058198775 -0.0049811914902536149 0.012967745708644663 -0.052579772424266362 0.019123926047281824 0.026675886241703906 -0.0022642787068870916 0.033635994376982711 0.033209338236083706 0.00068148169195367313 -0.0071871692037032645 -0.065093680820439717 0.0080523698476053472 0.0050819741835146084 0.0002886841537558011 -0.0085889628362469158 -0.00050536510099956301 -0.023526564293914223 0.056916992030684004 -0.0085124360203568377 0.011220171838951458 -0.038138596623643543 -0.02279821681056898 -0.0098213619753231562 -0.00560670974617394 0.0040417088709258035
leaf_weight=9810 21237 26400 84767 8250 25445 394079 8749 3678 20778 38524 311287 31038 19631 422386 91187 6369 352583 391588 56931 466409 628648 66982 13952 32208 11527 19374 124603 36124 20495 1254961
leaf_count=9810 21237 26400 84767 8250 25445 394079 8749 3678 20778 38524 311287 31038 19631 422386 91187 6369 352583 391588 56931 466409 628648 66982 13952 32208 11527 19374 124603 36124 20495 1254961
internal_value=-7.99795e-08 -0.00339124 -0.00171239 -0.00113984 0.00494054 -0.00926284 -0.0156251 -0.0140724 0.00832654 0.00460609 0.00333004 0.0195581 -0.00267603 0.00212612 -0.0164448 -0.0224866 0.00988678 0.00585676 -0.00421523 -0.00474989 -0.00268164 -0.00845149 -0.00251628 0.0112517 0.036229 -0.00958072 -0.0204517 -0.0197032 0.0109729 0.00278841
internal_weight=5e+06 2.96492e+06 2.30567e+06 2.2209e+06 2.03508e+06 659253 265174 255364 24456 2.00963e+06 1.61852e+06 52275 1.82107e+06 442017 230908 139721 391107 399838 1.37905e+06 1.33216e+06 865746 237098 170116 57687 25479 112429 133352 55498 46895 1.56625e+06
internal_count=5000000 2964925 2305672 2220905 2035075 659253 265174 255364 24456 2009630 1618523 52275 1821067 442017 230908 139721 391107 399838 1379050 1332155 865746 237098 170116 57687 25479 112429 133352 55498 46895 1566248
cat_boundaries=0 1 2 3 4 5 6 7
cat_threshold=2064832 384 138944 6342 192 7680 8064
is_linear=0
shrinkage=0.1


Tree=53
num_leaves=31
num_cat=9
split_feature=75 76 75 73 76 1 1 25 76 69 90 48 10 76 0 4 3 15 76 56 48 76 81 76 87 48 2 0 74 73
split_gain=7058.97 3734.81 4119.01 3526.65 3196.64 2577.52 2282.08 2235.82 1714.32 1617.55 1398.72 1394.92 1391.16 1360.41 1354.6 1516.48 1429.14 1423.65 1344.61 1267.61 1399.08 1615.4 1554.24 1292.97 1630 1484.13 1261.17 1243.13 1200.61 1169.56
threshold=0 1 2 140.11250305175784 3 4.2500000000000009 12.250000000000002 1.0000000180025095e-35 4 1.1500000357627871 1.0000000180025095e-35 2.8500000238418584 -13.15000009536743 5 20.150000572204593 21.650000572204593 18.349999427795414 16.250000000000004 6 1.4499999880790713 0.94999998807907116 7 1.0000000180025095e-35 8 1.0000000180025095e-35 4.4500000476837167 11.250000000000002 34.850000381469734 288.50000000000006 137.77420043945315
decision_type=1 1 1 2 1 8 8 10 1 10 10 8 8 1 2 8 8 8 1 8 8 1 10 1 10 10 10 2 2 2
left_child=4 2 5 9 6 18 13 11 -9 -3 27 12 -4 -1 15 -6 -16 -18 -2 20 21 22 -11 24 25 -21 -14 -8 -25 -15
right_child=1 3 7 -5 14 -7 10 8 -10 19 -12 -13 26 29 16 -17 17 -19 -20 23 -22 -23 -24 28 -26 -27 -28 -29 -30 -31
leaf_value=0.043882321884563077 0.090797116363434793 -0.0032980651945301214 -0.082576697024299525 -0.0066998480165348269 -0.00046832155456036362 0.0025412823806245884 0.009116708532552956 -0.012292360172583075 0.028942055748751708 0.037914968382230428 -0.004817360471012719 -0.0078726815888761122 -0.015831195685981948 0.066825810180187975 0.024723037111471838 -0.016882362928134824 -0.018116598950333948 0.0041683646180277886 0.023409094360738698 0.0027819939711951525 0.0043335950501601867 0.0072869379852184644 -0.029678763625991533 0.0050295785372568924 -0.039656442513119609 -0.022492738571768787 -0.030890199247479568 0.06379337731340011 -0.0087455826890699331 0.004345923996181055
leaf_weight=29156 5351 517114 3653 866434 497098 56906 650859 21126 19272 41438 76574 109369 181844 3447 32366 63474 29909 690182 6667 86889 251142 59689 3706 469957 14353 31712 80115 4185 73115 22898
leaf_count=29156 5351 517114 3653 866434 497098 56906 650859 21126 19272 41438 76574 109369 181844 3447 32366 63474 29909 690182 6667 86889 251142 59689 3706 469957 14353 31712 80115 4185 73115 22898
internal_value=-7.77698e-08 -0.00319766 -0.0112124 -0.00159071 0.00441509 0.0114266 0.009454 -0.0149691 0.00738278 0.00126687 0.00797108 -0.0173776 -0.0212913 0.0290037 0.00139438 -0.0023269 0.00416671 0.00324276 0.0535086 0.00355426 0.00838402 0.0180874 0.0323588 0.00101105 -0.00782734 -0.00397606 -0.0204367 0.00946603 0.00317494 0.0125161
internal_weight=5e+06 2.89985e+06 484303 2.41555e+06 2.10015e+06 68924 787119 415379 40398 1.54912e+06 731618 374981 265612 55501 1.31303e+06 560572 752457 720091 12018 1.032e+06 355975 104833 45144 676026 132954 118601 261959 655044 543072 26345
internal_count=5000000 2899852 484303 2415549 2100148 68924 787119 415379 40398 1549115 731618 374981 265612 55501 1313029 560572 752457 720091 12018 1032001 355975 104833 45144 676026 132954 118601 261959 655044 543072 26345
cat_boundaries=0 1 2 3 4 5 6 7 8 9
cat_threshold=992 196704 16 127456 96 65632 64 3840 3712
is_linear=0
shrinkage=0.1


Tree=54
num_leaves=31
num_cat=7
split_feature=0 80 1 1 80 68 24 76 0 89 3 0 86 3 2 80 2 51 76 55 76 48 48 76 84 75 76 76 1 48
split_gain=5970.49 2268.08 2664.31 1842.17 1868.57 1648.36 1625.26 2135.17 1497.29 1481.01 1456.6 1554.58 1433.29 1426.88 1409.06 1353.37 1332.28 1308.59 1249.72 1175.73 1633.45 1916.43 1555.14 2084 3409.41 1944.84 2740.55 2280.5 1621.16 1280.17
threshold=14.949999809265138 8.4499998092651385 8.2500000000000018 14.550000190734865 18.550000190734867 1.2500000000000002 1.0000000180025095e-35 0 32.649999618530281 -13.15000009536743 17.349999427795414 17.750000000000004 21.94999980926514 15.650000095367433 19.650000572204593 14.050000190734865 22.849999427795414 1.4499999880790713 1 2.4500000476837163 2 4.4500000476837167 3.2500000000000004 3 1.0000000180025095e-35 4 5 6 2.4500000476837163 2.0499999523162846
decision_type=2 10 8 8 8 10 2 1 2 8 8 2 8 10 10 10 10 10 1 8 1 10 8 1 10 1 1 1 10 10
left_child=1 5 -3 -2 14 6 9 -8 10 -1 11 -6 16 15 -5 18 -12 -11 -4 22 21 -21 23 24 25 27 -27 28 -7 -22
right_child=3 2 13 4 8 19 7 -9 -10 17 12 -13 -14 -15 -16 -17 -18 -19 -20 20 29 -23 -24 -25 -26 26 -28 -29 -30 -31
leaf_value=-0.06383663545300966 0.024609774146575811 0.022108924520846427 -0.011337917073765419 -0.00088319121492342841 0.0038726601493538414 0.06553782916221966 -0.027914559373440173 0.012721659688260273 0.02749311446377968 -0.0059675390914375563 0.00043828115860768081 0.020625149119420792 0.0048845621369230791 -0.014384280910159584 -0.019350567867238183 0.013388362821142445 -0.015656278372747464 -0.014731806722198183 0.0024466589695382253 -0.0075498993818648849 -0.010868323342570888 -0.036383525673388345 -0.011025682158548421 -0.0037236857775560825 -0.027705278884176995 -0.015629453793868871 0.012142138325576922 0.0095555240634815422 0.024748328423534808 0.00033555300300738285
leaf_weight=5054 41360 60753 85016 302732 116983 15581 16010 67039 27983 421404 367259 105212 1264836 61053 47846 83679 59808 285973 290401 67159 154213 35098 107716 315883 24823 48411 133502 60085 26009 301119
leaf_count=5054 41360 60753 85016 302732 116983 15581 16010 67039 27983 421404 367259 105212 1264836 61053 47846 83679 59808 285973 290401 67159 154213 35098 107716 315883 24823 48411 133502 60085 26009 301119
internal_value=-3.35866e-08 -0.00323332 0.00229268 0.00369311 0.00331577 -0.00477286 -0.00835281 0.00488607 0.00452872 -0.00989608 0.004193 0.0118052 0.0031933 -2.18394e-05 -0.00340357 0.00188815 -0.00181566 -0.00951069 -0.000675199 -0.00256459 -0.0060242 -0.0174449 7.06739e-05 0.00198524 0.00783235 0.0109433 0.00475106 0.0220196 0.0400198 -0.00345893
internal_weight=5e+06 2.66598e+06 580902 2.33402e+06 2.29266e+06 2.08508e+06 795480 83049 1.94208e+06 712431 1.9141e+06 222195 1.6919e+06 520149 350578 459096 427067 707377 375417 1.2896e+06 557589 102257 732010 624294 308411 283588 181913 101675 41590 455332
internal_count=5000000 2665981 580902 2334019 2292659 2085079 795480 83049 1942081 712431 1914098 222195 1691903 520149 350578 459096 427067 707377 375417 1289599 557589 102257 732010 624294 308411 283588 181913 101675 41590 455332
cat_boundaries=0 1 2 3 4 5 6 7
cat_threshold=8128 4032 3968 32704 1592 192 192
is_linear=0
shrinkage=0.1


Tree=55
num_leaves=31
num_cat=3
split_feature=0 86 1 3 89 2 83 3 89 19 16 2 77 3 48 1 23 83 2 76 80 3 83 15 76 84 25 76 48 86
split_gain=4999.3 1911.88 1822.41 1786.33 2445.87 1724.65 1637.28 1582.64 1431.2 1413.02 1411.06 1396.23 1348.89 1267.42 1125.48 1101.69 1053.58 1057.38 1349.34 993.901 987.819 1139.74 1596.44 1536.83 1258.73 1564.46 1358.22 2212.36 1328.18 942.429
threshold=8.2500000000000018 24.349999427795414 7.8500001430511483 9.0500001907348651 6.4500000476837167 2.8500000238418584 12.050000190734865 12.050000190734865 15.449999809265138 15.050000190734865 6.6499998569488534 12.050000190734865 4.8500001430511483 22.650000572204593 2.3500000238418584 4.4500000476837167 11.250000000000002 1.6500000357627871 -1.2499999999999998 0 25.150000572204593 21.750000000000004 21.050000190734867 16.849999427795414 1 1.0000000180025095e-35 1.0000000180025095e-35 2 3.2500000000000004 30.750000000000004
decision_type=2 10 8 10 10 10 8 8 10 8 8 8 10 8 8 8 8 10 8 1 10 10 10 8 1 10 10 1 10 8
left_child=3 2 9 4 12 -6 11 8 -8 -2 14 19 16 -3 -9 -14 17 -1 -19 -4 21 22 24 -23 25 28 -26 -28 -12 -15
right_child=1 13 6 -5 5 -7 7 10 -10 -11 20 -13 15 29 -16 -17 -18 18 -20 -21 -22 23 -24 -25 26 -27 27 -29 -30 -31
leaf_value=-0.0074050599316880378 0.012164474707899109 0.022942102404581381 -0.011875309592786244 -0.017794102970440075 0.038130211356165039 0.0044909367702714682 0.00631170495211916 -0.023190485307556456 0.028429570399224224 0.05672113937336129 0.0029228944945808443 -0.01484389969016341 0.018337980252316158 0.0044516374729959216 0.0022485532698725262 -0.0010506260202474754 -0.024856703363268291 0.032108282072336104 -0.0019820643911370411 0.0023314271744677875 0.0094707762431516206 -0.014846055259209729 0.012309422162528659 -0.00065367853184927251 0.0014007670947489897 -0.025003065270507281 -0.015398021054772885 0.018601504908241591 -0.015332215910187106 0.018570562136685953
leaf_weight=901015 30883 51874 66076 95143 17103 139975 259466 42568 32974 9249 149580 107499 38709 352511 29405 120656 29281 12073 303236 193222 142853 90040 146280 499940 866530 34374 23390 105164 54332 54599
leaf_count=901015 30883 51874 66076 95143 17103 139975 259466 42568 32974 9249 149580 107499 38709 352511 29405 120656 29281 12073 303236 193222 142853 90040 146280 499940 866530 34374 23390 105164 54332 54599
internal_value=-3.45758e-08 0.00222635 0.00127226 -0.00449099 -0.00368071 0.00815366 0.000973624 0.001897 0.0088056 0.0224332 0.000972126 -0.00526174 -0.00500381 0.00822095 -0.0127972 0.00365877 -0.00611212 -0.00566088 -0.000676765 -0.00128919 0.00144125 0.000858888 0.00243194 -0.00281965 0.00126046 -0.00526773 0.00282374 0.0124156 -0.00194115 0.00634518
internal_weight=5e+06 3.34281e+06 2.88382e+06 1.65719e+06 1.56205e+06 157078 2.84369e+06 2.4769e+06 292440 40132 2.18446e+06 366797 1.40497e+06 458984 71973 159365 1.2456e+06 1.21632e+06 315309 259298 2.11248e+06 1.96963e+06 1.37965e+06 589980 1.23337e+06 238286 995084 128554 203912 407110
internal_count=5000000 3342809 2883825 1657191 1562048 157078 2843693 2476896 292440 40132 2184456 366797 1404970 458984 71973 159365 1245605 1216324 315309 259298 2112483 1969630 1379650 589980 1233370 238286 995084 128554 203912 407110
cat_boundaries=0 1 2 3
cat_threshold=4032 7744 416
is_linear=0
shrinkage=0.1


Tree=56
num_leaves=31
num_cat=14
split_feature=75 76 75 76 83 76 1 76 80 0 76 1 1 14 26 76 78 77 6 75 87 75 76 0 49 76 76 75 74 2
split_gain=4158.33 3066.14 3477.6 2836.77 2661.35 2389.75 2042.98 1752.11 1372.96 1333.06 1484.02 1271.74 1135.54 1333.27 1087.44 2077.61 1048.93 992.235 1277.36 1430.51 950.315 987.109 1334.18 920.982 900.832 1030.18 896.147 1114.01 865.398 864.008
threshold=0 1 2 3 9.6500000953674334 4 12.650000095367433 5 -1.1500000357627866 28.349999427795414 6 6.8500001430511483 4.2500000000000009 16.94999980926514 1.0000000180025095e-35 7 1.0000000180025095e-35 11.050000190734865 6.4500000476837167 8 1.0000000180025095e-35 9 10 -7.5499999523162833 0.84999999403953563 11 12 13 49.500000000000007 -8.6500000953674299
decision_type=1 1 1 1 10 1 8 1 8 2 1 8 10 8 10 1 10 10 10 1 10 1 1 2 10 1 1 1 2 8
left_child=5 2 3 -2 8 6 12 16 -3 14 -11 -6 -1 -14 26 -16 -4 18 23 -20 21 22 -8 -10 25 -9 27 -7 -29 -25
right_child=1 4 7 -5 11 9 20 24 17 10 -12 -13 13 -15 15 -17 -18 -19 19 -21 -22 -23 -24 29 -26 -27 -28 28 -30 -31
leaf_value=0.081489400742015328 0.014447645829044585 -0.0099287356389481315 -0.023301968572712706 -0.0088473743162826267 0.041857640019739982 -0.00044752066374619784 0.018889130250920417 0.01800365356620549 -0.021318086728318343 -0.006175508628243385 0.018338850211050518 0.0049050194987231861 0.0091185787385799997 0.040383773469839061 -0.012170265416583335 0.015986454953351891 0.0026862727702989036 0.0062353346755606677 -0.0014574041399958214 -0.011791032893538228 -0.0047374728236640566 0.0099153226153677713 -0.0064365858157270604 0.068666981781888362 -0.011061269474698399 -0.0068990855747252822 0.00010854453749895978 -0.0047412635435365108 -0.02855620378147819 0.00080251264040614241
leaf_weight=3464 104548 219601 155415 104535 9482 77876 27241 24795 19016 34979 83968 523765 31911 23821 35594 99297 17255 150838 304097 239450 67149 458331 87880 1881 269112 50284 1006275 26632 35730 705778
leaf_count=3464 104548 219601 155415 104535 9482 77876 27241 24795 19016 34979 83968 523765 31911 23821 35594 99297 17255 150838 304097 239450 67149 458331 87880 1881 269112 50284 1006275 26632 35730 705778
internal_value=-3.2388e-08 -0.00245424 -0.0080812 0.00280099 -0.000575172 0.00338869 0.00816048 -0.0124833 -0.00256991 0.00100405 0.0111309 0.0055621 0.0259349 0.022482 6.40277e-05 0.00855696 -0.0207038 -0.00143273 -0.0023433 -0.00600994 0.00651813 0.00783611 -0.00044266 0.000399317 -0.00835884 0.00132658 -0.000935193 -0.00842392 -0.018383 0.0009829
internal_weight=5e+06 2.89985e+06 725944 209083 2.17391e+06 2.10015e+06 699797 516861 1.64066e+06 1.40035e+06 118947 533247 59196 55732 1.2814e+06 134891 172670 1.42106e+06 1.27022e+06 543547 640601 573452 115121 726675 344191 75079 1.14651e+06 140238 62362 707659
internal_count=5000000 2899852 725944 209083 2173908 2100148 699797 516861 1640661 1400351 118947 533247 59196 55732 1281404 134891 172670 1421060 1270222 543547 640601 573452 115121 726675 344191 75079 1146513 140238 62362 707659
cat_boundaries=0 1 2 3 4 5 6 7 8 9 10 11 12 13 14
cat_threshold=992 230496 24 98368 123360 65600 917504 7680 7170 512 384 1024 786432 896
is_linear=0
shrinkage=0.1


Tree=57
num_leaves=31
num_cat=6
split_feature=0 74 2 76 48 1 53 86 7 76 48 83 3 3 20 72 2 89 2 77 2 80 86 83 76 25 76 4 75 76
split_gain=3486.78 2313.74 1920.57 1780.49 1727.47 1705.12 1601.83 2184.36 1639.83 1477.68 2102.62 1435.1 1535.9 1321.24 1314.63 1228.4 1189.8 1143.07 1096.15 1068.09 973.396 961.132 886.521 842.407 846.58 1003.95 1628.9 806.963 776.202 1418.18
threshold=16.349999427795414 58.500000000000007 16.94999980926514 0 3.5499999523162846 15.750000000000002 1.2500000000000002 -13.749999999999998 -13.15000009536743 1 1.2500000000000002 18.750000000000004 18.250000000000004 -8.5500001907348615 33.850000381469734 35.339199066162116 -10.249999999999998 -13.15000009536743 20.44999980926514 25.349999427795414 -1.4499999880790708 -0.45000000298023218 18.849999427795414 11.050000190734865 2 1.0000000180025095e-35 3 23.44999980926514 4 5
decision_type=2 2 10 1 10 8 10 8 8 1 8 8 8 8 8 2 8 10 10 10 8 8 8 10 1 10 1 8 1 1
left_child=1 3 6 4 16 -2 7 8 17 10 13 18 22 -9 19 20 -1 -3 -7 -14 -15 -5 -13 24 -8 -26 -27 -21 29 -11
right_child=5 2 -4 21 -6 11 23 9 -10 28 -12 12 14 15 -16 -17 -18 -19 -20 27 -22 -23 -24 -25 25 26 -28 -29 -30 -31
leaf_value=0.071107980273604807 0.025456079837273028 -0.1845886798619073 -0.026371398838455774 -0.0059139167660604321 -0.025481588547029699 -0.0015070851536484206 -0.0043184931643343635 0.060539723764241583 -0.023416147549801217 0.01669237650406119 -0.0042959356121476571 0.0022314356402551197 0.0011458983731664732 0.06922983744894029 0.034922681933709059 0.0046935255785970284 -0.0035983308576469802 0.045483520726454174 -0.020032468989911449 0.019661773909155942 0.019920777248414151 0.0033314168862827705 0.01635834452399686 -0.00010006667597931296 -0.012977667472076721 -0.038758116166946271 0.013540189018028004 0.0055228814799164125 -0.0059869588896379906 -0.0056877929233675991
leaf_weight=2183 33565 1410 40026 126753 46293 238112 278336 5768 2728 47496 118653 64917 1258183 4387 12572 89705 91005 255 36888 47398 45793 996095 140701 139734 383970 7308 31980 272110 365596 70080
leaf_count=2183 33565 1410 40026 126753 46293 238112 278336 5768 2728 47496 118653 64917 1258183 4387 12572 89705 91005 255 36888 47398 45793 996095 140701 139734 383970 7308 31980 272110 365596 70080
internal_value=-2.08551e-08 -0.00225131 -0.00473647 0.000964047 -0.00969135 0.00309757 -0.00419293 -0.000838767 -0.0711475 -0.000425556 0.0055859 0.00273518 0.00376531 0.0136363 0.00271374 0.0117023 -0.00184828 -0.149352 -0.00399205 0.00245708 0.0242316 0.00228773 0.0118982 -0.00719046 -0.00860263 -0.0114195 0.00380571 0.00762034 -0.003714 0.00335355
internal_weight=5e+06 2.89555e+06 1.63322e+06 1.26233e+06 139481 2.10445e+06 1.5932e+06 751871 4393 747478 264306 2.07088e+06 1.79588e+06 145653 1.59026e+06 139885 93188 1665 275000 1.57769e+06 50180 1.12285e+06 205618 841328 701594 423258 39288 319508 483172 117576
internal_count=5000000 2895554 1633225 1262329 139481 2104446 1593199 751871 4393 747478 264306 2070881 1795881 145653 1590263 139885 93188 1665 275000 1577691 50180 1122848 205618 841328 701594 423258 39288 319508 483172 117576
cat_boundaries=0 1 2 3 4 5 6
cat_threshold=3584 3948288 29182 3584 496 245984
is_linear=0
shrinkage=0.1


Tree=58
num_leaves=31
num_cat=15
split_feature=75 76 75 76 83 1 76 2 73 76 75 75 0 6 76 81 2 2 72 76 76 48 25 76 76 75 76 13 80 83
split_gain=2889.27 2452.27 4543.41 2980.82 1989.55 1925.53 1818.7 1732.62 1407.58 1314.18 1951.96 1072.17 1013.02 1229.21 1006.01 977.558 955.823 899.035 898.427 978.063 888.862 887.855 881.229 1603.87 1055.92 863.538 1376.22 844.979 778.318 905.985
threshold=0 1 2 3 10.650000095367433 -2.1499999761581416 4 8.6500000953674334 142.07500457763675 5 6 7 30.550000190734867 27.650000572204593 8 1.0000000180025095e-35 8.6500000953674334 15.050000190734865 30.90164947509766 9 10 3.6499999761581425 1.0000000180025095e-35 11 12 13 14 12.449999809265138 -13.749999999999998 -13.249999999999998
decision_type=1 1 1 1 10 8 1 8 2 1 1 1 2 8 1 8 8 10 2 1 1 10 8 1 1 1 1 10 8 10
left_child=6 2 3 -2 8 -5 7 27 11 10 -4 14 18 -14 -3 21 -6 -12 19 -8 -17 25 24 -24 -20 26 -9 -1 29 -10
right_child=1 4 9 5 16 -7 12 15 28 -11 17 -13 13 -15 -16 20 -18 -19 22 -21 -22 -23 23 -25 -26 -27 -28 -29 -30 -31
leaf_value=0.014522827777103765 -0.007820516832705026 0.005243033090506638 -0.021324462764276214 0.062645022655819435 0.025512711571005126 0.011648673460783753 -0.013913396296974809 0.020731993261097377 -0.065861644510095366 -0.0058305412070968005 -0.00030485196933105165 0.0010463267897304165 0.029158670073194788 -0.0063889639030600522 -0.0078149591487190768 0.0067582487358742969 0.004599228779482786 -0.017720061331588755 -0.012709239462466377 0.021351683521612323 -0.014557892799766962 -0.00063592604390000709 -0.014624640333032891 0.01308322388940274 -0.00030871714798937961 0.011420743322247871 -0.0059836398633669697 0.053417630207750859 -0.0082023644460427897 0.016111569487146354
leaf_weight=10940 104535 73516 209381 7846 23019 131461 9982 26091 4806 257647 91868 1005614 26427 15394 298705 37314 431690 43764 73197 36997 41101 110519 26077 104918 1107359 388620 73800 11412 214126 1874
leaf_count=10940 104535 73516 209381 7846 23019 131461 9982 26091 4806 257647 91868 1005614 26427 15394 298705 37314 431690 43764 73197 36997 41101 110519 26077 104918 1107359 388620 73800 11412 214126 1874
internal_value=-2.3673e-08 -0.00204574 -0.00657483 0.0049426 -0.000178583 0.0145198 0.00282467 0.00698746 -0.00183869 -0.0112349 -0.0152705 -0.000650829 0.000744364 0.0160738 -0.00523585 0.00608373 0.00565794 -0.00592373 0.000272466 0.0138602 -0.00441554 0.00745812 -0.000214239 0.00756734 -0.00107769 0.00928928 0.000995719 0.0343809 -0.00925101 -0.042865
internal_weight=5e+06 2.89985e+06 846502 243842 2.05335e+06 139307 2.10015e+06 699797 1.59864e+06 602660 345013 1.37784e+06 1.40035e+06 41821 372221 677445 454709 135632 1.35853e+06 46979 78415 599030 1.31155e+06 130995 1.18056e+06 488511 99891 22352 220806 6680
internal_count=5000000 2899852 846502 243842 2053350 139307 2100148 699797 1598641 602660 345013 1377835 1400351 41821 372221 677445 454709 135632 1358530 46979 78415 599030 1311551 130995 1180556 488511 99891 22352 220806 6680
cat_boundaries=0 1 2 3 4 5 6 7 8 9 10 11 12 13 14 15
cat_threshold=992 230624 24 132128 123360 98496 6146 24 28928 7680 122880 3584 262144 512 384
is_linear=0
shrinkage=0.1


Tree=59
num_leaves=31
num_cat=4
split_feature=0 2 74 51 86 76 48 76 48 3 89 2 2 89 3 72 48 0 45 3 76 4 74 18 76 0 83 69 48 89
split_gain=2479.81 1994.07 1947.47 1617.88 2128.02 1578.74 1584.61 1463.78 1616.14 1347.73 1265.57 1186.13 1181.59 1164.54 1119.95 1222.86 1027.47 1004.77 1012.65 939.361 927.575 909.446 1361.71 1185.74 857.153 812.685 745.993 708.647 703.99 667.198
threshold=17.44999980926514 17.150000572204593 54.500000000000007 1.0500000119209292 -13.749999999999998 0 3.1499999761581425 1 1.0500000119209292 -13.050000190734862 20.250000000000004 18.050000190734867 21.849999427795414 -13.15000009536743 -8.5500001907348615 35.339199066162116 1.1500000357627871 33.45000076293946 1.0000000180025095e-35 -10.249999999999998 2 24.150000572204593 102.00000000000001 29.94999980926514 3 28.349999427795414 -1.1500000357627866 1.2500000000000002 0.35000000894069677 -13.15000009536743
decision_type=2 8 2 8 8 1 10 1 8 10 8 10 10 10 8 2 8 2 8 10 1 8 2 8 1 2 8 8 8 8
left_child=2 16 5 4 9 6 19 8 14 13 12 24 20 28 -6 -16 -2 18 21 -1 -3 23 -23 25 -5 -12 -7 -26 -4 -9
right_child=1 10 3 11 7 26 -8 29 -10 -11 17 -13 -14 -15 15 -17 -18 -19 -20 -21 -22 22 -24 -25 27 -27 -28 -29 -30 -31
leaf_value=0.058008224557227567 0.033247158664779369 -0.0083840053880427229 -0.20509982025873108 -0.012296558281748138 0.062560929571417706 -0.0052876592833233892 -0.018069328708524571 -0.061390822996609209 -0.002265626573745648 0.007363325978276854 0.0031594458176585471 -0.02543729326374904 -0.018910500386883806 0.029650547435528946 0.026908651902134623 0.0050286087456967096 0.010308156773720829 0.028430990872111123 0.011036308028762196 -0.0010016150752864392 0.0037105872127765347 0.0025291814524545193 -0.0073936678476815877 0.021859135912986216 -0.0081626007174193296 0.027363893616979346 0.0034581333663198082 -0.0022613518407431708 -0.091554766391353251 -0.0025564079552235458
leaf_weight=2767 27506 107127 1027 169594 4787 107985 79060 1935 98454 1386 659083 31699 44132 464 40608 68855 67308 15711 142279 107613 155362 446458 200361 37850 329567 14170 1007303 531923 1166 496460
leaf_count=2767 27506 107127 1027 169594 4787 107985 79060 1935 98454 1386 659083 31699 44132 464 40608 68855 67308 15711 142279 107613 155362 446458 200361 37850 329567 14170 1007303 531923 1166 496460
internal_value=-2.63566e-08 0.00282379 -0.00175638 -0.00390954 -0.000232124 0.00117769 -0.00726228 0.000179194 0.00712398 -0.0725765 0.00208823 -0.00638406 -0.00377102 -0.114276 0.015216 0.0131456 0.0169629 0.00327337 0.0030099 0.00047764 -0.00122564 0.00216892 -0.000544556 0.00463709 -0.0057983 0.00366888 0.00261132 -0.00451885 -0.144729 -0.00278477
internal_weight=5e+06 1.91735e+06 3.08265e+06 1.77792e+06 715142 1.30473e+06 189440 711099 212704 4043 1.82253e+06 1.06278e+06 306621 2657 114250 109463 94814 1.51591e+06 1.5002e+06 110380 262489 1.35792e+06 646819 711103 1.03108e+06 673253 1.11529e+06 861490 2193 498395
internal_count=5000000 1917347 3082653 1777925 715142 1304728 189440 711099 212704 4043 1822533 1062783 306621 2657 114250 109463 94814 1515912 1500201 110380 262489 1357922 646819 711103 1031084 673253 1115288 861490 2193 498395
cat_boundaries=0 1 2 3 4
cat_threshold=7680 933632 131008 198144
is_linear=0
shrinkage=0.1


Tree=60
num_leaves=31
num_cat=8
split_feature=83 74 76 48 24 76 76 89 73 84 26 3 89 90 76 48 87 24 76 76 74 76 83 2 73 27 76 74 72 4
split_gain=2191.74 1511.03 2639.97 1980.78 1956.34 1642.2 1637.36 1512.53 1840.4 1302.69 1199.8 1178.96 1119.77 1093.6 1008.7 2756.26 1420.19 1145.97 5307.32 1399.14 1132.8 961.082 937.125 1620.94 911.87 879.364 860.456 844.183 786.53 766.025
threshold=7.6499998569488534 197.50000000000003 0 1.2500000000000002 1.0000000180025095e-35 1 2 -13.15000009536743 143.65169525146487 1.0000000180025095e-35 1.0000000180025095e-35 8.0500001907348651 27.849999427795414 1.0000000180025095e-35 3 2.5499999523162846 1.0000000180025095e-35 1.0000000180025095e-35 4 5 50.500000000000007 6 -1.0000000180025095e-35 -2.1499999761581416 129.97499847412112 1.0000000180025095e-35 7 58.500000000000007 36.436649322509773 -10.249999999999998
decision_type=8 2 1 8 2 1 1 8 2 10 10 10 10 10 1 10 10 2 1 1 2 1 8 8 2 10 1 2 2 8
left_child=11 12 3 9 6 -6 10 8 -8 28 -4 22 14 -5 15 16 27 20 -19 -20 -16 24 29 -24 -22 -26 -25 -2 -3 -1
right_child=1 2 4 13 5 -7 7 -9 -10 -11 -12 -13 -14 -15 17 -17 -18 18 19 -21 21 -23 23 26 25 -27 -28 -29 -30 -31
leaf_value=0.0095397036870826929 0.0017888551996184309 0.028857138401950855 -0.015777299585115184 0.0022527721930285581 -0.020782920488682681 0.015355241682586626 -0.043334241317328416 -0.0033640596408546324 -0.32916709844195119 -0.012528282756126746 0.020026440966173186 -0.013668485211036112 0.010767340616748985 -0.025673003914427429 0.0038635656235673898 -0.011094493908649018 -0.01754345157570569 -0.025486820490872253 0.028024466054253946 0.009935422210056959 0.022159205503728838 0.0022294354400922817 0.030169439413344004 -0.0083116225417890037 -0.0068161293059194024 0.01564646861322282 0.00092634743799337302 0.014137328747262446 0.0096276737584073697 -0.0079433221786453078
leaf_weight=26964 128889 55710 202958 163370 15217 72219 878 493424 303 12842 9812 112985 148050 15340 1223877 203980 26102 36393 65519 123180 12191 430214 16919 131831 337170 18378 428608 97046 34408 355223
leaf_count=26964 128889 55710 202958 163370 15217 72219 878 493424 303 12842 9812 112985 148050 15340 1223877 203980 26102 36393 65519 123180 12191 430214 16919 131831 337170 18378 428608 97046 34408 355223
internal_value=-2.71156e-08 0.00109408 -0.00209801 0.00622062 -0.00504603 0.00906528 -0.00679035 -0.00363453 -0.116668 0.017269 -0.0141255 -0.00400649 0.00229935 -0.000144304 0.00183552 -0.00245257 0.00454146 0.0027058 0.00947418 0.0162173 0.00195228 -0.000979186 -0.00286881 -0.000326187 -0.00473285 -0.00565506 -0.00124681 0.0070929 0.0215151 -0.00670986
internal_weight=5e+06 3.92747e+06 1.07648e+06 281670 794811 87436 707375 494605 1181 102960 212770 1.07253e+06 2.85099e+06 178710 2.70294e+06 456017 252037 2.24692e+06 225092 188699 2.02183e+06 797953 959545 577358 367739 355548 560439 225935 90118 382187
internal_count=5000000 3927470 1076481 281670 794811 87436 707375 494605 1181 102960 212770 1072530 2850989 178710 2702939 456017 252037 2246922 225092 188699 2021830 797953 959545 577358 367739 355548 560439 225935 90118 382187
cat_boundaries=0 1 2 3 4 5 6 7 8
cat_threshold=16128 224 1015808 7680 448 2064384 16744448 200320
is_linear=0
shrinkage=0.1


Tree=61
num_leaves=31
num_cat=12
split_feature=86 53 74 76 76 48 48 25 90 76 76 24 48 75 72 78 76 4 76 16 2 22 86 2 76 88 75 75 76 75
split_gain=1946.72 1506.97 1970.84 1890.17 1743.55 2116.96 1713.17 1253.44 1139.02 1131.96 1126.88 3146.36 1564.55 1353.24 1102.03 1092.56 1037.98 931.712 928.732 833.24 851.792 947.899 823.636 1385.39 913.798 1110.11 807.54 769.89 959.023 960.317
threshold=7.4500000476837167 1.0500000119209292 69.500000000000014 0 1 1.6500000357627871 4.1499998569488534 1.0000000180025095e-35 1.0000000180025095e-35 2 3 1.0000000180025095e-35 2.5499999523162846 4 30.90164947509766 1.0000000180025095e-35 5 9.0500001907348651 6 28.349999427795414 5.2500000000000009 7.2500000000000009 -0.84999999403953541 -2.7499999999999996 7 1.9499999880790713 8 9 10 11
decision_type=8 8 2 1 1 8 10 10 10 1 1 2 8 1 2 10 1 10 1 10 10 8 10 8 1 8 1 1 1 1
left_child=17 4 3 6 5 15 8 14 -3 -9 11 12 13 18 -5 19 -17 22 -4 20 21 -2 -1 -24 25 -25 -12 -6 29 -29
right_child=1 2 10 7 27 -7 -8 9 -10 -11 26 -13 -14 -15 -16 16 -18 -19 -20 -21 -22 -23 23 24 -26 -27 -28 28 -30 -31
leaf_value=-0.0070179236511579562 0.01313235287920806 0.0020470861928958994 -0.014385001859558797 0.013435511679119529 0.0054400488225844618 7.3216008524920012e-05 -0.01599350765319546 0.027909892784117582 -0.020502945140420156 0.0065843648813297536 -0.0058767419887645542 0.019803063658087455 0.00014689221022040069 -0.0087354259437651925 0.0019012917500503092 0.022734820936485642 -0.011865902967384337 -0.013784030357531658 -0.033324270169855966 0.031348123038608303 0.010450118328369069 0.040367265844275579 0.027973516600435341 -0.00058836145473167097 0.00010697326245618082 -0.021241341792936949 0.0015259223173874226 0.0012269748235714621 0.0010456304479455785 -0.015957107318921995
leaf_weight=326623 30782 224838 58899 90170 201474 222546 94730 38325 24878 71032 217799 39245 115122 202318 1018363 11898 31876 86052 46278 26533 251588 21851 16251 56348 523317 48363 455617 54441 311672 80771
leaf_count=326623 30782 224838 58899 90170 201474 222546 94730 38325 24878 71032 217799 39245 115122 202318 1018363 11898 31876 86052 46278 26533 251588 21851 16251 56348 523317 48363 455617 54441 311672 80771
internal_value=-2.40264e-08 0.00102157 -0.000306757 0.00199733 0.00389874 0.00779765 -0.00454303 0.0038471 -0.000199465 0.0140612 -0.00347758 -0.0072818 -0.00979712 -0.01352 0.00283951 0.0123878 -0.00245876 -0.00381117 -0.0227207 0.0143526 0.0128703 0.0244391 -0.00292726 -0.000853463 -0.0015994 -0.0101264 -0.00086833 0.000308106 -0.00200566 -0.00903863
internal_weight=5e+06 3.94305e+06 2.69761e+06 1.56234e+06 1.24543e+06 597074 344446 1.21789e+06 249716 109357 1.13528e+06 461862 422617 307495 1.10853e+06 374528 43774 1.05695e+06 105177 330754 304221 52633 970902 644279 628028 104711 673416 648358 446884 135212
internal_count=5000000 3943046 2697614 1562336 1245432 597074 344446 1217890 249716 109357 1135278 461862 422617 307495 1108533 374528 43774 1056954 105177 330754 304221 52633 970902 644279 628028 104711 673416 648358 446884 135212
cat_boundaries=0 1 2 3 4 5 6 7 8 9 10 11 12
cat_threshold=8000 3948416 2064384 8323072 62 3932160 7405568 3712 7174 224 98400 284
is_linear=0
shrinkage=0.1


Tree=62
num_leaves=31
num_cat=10
split_feature=89 74 76 24 76 87 72 83 89 48 49 76 90 48 72 76 56 76 48 4 24 76 76 27 89 2 85 75 76 76
split_gain=1692.18 1268.29 1558.51 1518.16 1147.66 1092.93 1082.07 1018.12 963.958 900.128 858.894 1213.38 2110.56 1677.82 1334.7 1019.85 950.62 828.543 1259 810.728 774.393 1569.3 871.677 747.16 713.86 1503.97 672.638 649.567 635.678 627.972
threshold=5.2500000000000009 249.50000000000003 0 1.0000000180025095e-35 1 1.0000000180025095e-35 37.649148941040046 -13.249999999999998 31.050000190734867 0.35000000894069677 0.94999998807907116 2 1.0000000180025095e-35 2.8500000238418584 34.80999946594239 3 1.3499999642372134 4 1.0500000119209292 7.0499999523162851 1.0000000180025095e-35 5 6 1.0000000180025095e-35 -1.2499999999999998 -3.8500000238418575 2.1499999761581425 7 8 9
decision_type=8 2 1 2 1 10 2 8 10 10 8 1 10 10 2 1 8 1 10 8 2 1 1 10 8 8 10 1 1 1
left_child=19 7 5 4 23 6 17 9 10 -2 16 12 13 -12 15 -13 -9 18 -3 24 22 -22 27 -4 -1 -26 -11 -16 -27 -5
right_child=1 2 3 29 -6 -7 -8 8 -10 26 11 14 -14 -15 20 -17 -18 -19 -20 -21 21 -23 -24 -25 25 28 -28 -29 -30 -31
leaf_value=-0.0069204974227649986 -0.18949204840408107 0.028117996435439829 -0.016721514909632123 -0.015948517578395018 -0.0044969964351271657 -0.013927237649029681 -0.0060682249295353026 0.0075704764504439127 0.016590212817705577 -0.0011478842392078491 0.0039539224378904994 0.0094811425403601712 -0.026107377167444698 -0.0099089026978358852 -0.014891048104703567 0.0020206567549156122 0.00051743408471609416 0.0026639596410815932 0.0058169808402102081 -0.013474254159396805 -0.015588728668952485 0.013008288464776075 -0.001957304458068175 0.016752188596366662 0.035246230553028654 -0.0089217431249983478 -0.13516003325329906 0.011861488142361864 0.0002756772057468686 0.01312709199011472
leaf_weight=294331 454 41646 136364 8624 358361 34865 71055 439455 43566 1539 205864 302180 40145 151596 10331 465511 338135 130464 64556 82236 23977 95969 1038239 7011 11380 93634 495 74321 380418 53278
leaf_count=294331 454 41646 136364 8624 358361 34865 71055 439455 43566 1539 205864 302180 40145 151596 10331 465511 338135 130464 64556 82236 23977 95969 1038239 7011 11380 93634 495 74321 380418 53278
internal_value=-2.63368e-08 0.000839619 -0.00246649 -0.00569955 -0.00752259 0.00285278 0.00475406 0.00176669 0.00181595 -0.0621785 0.00161391 0.000680867 -0.00436669 -0.00192519 0.00167909 0.00495742 0.00450346 0.00800326 0.0145607 -0.00403072 -0.000345891 0.00729158 -0.00116172 -0.0150836 -0.00303478 -0.000678757 -0.0337615 0.00859521 -0.00154117 0.00907591
internal_weight=5e+06 4.138e+06 906224 563638 501736 342586 307721 3.23178e+06 3.22929e+06 2488 3.18572e+06 2.40813e+06 397605 357460 2.01053e+06 767691 777590 236666 106202 861999 1.24284e+06 119946 1.12289e+06 143375 779763 485432 2034 84652 474052 61902
internal_count=5000000 4138001 906224 563638 501736 342586 307721 3231777 3229289 2488 3185723 2408133 397605 357460 2010528 767691 777590 236666 106202 861999 1242837 119946 1122891 143375 779763 485432 2034 84652 474052 61902
cat_boundaries=0 1 2 3 4 5 6 7 8 9 10
cat_threshold=16268 491520 3648 3792896 3840 4512 160 4102 69248 96
is_linear=0
shrinkage=0.1


Tree=63
num_leaves=31
num_cat=14
split_feature=75 69 24 76 76 75 76 77 49 76 81 48 76 72 0 29 87 76 6 0 1 75 76 76 76 88 55 75 76 1
split_gain=1500.61 1592.11 1606.54 2034.29 1643.93 1499.96 1139.63 975.739 935.691 1907.53 2050.75 1578.53 1341.75 1080.39 907.253 899.521 895.05 1890.71 870.816 841.406 834.282 810.561 1552.9 1187.98 805.399 793.211 760.869 741.016 1048.07 794.854
threshold=0 1.0500000119209292 1.0000000180025095e-35 1 2 3 4 -13.15000009536743 0.94999998807907116 5 1.0000000180025095e-35 0.84999999403953563 6 34.80999946594239 -12.849999904632567 1.0000000180025095e-35 1.0000000180025095e-35 7 -13.15000009536743 31.150000572204593 14.949999809265138 8 9 10 11 1.8499999642372134 1.2500000000000002 12 13 -1.2499999999999998
decision_type=1 10 2 1 1 1 1 8 8 1 10 8 1 2 2 10 10 1 8 2 8 1 1 1 1 8 10 1 1 10
left_child=6 2 4 -4 21 7 20 -6 9 10 11 15 16 24 -15 27 25 -18 -11 -8 -1 22 -2 -23 -14 -10 -9 29 -29 -3
right_child=1 8 3 -5 5 -7 19 26 12 18 -12 -13 13 14 -16 -17 17 -19 -20 -21 -22 23 -24 -25 -26 -27 -28 28 -30 -31
leaf_value=0.022717318130813055 -0.020768818700619404 0.076363732617908825 -0.021750466332126975 0.012514107572031381 -0.066904289229178349 0.0023515091699497551 0.00037665070674968034 -0.0007081907397633074 0.0031667490671302722 -0.1000390361586857 -0.018477566654686948 0.0047816796051364276 0.0079995231938503712 0.040431445132743396 -0.0012105714555370472 -0.018212001629374738 0.024915689552326231 -0.028158023790416143 -0.0014471668167715889 0.01504394230194833 0.0061522808515231814 0.002880452506407079 0.0059493828654542166 -0.016634654271087051 0.00011748618235297004 -0.0064589884475143543 -0.010192830717482101 0.026916145756278195 0.0026084042322428642 0.02996090813558977
leaf_weight=33429 32922 4207 20844 102464 2697 330551 853487 137826 118025 899 22266 110605 295059 5258 1056668 5441 8184 37182 257209 40990 335971 36372 64079 219228 231240 311701 218934 47984 28154 30124
leaf_count=33429 32922 4207 20844 102464 2697 330551 853487 137826 118025 899 22266 110605 295059 5258 1056668 5441 8184 37182 257209 40990 335971 36372 64079 219228 231240 311701 218934 47984 28154 30124
internal_value=-2.55777e-08 -0.00100763 -0.00407261 0.00672127 -0.00534918 -0.0025105 0.00297853 -0.00698146 0.000382721 0.00423226 0.0104805 0.0133275 -0.000562984 0.000831739 -0.00100439 0.0214821 -0.00522543 -0.0185843 -0.0017905 0.00104878 0.00765113 -0.0109039 -0.00311994 -0.0138576 0.00453655 -0.00381526 -0.00652866 0.0234372 0.0179293 0.0356368
internal_weight=5e+06 3.73612e+06 1.16592e+06 123308 1.04261e+06 690008 1.26388e+06 359457 2.57021e+06 506889 248781 226515 2.06332e+06 1.58822e+06 1.06193e+06 115910 475092 45366 258108 894477 369400 352601 97001 255600 526299 429726 356760 110469 76138 34331
internal_count=5000000 3736123 1165917 123308 1042609 690008 1263877 359457 2570206 506889 248781 226515 2063317 1588225 1061926 115910 475092 45366 258108 894477 369400 352601 97001 255600 526299 429726 356760 110469 76138 34331
cat_boundaries=0 1 2 3 4 5 6 7 8 9 10 11 12 13 14
cat_threshold=448 4032 508128 62 229616 32704 134720 131072 56 393216 262144 4055304 56 7936
is_linear=0
shrinkage=0.1


Tree=64
num_leaves=31
num_cat=10
split_feature=86 52 74 48 76 76 87 76 48 76 25 48 89 83 78 2 17 24 22 24 76 79 48 76 76 75 76 51 72 76
split_gain=1366.25 1170.85 1659.4 1376.15 1927.25 1319.52 1091.57 1163.09 993.756 946.316 2868 1547.67 874.709 977.103 797.332 806.025 821.226 782.4 779.184 770.926 1905.16 757.838 742.845 1271.92 765.173 739.98 1140.3 730.876 700.877 691.188
threshold=3.4500000476837163 1.1500000357627871 69.500000000000014 2.1499999761581425 0 1 1.0000000180025095e-35 2 3.8500000238418584 3 1.0000000180025095e-35 2.1499999761581425 -13.15000009536743 -2.8500000238418575 1.0000000180025095e-35 -0.84999999403953541 27.349999427795414 1.0000000180025095e-35 2.8500000238418584 1.0000000180025095e-35 4 2.9500000476837163 1.8499999642372134 5 6 7 8 2.1499999761581425 30.90164947509766 9
decision_type=8 10 2 10 1 1 10 1 8 1 10 8 8 8 10 10 8 2 10 2 1 10 10 1 1 1 1 8 2 1
left_child=-1 3 5 4 6 8 14 -8 -3 10 11 17 13 -6 15 18 -17 25 -2 22 -21 -11 23 -7 -24 26 -4 -25 -13 -27
right_child=1 2 9 -5 12 19 7 -9 -10 21 -12 28 -14 -15 -16 16 -18 -19 -20 20 -22 -23 24 27 -26 29 -28 -29 -30 -31
leaf_value=-0.0041251633521812861 0.014242830432270313 -0.00032499434767184281 -0.0086854679120231936 -0.0041034780329333607 -0.030650103475284237 0.0053319185276542039 0.022483873017820063 -0.012500738082015076 -0.012360051311241902 0.00079929995686505253 0.018074503432205177 0.022573889746294328 0.0011645611580827077 -0.23831705635363637 -0.010049740838380901 0.0086979022887579052 0.02207182043507069 0.014687379802485238 0.050629940458958425 -0.018399119088941766 0.015791037594039548 -0.0084801193885948693 0.0078056519873201105 -0.0010247486091357685 0.0013807687510831261 -0.019314397475451852 -0.029848139188938402 -0.011566927710505437 -0.0033008243232280662 -0.0061112610431530842
leaf_weight=691797 14363 201105 44150 234712 857 181899 12327 41364 104137 519188 43711 11078 751690 308 17930 356845 52694 9704 9970 19338 103444 105975 311498 155204 457796 58317 60229 114117 190320 123933
leaf_count=691797 14363 201105 44150 234712 857 181899 12327 41364 104137 519188 43711 11078 751690 308 17930 356845 52694 9704 9970 19338 103444 105975 311498 155204 457796 58317 60229 114117 190320 123933
internal_value=-2.32304e-08 0.000662378 -0.000538203 0.00292606 0.00423723 0.00150419 0.00901318 -0.00446671 -0.00443075 -0.00342432 -0.00648466 -0.00864158 0.00103036 -0.0855526 0.0106153 0.0114693 0.0104187 -0.0132386 0.0291518 0.00285281 0.0104059 -0.000773696 0.00209301 -0.00112828 0.00398241 -0.0141841 -0.0208985 -0.00549149 -0.00187757 -0.0103369
internal_weight=5e+06 4.3082e+06 2.81514e+06 1.49306e+06 1.25835e+06 1.64854e+06 505493 53691 305242 1.1666e+06 541442 497731 752855 1165 451802 433872 409539 296333 24333 1.3433e+06 122782 625163 1.22051e+06 451220 769294 286629 104379 269321 201398 182250
internal_count=5000000 4308203 2815143 1493060 1258348 1648538 505493 53691 305242 1166605 541442 497731 752855 1165 451802 433872 409539 296333 24333 1343296 122782 625163 1220514 451220 769294 286629 104379 269321 201398 182250
cat_boundaries=0 1 2 3 4 5 6 7 8 9 10
cat_threshold=1851264 7744 1835008 8355840 416 57790 8323072 62 6389760 229376
is_linear=0
shrinkage=0.1


Tree=65
num_leaves=31
num_cat=8
split_feature=80 2 68 25 76 76 49 76 81 0 29 48 76 90 72 74 74 75 76 2 77 80 23 50 48 76 76 80 80 83
split_gain=1252.06 1305.97 1148.88 1634.83 2107.34 903.842 899.377 1204.1 1859.36 1169.41 1117.54 1075.34 1020.55 1642.6 1257.4 836.059 817.387 795.127 1664.85 824.756 779.229 659.664 943.135 651.008 754.642 749.821 646.844 628.837 599.702 595.966
threshold=23.150000572204593 22.250000000000004 1.1500000357627871 1.0000000180025095e-35 0 1 0.94999998807907116 2 1.0000000180025095e-35 -12.849999904632567 1.0000000180025095e-35 0.84999999403953563 3 1.0000000180025095e-35 38.316650390625007 18.500000000000004 152.50000000000003 4 5 9.4499998092651385 -13.15000009536743 31.650000572204593 29.44999980926514 1.1500000357627871 1.6500000357627871 6 7 27.050000190734867 -7.3500001430511466 -13.249999999999998
decision_type=10 8 10 10 1 1 8 1 10 2 10 8 1 10 2 2 2 1 1 10 10 8 10 10 8 1 1 8 8 10
left_child=2 -2 3 5 -5 -1 7 8 10 20 11 17 13 14 -11 -7 28 18 -4 -19 29 22 27 -17 25 -25 -6 -3 -14 -8
right_child=1 21 6 4 26 15 9 -9 -10 12 -12 -13 16 -15 -16 23 -18 19 -20 -21 -22 -23 -24 24 -26 -27 -28 -29 -30 -31
leaf_value=-0.00071971985146789062 0.020441892971814805 0.0012518380656409073 0.023508773558194123 -0.019093405214857237 0.021935819092223315 0.0013198332263684343 0.0049616637121231363 -0.0010599274616982948 -0.014800138166126995 0.0018274864836940454 -0.015163346639544821 0.0050804087394144062 -0.017745201950734091 -0.025825443970387187 -0.011202981790687671 -0.0039259191459971683 -0.0030862840511652976 0.037642322376367082 -0.0043375798926526344 0.016367240156535342 0.10963142492318474 0.017956447458677163 -0.0098239226339042491 -0.021600579644271575 -0.0057436702995589161 -0.0089158145218337908 0.0070905101435894905 0.010158003027015432 0.0019067250588077436 0.090425996388061494
leaf_weight=564880 47735 263700 46024 27195 40650 135509 3636 261998 32658 197773 16386 135776 15697 35197 118382 323016 473259 29498 40237 47665 1380 27963 57459 83685 202015 105268 105664 113359 1445284 1052
leaf_count=564880 47735 263700 46024 27195 40650 135509 3636 261998 32658 197773 16386 135776 15697 35197 118382 323016 473259 29498 40237 47665 1380 27963 57459 83685 202015 105268 105664 113359 1445284 1052
internal_value=-2.93211e-08 0.00469418 -0.000533477 -0.00269598 0.00646512 -0.00381982 0.000649816 0.00406138 0.00791415 -0.000258643 0.010265 0.0116576 -0.000375037 -0.00533291 -0.00305168 -0.00588119 0.000525579 0.017122 0.0105207 0.0244971 0.0435827 0.00306878 0.0021107 -0.00724798 -0.00999265 -0.0145354 0.0112162 0.00392939 0.00169558 0.0241401
internal_weight=5e+06 510216 4.48978e+06 1.58788e+06 173509 1.41437e+06 2.9019e+06 610242 348244 2.29166e+06 315586 299200 2.28559e+06 351352 316155 849493 1.93424e+06 163424 86261 77163 6068 462481 434518 713984 390968 188953 146314 377059 1.46098e+06 4688
internal_count=5000000 510216 4489784 1587882 173509 1414373 2901902 610242 348244 2291660 315586 299200 2285592 351352 316155 849493 1934240 163424 86261 77163 6068 462481 434518 713984 390968 188953 146314 377059 1460981 4688
cat_boundaries=0 1 2 3 4 5 6 7 8
cat_threshold=4032 16159 32736 3584 7686 7936 983040 1015808
is_linear=0
shrinkage=0.1


Tree=66
num_leaves=31
num_cat=7
split_feature=89 2 74 54 86 7 48 76 3 76 76 2 72 70 75 76 76 73 89 80 2 89 4 2 21 89 89 21 1 75
split_gain=1180.13 2015.26 1091.33 956.774 1220.96 1371.76 1165.37 1363.6 1289.7 1056.84 853.207 805.127 804.139 799.189 765.873 1313.64 890.886 1003.51 731.099 758.869 723.951 715.904 1122.3 1107.11 686.677 710.075 685.965 778.526 659.437 619.136
threshold=16.550000190734867 16.550000190734867 18.500000000000004 1.1500000357627871 -13.749999999999998 -13.15000009536743 2.4500000476837163 0 -13.050000190734862 1 2 11.650000095367433 36.436649322509773 1.1500000357627871 3 4 5 139.74584960937503 -13.15000009536743 -13.749999999999998 -1.2499999999999998 24.650000572204593 23.550000190734867 21.550000190734867 25.050000190734867 21.349999427795414 20.94999980926514 18.94999980926514 6.8500001430511483 6
decision_type=10 8 2 10 8 8 10 1 8 1 1 10 2 10 1 1 1 2 10 10 8 10 8 8 10 10 10 8 8 1
left_child=2 11 10 4 5 9 7 14 -9 -4 -1 -2 20 29 16 -16 17 -6 19 -11 -10 23 -23 26 25 -25 27 -3 -19 -5
right_child=1 21 3 13 6 -7 -8 8 12 18 -12 -13 -14 -15 15 -17 -18 28 -20 -21 -22 22 -24 24 -26 -27 -28 -29 -30 -31
leaf_value=-0.0051170507285833887 0.044421075073797806 0.0050455797219747557 0.06343037026243753 -0.0024032217151487376 0.0018519260036096224 -0.006146161836109023 -0.0078782685158379148 0.06263377420112308 0.033928213411617246 -0.19156941971013478 0.0032978204136446757 0.012856289304042597 0.0010762718451390446 -0.0019319263750031343 0.0014859450197020033 -0.011427252152693253 -0.0024543486565037713 0.038608258395453995 0.018275224668586738 0.10536525970648812 0.0087477967905293351 0.014661725143032862 0.0020940474401036926 -0.0096988959937731514 -0.012807341883681054 0.00096325628037784248 0.0091652448107372424 -0.004446648085493372 0.012142744895962496 -0.0093302480209304355
leaf_weight=142454 8768 182501 284 210707 56147 2897 141374 4043 12182 1335 781308 103117 182038 1062716 169409 147247 122706 15653 234 92 182014 88478 360853 89304 77568 207810 126085 164095 23624 332957
leaf_count=142454 8768 182501 284 210707 56147 2897 141374 4043 12182 1335 781308 103117 182038 1062716 169409 147247 122706 15653 234 92 182014 88478 360853 89304 77568 207810 126085 164095 23624 332957
internal_value=-2.70285e-08 0.00245311 -0.000962165 -0.00198796 0.000342006 -0.0497588 0.000571634 0.00187711 0.00645482 -0.114718 0.00200014 0.0153299 0.0058513 -0.00352728 -0.00137811 -0.00451894 0.00318139 0.0104279 -0.144689 -0.172426 0.0103274 0.00134204 0.00456876 -0.000368986 -0.00442886 -0.00224148 0.00284917 0.000551508 0.02269 -0.00664577
internal_weight=5e+06 1.40858e+06 3.59142e+06 2.66766e+06 1.06128e+06 4842 1.05644e+06 915063 380277 1945 923762 111885 376234 1.60638e+06 534786 316656 218130 95424 1661 1427 194196 1.29669e+06 449331 847363 374682 297114 472681 346596 39277 543664
internal_count=5000000 1408579 3591421 2667659 1061279 4842 1056437 915063 380277 1945 923762 111885 376234 1606380 534786 316656 218130 95424 1661 1427 194196 1296694 449331 847363 374682 297114 472681 346596 39277 543664
cat_boundaries=0 1 2 3 4 5 6 7
cat_threshold=8618239 265728 7680 504 8388639 98528 4032
is_linear=0
shrinkage=0.1


Tree=67
num_leaves=31
num_cat=8
split_feature=83 74 76 26 4 0 29 76 73 24 83 2 76 2 85 0 83 49 80 74 77 3 73 76 76 75 75 1 76 6
split_gain=1072.59 898.738 992.739 1058.36 850.754 764.709 725.187 661.358 647.827 623.914 619.917 1514.98 672.402 665.751 660.435 623.09 2039.5 1446.08 1034.29 1212.5 1126.55 877.619 596.097 2511.91 1500.17 1813.84 1167.03 1061.91 839.149 855.125
threshold=4.4500000476837167 249.50000000000003 0 1.0000000180025095e-35 4.4500000476837167 34.850000381469734 1.0000000180025095e-35 1 139.55834960937503 1.0000000180025095e-35 -6.9500000476837149 -7.5499999523162833 2 -12.849999904632567 1.8499999642372134 -12.849999904632567 -13.249999999999998 1.5500000119209292 -13.749999999999998 159.50000000000003 -13.15000009536743 -13.050000190734862 140.11250305175784 3 4 5 6 5.4500000476837167 7 -13.15000009536743
decision_type=8 2 1 8 10 2 10 1 2 2 8 8 1 10 8 2 10 10 10 2 8 10 2 1 1 1 1 10 1 8
left_child=4 5 6 7 10 22 8 9 -3 -4 15 13 14 -12 -13 16 17 18 19 20 -1 -17 24 26 25 -2 27 -24 29 -25
right_child=1 2 3 -5 -6 -7 -8 -9 -10 -11 11 12 -14 -15 -16 21 -18 -19 -20 -21 -22 -23 23 28 -26 -27 -28 -29 -30 -31
leaf_value=-0.19182786644487185 0.0062046909469527312 0.0067253861476223491 -0.013539327620234042 0.0077109116653112921 -0.010445902441057014 0.043840117980166383 -0.010976632150272546 -0.0039755964675156083 -0.0034620947497744693 0.016806467643506361 0.10251756032532598 -0.00069914949184746384 0.00015105558079075369 0.024716238331093432 -0.016214995442940392 0.03621349322693853 0.057946828263756758 0.039140025100697799 0.031345342981556827 0.00082753392477595339 -0.062966860373706982 -0.018284840748640157 0.073213383385515279 -0.090251600837088275 0.0030524055321149083 -0.014796735085570709 0.002943819465199303 0.02151832474389653 -0.004607355300187326 0.0012707734432042691
leaf_weight=1087 67208 212198 136188 60489 140985 4237 37746 353595 88434 7130 1199 53883 439639 13302 55887 3127 5158 2592 1186 1443 1805 53682 4372 1023 2024866 105943 39083 43612 546137 492764
leaf_count=1087 67208 212198 136188 60489 140985 4237 37746 353595 88434 7130 1199 53883 439639 13302 55887 3127 5158 2592 1186 1443 1805 53682 4372 1023 2024866 105943 39083 43612 546137 492764
internal_value=-1.68284e-08 0.000627261 -0.00218447 -0.00477821 -0.00341982 0.0013838 0.0020882 -0.0062986 0.00372863 -0.0120288 -0.00185738 -0.00075504 -0.00159711 0.0311492 -0.00859792 -0.0107276 0.00878143 -0.0224764 -0.0514042 -0.0740434 -0.111401 -0.015285 0.0013297 -0.0005402 0.00228845 -0.00664521 0.0157749 0.026223 -0.0019063 0.00108114
internal_weight=5e+06 4.22502e+06 895780 557402 774975 3.32924e+06 338378 496913 300632 143318 633990 563910 549409 14501 109770 70080 13271 8113 5521 4335 2892 56809 3.32501e+06 1.12699e+06 2.19802e+06 173151 87067 47984 1.03992e+06 493787
internal_count=5000000 4225025 895780 557402 774975 3329245 338378 496913 300632 143318 633990 563910 549409 14501 109770 70080 13271 8113 5521 4335 2892 56809 3325008 1126991 2198017 173151 87067 47984 1039924 493787
cat_boundaries=0 1 2 3 4 5 6 7 8
cat_threshold=16268 491520 99968 96 96 480 496 16253087
is_linear=0
shrinkage=0.1


Tree=68
num_leaves=31
num_cat=8
split_feature=80 68 25 76 49 58 76 84 48 87 79 72 76 24 76 76 48 78 76 74 74 76 88 76 78 2 27 28 4 80
split_gain=989.832 800.446 1345.22 1157.48 736.041 962.198 855.851 2724.43 2056.97 1218.73 971.524 961.092 1494.51 863.42 1397.03 705.961 705.274 695.263 687.962 684.118 623.922 890.488 616.914 612.046 1155.02 819.954 587.469 549.199 547.231 901.094
threshold=0.45000000298023229 0.94999998807907116 1.0000000180025095e-35 0 1.0500000119209292 1.2500000000000002 1 1.0000000180025095e-35 4.0499999523162851 1.0000000180025095e-35 2.1499999761581425 30.90164947509766 2 1.0000000180025095e-35 3 4 1.8499999642372134 1.0000000180025095e-35 5 58.500000000000007 149.50000000000003 6 1.9499999880790713 7 1.0000000180025095e-35 -2.4500000476837154 1.0000000180025095e-35 1.0000000180025095e-35 -8.6500000953674299 -13.749999999999998
decision_type=8 8 8 1 8 8 1 10 10 10 10 2 1 2 1 1 8 10 1 2 2 1 10 1 8 10 8 10 8 10
left_child=28 2 18 -4 5 16 7 8 9 10 17 12 -8 20 -15 -16 23 22 -2 -20 -13 -22 -6 24 25 -3 -27 -21 29 -1
right_child=1 4 3 -5 6 -7 11 -9 -10 -11 -12 13 -14 14 15 -17 -18 -19 19 27 21 -23 -24 -25 -26 26 -28 -29 -30 -31
leaf_value=-0.021146779465431236 -5.4964989826084565e-05 0.043559561141423196 -0.010411034001851883 0.01230574317899822 0.010375385257737504 0.00045680165187417108 -0.007743540491786674 -0.023387440770811518 -0.012243959324649053 -0.025477814374618116 -0.0046569654050524325 0.0012324257833411789 0.016097879895287617 -0.028074653496764409 0.018394253259140934 0.0045618420172320864 -0.0061013241233679044 -0.025624369630585855 -0.00013475106655957796 -0.0079686333539900709 -0.0097078365432676558 0.00016646197383547853 -0.00020285312016952094 0.0042657924713952787 -0.010238228723420398 0.014864323241823851 -0.013471284062316896 0.0076558241339723197 -0.0060033631968346999 0.013906032672427677
leaf_weight=9456 513752 9630 28192 109626 205141 400803 36090 58703 118425 14732 100086 1226496 96816 10209 61618 91998 35094 6470 202785 423133 141064 259024 75393 164058 19897 155522 7678 23760 361673 32676
leaf_count=9456 513752 9630 28192 109626 205141 400803 36090 58703 118425 14732 100086 1226496 96816 10209 61618 91998 35094 6470 202785 423133 141064 259024 75393 164058 19897 155522 7678 23760 361673 32676
internal_value=-1.735e-08 0.000417027 -0.00168293 0.00765894 0.00124635 0.00390183 0.000405128 -0.00296567 -0.000661404 0.00275221 0.00382659 0.0014198 0.00962448 0.000810761 0.0077304 0.0101111 0.00742532 0.00678504 -0.00278956 -0.00495194 0.000113834 -0.00331528 0.0075325 0.00875582 0.0125771 0.0152044 0.0135312 -0.00713793 -0.00474691 0.00603887
internal_weight=5e+06 4.5962e+06 1.30125e+06 137818 3.29495e+06 792682 2.50226e+06 578950 520247 401822 387090 1.92332e+06 132906 1.79041e+06 163825 153616 391879 287004 1.16343e+06 649678 1.62658e+06 400088 280534 356785 192727 172830 163200 446893 403805 42132
internal_count=5000000 4596195 1301248 137818 3294947 792682 2502265 578950 520247 401822 387090 1923315 132906 1790409 163825 153616 391879 287004 1163430 649678 1626584 400088 280534 356785 192727 172830 163200 446893 403805 42132
cat_boundaries=0 1 2 3 4 5 6 7 8
cat_threshold=8160 3904 28832 128 2080768 8404767 2064384 24448
is_linear=0
shrinkage=0.1


Tree=69
num_leaves=31
num_cat=17
split_feature=83 3 70 77 50 85 76 48 76 84 48 75 26 76 75 76 48 1 75 76 76 76 76 75 76 87 76 75 75 76
split_gain=950.299 1150.98 769.045 815.442 781.293 761.338 2529.34 1035.08 1027.16 2312.75 1841.58 1415.63 1381.45 1191.69 1103.41 1295.38 994.983 937.208 1449.5 997.58 911.169 904.376 857.365 926.701 802.799 647.47 693.608 1173.97 1095.1 820.11
threshold=23.150000572204593 21.150000572204593 0.84999999403953563 -13.15000009536743 1.3499999642372134 2.3500000238418584 0 4.0499999523162851 1 1.0000000180025095e-35 3.6499999761581425 2 1.0000000180025095e-35 3 4 5 2.8500000238418584 5.6499998569488534 6 7 8 9 10 11 12 1.0000000180025095e-35 13 14 15 16
decision_type=10 8 10 8 10 10 1 8 1 10 8 1 8 1 1 1 8 8 1 1 1 1 1 1 1 10 1 1 1 1
left_child=2 -2 3 -1 -5 8 7 -7 9 10 11 17 14 -11 15 -10 24 18 19 -4 -20 -14 23 -16 -17 26 27 -13 -28 -30
right_child=1 -3 5 4 -6 6 -8 -9 12 13 -12 25 21 -15 22 16 -18 -19 20 -21 -22 -23 -24 -25 -26 -27 28 -29 29 -31
leaf_value=-0.048021020582004026 0.018586234850573251 0.0024334583772447054 0.059506336491488843 -0.00058079733949959638 -0.0059873922372781939 -0.004535906546752122 0.0028560005954760279 -0.015709122058760901 0.0073292505345877506 0.00065382755009037912 -0.0045735200138915513 0.0015245346372993569 -0.016454540766442538 -0.019727291535147101 0.0079814356095067179 -0.022717205823126231 0.0013259615781690032 0.0083422572594753532 0.030087017721894482 0.010941217672846885 0.0074832213928992825 0.011941489351113412 0.0014034290854765099 -0.020792625967647995 -0.0083829651038954574 -0.013688526778094835 0.010344163164791925 0.017701020513185488 -0.0092367832462521126 0.0031617704671004772
leaf_weight=3962 47887 559836 13800 724320 423587 225977 413375 130962 66109 55106 164864 89338 12405 59842 16242 46279 91176 174347 25953 6122 57029 116340 756264 35980 251015 19981 103780 90126 93137 124859
leaf_count=3962 47887 559836 13800 724320 423587 225977 413375 130962 66109 55106 164864 89338 12405 59842 16242 46279 91176 174347 25953 6122 57029 116340 756264 35980 251015 19981 103780 90126 93137 124859
internal_value=-1.56552e-08 0.00370626 -0.000512822 -0.00273219 -0.00257587 0.000276098 -0.00246871 -0.00863515 0.00113208 0.00344884 0.00504865 0.00703539 -0.000662814 -0.00995825 -0.00166866 -0.00561032 -0.00781249 0.0128085 0.0203768 0.0445953 0.0145554 0.00920509 0.00054764 -0.0118436 -0.0106154 0.00396418 0.00466795 0.00964883 0.00188961 -0.00213559
internal_weight=5e+06 607723 4.39228e+06 1.15187e+06 1.14791e+06 3.24041e+06 770314 356939 2.47009e+06 1.07828e+06 963336 798472 1.39181e+06 114948 1.26306e+06 454579 388470 277251 102904 19922 82982 128745 808486 52222 297294 521221 501240 179464 321776 217996
internal_count=5000000 607723 4392277 1151869 1147907 3240408 770314 356939 2470094 1078284 963336 798472 1391810 114948 1263065 454579 388470 277251 102904 19922 82982 128745 808486 52222 297294 521221 501240 179464 321776 217996
cat_boundaries=0 1 2 3 4 5 6 7 8 9 10 11 12 13 14 15 16 17
cat_threshold=32704 64480 60 61472 60 66560 48 224 384 1024 65536 448 786432 896 4290 448 32864
is_linear=0
shrinkage=0.1


Tree=70
num_leaves=31
num_cat=7
split_feature=89 80 49 86 80 74 57 6 76 48 72 25 76 81 76 48 52 82 48 76 24 73 2 76 5 48 89 1 76 75
split_gain=826.839 714.193 694.635 1128.71 891.035 879.505 850.224 643.69 802.255 1253.13 1228.34 1071.89 972.234 877.116 854.464 622.586 1275.52 604.904 586.743 651.394 984.167 810.832 729.619 576.871 572.815 566.389 564.049 730.602 483.164 581.671
threshold=0.84999999403953563 28.250000000000004 0.84999999403953563 -13.749999999999998 -13.749999999999998 249.50000000000003 1.3499999642372134 7.0499999523162851 0 5.1499998569488534 30.90164947509766 1.0000000180025095e-35 1 1.0000000180025095e-35 2 1.9499999880790713 2.4500000476837163 2.3500000238418584 2.0499999523162846 3 1.0000000180025095e-35 135.78419494628909 -3.4500000476837154 4 25.050000190734867 0.94999998807907116 8.2500000000000018 5.6499998569488534 5 6
decision_type=8 10 10 8 10 2 10 8 1 10 2 8 1 10 1 10 8 10 10 1 2 2 10 1 8 10 10 8 1 1
left_child=-1 2 3 4 -2 7 18 26 9 13 14 15 -13 17 -10 16 -12 -9 19 20 21 25 -23 -7 -3 -5 -4 -28 29 -18
right_child=1 24 5 6 -6 23 -8 8 10 -11 11 12 -14 -15 -16 -17 28 -19 -20 -21 -22 22 -24 -25 -26 -27 27 -29 -30 -31
leaf_value=-0.0039960723469350378 -0.12135113738859477 0.019446615913661609 0.0019009833615860944 0.031311946179005221 0.043497820487941249 -0.0082075654614312422 -0.00083647822963582282 0.0018046038908814148 -0.0056959053493544293 -0.017231890408522216 -0.00066955933695506641 0.016885847161387735 0.00037763392828153085 -0.015464900106183744 0.014485330846400994 0.00081086286024913655 -0.024365664627260031 -0.0077300047141377467 -0.010581327068464669 0.0035991909106569821 -0.012364471141364347 0.042033157446822289 0.0051829728551905513 -0.0017090469852372794 0.0039263848785872557 0.0083740361207858237 0.050205011724833548 0.0085507286034847817 -0.0045844837281081696 -0.008942172400527644
leaf_weight=469201 1270 31752 471699 34146 442 211040 460014 272286 26822 63825 461294 65719 78037 44110 96283 748587 40925 88059 24037 494089 15798 5791 74438 387281 94720 15721 4439 81899 75442 60834
leaf_count=469201 1270 31752 471699 34146 442 211040 460014 272286 26822 63825 461294 65719 78037 44110 96283 748587 40925 88059 24037 494089 15798 5791 74438 387281 94720 15721 4439 81899 75442 60834
internal_value=1.03058e-09 0.000413827 0.000201073 0.00234427 -0.0787908 -0.000534822 0.00246784 0.000239024 -0.000555644 -0.00420959 0.000478919 -0.000293887 0.00792567 -0.00215471 0.010089 -0.00114576 -0.00343974 -0.000525408 0.00475698 0.00533307 0.0112041 0.0140669 0.00784285 -0.00400137 0.00782289 0.0240806 0.00326116 0.0106924 -0.0106512 -0.0151469
internal_weight=5e+06 4.5308e+06 4.40433e+06 1.12575e+06 1712 3.27858e+06 1.12403e+06 2.68026e+06 2.12222e+06 468280 1.65394e+06 1.53084e+06 143756 404455 123105 1.38708e+06 638495 360345 664020 639983 145894 130096 80229 598321 126472 49867 558037 86338 177201 101759
internal_count=5000000 4530799 4404327 1125746 1712 3278581 1124034 2680260 2122223 468280 1653943 1530838 143756 404455 123105 1387082 638495 360345 664020 639983 145894 130096 80229 598321 126472 49867 558037 86338 177201 101759
cat_boundaries=0 1 2 3 4 5 6 7
cat_threshold=8000 4177920 24736 3840 508672 4063232 62
is_linear=0
shrinkage=0.1


Tree=71
num_leaves=31
num_cat=6
split_feature=80 2 74 76 72 3 53 89 86 6 76 48 3 80 2 4 20 80 71 80 22 6 1 80 74 75 76 76 2 75
split_gain=770.578 1951.93 746.482 769.106 777.698 745.069 619.135 859.796 1159.55 870.614 782.467 764.264 734.157 540.385 1038.01 865.004 789.147 553.739 536.498 493.329 873.208 469.003 459.363 500.581 446.62 418.569 1220.17 715.434 871.019 637.859
threshold=17.050000190734867 16.94999980926514 52.500000000000007 0 36.37919998168946 -10.249999999999998 1.4499999880790713 -13.15000009536743 -13.749999999999998 -13.15000009536743 1 2.1499999761581425 -10.249999999999998 24.150000572204593 23.650000572204593 23.849999427795414 20.750000000000004 20.349999427795414 1.7500000000000002 31.94999980926514 29.650000572204593 4.8500001430511483 14.34999990463257 19.94999980926514 577.00000000000011 2 3 4 -0.45000000298023218 5
decision_type=10 8 2 1 2 10 10 8 10 10 1 10 8 8 10 8 8 8 10 8 10 10 8 10 2 1 1 1 8 1
left_child=2 22 3 4 21 -6 7 8 9 -4 11 12 -9 14 16 -15 17 -3 -8 20 -17 -1 24 -24 -2 27 29 28 -12 -27
right_child=1 13 6 -5 5 -7 18 10 -10 -11 25 -13 -14 15 -16 19 -18 -19 -20 -21 -22 -23 23 -25 -26 26 -28 -29 -30 -31
leaf_value=0.012097158955964924 0.048140484798993168 0.0012207071222574183 -0.13256563253266393 0.0018897066778016123 0.037170298735887723 -0.011343455946687269 -0.0058428805048179305 0.037990253838603848 0.017469831329873557 -0.025234186098554868 0.041730523147600951 -0.0047036327652434659 0.0044462235942617206 0.012051952966355098 -0.0095453526038555628 0.0025699391670441205 -0.003189606415211699 0.01013626194568765 -0.0013520771307789336 0.015556191373813234 -0.012632582779531219 -0.0020988728501474744 0.009920535033498247 0.030245702353884182 0.0016262724737675313 -0.004915322919412087 -0.00086378436287675776 -0.003023875575894403 0.0048069302533004059 -0.020203913540651833
leaf_weight=30163 7944 187571 1561 1369179 3255 115363 534477 6640 2004 1465 6843 102271 375644 99351 110292 246149 237867 110824 529639 22658 44633 101873 61033 15119 2789 49516 269748 197029 96256 60844
leaf_count=30163 7944 187571 1561 1369179 3255 115363 534477 6640 2004 1465 6843 102271 375644 99351 110292 246149 237867 110824 529639 22658 44633 101873 61033 15119 2789 49516 269748 197029 96256 60844
internal_value=-2.70263e-09 0.0022763 -0.000677046 0.000957388 -0.00413525 -0.0100122 -0.00186218 -0.000274391 -0.0415295 -0.0806025 -9.62355e-05 0.00297464 0.00502886 0.00109448 -0.000710177 0.00392112 0.00110694 0.00453195 -0.00360769 0.00134389 0.000236459 0.00114414 0.0166856 0.0139558 0.0360536 -0.00228373 -0.00448792 0.000507888 0.00725696 -0.0133453
internal_weight=5e+06 1.14623e+06 3.85377e+06 1.61983e+06 250654 118618 2.23394e+06 1.16982e+06 5030 3026 1.16479e+06 484555 382284 1.05934e+06 646554 412791 536262 298395 1.06412e+06 313440 290782 132036 86885 76152 10733 680236 380108 300128 103099 110360
internal_count=5000000 1146230 3853770 1619833 250654 118618 2233937 1169821 5030 3026 1164791 484555 382284 1059345 646554 412791 536262 298395 1064116 313440 290782 132036 86885 76152 10733 680236 380108 300128 103099 110360
cat_boundaries=0 1 2 3 4 5 6
cat_threshold=7680 8142592 504 98496 114880 1540
is_linear=0
shrinkage=0.1


Tree=72
num_leaves=31
num_cat=10
split_feature=77 2 67 24 76 52 48 76 50 30 76 76 75 1 76 75 73 73 76 78 2 7 15 1 22 76 87 76 46 23
split_gain=701.637 1439.29 695.712 1159.69 1885.43 657.9 708.226 853.257 680.38 575.483 3437.53 765.978 2366.82 2052.54 1467.42 1440.89 972.344 845.917 787.041 772.023 730.106 727.861 529.757 792.411 556.812 519.615 633.854 512.813 495.347 470.233
threshold=18.250000000000004 17.550000190734867 1.6500000357627871 1.0000000180025095e-35 0 1.7500000000000002 1.5500000119209292 1 1.7500000000000002 1.0000000180025095e-35 2 3 4 6.2500000000000009 5 6 135.92420196533206 139.99079895019534 7 1.0000000180025095e-35 -5.9500000476837149 3.4500000476837163 20.44999980926514 14.550000190734865 15.449999809265138 8 1.0000000180025095e-35 9 1.0000000180025095e-35 15.650000095367433
decision_type=10 8 8 2 1 10 10 1 8 10 1 1 1 10 1 1 2 2 1 10 8 8 8 10 10 1 10 1 8 8
left_child=2 -2 3 5 -5 -1 7 8 -7 11 -11 12 14 15 -4 20 -16 21 -17 22 -14 -13 -15 24 -24 26 -22 -12 -3 -19
right_child=1 28 9 4 -6 6 -8 -9 -10 10 27 17 13 19 16 18 -18 29 -20 -21 25 -23 23 -25 -26 -27 -28 -29 -30 -31
leaf_value=-0.0012551791655483909 0.017578313699984065 0.00068573938060840101 0.0026336248850973611 -0.0136177693586615 0.010139175019797757 -0.0077383056560107319 -0.0027468145761596115 -0.00047625707619847386 -0.020316862387879678 -0.023340534320996646 0.014222831395525293 0.0087893515804930399 0.057415177053834671 0.0016394740214957578 -0.034848825770726774 0.062499013666803216 -0.0086373222907735452 -0.0014116885177740245 0.028669695686553448 -0.014777670705144087 0.023067082190170517 0.00074539359276436018 0.004449425539851142 0.0063871622029133303 0.036037894575854018 -0.000180868783112559 -0.046169797709815635 0.00066818958246297371 0.0084896748614262073 -0.0083969532335174367
leaf_weight=1071380 58436 871336 82260 42166 160674 97148 418519 73800 77154 64606 40360 136789 3358 127769 21612 9515 41004 457207 25059 19275 25029 633212 8068 84684 18097 27807 1396 90460 89710 122110
leaf_count=1071380 58436 871336 82260 42166 160674 97148 418519 73800 77154 64606 40360 136789 3358 127769 21612 9515 41004 457207 25059 19275 25029 633212 8068 84684 18097 27807 1396 90460 89710 122110
internal_value=-7.85584e-09 0.00234072 -0.000599511 -0.0019548 0.00520045 -0.00278988 -0.00525641 -0.00948981 -0.0133054 0.000690102 -0.00446995 0.00123689 0.00460182 0.00905051 -0.00614724 0.0218598 -0.0176814 2.58866e-06 0.0379951 0.00447318 0.0121643 0.00217439 0.00602821 0.0110868 0.0262976 0.00936461 0.019402 0.00485077 0.00141421 -0.00288406
internal_weight=5e+06 1.01948e+06 3.98052e+06 1.94084e+06 202840 1.738e+06 666621 248102 174302 2.03968e+06 195426 1.84425e+06 494933 350057 144876 92164 62616 1.34932e+06 34574 257893 57590 770001 238618 110849 26165 54232 26425 130820 961046 579317
internal_count=5000000 1019482 3980518 1940841 202840 1738001 666621 248102 174302 2039677 195426 1844251 494933 350057 144876 92164 62616 1349318 34574 257893 57590 770001 238618 110849 26165 54232 26425 130820 961046 579317
cat_boundaries=0 1 2 3 4 5 6 7 8 9 10
cat_threshold=8128 16711680 4032 524768 4102 524576 2056 64 384 2064384
is_linear=0
shrinkage=0.1


Tree=73
num_leaves=31
num_cat=10
split_feature=74 73 76 75 7 77 80 20 76 24 75 48 76 73 22 75 5 11 26 75 0 80 48 89 0 12 1 76 75 76
split_gain=714.966 729.634 2187.81 1285.76 767.603 997.921 660.078 658.596 566.733 745.347 583.271 553.293 552.203 861.555 679.537 576.223 698.197 589.941 548.268 492.635 492.342 489.028 470.147 462.163 449.082 442.2 434.654 425.992 421.22 1164.89
threshold=507.00000000000006 141.81670379638675 0 1 -13.15000009536743 -13.15000009536743 -13.749999999999998 34.350000381469734 2 1.0000000180025095e-35 3 1.8499999642372134 4 139.94915008544925 30.250000000000004 5 3.0499999523162846 1.0000000180025095e-35 1.0000000180025095e-35 6 -12.849999904632567 30.050000190734867 1.6500000357627871 7.0499999523162851 -12.849999904632567 -13.15000009536743 34.750000000000007 7 8 9
decision_type=2 2 1 1 8 10 10 10 1 2 1 10 1 2 10 1 8 8 10 1 2 10 8 10 2 10 10 1 1 1
left_child=1 7 3 18 5 6 11 12 9 19 20 25 13 14 21 16 23 -18 -3 22 -10 28 -4 -14 -6 -5 -16 -2 29 -1
right_child=27 2 8 4 24 -7 -8 -9 10 -11 -12 -13 15 -15 26 -17 17 -19 -20 -21 -22 -23 -24 -25 -26 -27 -28 -29 -30 -31
leaf_value=0.0082653535872737206 -0.011413222031317252 0.033671836822395038 -0.031842152562811192 -0.29697043904912118 0.044833774239380397 0.090656242836820028 0.045233436967370595 0.030835421978426134 0.050385449264597273 0.014528382432637052 -0.0067514287592429223 0.0143504893729907 0.00095079598431864606 -0.0013093399942793234 -0.010097541613377729 0.00097267516327342787 -0.023054941246524182 -0.0037803178750878789 -0.017486456929817439 -0.0073426706628690087 2.2691451475326813e-05 0.022345753936631459 -0.012528297770141476 0.020568248641190157 0.003838696173930694 -0.11558447796041203 0.030728124548597704 -0.0026110329779087168 0.0055061877411458765 -0.0052584430190905683
leaf_weight=115054 65985 26326 20320 152 2820 404 337 7322 1958 11071 222137 298 256894 447931 44801 1642976 16377 522719 2276 76357 224912 15149 33190 12598 50970 1161 2769 329619 702465 142652
leaf_count=115054 65985 26326 20320 152 2820 404 337 7322 1958 11071 222137 298 256894 447931 44801 1642976 16377 522719 2276 76357 224912 15149 33190 12598 50970 1161 2769 329619 702465 142652
internal_value=9.17326e-09 0.00035052 -0.00268753 0.0123363 0.0035422 -0.0523758 -0.0820395 0.000872121 -0.00484578 -0.0103779 -0.00310913 -0.108663 0.000816187 0.00234803 0.00394964 -0.000102852 -0.00228821 -0.00436585 0.0295906 -0.0125019 0.000457327 0.00451887 -0.0198589 0.00186786 0.00598791 -0.136583 -0.00772112 -0.00407955 0.0042376 0.000779403
internal_weight=5e+06 4.6044e+06 674689 84744 56142 2352 1948 3.92971e+06 589945 140938 449007 1611 3.92238e+06 1.47082e+06 1.02289e+06 2.45156e+06 808588 539096 28602 129867 226870 975320 53510 269492 53790 1313 47570 395604 960171 257706
internal_count=5000000 4604396 674689 84744 56142 2352 1948 3929707 589945 140938 449007 1611 3922385 1470821 1022890 2451564 808588 539096 28602 129867 226870 975320 53510 269492 53790 1313 47570 395604 960171 257706
cat_boundaries=0 1 2 3 4 5 6 7 8 9 10
cat_threshold=112 240 507904 8064 1700100 30 5638 245760 7168 1573124
is_linear=0
shrinkage=0.1


Tree=74
num_leaves=31
num_cat=9
split_feature=86 23 80 2 88 74 76 2 72 88 76 87 87 76 79 90 10 76 82 72 76 75 75 76 2 73 20 75 5 48
split_gain=660.042 622.152 764.555 1201.41 608.868 585.811 677.868 691.801 618.009 474.665 1086.96 1239.12 1109.24 1056.63 1046.36 830.117 797.589 734.145 598.33 578.841 1532.62 1069.2 645.669 702.572 575.469 557.764 557.484 487.586 487.4 485.595
threshold=28.550000190734867 28.849999427795414 21.650000572204593 21.050000190734867 0.84999999403953563 64.500000000000014 0 -12.849999904632567 36.37919998168946 2.5499999523162846 1 1.0000000180025095e-35 1.0000000180025095e-35 2 2.2500000000000004 1.0000000180025095e-35 -13.15000009536743 3 2.0499999523162846 36.902500152587898 4 5 6 7 -4.8500001430511466 129.97499847412112 -2.4500000476837154 8 16.150000572204593 1.8499999642372134
decision_type=10 8 10 8 10 2 1 8 2 10 1 10 10 1 10 10 8 1 10 2 1 1 1 1 10 2 8 1 10 10
left_child=1 2 5 -4 -3 6 7 -1 -9 10 11 14 16 -14 15 18 29 -11 24 25 21 -21 28 27 26 -18 -7 -24 -22 -12
right_child=-2 4 3 -5 -6 9 -8 8 -10 17 12 -13 13 -15 -16 -17 19 -19 -20 20 22 -23 23 -25 -26 -27 -28 -29 -30 -31
leaf_value=0.064926689025923884 0.0068659178642251992 -0.0023690713732013244 0.016870426533643835 0.0018574392157703981 -0.018087222974735896 0.01082534983355799 0.0014315913479831361 0.00041638574885267341 -0.0099366608366115387 -0.014669421228357571 -0.06008996134515332 -0.011298653892509605 -0.016533672754656611 0.009203980381246089 -0.0053088930901837696 -0.015628110150524087 0.011418656523134906 -0.0028035716005078196 -0.001114363292576071 0.031203813037239309 -0.0052819409725490298 0.004395880404790874 0.0079415674873361247 0.0022872985425224732 0.0093993998924526544 -0.0053665931256851734 0.048544823440973564 -0.024760437493030234 -0.021439102946404612 0.0082590755842685947
leaf_weight=1434 136201 74202 60100 471380 36900 8066 1775905 115633 115000 63868 3909 51941 18248 126293 78180 14760 20353 283887 52519 22835 167226 42692 6235 232471 248338 724424 7620 16947 21017 1416
leaf_count=1434 136201 74202 60100 471380 36900 8066 1775905 115633 115000 63868 3909 51941 18248 126293 78180 14760 20353 283887 52519 22835 167226 42692 6235 232471 248338 724424 7620 16947 21017 1416
internal_value=4.52979e-09 -0.000192262 -1.93393e-05 0.00355511 -0.0075895 -0.000469387 0.000767402 -0.00431522 -0.00474593 -0.00159147 -0.000959174 0.00325149 -0.00234295 0.00595415 0.00509719 0.00755279 -0.00329513 -0.00498333 0.00863368 -0.00313116 -0.000533572 0.0137413 -0.00264105 0.000631635 0.0105727 -0.00490789 0.0291488 -0.0159653 -0.00708548 -0.0419149
internal_weight=5e+06 4.8638e+06 4.7527e+06 531480 111102 4.22122e+06 2.00797e+06 232067 230633 2.21324e+06 1.86549e+06 461424 1.40407e+06 144541 409483 331303 1.25952e+06 347755 316543 1.2542e+06 509423 65527 443896 255653 264024 744777 15686 23182 188243 5325
internal_count=5000000 4863799 4752697 531480 111102 4221217 2007972 232067 230633 2213245 1865490 461424 1404066 144541 409483 331303 1259525 347755 316543 1254200 509423 65527 443896 255653 264024 744777 15686 23182 188243 5325
cat_boundaries=0 1 2 3 4 5 6 7 8 9
cat_threshold=3584 32512 192 1984 96 240 62 98304 448
is_linear=0
shrinkage=0.1


Tree=75
num_leaves=31
num_cat=6
split_feature=80 0 80 77 83 48 3 2 74 76 90 72 87 48 78 76 3 76 0 72 76 26 72 4 86 74 76 75 74 21
split_gain=618.135 625.385 1674.25 1309.91 1052.76 955.544 695.017 643.57 582.807 734.875 1268.57 1101.47 821.602 827.607 767.555 935.432 698.396 614.422 816.447 656.984 611.821 724.145 657.5 779.801 1185.27 1294.01 724.536 715.792 591.021 550.09
threshold=-6.6499998569488517 -12.849999904632567 -13.749999999999998 -13.15000009536743 -13.249999999999998 1.3499999642372134 -13.050000190734862 -12.849999904632567 149.50000000000003 0 1.0000000180025095e-35 37.649148941040046 1.0000000180025095e-35 0.84999999403953563 1.0000000180025095e-35 1 -7.4500000476837149 2 29.750000000000004 40.354150772094734 3 1.0000000180025095e-35 36.589200973510749 -13.050000190734862 -13.749999999999998 224.50000000000003 4 5 437.50000000000006 28.849999427795414
decision_type=8 2 10 10 10 10 10 10 2 1 10 2 10 10 10 1 8 1 2 2 1 10 2 8 10 2 1 1 2 10
left_child=1 2 3 4 5 7 -3 -1 16 10 11 12 13 -10 20 -16 -2 18 19 -18 21 -11 -22 24 25 -24 27 -25 -13 -20
right_child=8 6 -4 -5 -6 -7 -8 -9 9 14 -12 28 -14 -15 15 -17 17 -19 29 -21 22 -23 23 26 -26 -27 -28 -29 -30 -31
leaf_value=-0.093832622034338717 0.020026754040216366 0.030586230321447111 0.05269573858497098 0.082515496353008533 0.050743798444297578 0.0070537890032671482 -0.015855264096476442 0.026422538595367407 0.018899341837257555 -0.0090254172738873477 -0.014111041462577282 -0.001144987329397754 -0.02014056863648617 0.0055159687679195019 -0.018674056943384181 0.0076470148714346793 -0.00153288476427281 0.0013214149589139829 0.062372928291859746 -0.011115088382248192 -0.0046169464312000325 0.015906954042300494 -0.22565279051265683 0.027687122123647726 0.041909235889942373 -0.026236686311693638 -0.00049342458214387348 0.0033751521546112242 -0.021186028088520586 0.010479682710538044
leaf_weight=3541 19009 3411 5558 1117 1220 1912 58289 509 60502 238300 42580 91123 10290 195538 15257 116842 284976 2838646 2277 95541 487655 12248 600 18985 724 711 321796 33439 17549 19855
leaf_count=3541 19009 3411 5558 1117 1220 1912 58289 509 60502 238300 42580 91123 10290 195538 15257 116842 284976 2838646 2277 95541 487655 12248 600 18985 724 711 321796 33439 17549 19855
internal_value=3.61306e-09 -0.00897631 0.0102212 -0.0182249 -0.0338928 -0.0512119 -0.0132878 -0.0787191 0.00013773 -0.00138498 0.00224575 0.00410306 0.00756499 0.00867845 -0.00260123 0.00460618 0.00091496 0.000802876 -0.00285275 -0.0039388 -0.00345557 -0.00780629 -0.00219367 0.000947022 -0.060788 -0.117503 0.00128274 0.0121832 -0.00438133 0.0158186
internal_weight=5e+06 75557 13857 8299 7182 5962 61700 4050 4.92444e+06 1.66414e+06 417582 375002 266330 256040 1.24656e+06 132099 3.2603e+06 3.2413e+06 402649 380517 1.11446e+06 250548 863910 376255 2035 1311 374220 52424 108672 22132
internal_count=5000000 75557 13857 8299 7182 5962 61700 4050 4924443 1664139 417582 375002 266330 256040 1246557 132099 3260304 3241295 402649 380517 1114458 250548 863910 376255 2035 1311 374220 52424 108672 22132
cat_boundaries=0 1 2 3 4 5 6
cat_threshold=16128 192 3584 491520 96 240
is_linear=0
shrinkage=0.1


Tree=76
num_leaves=31
num_cat=10
split_feature=0 24 76 69 76 56 48 76 90 81 84 28 2 21 87 75 76 1 10 76 48 48 76 90 88 48 76 27 76 75
split_gain=575.48 556.465 2771.61 688.55 625.562 591.904 1147.37 1410.25 1806.21 1480.38 1127.59 988.18 884.397 753.808 750.109 748.73 1076.02 920.282 616.599 592.218 1646.88 1459.16 887.789 791.138 634.313 585.637 553.267 521.378 509.631 595.543
threshold=34.850000381469734 0.75000000000000011 0 0.84999999403953563 1 2.0499999523162846 2.5499999523162846 2 1.0000000180025095e-35 1.0000000180025095e-35 1.0000000180025095e-35 1.0000000180025095e-35 -3.8500000238418575 -1.9499999880790708 1.0000000180025095e-35 3 4 5.8500001430511483 -7.4500000476837149 5 2.4500000476837163 4.9500000476837167 6 1.0000000180025095e-35 0.84999999403953563 4.4500000476837167 7 1.0000000180025095e-35 8 9
decision_type=2 2 1 8 1 10 10 1 10 10 10 10 10 10 10 1 1 10 8 1 10 8 1 10 8 10 1 10 1 1
left_child=1 3 -3 -1 -4 6 7 8 9 10 11 12 13 -5 15 -14 17 -17 -9 21 -21 23 25 24 -7 -22 -23 28 29 -20
right_child=-2 2 4 5 -6 19 -8 18 -10 -11 -12 -13 14 -15 -16 16 -18 -19 27 20 22 26 -24 -25 -26 -27 -28 -29 -30 -31
leaf_value=-0.0024066451245982829 0.035170643034762993 -0.010667505374002545 0.019255777123967189 0.0098226466415616952 0.0070551044033536313 0.015010558642332535 -0.0025816740824869803 -0.023350945476844499 -0.014616116280314907 -0.019159386089628541 -0.019505211586026333 -0.010518137177052529 0.0046008912982240099 0.037065363840074257 -0.021710731433620446 0.040120891111354064 0.0083383314350453201 0.015474960315408851 0.0057246397042450149 -0.0036238420717766766 0.0046213040123178973 -0.027847319914850122 0.0010377385747002488 -0.020356483439808525 -0.00089206123448661414 0.015479199350225759 -0.010496820215136083 0.010524581881828249 0.0006355954795449248 -0.010435999138532824
leaf_weight=1161824 4648 87111 59829 20846 141324 28042 491802 11731 41535 21397 15143 27581 302776 19808 8442 19675 282446 65885 29888 608503 121040 23441 415158 18961 237640 84252 85246 42121 425761 96144
leaf_count=1161824 4648 87111 59829 20846 141324 28042 491802 11731 41535 21397 15143 27581 302776 19808 8442 19675 282446 65885 29888 608503 121040 23441 415158 18961 237640 84252 85246 42121 425761 96144
internal_value=7.42799e-09 -3.27176e-05 0.00423226 -0.000293907 0.0106847 0.000398462 0.00158526 0.00301716 0.00570583 0.00678253 0.0075104 0.00805772 0.00876942 0.0230962 0.00791191 0.00828472 0.0113152 0.02114 -0.000647751 -0.00100832 7.26085e-05 -0.00438554 0.00369788 -0.000621981 0.000786416 0.00907695 -0.0142424 -0.000199328 -0.00101794 -0.00660342
internal_weight=5e+06 4.99535e+06 288264 4.70709e+06 201153 3.54526e+06 1.92298e+06 1.43118e+06 825534 783999 762602 747459 719878 40654 679224 670782 368006 85560 605645 1.62228e+06 1.22895e+06 393330 620450 284643 265682 205292 108687 593914 551793 126032
internal_count=5000000 4995352 288264 4707088 201153 3545264 1922981 1431179 825534 783999 762602 747459 719878 40654 679224 670782 368006 85560 605645 1622283 1228953 393330 620450 284643 265682 205292 108687 593914 551793 126032
cat_boundaries=0 1 2 3 4 5 6 7 8 9 10
cat_threshold=4064 1015808 32736 6726 192 16256 4063232 384 458752 224
is_linear=0
shrinkage=0.1


Tree=77
num_leaves=31
num_cat=1
split_feature=83 5 5 80 86 1 86 1 3 76 85 23 2 80 4 83 89 20 2 45 0 83 2 19 23 0 89 77 4 14
split_gain=555.296 642.766 533.2 1075.84 987.757 896.599 784.575 875.099 627.283 641.249 578.886 646.005 626.748 533.556 798.446 965.501 834.179 842.16 618.551 597.053 636.371 572.63 576.505 547.806 551.189 771.673 729.091 548.229 495.616 786.22
threshold=3.2500000000000004 4.6499998569488534 8.2500000000000018 9.6500000953674334 10.449999809265138 6.8500001430511483 7.4500000476837167 5.6499998569488534 12.050000190734865 0 1.9499999880790713 10.050000190734865 1.8499999642372134 11.84999990463257 16.250000000000004 16.250000000000004 18.849999427795414 14.449999809265138 12.84999990463257 1.0000000180025095e-35 23.650000572204593 18.250000000000004 11.250000000000002 34.250000000000007 29.849999427795414 32.049999237060554 29.849999427795414 27.250000000000004 28.250000000000004 23.250000000000004
decision_type=8 10 8 10 8 8 10 8 10 1 8 8 10 8 8 8 10 10 10 8 2 10 10 8 10 2 8 10 10 10
left_child=1 -1 3 6 8 -5 10 -8 9 -4 12 -12 -2 18 16 -16 17 -15 -6 23 -21 22 -19 24 25 27 -26 28 -17 -30
right_child=2 -3 4 5 13 -7 7 -9 -10 -11 11 -13 -14 14 15 19 -18 21 -20 20 -22 -23 -24 -25 26 -27 -28 -29 29 -31
leaf_value=-0.0014209056772060144 0.021842838014275293 -0.010303944110736506 -0.022304024417812172 0.041542329775896961 -0.0017000037046110625 0.0092055629497195222 0.025889298606389718 0.0046835028080244156 -0.01418519720594217 -0.0018376788514979777 -0.00026194157528835587 -0.011623588356224311 0.0030779060225307568 0.0061302453690271971 -0.0081467156121509243 -4.9237962151986355e-05 0.014926758435155294 0.0092492475206610476 -0.01494858985363324 0.0016091070843311059 0.013925143972944904 0.011023048003743216 -0.0043193169481415394 0.024596998878873795 -0.019155220175274875 0.034713962433398776 -0.0018456572018656873 0.0065489758880773229 -0.017968523204931582 -0.00033047529853697639
leaf_weight=574537 20505 94914 16410 9469 168932 90760 23457 114212 66485 226353 560023 54955 134881 328776 144407 1404635 59857 35886 44529 127957 62419 34705 245772 8830 34761 6415 81121 117277 41077 65683
leaf_count=574537 20505 94914 16410 9469 168932 90760 23457 114212 66485 226353 560023 54955 134881 328776 144407 1404635 59857 35886 44529 127957 62419 34705 245772 8830 34761 6415 81121 117277 41077 65683
internal_value=4.12306e-09 -0.00268033 0.000414352 0.00242856 -0.00019693 0.0122605 0.00134331 0.00829669 -0.00557907 -0.00322213 0.000100694 -0.00127723 0.00555416 0.000355475 0.000722927 -0.000256836 0.00363386 0.00258608 -0.00446372 0.000327396 0.00564719 -0.00109714 -0.00259055 -0.000248103 -0.000373395 9.89387e-05 -0.00703799 -3.74027e-05 -0.000548474 -0.00711689
internal_weight=5e+06 669451 4.33055e+06 1.00826e+06 3.32229e+06 100229 908033 137669 309248 242763 770364 614978 155386 3.01304e+06 2.79958e+06 2.09458e+06 704996 645139 213461 1.95018e+06 190376 316363 281658 1.7598e+06 1.75097e+06 1.63509e+06 115882 1.62867e+06 1.5114e+06 106760
internal_count=5000000 669451 4330549 1008262 3322287 100229 908033 137669 309248 242763 770364 614978 155386 3013039 2799578 2094582 704996 645139 213461 1950175 190376 316363 281658 1759799 1750969 1635087 115882 1628672 1511395 106760
cat_boundaries=0 1
cat_threshold=16128
is_linear=0
shrinkage=0.1


Tree=78
num_leaves=31
num_cat=1
split_feature=74 80 0 80 77 49 83 2 83 23 86 5 3 23 89 2 23 86 1 80 4 83 1 77 1 23 83 80 86 75
split_gain=532.985 565.833 585.746 1379.7 1033.85 882.714 690.537 574.165 543.684 659.04 771.925 580.326 526.977 476.703 859.506 1003.48 688.159 1224.71 1117.1 944.085 694.691 1253.3 1353.25 803.269 1225.26 845.298 682.519 658.254 600.377 538.548
threshold=507.00000000000006 -7.3500001430511466 -12.849999904632567 -13.749999999999998 -13.15000009536743 1.6500000357627871 -13.249999999999998 -12.849999904632567 31.750000000000004 30.250000000000004 25.849999427795414 24.150000572204593 -13.050000190734862 23.849999427795414 19.44999980926514 17.349999427795414 16.150000572204593 13.250000000000002 11.84999990463257 14.750000000000002 12.050000190734865 8.8499999046325701 6.2500000000000009 7.2500000000000009 5.2500000000000009 10.050000190734865 22.650000572204593 13.250000000000002 17.150000572204593 0
decision_type=2 8 2 10 10 10 10 8 10 10 10 8 10 8 10 8 10 10 8 8 10 10 8 10 8 10 8 10 8 1
left_child=1 2 3 4 5 6 7 -1 9 10 13 -12 -4 14 16 -16 17 20 -19 -18 21 23 -23 25 -25 -3 -15 29 -21 -22
right_child=-2 8 12 -5 -6 -7 -8 -9 -10 -11 11 -13 -14 26 15 -17 19 18 -20 28 27 22 -24 24 -26 -27 -28 -29 -30 -31
leaf_value=-0.081103594193239217 -0.0035223170910597835 -0.00025542213439252521 0.025269786309556189 0.049419184246481361 0.073830135681679759 0.030431664856171478 0.026341736119575215 0.026522022707147198 0.013487099856880734 -0.0086510677931553835 0.014619272152654812 0.0031856632287098376 -0.017662142158810939 -0.011768414634034566 0.023233936423764034 0.0034090922864707003 -0.013140423009186195 0.027267658214088837 0.004962055265916753 -0.0070038490465225301 -0.010663741284901163 0.041144680221927306 0.0059715897333544009 0.039004939636318049 0.0040173975271999328 -0.0090882313196433123 -0.001177946686313343 0.0030676173652690701 0.00010126121597770106 -0.0021628221224874364
leaf_weight=3847 395604 1280686 3064 5179 1101 1797 960 569 31664 80120 59436 175386 42756 72638 27088 444536 76993 24445 275442 152608 140863 11524 215297 10631 171135 118359 375087 104052 538868 158265
leaf_count=3847 395604 1280686 3064 5179 1101 1797 960 569 31664 80120 59436 175386 42756 72638 27088 444536 76993 24445 275442 152608 140863 11524 215297 10631 171135 118359 375087 104052 538868 158265
internal_value=-1.11684e-09 0.000302632 -0.00940475 0.00894137 -0.0163952 -0.0302441 -0.0505257 -0.0672361 0.000429226 0.000337619 0.000500064 0.00607963 -0.0147913 0.000188 0.000556146 0.00454774 -1.79428e-05 0.000783511 0.00678028 -0.00263641 -2.99239e-05 0.000807247 0.00775861 -0.000190162 0.00606372 -0.00100268 -0.00289612 -0.00378333 -0.00146683 -0.00616644
internal_weight=5e+06 4.6044e+06 59273 13453 8274 7173 5376 4416 4.54512e+06 4.51346e+06 4.43334e+06 234822 45820 4.19852e+06 3.75079e+06 471624 3.27917e+06 2.5107e+06 299887 768469 2.21081e+06 1.80763e+06 226821 1.58081e+06 181766 1.39904e+06 447725 403180 691476 299128
internal_count=5000000 4604396 59273 13453 8274 7173 5376 4416 4545123 4513459 4433339 234822 45820 4198517 3750792 471624 3279168 2510699 299887 768469 2210812 1807632 226821 1580811 181766 1399045 447725 403180 691476 299128
cat_boundaries=0 1
cat_threshold=60
is_linear=0
shrinkage=0.1


Tree=79
num_leaves=31
num_cat=1
split_feature=89 23 83 2 3 86 83 80 23 89 1 1 70 82 23 0 2 21 80 1 21 21 20 21 3 77 80 86 2 76
split_gain=486.976 570.168 638.851 612.341 492.867 1263.5 871.144 729.971 1007.16 928.211 1611.73 889.865 655.805 618.983 587.997 679.255 582.226 580.142 542.591 899.424 502.964 500.944 491.054 479.362 628.288 528.784 473.05 457.777 426.871 420.547
threshold=30.650000572204593 30.050000190734867 24.750000000000004 23.650000572204593 21.150000572204593 19.94999980926514 20.050000190734867 17.750000000000004 18.349999427795414 11.84999990463257 10.050000190734865 16.650000572204593 1.2500000000000002 1.2500000000000002 12.449999809265138 8.0500001907348651 17.150000572204593 17.150000572204593 7.2500000000000009 4.6499998569488534 14.150000095367433 17.849999427795414 13.949999809265138 22.349999427795414 26.44999980926514 25.750000000000004 21.050000190734867 20.349999427795414 3.6499999761581425 0
decision_type=10 10 10 8 10 10 8 10 8 10 8 8 8 10 10 2 8 10 10 8 10 8 8 10 8 10 10 8 8 1
left_child=1 2 4 -4 5 7 -6 8 9 12 17 -9 -1 -10 18 -16 -7 28 -14 -20 -12 -13 -8 24 27 -25 -23 -24 -11 -5
right_child=-2 -3 3 29 6 16 22 11 13 10 20 21 14 -15 15 -17 -18 -19 19 -21 -22 26 23 25 -26 -27 -28 -29 -30 -31
leaf_value=-0.0030479332661846876 0.0088466516136900143 -0.0086355435525252398 0.014778116187614335 -0.005843517445060769 -0.01285723734408252 0.023101147140806501 -0.017398021848952977 0.021246766672645329 -0.0038711160039860137 0.073305222299908282 0.005387464590741845 0.0095615136585268674 0.00023454932964246723 -0.015245718426709227 -0.018261071853578819 -0.0022033872740861815 0.0060204432137683575 0.062977278662233446 0.038942354692858915 0.0044723871812973673 -0.00077162600244649914 -0.0037916606287609778 -0.0066525844756680774 -0.0050224945221125248 -0.011970500938785881 0.0041089010945386546 0.0090017537050225468 0.0052248004114918405 0.017748622065933247 0.0041999509724876495
leaf_weight=933599 61458 77219 47069 50177 74306 22512 18891 29497 204510 1464 261758 73279 1052014 62451 30218 205435 175786 3724 7852 210602 268684 112650 37829 331203 28976 78435 38877 228203 25000 246322
leaf_count=933599 61458 77219 47069 50177 74306 22512 18891 29497 204510 1464 261758 73279 1052014 62451 30218 205435 175786 3724 7852 210602 268684 112650 37829 331203 28976 78435 38877 228203 25000 246322
internal_value=-3.57126e-09 -0.000110096 2.53249e-05 0.0041823 -0.000290806 0.000192916 -0.00254614 -0.000244414 -0.000646078 -0.000122367 0.00354681 0.0049162 -0.000965519 -0.00653201 0.000325307 -0.00426248 0.00795955 0.0260223 0.00117627 0.00571136 0.00226771 0.00277345 -0.00148721 -0.00106066 0.00201282 -0.00327407 -0.000509278 0.00353587 0.020822 0.00250022
internal_weight=5e+06 4.93854e+06 4.86132e+06 343568 4.51776e+06 3.71991e+06 797843 3.52161e+06 3.26731e+06 3.00035e+06 560630 254303 2.43972e+06 266961 1.50612e+06 235653 198298 30188 1.27047e+06 218454 530442 224806 723537 704646 295008 409638 151527 266032 26464 296499
internal_count=5000000 4938542 4861323 343568 4517755 3719912 797843 3521614 3267311 3000350 560630 254303 2439720 266961 1506121 235653 198298 30188 1270468 218454 530442 224806 723537 704646 295008 409638 151527 266032 26464 296499
cat_boundaries=0 1
cat_threshold=263104
is_linear=0
shrinkage=0.1


Tree=80
num_leaves=31
num_cat=16
split_feature=24 76 66 76 26 76 76 74 29 18 48 85 76 75 76 84 90 29 75 1 75 76 1 76 75 76 76 75 87 75
split_gain=498.513 2210.85 557.177 540.53 464.73 923.306 457.049 533.518 470.218 453.233 421.163 400.505 1953.35 588.986 556.052 2036.96 1660.54 1403.01 1362.69 1407.22 1072.91 742.162 687.518 670.652 633.749 611.444 552.189 1320.68 537.195 480.357
threshold=0.75000000000000011 0 1.1500000357627871 1 1.0000000180025095e-35 2 3 18.500000000000004 1.0000000180025095e-35 33.250000000000007 2.1499999761581425 2.6499999761581425 4 5 6 1.0000000180025095e-35 1.0000000180025095e-35 1.0000000180025095e-35 7 5.6499998569488534 8 9 -4.8500001430511466 10 11 12 13 14 1.0000000180025095e-35 15
decision_type=2 1 8 1 8 1 1 2 10 10 10 10 1 1 1 10 10 10 1 8 1 1 10 1 1 1 1 1 10 1
left_child=2 -2 4 -3 6 -6 10 -8 -9 11 -1 14 13 -13 15 16 17 18 26 20 22 -22 29 -19 25 -16 27 -4 -21 -20
right_child=1 3 9 -5 5 -7 7 8 -10 -11 -12 12 -14 -15 24 -17 -18 23 19 28 21 -23 -24 -25 -26 -27 -28 -29 -30 -31
leaf_value=0.0016854860595647966 -0.0092705242851836758 0.016794613518215928 0.0040340487639911821 0.0059569373317970801 -0.014783866302390267 0.0093037425201720099 0.001669273693484445 -0.0051181233992359382 0.0063222751078706174 0.016915026501692843 -0.0049105682035487236 -0.013366384700143792 0.0040522076642833232 -0.0042464620306588144 -0.0083388221478691224 -0.016580689921523294 -0.020093212734901906 -0.025109044864717951 0.023734870028246383 0.0068682380911615805 0.05099308274703767 0.014057173220520892 0.010084537941636624 0.0014727224283947828 0.0016253112666049865 -0.00085178126275408403 0.0042783570527863864 -0.016895343217837634 -0.025248028262479835 0.067696846131895208
leaf_weight=410598 87111 71313 76234 129840 19639 83710 164898 761318 37706 16800 126663 93619 326324 290778 141424 49962 27229 21886 9664 349145 15632 8381 68827 16760 867629 476832 191570 49863 5287 3358
leaf_count=410598 87111 71313 76234 129840 19639 83710 164898 761318 37706 16800 126663 93619 326324 290778 141424 49962 27229 21886 9664 349145 15632 8381 68827 16760 867629 476832 191570 49863 5287 3358
internal_value=-3.54135e-09 0.0040369 -0.000246981 0.00979977 -0.00176025 0.00472594 -0.00220679 -0.00350945 -0.00457825 0.000534458 0.000130418 0.00044541 -0.00163767 -0.00646789 0.00106755 0.00303846 0.00420011 0.00501015 0.00593399 0.00941077 0.0195282 0.038113 0.0140693 -0.0135872 -0.000118026 -0.00256452 0.000895873 -0.00424282 0.00638917 0.0351416
internal_weight=5e+06 288264 4.71174e+06 201153 1.60453e+06 103349 1.50118e+06 963922 799024 3.1072e+06 537261 3.0904e+06 710721 384397 2.37968e+06 893798 843836 816607 777961 460294 105862 24013 81849 38646 1.48588e+06 618256 317667 126097 354432 13022
internal_count=5000000 288264 4711736 201153 1604532 103349 1501183 963922 799024 3107204 537261 3090404 710721 384397 2379683 893798 843836 816607 777961 460294 105862 24013 81849 38646 1485885 618256 317667 126097 354432 13022
cat_boundaries=0 1 2 3 4 5 6 7 8 9 10 11 12 13 14 15 16
cat_threshold=4064 1032192 4064 16190 65472 6146 31680 6338 12 192 960 1564 131120 16576 2240 4
is_linear=0
shrinkage=0.1


Tree=81
num_leaves=31
num_cat=12
split_feature=74 73 76 75 7 77 49 76 21 22 86 2 76 6 77 27 76 9 75 21 76 75 73 76 78 25 76 76 73 76
split_gain=481.8 519.4 1642.2 843.888 511.687 748.628 476.688 464.434 439.353 469.86 720.049 482.461 465.746 455.618 478.743 437.744 434.838 544.854 498.705 471.616 407.189 906.531 998.9 1610.97 1084.46 862.35 2200.82 777.079 1157.26 730.883
threshold=752.50000000000011 141.81670379638675 0 1 -13.15000009536743 -13.15000009536743 0.45000000298023229 2 34.049999237060554 30.250000000000004 27.44999980926514 24.550000190734867 3 -1.8499999642372129 -1.0000000180025095e-35 1.0000000180025095e-35 4 -10.349999904632567 5 -8.6500000953674299 6 7 135.29250335693362 8 1.0000000180025095e-35 1.0000000180025095e-35 9 10 135.22000122070315 11
decision_type=2 2 1 1 8 10 10 1 10 10 10 8 1 8 8 10 1 8 1 10 1 1 2 1 8 8 1 1 2 1
left_child=1 8 3 15 5 6 -5 -2 9 10 13 -11 -12 -1 -15 -3 -4 19 -19 -18 21 22 -16 24 -24 -22 -27 28 -23 -28
right_child=7 2 16 4 -6 -7 -8 -9 -10 11 12 -13 -14 14 20 -17 17 18 -20 -21 25 27 23 -25 -26 26 29 -29 -30 -31
leaf_value=0.0054651102000999249 -0.012818801766973899 0.028119485936740015 -0.0085216577022422437 -0.12799089103650543 0.0054759425505283999 0.077909917153694219 -0.027665188666488018 -0.0012837353742958131 0.021881021502531711 0.014931611622603284 -0.006607315853780972 -0.0089433542517405092 0.010247000785120454 -0.0063796540118993966 -0.0045152045927129673 -0.017229182000584067 -0.012815892903077778 -0.00753977980538942 -0.00040971348074457254 0.026533310695407958 0.00042086857904250055 -0.018201474006384704 0.023721596263060949 0.00053905622922726911 -0.01415909163998409 -0.017460409423706174 0.017579596016980215 -0.0011441936552345647 -0.0026206825219165929 0.005870663616482124
leaf_weight=173450 55764 26565 170141 788 54278 430 1187 93308 9670 9425 19082 83012 116298 106700 118502 2314 4174 162459 247605 11270 2476098 79799 62716 133550 8593 34334 77796 372833 118402 169457
leaf_count=173450 55764 26565 170141 788 54278 430 1187 93308 9670 9425 19082 83012 116298 106700 118502 2314 4174 162459 247605 11270 2476098 79799 62716 133550 8593 34334 77796 372833 118402 169457
internal_value=1.90405e-08 0.0001721 -0.00238797 0.010566 0.00347537 -0.0416608 -0.0676939 -0.00559965 0.000590341 0.000540851 0.000701061 -0.00650903 0.00787163 0.00045419 0.00022296 0.0244773 -0.00424885 -0.00254019 -0.00323469 0.0158985 0.000415863 -0.00143824 0.00279243 0.00701971 0.0191541 0.0010172 0.00626102 -0.00383396 -0.00889332 0.00955534
internal_weight=5e+06 4.85093e+06 681211 85562 56683 2405 1975 149072 4.16972e+06 4.16005e+06 4.06761e+06 92437 135380 3.93223e+06 3.75878e+06 28879 595649 425508 410064 15444 3.65208e+06 894395 323361 204859 71309 2.75768e+06 281587 571034 198201 247253
internal_count=5000000 4850928 681211 85562 56683 2405 1975 149072 4169717 4160047 4067610 92437 135380 3932230 3758780 28879 595649 425508 410064 15444 3652080 894395 323361 204859 71309 2757685 281587 571034 198201 247253
cat_boundaries=0 1 2 3 4 5 6 7 8 9 10 11 12
cat_threshold=112 240 519680 786528 508160 62 3696 240 96 384 96 1015808
is_linear=0
shrinkage=0.1


Tree=82
num_leaves=31
num_cat=0
split_feature=77 0 77 48 2 86 73 82 72 3 0 4 80 23 86 2 82 3 83 89 1 23 77 1 85 4 86 1 83 80
split_gain=462.838 479.957 1826.03 1174.51 858.344 617.37 1277.73 682.57 592.145 568.975 438.151 636.921 593.06 495.322 681.185 568.104 497.177 457.595 1342.17 888.841 748.898 609.25 1088.06 960.448 821.379 589.493 1020.37 901.514 624.765 596.037
threshold=-6.4500000476837149 -12.849999904632567 -13.15000009536743 1.4499999880790713 -12.849999904632567 -13.749999999999998 142.44419860839847 0.15000000223517421 44.147500991821296 -13.050000190734862 34.049999237060554 31.250000000000004 28.650000572204593 28.250000000000004 23.650000572204593 21.750000000000004 1.2500000000000002 19.250000000000004 17.650000572204593 17.849999427795414 15.949999809265138 16.750000000000004 12.250000000000002 10.449999809265138 1.4499999880790713 11.449999809265138 9.4499998092651385 6.6499998569488534 12.84999990463257 9.8499999046325701
decision_type=8 2 10 10 10 8 2 10 2 10 2 10 10 10 10 8 10 10 10 8 10 8 10 8 10 10 10 10 10 10
left_child=1 2 3 4 5 6 7 -1 -8 -3 11 12 13 14 17 -16 -15 18 21 -19 -20 22 25 -24 -23 26 29 -28 -27 -2
right_child=10 9 -4 -5 -6 -7 8 -9 -10 -11 -12 -13 -14 16 15 -17 -18 19 20 -21 -22 24 23 -25 -26 28 27 -29 -30 -31
leaf_value=-0.32760216001286918 -0.00069829865877499666 0.030506952936607525 0.062116545779636649 0.044809194932811394 0.041733834125973035 -0.02806503456895016 -0.03410671614625254 -0.096749393389534172 -0.23506668000595599 -0.014429711326813125 0.021446101553223372 -0.010236729896124902 0.0084954900490544685 -0.0021997151081892285 0.017209044119914235 0.0031763710337065518 -0.015867423362098301 -0.012571955143993535 0.023592581758128818 -0.0011662127772054662 0.0056854852406486075 -0.0010412581160439288 0.028669631787227465 0.0044816254933615412 -0.011782135905781277 -0.0058398084564430137 0.030708134479288576 0.0054469212175286014 0.0023555199611490696 0.0087520815974379117
leaf_weight=319 1679471 2975 4308 2094 988 2564 1384 214 164 53283 9609 59218 84623 96925 31661 324954 36689 73940 26232 899649 212913 256344 17319 314936 98576 335137 15498 159752 128761 69500
leaf_count=319 1679471 2975 4308 2094 988 2564 1384 214 164 53283 9609 59218 84623 96925 31661 324954 36689 73940 26232 899649 212913 256344 17319 314936 98576 335137 15498 159752 128761 69500
internal_value=1.2828e-08 -0.00817597 0.00994921 -0.0191354 -0.0429061 -0.0609091 -0.101376 -0.234915 -0.055397 -0.0120534 0.000113232 7.15853e-05 0.000197115 5.01511e-05 0.000222838 0.00442222 -0.00595272 -0.000126405 0.000433474 -0.00203243 0.00764973 -0.000127685 0.000380715 0.00574244 -0.00402445 -0.000365253 0.000406174 0.00768086 -0.00356509 -0.000322763
internal_weight=5e+06 68293 12035 7727 5633 4645 2081 533 1548 56258 4.93171e+06 4.9221e+06 4.86288e+06 4.77826e+06 4.64464e+06 356615 133614 4.28803e+06 3.31444e+06 973589 239145 3.07529e+06 2.72037e+06 332255 354920 2.38812e+06 1.92422e+06 175250 463898 1.74897e+06
internal_count=5000000 68293 12035 7727 5633 4645 2081 533 1548 56258 4931707 4922098 4862880 4778257 4644643 356615 133614 4288028 3314439 973589 239145 3075294 2720374 332255 354920 2388119 1924221 175250 463898 1748971
is_linear=0
shrinkage=0.1


Tree=83
num_leaves=31
num_cat=0
split_feature=74 83 80 0 83 49 80 4 83 22 2 23 77 86 85 4 86 23 83 1 4 86 1 23 88 86 77 1 4 89
split_gain=451.127 441.842 427.785 500.897 1105.78 740.732 495.342 434.11 530.838 661.431 476.367 429.047 714.926 563.89 433.768 424.702 503.019 665.096 903.756 1169.25 596.343 860.556 1520.55 650.15 806.24 616.467 612.856 1018.09 636.629 785.68
threshold=507.00000000000006 33.149999618530281 -8.2499999999999982 -12.849999904632567 -13.249999999999998 0.65000000596046459 -13.749999999999998 30.650000572204593 26.349999427795414 28.650000572204593 24.849999427795414 25.050000190734867 23.550000190734867 24.650000572204593 0.75000000000000011 26.44999980926514 21.44999980926514 19.44999980926514 15.650000095367433 13.84999990463257 15.84999990463257 11.050000190734865 8.8499999046325701 11.250000000000002 2.1499999761581425 13.750000000000002 7.0499999523162851 4.2500000000000009 6.0499999523162851 3.4500000476837163
decision_type=2 10 8 2 10 8 10 10 10 10 8 8 10 8 10 10 10 10 10 8 10 10 8 10 10 8 10 8 8 10
left_child=1 2 3 4 5 6 -1 8 11 -10 -11 12 15 -13 -15 16 17 18 20 -20 21 23 -23 26 -25 -22 28 -28 29 -4
right_child=-2 -3 7 -5 -6 -7 -8 -9 9 10 -12 13 -14 14 -16 -17 -18 -19 19 -21 25 22 -24 24 -26 -27 27 -29 -30 -31
leaf_value=-0.069388203152312936 -0.0032405503489397192 0.019009523104661245 -0.0002113484435225912 -0.015692943405706893 0.054761321779643352 0.011549489781542943 0.010043731726481986 -0.0070243518873388186 0.0094919644094490028 0.021912666084999283 -0.0046320093662677924 -0.010155316982979966 0.00742121625638021 0.002374736232739576 -0.0065547541590844777 -0.0086356794228110521 0.0048582251827281727 -0.0034044946465562145 0.030678733620037747 0.0039663226172088071 -0.013523924965588664 0.033898665769579665 0.0036336368311894549 -0.00219096879210817 -0.015859962174212292 -0.0020527999621252299 0.045414531502661379 0.0041236609489060608 -0.0036775625144363439 0.0071533909066104247
leaf_weight=2593 395604 12559 856906 33898 3575 5952 1126 78964 136835 7483 70032 87246 143784 154907 83846 53189 233410 477475 17162 362516 56711 17525 314634 257917 51821 269393 6127 235132 397356 174322
leaf_count=2593 395604 12559 856906 33898 3575 5952 1126 78964 136835 7483 70032 87246 143784 154907 83846 53189 233410 477475 17162 362516 56711 17525 314634 257917 51821 269393 6127 235132 397356 174322
internal_value=1.15416e-08 0.000278437 0.000227206 -0.00924952 0.00723992 -0.0103269 -0.0453386 0.000325512 0.000455474 0.00531102 -0.00206949 0.000210662 0.000500166 -0.00327528 -0.000761149 0.000237014 0.000363591 6.34209e-05 0.000612163 0.00517376 -4.44101e-05 0.000520309 0.00523045 -0.000270018 -0.00447787 -0.00404768 0.000510494 0.00517228 -0.000276787 0.00103361
internal_weight=5e+06 4.6044e+06 4.59184e+06 47144 13246 9671 3719 4.54469e+06 4.46573e+06 214350 77515 4.25138e+06 3.92538e+06 325999 238753 3.7816e+06 3.72841e+06 3.495e+06 3.01752e+06 379678 2.63784e+06 2.31174e+06 332159 1.97958e+06 309738 326104 1.66984e+06 241259 1.42858e+06 1.03123e+06
internal_count=5000000 4604396 4591837 47144 13246 9671 3719 4544693 4465729 214350 77515 4251379 3925380 325999 238753 3781596 3728407 3494997 3017522 379678 2637844 2311740 332159 1979581 309738 326104 1669843 241259 1428584 1031228
is_linear=0
shrinkage=0.1


Tree=84
num_leaves=31
num_cat=2
split_feature=74 76 4 0 14 89 3 2 72 91 76 9 23 89 21 83 5 89 86 86 5 0 89 11 74 0 83 74 0 89
split_gain=433.424 868.875 509.687 1131.72 580.975 538.848 1118.16 562.985 445.404 444.856 1163.95 417.182 362.768 474.618 389.423 350.694 436.529 493.196 1354.79 437.207 441.17 767.795 533.716 438.078 424.033 924.072 793.844 612.441 482.024 413.322
threshold=18.500000000000004 0 28.050000190734867 29.750000000000004 22.050000190734867 17.94999980926514 17.94999980926514 13.650000095367433 39.18499946594239 3.0499999523162846 1 6.8500001430511483 28.050000190734867 23.94999980926514 21.750000000000004 -5.6499998569488517 -4.2499999999999991 -13.15000009536743 -0.25000000745058054 -1.9499999880790708 3.0499999523162846 2.4500000476837163 3.2500000000000004 -1.6500000357627866 159.50000000000003 -12.849999904632567 -13.249999999999998 102.00000000000001 -12.849999904632567 -13.15000009536743
decision_type=2 1 10 2 8 10 8 8 2 10 1 10 8 8 10 8 8 8 8 8 8 2 10 8 2 2 10 2 2 10
left_child=1 8 3 5 -4 9 7 -7 -1 15 11 -11 13 14 -8 24 17 18 -17 -18 22 -22 -21 -23 26 -26 27 -2 -28 -29
right_child=2 -3 4 -5 -6 6 12 -9 -10 10 -12 -13 -14 -15 -16 16 19 -19 -20 20 21 23 -24 -25 25 -27 28 29 -30 -31
leaf_value=-0.0010077054211142633 -0.029633041181363264 0.0028569550729846661 -0.016882001359629202 0.017816194820895807 -0.002710201415704278 0.035018868411112673 0.0015552978346010382 0.0091505866904633502 -0.010064954435935854 -0.0066775007714439715 0.0012019076883391124 -0.016920059012559063 -0.0080799248984665464 0.0050623328124899331 -0.0048154124035290945 -0.0018175592653324184 -0.0079746522643139098 0.0080522948735228354 -0.1787397321458257 0.00085526819599376306 -0.0099636392335269025 -0.016211061967028689 0.010348385651203678 -0.0004628322635907877 0.045744946563892934 -0.005837868453940593 0.027801927722509889 -0.12660567762088179 -0.012944385910016272 0.015744686305691553
leaf_weight=201481 4240 1052621 38010 34113 121057 9212 241964 97024 74324 114344 180445 60969 47623 193216 159002 2401 79781 81779 528 343160 93257 17859 71576 1617299 4001 26313 3244 1270 27644 243
leaf_count=201481 4240 1052621 38010 34113 121057 9212 241964 97024 74324 114344 180445 60969 47623 193216 159002 2401 79781 81779 528 343160 93257 17859 71576 1617299 4001 26313 3244 1270 27644 243
internal_value=1.03875e-08 0.00154786 -0.000560023 -0.000309293 -0.00609664 -0.000487051 0.00189083 0.0113937 -0.00344833 -0.00113853 -0.00443628 -0.010239 0.000317852 0.000990925 -0.00097099 -0.000644462 -0.000437458 0.00660823 -0.0337107 -0.000705944 -0.000435359 -0.00113817 0.00249361 -0.000634833 -0.00777894 0.000970301 -0.0150174 -0.0491235 -0.00866502 -0.103743
internal_weight=5e+06 1.32843e+06 3.67157e+06 3.51251e+06 159067 3.47839e+06 748041 106236 275805 2.73035e+06 355758 175313 641805 594182 400966 2.3746e+06 2.30764e+06 84708 2929 2.22293e+06 2.14315e+06 1.72842e+06 414736 1.63516e+06 66955 30314 36641 5753 30888 1513
internal_count=5000000 1328426 3671574 3512507 159067 3478394 748041 106236 275805 2730353 355758 175313 641805 594182 400966 2374595 2307640 84708 2929 2222932 2143151 1728415 414736 1635158 66955 30314 36641 5753 30888 1513
cat_boundaries=0 1 2
cat_threshold=15872 65472
is_linear=0
shrinkage=0.1


Tree=85
num_leaves=31
num_cat=17
split_feature=24 76 70 88 76 76 48 81 90 75 1 76 49 76 76 75 75 31 73 75 76 76 72 76 75 76 75 0 73 76
split_gain=408.168 1047.97 426.25 442.752 2112.49 515.034 1490.59 1030.12 904.195 948.276 1063.16 579.498 493.57 511.572 489.089 1775.53 618.233 616.471 475.359 451.773 464.959 443.785 435.121 427.105 771.089 584.147 517.706 456.36 446.36 808.317
threshold=1.2500000000000002 0 0.75000000000000011 3.2500000000000004 1 2 3.6499999761581425 1.0000000180025095e-35 1.0000000180025095e-35 3 4.2500000000000009 4 4.6499998569488534 5 6 7 8 1.0000000180025095e-35 141.24000549316409 9 10 11 37.567501068115241 12 13 14 15 -8.6500000953674299 137.86834716796878 16
decision_type=2 1 8 10 1 1 8 10 10 1 8 1 8 1 1 1 1 10 2 1 1 1 2 1 1 1 1 2 2 1
left_child=2 -2 23 5 -5 6 7 8 9 10 11 -4 18 -14 15 22 -16 -17 -7 -20 -21 -12 -11 24 25 -1 27 -25 -26 -30
right_child=1 -3 3 4 -6 12 -8 -9 -10 14 21 -13 13 -15 16 17 -18 -19 19 20 -22 -23 -24 26 28 -27 -28 -29 29 -31
leaf_value=-0.01501506009359478 -0.0091610300475086313 0.0081997592876605178 0.038367336642588179 -0.0084339767730350537 0.0035458479322148678 0.00019868234393428808 -0.0057343286176784816 -0.0095924053385387908 -0.013112919653594594 0.0027896637673045003 -0.0047506633881968787 0.015001283478663065 -0.002760578796616813 0.0078608711126282489 0.0073917171595980604 0.019134005132427516 -0.0010967310276223609 -0.017712755612484848 0.00024660322737283326 -0.017221575296554461 -0.004672583542322464 0.010605654384369898 -0.012714862608523473 -0.025200256334710309 -0.011903458005842074 0.0084556244133326009 0.0019154940427923411 -0.0028773277697893883 -0.012636502593467306 0.0030376294479122325
leaf_weight=12934 44533 158497 20341 283248 306427 1603334 172849 48693 25449 49178 22527 22284 66060 144594 133817 92879 239092 4774 165233 35096 185954 114270 28643 9432 122009 58668 378849 315354 56791 78191
leaf_count=12934 44533 158497 20341 283248 306427 1603334 172849 48693 25449 49178 22527 22284 66060 144594 133817 92879 239092 4774 165233 35096 185954 114270 28643 9432 122009 58668 378849 315354 56791 78191
internal_value=1.01616e-08 0.00439176 -0.000185869 0.000307724 -0.0022087 0.000775074 0.00268853 0.004504 0.00541525 0.00606312 0.0123735 0.0261643 -7.26668e-05 0.00453028 0.00399816 0.00835167 0.00194943 0.0173309 -0.000560012 -0.0037091 -0.00666567 0.00807729 -0.0029166 -0.0019861 -0.00496266 0.00421444 -0.000595987 -0.00352549 -0.00751962 -0.00355766
internal_weight=5e+06 203030 4.79697e+06 3.76474e+06 589675 3.17507e+06 974796 801947 753254 727805 179422 42625 2.20027e+06 210654 548383 175474 372909 97653 1.98962e+06 386283 221050 136797 77821 1.03223e+06 328593 71602 703635 324786 256991 134982
internal_count=5000000 203030 4796970 3764742 589675 3175067 974796 801947 753254 727805 179422 42625 2200271 210654 548383 175474 372909 97653 1989617 386283 221050 136797 77821 1032228 328593 71602 703635 324786 256991 134982
cat_boundaries=0 1 2 3 4 5 6 7 8 9 10 11 12 13 14 15 16 17
cat_threshold=1984 32704 29152 56 192 36368 384 4290 448 6592 458752 256 508128 224 262144 126 245760
is_linear=0
shrinkage=0.1


Tree=86
num_leaves=31
num_cat=9
split_feature=77 23 80 89 74 76 2 72 3 83 2 88 76 5 76 2 79 90 76 73 12 48 2 74 76 75 75 76 29 76
split_gain=395.779 403.521 561.608 456.433 361.86 551.153 490.641 517.325 442.347 448.941 764.253 384.665 566.868 359.382 355.531 781.372 645.923 507.934 877.293 507.374 506.623 408.039 405.615 417.492 372.615 1252.17 567.512 1063.09 563.614 537.388
threshold=31.750000000000004 29.050000190734867 26.050000190734867 28.44999980926514 64.500000000000014 0 -10.249999999999998 36.37919998168946 27.750000000000004 21.050000190734867 20.250000000000004 2.7500000000000004 1 24.349999427795414 2 -12.849999904632567 2.5499999523162846 1.0000000180025095e-35 3 140.51084899902347 -13.15000009536743 1.2500000000000002 -2.7499999999999996 752.50000000000011 4 5 6 7 1.0000000180025095e-35 8
decision_type=10 10 10 8 2 1 8 2 10 10 10 10 1 10 1 8 10 10 1 2 8 8 8 2 1 1 1 1 10 1
left_child=1 2 4 -3 5 6 -1 -8 9 11 -11 14 -13 -4 15 -6 19 20 -19 22 21 -16 -17 -24 25 28 29 -28 -22 -26
right_child=-2 3 13 -5 8 -7 7 -9 -10 10 -12 12 -14 -15 17 16 -18 18 -20 -21 24 -23 23 -25 26 -27 27 -29 -30 -31
leaf_value=0.037794543021072553 0.011799928505157126 -0.01458871157215072 0.012949007437280525 -0.0019235232212577028 0.057073578634045087 0.0014681387517913595 0.00057336338270297415 -0.0071508245861251797 -0.010451612204339064 0.015446244301036614 0.00077487045174790469 -0.012337507680076673 -0.0021246319440055084 0.0027961960696580466 -0.04893654752340193 0.027887789390482781 -0.0082650209015019665 -0.012620112026344927 0.0074843266604563531 -0.0032995019359173803 -0.015347148281085297 -0.002395589229119352 0.0070000874679932226 -0.011422525301244699 0.010304369736288453 0.00535718609471435 0.0021083353732402549 -0.0063947271601307969 0.015343285876349406 6.3614480572008218e-05
leaf_weight=2945 28264 38416 49227 109736 2587 1900711 177723 169312 48194 42102 226612 71898 222618 119497 4138 8583 52144 26136 127806 70462 91192 3458 165948 13286 57435 56656 232752 399226 6404 474532
leaf_count=2945 28264 38416 49227 109736 2587 1900711 177723 169312 48194 42102 226612 71898 222618 119497 4138 8583 52144 26136 127806 70462 91192 3458 165948 13286 57435 56656 232752 399226 6404 474532
internal_value=1.49212e-08 -6.70668e-05 9.08207e-05 -0.00520762 -0.000114611 0.000796647 -0.00285013 -0.00319513 -0.000967695 -0.000773692 0.00307358 -0.00126899 -0.00461832 0.00575839 -0.000718754 0.00234311 0.00188707 -0.00136644 0.0040707 0.00393668 -0.00199777 -0.0277493 0.00665143 0.00563448 -0.00184938 -0.00646762 -0.00123728 -0.00326314 -0.013332 0.00116945
internal_weight=5e+06 4.97174e+06 4.82358e+06 148152 4.65486e+06 2.25069e+06 349980 347035 2.40417e+06 2.35598e+06 268714 2.08726e+06 294516 168724 1.79274e+06 313010 310423 1.47974e+06 153942 258279 1.32579e+06 7596 187817 179234 1.3182e+06 154252 1.16394e+06 631978 97596 531967
internal_count=5000000 4971736 4823584 148152 4654860 2250691 349980 347035 2404169 2355975 268714 2087261 294516 168724 1792745 313010 310423 1479735 153942 258279 1325793 7596 187817 179234 1318197 154252 1163945 631978 97596 531967
cat_boundaries=0 1 2 3 4 5 6 7 8 9
cat_threshold=7680 4032 15872 448 229376 7686 8064 16880 786432
is_linear=0
shrinkage=0.1


Tree=87
num_leaves=31
num_cat=3
split_feature=74 76 86 3 83 13 21 2 23 80 80 2 86 1 3 80 1 83 23 89 1 0 1 76 77 4 86 1 76 1
split_gain=378.661 377.716 374.404 434.591 726.658 682.888 664.899 435.249 425.46 796.434 561.831 525.025 462.231 1313.81 806.123 1227.61 1151.32 704.456 655.795 774.592 904.896 664.452 536.78 456.287 424.976 681.813 586.348 746.856 642.496 490.22
threshold=752.50000000000011 0 29.94999980926514 25.750000000000004 24.250000000000004 22.550000190734867 29.050000190734867 21.650000572204593 22.650000572204593 20.050000190734867 19.349999427795414 19.150000572204593 15.550000190734865 15.050000190734865 12.84999990463257 11.050000190734865 9.8499999046325701 11.84999990463257 12.250000000000002 7.0499999523162851 4.4500000476837167 8.0500001907348651 11.449999809265138 1 8.0500001907348651 7.4500000476837167 2.6499999761581425 1.6500000357627871 2 5.8500001430511483
decision_type=2 1 10 10 10 8 10 8 8 10 8 8 10 10 10 10 8 8 8 10 8 2 8 1 10 10 10 10 1 10
left_child=2 -2 3 4 8 -5 -7 -6 9 12 -10 -11 14 22 15 18 -17 -16 19 24 -21 -20 -14 -22 25 26 -1 -28 -29 -26
right_child=1 -3 -4 5 7 6 -8 -9 10 11 -12 -13 13 -15 17 16 -18 -19 21 20 23 -23 -24 -25 29 -27 27 28 -30 -31
leaf_value=-0.0012523470786217805 -0.012098972544827761 -0.0014125868804174887 0.0070511271773172016 -0.0095596497787550257 0.022254676608930254 0.0018227137187958498 -0.0096294778878134781 0.0049972426487146851 -0.016848630898645474 0.016698984739886687 -0.0020344575873452392 0.0039205353254777135 0.047094583918313726 0.001010213787261215 -0.012086100662236386 0.027292108565742369 0.0050056781211502066 -0.0022500003492659714 -0.016785815204010075 0.026720110804499139 -0.0047644974682026506 -0.0025949232963831054 0.013846132978405848 0.0054022070574933651 0.03053186692693613 -0.0063348818908398928 0.017347840946354425 -0.0051809215002239098 0.0057214412179381544 0.0039197770470040987
leaf_weight=968766 49532 99540 77417 115872 16018 244225 63977 166798 27562 38086 359755 206409 5354 517318 81625 27683 142504 674451 42925 17883 53915 142624 52174 243460 7600 203829 36277 82656 156170 77595
leaf_count=968766 49532 99540 77417 115872 16018 244225 63977 166798 27562 38086 359755 206409 5354 517318 81625 27683 142504 674451 42925 17883 53915 142624 52174 243460 7600 203829 36277 82656 156170 77595
internal_value=1.20916e-08 -0.00496425 0.000152567 4.06857e-05 0.000338624 -0.00301506 -0.000554548 0.00650931 6.78768e-05 0.00039137 -0.00308865 0.00591109 9.5829e-06 0.00260444 -0.000494358 0.000472239 0.00863084 -0.00331189 -0.0002105 0.000358485 0.00487279 -0.00587785 0.0169405 0.00355897 -0.000569936 -0.000973855 -9.53597e-05 0.00397893 0.00194823 0.00629376
internal_weight=5e+06 149072 4.85093e+06 4.77351e+06 4.34944e+06 424074 308202 182816 4.16662e+06 3.7793e+06 387317 244495 3.53481e+06 574846 2.95996e+06 2.20389e+06 170187 756076 2.0337e+06 1.84815e+06 315258 185549 57528 297375 1.53289e+06 1.4477e+06 1.24387e+06 275103 238826 85195
internal_count=5000000 149072 4850928 4773511 4349437 424074 308202 182816 4166621 3779304 387317 244495 3534809 574846 2959963 2203887 170187 756076 2033700 1848151 315258 185549 57528 297375 1532893 1447698 1243869 275103 238826 85195
cat_boundaries=0 1 2 3
cat_threshold=257536 1984 8128
is_linear=0
shrinkage=0.1


Tree=88
num_leaves=31
num_cat=5
split_feature=19 22 77 76 74 91 83 4 89 1 48 0 76 80 6 83 76 79 27 76 72 0 4 86 89 82 76 86 1 81
split_gain=368.435 435.902 646.431 397.898 341.457 494.024 398.11 502.272 497.921 447.474 405.684 558.769 468.404 363.125 482.903 549.874 517.85 1140.02 766.772 945.35 691.096 611.516 562.047 614.59 587.044 462.763 421.327 419.581 952.414 380.838
threshold=33.250000000000007 30.250000000000004 27.94999980926514 0 249.50000000000003 2.2500000000000004 -7.8500001430511466 -5.9500000476837149 -4.4500000476837149 -5.9500000476837149 1.1500000357627871 -12.849999904632567 1 -2.7499999999999996 4.2500000000000009 5.2500000000000009 2 2.5499999523162846 1.0000000180025095e-35 3 30.90164947509766 30.150000572204593 12.650000095367433 9.2500000000000018 11.84999990463257 3.7500000000000004 4 3.6499999761581425 2.4500000476837163 1.0000000180025095e-35
decision_type=10 10 10 1 2 10 8 8 10 10 8 2 1 8 8 8 1 10 10 1 2 2 8 10 8 10 1 10 10 10
left_child=1 2 4 -4 6 -6 10 8 -8 -10 12 -12 -1 -9 27 -16 17 21 20 26 -18 25 23 -22 -24 29 -20 -15 -29 -17
right_child=-2 -3 3 -5 5 -7 7 13 9 -11 11 -13 -14 14 15 16 18 -19 19 -21 22 -23 24 -25 -26 -27 -28 28 -30 -31
leaf_value=0.0080154057368570005 0.014141806827692387 -0.0069650890460456862 -0.013715059546533671 0.0096214911457543923 -0.00074773605852461119 -0.006681892898746134 0.0049841401206290837 -0.0062402055456305316 0.059708517029268993 0.016120876877595426 0.031414432305749938 -0.0079717890382056122 -0.031840530124907056 0.0016824221335998584 -0.0053093884107961835 0.0019629800618490797 0.00848947342193687 -0.0088978757008512533 -0.016696413363306024 0.01452627960519207 0.0010050658524641055 0.035065206567196076 -0.0088250050317933149 0.0096502040451339373 -0.00047445061834685024 -0.0087285019259702584 0.0029166266843443259 0.029562239384920544 0.0046654947875033907 -0.0068880350429510618
leaf_weight=3923 18355 89573 7897 96558 896930 166303 45275 82429 3235 8661 4268 23083 11870 471048 186409 427467 101917 179828 12423 90975 356783 5010 90639 106862 1182499 54958 91998 17857 110116 54851
leaf_count=3923 18355 89573 7897 96558 896930 166303 45275 82429 3235 8661 4268 23083 11870 471048 186409 427467 101917 179828 12423 90975 356783 5010 90639 106862 1182499 54958 91998 17857 110116 54851
internal_value=8.41515e-09 -5.20974e-05 7.44783e-05 0.00785681 -9.53147e-05 -0.00167591 0.000355913 0.00046784 0.00976784 0.0279741 -0.00919425 -0.00182575 -0.0219554 0.00032113 0.00047384 -5.3004e-05 0.000302498 -0.00199802 0.0011192 0.00707507 0.000486281 0.000290012 1.6642e-05 0.00299762 -0.00106895 -3.42606e-05 0.000581882 0.0030619 0.00813952 0.00095641
internal_weight=5e+06 4.98164e+06 4.89207e+06 104455 4.78762e+06 1.06323e+06 3.72438e+06 3.68124e+06 57171 11896 43144 27351 15793 3.62407e+06 3.54164e+06 2.94262e+06 2.75621e+06 722114 2.0341e+06 195396 1.8387e+06 542286 1.73678e+06 463645 1.27314e+06 537276 104421 599021 127973 482318
internal_count=5000000 4981645 4892072 104455 4787617 1063233 3724384 3681240 57171 11896 43144 27351 15793 3624069 3541640 2942619 2756210 722114 2034096 195396 1838700 542286 1736783 463645 1273138 537276 104421 599021 127973 482318
cat_boundaries=0 1 2 3 4 5
cat_threshold=262144 32448 16192 12583103 128
is_linear=0
shrinkage=0.1


Tree=89
num_leaves=31
num_cat=8
split_feature=0 4 83 23 77 91 76 2 90 76 28 48 0 87 84 24 75 1 76 76 74 77 48 71 76 75 28 73 72 76
split_gain=353.458 380.229 528.745 405.786 541.656 342.47 685.702 552.468 506.251 482.267 1991.91 1429.45 1069.19 934.975 860.448 817.524 776.093 882.647 772.208 767.375 619.096 557.071 463.801 449.409 537.895 1746.8 584.123 473.361 463.179 701.668
threshold=34.850000381469734 30.650000572204593 29.650000572204593 28.44999980926514 26.250000000000004 1.0500000119209292 0 -5.9500000476837149 1.0000000180025095e-35 1 1.0000000180025095e-35 3.6499999761581425 11.050000190734865 1.0000000180025095e-35 1.0000000180025095e-35 1.0000000180025095e-35 2 -4.8500001430511466 3 4 47.500000000000007 -8.9499998092651349 0.75000000000000011 2.1499999761581425 5 6 1.0000000180025095e-35 135.49915313720706 36.395851135253913 7
decision_type=2 10 10 10 10 8 1 8 10 1 10 10 2 10 10 2 1 10 1 1 2 8 10 8 1 1 10 2 2 1
left_child=1 2 3 4 5 6 7 -1 -8 10 11 13 -12 14 16 21 17 -7 -17 20 -19 -11 -21 24 25 27 -27 -23 -26 -30
right_child=-2 -3 -4 -5 -6 9 8 -9 -10 15 12 -13 -14 -15 -16 18 -18 19 -20 22 -22 23 -24 -25 28 26 -28 -29 29 -31
leaf_value=0.030060176990856502 0.027563455628663466 -0.006690984727845079 0.0091250722384950741 -0.0057196784107912558 0.0066299741964399089 0.039068956177454123 -0.00062515334139378014 0.0054261736244357456 0.0078409211822051388 -0.017058347335487611 -0.03393933258293453 -0.011731265034395047 -0.0082897460102750072 -0.017363250361776109 -0.024581290315496065 0.011801359759921316 -0.00084579177329575667 0.023426438723462617 0.0012211494574560092 0.014563369572801205 0.0063169301036484563 0.013220279549566184 -0.0036149054398081403 0.0010922828517232041 -0.0024895556119934473 -0.014550050318937869 0.011290482820033948 -0.00064476224378108246 0.010202694966962205 1.639019944248299e-05
leaf_weight=9514 4648 84144 63908 122214 124316 8795 727152 211315 78231 20319 28872 101287 37179 24719 11245 105904 199251 35445 197866 17526 52434 34390 70472 1115839 673724 138200 9339 86705 77558 527489
leaf_count=9514 4648 84144 63908 122214 124316 8795 727152 211315 78231 20319 28872 101287 37179 24719 11245 105904 199251 35445 197866 17526 52434 34390 70472 1115839 673724 138200 9339 86705 77558 527489
internal_value=2.14142e-09 -2.56447e-05 8.8553e-05 -3.05867e-05 0.000116561 -5.94358e-05 0.0015508 0.00648719 0.000197198 -0.000521714 -0.00314151 -0.00106818 -0.0195016 0.00150402 0.00268423 -6.72508e-06 0.00348283 0.00815278 0.00491018 0.00660723 0.0132164 -0.000563302 5.54494e-06 -0.000437454 -0.00154055 -0.00560829 -0.0129135 0.00329253 -0.000685985 0.00132229
internal_weight=5e+06 4.99535e+06 4.91121e+06 4.8473e+06 4.72509e+06 4.60077e+06 1.02621e+06 220829 805383 3.57456e+06 587225 521174 66051 419887 395168 2.98733e+06 383923 184672 303770 175877 87879 2.68356e+06 87998 2.66324e+06 1.5474e+06 268634 147539 121095 1.27877e+06 605047
internal_count=5000000 4995352 4911208 4847300 4725086 4600770 1026212 220829 805383 3574558 587225 521174 66051 419887 395168 2987333 383923 184672 303770 175877 87879 2683563 87998 2663244 1547405 268634 147539 121095 1278771 605047
cat_boundaries=0 1 2 3 4 5 6 7 8
cat_threshold=28544 1920 3852 2080768 384 245760 252 96
is_linear=0
shrinkage=0.1


Tree=90
num_leaves=31
num_cat=0
split_feature=89 4 0 14 22 89 2 21 23 80 1 86 86 3 83 1 23 77 1 3 89 1 2 85 23 80 1 20 80 2
split_gain=334.283 371.387 796.973 598.264 654.851 437.468 718.627 676.838 464.46 834.076 983.419 763.924 445.193 800.582 540.961 955.235 794.129 663.663 680.25 575.02 654.145 632.665 489.614 488.26 456.789 540.706 523.607 453.015 426.644 485.05
threshold=32.549999237060554 26.250000000000004 29.750000000000004 22.050000190734867 29.44999980926514 23.050000190734867 21.150000572204593 24.250000000000004 20.250000000000004 15.650000095367433 14.34999990463257 19.650000572204593 16.750000000000004 16.250000000000004 13.050000190734865 10.050000190734865 13.449999809265138 9.8499999046325701 7.4500000476837167 10.050000190734865 6.4500000476837167 2.2500000000000004 11.449999809265138 1.5500000119209292 8.8499999046325701 4.2500000000000009 2.6499999761581425 15.150000095367433 19.750000000000004 19.250000000000004
decision_type=10 10 2 8 10 10 8 10 8 10 8 8 10 10 10 8 10 10 8 10 10 10 8 10 10 10 8 10 8 8
left_child=1 2 5 -3 -5 8 -7 -8 9 12 -11 -10 13 14 16 -16 17 19 -19 20 24 -22 -14 -18 25 -1 -27 -17 -13 -30
right_child=-2 3 -4 4 -6 6 7 -9 11 10 -12 28 22 -15 15 27 23 18 -20 -21 21 -23 -24 -25 -26 26 -28 -29 29 -31
leaf_value=-0.00097918759050616812 0.012384638001236264 -0.010031294894466008 0.018447588369487629 0.0014208717568112645 -0.0096573204015574579 0.017379706324359399 0.0070405763740993737 -0.0024308577850912678 -0.0099716799950265809 0.022575127771812215 0.0030977886669704088 -0.0092046054046042367 0.038014272394451827 -0.0063134589636745196 0.03363355738465465 0.0069915807972952106 -0.0034049909757363421 0.029124963667128429 0.0040213378914439124 -0.0050714585329154592 0.032638312706548336 0.0038553632585469075 0.0035968366983398499 -0.013827507179283488 -0.0063649866188062957 0.02017602784771718 0.0029842507719873065 -0.0024259438625066085 0.008618562223584916 -0.001213983425376465
leaf_weight=1150620 21700 92019 23827 255622 67435 33929 142692 160105 115534 27578 431865 57478 4226 226979 10783 124209 176730 11416 198220 244245 7874 253349 188425 60278 130080 19742 172623 86755 56512 447150
leaf_count=1150620 21700 92019 23827 255622 67435 33929 142692 160105 115534 27578 431865 57478 4226 226979 10783 124209 176730 11416 198220 244245 7874 253349 188425 60278 130080 19742 172623 86755 56512 447150
internal_value=6.40518e-09 -5.39772e-05 0.000206519 -0.00291779 -0.000891593 0.000110772 0.00357893 0.00203252 -0.000167103 0.00029343 0.00426691 -0.00256684 -0.000301893 -0.000613852 -0.0001251 0.00460266 -0.000557384 3.81613e-05 0.00538839 -0.000528723 0.000111044 0.00472296 0.00435182 -0.00605574 -0.000706802 -0.000158756 0.00474861 0.0031188 -0.00104224 -0.00011075
internal_weight=5e+06 4.9783e+06 4.56322e+06 415076 323057 4.5394e+06 336726 302797 4.20267e+06 3.526e+06 459443 676674 3.06655e+06 2.8739e+06 2.64692e+06 221747 2.42518e+06 2.18817e+06 209636 1.97853e+06 1.73429e+06 261223 192651 237008 1.47306e+06 1.34298e+06 192365 210964 561140 503662
internal_count=5000000 4978300 4563224 415076 323057 4539397 336726 302797 4202671 3525997 459443 676674 3066554 2873903 2646924 221747 2425177 2188169 209636 1978533 1734288 261223 192651 237008 1473065 1342985 192365 210964 561140 503662
is_linear=0
shrinkage=0.1


Tree=91
num_leaves=31
num_cat=1
split_feature=74 86 88 3 89 23 80 22 4 86 86 1 80 1 23 77 1 82 70 21 80 86 21 80 21 2 77 83 10 75
split_gain=341.261 334.495 314.284 305.143 438.368 394.957 403.901 385.694 384.286 959.215 773.586 722.136 586.802 1099.17 625.576 562.53 794.161 556.495 456.735 412.608 487.052 385.391 410.145 383.099 438.847 528.911 518.309 394.759 388.635 457.078
threshold=524.50000000000011 32.750000000000007 1.2500000000000002 30.94999980926514 27.849999427795414 27.650000572204593 25.650000572204593 29.44999980926514 18.250000000000004 16.650000572204593 16.349999427795414 14.84999990463257 14.650000095367433 12.84999990463257 14.150000095367433 11.250000000000002 8.8499999046325701 1.8499999642372134 1.8499999642372134 15.150000095367433 18.750000000000004 21.750000000000004 16.550000190734867 17.650000572204593 21.750000000000004 25.94999980926514 22.849999427795414 22.650000572204593 14.650000095367433 0
decision_type=2 10 10 10 10 10 10 10 8 10 8 10 10 8 10 10 8 10 10 10 8 10 8 8 10 10 10 8 10 1
left_child=1 3 -2 4 5 6 8 -6 9 12 -10 -11 14 -14 15 18 -17 -16 -1 -15 -21 22 -13 -12 25 26 28 -26 29 -25
right_child=2 -3 -4 -5 7 -7 -8 -9 10 11 23 21 13 19 17 16 -18 -19 -20 20 -22 -23 -24 24 27 -27 -28 -29 -30 -31
leaf_value=-0.0014953220328401569 -0.0012011270248193148 0.014453563426969724 -0.0079377640005100017 -0.0066365336790000385 0.010317582166998318 -0.0052232840516859471 0.0062279453952790763 -0.0010511088406857801 -0.011380857952265363 0.024129866080312621 -0.0077219511142801178 0.010246628143354645 0.031299874134839645 0.0093570259075656786 -0.0022480598628433694 0.038665768118382654 0.0044024196526826305 -0.012569910575802236 0.0015473061547050715 -0.0034886304210933632 0.010452697190912946 0.015050440408056698 -1.9971949859381453e-05 -0.017543827558059593 -0.0069727214516137701 -0.012423138835195096 0.012403774055671229 -0.00073577421624460514 0.00248254529542964 0.00098101183077162354
leaf_weight=1072315 261486 16472 94201 64790 79660 134705 111057 47717 72525 22001 73568 57226 14981 71947 264374 7040 172989 65094 913788 100948 33334 32847 121589 22185 134251 25117 47393 415757 415331 33312
leaf_count=1072315 261486 16472 94201 64790 79660 134705 111057 47717 72525 22001 73568 57226 14981 71947 264374 7040 172989 65094 913788 100948 33334 32847 121589 22185 134251 25117 47393 415757 415331 33312
internal_value=5.76549e-09 0.000228635 -0.00298527 0.000178004 0.000274762 0.000108667 0.000275662 0.00605873 0.000117892 0.000738606 -0.00135971 0.00688679 0.000209823 0.00514612 -0.00022773 0.000389741 0.00574228 -0.00428738 -9.54364e-05 0.00324625 -2.78522e-05 0.00509448 0.00326564 -0.000736888 -0.000266883 0.00174882 0.00243571 -0.00225815 0.00143233 -0.0064273
internal_weight=5e+06 4.64431e+06 355687 4.62784e+06 4.56305e+06 4.43567e+06 4.30097e+06 127377 4.18991e+06 2.95047e+06 1.23944e+06 233663 2.71681e+06 221210 2.4956e+06 2.16613e+06 180029 329468 1.9861e+06 206229 134282 211662 178815 1.16691e+06 1.09335e+06 543338 518221 550008 470828 55497
internal_count=5000000 4644313 355687 4627841 4563051 4435674 4300969 127377 4189912 2950473 1239439 233663 2716810 221210 2495600 2166132 180029 329468 1986103 206229 134282 211662 178815 1166914 1093346 543338 518221 550008 470828 55497
cat_boundaries=0 1
cat_threshold=3584
is_linear=0
shrinkage=0.1


Tree=92
num_leaves=31
num_cat=3
split_feature=18 22 0 77 23 80 86 2 2 7 89 1 76 75 21 21 91 80 1 2 70 89 2 89 20 89 80 3 76 80
split_gain=335.743 357.329 512.11 356.822 342.578 626.024 518.232 359.437 336.125 315.107 477.331 1085.93 521.208 461.236 372.16 370.787 1093.84 600.816 603.869 439.415 381.367 374.529 361.648 424.403 445.655 382.498 347.097 332.15 476.133 402.942
threshold=32.549999237060554 30.250000000000004 32.049999237060554 28.250000000000004 24.150000572204593 22.550000190734867 24.150000572204593 27.349999427795414 22.94999980926514 23.250000000000004 14.34999990463257 12.650000095367433 0 1 17.550000190734867 12.449999809265138 1.7500000000000002 7.0499999523162851 5.0499999523162851 2.8500000238418584 2.9500000476837163 8.2500000000000018 16.750000000000004 18.849999427795414 15.250000000000002 19.750000000000004 12.84999990463257 13.050000190734865 2 11.84999990463257
decision_type=10 10 2 10 10 10 8 10 10 10 10 8 1 1 8 10 10 10 8 8 10 8 8 8 8 10 8 10 1 10
left_child=1 2 3 4 5 9 -6 -7 -2 10 15 14 -13 -11 -12 17 19 20 -19 -17 -1 -18 23 24 -14 -24 -21 28 -20 -29
right_child=8 -3 -4 -5 6 7 -8 -9 -10 13 11 12 22 -15 -16 16 21 18 27 26 -22 -23 25 -25 -26 -27 -28 29 -30 -31
leaf_value=-0.0014789231165755008 0.039035130613309738 -0.006400080892211721 0.020725709026405529 0.0064402859362001465 -0.0084317334021170708 0.006793211592576673 -0.00086205820112908926 -0.010061916956008889 0.0066131394529522717 -0.0087927180458116823 0.014347505526187996 0.0077088862581771254 0.0079953769272824125 -0.00037640857888550762 0.0397092937105199 0.022242477103686487 -0.023459915937477527 0.02186156606254994 0.01139628504241106 -0.0057973441982468437 0.0019090262312733836 -0.0084644892629581227 -0.0040427491608684496 0.014523517440085671 -0.0019765887168834103 0.0017696350620836872 0.00017976709874401573 -0.0104752454789035 0.0022550365086306044 0.0023167873876633323
leaf_weight=1285380 3638 87434 11950 84510 115589 186260 415718 13574 26413 99207 24048 117442 74706 189461 7619 8281 19702 17276 75164 119606 448075 107729 225456 31724 112014 227430 517608 36713 235490 74783
leaf_count=1285380 3638 87434 11950 84510 115589 186260 415718 13574 26413 99207 24048 117442 74706 189461 7619 8281 19702 17276 75164 119606 448075 107729 225456 31724 112014 227430 517608 36713 235490 74783
internal_value=1.87472e-09 -6.37176e-05 4.97513e-05 -9.77471e-07 -0.000114714 0.000184255 -0.00250889 0.0056483 0.0105382 -8.50237e-05 0.000159029 0.00229224 0.00156328 -0.00326917 0.0204495 -0.000435094 -0.00231618 0.000234036 0.00353671 -0.000644712 -0.000603183 -0.0107829 0.000488049 0.00383 0.00201316 -0.00112389 -0.000942145 0.00278679 0.00446724 -0.00189533
internal_weight=5e+06 4.96995e+06 4.88252e+06 4.87056e+06 4.78606e+06 4.25475e+06 531307 199834 30051 4.05491e+06 3.76625e+06 820439 788772 288668 31667 2.94581e+06 772926 2.17288e+06 439426 645495 1.73346e+06 127431 671330 218444 186720 452886 637214 422150 310654 111496
internal_count=5000000 4969949 4882515 4870565 4786055 4254748 531307 199834 30051 4054914 3766246 820439 788772 288668 31667 2945807 772926 2172881 439426 645495 1733455 127431 671330 218444 186720 452886 637214 422150 310654 111496
cat_boundaries=0 1 2 3
cat_threshold=16252928 112 4128768
is_linear=0
shrinkage=0.1


Tree=93
num_leaves=31
num_cat=14
split_feature=25 76 76 83 91 76 48 75 76 90 81 84 75 1 76 26 48 75 76 1 76 75 8 75 87 76 72 31 73 76
split_gain=332.736 1052.84 390.24 316.8 303.845 1560.87 485.932 506.436 411.339 1939.77 1613.4 1316.15 1126.88 1100.28 916.554 910.61 937.621 896.194 1145.16 850.885 741.245 1762.32 923.548 701.534 682.493 665.423 1125.14 922.628 762.181 1194.95
threshold=0.75000000000000011 0 1 34.049999237060554 2.9500000476837163 2 1.0500000119209292 3 4 1.0000000180025095e-35 1.0000000180025095e-35 1.0000000180025095e-35 5 -1.2499999999999998 6 1.0000000180025095e-35 3.3500000238418584 7 8 -12.849999904632567 9 10 24.150000572204593 11 1.0000000180025095e-35 12 36.436649322509773 1.0000000180025095e-35 135.09999847412112 13
decision_type=8 1 1 10 10 1 8 1 1 10 10 10 1 8 1 10 8 1 1 8 1 1 10 1 10 1 2 10 2 1
left_child=3 -2 -3 4 8 6 -6 -8 9 10 11 12 14 -14 23 16 17 20 -19 -20 21 -10 -22 -1 25 27 -27 28 29 -15
right_child=1 2 -4 -5 5 -7 7 -9 15 -11 -12 -13 13 24 -16 -17 -18 18 19 -21 22 -23 -24 -25 -26 26 -28 -29 -30 -31
leaf_value=0.0051133929028280359 -0.0057525598243329656 0.013261609894414442 0.0040349037615222986 0.021721486240011675 0.0058545307696820127 0.0025191259975583312 -0.015363507521041951 -0.0055641643172722128 -0.024874183848719096 -0.013593799134804067 -0.018307818259431417 -0.019785785511929554 0.021951506139023691 0.017343010422944161 0.0032341805842217423 0.0073499809061509866 0.003726909477611741 -0.013205680263910306 -0.047552946798037024 -0.0025100886582599233 0.0030189874616728036 0.002001122291641923 -0.0037149413281351686 -0.011183496886433586 -0.01906331307552785 0.0078271961883195924 -0.0017488646272164803 -0.021863873487709858 0.016812364296656942 -0.011520272496247175
leaf_weight=35348 89013 71204 128737 6582 31185 400312 62609 334663 38309 78300 35549 24105 41283 28396 226325 137668 358745 117138 4213 925573 699437 67171 287337 104475 11451 281821 217304 8312 118470 28965
leaf_count=35348 89013 71204 128737 6582 31185 400312 62609 334663 38309 78300 35549 24105 41283 28396 226325 137668 358745 117138 4213 925573 699437 67171 287337 104475 11451 281821 217304 8312 118470 28965
internal_value=4.12368e-09 0.00329389 0.00732126 -0.000202028 -0.000232701 -0.00197062 -0.00616535 -0.00710904 0.000138931 0.0016408 0.00266755 0.00332962 0.00383517 0.00609044 -0.000698333 -0.000567737 -0.00100411 -0.00179751 -0.00388814 -0.00271416 0.000206392 -0.00776108 0.00105814 -0.00706349 0.005148 0.00555376 0.00365799 0.0106915 0.0122311 0.00276923
internal_weight=5e+06 288954 199941 4.71105e+06 4.70446e+06 828769 428457 397272 3.8757e+06 1.2401e+06 1.1618e+06 1.12626e+06 1.10215e+06 736002 366148 2.63559e+06 2.49792e+06 2.13918e+06 1.04692e+06 929786 1.09225e+06 105480 986774 139823 694719 683268 499125 184143 175831 57361
internal_count=5000000 288954 199941 4711046 4704464 828769 428457 397272 3875695 1240104 1161804 1126255 1102150 736002 366148 2635591 2497923 2139178 1046924 929786 1092254 105480 986774 139823 694719 683268 499125 184143 175831 57361
cat_boundaries=0 1 2 3 4 5 6 7 8 9 10 11 12 13 14
cat_threshold=2032 1032192 65472 6144 30656 6210 16576 6594 393216 98304 6144 64 192 128
is_linear=0
shrinkage=0.1


Tree=94
num_leaves=31
num_cat=10
split_feature=74 85 73 76 7 77 3 6 83 75 76 0 21 48 21 25 76 73 76 75 75 83 1 48 51 76 80 76 75 72
split_gain=311.16 430.279 341.928 1029.93 494.913 508.501 400.703 380.855 510.267 380.031 374.792 582.265 608.995 424.281 433.785 412.995 795.969 406.279 446.75 897.661 396.26 374.246 602.915 354.72 799.076 530.728 347.471 325.505 324.138 322.75
threshold=396.50000000000006 2.1499999761581425 142.07500457763675 0 -13.15000009536743 -13.15000009536743 23.750000000000004 2.8500000238418584 4.0499999523162851 1 2 30.349999427795414 29.050000190734867 1.7500000000000002 30.050000190734867 1.0000000180025095e-35 3 139.82914733886722 4 5 6 1.0500000119209292 1.0000000180025095e-35 1.9499999880790713 1.9499999880790713 7 -13.749999999999998 8 9 35.041648864746101
decision_type=2 10 2 1 8 10 10 8 8 1 1 2 10 10 10 10 1 2 1 1 1 10 10 8 8 1 10 1 1 2
left_child=2 -2 7 4 5 26 -5 21 -9 -6 15 13 -13 29 -15 17 -17 23 20 27 -19 -1 -23 24 -10 28 -4 -20 -26 -12
right_child=1 -3 3 6 9 -7 -8 8 10 -11 11 12 -14 14 -16 16 -18 18 19 -21 -22 22 -24 -25 25 -27 -28 -29 -30 -31
leaf_value=0.0014865728544067084 -0.00092647636491122805 -0.0080257190518358695 -0.081742595004331162 -0.0029838181346640603 0.023360424016716098 0.067294688431846786 -0.016216188546184031 -0.0049289148174424405 0.0029882416364299777 0.0063494855155996873 -0.0016056700308779061 0.038873922391569338 0.005818142433257842 -0.0022570425172465125 -0.017029449296307592 -0.0087565154452967347 0.0099308496191797199 -6.9820858079773461e-05 0.017068323705186062 -0.0030553765711815585 -0.0094860344497971257 0.026948456743959282 0.0053119911655169754 0.004083573306172629 -0.015972584116468166 0.0024946116179211061 0.036772683077183455 0.0042999254475435287 -0.0049126124763244324 0.0025814386165369137
leaf_weight=387556 518505 102202 1433 466271 17739 374 24066 180952 362078 50606 330235 6539 37742 695268 20463 27847 125446 80642 35278 160479 100257 14272 131956 493507 44915 56362 299 46035 64682 415994
leaf_count=387556 518505 102202 1433 466271 17739 374 24066 180952 362078 50606 330235 6539 37742 695268 20463 27847 125446 80642 35278 160479 100257 14272 131956 493507 44915 56362 299 46035 64682 415994
internal_value=-4.27837e-09 -0.0020954 0.00029699 -0.00200876 0.00929643 -0.0384491 -0.0036332 0.000635614 0.000233021 0.010769 0.000533966 -0.000597725 0.0106995 -0.000939908 -0.00267939 0.00160098 0.0065362 0.00107716 -0.00153025 0.0012818 -0.00528867 0.00311303 0.00742373 0.00215605 0.000354573 -0.00539138 -0.061283 0.00984097 -0.00944625 0.000728482
internal_weight=5e+06 620707 4.37929e+06 560788 70451 2106 490337 3.8185e+06 3.28472e+06 68345 3.10377e+06 1.50624e+06 44281 1.46196e+06 715731 1.59753e+06 153293 1.44424e+06 422691 241792 180899 533784 146228 1.02154e+06 528037 165959 1732 81313 109597 746229
internal_count=5000000 620707 4379293 560788 70451 2106 490337 3818505 3284721 68345 3103769 1506241 44281 1461960 715731 1597528 153293 1444235 422691 241792 180899 533784 146228 1021544 528037 165959 1732 81313 109597 746229
cat_boundaries=0 1 2 3 4 5 6 7 8 9 10
cat_threshold=112 112 4178310 384 246016 7680 240 4063232 786560 62
is_linear=0
shrinkage=0.1


Tree=95
num_leaves=31
num_cat=6
split_feature=88 76 48 74 76 48 76 79 84 78 87 81 48 12 2 75 76 1 75 21 15 52 18 24 73 15 2 28 72 1
split_gain=286.491 1415.37 638.431 479.878 406.331 376.225 366.658 1230.32 1114.93 923.06 1078.9 909.561 785.248 974.323 777.135 814.946 982.885 907.53 821.013 791.297 785.406 775.498 572.231 548.733 527.775 527.382 654.665 517.245 485.81 575.084
threshold=2.1499999761581425 0 4.4500000476837167 58.500000000000007 1 0.75000000000000011 2 2.9500000476837163 1.0000000180025095e-35 1.0000000180025095e-35 1.0000000180025095e-35 1.0000000180025095e-35 2.9500000476837163 -5.9500000476837149 -5.3500001430511466 3 4 6.8500001430511483 5 -2.2499999999999996 7.8500001430511483 3.0499999523162846 16.849999427795414 1.0000000180025095e-35 143.31164550781253 28.650000572204593 22.050000190734867 1.0000000180025095e-35 37.996650695800788 5.8500001430511483
decision_type=10 1 10 2 1 8 1 10 10 10 10 10 10 8 8 1 1 8 1 10 8 10 10 2 2 8 10 10 2 10
left_child=6 2 5 -3 -4 -2 7 9 12 10 11 14 13 24 19 16 18 20 -16 -1 -17 27 -10 -11 -8 -19 -27 -15 29 -18
right_child=1 3 4 -5 -6 -7 8 -9 22 23 -12 -13 -14 21 15 17 28 25 -20 -21 -22 -23 -24 -25 -26 26 -28 -29 -30 -31
leaf_value=0.0079573569224485729 0.0065691514024617467 0.0033886614243161329 -0.025012429877805373 -0.0015149029686619801 -0.0093056402962480838 -0.0045095398318234078 -0.010349079791831422 -0.0058855605675004006 0.010423333205115681 -0.01655396545243 -0.012466486374734041 -0.015695121673577866 0.0032845406442804032 -0.0010847424355239143 -0.00088950040253103844 0.0068161250809890342 0.013907154816058379 0.0042305221229131584 -0.020347444632192731 0.037977531688794856 0.027704603782011422 -0.0067109462182761773 0.00019848293127144938 -0.0011745140828784992 -0.03616877775679133 0.03977073553059645 0.0097700666419498986 0.0070070497051591537 -0.0034657441088440087 0.0025126345812746644
leaf_weight=23455 33922 458281 19562 353535 104374 318069 30772 180072 137613 32158 38387 21543 359257 1444913 58928 35634 67130 437864 34306 14034 36375 244219 90881 83279 10659 8835 41161 83565 67013 130204
leaf_count=23455 33922 458281 19562 353535 104374 318069 30772 180072 137613 32158 38387 21543 359257 1444913 58928 35634 67130 437864 34306 14034 36375 244219 90881 83279 10659 8835 41161 83565 67013 130204
internal_value=3.98155e-10 -0.00128521 -0.00561505 0.00125321 -0.0117876 -0.00344187 0.000445827 0.00179134 -0.00028824 0.00301438 0.00397817 0.00462464 -0.000986823 -0.00183269 0.00508304 0.00450638 0.000776933 0.00688819 -0.00805058 0.0191954 0.0173678 -0.0014784 0.00635651 -0.00545886 -0.0169917 0.00534152 0.0150716 -0.000642348 0.00389054 0.00638888
internal_weight=5e+06 1.28774e+06 475927 811816 123936 351991 3.71226e+06 1.31038e+06 2.40188e+06 1.13031e+06 1.01487e+06 976482 2.17338e+06 1.81413e+06 954939 917450 357581 559869 93234 37489 72009 1.7727e+06 228494 115437 41431 487860 49996 1.52848e+06 264347 197334
internal_count=5000000 1287743 475927 811816 123936 351991 3712257 1310378 2401879 1130306 1014869 976482 2173385 1814128 954939 917450 357581 559869 93234 37489 72009 1772697 228494 115437 41431 487860 49996 1528478 264347 197334
cat_boundaries=0 1 2 3 4 5 6
cat_threshold=16320 384 32704 6214 192 2116
is_linear=0
shrinkage=0.1


Tree=96
num_leaves=31
num_cat=2
split_feature=74 76 77 3 83 23 89 4 76 2 77 83 83 23 80 1 21 80 77 1 2 89 1 20 86 0 91 1 2 21
split_gain=282.847 289.986 266.213 305.93 364.974 363.226 389.935 339.206 336.3 314.135 958.254 789.472 559.44 791.706 742.656 490.451 423.461 492.489 411.585 679.817 634.616 694.365 693.391 565.077 585.216 540.874 519.252 400.724 390.025 376.06
threshold=878.50000000000011 0 32.350000381469734 30.349999427795414 27.849999427795414 27.250000000000004 25.250000000000004 24.750000000000004 1 21.050000190734867 20.250000000000004 20.650000572204593 20.250000000000004 18.650000572204593 15.949999809265138 12.050000190734865 24.150000572204593 20.94999980926514 14.650000095367433 13.449999809265138 14.250000000000002 12.250000000000002 9.6500000953674334 12.050000190734865 8.4499998092651385 13.750000000000002 2.3500000238418584 19.250000000000004 2.8500000238418584 15.34999990463257
decision_type=2 1 10 10 10 10 10 8 1 10 10 8 10 10 10 8 10 8 10 8 10 10 10 10 10 2 10 10 8 8
left_child=2 -2 3 4 5 6 9 -6 -7 10 12 -11 13 14 18 -16 17 -13 20 -20 21 23 -23 24 -1 -22 28 -12 -25 -17
right_child=1 -3 -4 -5 7 8 -8 -9 -10 11 27 16 -14 -15 15 29 -18 -19 19 -21 25 22 -24 26 -26 -27 -28 -29 -30 -31
leaf_value=-0.00034198338514647382 -0.011145704673653303 -0.00068342012812788885 0.011849514654530538 -0.0057713827844287184 0.015066782263164082 -0.0084131199536935514 0.0050297685931555659 0.002609414929263042 0.00090753458621591 -0.011131002125927873 0.019908503374684181 -0.0084758779477334331 0.0077271891439412406 -0.0047785316035398899 0.041904527248915857 0.010141815307842339 -0.0045497110577155256 0.0021389762888085954 0.022197616880903132 0.0024261871220436155 -0.013266264888900814 0.02611983380669828 0.0042542204875343778 0.013842357501185447 0.0049801346815041931 -0.0025653081400885359 -0.013508443741867172 0.0060732171286565113 -0.0033982017734840927 0.0018308360433071773
leaf_weight=1658146 45366 63677 19248 88159 28955 95567 161254 89179 65067 81714 26855 49024 93600 328105 3718 93161 198789 403136 19309 175044 60647 16023 152871 13871 236016 213560 51060 94964 242910 131005
leaf_count=1658146 45366 63677 19248 88159 28955 95567 161254 89179 65067 81714 26855 49024 93600 328105 3718 93161 198789 403136 19309 175044 60647 16023 152871 13871 236016 213560 51060 94964 242910 131005
internal_value=-1.07509e-08 -0.00503721 0.000112293 6.59192e-05 0.000173498 3.45039e-05 0.000201123 0.00566275 -0.00463813 2.18591e-05 0.000404933 -0.00186609 0.000100538 -0.000109701 0.000389711 0.00588225 -0.000703059 0.000988095 -5.10999e-05 0.00439048 -0.000377452 0.000149314 0.00632861 -0.00032464 0.000321162 -0.00493206 -0.00429829 0.00912321 -0.00246689 0.00528479
internal_weight=5e+06 109043 4.89096e+06 4.87171e+06 4.78355e+06 4.66542e+06 4.50478e+06 118134 160634 4.34353e+06 3.61086e+06 732663 3.48905e+06 3.39545e+06 3.06734e+06 227884 650949 452160 2.83946e+06 194353 2.6451e+06 2.3709e+06 168894 2.202e+06 1.89416e+06 274207 307841 121819 256781 224166
internal_count=5000000 109043 4890957 4871709 4783550 4665416 4504782 118134 160634 4343528 3610865 732663 3489046 3395446 3067341 227884 650949 452160 2839457 194353 2645104 2370897 168894 2202003 1894162 274207 307841 121819 256781 224166
cat_boundaries=0 1 2
cat_threshold=523776 392216
is_linear=0
shrinkage=0.1


Tree=97
num_leaves=31
num_cat=11
split_feature=74 76 82 76 76 79 2 9 73 48 86 83 82 89 3 75 76 75 76 25 76 75 75 73 76 0 21 2 1 74
split_gain=276.473 483.557 349.985 1460.88 412.878 849.148 799.012 772.487 589.382 457.253 448.281 666.823 497.925 473.708 428.337 532.544 1098.72 1290.56 954.046 698.221 556.31 552.439 520.554 714.085 527.067 491.708 447.925 473.392 433.491 410.591
threshold=18.500000000000004 0 3.3500000238418584 1 2 2.7500000000000004 -12.849999904632567 -13.050000190734862 140.55999755859378 1.7500000000000002 -13.749999999999998 -13.249999999999998 0.15000000223517421 -13.15000009536743 27.250000000000004 3 4 5 6 1.0000000180025095e-35 7 8 9 139.74584960937503 10 -12.849999904632567 29.050000190734867 23.750000000000004 2.8500000238418584 388.50000000000006
decision_type=2 1 10 1 1 10 8 8 2 8 10 10 10 10 10 1 1 1 1 10 1 1 1 2 1 2 8 10 8 2
left_child=1 -1 4 -4 5 6 -2 9 -8 10 11 12 13 -6 15 18 17 -17 22 -19 21 -18 23 24 -9 -22 -27 -28 -25 -10
right_child=2 -3 3 -5 7 -7 8 14 29 -11 -12 -13 -14 -15 -16 16 20 19 -20 -21 25 -23 -24 28 -26 26 27 -29 -30 -31
leaf_value=-0.0024910026581159784 0.050843226052951086 0.0022128137741903365 -0.0087018403804960658 0.0031366322096173026 -0.20211512070372051 -0.0049609366357514853 0.0051722369590018061 -0.014237181623446471 0.00016129319403408227 0.0031904514187570707 -0.018464208408337814 -0.0080514709799568013 -0.058308431572923841 -0.042717795010186799 -0.0060391578080235602 0.0071693900256023547 -0.0023783309689627569 -0.018511062584530766 -0.0036467456872983708 0.012580331655015388 0.049570552211648702 0.0097490004832407346 -0.00013354289580819751 0.045955834825503326 0.0087936836326535563 0.0005278111300692994 0.030005632461865252 0.0012429835853909046 0.016084935223542669 -0.014382352085582554
leaf_weight=275805 3553 1052621 223004 195711 701 144404 447220 13711 143390 2707 2875 1009 982 254 137593 37070 50154 72105 786708 8027 2075 149615 124367 5878 36022 1008987 10713 12283 28005 22451
leaf_count=275805 3553 1052621 223004 195711 701 144404 447220 13711 143390 2707 2875 1009 982 254 137593 37070 50154 72105 786708 8027 2075 149615 124367 5878 36022 1008987 10713 12283 28005 22451
internal_value=-1.35429e-08 0.00123622 -0.000447298 -0.00316857 -9.70103e-05 0.00194162 0.00355815 -0.00071962 0.00328411 -0.030765 -0.0465556 -0.0739701 -0.108308 -0.15972 -0.000616443 -0.000298363 0.000994495 -0.00825783 -0.00205436 -0.0153946 0.00187344 0.00670435 0.0039688 0.0100697 0.00244316 0.000940104 0.000842332 0.0146425 0.0212669 -0.00180758
internal_weight=5e+06 1.32843e+06 3.67157e+06 418715 3.25286e+06 761018 616614 2.49184e+06 613061 8528 5821 2946 1937 955 2.48331e+06 2.34572e+06 1.35103e+06 117202 994691 80132 1.23383e+06 199769 207983 83616 49733 1.03406e+06 1.03198e+06 22996 33883 165841
internal_count=5000000 1328426 3671574 418715 3252859 761018 616614 2491841 613061 8528 5821 2946 1937 955 2483313 2345720 1351029 117202 994691 80132 1233827 199769 207983 83616 49733 1034058 1031983 22996 33883 165841
cat_boundaries=0 1 2 3 4 5 6 7 8 9 10 11
cat_threshold=15872 65472 32256 62 98304 448 98400 1835008 192 48 32
is_linear=0
shrinkage=0.1


Tree=98
num_leaves=31
num_cat=3
split_feature=5 19 0 48 86 80 76 77 74 85 83 5 86 83 1 76 1 17 86 89 5 83 83 1 76 86 80 1 1 83
split_gain=282.116 496.413 487.348 424.506 636.283 380.063 307.88 306.535 289.89 310.2 283.669 512.602 449.955 363.46 805.55 374.038 515.474 611.336 531.38 328.572 311.596 653.643 463.096 696.774 565.49 430.279 346.313 318.524 313.106 336.922
threshold=-8.6500000953674299 -3.4500000476837154 -8.6500000953674299 1.0000000180025095e-35 -13.749999999999998 -9.3499999046325666 0 -13.15000009536743 396.50000000000006 2.8500000238418584 -1.9499999880790708 2.0499999523162846 3.0499999523162846 2.8500000238418584 1.2500000000000002 1 -1.6500000357627866 4.2500000000000009 5.8500001430511483 4.4500000476837167 9.2500000000000018 9.0500001907348651 12.250000000000002 9.6500000953674334 2 12.250000000000002 1.8499999642372134 8.0500001907348651 2.8500000238418584 4.6499998569488534
decision_type=8 10 2 8 8 10 1 8 2 10 8 8 8 10 8 1 10 10 10 10 8 8 10 8 1 10 8 8 8 10
left_child=1 3 5 4 7 -2 -3 -1 10 -10 -4 13 -13 15 -15 16 17 -12 19 -18 22 -22 24 -24 25 28 -26 -27 29 -14
right_child=2 6 8 -5 -6 -7 -8 -9 9 -11 11 12 20 14 -16 -17 18 -19 -20 -21 21 -23 23 -25 26 27 -28 -29 -30 -31
leaf_value=-0.19880649362599395 -0.022253607810983577 0.033144803813429706 -0.0038102545353087798 0.004103414458705725 -0.0082591021686338108 0.0042163945779531463 0.0016826803411191837 -0.062999902243320735 -0.0012997198455780377 -0.0088059043213057891 -0.00025108347519492652 -0.0049753915865897542 0.0037810235710982105 0.033341593637018156 0.0054764268056671245 0.0042835276774436546 -0.011967959554572291 0.034406807078745452 0.02457580802928086 0.014654735530334834 -0.0066871171261896406 0.00018613308807759418 0.043724339627131209 0.0071197217161397992 -0.0056098443437824184 0.0511613091617142 0.0052143697108815775 0.0079486878111245437 -0.003900707296321069 0.040754229351845028
leaf_weight=288 17300 9702 163384 44170 1964 7902 4589 393 548545 61198 19133 169586 20054 12302 66216 261730 59714 6934 4802 5026 145853 2693936 5796 50588 32662 1860 311037 20572 249954 2810
leaf_count=288 17300 9702 163384 44170 1964 7902 4589 393 548545 61198 19133 169586 20054 12302 66216 261730 59714 6934 4802 5026 145853 2693936 5796 50588 32662 1860 311037 20572 249954 2810
internal_value=-1.22922e-08 0.00675306 -8.35641e-05 0.00177319 -0.0371403 -0.013954 0.0230663 -0.120434 -1.24234e-05 -0.00205309 0.000276679 0.000437947 5.63059e-05 0.00368183 0.00984227 0.0023282 -0.00302465 0.00896815 -0.00752045 -0.00990114 0.000297685 -0.000166881 0.002195 0.0108825 0.00142838 -0.00178139 0.00418561 0.0115318 -0.00287611 0.00832505
internal_weight=5e+06 61106 4.93889e+06 46815 2645 25202 14291 681 4.91369e+06 609743 4.30395e+06 4.14056e+06 3.70471e+06 435857 78518 357339 95609 26067 69542 64740 3.53512e+06 2.83979e+06 695333 56384 638949 295250 343699 22432 272818 22864
internal_count=5000000 61106 4938894 46815 2645 25202 14291 681 4913692 609743 4303949 4140565 3704708 435857 78518 357339 95609 26067 69542 64740 3535122 2839789 695333 56384 638949 295250 343699 22432 272818 22864
cat_boundaries=0 1 2 3
cat_threshold=3968 67456 147424
is_linear=0
shrinkage=0.1


Tree=99
num_leaves=31
num_cat=8
split_feature=80 3 73 89 76 75 48 81 48 76 0 56 48 50 22 76 4 89 77 75 76 76 87 76 90 30 21 22 27 49
split_gain=268.609 301.232 512.216 508.031 385.294 2103.4 1173.62 763.544 560.806 1378.97 559.388 503.392 473.707 465.908 448.559 440.244 410.342 604.494 444.615 391.625 1862.29 1624.26 1034.14 688.29 447.248 416.909 376.636 387.21 374.161 371.454
threshold=29.849999427795414 25.750000000000004 141.20420074462893 25.550000190734867 0 1 2.7500000000000004 1.0000000180025095e-35 3.4500000476837163 2 5.8500001430511483 3.4500000476837163 6.3500001430511483 2.7500000000000004 15.34999990463257 3 -5.9500000476837149 -4.4500000476837149 -4.3500001430511466 4 5 6 1.0000000180025095e-35 7 1.0000000180025095e-35 1.0000000180025095e-35 17.44999980926514 29.44999980926514 1.0000000180025095e-35 1.3499999642372134
decision_type=10 10 2 10 1 1 8 10 10 1 2 10 10 10 10 1 8 10 10 1 1 1 10 1 10 10 8 10 10 10
left_child=1 3 26 4 5 6 7 28 11 12 -7 16 29 -11 -12 -14 17 18 -6 20 22 24 23 25 -21 -18 -3 -28 -1 -10
right_child=-2 2 -4 -5 8 10 -8 -9 9 13 14 -13 15 -15 -16 -17 19 -19 -20 21 -22 -23 -24 -25 -26 -27 27 -29 -30 -31
leaf_value=-0.012162439906913581 0.0062409605854679773 -0.025288667199286186 -0.017314192481712228 0.0069448422821300863 0.0012312623452623624 0.002009378509636092 0.0067021192556722016 0.0113944403442093 -0.023417564784647682 -0.0069778329510974055 0.016233524982917073 -0.0032151342815555529 -0.029102941114780762 0.0032784141692225807 0.0064345701410834389 -0.0100771578531779 -0.022491189560209783 0.024932098659678891 0.029166295197571121 0.0070567349732274191 0.0016121824852918286 -0.00093820300355218185 0.0095740327197610924 -0.0069390282156682253 -0.0020619317294688342 0.014513641304750467 -6.0824074885157685e-05 -0.0084491379290428711 0.01008452245140324 -0.0042656693117868686
leaf_weight=145248 68025 6714 22422 107640 68793 90291 68753 16897 10476 51888 98602 370490 14406 302546 88775 78165 44903 16042 6212 467988 857838 926032 33201 253842 60773 3266 342224 65574 7975 303999
leaf_count=145248 68025 6714 22422 107640 68793 90291 68753 16897 10476 51888 98602 370490 14406 302546 88775 78165 44903 16042 6212 467988 857838 926032 33201 253842 60773 3266 342224 65574 7975 303999
internal_value=-3.24298e-09 -8.60827e-05 -0.00259276 0.000157576 -8.94247e-06 0.00255636 -0.00432355 -0.00877977 -0.000351272 -0.00278353 0.00847498 0.000244383 -0.00675438 0.00177688 0.011591 -0.0130422 0.000712352 0.00731319 0.00354487 0.00048538 -0.000857569 0.0015867 -0.00717775 -0.00901956 0.00600857 -0.019978 -0.00179644 -0.00140967 -0.0110045 -0.00490367
internal_weight=5e+06 4.93198e+06 436934 4.49504e+06 4.3874e+06 516541 238873 170120 3.87086e+06 761480 277668 3.10938e+06 407046 354434 187377 92571 2.73889e+06 91047 75005 2.64784e+06 1.19305e+06 1.45479e+06 335212 302011 528761 48169 414512 407798 153223 314475
internal_count=5000000 4931975 436934 4495041 4387401 516541 238873 170120 3870860 761480 277668 3109380 407046 354434 187377 92571 2738890 91047 75005 2647843 1193050 1454793 335212 302011 528761 48169 414512 407798 153223 314475
cat_boundaries=0 1 2 3 4 5 6 7 8
cat_threshold=1835008 124 32736 384 7682 245856 127200 65536
is_linear=0
shrinkage=0.1


Tree=100
num_leaves=31
num_cat=6
split_feature=86 74 4 0 76 72 9 88 76 20 76 1 46 75 83 2 20 76 13 48 77 83 2 73 0 76 89 86 80 0
split_gain=267.715 252.953 400.646 476.213 362.261 525.569 405.517 345.876 381.687 328.072 268.715 251.861 250.116 248.061 240.54 499.133 257.761 230.604 228.544 368.784 218.153 210.047 222.841 182.586 257.698 188.524 184.229 527.691 783.117 308.996
threshold=34.95000076293946 64.500000000000014 28.050000190734867 29.750000000000004 0 36.37919998168946 -0.45000000298023218 2.5499999523162846 1 19.849999427795414 2 -12.849999904632567 1.0000000180025095e-35 3 21.550000190734867 20.250000000000004 27.849999427795414 4 -10.249999999999998 1.6500000357627871 29.650000572204593 -5.0499999523162833 -5.9500000476837149 144.7174987792969 -12.849999904632567 5 -13.15000009536743 -0.25000000745058054 -13.749999999999998 -12.849999904632567
decision_type=10 2 10 2 1 2 10 10 1 8 1 8 10 1 10 8 8 1 8 8 8 8 8 2 2 1 8 8 10 2
left_child=1 4 3 7 5 9 11 14 13 -1 -4 -7 20 17 23 16 -16 -9 19 -6 -11 -13 -23 26 -25 -26 27 -3 -29 -28
right_child=-2 2 10 -5 18 6 -8 8 -10 12 -12 21 -14 -15 15 -17 -18 -19 -20 -21 -22 22 -24 24 25 -27 29 28 -30 -31
leaf_value=0.0050021850788075388 0.030912585492918362 -0.0036815972535944735 -0.020668700080883232 0.013797160017397262 -0.032478032975844388 0.056981385157882924 -0.0072199158559072985 0.0038886133114729412 0.00054611012915237005 -0.0070118850464039309 -0.0049920962888150133 -0.015173833192294279 0.01258430983375676 -0.0035528975071738127 0.012574349707096514 0.0012664740827376571 0.046105794709614151 -0.012450598043244243 0.001408656296831155 0.0045366592262772931 0.00092974640717152649 0.026604375084437665 0.002310804276784277 0.11267620199301503 -0.0060896481530818072 0.015562833077865905 0.019335246764165967 -0.14645318367470847 0.014634448975151971 -0.00060074003475830756
leaf_weight=127566 2800 5323 12566 23182 5165 858 187541 9867 153898 69481 83984 5969 11037 157234 24517 207457 2529 69360 1935768 5621 68879 4243 34294 239 6115 11721 7809 694 534 1763749
leaf_count=127566 2800 5323 12566 23182 5165 858 187541 9867 153898 69481 83984 5969 11037 157234 24517 207457 2529 69360 1935768 5621 68879 4243 34294 239 6115 11721 7809 694 534 1763749
internal_value=-1.20075e-08 -1.73328e-05 -0.000716892 -0.000467317 0.00070625 -0.00166655 -0.0051677 -0.000603902 -0.00333004 0.0012776 -0.00703507 0.00331643 -0.00190271 -0.00585257 -7.9856e-05 0.00293227 0.0157098 -0.0104155 0.00132777 -0.0131883 -0.00305835 0.00228186 0.00498557 -0.000473108 0.00952687 0.00814468 -0.00057476 -0.0173135 -0.0764037 -0.000512863
internal_weight=5e+06 4.9972e+06 2.54078e+06 2.44423e+06 2.45642e+06 509868 232905 2.42105e+06 390359 276963 96550 45364 149397 236461 2.03069e+06 234503 27046 79227 1.94655e+06 10786 138360 44506 38537 1.79618e+06 18075 17836 1.77811e+06 6551 1228 1.77156e+06
internal_count=5000000 4997200 2540778 2444228 2456422 509868 232905 2421046 390359 276963 96550 45364 149397 236461 2030687 234503 27046 79227 1946554 10786 138360 44506 38537 1796184 18075 17836 1778109 6551 1228 1771558
cat_boundaries=0 1 2 3 4 5 6
cat_threshold=15872 196576 263936 7170 131104 262016
is_linear=0
shrinkage=0.1


Tree=101
num_leaves=31
num_cat=4
split_feature=24 76 21 23 0 83 80 3 18 86 77 1 20 23 83 79 69 2 83 77 72 76 17 36 76 9 80 1 76 2
split_gain=251.81 667.357 260.344 264.004 477.62 370.557 276.89 315.488 791.891 594.338 479.402 531.791 518.679 419.307 655.594 554.746 400.431 378.851 374.093 351.921 351.357 319.167 334.596 277.41 629.371 263.651 297.019 585.085 366.948 263.448
threshold=0.75000000000000011 0 34.95000076293946 30.44999980926514 32.049999237060554 29.44999980926514 28.050000190734867 22.349999427795414 28.349999427795414 20.550000190734867 19.050000190734867 18.150000572204593 20.750000000000004 18.349999427795414 16.250000000000004 0.94999998807907116 2.4500000476837163 15.150000095367433 18.349999427795414 22.849999427795414 42.566650390625007 1 11.050000190734865 1.0000000180025095e-35 2 20.250000000000004 10.84999990463257 11.650000095367433 3 20.94999980926514
decision_type=2 1 10 10 2 8 10 10 10 8 10 8 10 10 10 10 10 8 8 8 2 1 8 10 1 8 10 8 1 8
left_child=2 -2 3 4 6 -5 7 8 10 -9 13 -12 -13 14 16 18 25 -16 -15 -14 21 22 -11 -18 -25 26 -1 -28 -29 -10
right_child=1 -3 -4 5 -6 -7 -8 9 29 20 11 12 19 15 17 -17 23 -19 -20 -21 -22 -23 -24 24 -26 -27 27 28 -30 -31
leaf_value=-0.0014614815504553989 -0.0043738844731793028 0.0060651586906874423 0.025040096619982039 -0.018517950886487177 0.022516256948567154 -0.0023646892262505752 0.0054442947278370525 -0.012806004410335782 0.023583940059500621 -0.054310428166340644 0.015953738643694357 0.0067532835658372483 -0.0053317146647928271 -0.0074789000293803594 0.014321661100259869 -0.0098615475198445407 0.0018980438977980716 0.0034149567706640914 0.00059304080524334962 0.0052489374988525569 -0.010355268460692547 0.00058488664004498637 -0.0036626398589213759 -0.019767774197937755 0.00079553671669895562 -0.0058974160148765461 0.010856613698972672 -0.0048165788120867227 0.0036911469050428208 0.0062088977053485102
leaf_weight=1440119 88258 200006 4091 17768 9324 70751 87128 48203 17931 1312 32050 136815 95924 74870 38766 98680 835444 178463 246267 46759 41031 492849 224168 19719 60613 112394 60127 97055 106115 17000
leaf_count=1440119 88258 200006 4091 17768 9324 70751 87128 48203 17931 1312 32050 136815 95924 74870 38766 98680 835444 178463 246267 46759 41031 492849 224168 19719 60613 112394 60127 97055 106115 17000
internal_value=-1.63559e-08 0.00286909 -0.000175548 -0.000197461 -9.37936e-05 -0.00560706 -0.000139526 -0.000247096 0.000142304 -0.00203849 6.48547e-08 0.00375308 0.00235403 -0.000347033 7.39319e-05 -0.00330391 -0.000346548 0.00536133 -0.00128885 -0.0018643 -0.00135499 -0.000840889 -0.00395717 0.00135834 -0.00425448 -0.00120638 -0.000896863 0.00219136 -0.000373078 0.015128
internal_weight=5e+06 288264 4.71174e+06 4.70764e+06 4.61913e+06 88519 4.6098e+06 4.52267e+06 3.71511e+06 807563 3.68018e+06 311548 279498 3.36863e+06 2.94882e+06 419817 2.73159e+06 217229 321137 142683 759360 718329 225480 915776 80332 1.81581e+06 1.70342e+06 263297 203170 34931
internal_count=5000000 288264 4711736 4707645 4619126 88519 4609802 4522674 3715111 807563 3680180 311548 279498 3368632 2948815 419817 2731586 217229 321137 142683 759360 718329 225480 915776 80332 1815810 1703416 263297 203170 34931
cat_boundaries=0 1 2 3 4
cat_threshold=2032 270320 1984 258016
is_linear=0
shrinkage=0.1


Tree=102
num_leaves=31
num_cat=2
split_feature=74 89 3 86 22 23 80 89 3 3 86 83 80 23 83 1 1 77 2 86 1 23 80 76 77 1 1 76 89 9
split_gain=234.979 245.327 243.029 341.741 322.812 300.564 507.653 393.646 285.178 274.904 823.382 648.694 504.567 530.191 550.387 649.515 484.901 355.768 564.256 628.843 805.795 462.149 589.679 437.01 434.331 678.407 404.1 351.628 345.803 340.072
threshold=542.00000000000011 33.649999618530281 31.44999980926514 28.349999427795414 29.44999980926514 25.250000000000004 23.750000000000004 25.349999427795414 21.94999980926514 18.550000190734867 17.550000190734867 17.349999427795414 17.94999980926514 16.650000572204593 14.150000095367433 11.449999809265138 15.949999809265138 14.449999809265138 12.84999990463257 10.449999809265138 6.8500001430511483 9.2500000000000018 7.0499999523162851 0 5.8500001430511483 3.8500000238418584 11.84999990463257 1 17.550000190734867 7.4500000476837167
decision_type=2 10 10 10 10 10 10 8 8 10 10 8 10 10 10 8 10 10 10 10 8 10 8 1 10 8 8 1 8 8
left_child=1 2 3 5 -5 6 9 -7 -8 10 12 -11 13 14 17 -16 -12 18 19 21 -21 24 -23 -22 -1 -26 -19 -17 -13 -20
right_child=-2 -3 -4 4 -6 7 8 -9 -10 11 16 28 -14 -15 15 27 -18 26 29 20 23 22 -24 -25 25 -27 -28 -29 -30 -31
leaf_value=-0.00014718178939582933 -0.0026386413655079682 0.016141753791900304 -0.0066711041953585529 0.010352793633229513 -0.00063792606272747689 -0.0075862678005438073 0.015958932943755385 -0.00057862207586789084 0.0041034508115207367 -0.010444129523699722 0.02017656370560187 -0.0082131068856932544 0.00917942047710903 -0.0043488695372718216 0.033121311147349002 0.014184683072105653 0.0051262750423592138 0.036904269041748365 -0.015629777118364534 0.037265342116006094 0.015896154730928046 -0.012094274313217176 -0.0015282569946138409 0.0022996942155924377 0.030220159706006802 0.0034586145294695594 0.0051282285704816691 0.0023249583854594038 -8.6800790975580887e-05 -0.0035173121959201654
leaf_weight=1312701 316160 9607 51727 63623 46078 111222 23889 287034 134669 72788 25156 55997 60986 256380 8283 30435 143660 4266 26158 7878 28331 64935 283090 142575 9927 206930 64698 139851 807390 203576
leaf_count=1312701 316160 9607 51727 63623 46078 111222 23889 287034 134669 72788 25156 55997 60986 256380 8283 30435 143660 4266 26158 7878 28331 64935 283090 142575 9927 206930 64698 139851 807390 203576
internal_value=-1.82871e-08 0.000178089 0.000145279 0.000221556 0.00573633 8.74982e-05 0.0003414 -0.00253567 0.00588965 0.000119023 0.000583166 -0.00137816 0.000181358 -1.53275e-05 0.000423186 0.00577574 0.00736898 1.73379e-05 -0.000196137 0.000328976 0.00599601 -0.000210641 -0.00349968 0.00455464 0.000537725 0.00468367 0.00709384 0.0044456 -0.000613852 -0.00489646
internal_weight=5e+06 4.68384e+06 4.67423e+06 4.62251e+06 109701 4.5128e+06 4.11455e+06 398256 158558 3.95599e+06 3.01982e+06 936175 2.851e+06 2.79001e+06 2.53363e+06 178569 168816 2.35506e+06 2.2861e+06 2.05637e+06 178784 1.87758e+06 348025 170906 1.52956e+06 216857 68964 170286 863387 229734
internal_count=5000000 4683840 4674233 4622506 109701 4512805 4114549 398256 158558 3955991 3019816 936175 2851000 2790014 2533634 178569 168816 2355065 2286101 2056367 178784 1877583 348025 170906 1529558 216857 68964 170286 863387 229734
cat_boundaries=0 1 2
cat_threshold=4128768 4063232
is_linear=0
shrinkage=0.1


Tree=103
num_leaves=31
num_cat=11
split_feature=85 76 75 76 72 72 7 83 74 76 75 76 81 75 91 76 5 1 76 75 8 48 17 35 72 48 48 13 75 74
split_gain=235.925 1244.28 511.615 386.715 364.32 331.023 267.449 264.664 343.44 246.599 904.743 1000.1 861.329 824.743 709.692 688.538 617.997 582.658 521.835 998.513 523.211 501.122 494.56 479.664 451.971 415.917 412.599 397.624 378.852 377.415
threshold=2.3500000238418584 0 1 2 30.90164947509766 44.288349151611335 9.8499999046325701 -10.550000190734862 176.50000000000003 3 4 5 1.0000000180025095e-35 6 1.9499999880790713 7 -12.949999809265135 -3.0499999523162837 8 9 22.750000000000004 2.3500000238418584 17.349999427795414 1.0000000180025095e-35 36.902500152587898 2.1499999761581425 0.45000000298023229 3.0499999523162846 10 12.500000000000002
decision_type=10 1 1 1 2 2 8 8 2 1 1 1 10 1 10 1 8 8 1 1 10 8 10 8 2 10 10 10 1 2
left_child=9 2 -2 -4 -3 7 -5 8 -6 10 11 -1 13 15 17 25 26 28 19 -15 24 -21 -14 29 -20 27 -17 -11 -12 -13
right_child=1 4 3 6 5 -7 -8 -9 -10 12 14 23 22 18 -16 16 -18 -19 20 21 -22 -23 -24 -25 -26 -27 -28 -29 -30 -31
leaf_value=-0.010444456936547362 -0.011122770321989384 0.0092910560433279773 -0.0073306545261290802 0.0020368751819418206 -0.056160327502170072 0.010221636753932799 -0.0035792515531038794 0.0006652685684921854 0.021781243333222729 -0.02763549248444104 0.012246399736149305 0.010168015384466433 0.0094398415397814218 0.0067090597613046477 -0.00096729784616341309 -0.12018709034696956 -0.0020606177721412748 0.004049424078108199 0.00049124175248517574 -0.024505549803569976 -0.0017913813948442769 -0.002346957884226395 -0.00030266481401710151 -0.012557474174306381 0.0052455305261830147 -0.0034440209126986284 -0.021552153109846643 -0.010527815273419436 0.041133684785014876 6.4278260985808469e-05
leaf_weight=118494 95721 62249 154140 141564 1773 37703 211449 480915 830 20152 16170 46123 135578 30300 339092 711 749369 740338 427725 29277 379602 15668 84629 24814 375504 44734 1051 41697 6320 186308
leaf_count=118494 95721 62249 154140 141564 1773 37703 211449 480915 830 20152 16170 46123 135578 30300 339092 711 749369 740338 427725 29277 379602 15668 84629 24814 375504 44734 1051 41697 6320 186308
internal_value=-9.51572e-09 -0.0012316 -0.00441759 -0.00315185 0.00206038 0.00119686 -0.00132706 0.000493144 -0.0313077 0.000383112 0.00139416 -0.00284327 -0.000256441 -0.000875923 0.00283908 -0.00326704 -0.00219968 0.00453112 0.000754283 -0.00732004 0.00126798 -0.0167772 0.00569564 0.000658311 0.00271384 -0.0107883 -0.0613532 -0.0161019 0.0203879 0.00206924
internal_weight=5e+06 1.18634e+06 602874 507153 583470 521221 353013 483518 2603 3.81366e+06 1.47766e+06 375739 2.336e+06 2.11579e+06 1.10192e+06 857714 751131 762828 1.25808e+06 75245 1.18283e+06 44945 220207 257245 803229 106583 1762 61849 22490 232431
internal_count=5000000 1186344 602874 507153 583470 521221 353013 483518 2603 3813656 1477659 375739 2335997 2115790 1101920 857714 751131 762828 1258076 75245 1182831 44945 220207 257245 803229 106583 1762 61849 22490 232431
cat_boundaries=0 1 2 3 4 5 6 7 8 9 10 11
cat_threshold=65472 6144 1920 65472 6146 32960 572 393216 65536 448 4
is_linear=0
shrinkage=0.1


Tree=104
num_leaves=31
num_cat=11
split_feature=74 91 83 3 48 0 83 76 73 76 75 76 76 26 76 75 73 75 4 75 21 73 76 82 75 3 90 72 16 28
split_gain=223.816 336.967 282.539 473.343 335.506 476.598 315.633 281.91 277.464 1329.23 900.523 856.007 730.262 579.211 443.791 897.406 474.31 436.471 409.988 371.119 346.864 336.758 333.253 327.865 327.576 305.727 284.686 273.05 272.646 268.415
threshold=197.50000000000003 2.7500000000000004 -8.9499998092651349 -10.249999999999998 1.1500000357627871 -12.849999904632567 -13.249999999999998 0 139.97914886474612 1 2 3 4 1.0000000180025095e-35 5 6 135.00580596923831 7 6.6499998569488534 8 5.8500001430511483 132.98250579833987 9 2.1499999761581425 10 24.150000572204593 1.0000000180025095e-35 40.354150772094734 9.0500001907348651 1.0000000180025095e-35
decision_type=2 10 8 8 10 2 10 1 2 1 1 1 1 10 1 1 2 1 8 1 10 2 1 10 1 10 10 2 10 10
left_child=2 -2 4 -4 7 6 -6 -1 11 10 13 18 23 26 15 21 20 -12 28 22 -17 -13 24 27 -14 -21 -10 -11 -5 -20
right_child=1 -3 3 8 5 -7 -8 -9 9 12 17 14 19 -15 -16 16 -18 -19 29 25 -22 -23 -24 -25 -26 -27 -28 -29 -30 -31
leaf_value=-0.0077952372642959289 -0.00050120404147247887 -0.005278627532084414 0.019073873488724202 0.0080045851797975725 0.013204377385417529 -0.0086402486720103741 0.077600764214805912 -0.037886146749478281 0.036082004865884802 0.00085451709437857912 -0.0034837076076211894 -0.0038393736889711805 0.01428158638002483 -0.027016851228526446 0.00031306962852171598 0.00051284433916190932 -0.0028047534000421397 0.010531366106176391 0.0023340435434123273 -0.00073714886468885076 -0.017973990397211162 0.014069580159198717 0.0013369931325010959 -0.0069681003700474741 0.00089164468493770251 -0.013363840238860418 -0.028121062285172128 -0.0046771019708892365 0.024390428333824425 0.0091149882141457524
leaf_weight=6767 1219457 167975 13664 75359 2746 14844 1053 5785 18128 161038 34616 16975 46038 1718 1153549 12279 62320 62040 648539 391292 58515 27525 228696 241876 30303 20164 718 200136 11736 64149
leaf_count=6767 1219457 167975 13664 75359 2746 14844 1053 5785 18128 161038 34616 16975 46038 1718 1153549 12279 62320 62040 648539 391292 58515 27525 228696 241876 30303 20164 718 200136 11736 64149
internal_value=-2.32975e-09 -0.0010796 0.000414625 0.000497162 -0.00906112 -0.000551576 0.0310537 -0.0217 0.000426015 -0.00064798 0.00955671 0.00115014 -0.00155456 0.0285549 -0.000403409 -0.00505647 -0.00916621 0.00551222 0.00373584 0.000603677 -0.0147675 0.00723639 0.00324686 -0.00411877 0.00896736 -0.00135591 0.033636 -0.0022107 0.0102126 0.0029444
internal_weight=5e+06 1.38743e+06 3.61257e+06 3.58137e+06 31195 18643 3799 12552 3.56771e+06 1.43676e+06 117220 2.13095e+06 1.31954e+06 20564 1.33116e+06 177614 133114 96656 799783 716493 70794 44500 305037 603050 76341 411456 18846 361174 87095 712688
internal_count=5000000 1387432 3612568 3581373 31195 18643 3799 12552 3567709 1436763 117220 2130946 1319543 20564 1331163 177614 133114 96656 799783 716493 70794 44500 305037 603050 76341 411456 18846 361174 87095 712688
cat_boundaries=0 1 2 3 4 5 6 7 8 9 10 11
cat_threshold=32508 96 48 2089216 261888 96 224 6150 7936 786560 3584
is_linear=0
shrinkage=0.1


Tree=105
num_leaves=31
num_cat=4
split_feature=5 86 77 2 77 1 89 2 80 5 0 77 1 76 16 1 2 32 0 83 80 3 77 76 83 3 76 83 2 76
split_gain=224.107 566.258 541.657 513.956 443.055 395.854 317.741 340.086 293.901 405.888 569.208 311.854 531.675 317.426 691.443 372.773 310.767 308.215 307.776 299.309 284.435 467.777 639.467 402.503 439.11 363.575 424.288 362.949 710.787 536.398
threshold=-4.7499999999999991 -4.2499999999999991 -4.3500001430511466 -7.5499999523162833 -4.3500001430511466 -6.6499998569488517 -6.1499998569488517 -12.849999904632567 -1.9499999880790708 3.0499999523162846 2.4500000476837163 2.2500000000000004 1.8499999642372134 0 7.0499999523162851 -1.6500000357627866 -2.1499999761581416 1.0000000180025095e-35 -1.8499999642372129 3.0499999523162846 6.4500000476837167 9.6500000953674334 9.6500000953674334 1 11.250000000000002 7.0499999523162851 2 15.750000000000002 16.849999427795414 3
decision_type=8 10 8 8 10 10 10 8 8 8 2 10 10 1 10 10 10 10 2 10 8 8 8 1 10 8 1 8 10 1
left_child=1 4 -2 -3 6 -6 -1 -8 -4 11 -11 13 -13 14 16 -16 18 -17 -10 -18 25 23 -23 -22 -25 26 -12 28 29 -24
right_child=2 3 8 -5 5 -7 7 -9 9 10 20 12 -14 -15 15 17 19 -19 -20 -21 21 22 27 24 -26 -27 -28 -29 -30 -31
leaf_value=-0.0040086751167212322 -0.011300857873423551 0.046075168231038292 -0.0051306783870651374 0.010190203065809745 0.057416436288301891 0.010381453684134317 0.067649574281378869 0.0062335610811847814 -0.0084364053229838212 -0.0067906164586654426 -0.011275071718119062 0.01827881460846608 0.0032475656388804724 0.0028129988597598776 0.039455883595334196 0.0076231243476954204 -0.013078068312300432 -0.056304867335201542 0.016798789582279618 0.0039317919176510971 0.0079176049109865587 -0.0085438112848748634 -0.0069623249249404981 0.00026349113988630499 0.010243985029965087 -0.0085816999717051052 0.0016353122167108857 0.00047320142034120707 -0.012520961943374875 0.00070294464714132279
leaf_weight=95386 42989 4594 110176 30416 2092 12368 935 25258 9821 129588 30880 30946 98220 366222 3743 26814 62110 776 9516 12412 122171 91417 119439 381739 49838 85700 144683 2451367 61106 387278
leaf_count=95386 42989 4594 110176 30416 2092 12368 935 25258 9821 129588 30880 30946 98220 366222 3743 26814 62110 776 9516 12412 122171 91417 119439 381739 49838 85700 144683 2451367 61106 387278
internal_value=-6.45677e-09 0.0035572 -0.000126008 0.014899 0.000638355 0.0171862 -0.00132977 0.0084259 -2.56323e-05 9.46584e-05 -0.000269817 0.00247634 0.0068488 0.00132705 -0.00301973 0.00984257 -0.00731389 0.00582508 0.00398218 -0.010245 -5.45598e-05 0.000172729 -0.000303981 0.00285058 0.00141599 -0.0032424 -0.000636061 -5.44902e-05 -0.0023326 -0.00110397
internal_weight=5e+06 171049 4.82895e+06 35010 136039 14460 121579 26193 4.78596e+06 4.67579e+06 4.05521e+06 620580 129166 491414 125192 31333 93859 27590 19337 74522 3.92562e+06 3.66436e+06 3.11061e+06 553748 431577 261263 175563 3.01919e+06 567823 506717
internal_count=5000000 171049 4828951 35010 136039 14460 121579 26193 4785962 4675786 4055206 620580 129166 491414 125192 31333 93859 27590 19337 74522 3925618 3664355 3110607 553748 431577 261263 175563 3019190 567823 506717
cat_boundaries=0 1 2 3 4
cat_threshold=67456 8224768 8064 16320
is_linear=0
shrinkage=0.1


Tree=106
num_leaves=31
num_cat=4
split_feature=20 74 76 88 76 4 89 80 77 1 20 89 79 2 20 77 45 76 80 3 83 1 23 77 4 89 1 76 0 80
split_gain=216.232 209.24 233.572 205.851 1285.76 222.485 676.557 490.842 377.572 715.197 345.904 614.982 488.541 335.575 325.72 342.302 304.141 302.197 300.996 489.378 496.262 573.312 382.201 387.321 373.795 426.212 504.326 333.427 326.671 321.178
threshold=35.250000000000007 878.50000000000011 0 4.1499998569488534 1 20.150000572204593 21.349999427795414 19.94999980926514 17.150000572204593 16.150000572204593 13.34999990463257 11.250000000000002 1.2500000000000002 18.650000572204593 17.750000000000004 20.849999427795414 1.0000000180025095e-35 2 12.650000095367433 11.250000000000002 7.2500000000000009 2.8500000238418584 9.0500001907348651 5.2500000000000009 5.8500001430511483 2.0499999523162846 -1.2499999999999998 3 3.0499999523162846 0.84999999403953563
decision_type=10 2 1 10 1 8 10 8 10 10 10 10 10 8 8 10 8 1 10 10 10 8 8 10 8 10 8 1 2 10
left_child=1 3 -3 5 -5 6 8 -7 10 -10 11 18 -12 -8 -11 -16 -9 -18 19 20 22 -22 23 24 25 29 27 -27 -26 -1
right_child=-2 2 -4 4 -6 7 13 16 9 14 12 -13 -14 -15 15 -17 17 -19 -20 -21 21 -23 -24 -25 28 26 -28 -29 -30 -31
leaf_value=-0.0014678375642061894 0.026522566843148826 -0.0098309653419588871 -0.00044140065064996641 -0.0070070977362266668 0.0040614622977906681 -0.0069611424898366808 0.021333319199186958 -0.00071506982091734499 0.020053137912658808 0.0076836972540589177 -0.00019575519855931692 0.0056293210541077717 -0.0060383658193323489 0.0061890366230749339 -0.0034167601995849887 0.0075729890392978519 0.011713462230139646 0.00079009966241086081 0.0073466215647984964 -0.0050753300601517927 0.046103586679907896 0.0044104272764276808 -0.0053856172239428535 0.0052831986931617999 -0.014267935222123301 0.054968747149676915 0.0038574256638177259 0.0096610646548313285 -0.0025806832067040136 0.0038910525744860255
leaf_weight=619939 3072 45366 63677 233163 190839 118308 18724 1075743 25662 76253 573175 236949 190742 66944 103670 39006 40228 68362 57328 172550 3352 205045 126797 142556 28347 3225 178234 3293 152994 136457
leaf_count=619939 3072 45366 63677 233163 190839 118308 18724 1075743 25662 76253 573175 236949 190742 66944 103670 39006 40228 68362 57328 172550 3352 205045 126797 142556 28347 3225 178234 3293 152994 136457
internal_value=-6.84425e-09 -1.63123e-05 -0.00434876 8.03394e-05 -0.00202532 0.000280346 0.000733532 -0.000819445 0.000489375 0.00425889 0.000163697 0.000835675 -0.00165459 0.00949904 0.00240755 -0.000412287 -0.000205926 0.00483789 0.000215032 -1.55874e-05 0.000529993 0.00508105 -0.000151425 0.000373204 -0.000250365 0.000550658 0.00485656 0.0321777 -0.00440762 -0.000501071
internal_weight=5e+06 4.99693e+06 109043 4.88788e+06 424002 4.46388e+06 3.16124e+06 1.30264e+06 3.07557e+06 244591 2.83098e+06 2.06707e+06 763917 85668 218929 142676 1.18433e+06 108590 1.83012e+06 1.77279e+06 1.60024e+06 208397 1.39184e+06 1.26504e+06 1.12249e+06 941148 184752 6518 181341 756396
internal_count=5000000 4996928 109043 4887885 424002 4463883 3161242 1302641 3075574 244591 2830983 2067066 763917 85668 218929 142676 1184333 108590 1830117 1772789 1600239 208397 1391842 1265045 1122489 941148 184752 6518 181341 756396
cat_boundaries=0 1 2 3 4
cat_threshold=523776 65504 130816 8064
is_linear=0
shrinkage=0.1


Tree=107
num_leaves=31
num_cat=6
split_feature=83 88 86 76 50 72 2 87 76 29 48 24 79 22 0 76 73 2 26 78 76 0 90 73 76 23 76 77 81 71
split_gain=215.309 211.341 303.192 292.349 359.99 325.888 285.05 370.66 262.458 1094.18 970.706 679.612 562.847 548.948 499.953 523.214 490.072 477.706 432.525 422.244 415.158 397.394 380.027 368.928 443.323 418.078 349.73 325.449 310.741 307.693
threshold=34.850000381469734 1.1500000357627871 -8.0500001907348615 0 1.6500000357627871 37.996650695800788 14.250000000000002 1.0000000180025095e-35 1 1.0000000180025095e-35 1.1500000357627871 1.0000000180025095e-35 1.8499999642372134 29.44999980926514 11.050000190734865 2 129.87249755859378 -5.9500000476837149 1.0000000180025095e-35 1.0000000180025095e-35 3 32.350000381469734 1.0000000180025095e-35 143.1683044433594 4 -2.4500000476837154 5 -2.8500000238418575 1.0000000180025095e-35 1.9499999880790713
decision_type=10 8 8 1 10 2 10 10 1 10 10 2 10 10 2 1 2 10 10 10 1 2 10 2 1 8 1 10 10 8
left_child=1 3 -3 4 5 -1 7 -6 9 10 17 13 19 16 15 -11 -10 27 21 22 -20 23 28 25 -25 -18 -13 -4 -12 -27
right_child=-2 2 8 -5 6 -7 -8 -9 11 14 12 26 -14 -15 -16 -17 18 -19 20 -21 -22 -23 -24 24 -26 29 -28 -29 -30 -31
leaf_value=0.0053428711252857392 0.026367349297164451 -0.011050192447376402 0.018075769873907761 0.00044179128266586389 0.020230887792860513 -0.0047908411984912188 0.0023323144296882588 -0.01516516897335808 0.00633239845804855 -0.0095575868298711317 0.0013871814890090133 0.0093053217384438305 -0.0064727137041829703 -0.0093277001796131173 -0.0051974342083601329 -0.030502035546418713 0.0060728068392478726 0.003237757861985842 0.014494560481507171 -0.012309784133590261 0.0012010578656555754 0.026717412879904312 -0.017372963097339877 -0.014264107774390964 -0.002105273912942008 -0.0018195876400419191 0.0019412956561045047 0.075126492284737445 -0.019522852371495619 0.00071718752697217617
leaf_weight=95666 3095 26403 11740 945690 31889 47487 21514 3261 114783 28031 365422 111424 247237 65424 67402 20793 95786 303754 36795 27929 64973 5289 11634 41853 105749 1078677 153135 1093 7248 858824
leaf_count=95666 3095 26403 11740 945690 31889 47487 21514 3261 114783 28031 365422 111424 247237 65424 67402 20793 95786 303754 36795 27929 64973 5289 11634 41853 105749 1078677 153135 1093 7248 858824
internal_value=6.62394e-09 -1.63249e-05 -0.000371001 0.00117616 0.0046515 0.0019813 0.0113982 0.0169471 -0.000297285 -0.0016075 -0.00051534 0.000226421 -0.00270036 -0.000289887 -0.0107795 -0.0184855 -4.37956e-05 0.00403619 -0.00036368 -0.000437888 0.00600897 -0.000660331 0.000424893 -0.000726726 -0.00555406 -0.000376297 0.00504322 0.0229348 0.000980506 -0.000695127
internal_weight=5e+06 4.9969e+06 3.8514e+06 1.14551e+06 199817 143153 56664 35150 3.825e+06 1.09228e+06 976057 2.73271e+06 659470 2.46815e+06 116226 48824 2.40273e+06 316587 2.28795e+06 412233 101768 2.18618e+06 384304 2.18089e+06 147602 2.03329e+06 264559 12833 372670 1.9375e+06
internal_count=5000000 4996905 3851398 1145507 199817 143153 56664 35150 3824995 1092283 976057 2732712 659470 2468153 116226 48824 2402729 316587 2287946 412233 101768 2186178 384304 2180889 147602 2033287 264559 12833 372670 1937501
cat_boundaries=0 1 2 3 4 5 6
cat_threshold=1920 4048 3152 2064384 245760 1040384
is_linear=0
shrinkage=0.1


Tree=108
num_leaves=31
num_cat=2
split_feature=77 23 86 83 76 76 25 80 3 77 2 21 86 23 89 17 1 77 21 20 77 91 2 89 1 77 20 89 2 23
split_gain=223.318 224.195 322.553 317.386 294.122 277.119 300.641 256.781 217.302 273.064 335.591 586.949 554.959 403.516 646.65 431.155 422.501 391.161 465.623 353.668 545.21 441.702 366.015 346.896 350.289 329.475 316.572 293.293 290.245 285.231
threshold=31.050000190734867 27.849999427795414 28.349999427795414 26.250000000000004 0 1 1.0000000180025095e-35 28.050000190734867 29.150000572204593 24.849999427795414 22.050000190734867 15.550000190734865 21.750000000000004 20.349999427795414 16.650000572204593 26.849999427795414 15.150000095367433 21.150000572204593 24.150000572204593 13.050000190734865 10.050000190734865 1.7500000000000002 11.650000095367433 10.449999809265138 8.8499999046325701 12.250000000000002 17.849999427795414 17.750000000000004 2.8500000238418584 6.2500000000000009
decision_type=10 10 8 10 1 1 10 8 10 10 10 8 10 10 10 8 8 8 8 10 10 10 8 8 8 10 8 8 8 8
left_child=1 3 5 8 -5 -3 -7 -4 9 10 12 -12 13 14 19 27 -16 -13 -19 20 29 28 -22 -23 -25 -24 -18 -15 -21 -1
right_child=-2 2 7 4 -6 6 -8 -9 -10 -11 11 17 -14 15 16 -17 26 18 -20 21 22 23 25 24 -26 -27 -28 -29 -30 -31
leaf_value=0.00072208383742255154 0.0072802237651293294 0.00060871932779806806 -0.009039479184418997 -0.0013075956025669644 0.008040993603166232 -0.016238811834025382 0.0053196518786917772 0.0013595635492014467 -0.0081807228212719477 0.0043727251050243417 -0.018834357812921296 -0.011937633421426938 0.0071796116004336609 -0.011889036728969377 0.015165532758968855 0.0077519785497047015 0.0059239693919252434 0.0011562498255307293 -0.0054508514497660547 0.017256089963184097 0.0094794104600398055 -0.015235140752097743 -0.0050555958539813539 0.020884001663435237 -0.0051997939752901831 0.0044617360308818292 -0.0002059127196482729 -0.0032314713923355465 -0.0010110849267591156 -0.0017802959446344341
leaf_weight=1324356 41782 22074 29205 52590 93462 41532 7662 127017 32717 138361 21098 35539 110206 46763 32249 31102 188929 317481 160628 8828 98144 35789 49520 5355 133545 137020 152057 239726 590963 694300
leaf_count=1324356 41782 22074 29205 52590 93462 41532 7662 127017 32717 138361 21098 35539 110206 46763 32249 31102 188929 317481 160628 8828 98144 35789 49520 5355 133545 137020 152057 239726 590963 694300
internal_value=1.50769e-10 -6.1349e-05 -0.00312778 8.61087e-05 0.00467524 -0.00870276 -0.0128784 -0.000584491 -6.00852e-05 -1.7185e-06 -0.000138852 -0.00248733 0.000184914 -1.96311e-05 0.000294272 -0.00343062 0.00422515 -0.00181588 -0.00106351 -0.000182409 0.000439179 -0.00203104 0.00453605 -0.00645618 -0.00419419 0.00193521 0.00319045 -0.00464463 -0.00074222 -0.000138589
internal_weight=5e+06 4.95822e+06 227490 4.73073e+06 146052 71268 49194 156222 4.58468e+06 4.55196e+06 4.4136e+06 534746 3.87885e+06 3.76865e+06 3.45106e+06 317591 373235 513648 478109 3.07782e+06 2.30334e+06 774480 284684 174689 138900 186540 340986 286489 599791 2.01866e+06
internal_count=5000000 4958218 227490 4730728 146052 71268 49194 156222 4584676 4551959 4413598 534746 3878852 3768646 3451055 317591 373235 513648 478109 3077820 2303340 774480 284684 174689 138900 186540 340986 286489 599791 2018656
cat_boundaries=0 1 2
cat_threshold=2031728 16253415
is_linear=0
shrinkage=0.1


Tree=109
num_leaves=31
num_cat=6
split_feature=74 0 48 89 85 77 91 73 19 2 80 88 73 76 7 77 6 76 89 27 76 48 50 76 22 75 76 84 48 72
split_gain=220.568 321.257 597.902 495.709 470.094 481.389 323.702 249.064 214.104 261.419 207.247 193.869 188.588 545.172 323.826 381.179 316.481 290.006 327.635 302.304 639.133 330.223 762.625 398.012 333.082 304.924 357.783 291.57 288.662 279.428
threshold=249.50000000000003 -12.849999904632567 0.45000000298023229 -13.15000009536743 1.0000000180025095e-35 -13.15000009536743 1.8499999642372134 143.05250549316409 29.050000190734867 21.44999980926514 34.649999618530281 0.45000000298023229 141.93664550781253 0 -13.15000009536743 -13.15000009536743 -0.15000000223517415 1 29.44999980926514 1.0000000180025095e-35 2 1.7500000000000002 1.9499999880790713 3 30.250000000000004 4 5 1.0000000180025095e-35 1.1500000357627871 34.788349151611335
decision_type=2 2 10 10 10 8 10 2 8 8 10 8 2 1 8 10 8 1 10 10 1 8 8 1 10 1 1 10 8 2
left_child=10 2 3 4 5 11 8 -4 -3 -10 12 -2 16 14 15 -14 -1 19 28 21 -21 22 -18 25 29 26 -24 -25 -19 -23
right_child=1 6 7 -5 -6 -7 -8 -9 9 -11 -12 -13 13 -15 -16 -17 17 18 -20 20 -22 24 23 27 -26 -27 -28 -29 -30 -31
leaf_value=0.0043216292484756875 -0.39786175925816814 -0.00072707247666763 0.033133099530710253 0.057525566686674516 0.0025457753686762585 -0.050206772086185125 -0.0047732260909481251 0.099926678837224253 0.028988102917487213 0.0027250272952681251 0.030834410832267289 -0.17858421182415141 -0.05554755615145808 -0.002658857245360669 0.0082851395556769077 0.063551368560095176 0.00166980422875208 0.0011281431038232125 0.0084721647192528074 -0.01385838071148042 0.009252655449890252 0.0054616105232069547 0.0042372200138228672 -0.012608493322064219 -0.010800770263721317 0.004573703808393872 -0.027710631203335053 0.016101315405104951 -0.0014654203925174086 0.0011508604885476744
leaf_weight=214742 56 845704 1336 685 841 403 221967 959 5256 13589 2229 144 1508 456819 63731 327 323250 648894 40771 13587 99862 255427 6599 82425 18201 36773 7469 3696 1267148 365602
leaf_count=214742 56 845704 1336 685 841 403 221967 959 5256 13589 2229 144 1508 456819 63731 327 323250 648894 40771 13587 99862 255427 6599 82425 18201 36773 7469 3696 1267148 365602
internal_value=1.6049e-09 -0.00125725 0.0256356 -0.0125334 -0.0457678 -0.11315 -0.00136675 0.0610438 -0.00049216 0.01005 0.000350875 -0.239982 0.000333483 -0.00143497 0.00709156 -0.0343239 0.000606442 0.000354744 -0.000398319 0.00156969 0.0064844 0.00106256 -0.000979961 -0.00723379 0.00253307 -0.000216505 -0.0127322 -0.0113751 -0.000587074 0.00292386
internal_weight=5e+06 1.09094e+06 4424 2129 1444 603 1.08652e+06 2295 864549 18845 3.90906e+06 200 3.90683e+06 522385 65566 1835 3.38445e+06 3.1697e+06 1.95681e+06 1.21289e+06 113449 1.09944e+06 460212 136962 639230 50841 14068 86121 1.91604e+06 621029
internal_count=5000000 1090940 4424 2129 1444 603 1086516 2295 864549 18845 3909060 200 3906831 522385 65566 1835 3384446 3169704 1956813 1212891 113449 1099442 460212 136962 639230 50841 14068 86121 1916042 621029
cat_boundaries=0 1 2 3 4 5 6
cat_threshold=112 4178048 128 2211968 7168 2113664
is_linear=0
shrinkage=0.1


Tree=110
num_leaves=31
num_cat=4
split_feature=24 70 76 75 73 76 75 0 23 80 80 86 2 19 21 83 86 1 45 86 1 3 80 1 23 0 1 89 1 89
split_gain=202.329 195.526 335.192 511.423 288.961 437.428 278.281 254.532 232.284 630.302 599.067 340.537 479.222 504.756 361.585 688.625 402.788 360.198 313.254 306.94 332.782 312.305 376.931 452.901 318.625 574.987 539.155 309.257 337.459 304.243
threshold=5.2500000000000009 0.65000000596046459 0 1 135.43164825439456 2 3 -8.6500000953674299 14.84999990463257 15.150000095367433 16.849999427795414 19.050000190734867 19.44999980926514 26.750000000000004 22.150000572204593 23.650000572204593 25.550000190734867 20.250000000000004 1.0000000180025095e-35 12.84999990463257 7.4500000476837167 12.449999809265138 9.6500000953674334 8.6500000953674334 7.2500000000000009 1.8499999642372134 1.6500000357627871 9.0500001907348651 5.6499998569488534 4.2500000000000009
decision_type=2 8 1 1 2 1 1 2 8 10 8 8 8 10 10 8 8 8 10 10 8 10 10 8 8 2 8 10 8 10
left_child=1 2 3 -1 5 -5 7 -4 9 19 -10 17 13 -13 -14 -16 -17 -12 -18 21 -21 22 24 -24 29 -26 -27 -28 -29 -3
right_child=-2 8 6 4 -6 -7 -8 -9 10 -11 11 12 14 -15 15 16 18 -19 -20 20 -22 -23 23 -25 25 26 27 28 -30 -31
leaf_value=-0.0092225854365908504 0.0072452066208422974 0.00032019743411247355 -0.027833617727021559 -0.017134614816859753 0.0050433143080592345 0.0085379931404649355 0.00092072990136885142 -0.0029213409470602637 -0.0053416870260100634 0.0091797506506216351 -0.0018448718997978696 0.0036510640741557834 0.0024735417977892337 0.023880844291967074 -0.0075527485388127832 -0.0041811756642027784 0.00084249430919789521 -0.013450855309487815 0.011328665157078499 0.044716820687823206 0.0043581260481997024 -0.0036818592547290876 0.017784959034501707 0.0029759320688864739 -0.017959844918802582 0.029169385268580556 -0.003252067426442436 0.031982847683592344 0.0020770211436636297 0.0045561377822616591
leaf_weight=117947 38249 903515 4185 17392 56970 10723 502972 204926 229554 89585 254329 236663 370763 13012 144575 167983 471491 29883 30320 2071 151562 182092 25245 113495 21717 5742 301244 3940 89124 208731
leaf_count=117947 38249 903515 4185 17392 56970 10723 502972 204926 229554 89585 254329 236663 370763 13012 144575 167983 471491 29883 30320 2071 151562 182092 25245 113495 21717 5742 301244 3940 89124 208731
internal_value=-3.78681e-09 -5.58555e-05 -0.00137592 -0.00496 0.000949284 -0.0073462 -0.000353931 -0.00341975 0.000242666 0.000972815 -0.000543498 9.72411e-05 0.000723662 0.00470535 -0.000115172 -0.00129375 5.72522e-05 -0.00306516 0.00147608 0.000606757 0.00490217 0.000250977 0.000679097 0.00567057 0.000227655 -0.00211274 -0.00125247 -0.00169548 0.00334313 0.00111514
internal_weight=5e+06 4.96175e+06 915115 203032 85085 28115 712083 209111 4.04664e+06 2.09806e+06 1.94857e+06 1.71902e+06 1.43481e+06 249675 1.18513e+06 814369 669794 284212 501811 2.00848e+06 153633 1.85484e+06 1.67275e+06 138740 1.53401e+06 421767 400050 394308 93064 1.11225e+06
internal_count=5000000 4961751 915115 203032 85085 28115 712083 209111 4046636 2098063 1948573 1719019 1434807 249675 1185132 814369 669794 284212 501811 2008478 153633 1854845 1672753 138740 1534013 421767 400050 394308 93064 1112246
cat_boundaries=0 1 2 3 4
cat_threshold=114912 7686 96 60
is_linear=0
shrinkage=0.1


Tree=111
num_leaves=31
num_cat=9
split_feature=74 80 3 76 3 0 76 88 76 0 22 23 72 73 76 7 86 48 76 86 20 76 2 89 77 76 1 76 75 19
split_gain=196.931 300.896 368.039 340.763 289.868 296.249 283.625 276.404 327.789 261.954 272.562 228.737 241.703 221.677 446.017 228.075 320.7 219.03 218.585 211.35 210.387 206.252 299.411 324.059 252.141 205.976 205.202 198.797 196.778 186.085
threshold=105.50000000000001 -9.3499999046325666 -8.5500001907348615 0 28.550000190734867 29.750000000000004 1 2.3500000238418584 2 29.550000190734867 28.849999427795414 25.94999980926514 40.354150772094734 142.07500457763675 3 5.6499998569488534 5.8500001430511483 2.1499999761581425 4 16.550000190734867 1.4499999880790713 5 17.550000190734867 16.349999427795414 14.650000095367433 6 34.750000000000007 7 8 31.94999980926514
decision_type=2 8 8 1 10 2 1 10 1 2 10 10 2 2 1 8 8 8 1 8 8 1 8 8 10 1 10 1 1 10
left_child=1 3 27 -1 5 7 9 29 19 11 -11 12 -4 15 -15 -8 -17 -5 -6 -9 -10 22 24 -24 -18 28 -23 -3 -16 -2
right_child=4 2 6 17 18 -7 13 8 20 10 -12 -13 -14 14 25 16 21 -19 -20 -21 -22 26 23 -25 -26 -27 -28 -29 -30 -31
leaf_value=-0.00073236410456772991 -0.00020226771285477879 0.029832073315970348 2.3241887273701495e-05 -0.036493114636678224 -0.018416328483460663 0.013976512250792739 0.0032809885562547769 -0.01307016339724415 0.0039674596502674506 0.038412149739470797 0.0043397735224412056 -0.0095381936991697641 -0.0062548090888376153 -0.0065397309328187065 0.020238035827536645 -0.0042366041737942079 0.0037936003394251116 -0.0028083798249394706 -0.0042512942463788497 -0.0023755384570726965 -0.0030936093600196259 0.00013842307513799615 -0.011631136584040538 0.0013601137125180476 0.012740297719393362 0.00017209554409809962 0.041326006370063832 0.0073037402778221216 0.0016961842062979014 0.014436979768196532
leaf_weight=12953 1614822 6006 212698 6235 14191 13938 427962 48165 54245 2669 19509 43627 86168 114665 10912 121899 236707 2796 46875 29981 189981 1060597 20136 413482 36336 119169 1211 11291 12044 8730
leaf_count=12953 1614822 6006 212698 6235 14191 13938 427962 48165 54245 2669 19509 43627 86168 114665 10912 121899 236707 2796 46875 29981 189981 1060597 20136 413482 36336 119169 1211 11291 12044 8730
internal_value=-6.78974e-09 0.000516893 0.000603548 -0.011139 -0.000761975 -0.000550572 0.000517974 -0.000654624 -0.00332925 -0.00209212 0.0084402 -0.0027742 -0.00178682 0.000887602 -0.00190018 0.0011964 0.000724462 -0.0260355 -0.00754679 -0.00896598 -0.00152521 0.00106642 0.00239019 0.000756837 0.00498421 0.00184329 0.000185396 0.0151477 0.0105149 -0.000123551
internal_weight=5e+06 2.97907e+06 2.95709e+06 21984 2.02093e+06 1.95986e+06 2.93979e+06 1.94592e+06 322372 364671 22178 342493 298866 2.57512e+06 256790 2.31833e+06 1.89037e+06 9031 61066 78146 244226 1.76847e+06 706661 433618 273043 142125 1.06181e+06 17297 22956 1.62355e+06
internal_count=5000000 2979072 2957088 21984 2020928 1959862 2939791 1945924 322372 364671 22178 342493 298866 2575120 256790 2318330 1890368 9031 61066 78146 244226 1768469 706661 433618 273043 142125 1061808 17297 22956 1623552
cat_boundaries=0 1 2 3 4 5 6 7 8 9
cat_threshold=28665 3584 4032 1044736 787200 4161664 96 132992 1592
is_linear=0
shrinkage=0.1


Tree=112
num_leaves=31
num_cat=3
split_feature=5 86 86 2 83 48 0 77 1 80 89 50 86 77 73 75 82 3 3 80 72 76 76 2 1 14 5 77 21 80
split_gain=192.834 434.199 407.836 432.563 301.581 307.226 418.344 1107.45 788.782 660.085 634.129 529.17 375.826 374.916 544.595 364.552 349.848 346.976 314.158 303.022 286.423 283.291 269.482 264.155 255.107 245.534 231.063 407.351 308.362 589.417
threshold=-5.9500000476837149 -3.8500000238418575 -5.8500001430511466 -8.6500000953674299 -6.2499999999999991 0.15000000223517421 -12.849999904632567 -13.15000009536743 -12.849999904632567 -13.749999999999998 -13.15000009536743 1.6500000357627871 -13.749999999999998 -13.15000009536743 142.50080108642581 0 0.35000000894069677 -13.050000190734862 -13.050000190734862 -9.3499999046325666 42.790000915527351 1 2 -12.849999904632567 -10.15000009536743 -6.6499998569488517 -0.65000000596046437 0.45000000298023229 3.6499999761581425 6.0499999523162851
decision_type=8 8 10 10 10 8 2 10 8 10 10 10 8 8 2 1 10 10 10 10 2 1 1 10 10 10 8 8 10 8
left_child=2 -2 4 -4 5 12 7 8 9 10 11 15 13 14 16 18 -1 -8 21 24 -11 -7 -21 -6 -19 -23 -3 -28 -29 -30
right_child=1 26 3 -5 23 6 17 -9 -10 20 -12 -13 -14 -15 -16 -17 -18 19 -20 22 -22 25 -24 -25 -26 -27 27 28 29 -31
leaf_value=-0.30443217397276601 -0.0069410833103020174 0.0028635871464242329 0.04067110596770239 0.0086200803437649041 0.07873647511336862 0.026716568730631496 0.022125495495383854 0.066493393579623569 0.06858525014506589 -0.028865730581132988 0.035648474792044908 0.010406835136353161 -0.010820719686571246 -0.027771060275469051 -0.017235518208293766 0.012265212601408478 -0.080327235322889934 -0.027737838683808042 -0.0041081179564067417 -0.0099324202239555771 0.054612713844051877 -0.10492366470576656 0.012151404378034528 0.0099160600832238315 -0.0070335802523364445 -0.049464737017917336 -0.0058351569790729722 0.0023406914406396721 -0.0051839939606230139 2.5879887167275313e-05
leaf_weight=193 91031 271572 4991 26937 576 256 4462 3204 1504 521 1576 1908 5268 817 222 771 109 9185 758 10585 1947 2006 11539 17583 16903 1326 122182 506003 230878 3653187
leaf_count=193 91031 271572 4991 26937 576 256 4462 3204 1504 521 1576 1908 5268 817 222 771 109 9185 758 10585 1947 2006 11539 17583 16903 1326 122182 506003 230878 3653187
internal_value=-2.49656e-10 -9.95033e-05 0.00387594 0.0136303 0.000535022 -0.00226262 -0.000274682 0.0140098 0.000635253 -0.00859745 -0.0216785 -0.0345394 -0.0228522 -0.0701166 -0.13614 -0.0512987 -0.223547 -0.00455318 -0.0624597 -0.00702228 0.0369902 -0.0749611 0.00158663 0.012099 -0.0143231 -0.0826054 3.06846e-05 -0.000139815 1.86947e-05 -0.000283807
internal_weight=5e+06 4.87485e+06 125147 31928 93219 75060 68451 15777 12573 11069 8601 7025 6609 1341 524 5117 302 52674 4346 48212 2468 3588 22124 18159 26088 3332 4.78382e+06 4.51225e+06 4.39007e+06 3.88406e+06
internal_count=5000000 4874853 125147 31928 93219 75060 68451 15777 12573 11069 8601 7025 6609 1341 524 5117 302 52674 4346 48212 2468 3588 22124 18159 26088 3332 4783822 4512250 4390068 3884065
cat_boundaries=0 1 2 3
cat_threshold=6 3584 130944
is_linear=0
shrinkage=0.1


Tree=113
num_leaves=31
num_cat=2
split_feature=74 76 86 4 0 73 86 21 1 23 80 88 1 71 49 48 76 0 7 86 83 89 82 80 23 89 21 48 80 73
split_gain=197.327 253.277 187.646 172.071 462.334 312.784 260.49 501.444 625.271 334.538 480.604 435.861 370.724 298.848 294.99 518.062 374.949 354.825 297.391 571.446 492.192 402.558 381.084 288.77 245.139 285.031 238.92 367.583 234.549 232.294
threshold=752.50000000000011 0 34.95000076293946 26.550000190734867 29.750000000000004 139.94915008544925 23.050000190734867 24.550000190734867 22.150000572204593 20.750000000000004 18.650000572204593 1.5500000119209292 17.150000572204593 1.8499999642372134 1.3499999642372134 2.5499999523162846 1 -12.849999904632567 -13.15000009536743 -13.749999999999998 -13.249999999999998 -13.15000009536743 0.15000000223517421 21.650000572204593 15.650000095367433 14.84999990463257 29.849999427795414 1.9499999880790713 11.449999809265138 140.55999755859378
decision_type=2 1 10 10 2 2 10 10 8 8 10 10 8 10 10 10 1 2 8 10 10 10 10 8 8 10 10 10 8 2
left_child=2 -2 3 4 6 26 9 -8 -9 10 13 23 -12 14 15 16 -1 -16 19 20 21 22 -18 -11 25 -15 27 -5 -26 -20
right_child=1 -3 -4 5 -6 -7 7 8 -10 11 12 -13 -14 24 17 -17 18 -19 29 -21 -22 -23 -24 -25 28 -27 -28 -29 -30 -31
leaf_value=0.0063366818530320949 -0.0089127057874233626 -0.00039531934422071946 0.026205546672191517 -0.0032464756002455117 0.013055965860541759 -0.0082660708383491665 0.0066958708977036671 0.023300742465651249 -0.0026553590119876534 -0.0050866458660968096 0.018934177922579655 -0.0069575139455405159 0.0036332094835844911 0.0013592725797279513 0.0339213504941486 -0.015084614465244853 -0.14405972782095272 -0.0023991148755109367 -0.00094728562035317548 0.014705814092987494 0.021201627382153223 0.0055809228241512736 -0.052177648006997035 0.00070877207878991555 -0.012951426478210116 0.0080793149085975485 -0.0069384874101545858 0.0040407302340370417 -0.00080242999232005546 0.0026163632311036419
leaf_weight=103582 55791 93281 2754 134611 28112 64691 169255 9881 152813 113434 17109 145623 212618 1106340 2699 21390 871 784735 612069 2213 699 492 937 355202 16883 66936 51138 142494 270470 260877
leaf_count=103582 55791 93281 2754 134611 28112 64691 169255 9881 152813 113434 17109 145623 212618 1106340 2699 21390 871 784735 612069 2213 699 492 937 355202 16883 66936 51138 142494 270470 260877
internal_value=8.01504e-09 -0.00358362 0.000110135 9.53117e-05 0.000272237 -0.00191073 0.000191061 0.0028853 -0.00107895 -2.73298e-05 0.000352348 -0.00217891 0.00477275 4.00052e-05 -0.000825917 0.000311283 0.000646727 -0.00227462 -2.44964e-05 -0.0238405 -0.0522843 -0.0746177 -0.0964416 -0.000694017 0.00110153 0.00174265 -0.000658207 0.000500779 -0.00151623 0.000117699
internal_weight=5e+06 149072 4.85093e+06 4.84817e+06 4.45524e+06 392934 4.42713e+06 331949 162694 4.09518e+06 3.48092e+06 614259 229727 3.25119e+06 1.79056e+06 1.00313e+06 981740 787434 878158 5212 2999 2300 1808 468636 1.46063e+06 1.17328e+06 328243 277105 287353 872946
internal_count=5000000 149072 4850928 4848174 4455240 392934 4427128 331949 162694 4095179 3480920 614259 229727 3251193 1790564 1003130 981740 787434 878158 5212 2999 2300 1808 468636 1460629 1173276 328243 277105 287353 872946
cat_boundaries=0 1 2
cat_threshold=257792 400384
is_linear=0
shrinkage=0.1


Tree=114
num_leaves=31
num_cat=12
split_feature=85 76 52 90 1 74 75 76 75 73 76 76 48 76 26 75 24 22 48 51 25 0 21 76 89 0 72 76 75 75
split_gain=186.024 344.528 389.973 299.234 295.563 288.455 288.312 389.416 233.471 233.284 527.082 347.595 424.159 432.711 345.504 311.438 296.517 307.621 357.706 409.279 279.504 235.258 301.833 227.737 224.579 223.464 236.726 235.962 369.822 322.183
threshold=1.0500000119209292 0 1.3499999642372134 1.0000000180025095e-35 14.84999990463257 249.50000000000003 1 2 3 141.24000549316409 4 5 5.6499998569488534 6 1.0000000180025095e-35 7 1.0000000180025095e-35 29.44999980926514 1.5500000119209292 2.0499999523162846 1.0000000180025095e-35 30.150000572204593 29.849999427795414 8 31.44999980926514 32.350000381469734 34.788349151611335 9 10 11
decision_type=8 1 8 10 8 2 1 1 1 2 1 1 10 1 10 1 2 10 8 10 10 2 10 1 8 2 2 1 1 1
left_child=1 2 -1 8 6 9 7 -4 -3 11 15 14 21 -14 16 20 17 18 19 -2 -11 -13 -23 -12 -19 26 -20 29 -29 -28
right_child=5 3 4 -5 -6 -7 -8 -9 -10 10 23 12 13 -15 -16 -17 -18 24 25 -21 -22 22 -24 -25 -26 -27 27 28 -30 -31
leaf_value=0.0014078773771808643 0.00094649528750350906 -0.0033788564104007936 0.017220091282074933 0.0061839548105075345 0.0023638517335222535 -0.0020142382365873962 0.022039427220690955 -0.0030464495090585398 0.00061311016902953271 0.018907647335963087 -0.0054710261951489529 -0.00022881670962847757 -0.01865580182146577 -0.0033011667500801563 0.0071302693981948918 0.0018538884644533603 0.0091030992401366674 -0.016717473617331471 0.0045946586735763082 -0.0068595095469197679 -0.018937499579606578 0.031795118448428625 0.0043067295737459965 -0.0012287575592597943 -0.00178289759241967 0.028122945896295767 0.011037844036199727 -0.0085569388692229836 0.00097827075339204932 0.00091688388735683033
leaf_weight=186878 209496 206422 20882 72841 39719 799241 23843 17359 504694 22371 183842 1142857 22973 91191 110358 50315 46043 16109 287296 98866 2138 4830 23094 406020 26854 3402 44015 53198 172688 110165
leaf_count=186878 209496 206422 20882 72841 39719 799241 23843 17359 504694 22371 183842 1142857 22973 91191 110358 50315 46043 16109 287296 98866 2138 4830 23094 406020 26854 3402 44015 53198 172688 110165
internal_value=6.61965e-09 0.00116715 0.00412048 7.95703e-05 0.00910037 -0.000318762 0.0134101 0.00802197 -0.000545713 0.000114436 -0.00154807 0.000563014 -0.000574581 -0.00639287 0.00180336 0.00635796 0.00125301 0.000899377 0.00126278 -0.00155624 0.0155999 -7.23854e-06 0.00906138 -0.00255101 -0.00738262 0.00255874 0.00242842 0.000790933 -0.00126763 0.00380672
internal_weight=5e+06 1.07264e+06 288681 783957 101803 3.92736e+06 62084 38241 711116 3.12812e+06 664686 2.46344e+06 1.28494e+06 114164 1.17849e+06 74824 1.06813e+06 1.02209e+06 979126 308362 24509 1.17078e+06 27924 589862 42963 670764 667362 380066 225886 154180
internal_count=5000000 1072638 288681 783957 101803 3927362 62084 38241 711116 3128121 664686 2463435 1284945 114164 1178490 74824 1068132 1022089 979126 308362 24509 1170781 27924 589862 42963 670764 667362 380066 225886 154180
cat_boundaries=0 1 2 3 4 5 6 7 8 9 10 11 12
cat_threshold=20416 6342 3840 60 112 16769024 448 240 124160 4063232 7168 7170
is_linear=0
shrinkage=0.1


Tree=115
num_leaves=31
num_cat=1
split_feature=88 5 73 76 89 6 86 86 80 77 20 86 21 77 3 89 83 1 20 1 83 83 48 77 21 86 2 80 47 80
split_gain=178.858 251.833 254.655 230.803 230.593 235.89 308.254 260.056 338.614 254.704 247.159 428.04 516.944 318.802 310.748 437.396 410.027 402.396 280.961 612.487 556.326 344.905 307.637 281.807 414.933 402.343 351.41 301.161 260.845 258.711
threshold=1.1500000357627871 -7.5499999523162833 143.05250549316409 0 -5.5499999523162833 -2.7499999999999996 -0.84999999403953541 -9.1500000953674299 0.25000000745058065 -13.15000009536743 1.4499999880790713 9.6500000953674334 12.250000000000002 3.8500000238418584 11.250000000000002 13.250000000000002 11.250000000000002 8.2500000000000018 15.050000190734865 22.150000572204593 19.550000190734867 12.650000095367433 1.9499999880790713 20.44999980926514 21.750000000000004 24.150000572204593 20.150000572204593 24.650000572204593 1.0000000180025095e-35 12.449999809265138
decision_type=8 8 2 1 8 8 8 8 8 8 10 8 10 8 8 8 10 8 10 10 8 8 8 8 10 8 8 8 10 10
left_child=1 2 -1 -4 -2 7 -7 8 -6 -10 -8 12 -12 -13 16 -16 29 -18 19 21 -20 -17 -21 -22 -25 -26 -27 -28 -29 -15
right_child=4 -3 3 -5 5 6 10 -9 9 -11 11 13 -14 14 15 18 17 -19 20 22 23 -23 -24 24 25 26 27 28 -30 -31
leaf_value=0.0032734066995773882 -0.0059465257518543316 0.00089036015183263585 0.047200768430861739 0.01263456055836531 -0.0015347328084964751 -0.0065430596721857822 0.0024869043639819672 0.0043085158130005885 -0.10867418619115717 -0.027242898497843039 -0.0022206925897157877 -0.0062226234931522066 -0.013311229428689529 0.0004678847873092966 -0.005092243939634959 -0.0043659209958140308 0.03196599019531933 0.0065517261454239115 -0.0042728797545442867 -0.035604235543993508 -0.0034353635513323581 0.0045172372265030883 -0.0060471215530536132 0.0038862722386021199 -0.0051699493964605736 0.011760866010195393 -0.00462078680101874 0.00059773306191503118 0.0091235898545352252 0.011760838658018097
leaf_weight=13533 71640 1123816 3078 5227 4096 79528 302292 154946 575 1157 386744 81274 47152 403161 181055 50722 6726 84511 319830 5719 169446 316095 9164 336836 139731 27662 106150 508162 38611 21361
leaf_count=13533 71640 1123816 3078 5227 4096 79528 302292 154946 575 1157 386744 81274 47152 403161 181055 50722 6726 84511 319830 5719 169446 316095 9164 336836 139731 27662 106150 508162 38611 21361
internal_value=8.16265e-09 0.00109704 0.0117329 0.0255175 -0.000326069 -0.000219624 -0.000386 0.00352851 -0.017209 -0.054277 -0.000247772 -0.000502909 -0.00342591 -5.0955e-05 0.000133121 -0.000382859 0.00234325 0.00842527 3.75571e-05 0.00248203 -0.000529158 0.00328891 -0.0174049 0.000373417 0.000931151 -0.000282274 0.000721216 0.000253506 0.0011998 0.00103612
internal_weight=5e+06 1.14565e+06 21838 8305 3.85435e+06 3.78271e+06 3.62193e+06 160774 5828 1732 3.5424e+06 3.24011e+06 433896 2.80622e+06 2.72494e+06 2.20918e+06 515759 91237 2.02813e+06 381700 1.64643e+06 366817 14883 1.3266e+06 1.15715e+06 820316 680585 652923 546773 424522
internal_count=5000000 1145654 21838 8305 3854346 3782706 3621932 160774 5828 1732 3542404 3240112 433896 2806216 2724942 2209183 515759 91237 2028128 381700 1646428 366817 14883 1326598 1157152 820316 680585 652923 546773 424522
cat_boundaries=0 1
cat_threshold=976
is_linear=0
shrinkage=0.1


Tree=116
num_leaves=31
num_cat=7
split_feature=91 76 75 1 74 77 74 77 0 77 74 2 48 73 86 72 72 74 48 76 75 90 20 73 76 75 76 72 85 73
split_gain=180.501 297.176 367.465 354.809 244.7 232.569 243.731 374.694 270.043 470.096 420.158 398.427 361.831 308.866 313.145 261.266 245.874 290.76 247.928 226.169 271.74 211.158 224.324 218.571 395.081 613.756 313.345 218.301 206.074 203.347
threshold=1.0500000119209292 0 1 -1.4499999880790708 408.50000000000006 -8.9499998092651349 331.50000000000006 -13.15000009536743 -12.849999904632567 -13.15000009536743 213.00000000000003 -12.849999904632567 2.2500000000000004 143.5766525268555 -10.849999904632567 44.929149627685554 43.773349761962898 147.50000000000003 1.4499999880790713 2 3 1.0000000180025095e-35 15.550000190734865 134.46669769287112 4 5 6 40.354150772094734 1.8499999642372134 137.68579864501956
decision_type=8 1 1 8 2 8 2 10 2 10 2 10 10 2 8 2 2 2 10 1 1 10 10 2 1 1 1 2 10 2
left_child=1 2 -1 -4 5 6 8 -8 9 10 11 12 13 14 16 -11 17 -2 -18 20 -6 23 -23 26 25 -25 -3 -27 -15 -5
right_child=4 21 3 29 19 -7 7 -9 -10 15 -12 -13 -14 28 -16 -17 18 -19 -20 -21 -22 22 -24 24 -26 27 -28 -29 -30 -31
leaf_value=-0.00050334795023790325 -0.10854277125518211 -0.0090140156208111041 0.026841321106457424 0.011186287162340484 -0.00078788671388998913 3.7506394027270281e-05 -0.19900483161188842 -0.025006547505357996 -0.015694530221395598 0.05562586858839165 0.045616082011376687 0.041634558968541291 0.0471014674499734 0.035069858482575642 -0.021016712094408713 -0.05385657276751267 -0.15600577937766055 0.024100432833656669 0.10680641799576973 -0.00099779907118982178 -0.009677614106315565 0.00979562165547543 -0.00017808017004365033 0.018890624330684173 -0.00018648859459253868 -0.0029468032228689525 -0.00051173176326758582 0.011461614176449877 -0.076952515162721086 0.0021558167627826036
leaf_weight=77273 426 59538 9625 50606 60485 3454875 168 470 15684 2116 1103 763 434 568 822 243 648 270 38 308190 79707 46594 43702 29360 493909 39305 159334 14356 231 49157
leaf_count=77273 426 59538 9625 50606 60485 3454875 168 470 15684 2116 1103 763 434 568 822 243 648 270 38 308190 79707 46594 43702 29360 493909 39305 159334 14356 231 49157
internal_value=1.93128e-08 0.00114962 0.00477586 0.00850486 -0.000314004 -3.06179e-05 -0.00984387 -0.0708243 -0.00817739 0.00721008 -0.00931049 -0.0237353 -0.0382471 -0.0505818 -0.0698915 0.0443481 -0.0989618 -0.0570864 -0.141448 -0.00251271 -0.00584252 0.000385679 0.00496849 -0.000134307 0.000886461 0.00726881 -0.00282498 0.000907731 0.00268291 0.00673663
internal_weight=5e+06 1.07276e+06 186661 109388 3.92724e+06 3.47886e+06 23984 638 23346 7662 5303 4200 3437 3003 2204 2359 1382 696 686 448382 140192 886098 90296 795802 576930 83021 218872 53661 799 99763
internal_count=5000000 1072759 186661 109388 3927241 3478859 23984 638 23346 7662 5303 4200 3437 3003 2204 2359 1382 696 686 448382 140192 886098 90296 795802 576930 83021 218872 53661 799 99763
cat_boundaries=0 1 2 3 4 5 6 7
cat_threshold=1920 4322 246656 496 96 240 917600
is_linear=0
shrinkage=0.1


Tree=117
num_leaves=31
num_cat=6
split_feature=5 60 77 48 86 80 5 89 21 77 76 78 75 82 76 2 0 1 75 5 77 83 1 75 86 2 2 89 83 76
split_gain=171.438 342.088 272.513 263.851 243.034 232.849 321.419 365.578 299.998 533.612 386.673 288.555 286.655 284.065 735.977 307.509 350.96 551.674 269.956 255.714 462.745 406.506 500.487 348.573 255.748 406.031 357.304 387.252 346.412 368.905
threshold=-10.249999999999998 2.2500000000000004 -6.4500000476837149 0.15000000223517421 -13.749999999999998 -9.3499999046325666 -3.4500000476837154 -0.84999999403953541 3.6499999761581425 5.2500000000000009 0 1.0000000180025095e-35 1 2.8500000238418584 2 -1.0500000119209287 1.2500000000000002 0.84999999403953563 3 12.050000190734865 11.84999990463257 14.750000000000002 11.84999990463257 4 14.449999809265138 16.550000190734867 17.44999980926514 18.650000572204593 19.150000572204593 5
decision_type=8 10 8 8 8 8 8 8 10 8 1 10 1 10 1 8 2 8 1 8 8 10 8 1 8 8 10 8 10 1
left_child=1 -1 -2 4 -3 -4 -7 -8 10 -10 12 -12 -9 15 -15 -11 -17 -18 -16 21 -21 -19 -23 -24 25 -22 28 -28 29 -26
right_child=2 3 5 -5 -6 6 7 8 9 13 11 -13 -14 14 18 16 17 19 -20 20 24 22 23 -25 26 -27 27 -29 -30 -31
leaf_value=0.012181805286883464 -0.0073331207736206357 -0.14696471613208131 -0.014767108974539925 -0.0044073743754228199 -0.024634949802530719 0.0046696722404097647 -0.0045138618415887293 -0.006736333082242512 -0.0054460135010724487 0.017548391657184168 0.0022402835906572063 0.0096435950217742972 0.012613173504539638 0.002643393499636141 -0.0093763785291305669 -0.0125768280502618 0.0389267315569954 0.0012791140350933477 -0.0031166071855116698 -0.0067693715647617935 -0.0013815671071475541 0.03423139090794191 -0.0026809108608219271 0.013190632723499541 0.0076000548732202654 -0.014019941003502928 -0.004745730897689017 0.00036603502472661487 0.014687343397541179 0.00063108268782971076
leaf_weight=29164 50886 249 10622 10349 467 146412 179529 67936 187398 10435 497724 58875 8620 225254 88561 20852 3720 713178 310290 100505 189553 7309 24122 32445 101584 29357 165697 1403566 24287 301054
leaf_count=29164 50886 249 10622 10349 467 146412 179529 67936 187398 10435 497724 58875 8620 225254 88561 20852 3720 713178 310290 100505 189553 7309 24122 32445 101584 29357 165697 1403566 24287 301054
internal_value=1.68235e-08 0.00650177 -5.27192e-05 -0.00846911 -0.067177 2.27501e-05 5.48223e-05 -8.73685e-05 8.64347e-05 -0.000238311 0.00210684 0.00302332 -0.00455627 2.18096e-05 -0.00192611 0.000410505 0.000353136 0.00044021 -0.00450673 0.000393917 -0.000132834 0.00196362 0.00960617 0.00642435 0.000168284 -0.00307644 0.000524113 -0.000173712 0.00308913 0.00238953
internal_weight=5e+06 40229 4.95977e+06 11065 716 4.90888e+06 4.89826e+06 4.75185e+06 4.57232e+06 3.93917e+06 633155 556599 76556 3.75177e+06 624105 3.12766e+06 3.11723e+06 3.09638e+06 398851 3.09266e+06 2.3156e+06 777054 63876 56567 2.2151e+06 218910 1.99619e+06 1.56926e+06 426925 402638
internal_count=5000000 40229 4959771 11065 716 4908885 4898263 4751851 4572322 3939167 633155 556599 76556 3751769 624105 3127664 3117229 3096377 398851 3092657 2315603 777054 63876 56567 2215098 218910 1996188 1569263 426925 402638
cat_boundaries=0 1 2 3 4 5 6
cat_threshold=132992 4126 16646175 7168 7682 4161536
is_linear=0
shrinkage=0.1


Tree=118
num_leaves=31
num_cat=4
split_feature=71 76 85 76 75 85 58 5 89 48 2 76 86 4 89 20 77 2 86 80 2 89 15 77 3 13 80 1 86 1
split_gain=177.885 272.82 212.401 670.657 417.558 229.078 217.424 291.93 374.64 277.462 297.881 269.527 268.357 245.863 324.44 272.918 217.495 239.514 302.545 219.308 307.074 417.324 305.734 273.494 252.629 510.284 389.495 464.518 323.944 323.884
threshold=5.8500001430511483 0 2.3500000238418584 1 2 5.4500000476837167 3.0499999523162846 26.150000572204593 27.050000190734867 2.0499999523162846 -12.849999904632567 3 -13.749999999999998 -6.6499998569488517 -0.84999999403953541 -1.8499999642372129 27.750000000000004 24.650000572204593 25.750000000000004 22.550000190734867 19.650000572204593 21.550000190734867 9.4499998092651385 19.150000572204593 7.0499999523162851 -1.0500000119209287 6.0499999523162851 4.4500000476837167 6.0499999523162851 0.84999999403953563
decision_type=10 1 10 1 1 8 10 10 10 10 8 1 8 8 8 10 10 8 10 10 10 10 8 10 10 8 10 8 10 10
left_child=2 -2 6 4 -4 -6 7 8 13 10 12 -11 -8 15 -15 -1 17 18 19 20 21 23 -22 24 26 -26 28 -28 -16 -30
right_child=1 -3 3 -5 5 -7 9 -9 -10 11 -12 -13 -14 14 16 -17 -18 -19 -20 -21 22 -23 -24 -25 25 -27 27 -29 29 -31
leaf_value=0.003807064255171562 -0.0040909228905859308 0.0038386979630260437 -0.0089133564678264485 0.0011320017556932878 -0.0012671537150306209 -0.0076497967312963398 -0.10864037223421608 -0.0026864811611853161 0.0086818745409673083 0.0055779133807824207 -0.0031326085964689596 -0.00090534736628882179 -0.018080335222338303 -0.0042488727750952526 0.00049501634528105183 0.020967096162277109 0.011805660546584719 -0.0042526630923794559 0.012468024980214876 0.0051791781275931032 -0.016940112461736996 0.015071785082853721 -0.0014320113674163183 0.007772482687364449 -0.015181605384207406 0.00014294763673226328 0.023640255351683303 0.0050015877783542405 0.046789543467325119 0.0066838686359537202
leaf_weight=51195 53025 238579 126731 526484 336377 67519 490 248451 60416 83948 356484 271419 985 132693 498118 11317 17918 92147 22567 110513 13168 21298 367400 57551 22184 1059010 16566 69336 2079 64032
leaf_count=51195 53025 238579 126731 526484 336377 67519 490 248451 60416 83948 356484 271419 985 132693 498118 11317 17918 92147 22567 110513 13168 21298 367400 57551 22184 1059010 16566 69336 2079 64032
internal_value=1.80946e-08 0.00239677 -0.00014842 -0.00139668 -0.00390556 -0.00233408 0.000212973 0.000593208 0.000896178 -0.00135309 -0.00331817 0.000626318 -0.0481647 0.000717265 0.000566344 0.00691367 0.000828865 0.000747455 0.000945726 0.000832734 0.000613476 0.00115633 -0.00196861 0.000990654 0.000765219 -0.000171482 0.00232299 0.00859601 0.00136794 0.00794508
internal_weight=5e+06 291604 4.7084e+06 1.05711e+06 530627 403896 3.65128e+06 2.93796e+06 2.68951e+06 713326 357959 355367 1475 2.62909e+06 2.56658e+06 62512 2.43389e+06 2.41597e+06 2.32382e+06 2.30126e+06 2.19074e+06 1.81017e+06 380568 1.78888e+06 1.73132e+06 1.08119e+06 650131 85902 564229 66111
internal_count=5000000 291604 4708396 1057111 530627 403896 3651285 2937959 2689508 713326 357959 355367 1475 2629092 2566580 62512 2433887 2415969 2323822 2301255 2190742 1810174 380568 1788876 1731325 1081194 650131 85902 564229 66111
cat_boundaries=0 1 2 3 4
cat_threshold=1920 65472 6146 2032128
is_linear=0
shrinkage=0.1


Tree=119
num_leaves=31
num_cat=5
split_feature=74 76 72 82 76 14 91 76 20 90 73 0 75 1 89 73 13 75 23 77 8 48 0 48 72 57 1 83 80 72
split_gain=182.672 252.375 347.408 252.02 292.291 240.241 226.594 369.559 210.295 204.765 211.5 232.265 191.611 242.92 186.003 173.679 368.518 175.608 193.595 167.842 166.523 208.507 166.751 319.054 207.058 179.27 159.67 163.595 158.011 160.227
threshold=64.500000000000014 0 36.37919998168946 1.7500000000000002 1 0.65000000596046459 1.9499999880790713 2 20.750000000000004 1.0000000180025095e-35 144.16750335693362 -12.849999904632567 3 -5.3500001430511466 16.150000572204593 143.25830078125003 -5.3500001430511466 4 -6.5499999523162833 29.250000000000004 -13.050000190734862 0.45000000298023229 -12.849999904632567 1.0500000119209292 44.835000991821296 1.8499999642372134 -12.849999904632567 -6.2499999999999991 -10.949999809265135 45.113349914550788
decision_type=2 1 2 8 1 10 10 1 8 10 2 2 1 10 10 2 8 1 8 8 8 8 2 10 2 8 8 8 8 2
left_child=1 2 8 4 12 26 -5 14 -1 10 15 -12 13 -2 -8 17 -17 -6 -19 -10 21 -3 23 24 25 -22 -4 -28 -24 -30
right_child=3 20 5 6 9 -7 7 -9 19 -11 11 -13 -14 -15 -16 16 -18 18 -20 -21 22 -23 28 -25 -26 -27 27 -29 29 -31
leaf_value=0.0037949512507933383 0.050350951058924176 -0.070199283103353258 0.044863344776923914 -0.00057887702639966728 -0.0029811708781301827 -0.0058416192292179529 -0.01309331021044152 -0.0018724353095563714 -0.0053337053411396038 0.0055927864311798572 0.15439974224605299 0.013040356621287746 0.0018047971851655378 0.0069525513592467968 -0.0031685941150056819 -0.04201556420116033 -0.004546654303745414 0.016295648974636517 0.00039542452802101397 0.0016118937429068104 0.031338772202967519 -0.0089561033636914086 -0.01622181566606886 0.04570165754729491 -0.063469706688138214 -0.024228306001086195 -0.018624357287940287 0.0030802218583002574 0.0010515547322518513 0.007973051152950798
leaf_weight=137933 1311 672 858 1274467 223205 185245 49815 386842 66728 50627 118 7767 181536 79681 30412 3139 16028 7922 229361 72696 1408 3218 5236 2415 481 988 3777 43105 1898964 34045
leaf_count=137933 1311 672 858 1274467 223205 185245 49815 386842 66728 50627 118 7767 181536 79681 30412 3139 16028 7922 229361 72696 1408 3218 5236 2415 481 988 3777 43105 1898964 34045
internal_value=1.56127e-08 0.00061475 -0.00136472 -0.000594295 0.000874098 -0.00421147 -0.00126941 -0.00315363 0.00102655 -0.000460376 -0.00108896 0.0151558 0.00360957 0.00765409 -0.00932994 -0.001356 -0.010683 -0.000967784 0.000926235 -0.00171225 0.00113349 -0.0195359 0.00117487 0.0189017 -0.00359454 0.00842547 0.00211398 0.00133161 0.00112647 0.00117346
internal_weight=5e+06 2.45777e+06 510342 2.54223e+06 800695 232985 1.74154e+06 467069 277357 538167 487540 7885 262528 80992 80227 479655 19167 460488 237283 139424 1.94743e+06 3890 1.94354e+06 5292 2877 2396 47740 46882 1.93824e+06 1.93301e+06
internal_count=5000000 2457769 510342 2542231 800695 232985 1741536 467069 277357 538167 487540 7885 262528 80992 80227 479655 19167 460488 237283 139424 1947427 3890 1943537 5292 2877 2396 47740 46882 1938245 1933009
cat_boundaries=0 1 2 3 4 5
cat_threshold=15872 32704 1984 312 828
is_linear=0
shrinkage=0.1


Tree=120
num_leaves=31
num_cat=7
split_feature=0 1 4 83 23 77 76 3 89 83 21 89 76 75 48 0 87 75 76 76 20 1 10 76 13 1 13 22 26 73
split_gain=171.68 291.679 214.511 199.92 244.153 229.483 213.105 179.285 471.835 460.896 341.702 320.527 293.272 1205.95 685.195 520.387 391.904 271.995 1024.03 933.985 724.9 616.17 607.832 429.968 386.358 294.554 665.812 443.879 406.397 389.103
threshold=34.850000381469734 34.750000000000007 32.750000000000007 30.849999427795414 30.44999980926514 28.44999980926514 0 23.250000000000004 23.150000572204593 21.94999980926514 27.150000572204593 22.750000000000004 1 2 3.4500000476837163 7.2500000000000009 1.0000000180025095e-35 3 4 5 12.650000095367433 12.650000095367433 8.0500001907348651 6 25.550000190734867 12.449999809265138 15.84999990463257 12.84999990463257 1.0000000180025095e-35 137.88999938964847
decision_type=2 8 10 10 10 10 1 10 10 8 10 8 1 1 8 2 10 1 1 1 10 10 10 1 10 8 8 8 10 2
left_child=2 -2 3 4 5 7 -6 8 12 -9 11 -11 13 14 16 -15 -1 19 20 21 -19 -14 23 -23 25 26 -22 29 -29 -28
right_child=1 -3 -4 -5 6 -7 -8 9 -10 10 -12 -13 17 15 -16 -17 -18 18 -20 -21 24 22 -24 -25 -26 -27 27 28 -30 -31
leaf_value=-0.0074824147462066492 -0.013947232600138566 0.038136064198373017 -0.0093748576576320446 0.0066064215756703182 0.0026987779500102478 0.005852026988823705 -0.010375484553180478 -0.009791244388946423 0.0062987753222975094 -0.0059839551028301264 -0.0053927472366567947 0.0014167751664550842 -0.0021671769702363854 0.0018903312646947148 0.00825127043461003 0.011237683985664619 0.0081666071217900635 0.0087808556980938264 -0.0011866395397508273 0.00081884954360870305 -0.0031499193903651379 -0.038152410918166978 -0.0058781906010162942 -0.013846627094944972 0.011447843525311098 -0.00070062947657038215 -0.019738013724446658 0.027164385720041224 -0.04383836061213324 0.018967789179767325
leaf_weight=154521 1689 2959 24381 45772 17871 67102 41217 61442 123633 67483 125503 440684 556740 104246 42979 138941 17852 201825 1142164 1009254 34504 9668 150942 29558 35687 318306 5202 21851 837 5187
leaf_count=154521 1689 2959 24381 45772 17871 67102 41217 61442 123633 67483 125503 440684 556740 104246 42979 138941 17852 201825 1142164 1009254 34504 9668 150942 29558 35687 318306 5202 21851 837 5187
internal_value=1.34421e-08 0.0192099 -1.78607e-05 2.80323e-05 -3.31035e-05 4.44815e-05 -0.00642251 -3.67223e-05 0.000214828 -0.00152186 -0.000720045 0.000433981 2.58519e-05 0.00240469 -0.00304496 0.00723049 -0.00586171 -0.000283885 0.000592596 -0.00116506 0.0038524 -0.00384577 -0.00876026 -0.0198505 0.00149304 0.00057241 0.00656842 0.016706 0.024545 -0.000413055
internal_weight=5e+06 4648 4.99535e+06 4.97097e+06 4.9252e+06 4.86611e+06 59088 4.79901e+06 4.1039e+06 695112 633670 508167 3.98026e+06 458539 215352 243187 172373 3.52172e+06 1.76556e+06 1.75616e+06 623399 746908 190168 39226 421574 385887 67581 33077 22688 10389
internal_count=5000000 4648 4995352 4970971 4925199 4866111 59088 4799009 4103897 695112 633670 508167 3980264 458539 215352 243187 172373 3521725 1765563 1756162 623399 746908 190168 39226 421574 385887 67581 33077 22688 10389
cat_boundaries=0 1 2 3 4 5 6 7
cat_threshold=133057 1835008 124 7174 127200 122080 65536
is_linear=0
shrinkage=0.1


Tree=121
num_leaves=31
num_cat=5
split_feature=74 79 80 3 83 73 21 14 76 75 48 0 78 48 76 13 76 51 21 0 50 1 76 89 4 80 1 77 86 1
split_gain=173.459 174.239 164.271 186.165 390.33 304.906 217.429 230.971 210.16 1195.56 555.814 550.455 320.309 302.48 711.616 281.276 280.526 277.235 271.836 346.393 262.45 258.905 255.757 232.516 259.078 565.773 532.496 416.624 306.062 448.422
threshold=878.50000000000011 1.6500000357627871 32.250000000000007 26.050000190734867 26.349999427795414 139.94915008544925 29.849999427795414 21.849999427795414 0 1 2.3500000238418584 6.4500000476837167 1.0000000180025095e-35 4.7500000000000009 2 9.0500001907348651 3 3.4500000476837163 15.150000095367433 15.650000095367433 2.1499999761581425 19.750000000000004 4 26.44999980926514 17.050000190734867 16.849999427795414 15.84999990463257 16.050000190734867 16.050000190734867 11.84999990463257
decision_type=2 8 10 10 10 2 10 8 1 1 8 2 8 10 1 10 1 10 10 2 10 10 1 10 10 10 8 8 10 8
left_child=2 -2 3 4 8 6 7 -5 9 10 12 -11 15 23 17 21 -16 -15 19 22 -18 -1 -13 24 25 28 -27 -26 -10 -30
right_child=1 -3 -4 5 -6 -7 -8 -9 13 11 -12 18 -14 14 16 -17 20 -19 -20 -21 -22 -23 -24 -25 27 26 -28 -29 29 -31
leaf_value=-0.014324678075987547 0.0022033713728431053 -0.0065436994777023239 0.0093156480697226471 -0.0051691617123495424 0.0072870064264432838 -0.0077856216515450848 -0.0063699284649313768 0.0016903215936202325 2.3283451899343968e-05 0.00059847513990011895 0.0029707281445428869 0.017553380890743504 0.0059562663789976718 -0.0073513250245795352 -0.015508740207292513 -0.0054986683788424461 -0.018821474174819872 0.0034369526996231485 0.0050898949166152743 0.026853636537383985 -0.0041340574771459755 -0.051965933625412963 0.0063069222622888889 0.0076116816048367817 -0.01018052185382185 0.019910394217754375 0.0038486552364645796 -0.000784227890122383 0.036868918862732483 0.0040973216109939292
leaf_weight=47138 32400 76643 19216 61289 77362 73584 57587 246579 2116223 126934 67475 31042 13845 28114 30980 58082 13124 155962 91708 14578 166710 1901 58096 41459 49514 26144 98063 1004494 4341 109413
leaf_count=47138 32400 76643 19216 61289 77362 73584 57587 246579 2116223 126934 67475 31042 13845 28114 30980 58082 13124 155962 91708 14578 166710 1901 58096 41459 49514 26144 98063 1004494 4341 109413
internal_value=8.97633e-11 -0.00394468 8.7946e-05 5.15484e-05 0.000246095 -0.00191267 -0.000730158 0.000324766 0.000121031 0.00202674 -0.00430076 0.00572563 -0.00835717 -0.000132173 -0.00275383 -0.0102071 -0.00672038 0.00178916 0.00905618 0.0125632 -0.00520563 -0.0157838 0.0102261 0.000167933 7.73837e-05 0.000660768 0.00722945 -0.00122564 0.0002949 0.00534793
internal_weight=5e+06 109043 4.89096e+06 4.87174e+06 4.4327e+06 439039 365455 307868 4.35534e+06 510799 188441 322358 120966 3.84454e+06 394890 107121 210814 184076 195424 103716 179834 49039 89138 3.44965e+06 3.40819e+06 2.35418e+06 124207 1.05401e+06 2.22998e+06 113754
internal_count=5000000 109043 4890957 4871741 4432702 439039 365455 307868 4355340 510799 188441 322358 120966 3844541 394890 107121 210814 184076 195424 103716 179834 49039 89138 3449651 3408192 2354184 124207 1054008 2229977 113754
cat_boundaries=0 1 2 3 4 5
cat_threshold=1835008 120 14909471 384 262144
is_linear=0
shrinkage=0.1


Tree=122
num_leaves=31
num_cat=4
split_feature=24 2 77 23 0 89 2 80 76 76 76 25 70 21 77 1 2 89 21 1 21 21 83 23 77 76 83 13 83 2
split_gain=164.665 181.349 156.917 171.371 388.903 334.589 265.051 313.183 229.343 192.768 181.479 242.728 178.971 205.673 196.376 220.448 219.154 415.33 392.289 333.196 377.83 278.404 263.1 238.625 449.217 272.462 260.809 246.055 239.204 494.004
threshold=4.2500000000000009 27.550000190734867 33.95000076293946 27.44999980926514 30.750000000000004 27.349999427795414 29.94999980926514 25.94999980926514 0 1 2 1.0000000180025095e-35 4.9500000476837167 20.650000572204593 23.94999980926514 23.250000000000004 21.94999980926514 19.750000000000004 14.84999990463257 19.050000190734867 24.44999980926514 18.94999980926514 21.250000000000004 19.250000000000004 17.050000190734867 3 17.349999427795414 23.650000572204593 16.94999980926514 16.750000000000004
decision_type=2 10 10 10 2 8 10 10 1 1 1 10 10 10 10 10 10 10 8 10 10 8 8 10 10 1 8 8 10 10
left_child=2 -2 3 4 6 10 7 12 -7 -6 11 -5 14 -14 16 -16 17 23 -18 20 -19 -21 -20 24 28 27 -27 -25 29 -1
right_child=1 -3 -4 5 9 8 -8 -9 -10 -11 -12 -13 13 -15 15 -17 18 19 22 21 -22 -23 -24 25 -26 26 -28 -29 -30 -31
leaf_value=-0.00033658749213059903 0.0044256515980201734 0.035567957853627929 0.016358395776902273 -0.015389802339378212 0.00034425452624208263 -0.004288682516269072 -0.011169068158197966 0.005319361093431476 0.0022131565724813509 0.036047793794670484 -0.0015774698641050546 0.005302806071339222 0.0030303303866160598 -0.0027217329123871551 0.011019135449598635 0.0014675030109832605 -0.017871994632482815 0.0081845000344458307 -0.0085128688844289188 0.0084220861670038262 0.037029906743271349 -0.0002761498197444217 -0.00099267052993028387 -0.0025393203622948689 0.0048422783028712725 -0.011343182318951841 -0.0029374538470130062 0.012018020649157142 0.0037735318558474867 -0.0063754142072293771
leaf_weight=2482844 50348 1942 5815 37991 2291 94118 21022 111552 128052 4479 24436 6663 331738 76497 28461 160006 15933 46190 52895 49448 5036 143827 386154 26642 169566 45284 199666 20580 127242 143282
leaf_count=2482844 50348 1942 5815 37991 2291 94118 21022 111552 128052 4479 24436 6663 331738 76497 28461 160006 15933 46190 52895 49448 5036 143827 386154 26642 169566 45284 199666 20580 127242 143282
internal_value=1.75081e-09 0.00558225 -5.89943e-05 -7.83123e-05 6.90566e-05 -0.00243139 3.4141e-05 8.50867e-05 -0.000541315 0.0240193 -0.00850925 -0.0122994 -4.43427e-05 0.00195248 -0.000243017 0.00290993 -0.000394815 -0.000123474 -0.00245805 0.00384973 0.0110203 0.00194923 -0.00189868 -0.000425627 -0.00015325 -0.00315053 -0.00449124 0.00380416 -0.000460899 -0.000666067
internal_weight=5e+06 52290 4.94771e+06 4.9419e+06 4.65064e+06 291260 4.64386e+06 4.62284e+06 222170 6770 69090 44654 4.51129e+06 408235 4.10306e+06 188467 3.91459e+06 3.45961e+06 454982 244501 51226 193275 439049 3.21511e+06 2.92293e+06 292172 244950 47222 2.75337e+06 2.62613e+06
internal_count=5000000 52290 4947710 4941895 4650635 291260 4643865 4622843 222170 6770 69090 44654 4511291 408235 4103056 188467 3914589 3459607 454982 244501 51226 193275 439049 3215106 2922934 292172 244950 47222 2753368 2626126
cat_boundaries=0 1 2 3 4
cat_threshold=356368 12517376 917008 224
is_linear=0
shrinkage=0.1


Tree=123
num_leaves=31
num_cat=2
split_feature=74 76 1 86 23 77 89 83 1 0 80 86 20 89 1 0 31 1 89 75 1 8 80 1 23 83 2 86 83 1
split_gain=163.798 210.334 210.435 170.454 182.97 478.169 362.749 261.269 358.567 535.625 526.801 331.398 410.427 519.007 308.302 778.334 336.148 338.446 327.166 321.774 277.656 261.131 363.779 387.918 309.928 312.135 294.563 529.304 309.224 589.41
threshold=524.50000000000011 0 -12.849999904632567 31.650000572204593 23.750000000000004 22.849999427795414 23.94999980926514 21.550000190734867 19.650000572204593 19.250000000000004 19.050000190734867 18.550000190734867 15.150000095367433 12.84999990463257 9.2500000000000018 9.6500000953674334 1.0000000180025095e-35 6.8500001430511483 9.0500001907348651 1 16.44999980926514 17.750000000000004 10.250000000000002 9.4499998092651385 10.250000000000002 6.2500000000000009 10.250000000000002 7.2500000000000009 5.4500000476837167 2.6499999761581425
decision_type=2 1 8 10 10 10 8 10 8 2 10 10 10 10 8 2 10 10 10 1 10 10 10 10 10 8 10 10 10 10
left_child=3 2 -2 4 5 7 -6 8 10 -10 11 12 13 21 15 16 17 18 -14 -16 -12 22 24 -24 26 -26 27 28 -1 -30
right_child=1 -3 -4 -5 6 -7 -8 -9 9 -11 20 -13 14 -15 19 -17 -18 -19 -20 -21 -22 -23 23 -25 25 -27 -28 -29 29 -31
leaf_value=-0.00054272942689394851 0.10099057758267482 -0.00050715666982184733 -0.0060467732962768703 0.0073456279950856115 -0.0059223166032524362 0.0060653985774469787 -0.00026717043447726488 0.0037558168493552375 -0.016037371085638918 -0.0018512507138476288 0.027487020745252545 0.0058334110754930122 0.0051753111275642388 0.0047968118587068346 -0.0070270053746687156 0.028411348317137142 -0.035930042944849326 -0.0088343243054254846 0.044280640267224142 -0.0015962941857668219 0.0065157098343573043 -0.0050622882772374776 0.016299573897303559 0.0026709310290989616 -0.012541782487457671 -0.00210616303363107 -0.0048933286431087032 0.0063975790528192833 0.0298726368877082 0.0026736008609703067
leaf_weight=1170863 184 251901 103602 32765 139656 142652 603952 192272 28770 355397 6908 98048 13949 252293 151810 11135 2673 17367 2527 387839 73334 97239 23630 179788 33269 206978 102114 145051 8375 163659
leaf_count=1170863 184 251901 103602 32765 139656 142652 603952 192272 28770 355397 6908 98048 13949 252293 151810 11135 2673 17367 2527 387839 73334 97239 23630 179788 33269 206978 102114 145051 8375 163659
internal_value=8.12501e-09 -0.00206821 -0.00585644 0.000158403 0.000107338 0.000383522 -0.00132926 0.000165947 -2.94195e-05 -0.00291364 0.000322462 0.000113303 -7.54986e-05 0.000508005 -0.00244335 0.00526707 -0.00179042 0.000906004 0.0111731 -0.00312418 0.00832112 2.36844e-07 0.000242292 0.0042541 -0.000203574 -0.00355127 0.000302239 0.000658797 3.8931e-05 0.00399771
internal_weight=5e+06 355687 103786 4.64431e+06 4.61155e+06 3.86794e+06 743608 3.72529e+06 3.53302e+06 384167 3.14885e+06 3.06861e+06 2.97056e+06 2.38326e+06 587300 47651 36516 33843 16476 539649 80242 2.13097e+06 2.03373e+06 203418 1.83031e+06 240247 1.59006e+06 1.48795e+06 1.3429e+06 172034
internal_count=5000000 355687 103786 4644313 4611548 3867940 743608 3725288 3533016 384167 3148849 3068607 2970559 2383259 587300 47651 36516 33843 16476 539649 80242 2130966 2033727 203418 1830309 240247 1590062 1487948 1342897 172034
cat_boundaries=0 1 2
cat_threshold=254720 6172
is_linear=0
shrinkage=0.1


Tree=124
num_leaves=31
num_cat=11
split_feature=74 76 82 76 76 79 9 1 86 83 86 48 62 76 80 2 21 76 2 75 76 75 1 10 76 76 81 76 0 78
split_gain=156.439 285.858 187.931 761.826 205.797 471.819 465.649 398.978 355.256 275.704 390.816 329.449 342.208 277.651 259.499 234.368 287.169 286.033 259.553 233.125 529.241 637.323 569.621 724.498 497.71 333.497 524.946 289.674 274.738 266.821
threshold=18.500000000000004 0 2.8500000238418584 1 2 2.6499999761581425 -13.050000190734862 -12.849999904632567 20.150000572204593 -13.249999999999998 -13.749999999999998 1.4499999880790713 3.6499999761581425 3 -13.749999999999998 27.550000190734867 29.250000000000004 4 24.050000190734867 5 6 7 10.84999990463257 6.0499999523162851 8 9 1.0000000180025095e-35 10 -12.849999904632567 1.0000000180025095e-35
decision_type=2 1 10 1 1 10 8 8 8 10 10 10 10 1 10 8 8 1 10 1 1 1 8 8 1 1 10 1 2 10
left_child=1 -1 4 -4 5 7 9 -2 -9 10 11 12 14 -11 -6 16 19 -17 -18 24 21 22 -21 -24 -8 26 29 -22 -29 -26
right_child=2 -3 3 -5 6 -7 15 8 -10 13 -12 -13 -14 -15 -16 17 18 -19 -20 20 27 -23 23 -25 25 -27 -28 28 -30 -31
leaf_value=0.0028184502724888602 0.04634280051640547 -0.00020950788116000713 -0.0051245060646721262 0.002418060063498663 -0.094548989772962458 -0.0037640042026737923 0.0039898671477002308 -0.00048398372440115896 0.0045964822924569656 -0.018369528068369816 -0.0067215819803653253 -0.0079852634618937431 -0.26196478769114173 0.047799828443676237 0.015293139393075503 -0.017967314353825561 0.021417473296982965 -0.0029089103617737518 -9.4114339881478336e-05 -0.0024826033351936045 0.0049206583260791373 0.0015325798214720155 -0.041554196083319228 -0.011402203218682244 -0.011475947327685461 -0.0016920328377934175 0.013684136198316028 0.038898305473250079 0.00058099787499501577 0.018405588418113985
leaf_weight=499883 2089 828543 326826 226855 1468 139434 141336 229655 343507 3051 1866 685 108 790 252 14737 11652 87316 10815 48313 192203 93293 10184 36640 84334 716712 10079 1875 932401 3098
leaf_count=499883 2089 828543 326826 226855 1468 139434 141336 229655 343507 3051 1866 685 108 790 252 14737 11652 87316 10815 48313 192203 93293 10184 36640 84334 716712 10079 1875 932401 3098
internal_value=5.48448e-09 0.000929924 -0.000336452 -0.0020342 -3.4962e-05 0.00145482 -0.00047801 0.00271983 0.00256084 -0.0242382 -0.0413904 -0.0671334 -0.0892977 -0.00468348 -0.0784558 -0.000396463 -0.000187767 -0.00508547 0.0110624 -0.000299091 0.000564719 -0.00434044 -0.0100992 -0.0179601 -0.00148774 -0.0024386 -0.00792516 0.00138525 0.00065789 -0.0104171
internal_weight=5e+06 1.32843e+06 3.67157e+06 553681 3.11789e+06 714685 2.40321e+06 575251 573162 8220 4379 2513 1828 3841 1720 2.39499e+06 2.29294e+06 102053 22467 2.27047e+06 1.31491e+06 188430 95137 46824 955559 814223 97511 1.12648e+06 934276 87432
internal_count=5000000 1328426 3671574 553681 3117893 714685 2403208 575251 573162 8220 4379 2513 1828 3841 1720 2394988 2292935 102053 22467 2270468 1314909 188430 95137 46824 955559 814223 97511 1126479 934276 87432
cat_boundaries=0 1 2 3 4 5 6 7 8 9 10 11
cat_threshold=2064832 131008 32256 491776 262144 62 98368 7168 98368 393216 917504
is_linear=0
shrinkage=0.1


Tree=125
num_leaves=31
num_cat=6
split_feature=5 0 77 1 89 1 77 2 20 3 77 80 76 86 1 86 9 9 83 20 83 2 76 75 77 75 9 75 76 20
split_gain=153.173 590.176 415.025 520.781 350.403 431.813 275.608 392.436 318.948 305.22 592.466 408.866 490.117 336.024 328.017 317.775 314.393 274.815 296.959 271.553 474.326 289.148 340.737 428.249 328.874 314.545 285.796 567.123 412.206 276.718
threshold=4.8500001430511483 3.0499999523162846 1.8499999642372134 0.45000000298023229 1.2500000000000002 -2.7499999999999996 8.8499999046325701 9.4499998092651385 7.4500000476837167 15.050000190734865 14.050000190734865 14.84999990463257 0 14.150000095367433 13.650000095367433 15.250000000000002 -1.0000000180025095e-35 15.750000000000002 8.6500000953674334 20.150000572204593 22.44999980926514 25.250000000000004 1 2 20.150000572204593 3 13.550000190734865 4 5 15.050000190734865
decision_type=10 2 10 8 10 8 8 10 8 10 8 10 1 8 10 10 8 10 8 10 8 10 1 1 10 1 8 1 1 8
left_child=2 -2 4 -4 -1 -6 7 8 -3 11 -11 12 16 -12 -13 -14 -8 18 -18 21 -21 24 25 -24 26 -23 27 28 -15 -28
right_child=1 6 3 -5 5 -7 9 -9 -10 10 13 14 15 19 -16 -17 17 -19 -20 20 -22 22 23 -25 -26 -27 29 -29 -30 -31
leaf_value=-0.0010110409022450683 -0.0085128488816936607 0.0017799575044297015 0.020258795319888705 0.003283972655077105 0.039135139884933529 0.0030783556581873758 -0.011842510433658512 -0.010318783463952099 -0.0052438836230548833 -0.01019926017104471 -0.0072031445898519258 0.016960040099452508 -0.0019690763670503031 -0.023341969917567561 0.0042363922867567983 0.0061425795756736984 0.00051499552024226363 -0.0010664237469949448 0.0069783824106396776 -0.0044670050973224414 8.1560498104575217e-05 0.0067324874023512215 0.0087204988009810021 -0.020739890869745717 0.0063228557359794116 -0.028349105290551076 0.0053424896376440597 0.0022197081598321136 -0.0041708704183984159 0.00040350982153637715
leaf_weight=722835 85685 148928 19617 229722 3377 201739 13291 58586 114244 61406 67303 26429 487023 19384 86826 53611 100706 92473 241674 293270 1050380 3391 16773 6979 133023 10377 158319 65826 26632 400171
leaf_count=722835 85685 148928 19617 229722 3377 201739 13291 58586 114244 61406 67303 26429 487023 19384 86826 53611 100706 92473 241674 293270 1050380 3391 16773 6979 133023 10377 158319 65826 26632 400171
internal_value=8.37685e-09 -0.00030715 0.000997363 0.00461948 2.41047e-05 0.00367199 -0.000119004 -0.00291689 -0.00126912 0.00014459 -0.000507912 0.00151423 0.000862344 -0.000243635 0.00720556 -0.00116468 0.00330766 0.00377079 0.00507727 -2.92196e-05 -0.000911226 0.00138016 -0.00720042 5.91295e-05 0.0017809 -0.01971 0.000879583 -0.00373453 -0.0122499 0.0018036
internal_weight=5e+06 3.82271e+06 1.17729e+06 249339 927951 205116 3.73702e+06 321758 263172 3.41527e+06 2.31323e+06 1.10203e+06 988778 2.25183e+06 113255 540634 448144 434853 342380 2.18452e+06 1.34365e+06 840875 37520 23752 803355 13768 670332 111842 46016 558490
internal_count=5000000 3822710 1177290 249339 927951 205116 3737025 321758 263172 3415267 2313234 1102033 988778 2251828 113255 540634 448144 434853 342380 2184525 1343650 840875 37520 23752 803355 13768 670332 111842 46016 558490
cat_boundaries=0 1 2 3 4 5 6
cat_threshold=16744460 1835008 480 3840 3584 98304
is_linear=0
shrinkage=0.1


Tree=126
num_leaves=31
num_cat=3
split_feature=6 77 83 2 86 2 73 0 77 1 89 76 75 0 48 0 76 5 83 77 89 82 74 54 80 65 74 20 80 80
split_gain=154.958 356.664 336.424 332.048 271.545 333.921 237.904 294.684 264.318 461.173 261.09 232.437 229.489 422.132 248.628 406.927 354.543 353.937 288.726 261.372 260.786 250.983 231.587 214.113 213.71 212.027 205.139 203.642 413.368 245.348
threshold=-4.2499999999999991 -3.1499999761581416 -5.0499999523162833 -10.249999999999998 -6.4500000476837149 -10.249999999999998 144.7174987792969 -12.849999904632567 -8.9499998092651349 -12.849999904632567 -6.9500000476837149 0 1 -12.849999904632567 1.1500000357627871 -12.849999904632567 2 -12.949999809265135 -13.249999999999998 -13.15000009536743 -13.15000009536743 0.25000000745058065 213.00000000000003 2.0499999523162846 -13.749999999999998 1.9499999880790713 878.50000000000011 1.2500000000000002 2.6499999761581425 -2.7499999999999996
decision_type=10 8 10 8 10 8 2 2 10 8 10 1 1 2 8 2 1 8 10 10 10 10 2 8 10 10 2 10 8 8
left_child=2 -2 4 -4 6 -6 8 -8 10 -10 12 -11 14 -14 16 18 25 20 19 22 21 -18 24 -19 -16 -1 27 29 -29 -3
right_child=1 26 3 -5 5 -7 7 -9 9 11 -12 -13 13 -15 15 -17 17 23 -20 -21 -22 -23 -24 -25 -26 -27 -28 28 -30 -31
leaf_value=0.0091416660799272676 -0.0072988013469098782 -0.0050110276850646356 0.052897918253644316 0.0076728363005761791 0.042927907895314893 0.0046086510451041895 0.069624584313416046 0.0071201869515326397 0.073374979961394346 -0.010479013407352491 0.006239397850940482 0.0080730142308708154 0.032263697790179673 -0.010106498237428388 -0.034549555046832284 -0.015416479201374339 -0.12396663356393489 -0.015269905052242081 0.063728043423286071 0.069138667235489601 -0.0046385612483433583 -0.048916050243545062 0.041259505221590997 -0.052892442204013117 0.032262173582727864 -0.02419745293921325 -0.0045783942071301251 -0.0047490594361954607 7.9406215361224573e-05 0.0028263523363062648
leaf_weight=3851 68092 44164 1669 59499 2422 37240 896 4769 917 10579 10747 18635 3192 8929 2079 15486 939 5422 1054 550 470 848 829 2098 622 3780 96275 185548 3990487 417912
leaf_count=3851 68092 44164 1669 59499 2422 37240 896 4769 917 10579 10747 18635 3192 8929 2079 15486 939 5422 1054 550 470 848 829 2098 622 3780 96275 185548 3990487 417912
internal_value=-4.24672e-09 -0.000112905 0.00274503 0.00890683 -1.91383e-05 0.00694866 -0.00287725 0.0170061 -0.00411468 0.00354598 -0.00790513 0.00135411 -0.0109363 0.0010506 -0.0147534 -0.0073279 -0.0235575 -0.0361528 0.0170702 0.0050169 -0.0709196 -0.0883523 -0.00497375 -0.0257662 -0.0191638 -0.00736315 -9.55443e-06 8.52827e-05 -0.00013513 0.00207728
internal_weight=5e+06 4.80248e+06 197522 61168 136354 39662 96692 5665 91027 30131 60896 29214 50149 12121 38028 20620 17408 9777 5134 4080 2257 1787 3530 7520 2701 7631 4.73439e+06 4.63811e+06 4.17604e+06 462076
internal_count=5000000 4802478 197522 61168 136354 39662 96692 5665 91027 30131 60896 29214 50149 12121 38028 20620 17408 9777 5134 4080 2257 1787 3530 7520 2701 7631 4734386 4638111 4176035 462076
cat_boundaries=0 1 2 3
cat_threshold=114048 6 65264
is_linear=0
shrinkage=0.1


Tree=127
num_leaves=31
num_cat=11
split_feature=85 74 73 76 76 79 34 72 78 28 72 76 76 75 72 76 1 75 21 72 74 6 86 0 76 1 76 75 28 76
split_gain=154.161 232.266 192.804 317.986 264.27 416.48 329.544 300.169 239.61 297.568 304.758 385.76 308.615 415.961 272.55 284.417 264.954 242.036 237.327 261.695 234.607 228.715 221.95 207.652 203.35 198.072 570.948 193.997 196.54 192.705
threshold=1.0500000119209292 249.50000000000003 141.52664947509768 0 1 5.4500000476837167 1.0000000180025095e-35 43.847499847412116 1.0000000180025095e-35 1.0000000180025095e-35 34.745000839233406 2 3 4 40.670848846435554 5 14.750000000000002 6 29.849999427795414 30.90164947509766 48.500000000000007 5.0499999523162851 2.8500000238418584 30.550000190734867 7 3.2500000000000004 8 9 1.0000000180025095e-35 10
decision_type=8 2 2 1 1 10 8 2 8 10 2 1 1 1 2 1 8 1 10 2 2 8 8 2 1 8 1 1 10 1
left_child=-1 2 4 27 5 6 8 18 9 10 11 17 13 -12 23 -16 20 -2 19 -6 -15 -21 -23 -14 -8 26 -13 28 29 -4
right_child=1 -3 3 -5 7 -7 24 -9 -10 -11 12 25 14 16 15 -17 -18 -19 -20 21 -22 22 -24 -25 -26 -27 -28 -29 -30 -31
leaf_value=0.0010624876208542734 0.0033703362457503947 -0.0018115982845428643 0.033846495208059373 -0.0023933724727007361 0.0058506454994701656 -0.0095667198972733229 -0.01349189922464291 0.014001946884716135 -0.0055195343727989787 -0.00969404225733176 -0.0012554078243514086 -0.010655176681059912 0.0018050205668177827 0.0235508751365055 0.011279660552342724 -0.010995144701869795 0.0057715960398664438 -0.012705708964152998 -0.0066207764222472243 0.0036101187004792821 0.0084073291226608084 -0.0081407269952740256 0.00054444672357917094 0.019207285835658748 -0.0027565847217721619 -0.0002659004802368825 0.030892223855932821 0.0018709767147917535 -0.022285822465476716 0.0097280899690397084
leaf_weight=1072638 12143 799241 4970 510323 113745 53106 27665 18052 64775 25598 41580 5961 200223 22684 7041 30694 47508 40938 39514 256602 18634 30122 1269374 7100 48733 163813 7414 48492 1334 9983
leaf_count=1072638 12143 799241 4970 510323 113745 53106 27665 18052 64775 25598 41580 5961 200223 22684 7041 30694 47508 40938 39514 256602 18634 30122 1269374 7100 48733 163813 7414 48492 1334 9983
internal_value=-4.30231e-09 -0.000290191 9.85312e-05 -0.00155561 0.000471148 -0.00100051 -0.000411632 0.00117452 0.00027261 0.000866888 0.00131319 -0.00155101 0.00306978 0.00699971 0.000978162 -0.0068388 0.0108637 -0.00902815 0.00103906 0.00122032 0.0167213 0.000881857 0.000343127 0.00240098 -0.00664615 0.00068942 0.0123904 0.00504384 0.0144836 0.0177736
internal_weight=5e+06 3.92736e+06 3.12812e+06 575102 2.55302e+06 825610 772504 1.72741e+06 696106 631331 605733 230269 375464 130406 245058 37735 88826 53081 1.70936e+06 1.66984e+06 41318 1.5561e+06 1.2995e+06 207323 76398 177188 13375 64779 16287 14953
internal_count=5000000 3927362 3128121 575102 2553019 825610 772504 1727409 696106 631331 605733 230269 375464 130406 245058 37735 88826 53081 1709357 1669843 41318 1556098 1299496 207323 76398 177188 13375 64779 16287 14953
cat_boundaries=0 1 2 3 4 5 6 7 8 9 10 11
cat_threshold=112 4080 96 224 6150 16 224 448 144 112 32
is_linear=0
shrinkage=0.1


Tree=128
num_leaves=31
num_cat=5
split_feature=25 76 5 80 80 86 2 2 74 89 23 2 1 21 0 1 76 75 89 76 74 76 73 20 1 83 77 48 77 2
split_gain=157.19 188.236 165.249 447.519 380.635 365.464 361.847 322.698 246.994 229.506 321.275 207.046 201.084 192.645 475.275 870.21 412.156 452.386 409.441 370.381 303.205 298.14 255.72 253.792 455.135 431.619 371.919 284.204 260.721 271.214
threshold=2.2500000000000004 0 -2.1499999761581416 -3.0499999523162837 -1.9499999880790708 -3.1499999761581416 -4.8500001430511466 -5.9500000476837149 577.00000000000011 -3.6499999761581416 -5.8500001430511466 -7.5499999523162833 -5.9500000476837149 3.6499999761581425 1.6500000357627871 1.4499999880790713 1 2 8.0500001907348651 3 44.500000000000007 4 135.92420196533206 12.650000095367433 20.750000000000004 10.449999809265138 15.84999990463257 2.2500000000000004 15.250000000000002 14.550000190734865
decision_type=8 1 8 10 8 10 10 10 2 10 8 10 10 10 2 8 1 1 8 1 2 1 2 10 10 8 8 8 10 10
left_child=2 -2 3 5 -4 9 8 -7 12 10 -1 -11 -5 21 16 19 17 20 -17 -16 -15 -6 -22 24 25 -20 -25 -26 29 -27
right_child=1 -3 4 6 13 7 -8 -9 -10 11 -12 -13 -14 14 15 18 -18 -19 23 -21 22 -23 -24 26 27 28 -28 -29 -30 -31
leaf_value=0.0012788052076357498 0.0079203075767262394 -0.00011401231077052768 -0.0075153632832006545 0.065098387368058327 -0.0044348988426505132 0.032823763321623775 0.0059154263831940716 0.0052736297685713092 0.0053459049202137614 0.033018651601837534 -0.0072471695599500468 0.0037996755029999561 0.026678271499046766 0.0072602530848342511 0.038915438712854848 -0.0034498862416322048 -0.014650045539430827 0.023416682418660378 -0.0015226239052281939 0.0088532841351210805 -0.026189147034946819 0.0022447294387789975 -0.0044267378673650678 -0.0037570175243674857 -0.032742188328111148 0.0040255968776479979 -2.3899724834646225e-05 -0.0024309031962299029 0.0095690435955390202 -0.0015311819437730718
leaf_weight=85869 54454 62778 70854 1823 75635 4750 66271 40517 3976 2672 91070 26249 5390 12887 7579 377999 43103 6517 255488 8954 8124 572931 16100 302907 6137 361330 2243381 6237 61975 116043
leaf_count=85869 54454 62778 70854 1823 75635 4750 66271 40517 3976 2672 91070 26249 5390 12887 7579 377999 43103 6517 255488 8954 8124 572931 16100 302907 6137 361330 2243381 6237 61975 116043
internal_value=3.47497e-09 0.00361858 -8.68761e-05 0.00207892 -0.000243139 2.93001e-05 0.00872382 0.00816455 0.0253575 -0.00175958 -0.00310949 0.00649921 0.0363885 -0.00012821 -0.000397789 -0.000228438 -0.00771621 -0.000862266 -0.000329863 0.0226632 -0.00513101 0.00146573 -0.0117252 2.18196e-05 0.0015669 0.00186317 -0.000467992 -0.0174641 0.00346701 0.00267482
internal_weight=5e+06 117232 4.88277e+06 328587 4.55418e+06 251127 77460 45267 11189 205860 176939 28921 7213 4.48333e+06 3.83476e+06 3.74803e+06 86731 43628 3.7315e+06 16533 37111 648566 24224 3.3535e+06 807210 794836 2.54629e+06 12374 539348 477373
internal_count=5000000 117232 4882768 328587 4554181 251127 77460 45267 11189 205860 176939 28921 7213 4483327 3834761 3748030 86731 43628 3731497 16533 37111 648566 24224 3353498 807210 794836 2546288 12374 539348 477373
cat_boundaries=0 1 2 3 4 5
cat_threshold=1047296 31200 6158 448 132992
is_linear=0
shrinkage=0.1


Tree=129
num_leaves=31
num_cat=12
split_feature=91 76 75 1 17 74 50 72 88 73 76 76 73 75 76 75 27 75 24 76 13 2 86 90 26 76 75 21 76 73
split_gain=153.973 185.374 315.161 270.026 192.442 181.622 180.242 179.357 178.342 166.49 759.83 422.701 495.464 418.614 290.816 437.325 389.695 266.826 252.53 246.6 241.247 231.757 223.902 218.643 207.261 185.891 381.171 343.682 232.322 214.84
threshold=0.94999998807907116 0 1 -0.45000000298023218 6.8500001430511483 408.50000000000006 1.4499999880790713 33.951650619506843 1.3499999642372134 140.06079864501956 2 3 135.22000122070315 4 5 6 1.0000000180025095e-35 7 1.0000000180025095e-35 8 23.44999980926514 -10.249999999999998 -7.1499998569488517 1.0000000180025095e-35 1.0000000180025095e-35 9 10 27.650000572204593 11 133.57084655761722
decision_type=8 1 1 8 10 2 10 2 10 2 1 1 2 1 1 1 10 1 2 1 10 8 10 10 10 1 1 10 1 2
left_child=1 2 -1 4 -4 9 7 -5 -7 11 18 12 17 24 15 16 23 -2 21 -20 -17 22 -11 -12 -14 26 28 -28 -13 -30
right_child=5 -3 3 6 -6 8 -8 -9 -10 10 14 25 13 -15 -16 20 -18 -19 19 -21 -22 -23 -24 -25 -26 -27 27 -29 29 -31
leaf_value=-0.0010784351689267163 -0.015974863437252292 0.00053278600315819272 0.015409994124397445 0.013758714296336483 0.046742400039598703 -0.00086613691525687397 0.012821942106124397 -0.00034890490823730663 -0.0051745457214793537 0.0042703909120803398 0.027849280576137749 0.0071966561073861478 0.013505178924504327 -0.0045800278733771002 0.00060123708668835584 0.0012390134163101777 -0.026317921588308774 -0.0048032552059923822 -0.0073738848124891791 0.0070197640436350725 0.016295599877100456 -0.0039963025568438186 0.044251937943634995 -0.027440866752719742 -0.012258542883157857 0.00035682336172122484 0.0053816424092793151 -0.003039645580948395 0.0011844308819041458 -0.0080980253176144712
leaf_weight=63303 36770 809249 7847 11544 2613 325822 26789 41083 136256 6628 15424 21525 27225 45129 591067 74357 1609 51131 16452 42980 12419 634599 1776 750 3527 1506443 326191 56918 42755 59819
leaf_count=63303 36770 809249 7847 11544 2613 325822 26789 41083 136256 6628 15424 21525 27225 45129 591067 74357 1609 51131 16452 42980 12419 634599 1776 750 3527 1506443 326191 56918 42755 59819
internal_value=1.55584e-08 0.00113663 0.00432645 0.00813301 0.0232371 -0.000270917 0.00614465 0.00274567 -0.00213659 -2.98083e-05 -0.000881407 0.000516976 -0.00436831 0.00155118 0.00146126 0.00632239 0.0206048 -0.00947883 -0.00320134 0.00303525 0.00339345 -0.00377783 0.0127196 0.0252854 0.0105469 0.000914342 0.00257017 0.00413039 -0.00224638 -0.00422849
internal_weight=5e+06 962428 153179 89876 10460 4.03757e+06 79416 52627 462078 3.57549e+06 1.39806e+06 2.17743e+06 163782 75881 695626 104559 17783 87901 702435 59432 86776 643003 8404 16174 30752 2.01365e+06 507208 383109 124099 102574
internal_count=5000000 962428 153179 89876 10460 4037572 79416 52627 462078 3575494 1398061 2177433 163782 75881 695626 104559 17783 87901 702435 59432 86776 643003 8404 16174 30752 2013651 507208 383109 124099 102574
cat_boundaries=0 1 2 3 4 5 6 7 8 9 10 11 12
cat_threshold=17280 4322 524032 96 496 96 48 3608 1792 647168 7168 524288
is_linear=0
shrinkage=0.1


Tree=130
num_leaves=31
num_cat=2
split_feature=89 2 80 86 21 76 86 23 83 76 13 89 86 70 21 25 80 1 88 89 1 21 86 80 21 1 2 89 3 83
split_gain=153.546 213.326 366.353 310.988 375.482 265.108 221.746 297.425 352.513 239.704 219.619 218.046 210.086 208.567 203.785 202.953 205.865 199.9 188.578 190.777 480.749 313.172 338.592 318.993 259.824 291.905 231.559 208.36 199.92 319.471
threshold=30.650000572204593 25.849999427795414 25.150000572204593 24.550000190734867 29.050000190734867 0 26.050000190734867 23.050000190734867 21.349999427795414 1 22.849999427795414 28.849999427795414 29.550000190734867 5.9500000476837167 28.849999427795414 0.75000000000000011 21.849999427795414 26.750000000000004 0.75000000000000011 16.150000572204593 15.150000095367433 12.449999809265138 12.84999990463257 11.449999809265138 18.150000572204593 22.150000572204593 13.84999990463257 20.650000572204593 12.449999809265138 8.0500001907348651
decision_type=10 10 10 8 10 1 10 10 10 1 8 8 10 10 8 8 8 10 8 10 8 10 8 10 8 10 8 8 10 10
left_child=1 2 6 -3 5 10 7 8 13 14 17 -6 -7 18 -9 16 -11 -5 -1 21 -21 23 -23 28 25 -22 -25 -26 29 -20
right_child=-2 3 -4 4 11 12 -8 9 -10 15 -12 -13 -14 -15 -16 -17 -18 -19 19 20 24 22 -24 26 27 -27 -28 -29 -30 -31
leaf_value=0.0014465835396462979 0.0049675880790035027 -0.01064909613727778 0.0062609321294010718 -7.383221667429631e-05 -0.015256791911322554 0.0015202986952971235 0.0071114217343680036 -5.6679674896914874e-05 0.0040919032378682503 -0.011480261934762467 0.00061171772059115132 -0.0039447261081141018 0.013184058507834735 0.0029972840621635861 0.014568456416259255 0.0034625744358230816 -0.0038603442678294647 -0.01256746612077975 -0.00082277762415502444 0.011969100837801283 0.0039066233793303741 -0.0073021736970757638 -0.0016431547889970183 0.0078805942195536143 -0.0040663179045605114 -0.011653241655060577 2.8432440584211192e-05 0.0017398799761160523 -0.0044260999398873253 0.0035906739859573873
leaf_weight=570844 61458 39530 95713 20055 24714 172500 43507 80797 218653 42825 61898 54875 16961 213643 10801 30568 206033 35434 1306397 38525 197646 128690 592581 80487 156560 12840 70411 102121 125374 187559
leaf_count=570844 61458 39530 95713 20055 24714 172500 43507 80797 218653 42825 61898 54875 16961 213643 10801 30568 206033 35434 1306397 38525 197646 128690 592581 80487 156560 12840 70411 102121 125374 187559
internal_value=1.03816e-08 -6.1809e-05 0.00014012 -0.00220099 -0.0013368 0.000250724 7.48249e-06 -6.31889e-05 0.000187899 -0.00277174 -0.00348333 -0.00745735 0.00256433 -3.77073e-05 0.0016677 -0.00422693 -0.00517163 -0.00805198 -0.000219331 -0.000536409 0.0012304 -0.000896432 -0.00265284 -0.000180791 0.00034861 0.00295745 0.00421667 -0.00177417 -0.000590571 -0.00026869
internal_weight=5e+06 4.93854e+06 4.51258e+06 425967 386437 306848 4.41686e+06 4.37336e+06 4.00233e+06 371024 117387 79589 189461 3.78368e+06 91598 279426 248858 55489 3.57004e+06 2.99919e+06 507692 2.4915e+06 721271 1.77023e+06 469167 210486 150898 258681 1.61933e+06 1.49396e+06
internal_count=5000000 4938542 4512575 425967 386437 306848 4416862 4373355 4002331 371024 117387 79589 189461 3783678 91598 279426 248858 55489 3570035 2999191 507692 2491499 721271 1770228 469167 210486 150898 258681 1619330 1493956
cat_boundaries=0 1 2
cat_threshold=983488 983264
is_linear=0
shrinkage=0.1


Tree=131
num_leaves=31
num_cat=5
split_feature=83 4 0 80 1 86 20 1 0 83 83 2 89 76 73 76 72 1 77 2 83 76 21 1 86 77 9 75 1 76
split_gain=146.47 150.739 627.723 462.546 510.482 413.923 355.766 517.805 488.309 397.283 341.417 373.5 310.757 303.019 329.465 293.874 439.542 283.862 236.341 351.616 416.054 308.164 296.981 434.333 431.17 367.421 298.418 534.026 391.434 376.884
threshold=34.049999237060554 6.6499998569488534 5.8500001430511483 4.2500000000000009 3.6499999761581425 4.2500000000000009 3.6499999761581425 -3.0499999523162837 -2.4500000476837154 5.0499999523162851 -1.7499999999999998 -5.3500001430511466 5.4500000476837167 0 138.28914642333987 1 36.013349533081062 0.84999999403953563 8.0500001907348651 9.4499998092651385 10.650000095367433 2 13.84999990463257 20.150000572204593 17.150000572204593 15.750000000000002 4.8500001430511483 3 14.050000190734865 4
decision_type=10 8 2 10 8 10 10 8 2 10 10 8 10 1 2 1 2 8 8 8 8 1 10 10 8 10 8 1 10 1
left_child=1 3 -3 5 -5 6 10 8 13 12 -1 -12 15 14 -8 16 -9 -7 -4 21 -21 -20 23 25 -24 26 27 28 -22 -29
right_child=-2 2 18 4 -6 17 7 9 -10 -11 11 -13 -14 -15 -16 -17 -18 -19 19 20 22 -23 24 -25 -26 -27 -28 29 -30 -31
leaf_value=-0.0011588316773100151 0.014899722412782215 -0.0073324033530920143 -0.0043152359263985826 0.014699354017284467 0.0026862115757871376 0.022988866268193898 -0.014726102473197734 -0.0023008162574692445 0.055218196972348838 0.005384248088068381 0.031829266799786322 0.002754319868262598 0.0055441588612528299 -0.01630600297850885 0.037807362190984746 -0.0058611718127081179 -0.028978177395349955 0.003962446306641226 0.01139101486829865 -0.0051549659364583779 -0.0083216542036349279 0.0020388092906723403 -0.0037458708217991358 -0.012186935565903861 0.00010692458863064184 0.0096396761134192009 0.0025232357584398582 -0.02624597990516089 -0.036832791118181579 0.0087964171028226869
leaf_weight=479220 6589 124846 128904 43391 191416 8318 1760 10924 2589 34731 4489 280417 20940 3646 3711 187423 14210 136851 44051 162239 16184 175934 339019 20495 2028214 65954 430436 3539 6855 22705
leaf_count=479220 6589 124846 128904 43391 191416 8318 1760 10924 2589 34731 4489 280417 20940 3646 3711 187423 14210 136851 44051 162239 16184 175934 339019 20495 2028214 65954 430436 3539 6855 22705
internal_value=9.34294e-09 -1.96514e-05 -0.000366691 0.000850209 0.00490617 4.93806e-05 -0.000646286 -0.00369611 0.0168914 -0.00459458 0.000471001 0.00321243 -0.00607886 0.00600751 0.0208694 -0.0072239 -0.0173765 0.00505264 -0.00011422 4.91058e-05 -0.000225414 0.00391216 4.72275e-05 0.00210466 -0.000444847 0.00264144 0.00167929 -0.00569167 -0.0167975 0.00406276
internal_weight=5e+06 4.99341e+06 3.56938e+06 1.42404e+06 234807 1.18923e+06 1.04406e+06 279934 11706 268228 764126 284906 233497 9117 5471 212557 25134 145169 3.44453e+06 3.31562e+06 3.09564e+06 219985 2.9334e+06 566168 2.36723e+06 545673 479719 49283 23039 26244
internal_count=5000000 4993411 3569375 1424036 234807 1189229 1044060 279934 11706 268228 764126 284906 233497 9117 5471 212557 25134 145169 3444529 3315625 3095640 219985 2933401 566168 2367233 545673 479719 49283 23039 26244
cat_boundaries=0 1 2 3 4 5
cat_threshold=448 1536 6225920 7170 393728
is_linear=0
shrinkage=0.1


Tree=132
num_leaves=31
num_cat=5
split_feature=91 76 72 72 48 0 74 72 75 18 70 89 46 83 5 75 76 12 1 77 80 74 21 1 77 77 72 74 1 75
split_gain=142.681 527.849 377.965 322.981 257.842 253.851 222.699 181.583 178.318 202.882 167.363 162.326 163.021 160.515 155.921 287.233 322.506 335.847 473.627 242.334 238.176 189.522 187.365 179.763 177.218 163.55 154.499 185.877 152.425 182.908
threshold=1.9499999880790713 0 37.921701431274421 44.050001144409187 1.0500000119209292 -12.849999904632567 388.50000000000006 30.90164947509766 1 14.250000000000002 0.55000001192092907 10.449999809265138 1.0000000180025095e-35 30.050000190734867 19.44999980926514 2 3 21.650000572204593 11.84999990463257 17.050000190734867 12.449999809265138 15.500000000000002 16.050000190734867 15.449999809265138 22.750000000000004 13.449999809265138 36.851650238037116 144.50000000000003 2.6499999761581425 4
decision_type=10 1 2 2 8 2 2 2 1 10 8 10 10 10 10 1 1 10 8 8 10 2 8 8 10 10 2 2 10 1
left_child=10 2 8 7 -4 -6 -7 -3 -2 -10 -1 -11 -13 14 15 -12 17 18 20 -16 21 22 -17 -19 -18 28 27 -9 29 -23
right_child=1 3 4 -5 5 6 -8 26 9 11 13 12 -14 -15 19 16 24 23 -20 -21 -22 25 -24 -25 -26 -27 -28 -29 -30 -31
leaf_value=-0.0011314671063842143 -0.0044131595090332399 0.0058369153681426464 0.0033752390559771621 0.0097957218029225551 0.064827257073960295 -0.0059058853637258477 -0.019150697018963353 -5.4772314793473322e-05 0.0044446040754023584 -0.01786016816733722 1.975825964176954e-05 -0.0016196988503927824 0.0072225818087645628 0.0069145476269506043 -0.0088398899707505356 0.012477225739513882 0.00076913650539719037 0.030480135125044463 0.0002529214320394644 -0.00020872669517349224 0.027050895676385522 0.008276625287866329 0.03918213810436591 0.011221563344164309 0.0092495421197017844 0.035998896960649333 0.0016688868145760289 -0.0054638966190982616 0.003041592931104588 0.034672494729174996
leaf_weight=627108 106802 59677 29773 39957 499 255702 13358 253876 86682 5696 1131868 220123 23032 40601 33884 16358 564389 6708 135033 813667 6936 11837 3130 17468 25767 1755 314888 84732 65322 3372
leaf_count=627108 106802 59677 29773 39957 499 255702 13358 253876 86682 5696 1131868 220123 23032 40601 33884 16358 564389 6708 135033 813667 6936 11837 3130 17468 25767 1755 314888 84732 65322 3372
internal_value=3.17269e-09 -0.000818017 -0.00271162 0.00104679 -0.00545589 -0.00643129 -0.00656345 0.000556625 -0.000854613 0.000278215 0.000348849 -0.00117305 -0.000782145 0.000671395 0.000582063 0.00106584 0.00244568 0.00532296 0.00420811 -0.00055379 0.009121 0.00789906 0.0167663 0.0165651 0.00113938 0.005799 7.44307e-05 -0.00140833 0.00514086 0.0141571
internal_weight=5e+06 1.4948e+06 741667 753130 299332 269559 269060 713173 442335 335533 3.5052e+06 248851 243155 2.8781e+06 2.83749e+06 1.98994e+06 858075 267919 243743 847551 108710 101774 19488 24176 590156 82286 653496 338608 80531 15209
internal_count=5000000 1494797 741667 753130 299332 269559 269060 713173 442335 335533 3505203 248851 243155 2878095 2837494 1989943 858075 267919 243743 847551 108710 101774 19488 24176 590156 82286 653496 338608 80531 15209
cat_boundaries=0 1 2 3 4 5
cat_threshold=65472 6146 4126 2490848 2048
is_linear=0
shrinkage=0.1


Tree=133
num_leaves=31
num_cat=5
split_feature=6 80 86 1 74 86 1 21 80 10 2 76 75 76 72 82 3 80 83 76 86 9 75 77 20 83 52 48 1 1
split_gain=137.249 357.628 356.804 336.269 350.31 288.916 332.25 208.685 423.183 296.375 290.028 275.975 371.129 356.361 289.396 285.674 256.42 463.554 418.225 285.192 299.553 287.049 293.925 270.616 273.905 378.223 259.779 292.023 257.352 252.957
threshold=-0.45000000298023218 -2.7499999999999996 -0.35000000894069666 -4.3500001430511466 553.50000000000011 -3.1499999761581416 -4.8500001430511466 3.6499999761581425 11.449999809265138 -2.5499999523162837 11.449999809265138 0 1 2 36.073350906372077 1.2500000000000002 16.750000000000004 16.250000000000004 17.44999980926514 3 18.94999980926514 4.8500001430511483 4 16.050000190734867 20.750000000000004 23.150000572204593 1.2500000000000002 2.1499999761581425 14.750000000000002 13.84999990463257
decision_type=10 10 8 8 2 10 8 10 8 8 10 1 1 1 2 8 8 8 10 1 10 8 1 8 10 8 8 8 8 8
left_child=1 5 -2 4 -3 -1 -7 9 10 -4 11 15 13 14 -13 -9 18 -18 19 21 26 22 29 -19 -25 -26 27 -21 -20 -10
right_child=2 3 7 -5 -6 6 -8 8 16 -11 -12 12 -14 -15 -16 -17 17 23 28 20 -22 -23 -24 24 25 -27 -28 -29 -30 -31
leaf_value=-0.0020148429784126046 -0.0056876156887979831 0.040795458156047251 -0.0093704833375708747 0.0043475030060026176 0.002190434851059647 0.024221373630095737 0.0027034564646680505 0.00019175008853181168 -0.0078292773551024274 0.0023893937471756049 -0.0079731005750542563 -0.02405491779537007 -0.00096232371400049106 0.0029108446104973672 0.030639143072205385 -0.006848617741298778 -0.0075782609367658115 -0.0079448914149708259 0.021377656093142128 -0.0010845229658429957 0.011168308248944499 0.0053276277641007876 0.0025421225451100044 0.0015801754682886245 -0.0041662569438632802 5.0609711044477925e-05 0.0012632787485269159 -0.0086164335560691141 0.005683331946672197 -0.038620962176132548
leaf_weight=249242 114407 5317 22417 147542 4213 7836 85157 91326 10983 487076 88029 1074 264402 21332 9748 156225 88683 43922 11884 336471 23117 203425 25375 691977 276023 927159 454860 60774 86480 3524
leaf_count=249242 114407 5317 22417 147542 4213 7836 85157 91326 10983 487076 88029 1074 264402 21332 9748 156225 88683 43922 11884 336471 23117 203425 25375 691977 276023 927159 454860 60774 86480 3524
internal_value=1.05654e-08 0.001573 -0.000174497 0.00552344 0.023729 -0.000240088 0.00451665 -3.0699e-05 -0.000280751 0.00187198 -0.0026478 -0.00178624 0.00027147 0.0104141 0.0251879 -0.00425113 0.000180406 -0.000508261 0.00132796 0.000778203 -6.37236e-05 0.00380662 -0.00395059 -0.000184917 -5.07314e-06 -0.000916785 -0.000368441 -0.00223682 0.00757947 -0.0152986
internal_weight=5e+06 499307 4.50069e+06 157072 9530 342235 92993 4.38629e+06 3.87679e+06 509493 632136 544107 296556 32154 10822 247551 3.24466e+06 2.02776e+06 1.21689e+06 1.11853e+06 875222 243307 39882 1.93908e+06 1.89516e+06 1.20318e+06 852105 397245 98364 14507
internal_count=5000000 499307 4500693 157072 9530 342235 92993 4386286 3876793 509493 632136 544107 296556 32154 10822 247551 3244657 2027764 1216893 1118529 875222 243307 39882 1939081 1895159 1203182 852105 397245 98364 14507
cat_boundaries=0 1 2 3 4 5
cat_threshold=16263 480 131120 4161536 7168
is_linear=0
shrinkage=0.1


Tree=134
num_leaves=31
num_cat=5
split_feature=74 76 73 72 74 1 2 86 3 80 22 76 23 76 77 25 77 83 21 2 14 5 0 75 76 1 26 52 77 1
split_gain=139.791 198.647 184.022 232.994 165.111 151.123 149.384 136.476 141.815 213.266 175.598 173.587 171.293 219.62 219.039 206.72 262.598 216.57 163.676 149.215 206.226 139.239 484.806 459.537 560.213 470.799 320.35 353.48 260.525 457.581
threshold=752.50000000000011 0 140.23665618896487 35.859998703002937 1099.0000000000002 -12.849999904632567 -7.5499999523162833 34.049999237060554 31.150000572204593 29.250000000000004 29.650000572204593 1 27.150000572204593 2 26.349999427795414 1.0000000180025095e-35 26.250000000000004 28.44999980926514 30.44999980926514 24.250000000000004 29.050000190734867 8.4499998092651385 7.2500000000000009 3 4 -0.45000000298023218 1.0000000180025095e-35 1.3499999642372134 3.8500000238418584 2.6499999761581425
decision_type=2 1 2 2 2 8 10 10 10 10 10 1 10 1 10 8 8 8 10 8 10 10 2 1 1 8 10 8 10 8
left_child=7 2 3 -2 6 -6 -5 8 9 12 -11 -10 14 15 21 16 -14 18 -18 20 -15 23 -23 24 25 -1 27 -27 -25 -30
right_child=1 -3 -4 4 5 -7 -8 -9 11 10 -12 -13 13 19 -16 -17 17 -19 -20 -21 -22 22 -24 28 -26 26 -28 -29 29 -31
leaf_value=0.054573649577082078 -0.019667808820864774 -0.00019385827017006025 -0.026167011742180515 0.052297096078485407 0.16481703860918062 -0.012966427011083593 0.0005400281922752759 0.014870907460831527 -0.017006959116311393 0.011501007382348973 0.00065878950331721485 -0.0024146079928190687 -0.017393916354183477 0.0035012167556002639 0.0052019622496036096 0.006143113511132621 -0.0080741037847230669 -0.0012081134271709204 -0.027863735538347756 -0.00080038317827056194 0.02845922520070723 -0.0061355044519349564 -3.0129428553728145e-05 -0.00051451794872759587 0.0029987145443399334 0.006160051442183994 -0.02911451501521254 0.029320743291310215 0.018144721786617968 0.0018350553564892976
leaf_weight=3062 9954 93310 4939 569 48 12286 27966 6241 9583 29838 29913 54350 18352 13960 85737 14840 32877 70968 4788 65095 4340 136759 2655087 1124365 200505 15583 1675 11418 18512 243080
leaf_count=3062 9954 93310 4939 569 48 12286 27966 6241 9583 29838 29913 54350 18352 13960 85737 14840 32877 70968 4788 65095 4340 136759 2655087 1124365 200505 15583 1675 11418 18512 243080
internal_value=1.04066e-08 -0.00301625 -0.0077377 -0.00594826 -0.00260674 -0.0122746 0.00157209 9.27018e-05 7.36643e-05 0.000136231 0.00607309 -0.00460491 6.10915e-05 -0.00263015 0.000195911 -0.0050245 -0.00633 -0.0044609 -0.0105898 0.00144223 0.00942022 9.85872e-05 -0.000329202 0.000836643 0.00495322 0.017296 0.0133216 0.0159541 0.000146796 0.00298924
internal_weight=5e+06 149072 55762 50823 40869 12334 28535 4.85093e+06 4.84469e+06 4.78075e+06 59751 63933 4.721e+06 225220 4.49578e+06 141825 126985 108633 37665 83395 18300 4.41005e+06 2.79185e+06 1.6182e+06 232243 31738 28676 27001 1.38596e+06 261592
internal_count=5000000 149072 55762 50823 40869 12334 28535 4850928 4844687 4780754 59751 63933 4721003 225220 4495783 141825 126985 108633 37665 83395 18300 4410046 2791846 1618200 232243 31738 28676 27001 1385957 261592
cat_boundaries=0 1 2 3 4 5
cat_threshold=130816 262144 392219 1776 192
is_linear=0
shrinkage=0.1


Tree=135
num_leaves=31
num_cat=7
split_feature=85 76 85 75 76 75 76 76 1 90 48 76 73 17 1 89 3 86 21 80 21 77 89 2 89 0 77 5 77 1
split_gain=135.385 448.548 299.873 235.979 423.785 209.956 238.005 206.959 200.822 196.967 190.162 179.421 165.974 155.13 167.45 153.573 165.942 291.462 254.731 188.016 182.934 184.72 142.505 261.036 536.159 413.757 374.483 216.562 212.928 212.445
threshold=1.8499999642372134 0 4.1499998569488534 1 2 3 4 5 -2.7499999999999996 1.0000000180025095e-35 3.8500000238418584 6 135.55335235595706 -2.5499999523162837 -8.6500000953674299 29.44999980926514 24.349999427795414 25.750000000000004 17.150000572204593 25.250000000000004 27.150000572204593 22.550000190734867 1.8499999642372134 5.6499998569488534 9.0500001907348651 5.6499998569488534 8.6500000953674334 4.4500000476837167 0.65000000596046459 7.0499999523162851
decision_type=10 1 10 1 1 1 1 1 10 10 8 1 2 10 8 10 10 10 8 10 10 8 8 8 10 2 10 10 8 10
left_child=15 2 3 4 -2 6 9 -4 13 10 -3 -5 -13 -6 -15 16 17 19 -18 22 21 -20 27 24 26 -25 28 -1 -24 -26
right_child=1 5 7 11 8 -7 -8 -9 -10 -11 -12 12 -14 14 -16 -17 18 -19 20 -21 -22 -23 23 25 29 -27 -28 -29 -30 -31
leaf_value=-0.00058669230419123512 0.0036024730648353473 -0.011481491235639216 -0.012928595997277602 -0.0005029148850622117 -0.0058773817453222172 0.0026546997761503505 0.00064904788514992225 -0.0040969622987018246 -0.0053513204812895626 0.012060273006161951 0.00060921331461746137 -0.00096809130980415469 -0.0080595015524425589 0.079298604174668122 0.017822580088646567 0.005514666103615451 -0.015720115314843755 0.0095458921525873267 -0.0095700690755092712 0.0091996445438170035 -0.0049589153418348169 0.00072025360705007245 -0.0024720092125447134 -0.0075455428764525413 0.026612114056087811 0.0003614416643406902 0.022241674130583484 -0.0079142531973398402 0.0026847118105740417 0.0012416196076517859
leaf_weight=347176 198726 42372 29853 134292 2466 388117 228491 238543 98426 5456 18771 50793 94242 518 3063 56552 12475 35314 18645 24124 97058 270905 100294 68485 12664 1965939 8987 45635 397154 4464
leaf_count=347176 198726 42372 29853 134292 2466 388117 228491 238543 98426 5456 18771 50793 94242 518 3063 56552 12475 35314 18645 24124 97058 270905 100294 68485 12664 1965939 8987 45635 397154 4464
internal_value=6.0434e-09 -0.000782118 -0.00231426 -0.00104004 0.000891813 0.00112616 -0.000884274 -0.00507992 -0.00426419 -0.00614418 -0.00776963 -0.00313692 -0.00557562 0.0134238 0.0267152 0.000346205 0.000260473 0.000514498 -0.00165561 0.00040729 -0.00120178 5.76286e-05 0.000335409 0.000607734 0.00259904 9.52681e-05 0.00201053 -0.00143798 0.00164503 0.0199999
internal_weight=5e+06 1.53413e+06 850922 582526 303199 683207 295090 268396 104473 66599 61143 279327 145035 6047 3581 3.46587e+06 3.40932e+06 3.01024e+06 399083 2.97492e+06 386608 289550 2.9508e+06 2.55799e+06 523563 2.03442e+06 506435 392811 497448 17128
internal_count=5000000 1534129 850922 582526 303199 683207 295090 268396 104473 66599 61143 279327 145035 6047 3581 3465871 3409319 3010236 399083 2974922 386608 289550 2950798 2557987 523563 2034424 506435 392811 497448 17128
cat_boundaries=0 1 2 3 4 5 6 7
cat_threshold=131008 252 129024 572 393216 384 13248
is_linear=0
shrinkage=0.1


Tree=136
num_leaves=31
num_cat=12
split_feature=74 23 77 88 76 19 3 76 73 76 75 27 76 76 2 72 84 80 2 75 76 75 76 75 76 73 72 1 15 72
split_gain=143.186 211.352 232.879 229.937 191.751 187.188 319.581 180.404 178.029 596.965 437.149 380.182 364.558 309.779 367.558 279.865 255.528 246.269 239.953 313.672 331.426 235.448 197.91 250.677 589.622 504.427 195.702 330.312 305.25 190.079
threshold=105.50000000000001 -5.8500001430511466 -4.3500001430511466 1.9499999880790713 0 29.050000190734867 21.750000000000004 1 140.11250305175784 2 3 1.0000000180025095e-35 4 5 -5.9500000476837149 42.843351364135749 1.0000000180025095e-35 -10.949999809265135 17.94999980926514 6 7 8 9 10 11 134.19080352783206 35.859998703002937 3.6499999761581425 7.8500001430511483 36.527500152587898
decision_type=2 8 8 10 1 8 8 1 2 1 1 10 1 1 8 2 10 8 10 1 1 1 1 1 1 2 2 8 10 2
left_child=8 4 -3 5 -2 -4 -7 -5 12 10 -10 16 18 14 15 -11 21 -15 19 20 -1 -12 26 24 25 -24 27 28 -21 -27
right_child=1 2 3 7 -6 6 -8 -9 9 13 11 -13 -14 17 -16 -17 -18 -19 -20 22 -22 -23 23 -25 -26 29 -28 -29 -30 -31
leaf_value=0.029480962218376695 -0.0055945870367646762 -0.0096138826208315414 -0.00031481472953465801 0.0009575725150564265 0.0078484389691099894 0.020677427388153924 0.0011738840460490821 -0.0039330163815288937 -0.0026990564452133627 0.034816839065260737 0.026961246273902881 -0.012859688381500881 -0.00014127024885595286 -0.015367162310846508 -0.0044655745629136349 0.0035534500540898399 -0.013395150109354404 0.00017174886283827356 0.0010595881541408433 0.01336833354062188 0.004691953278954681 0.011936262122641161 -0.036364254625536697 0.0054415484247140704 0.0019047571336915704 0.0070290097204631398 0.00093487114091391269 0.006961171630673774 0.051130569084513681 -0.022718664027902152
leaf_weight=10115 13439 29753 1466958 98809 50330 11466 31434 318739 31092 3839 13968 5721 1069321 10349 318581 11267 3185 704979 407811 6173 11571 41417 8351 82669 70783 6480 47647 107263 3277 3213
leaf_count=10115 13439 29753 1466958 98809 50330 11466 31434 318739 31092 3839 13968 5721 1069321 10349 318581 11267 3185 704979 407811 6173 11571 41417 8351 82669 70783 6480 47647 107263 3277 3213
internal_value=3.31483e-09 -0.000649724 -0.000834318 -0.00069879 0.00501574 -0.000124404 0.00638665 -0.00277577 0.000440762 -0.000538044 0.00703582 0.0117434 0.0010513 -0.00122676 -0.00374276 0.0114986 0.0141486 -5.30594e-05 0.00271748 0.00460855 0.0162625 0.0157326 0.00385546 0.00147878 -0.00220946 -0.0183408 0.00633508 0.00854021 0.0264632 -0.00283164
internal_weight=5e+06 2.02093e+06 1.95716e+06 1.92741e+06 63769 1.50986e+06 42900 417548 2.97907e+06 1.1444e+06 95383 64291 1.83467e+06 1.04902e+06 333687 15106 58570 715328 765353 357542 21686 55385 335856 171496 88827 18044 164360 116713 9450 9693
internal_count=5000000 2020928 1957159 1927406 63769 1509858 42900 417548 2979072 1144398 95383 64291 1834674 1049015 333687 15106 58570 715328 765353 357542 21686 55385 335856 171496 88827 18044 164360 116713 9450 9693
cat_boundaries=0 1 2 3 4 5 6 7 8 9 10 11 12
cat_threshold=81792 16252941 96 6150 2089344 124672 1792 384 48 377088 4102 128
is_linear=0
shrinkage=0.1


Tree=137
num_leaves=31
num_cat=2
split_feature=6 83 89 2 77 1 76 83 0 77 0 7 50 61 88 14 61 56 48 2 3 69 1 76 14 83 48 6 77 58
split_gain=134.064 281.32 251.411 296.999 211.115 265.127 247.229 251.802 514.413 299.631 494.105 458.541 406.561 386.098 241.841 240.924 222.998 201.321 272.07 310.621 198.306 190.932 186.636 278.714 234.895 195.245 182.89 177.07 175.912 173.953
threshold=-3.4500000476837154 -2.5499999523162837 -3.0499999523162837 -6.6499998569488517 -2.8500000238418575 -5.3500001430511466 0 -13.249999999999998 -12.849999904632567 -13.15000009536743 -12.849999904632567 -13.15000009536743 0.35000000894069677 1.1500000357627871 1.1500000357627871 -6.6499998569488517 1.9499999880790713 2.0499999523162846 1.3499999642372134 -12.849999904632567 -13.050000190734862 5.0499999523162851 -12.849999904632567 1 -13.249999999999998 -7.8500001430511466 3.3500000238418584 -10.249999999999998 -10.550000190734862 0.65000000596046459
decision_type=8 8 10 10 10 10 1 10 2 10 2 10 10 10 10 10 8 10 8 10 8 8 10 1 8 8 10 10 10 10
left_child=2 -2 4 -4 6 -6 22 9 14 11 -11 12 13 -8 -9 21 -14 27 19 -19 -10 -15 23 24 -1 -24 -18 -13 29 -26
right_child=1 -3 3 -5 5 -7 7 8 20 10 -12 17 16 15 -16 -17 26 18 -20 -21 -22 -23 25 -25 28 -27 -28 -29 -30 -31
leaf_value=-0.12314784125956291 -0.0056358594829058516 -8.6711623898378934e-06 0.031581938201511478 0.006014601609686315 0.044983383648630242 0.0065623453002680403 -0.036636540825195463 0.055428620297955526 0.040835393078572792 0.049224060717555834 -0.00060325623870193044 0.022120924664528974 0.0015383642477038075 -0.18007074045180751 0.0095725611597824861 -0.081786855046883086 -0.070814730119170513 -0.085850516487533168 -0.003082047240539002 -0.016595240027014135 0.002620188469890648 -0.43768630034755918 -0.023162362597669711 0.051051346225351547 -0.057982683358677324 -0.0052234942303818234 0.058669989361859312 -0.0050899568859410242 0.079249060882152778 0.015107409233435815
leaf_weight=163 90564 4671668 5043 45864 2012 16733 697 2900 1386 2217 19449 3405 1745 285 1906 307 964 1050 4451 1690 66943 32 7146 1364 508 40190 123 8034 254 907
leaf_count=163 90564 4671668 5043 45864 2012 16733 697 2900 1386 2217 19449 3405 1745 285 1906 307 964 1050 4451 1690 66943 32 7146 1364 508 40190 123 8034 254 907
internal_value=1.8353e-08 -0.000115684 0.00231741 0.00854738 0.000620168 0.0106863 -0.000502208 0.00201178 0.0056196 -0.00392396 0.00449539 -0.0119305 -0.0419781 -0.0877898 0.0372427 -0.144927 -0.0206089 -0.00523232 -0.0183434 -0.0431347 0.00339535 -0.206076 -0.0063512 0.0170363 -0.00852151 -0.00793161 -0.0561628 0.00300979 0.00262222 -0.0111327
internal_weight=5e+06 4.76223e+06 237768 50907 186861 18745 168116 117584 73135 44449 21666 22783 4153 1321 4806 624 2832 18630 7191 2740 68329 317 50532 3196 1832 47336 1087 11439 1669 1415
internal_count=5000000 4762232 237768 50907 186861 18745 168116 117584 73135 44449 21666 22783 4153 1321 4806 624 2832 18630 7191 2740 68329 317 50532 3196 1832 47336 1087 11439 1669 1415
cat_boundaries=0 1 2
cat_threshold=474368 256
is_linear=0
shrinkage=0.1


Tree=138
num_leaves=31
num_cat=3
split_feature=24 2 74 76 75 72 80 23 77 86 89 45 80 2 83 0 1 8 86 1 21 20 88 76 77 3 83 1 0 1
split_gain=130.547 165.66 131.004 179.758 171.279 152.655 139.949 139.077 330.517 325.7 231.618 199.7 199.536 322.795 419.511 361.993 344.938 260.561 274.034 731.928 360.649 293.432 325.391 252.109 242.865 275.201 416.674 401.418 337.225 263.26
threshold=3.2500000000000004 27.550000190734867 524.50000000000011 0 1 36.436649322509773 34.649999618530281 24.750000000000004 26.94999980926514 23.250000000000004 26.44999980926514 1.0000000180025095e-35 22.44999980926514 19.650000572204593 18.44999980926514 18.44999980926514 17.050000190734867 22.349999427795414 14.449999809265138 12.650000095367433 15.34999990463257 12.050000190734865 1.6500000357627871 2 10.050000190734865 8.6500000953674334 5.4500000476837167 3.0499999523162846 7.2500000000000009 11.650000095367433
decision_type=2 10 2 1 1 2 10 10 8 10 8 8 10 10 10 2 10 10 10 8 8 10 10 1 10 10 10 8 2 8
left_child=2 -2 6 4 -4 -6 7 9 -9 12 -10 -12 13 14 17 -15 -16 18 21 -20 -21 24 -23 -17 25 26 -1 -28 -27 -26
right_child=1 -3 3 -5 5 -7 -8 8 10 -11 11 -13 -14 15 16 23 -18 -19 19 20 -22 22 -24 -25 29 28 27 -29 -30 -31
leaf_value=-9.1696178061773321e-06 0.0032862026063995584 0.029952438516557017 -0.013507940331077882 -0.00061813159203189395 0.00076646824494361592 -0.0090161272956777623 0.023322833250854606 -0.0049951262967885112 -0.0040775097987449964 0.0042224553212830244 0.00089904116543005881 0.012917092713508119 0.003817771901864284 -0.012247180670995833 0.016556680845850626 -0.007113183474797044 0.0033993433004385026 -0.0059933784252222122 0.020251866184632358 0.0059088828340231724 -0.00076386287467357416 -0.0008480317532581611 -0.0063876321639441767 -0.0007047747622320839 0.0085495100379332969 -0.0097931784605528194 0.023140196901640639 0.0038155442237476772 -0.0011202817744214056 0.00069741719343515448
leaf_weight=1188305 72514 2407 21898 262373 38411 27281 2589 175986 99552 199223 315553 14460 137153 34769 23681 72371 125637 69581 22389 125651 227926 477362 136314 404272 73369 52955 11393 190203 292279 102143
leaf_count=1188305 72514 2407 21898 262373 38411 27281 2589 175986 99552 199223 315553 14460 137153 34769 23681 72371 125637 69581 22389 125651 227926 477362 136314 404272 73369 52955 11393 190203 292279 102143
internal_value=2.67291e-08 0.00414291 -6.29955e-05 -0.00192777 -0.00585 -0.00329561 7.9646e-05 6.64855e-05 -0.00134509 0.00028196 0.000150273 0.00142563 7.36028e-05 -6.78405e-05 0.000313962 -0.00239652 0.00548602 5.39234e-05 0.000199005 0.00271772 0.00160744 -0.000176127 -0.00207853 -0.00167796 0.0004349 7.63257e-05 0.000703984 0.00490766 -0.00245061 0.00397981
internal_weight=5e+06 74921 4.92508e+06 349963 87590 65692 4.57512e+06 4.57253e+06 605551 3.96698e+06 429565 330013 3.76775e+06 3.6306e+06 3.11919e+06 511412 149318 2.96987e+06 2.90029e+06 375966 353577 2.52432e+06 613676 476643 1.91065e+06 1.73514e+06 1.3899e+06 201596 345234 175512
internal_count=5000000 74921 4925079 349963 87590 65692 4575116 4572527 605551 3966976 429565 330013 3767753 3630600 3119188 511412 149318 2969870 2900289 375966 353577 2524323 613676 476643 1910647 1735135 1389901 201596 345234 175512
cat_boundaries=0 1 2 3
cat_threshold=123648 7168 37312
is_linear=0
shrinkage=0.1


Tree=139
num_leaves=31
num_cat=4
split_feature=85 74 91 89 21 89 83 1 80 23 86 83 71 76 72 76 77 2 13 76 1 80 10 70 86 24 7 75 5 21
split_gain=128.242 154.834 164.427 136.38 144.938 289.21 184.486 173.533 166.455 215.395 271.026 246.727 214.276 180.358 196.199 161.988 156.007 155.862 153.838 152.415 144.264 142.799 142.578 137.612 136.273 136.203 131.501 144.78 128.555 127.913
threshold=0.84999999403953563 249.50000000000003 3.3500000238418584 34.149999618530281 27.150000572204593 25.349999427795414 27.849999427795414 24.750000000000004 25.44999980926514 21.349999427795414 19.650000572204593 20.050000190734867 2.0499999523162846 0 39.944999694824226 1 22.050000190734867 25.44999980926514 27.849999427795414 2 34.750000000000007 27.050000190734867 26.849999427795414 7.2500000000000009 27.650000572204593 2.2500000000000004 4.0499999523162851 3 25.849999427795414 29.849999427795414
decision_type=8 2 10 10 10 10 8 8 10 10 10 8 8 1 2 1 8 8 10 1 10 8 10 10 8 2 8 1 10 10
left_child=28 3 -3 4 5 8 7 18 9 10 12 -11 -2 14 26 -8 -13 -12 -6 -7 -5 -21 -9 -15 -17 29 -14 -28 -1 -26
right_child=1 2 -4 20 6 19 15 22 -10 11 17 16 13 23 -16 24 -18 -19 -20 21 -22 -23 -24 -25 25 -27 27 -29 -30 -31
leaf_value=0.0014817193864068202 -0.00093036103196558826 -0.00099563575637160937 -0.0058570790657181265 0.0059806301868832058 -0.0036686902937724136 -0.0026622169154911467 0.0031307977484513931 -0.015157742798275557 0.0052219144361608551 -0.0089949707629277658 0.0048291327729775516 -0.005364557665108502 0.0042164500910147886 0.0018703030144678141 -0.0026517411379577693 -0.011930713340128922 -0.00029453673749432345 -0.010970785797662733 0.016054492942918275 0.0010582982847523587 0.042559709376675227 0.0082869510334796365 -0.0042681051445849537 0.0076854998714122246 0.0013357094374162289 0.036966172380794436 -0.0020035654678343755 0.0032594120674678618 -0.0029604982892359201 -0.006047436069607985
leaf_weight=785983 1181378 775802 76427 3993 19031 24585 72431 25257 60334 46979 157656 75918 103843 467256 207895 14665 302595 6501 4992 40372 1477 84583 22947 44576 52749 908 143294 82270 71034 42269
leaf_count=785983 1181378 775802 76427 3993 19031 24585 72431 25257 60334 46979 157656 75918 103843 467256 207895 14665 302595 6501 4992 40372 1477 84583 22947 44576 52749 908 143294 82270 71034 42269
internal_value=1.96667e-08 -0.00023032 -0.0014316 8.07849e-05 5.45164e-05 0.000247297 -0.00223396 -0.00651355 2.46953e-05 -8.6493e-05 0.000281894 -0.00215977 -6.7152e-06 0.00103336 -0.000246355 -0.000545083 -0.00131143 0.00420342 0.000429804 0.00453513 0.0158577 0.00595095 -0.00997385 0.00237671 -0.0029526 -0.00158035 0.00127172 -8.3943e-05 0.00111353 -0.0019487
internal_weight=5e+06 4.14298e+06 852229 3.29075e+06 3.28528e+06 3.03004e+06 255249 72227 2.8805e+06 2.82016e+06 2.39467e+06 425492 2.23051e+06 1.04913e+06 537302 183022 378513 164157 24023 149540 5470 124955 48204 511832 110591 95926 329407 225564 857017 95018
internal_count=5000000 4142983 852229 3290754 3285284 3030035 255249 72227 2880495 2820161 2394669 425492 2230512 1049134 537302 183022 378513 164157 24023 149540 5470 124955 48204 511832 110591 95926 329407 225564 857017 95018
cat_boundaries=0 1 2 3 4
cat_threshold=163718 16254944 327680 4126
is_linear=0
shrinkage=0.1


Tree=140
num_leaves=31
num_cat=2
split_feature=5 83 2 80 86 2 77 1 0 89 2 80 77 49 57 8 76 74 88 3 1 80 76 82 85 72 83 73 79 72
split_gain=124.796 343.209 306.788 290.655 247.013 224.922 209.115 318.767 241.77 737.166 693.534 527.776 543.151 468.557 350.216 370.316 324.762 298.58 382.487 269.856 313.193 313.608 278.671 259.396 298.081 240.269 225.722 221.968 210.616 210.001
threshold=-1.4499999880790708 -2.8500000238418575 -4.8500001430511466 -0.74999999999999989 -5.2499999999999991 -10.249999999999998 -6.4500000476837149 -8.6500000953674299 -12.849999904632567 -13.15000009536743 -12.849999904632567 -13.749999999999998 -13.15000009536743 1.1500000357627871 1.8499999642372134 -13.050000190734862 0 149.50000000000003 2.6499999761581425 -13.050000190734862 -10.15000009536743 -10.949999809265135 1 1.0000000180025095e-35 2.6499999761581425 42.923349380493171 -13.249999999999998 142.4049987792969 0.94999998807907116 44.835000991821296
decision_type=8 10 10 8 10 8 10 10 2 10 8 10 10 10 10 10 1 2 8 8 10 10 1 10 8 2 10 2 8 2
left_child=1 4 -3 -2 6 -6 8 -8 9 10 11 12 13 14 15 16 -1 26 -19 22 21 -21 -10 24 -18 -13 -15 -16 -26 -11
right_child=3 2 -4 -5 5 -7 7 -9 19 29 -12 25 -14 17 27 -17 23 18 -20 20 -22 -23 -24 -25 28 -27 -28 -29 -30 -31
leaf_value=0.10071506412191825 -0.0053332560537379869 0.021586275751396298 0.0045976721060982297 -2.4187002569351338e-05 0.038872495570366455 0.0031494204150533216 0.037187247124107377 0.0011997912803870844 0.0018474095224442757 0.041089894149609334 0.034619903431420719 -0.028015452721088813 0.03745307530855186 -0.045963766685086851 -0.16782874682992066 -0.00950857145281544 -0.055497083884031843 0.099673087308656261 -0.017813096691539937 -0.032834101038730433 -0.0052919297642566041 -0.0024752836418213647 0.055160636175717273 -0.041592620109133775 -0.09022034016075875 0.049346617746537196 0.058320536678311996 -0.074451938447178331 -0.21551090408243057 -0.034299862724482565
leaf_weight=100 105537 11906 99164 4501983 1794 100436 2593 48473 3604 5331 3192 553 1106 1423 353 1998 473 512 604 8876 88594 5518 1339 967 229 1465 243 913 324 397
leaf_count=100 105537 11906 99164 4501983 1794 100436 2593 48473 3604 5331 3192 553 1106 1423 353 1998 473 512 604 8876 88594 5518 1339 967 229 1465 243 913 324 397
internal_value=1.80449e-08 0.00171177 0.00641874 -0.000145793 -0.00014603 0.00377631 -0.0023839 0.00302714 -0.00454073 0.00550505 -0.00652541 -0.0181862 -0.0282998 -0.0372349 -0.0545256 -0.040302 -0.0696978 -0.00393999 0.0360874 -0.00641928 -0.00751473 -0.0211959 0.0164047 -0.0783605 -0.113778 0.0281468 -0.030753 -0.100488 -0.163627 0.0358647
internal_weight=5e+06 392480 111070 4.60752e+06 281410 102230 179180 51066 128114 20183 14455 11263 9245 8139 5357 4091 2093 2782 1116 107931 102988 14394 4943 1993 1026 2018 1666 1266 553 5728
internal_count=5000000 392480 111070 4607520 281410 102230 179180 51066 128114 20183 14455 11263 9245 8139 5357 4091 2093 2782 1116 107931 102988 14394 4943 1993 1026 2018 1666 1266 553 5728
cat_boundaries=0 1 2
cat_threshold=265216 48896
is_linear=0
shrinkage=0.1


Tree=141
num_leaves=31
num_cat=4
split_feature=23 77 76 80 12 76 0 5 58 49 51 50 61 56 60 83 74 74 74 87 6 85 91 52 91 76 72 23 89 75
split_gain=131.815 249.289 198.8 158.059 179.322 222.645 212.707 496.881 334.751 287.434 207.345 185.326 243.904 181.72 155.77 154.675 176.959 203.375 189.068 196 146.858 140.107 138.109 137.105 134.567 279.533 318.35 199.45 216.057 199.936
threshold=-7.4500000476837149 -7.9500000476837149 0 -9.3499999046325666 -13.15000009536743 1 -12.849999904632567 -12.949999809265135 2.4500000476837163 0.35000000894069677 1.7500000000000002 0.35000000894069677 2.4500000476837163 2.6499999761581425 1.2500000000000002 -13.249999999999998 214.50000000000003 208.50000000000003 158.50000000000003 1.0000000180025095e-35 -13.15000009536743 2.5499999523162846 1.0000000180025095e-35 1.0000000180025095e-35 1.1500000357627871 2 38.049150466918952 4.8500001430511483 8.0500001907348651 3
decision_type=8 8 1 10 10 1 2 10 10 10 10 8 10 8 10 10 2 2 2 8 8 10 10 10 10 1 2 8 10 1
left_child=3 2 -2 4 5 11 7 8 9 14 -10 12 23 -9 -6 16 17 18 19 21 -7 -11 -18 -1 -3 26 -26 -27 -29 -30
right_child=1 24 -4 -5 6 20 -8 13 10 15 -12 -13 -14 -15 -16 -17 22 -19 -20 -21 -22 -23 -24 -25 25 27 -28 28 29 -31
leaf_value=-0.18985456629647035 0.0015418501550572619 0.00045361587836091963 -0.018020926687602006 0.0087843016421681932 -0.0032396480472394358 0.021919167603683353 -0.0022246273607330674 0.043837637853854111 -0.096399628855135366 -0.0057020150223241403 -0.00027568255774152112 -0.029213281840909624 -0.45055265009403228 0.004498762006620075 -0.064385978744016678 0.068738882332748372 0.0012104307740963506 -0.12799930851601188 0.076583312147807697 0.17647728148678488 -0.016164449057402868 -0.10880209479787172 0.10260545989350396 -0.051800374503806236 -0.0008079566581541053 0.001901525872332207 -0.0069624122695064921 -0.0038389003022355353 -0.0015806026127740504 0.00095042663516822735
leaf_weight=101 8336 2700333 13789 37280 967 1420 27992 4523 610 1356 355 1107 20 1586 732 568 228 122 310 55 3529 146 327 250 219214 390429 136309 184795 563189 700022
leaf_count=101 8336 2700333 13789 37280 967 1420 27992 4523 610 1356 355 1107 20 1586 732 568 228 122 310 55 3529 146 327 250 219214 390429 136309 184795 563189 700022
internal_value=4.77852e-08 -6.68997e-05 -0.0106577 0.0039379 3.60028e-05 -0.0154652 0.00253434 0.0137428 -0.00728517 0.00349667 -0.061038 -0.0493787 -0.11088 0.0336246 -0.029584 0.0215571 0.0110228 -0.00290894 0.00526515 -0.00893435 -0.00522668 -0.0157237 0.0609513 -0.0915254 -1.90231e-05 -0.000600749 -0.00316751 -0.000104362 -0.000645214 -0.00017801
internal_weight=5e+06 4.91642e+06 22125 83584 46304 6427 39877 11885 5776 4811 965 1478 371 6109 1699 3112 2544 1989 1867 1557 4949 1502 555 351 4.89429e+06 2.19396e+06 355523 1.83844e+06 1.44801e+06 1.26321e+06
internal_count=5000000 4916416 22125 83584 46304 6427 39877 11885 5776 4811 965 1478 371 6109 1699 3112 2544 1989 1867 1557 4949 1502 555 351 4894291 2193958 355523 1838435 1448006 1263211
cat_boundaries=0 1 2 3 4
cat_threshold=980 66028 1920 7936
is_linear=0
shrinkage=0.1


Tree=142
num_leaves=31
num_cat=8
split_feature=20 3 89 77 77 23 83 1 76 75 10 19 71 1 20 76 13 1 75 76 76 6 0 1 74 76 31 76 1 89
split_gain=124.19 123.459 472.123 314.037 277.974 245.636 370.243 335.079 226.182 231.733 257.709 217.787 213.898 199.64 207.466 198.766 225.281 271.176 195.814 622.16 315.39 280.677 288.353 258.254 343.23 257.913 423.487 506.909 421.301 509.62
threshold=35.250000000000007 21.94999980926514 22.550000190734867 20.250000000000004 20.94999980926514 18.650000572204593 15.550000190734865 13.250000000000002 0 1 10.050000190734865 15.550000190734865 3.5499999523162846 20.250000000000004 25.550000190734867 2 23.750000000000004 18.550000190734867 3 4 5 16.849999427795414 12.250000000000002 12.050000190734865 13.500000000000002 6 1.0000000180025095e-35 7 -0.84999999403953541 1.4499999880790713
decision_type=10 10 10 8 10 8 10 8 1 1 8 8 10 8 8 1 10 8 1 1 1 10 2 8 2 1 10 1 10 10
left_child=1 2 4 -3 5 6 12 -8 -9 10 -10 -11 18 14 -6 16 -7 -18 19 23 -21 25 -23 24 -1 26 28 -28 29 -20
right_child=-2 3 -4 -5 13 15 7 8 9 11 -12 -13 -14 -15 -16 -17 17 -19 21 20 -22 22 -24 -25 -26 -27 27 -29 -30 -31
leaf_value=0.031005683570453565 0.020100171774401099 -0.0098026953999836193 0.0071723658811131165 -0.00062243258172028654 0.0086979981741396022 -0.0011039867788597394 0.017513689026590794 0.0053030816978030283 -0.017222551453611689 0.008497578285140462 -0.0013453088887178586 -0.00099927869799580605 0.0016694862202412818 0.0023112288114635038 0.034150554937167933 -0.0032876096634145233 0.024404778602035326 0.0028719425165739717 0.0023247715991718157 -0.0072497171351280799 0.0003925786806159278 -0.015552345180259533 -0.0031697380424448455 0.0022341949632914897 0.0091710874956592928 -0.00013400785250526672 0.01148787922360496 -0.0200495872371847 -0.0042697927184266191 0.036236536307426404
leaf_weight=8340 3072 38601 96190 1074513 29066 80136 16004 161635 13552 40409 41617 60005 538197 85466 3599 370722 8359 19474 66665 60515 500959 25005 75861 46020 52640 1227383 6293 26725 218230 4747
leaf_count=8340 3072 38601 96190 1074513 29066 80136 16004 161635 13552 40409 41617 60005 538197 85466 3599 370722 8359 19474 66665 60515 500959 25005 75861 46020 52640 1227383 6293 26725 218230 4747
internal_value=3.95864e-08 -1.23175e-05 0.000253786 -0.000940789 7.80822e-05 -7.56261e-05 0.000241273 0.00339574 0.00268347 -3.83746e-05 -0.00524453 0.0028222 -0.000126569 0.00485271 0.0115023 -0.00218797 0.00158789 0.00933883 -0.000543331 0.000900622 -0.000431213 -0.00112801 -0.00623943 0.00788871 0.0121573 -0.000795397 -0.00331118 -0.0140414 -0.0020881 0.004579
internal_weight=5e+06 4.99693e+06 3.88381e+06 1.11311e+06 3.78762e+06 3.66949e+06 3.1908e+06 333222 317218 155583 55169 100414 2.85758e+06 118131 32665 478691 107969 27833 2.31938e+06 668474 561474 1.65091e+06 100866 107000 60980 1.55004e+06 322660 33018 289642 71412
internal_count=5000000 4996928 3883814 1113114 3787624 3669493 3190802 333222 317218 155583 55169 100414 2857580 118131 32665 478691 107969 27833 2319383 668474 561474 1650909 100866 107000 60980 1550043 322660 33018 289642 71412
cat_boundaries=0 1 2 3 4 5 6 7 8
cat_threshold=16521735 3584 3277024 4032 393600 122880 132992 131072
is_linear=0
shrinkage=0.1


Tree=143
num_leaves=31
num_cat=7
split_feature=25 76 87 0 74 74 79 76 4 80 1 77 86 1 23 0 1 1 18 76 75 89 1 83 76 75 1 16 55 76
split_gain=124.406 214.442 124.128 154.329 125.767 122.519 122.958 122.526 118.318 465.019 735.71 425.974 296.298 525.081 319.089 346.489 379.352 257.619 256.474 253.609 245.639 239.484 253.884 236.383 234.891 385.719 416.961 301.865 276.815 228.876
threshold=1.2500000000000002 0 5.7500000000000009 29.750000000000004 78.500000000000014 878.50000000000011 1.6500000357627871 1 15.550000190734865 13.050000190734865 12.250000000000002 13.250000000000002 11.250000000000002 8.2500000000000018 6.8500001430511483 1.8499999642372134 1.8499999642372134 9.6500000953674334 9.4499998092651385 2 3 12.84999990463257 9.8499999046325701 13.949999809265138 4 5 -8.6500000953674299 -4.2499999999999991 1.1500000357627871 6
decision_type=8 1 10 2 2 2 8 1 8 10 8 8 10 8 10 2 8 10 8 1 1 10 10 8 1 1 8 8 8 1
left_child=2 -2 5 -4 -5 8 -7 -8 9 12 17 -10 14 19 20 -16 18 29 -17 -14 -1 -18 -23 -13 25 28 27 -27 -22 -11
right_child=1 -3 3 4 -6 6 7 -9 11 10 -12 23 13 -15 15 16 21 -19 -20 -21 24 22 -24 -25 -26 26 -28 -29 -30 -31
leaf_value=0.0040982970011148572 0.0066351922524605297 -7.7994431748260718e-05 -0.0086719205798363903 -0.034531960467807953 -0.17010989528644133 0.0018011020028721046 -0.0097699193605464679 -0.0015695422237051856 -0.010195161446458333 0.051140762462363668 0.0023336000279682799 -0.0064217406648467909 0.038354355419730118 0.002174843150474315 -0.013339814806595671 -0.00074620994169969854 -0.0024842069373561338 0.013846344072503151 0.034698298340458608 0.0093353550297212689 -0.019518658753725021 0.024499845185069327 0.0019926733136626253 -0.00016070632156443073 0.00063009050495822143 0.0027851971660382349 -0.0015467486132023595 0.048758203335888053 -0.0047278586845296636 0.011865448466639048
leaf_weight=168114 75788 127838 10846 200 104 30999 36866 36044 44927 3880 223979 62195 5887 253532 26284 3565 642148 29500 4777 6200 20573 5474 59355 1980231 973071 2820 126606 2894 32870 2433
leaf_count=168114 75788 127838 10846 200 104 30999 36866 36044 44927 3880 223979 62195 5887 253532 26284 3565 642148 29500 4777 6200 20573 5474 59355 1980231 973071 2820 126606 2894 32870 2433
internal_value=3.29187e-08 0.00242092 -0.000102744 -0.0106416 -0.0809139 -7.81875e-05 -0.0034745 -0.00571751 -2.80121e-06 0.000448179 0.00446153 -0.000563237 1.49564e-06 0.00314564 -0.000402238 -0.0020636 -0.00164926 0.0177699 0.0195509 0.0235086 0.000526262 -0.00189941 0.00389312 -0.000351364 8.02512e-06 -0.00325036 -0.000354169 0.0260694 -0.0104197 0.036104
internal_weight=5e+06 203626 4.79637e+06 11150 304 4.78522e+06 103909 72910 4.68132e+06 2.59396e+06 259792 2.08735e+06 2.33417e+06 265619 2.06855e+06 741603 715319 35813 8342 12087 1.32695e+06 706977 64829 2.04243e+06 1.15883e+06 185763 132320 5714 53443 6313
internal_count=5000000 203626 4796374 11150 304 4785224 103909 72910 4681315 2593962 259792 2087353 2334170 265619 2068551 741603 715319 35813 8342 12087 1326948 706977 64829 2042426 1158834 185763 132320 5714 53443 6313
cat_boundaries=0 1 2 3 4 5 6 7
cat_threshold=522752 524032 788416 3296 196992 2 790464
is_linear=0
shrinkage=0.1


Tree=144
num_leaves=31
num_cat=9
split_feature=77 2 83 83 21 76 83 76 75 48 51 0 4 76 0 85 76 48 12 51 48 50 0 75 76 76 24 87 35 76
split_gain=117.065 154.6 294.963 271.257 251.397 243.452 180.82 167.357 954.506 433.189 392.133 374.826 310.291 300.448 264.922 260.411 324.927 226.797 196.42 182.59 676.422 274.19 267.371 189.447 605.403 545.079 409.611 331.198 315.548 438.923
threshold=31.050000190734867 25.94999980926514 25.050000190734867 24.94999980926514 29.849999427795414 0 29.849999427795414 1 2 2.0499999523162846 2.2500000000000004 3.2500000000000004 5.0499999523162851 3 -8.6500000953674299 3.6499999761581425 4 3.3500000238418584 12.050000190734865 1.3499999642372134 1.9499999880790713 0.84999999403953563 -12.849999904632567 5 6 7 1.0000000180025095e-35 1.0000000180025095e-35 1.0000000180025095e-35 8
decision_type=10 10 10 8 10 1 10 1 1 8 8 2 8 1 2 10 1 10 10 8 10 8 2 1 1 1 2 10 8 1
left_child=1 2 7 -3 5 -5 -7 8 9 10 -1 12 14 17 -10 19 -17 -13 -12 20 -9 -22 -21 25 27 26 -24 -25 29 -27
right_child=-2 3 -4 4 -6 6 -8 15 11 -11 18 13 -14 -15 -16 16 -18 -19 -20 22 21 -23 23 24 -26 28 -28 -29 -30 -31
leaf_value=-0.0025190401201872852 0.0052711059433417059 -0.0090448143411774647 0.0048171489051784463 -0.0033672184323698048 -0.0066886414681029309 0.0012839242302089635 0.011122960066838777 0.00011123677522049469 -0.014937850912993756 0.0016015950836412004 -0.01788343713375978 0.0072933925128619171 -0.011060323493165942 0.0029699516843766679 0.0033732084431240396 0.00098873475100303798 -0.0046860800550796297 0.017193903081454499 -0.0069603552219007925 0.022571603691049994 -0.011564840010271377 -0.0037091771324527056 -0.0038571826124176958 0.0080585620964502107 0.00017754439712651485 0.010009794902869346 0.0064529088602072009 -0.0047327303817708243 -0.0053362997842269716 0.0014748565928158963
leaf_weight=93602 41782 46755 130292 121368 64249 178680 20859 1324438 8621 104580 33959 133540 22736 168278 94627 160108 272827 27987 31952 5593 60147 170043 394722 175582 574732 72867 42703 22880 51548 347943
leaf_count=93602 41782 46755 130292 121368 64249 178680 20859 1324438 8621 104580 33959 133540 22736 168278 94627 160108 272827 27987 31952 5593 60147 170043 394722 175582 574732 72867 42703 22880 51548 347943
internal_value=5.17554e-08 -4.43665e-05 0.000128125 -0.00185202 -0.000978874 0.000164282 0.00231234 -1.08518e-05 0.00138344 -0.00340016 -0.00667963 0.00415517 -0.000484586 0.00592766 0.00184427 -0.000283894 -0.00258751 0.00900825 -0.0125882 2.36149e-05 -0.00075837 -0.00576181 0.000743571 0.00067103 0.00182189 -0.000307067 -0.00285061 0.00658357 0.00204838 0.00295303
internal_weight=5e+06 4.95822e+06 4.52631e+06 431911 385156 320907 199539 4.39602e+06 719882 264093 159513 455789 125984 329805 103248 3.67613e+06 432935 161527 65911 3.2432e+06 1.55463e+06 230190 1.68857e+06 1.68298e+06 773194 909783 437425 198462 472358 420810
internal_count=5000000 4958218 4526307 431911 385156 320907 199539 4396015 719882 264093 159513 455789 125984 329805 103248 3676133 432935 161527 65911 3243198 1554628 230190 1688570 1682977 773194 909783 437425 198462 472358 420810
cat_boundaries=0 1 2 3 4 5 6 7 8 9
cat_threshold=983488 3932160 120 786432 12779551 7686 98528 252016 768
is_linear=0
shrinkage=0.1


Tree=145
num_leaves=31
num_cat=1
split_feature=22 1 3 80 76 2 20 80 80 1 21 86 20 77 82 2 22 16 89 80 1 73 20 80 83 6 1 86 2 20
split_gain=112.666 229.203 114.736 145.625 135.726 135.303 435.249 416.411 324.761 281.803 281.286 309.046 244.991 413.486 330.411 288.663 297.519 288.258 276.958 245.105 296.941 244.488 244.465 243.206 226.424 327.195 267.21 353.413 374.909 308.713
threshold=35.049999237060554 34.750000000000007 32.049999237060554 29.650000572204593 0 22.94999980926514 29.250000000000004 21.849999427795414 20.550000190734867 19.750000000000004 27.150000572204593 23.44999980926514 15.650000095367433 13.449999809265138 1.4499999880790713 8.4499998092651385 10.449999809265138 19.150000572204593 16.750000000000004 11.449999809265138 10.050000190734865 133.76079559326175 20.849999427795414 26.550000190734867 13.050000190734865 14.449999809265138 13.449999809265138 9.8499999046325701 1.8499999642372134 6.4500000476837167
decision_type=10 10 10 10 1 10 10 8 10 8 10 8 10 10 10 8 8 8 8 8 8 2 8 8 10 10 10 10 8 10
left_child=2 -2 3 5 -4 6 8 -7 12 -10 11 -9 13 24 15 16 -14 21 -17 -16 -21 -18 -11 -12 25 26 27 29 -29 -1
right_child=1 -3 4 -5 -6 7 -8 10 9 22 23 -13 14 -15 19 18 17 -19 -20 20 -22 -23 -24 -25 -26 -27 -28 28 -30 -31
leaf_value=0.00070773828995332173 0.0052092442366437628 0.067834113001977989 -0.018670663817154393 0.0050140902946224771 -0.0027986787376827345 -0.01069425232144377 0.01513137695965283 -0.0044246873701869567 0.011603075977463642 0.0065174459942652909 -0.010602142956236592 0.0015595421292468902 -0.026592682160948962 0.0041793142672964358 -0.014803043400152606 -0.0043249162917257571 0.024569059005531343 0.02822860935844132 0.00029374824951236686 0.025641905694396873 -0.0039533996097250472 -0.00051900214121354505 -0.0004347698671273293 -0.0021002184043878696 0.003298853004186328 -0.0042714124995840699 -0.0080015761192743836 0.056345262405842061 0.0040948020822582148 -0.0020482166190089013
leaf_weight=1289850 3014 725 6409 57940 33610 43657 19455 105399 37571 81719 41893 476229 2167 262253 20967 167412 5164 7805 578376 3438 243816 15676 132731 170927 192404 187853 40087 1384 176606 593463
leaf_count=1289850 3014 725 6409 57940 33610 43657 19455 105399 37571 81719 41893 476229 2167 262253 20967 167412 5164 7805 578376 3438 243816 15676 132731 170927 192404 187853 40087 1384 176606 593463
internal_value=4.80928e-08 0.0173523 -1.29377e-05 3.01234e-05 -0.00534592 -2.88299e-05 0.000209955 -0.00118562 0.000138113 0.00361411 -0.000663099 0.000475117 -9.3106e-05 0.000403104 -0.00139625 -0.000351158 0.009134 0.0118367 -0.000743034 -0.00442218 -0.00354188 0.00569764 0.00221446 -0.0037738 4.04554e-06 -0.000272873 8.45748e-05 0.00024183 0.00450109 -0.000160709
internal_weight=5e+06 3739 4.99626e+06 4.95624e+06 40019 4.8983e+06 4.0602e+06 838105 4.04074e+06 252021 794448 581628 3.78872e+06 2.7439e+06 1.04482e+06 776600 30812 28645 745788 268221 247254 20840 214450 212820 2.48165e+06 2.28924e+06 2.10139e+06 2.0613e+06 177990 1.88331e+06
internal_count=5000000 3739 4996261 4956242 40019 4898302 4060197 838105 4040742 252021 794448 581628 3788721 2743900 1044821 776600 30812 28645 745788 268221 247254 20840 214450 212820 2481647 2289243 2101390 2061303 177990 1883313
cat_boundaries=0 1
cat_threshold=262144
is_linear=0
shrinkage=0.1


Tree=146
num_leaves=31
num_cat=8
split_feature=74 88 76 73 76 83 7 86 76 44 31 76 72 1 76 1 72 74 76 87 78 74 0 22 71 50 73 76 80 76
split_gain=119.975 187.933 185.029 172.626 336.133 235.833 194.063 190.074 204.375 242.833 178.691 176.073 317.503 188.782 178.779 201.779 170.802 168.701 161.499 257.903 152.653 152.289 149.582 172.986 148.418 202.648 147.975 213.076 154.367 146.499
threshold=105.50000000000001 2.7500000000000004 0 141.52664947509768 1 -8.9499998092651349 7.0499999523162851 6.6499998569488534 2 1.0000000180025095e-35 1.0000000180025095e-35 3 34.779199600219734 8.4499998092651385 4 3.0499999523162846 32.438299179077156 19.500000000000004 5 1.0000000180025095e-35 1.0000000180025095e-35 15.500000000000002 30.150000572204593 29.050000190734867 1.3499999642372134 1.6500000357627871 144.7174987792969 6 -13.749999999999998 7
decision_type=2 10 1 2 1 8 8 8 1 10 10 1 2 10 1 10 2 2 1 10 10 2 2 10 8 10 2 1 8 1
left_child=3 26 -3 6 10 17 11 -8 9 22 -5 12 14 -14 15 16 -1 -6 19 20 -7 -18 24 -24 -9 -26 29 -28 -29 -2
right_child=1 2 -4 4 5 18 7 8 -10 -11 -12 -13 13 -15 -16 -17 21 -19 -20 -21 -22 -23 23 -25 25 -27 27 28 -30 -31
leaf_value=0.10286767138108209 0.0015572097661058532 -0.0055603546193854396 -0.00023809548595046424 0.0042286811845354119 0.0011603795593727085 -0.0070578465624673474 -0.0039104266733120041 0.00079968151699146093 0.0011140671796530887 0.006028757174015761 -0.009282568226277264 0.001122612328005256 0.0042668194702679815 -0.0061638865101697905 0.0059029513308371338 0.014631748775225193 0.053283290926675379 -0.024698013823612749 -0.00078683584979511519 0.010004548401697989 0.012625643094085032 0.012258082600414796 0.030616557512893577 0.0025820265669292755 -0.0072050050192433331 -0.0016189907492601555 -0.0094461023654960011 0.11594673259912625 0.01713714247518822 -0.00075214610590442421
leaf_weight=388 341501 140712 121920 121380 3666 117280 102229 91972 1379606 40027 10647 353512 128624 20057 17663 15447 1835 8092 254296 10410 4077 1785 2435 22906 108129 162609 3763 161 8805 1404066
leaf_count=388 341501 140712 121920 121380 3666 117280 102229 91972 1379606 40027 10647 353512 128624 20057 17663 15447 1835 8092 254296 10410 4077 1785 2435 22906 108129 162609 3763 161 8805 1404066
internal_value=3.89914e-08 -0.000594698 -0.00308986 0.000403494 -0.00123314 -0.00268411 0.000757551 0.000284542 0.000521778 -0.00138704 0.00313886 0.00243266 0.00492492 0.00285972 0.0131987 0.0198091 0.0398124 -0.0166357 -0.00225927 -0.00510045 -0.00639658 0.033054 -0.00215201 0.00527585 -0.00267096 -0.00384997 -0.000222003 0.0105208 0.0188904 -0.000300341
internal_weight=5e+06 2.02093e+06 262632 2.97907e+06 529848 397821 2.44922e+06 1.90991e+06 1.80768e+06 428078 132027 539311 185799 148681 37118 19455 4008 11758 386063 131767 121357 3620 388051 25341 362710 270738 1.7583e+06 12729 8966 1.74557e+06
internal_count=5000000 2020928 262632 2979072 529848 397821 2449224 1909913 1807684 428078 132027 539311 185799 148681 37118 19455 4008 11758 386063 131767 121357 3620 388051 25341 362710 270738 1758296 12729 8966 1745567
cat_boundaries=0 1 2 3 4 5 6 7 8
cat_threshold=163808 760 7952 16630016 98560 516096 65408 15872
is_linear=0
shrinkage=0.1


Tree=147
num_leaves=31
num_cat=14
split_feature=24 76 25 70 76 75 75 76 76 86 76 73 73 76 75 76 75 1 27 12 74 76 12 1 5 12 75 76 26 35
split_gain=111.612 168.527 149.729 114.403 244.896 331.231 153.783 188.485 175.918 174.22 151.558 604.264 384.431 331.519 430.329 308.109 629.474 587.834 340.87 324.708 274.457 396.516 249.838 394.745 238.336 218.703 211.545 395.888 332.638 248.11
threshold=1.7500000000000002 0 1.0000000180025095e-35 0.65000000596046459 1 2 3 4 5 -7.1499998569488517 6 139.87329864501956 137.86834716796878 7 8 9 10 7.2500000000000009 1.0000000180025095e-35 9.4499998092651385 531.00000000000011 11 17.849999427795414 14.84999990463257 -3.4500000476837154 26.250000000000004 12 13 1.0000000180025095e-35 1.0000000180025095e-35
decision_type=2 1 8 8 1 1 1 1 1 8 1 2 2 1 1 1 1 10 10 8 2 1 10 10 8 8 1 1 10 8
left_child=3 2 -2 4 5 -1 8 -8 -6 -9 12 24 13 14 -5 16 17 19 22 -14 -13 -22 -19 -24 -12 -25 27 28 29 -17
right_child=1 -3 -4 10 6 -7 7 9 -10 -11 11 20 15 -15 -16 26 -18 18 -20 -21 21 -23 23 25 -26 -27 -28 -29 -30 -31
leaf_value=0.0014481895424937764 0.01933643733134956 0.00011347382734986766 0.0048567205220890666 0.00028076310757623287 0.0077215935726834958 -0.0066272009512674595 -0.007064718191055361 -0.023174241207815166 0.00061130119287668096 -0.00033015180814732547 0.011836436123154534 -0.0018868461683338421 0.016057825319911467 0.00033485391149115743 -0.011208706365504093 0.018039949401660631 8.6465955434505241e-05 0.00032465929755440812 -0.014588004873040567 0.045026030870391448 -0.023633577151878846 -0.00071709468126156619 0.032006056177182461 0.0046841121464059445 0.00080834597863280915 0.021070324668163706 -0.00019391922986621056 0.0019075302274617701 -0.017287710798307886 -0.014617174951557019
leaf_weight=76252 8402 95111 47599 66321 40656 152122 51568 3373 241126 326325 19852 1008919 8175 467234 64109 32977 86191 18042 5957 7347 14306 15989 9828 27287 1525492 11611 350612 211377 3337 2503
leaf_count=76252 8402 95111 47599 66321 40656 152122 51568 3373 241126 326325 19852 1008919 8175 467234 64109 32977 86191 18042 5957 7347 14306 15989 9828 27287 1525492 11611 350612 211377 3337 2503
internal_value=3.36742e-08 0.00267638 0.0070279 -8.33728e-05 -0.00110682 -0.00393096 -0.000134037 -0.00144328 0.00163742 -0.000563843 0.000147159 -0.000303874 0.000996243 -0.000909557 -0.00536697 0.00246551 0.0061652 0.0121016 0.00833242 0.0297693 -0.00216845 -0.0115468 0.0103774 0.0140996 0.000950016 0.00957537 0.00139121 0.00361247 0.0128938 0.0157361
internal_weight=5e+06 151112 56001 4.84889e+06 891422 228374 663048 381266 281782 329698 3.95747e+06 2.58456e+06 1.37291e+06 597664 130430 775244 174438 88247 72725 15522 1.03921e+06 30295 66768 48726 1.54534e+06 38898 600806 250194 38817 35480
internal_count=5000000 151112 56001 4848888 891422 228374 663048 381266 281782 329698 3957466 2584558 1372908 597664 130430 775244 174438 88247 72725 15522 1039214 30295 66768 48726 1545344 38898 600806 250194 38817 35480
cat_boundaries=0 1 2 3 4 5 6 7 8 9 10 11 12 13 14
cat_threshold=522752 123360 496 7682 786432 786432 7864568 96 4578 96 1008 16128 7688 128
is_linear=0
shrinkage=0.1


Tree=148
num_leaves=31
num_cat=1
split_feature=23 77 86 77 1 73 73 83 0 74 74 89 83 79 88 72 72 74 88 0 86 76 5 11 83 21 77 1 12 77
split_gain=120.638 291.15 215.094 215.516 304.891 180.105 230.855 191.103 171.168 496.052 483.243 476.089 374.494 242.088 217.523 171.432 225.417 170.336 166.916 166.827 164.287 162.906 162.104 283.987 221.372 254.602 288.428 222.773 268.945 206.624
threshold=-3.8500000238418575 -2.2499999999999996 -5.2499999999999991 -8.9499998092651349 -12.849999904632567 144.7174987792969 144.53585052490237 11.84999990463257 -12.849999904632567 168.00000000000003 22.500000000000004 -13.15000009536743 -13.249999999999998 3.3500000238418584 0.35000000894069677 43.859149932861335 43.138349533081062 1241.5000000000002 1.5500000119209292 -12.849999904632567 -10.849999904632567 0 -1.0000000180025095e-35 -3.5499999523162837 1.2500000000000002 3.6499999761581425 6.4500000476837167 13.650000095367433 2.4500000476837163 6.8500001430511483
decision_type=8 8 10 10 8 2 2 8 2 2 2 10 10 8 10 2 2 2 10 2 8 1 8 8 8 10 8 10 8 10
left_child=2 -2 3 5 -5 6 7 8 9 10 -1 12 13 21 -15 16 17 -11 -14 -7 -8 -12 -3 -24 -25 27 -27 29 -29 -26
right_child=1 22 -4 4 -6 19 20 -9 -10 15 11 -13 18 14 -16 -17 -18 -19 -20 -21 -22 -23 23 24 25 26 -28 28 -30 -31
leaf_value=0.042164605626891116 -0.0056043395107770698 0.0023519435196944893 0.006686028082732897 0.060011722250714911 0.0037065679292788722 0.057954900978464098 -0.16386432432466083 -0.011642845371800528 -0.0033912787441369493 0.082930431224170958 -0.13606745420370339 0.032859790720680189 0.029446887565377944 -0.056982324570381104 0.020940800153590965 0.1596912396117306 0.01925140722869885 -0.1224097548717899 -0.032690519509150966 0.0067695598631554114 -0.037519240098170072 -0.059625179166695165 -0.011372512259597968 -0.0037074499121731858 0.0019407376470492695 -0.0037803585175728233 1.7056771069498172e-05 -0.051810513648794049 -0.0035318213378603015 0.0092064611071485062
leaf_weight=1824 94338 277290 73944 978 57776 830 117 21711 44208 1059 420 1491 1058 898 596 121 2104 42 731 2735 855 1008 22397 162323 342564 211695 3624999 1607 4092 44189
leaf_count=1824 94338 277290 73944 978 57776 830 117 21711 44208 1059 420 1491 1058 898 596 121 2104 42 731 2735 855 1008 22397 162323 342564 211695 3624999 1607 4092 44189
internal_value=2.29167e-08 -0.000103972 0.00232009 2.33491e-05 0.00464381 -0.00329503 -0.00429658 -0.00368736 -0.000578628 0.0103747 -0.00308206 -0.016389 -0.031976 -0.0540373 -0.0258965 0.0428472 0.0384359 0.0750973 0.00405704 0.0186865 -0.0527274 -0.0834786 6.63868e-06 -0.000140699 -8.34156e-05 5.5682e-05 -0.000192471 0.00248168 -0.0171454 0.00277089
internal_weight=5e+06 4.78549e+06 214506 140562 58754 81808 78243 77271 55560 11352 8026 6202 4711 2922 1494 3326 3205 1101 1789 3565 972 1428 4.69116e+06 4.41387e+06 4.39147e+06 4.22915e+06 3.83669e+06 392452 5699 386753
internal_count=5000000 4785494 214506 140562 58754 81808 78243 77271 55560 11352 8026 6202 4711 2922 1494 3326 3205 1101 1789 3565 972 1428 4691156 4413866 4391469 4229146 3836694 392452 5699 386753
cat_boundaries=0 1
cat_threshold=7864360
is_linear=0
shrinkage=0.1


Tree=149
num_leaves=31
num_cat=3
split_feature=6 1 76 0 2 61 76 49 86 69 11 20 86 76 73 4 12 77 83 1 52 89 83 48 77 20 1 0 86 88
split_gain=114.492 224.155 370.076 186.296 347.453 182.894 200.696 183.692 239.179 287.023 162.388 148.852 278.397 211.289 205.452 149.849 277.687 222.769 211.364 317.979 225.572 214.342 208.971 208.261 191.181 194.753 298.256 170.231 157.654 148.312
threshold=-8.6500000953674299 -10.15000009536743 0 -12.849999904632567 -12.849999904632567 2.3500000238418584 1 0.45000000298023229 -13.749999999999998 3.3500000238418584 -10.349999904632567 -3.9500000476837154 -1.4499999880790708 2 143.1683044433594 2.0499999523162846 -3.1499999761581416 2.2500000000000004 0.84999999403953563 1.0000000180025095e-35 1.3499999642372134 2.0499999523162846 4.8500001430511483 1.9499999880790713 3.2500000000000004 2.6499999761581425 -3.0499999523162837 -2.4500000476837154 9.6500000953674334 1.6500000357627871
decision_type=8 8 1 2 10 10 1 10 8 8 10 10 8 1 2 8 8 8 10 8 8 10 10 8 10 10 10 2 8 10
left_child=5 2 -2 4 -4 6 -1 8 9 -7 -11 13 -13 -3 -15 18 23 -18 21 22 -21 24 -20 -17 25 28 27 -27 -14 -19
right_child=1 11 3 -5 -6 7 -8 -9 -10 10 -12 12 15 14 -16 16 17 29 19 20 -22 -23 -24 -25 -26 26 -28 -29 -30 -31
leaf_value=0.015960715617780275 0.038132357742405025 -0.0062554505512755895 -0.035614619878844199 -0.029800757190211781 0.017505551097705348 -0.049096559766132357 0.0021064044792292055 -0.00029445354969695123 -0.012099703339238405 -0.38382333887786402 -0.14105066394411206 -0.0042766437832932932 0.0032363968780117682 0.0064016968129840222 -0.0031249242878680149 -0.020475494531668689 -0.0050509411103736909 0.00043402854204300438 0.011852343932722581 -0.0011885157165533171 0.0075996412404189962 0.0062740249079902754 0.042246670812207329 -0.00068783348536747549 0.011593949220800584 0.0047742630355727105 -0.0079712082127035358 0.040356666646850753 -0.0028241970427801207 -0.0008452322403066973
leaf_weight=17822 1260 21388 2092 6619 2993 443 25306 15716 1736 41 84 155800 89898 109170 28560 11741 89207 2677589 24708 66907 51835 49652 2490 9724 11686 5836 65854 1747 82138 1369958
leaf_count=17822 1260 21388 2092 6619 2993 443 25306 15716 1736 41 84 155800 89898 109170 28560 11741 89207 2677589 24708 66907 51835 49652 2490 9724 11686 5836 65854 1747 82138 1369958
internal_value=-1.85122e-08 -5.32638e-05 -0.0131853 -0.0187266 -0.00434841 0.00430054 0.00783568 -0.00416024 -0.0305295 -0.086857 -0.22068 -1.87027e-05 -0.000119137 0.00299005 0.00442591 2.13409e-05 -0.000166767 -0.000107901 0.00174899 0.0048818 0.00264782 0.000258812 0.014635 -0.0115114 -0.0009026 -0.00149751 -0.00580866 0.0129719 0.000342787 1.04196e-06
internal_weight=5e+06 4.93885e+06 12964 11704 5085 61148 43128 18020 2304 568 125 4.92589e+06 4.76677e+06 159118 137730 4.61097e+06 4.15822e+06 4.13675e+06 452751 145940 118742 306811 27198 21465 257159 245473 73437 7583 172036 4.04755e+06
internal_count=5000000 4938852 12964 11704 5085 61148 43128 18020 2304 568 125 4925888 4766770 159118 137730 4610970 4158219 4136754 452751 145940 118742 306811 27198 21465 257159 245473 73437 7583 172036 4047547
cat_boundaries=0 1 2 3
cat_threshold=896 1312504 73600
is_linear=0
shrinkage=0.1


Tree=150
num_leaves=31
num_cat=5
split_feature=74 48 76 85 72 76 2 4 0 83 1 86 1 77 80 1 20 89 21 75 72 76 52 76 28 1 68 21 1 1
split_gain=111.068 145.447 134.45 110.537 139.629 109.283 147.213 107.259 393.95 386.687 263.225 239.822 246.335 411.073 239.489 372.118 334.464 312.083 243.003 228.151 230.37 253.516 217.759 257.765 222.561 228.018 201.776 199.372 191.015 187.754
threshold=752.50000000000011 0.65000000596046459 0 2.4500000476837163 35.43499946594239 1 -7.5499999523162833 18.650000572204593 16.650000572204593 19.550000190734867 18.050000190734867 19.44999980926514 17.750000000000004 17.349999427795414 15.250000000000002 13.650000095367433 12.84999990463257 11.250000000000002 14.250000000000002 2 38.049150466918952 3 1.2500000000000002 4 1.0000000180025095e-35 10.250000000000002 5.6499998569488534 24.250000000000004 17.44999980926514 5.0499999523162851
decision_type=2 8 1 8 2 1 8 8 2 10 10 10 10 10 10 10 10 10 8 1 2 1 8 1 10 10 10 10 10 10
left_child=7 5 -3 4 -4 6 -2 9 28 11 27 12 13 14 16 -16 17 26 -17 22 21 -21 -18 24 25 -24 -1 -11 -9 -23
right_child=1 2 3 -5 -6 -7 -8 8 -10 10 -12 -13 -14 -15 15 18 19 -19 -20 20 -22 29 23 -25 -26 -27 -28 -29 -30 -31
leaf_value=-0.00022292495031246988 0.054922042430270518 -0.010373070936467256 -0.024465894378454638 -0.0067487144242075183 0.0024841602474076035 -0.00095597742881555782 0.0073779133519141131 -0.0053019834537021901 -0.00023117033686323029 0.013025791051922548 0.0039134732301966462 0.0065358522602666355 -0.0045372638324417073 0.0086728472348749693 0.016795393816872912 0.0086875667228672234 -0.0032317835741818299 0.0043065840005163938 -0.00040045392557424219 -0.010740022246117009 -0.012972799347481188 0.010344523401943315 0.025515237458720814 -0.00019148032185678816 -0.014021110484494715 0.0069860932679832498 0.0036976601476204785 0.044190609906735928 -0.018525688088281311 -0.0027267565448984548
leaf_weight=1784190 690 30353 2026 32681 37614 34110 11598 62299 1603907 18369 83966 58980 110487 57122 19390 40387 144868 190689 108369 39323 28557 11723 8897 116747 3726 26196 141696 2311 13246 175483
leaf_count=1784190 690 30353 2026 32681 37614 34110 11598 62299 1603907 18369 83966 58980 110487 57122 19390 40387 144868 190689 108369 39323 28557 11723 8897 116747 3726 26196 141696 2311 13246 175483
internal_value=-6.67226e-09 -0.00268859 -0.00478837 -0.00244271 0.00110674 0.001958 0.0100395 8.26152e-05 -0.000563562 0.000424798 0.00640248 0.000220828 9.69985e-05 0.00027372 0.000104799 0.00376536 -0.000125548 0.00044762 0.00206693 -0.00230936 -0.00450862 -0.0034418 -0.000441895 0.00215611 0.0092141 0.0116837 6.55299e-05 0.0165085 -0.00762062 -0.00190812
internal_weight=5e+06 149072 102674 72321 39640 46398 12288 4.85093e+06 1.67945e+06 3.17148e+06 104646 3.06683e+06 3.00785e+06 2.89736e+06 2.84024e+06 168146 2.6721e+06 2.11658e+06 148756 555520 255086 226529 300434 155566 38819 35093 1.92589e+06 20680 75545 187206
internal_count=5000000 149072 102674 72321 39640 46398 12288 4850928 1679452 3171476 104646 3066830 3007850 2897363 2840241 168146 2672095 2116575 148756 555520 255086 226529 300434 155566 38819 35093 1925886 20680 75545 187206
cat_boundaries=0 1 2 3 4 5
cat_threshold=116480 165824 2016 112 224
is_linear=0
shrinkage=0.1


Tree=151
num_leaves=31
num_cat=2
split_feature=85 76 75 28 1 72 83 22 70 83 86 80 33 87 90 23 83 1 20 23 89 2 89 77 0 7 77 77 2 89
split_gain=107.94 297.185 221.819 202.672 222.612 212.47 189.362 185.801 161.486 153.186 125.436 124.132 122.269 121.028 149.792 115.658 188.623 179.251 116.598 114.634 113.571 242.569 392.828 310.607 270.167 196.286 183.977 183.02 237.982 292.934
threshold=1.5500000119209292 0 1 1.0000000180025095e-35 -10.15000009536743 43.652500152587898 7.4500000476837167 30.250000000000004 3.8500000238418584 31.050000190734867 30.349999427795414 -9.3499999046325666 1.0000000180025095e-35 1.0000000180025095e-35 1.0000000180025095e-35 7.6499998569488534 10.250000000000002 5.0499999523162851 17.44999980926514 4.8500001430511483 4.6499998569488534 8.4499998092651385 11.050000190734865 10.449999809265138 7.2500000000000009 8.0500001907348651 0.65000000596046459 12.250000000000002 15.650000095367433 17.650000572204593
decision_type=10 1 1 10 8 2 8 10 8 8 10 10 8 10 10 10 10 8 10 8 8 10 10 10 2 10 8 8 10 10
left_child=10 2 -2 4 5 -4 -5 8 -3 -9 20 -7 13 14 15 -6 18 -18 -17 -10 25 22 23 26 -23 -1 -22 -26 29 -29
right_child=1 7 3 6 12 11 -8 9 19 -11 -12 -13 -14 -15 -16 16 17 -19 -20 -21 21 24 -24 -25 27 -27 -28 28 -30 -31
leaf_value=-0.00038307045149525243 0.00056636858122004142 -0.00045147921701492656 0.044990494817756785 -0.02610299317555629 0.0011531061485600203 -0.024438844562985625 -0.0069232922974912228 -0.014217295566442648 0.0055466198775986622 -0.0011898042664627373 0.006617482218226888 0.060733905412534539 -0.014707718221510641 -0.015095655739362083 -0.02104789636993697 -0.01191090294490693 0.074188054303657297 -0.0030029700470421642 -0.044521551753065325 0.0010625860144111276 -0.0028145490552170444 -0.010694689472608418 0.015309749317259137 0.017063082659294893 -0.0027026336799252119 -0.0065883916996448307 0.0022556085534049058 0.0018069730112439449 -0.00019832798016074048 0.012865734562527509
leaf_weight=475039 88213 1138840 1758 8630 48453 987 12757 16571 73452 19824 31583 207 11645 9405 4660 16998 302 78016 1172 254743 84695 23164 22503 13080 200591 57103 461760 457232 1361340 25277
leaf_count=475039 88213 1138840 1758 8630 48453 987 12757 16571 73452 19824 31583 207 11645 9405 4660 16998 302 78016 1172 254743 84695 23164 22503 13080 200591 57103 461760 457232 1361340 25277
internal_value=-1.04578e-08 -0.000623127 -0.00359465 -0.00547702 -0.00434572 0.0228808 -0.0146626 -6.3353e-05 0.000111745 -0.00712135 0.000346443 -0.00967271 -0.00481669 -0.00409231 -0.00340056 -0.00283318 -0.00483496 -0.00270532 -0.0140144 0.00206614 0.000284195 0.000551938 0.0023553 0.0018343 4.42858e-05 -0.00104895 0.00146979 0.000165961 0.000478033 0.0023863
internal_weight=5e+06 1.78663e+06 283203 194990 173603 2952 21387 1.50343e+06 1.46704e+06 36395 3.21337e+06 1194 170651 159006 149601 144941 96488 78318 18170 328195 3.18178e+06 2.64964e+06 582038 559535 2.0676e+06 532142 546455 2.04444e+06 1.84385e+06 482509
internal_count=5000000 1786633 283203 194990 173603 2952 21387 1503430 1467035 36395 3213367 1194 170651 159006 149601 144941 96488 78318 18170 328195 3181784 2649642 582038 559535 2067604 532142 546455 2044440 1843849 482509
cat_boundaries=0 1 2
cat_threshold=1920 3840
is_linear=0
shrinkage=0.1


Tree=152
num_leaves=31
num_cat=6
split_feature=74 91 76 5 0 87 73 76 87 3 83 76 2 15 86 86 72 48 9 73 76 0 56 72 76 73 75 22 89 22
split_gain=109.122 160.16 189.491 153.013 166.544 148.87 140.938 234.701 177.155 181.155 210.002 171.27 153.975 271.13 218.018 169.496 170.021 142.851 140.736 131.9 131.639 129.253 127.462 126.106 231.136 124.145 166.058 125.754 120.807 142.22
threshold=105.50000000000001 3.6499999761581425 0 28.650000572204593 31.150000572204593 1.0000000180025095e-35 141.52664947509768 1 1.0000000180025095e-35 -13.050000190734862 -10.550000190734862 2 13.449999809265138 17.750000000000004 13.050000190734865 11.050000190734865 43.847499847412116 7.6499998569488534 6.8500001430511483 139.82914733886722 3 -12.849999904632567 4.6499998569488534 33.588350296020515 4 139.49830627441409 5 13.550000190734865 29.44999980926514 28.849999427795414
decision_type=2 10 1 10 2 10 2 1 10 8 8 1 8 8 8 10 2 10 8 2 1 2 8 2 1 2 1 10 10 10
left_child=6 3 -3 4 -2 -6 11 8 9 -8 -11 12 13 15 -14 16 23 18 -13 -16 -21 -4 -19 24 -1 27 -27 -15 -20 -30
right_child=1 2 21 -5 5 -7 7 -9 -10 10 -12 17 14 25 19 -17 -18 22 28 20 -22 -23 -24 -25 -26 26 -28 -29 29 -31
leaf_value=0.010887425672289975 -0.00022565154825501213 0.0015011845346257777 0.093312981210023405 -0.00548870051536989 0.012707064296173732 -0.14791142833900864 0.030000855493737346 0.00053918534693615306 0.0063905839228208076 -0.052056787064498705 -0.0047184407899097357 0.0021519828358574208 -0.0082207822723598199 -0.0034305125415222586 0.0020903775007022536 0.010503487882991021 0.017967085679553862 -0.01378050250701373 -0.00043055042607315883 0.0021553791210364198 -0.0041244597532086019 -0.006077741222777361 -0.0022596505306532646 0.0027315599549761968 -0.0085025105884101032 -0.01661882322698929 0.032929868325149859 0.036445139705032881 0.01932691469142786 0.0025157983163961021
leaf_weight=8108 1795889 49603 131 55310 11358 58 1494 330708 15695 942 181009 304536 25554 951 426275 27851 6803 12788 1141754 57695 79183 108579 38558 254305 25333 1627 1143 4697 6251 25812
leaf_count=8108 1795889 49603 131 55310 11358 58 1494 330708 15695 942 181009 304536 25554 951 426275 27851 6803 12788 1141754 57695 79183 108579 38558 254305 25333 1627 1143 4697 6251 25812
internal_value=-9.29704e-09 -0.00056721 -0.00362076 -0.000307673 -0.000149115 0.011891 0.000384765 -0.00109405 -0.00380616 -0.00467877 -0.00496352 0.000704681 0.00178324 0.00350948 0.000813222 0.00304689 0.00234183 5.63318e-05 0.000236428 0.00122316 -0.00147761 -0.00595742 -0.00512898 0.00197241 -0.00380057 0.0212264 0.0038856 0.0297309 -0.000260545 0.00579329
internal_weight=5e+06 2.02093e+06 158313 1.86262e+06 1.8073e+06 11416 2.97907e+06 529848 199140 183445 181951 2.44922e+06 919525 330818 588707 322400 294549 1.5297e+06 1.47835e+06 563153 136878 108710 51346 287746 33441 8418 2770 5648 1.17382e+06 32063
internal_count=5000000 2020928 158313 1862615 1807305 11416 2979072 529848 199140 183445 181951 2449224 919525 330818 588707 322400 294549 1529699 1478353 563153 136878 108710 51346 287746 33441 8418 2770 5648 1173817 32063
cat_boundaries=0 1 2 3 4 5 6
cat_threshold=16646155 1045504 4178048 3932160 114688 248
is_linear=0
shrinkage=0.1


Tree=153
num_leaves=31
num_cat=5
split_feature=24 2 91 48 54 76 74 72 76 72 76 73 76 74 48 76 74 83 3 21 2 83 12 77 89 2 83 21 25 71
split_gain=103.873 115.444 104.89 148.06 205.714 174.824 127.844 140.77 473.453 195.519 207.914 318.213 169.073 140.54 144.473 133.259 192.435 117.777 222.053 204.596 230.576 282.872 234.014 223.869 205.862 179.618 170.503 158.126 154.341 138.566
threshold=5.7500000000000009 27.550000190734867 0.94999998807907116 1.8499999642372134 2.8500000238418584 0 408.50000000000006 37.649148941040046 1 35.64580154418946 2 138.5725021362305 3 597.50000000000011 0.65000000596046459 4 1099.0000000000002 27.150000572204593 25.050000190734867 25.349999427795414 21.050000190734867 25.44999980926514 25.849999427795414 23.250000000000004 26.250000000000004 26.94999980926514 20.750000000000004 29.849999427795414 1.0000000180025095e-35 1.0500000119209292
decision_type=2 10 8 8 10 1 2 2 1 2 1 2 1 2 10 1 2 10 8 10 8 8 10 10 8 8 8 10 8 10
left_child=2 -2 3 4 -1 -5 17 9 -9 12 11 15 13 14 -8 16 -11 19 -19 23 26 22 28 29 -23 -25 -21 -20 -22 -4
right_child=1 -3 6 5 -6 -7 7 8 -10 10 -12 -13 -14 -15 -16 -17 -18 18 27 20 21 24 -24 25 -26 -27 -28 -29 -30 -31
leaf_value=0.00079018877224656242 0.0043020865853597217 0.032929743785420837 -0.0012333266575374504 0.0067344039819244444 -0.0045234971903091838 0.0010929709908817742 0.005443972249146784 -0.01713396928651199 -0.00040626010794363057 0.019333995351967035 -0.0011387303024794502 -0.0039970676644765528 -0.0010232855814944939 -0.017406844446224156 -0.0085148045075311759 0.0045983561458658633 -0.0075288649016000408 0.01110895080395435 0.0029815478642523418 -0.0058402486809536296 -0.017035327333992639 -0.0077725424971024472 -0.0028016448740451985 0.0052296921010541522 0.0001591619684244422 -0.0034908815999506559 0.0097290196107506933 -0.0038530797299939964 4.7408980282494756e-05 0.00028486741455833472
leaf_weight=631042 31765 1474 848619 83705 82367 159805 9407 24733 53530 19792 181177 23450 75436 12924 35009 20497 3082 25168 118457 10049 32928 42644 32339 132275 140642 28753 23443 47395 6301 2061792
leaf_count=631042 31765 1474 848619 83705 82367 159805 9407 24733 53530 19792 181177 23450 75436 12924 35009 20497 3082 25168 118457 10049 32928 42644 32339 132275 140642 28753 23443 47395 6301 2061792
internal_value=-4.61539e-09 0.00557159 -3.72914e-05 0.000903419 0.000176694 0.0030325 -0.000261785 -0.00183221 -0.00569486 -0.00103829 0.000619757 0.00538705 -0.00413518 -0.00822754 -0.00555843 0.0104621 0.0157077 -5.87658e-05 0.0023566 -0.000196091 -0.00274296 -0.00376808 -0.00909964 4.30082e-05 -0.00168626 0.00367256 0.00505759 0.00102844 -0.0142915 -0.000157808
internal_weight=5e+06 33239 4.96676e+06 956919 713409 243510 4.00984e+06 459037 78263 380774 247998 66821 132776 57340 44416 43371 22874 3.5508e+06 191020 3.35978e+06 288346 254854 71568 3.07144e+06 183286 161028 33492 165852 39229 2.91041e+06
internal_count=5000000 33239 4966761 956919 713409 243510 4009842 459037 78263 380774 247998 66821 132776 57340 44416 43371 22874 3550805 191020 3359785 288346 254854 71568 3071439 183286 161028 33492 165852 39229 2910411
cat_boundaries=0 1 2 3 4 5
cat_threshold=984000 16256 539712 32736 7168
is_linear=0
shrinkage=0.1


Tree=154
num_leaves=31
num_cat=2
split_feature=77 3 89 3 20 86 77 76 77 1 2 72 2 76 89 2 20 21 13 83 2 86 25 1 14 0 2 33 22 71
split_gain=102.33 103.158 154.521 136.463 131.921 302.685 272.116 217.252 208.006 289.178 192.141 191.937 186.151 181.982 176.989 277.277 362.905 186.225 244.491 269.891 205.058 190.851 179.425 170.939 204.638 163.074 155.668 151.03 150.785 149.034
threshold=34.750000000000007 31.150000572204593 28.849999427795414 24.650000572204593 20.750000000000004 19.650000572204593 22.050000190734867 0 16.849999427795414 14.550000190734865 11.250000000000002 30.90164947509766 26.650000572204593 1 18.849999427795414 20.650000572204593 27.550000190734867 25.349999427795414 26.550000190734867 25.44999980926514 22.550000190734867 27.849999427795414 0.75000000000000011 16.050000190734867 20.250000000000004 21.94999980926514 27.94999980926514 1.0000000180025095e-35 25.849999427795414 1.0500000119209292
decision_type=10 10 10 8 10 10 8 1 10 8 8 2 8 1 8 8 10 10 10 8 8 8 8 8 10 2 8 10 8 10
left_child=1 2 4 -4 5 11 7 23 -9 -10 27 13 -7 -1 -12 16 -16 25 19 22 28 -21 -19 24 -6 -17 -27 -8 -20 -13
right_child=-2 -3 3 -5 6 12 10 8 9 -11 14 29 -14 -15 15 17 -18 18 20 21 -22 -23 -24 -25 -26 26 -28 -29 -30 -31
leaf_value=0.011682365006146389 0.019115146734217537 -0.0039319266239389332 0.015377932920471075 0.0027798251524777831 -0.011502256214917338 0.0041788209692928844 0.019060703389102068 -0.01529884330645705 0.038168469610014917 -0.0051936909983822171 -0.0064193619853382114 -0.0010160059682756786 -0.0085464555150451017 -0.0004290989757214877 0.002759339575308183 -0.0045945443873736556 0.021882935038559884 -0.013111437808818164 -0.0009116593276081034 -0.0067600477073091183 -0.00025058501332221356 0.00050600111436309295 0.0042191815664780127 -0.0021816492039481972 0.015822522325297555 0.0020809227898968066 -0.0049949875455443417 -0.060238115146127813 0.027680855621436008 0.00039337933072808941
leaf_weight=27199 2799 66202 9584 83585 3523 243578 6777 21438 1556 132608 45691 1130745 12065 22811 96168 50795 11065 45619 3039 61708 153259 87277 6874 49172 12344 343523 34185 249 4692 2229870
leaf_count=27199 2799 66202 9584 83585 3523 243578 6777 21438 1556 132608 45691 1130745 12065 22811 96168 50795 11065 45619 3039 61708 153259 87277 6874 49172 12344 343523 34185 249 4692 2229870
internal_value=-5.61052e-09 -1.07123e-05 4.19327e-05 0.00407575 -3.57523e-05 0.000259438 -0.000959517 -0.00412343 -0.00615191 -0.00469079 -0.000225399 1.06767e-05 0.00357826 0.00616023 -0.000348039 -3.91949e-05 0.00473264 -0.000686119 -0.00235445 -0.00467602 0.000550988 -0.00250352 -0.010842 0.000730445 0.00975552 0.000725109 0.00144051 0.0162504 0.0164413 -8.08361e-05
internal_weight=5e+06 4.9972e+06 4.931e+06 93169 4.83783e+06 3.66627e+06 1.17156e+06 220641 155602 134164 950921 3.41062e+06 255643 50010 943895 898204 107233 790971 362468 201478 160990 148985 52493 65039 15867 428503 377708 7026 7731 3.36062e+06
internal_count=5000000 4997201 4930999 93169 4837830 3666268 1171562 220641 155602 134164 950921 3410625 255643 50010 943895 898204 107233 790971 362468 201478 160990 148985 52493 65039 15867 428503 377708 7026 7731 3360615
cat_boundaries=0 1 2
cat_threshold=224 16711955
is_linear=0
shrinkage=0.1


Tree=155
num_leaves=31
num_cat=4
split_feature=23 80 83 76 73 2 76 17 77 3 80 1 86 86 76 27 1 0 22 3 83 80 52 20 86 20 77 2 89 76
split_gain=102.564 225.402 155.341 135.136 142.16 131.892 278.234 191.998 164.003 182.504 269.53 284.323 257.874 187.231 206.364 288.617 236.908 273.047 256.399 159.899 365.608 198.28 195.899 185.026 175.999 192.505 169.6 236.689 391.486 357.833
threshold=-7.4500000476837149 -6.0499999523162833 -5.6499998569488517 0 144.7174987792969 -5.9500000476837149 1 -2.8500000238418575 -0.84999999403953541 1.8499999642372134 1.6500000357627871 0.84999999403953563 2.8500000238418584 0.84999999403953563 2 1.0000000180025095e-35 -1.4499999880790708 1.6500000357627871 1.8499999642372134 7.4500000476837167 8.4499998092651385 5.0499999523162851 1.2500000000000002 7.4500000476837167 16.050000190734867 5.6499998569488534 7.0499999523162851 11.449999809265138 13.250000000000002 3
decision_type=8 8 10 1 2 8 1 10 8 8 10 10 8 10 1 10 10 2 10 8 8 8 10 10 10 10 8 8 8 1
left_child=-1 2 3 4 -2 6 7 -3 -7 10 13 -12 -11 14 15 16 18 -18 -10 21 -21 23 24 -14 25 -23 -22 29 -29 -28
right_child=1 5 -4 -5 -6 8 -8 -9 9 12 11 -13 19 -15 -16 -17 17 -19 -20 20 26 22 -24 -25 -26 -27 27 28 -30 -31
leaf_value=0.0034735627613507883 -0.0062055299828982953 0.00056824637640870684 0.0038946002429189777 -0.015312803697356894 0.024784583475060948 -0.0030939242911367003 0.00077754495715112021 0.029848046491458703 -0.0043500209763350593 -0.0040668554129583302 0.015528282005762121 0.0031225515895446192 0.00053065915485613698 0.0048705629861671568 0.0009431579609071501 -0.025837486953977501 -0.015107311319273387 0.0046684630892060838 0.018179298686843811 -0.0045462325835770277 -0.0065722256271780084 0.004128415819171556 0.0046431296109887407 -0.0071400744413597913 0.026325813229383821 -0.002549121769496157 0.0090599037656050006 -0.0042091461583269787 0.00012094233551817051 0.0010117612064017496
leaf_weight=83584 18366 3355 10946 20183 1610 169262 28510 6736 12127 160171 26970 58647 130186 86871 225745 6351 21515 10336 8658 186200 38685 68826 233480 41460 2563 115829 67077 226908 2615836 313007
leaf_count=83584 18366 3355 10946 20183 1610 169262 28510 6736 12127 160171 26970 58647 130186 86871 225745 6351 21515 10336 8658 186200 38685 68826 233480 41460 2563 115829 67077 226908 2615836 313007
internal_value=-2.79729e-09 -5.90569e-05 -0.00666566 -0.00954404 -0.00370597 1.03386e-05 0.00583245 0.0200933 -3.6223e-05 7.49006e-05 0.0019722 0.00703045 -0.000131632 0.000806782 -0.000433067 -0.00569912 -0.00327033 -0.00868985 0.00503458 2.43832e-05 -0.000236382 0.00154216 0.00271081 -0.00132216 0.000301003 -6.02198e-05 9.66731e-06 8.86726e-05 -0.000224686 0.00243236
internal_weight=5e+06 4.91642e+06 51105 40159 19976 4.86531e+06 38601 10091 4.82671e+06 4.65745e+06 457220 85617 4.20023e+06 371603 284732 58987 52636 31851 20785 4.04006e+06 3.44771e+06 592344 420698 171646 187218 184655 3.26151e+06 3.22283e+06 2.84274e+06 380084
internal_count=5000000 4916416 51105 40159 19976 4865311 38601 10091 4826710 4657448 457220 85617 4200228 371603 284732 58987 52636 31851 20785 4040057 3447713 592344 420698 171646 187218 184655 3261513 3222828 2842744 380084
cat_boundaries=0 1 2 3 4
cat_threshold=50158 896 1920 2031616
is_linear=0
shrinkage=0.1


Tree=156
num_leaves=31
num_cat=3
split_feature=88 48 76 50 74 2 27 53 83 74 74 77 86 0 20 86 76 73 73 89 73 4 0 15 72 80 48 51 50 76
split_gain=105.401 169.822 300.158 177.638 158.034 142.721 142.614 138.387 122.651 238.692 301.603 173.441 230.772 153.14 143.084 212.342 195.154 197.884 226.752 283.37 464.772 325.532 251.393 242.746 140.337 131.507 130.387 290.904 214.583 267
threshold=0.94999998807907116 2.0499999523162846 0 1.6500000357627871 1099.0000000000002 17.150000572204593 1.0000000180025095e-35 3.8500000238418584 -10.550000190734862 168.00000000000003 52.500000000000007 -13.15000009536743 -13.749999999999998 -12.849999904632567 -3.9500000476837154 -1.9499999880790708 1 143.05250549316409 143.75664520263675 -10.550000190734862 143.63079833984378 -13.050000190734862 -12.849999904632567 -4.3500001430511466 44.025800704956062 -2.7499999999999996 0.75000000000000011 0.35000000894069677 1.9499999880790713 2
decision_type=8 8 1 8 2 8 10 10 8 2 2 8 8 2 10 8 1 2 2 8 2 10 2 10 2 10 10 8 10 1
left_child=1 7 5 -4 8 6 -3 -1 9 10 -2 12 -12 -11 16 -16 25 -18 19 20 -19 23 -20 -22 -13 -10 28 -28 -17 -30
right_child=4 2 3 -5 -6 -7 -8 -9 14 13 11 24 -14 -15 15 26 17 18 22 -21 21 -23 -24 -25 -26 -27 27 -29 29 -31
leaf_value=0.00050487115009049803 -0.0014292227232004565 0.017762431991669776 -0.0043238062074220209 0.0033660446462647972 -0.0076638397363661369 0.0023703264039637785 -0.0075533080075336689 -0.006621868384460711 -0.0084463853115673681 0.029915656737119635 -0.12209711194077094 -0.030098488821160254 -0.037781924553231892 -0.0033195133184704007 -0.0052137249603807648 0.0016093290153590949 0.0069770097988970979 -0.010740895185671333 0.055324929242367239 -0.00605675765519674 -0.28926867253723598 -0.065034634836467153 0.00273374116771546 -0.067194483211465386 0.013462006458895465 0.0087184151251022118 -0.0051309931898852953 -0.00021654103167416709 -0.013151075596326096 0.00084320491009146927
leaf_weight=694093 7087 24357 38583 135670 28324 12113 2449 28360 21141 2133 426 3553 1364 3961 84203 646480 90739 1170 964 13059 147 421 15909 74 934 5658 125567 2954446 22866 33749
leaf_count=694093 7087 24357 38583 135670 28324 12113 2449 28360 21141 2133 426 3553 1364 3961 84203 646480 90739 1170 964 13059 147 421 15909 74 934 5658 125567 2954446 22866 33749
internal_value=-3.2221e-09 0.000956933 0.00343713 0.00166327 -0.000220291 0.0113759 0.0154496 0.00022511 -0.000168054 -0.00808828 -0.0155674 -0.0315301 -0.057848 0.00831334 -0.000129686 -0.00024695 0.00290818 0.00459924 -0.00219607 -0.0111987 -0.0482568 -0.116627 0.00573842 -0.214909 -0.0210311 -0.00482063 -0.000136401 -0.000416895 0.00109234 -0.00481106
internal_weight=5e+06 935625 213172 174253 4.06438e+06 38919 26806 722453 4.03605e+06 19458 13364 6277 1790 6094 4.01659e+06 3.86731e+06 149282 122483 31744 14871 1812 642 16873 221 4487 26799 3.78311e+06 3.08001e+06 703095 56615
internal_count=5000000 935625 213172 174253 4064375 38919 26806 722453 4036051 19458 13364 6277 1790 6094 4016593 3867311 149282 122483 31744 14871 1812 642 16873 221 4487 26799 3783108 3080013 703095 56615
cat_boundaries=0 1 2 3
cat_threshold=263040 73600 1966080
is_linear=0
shrinkage=0.1


Tree=157
num_leaves=31
num_cat=4
split_feature=5 77 80 2 47 75 0 86 1 48 5 76 77 63 17 52 13 76 77 89 3 86 80 1 20 1 86 0 83 76
split_gain=103.168 210.823 172.287 187.866 142.37 124.864 357.628 152.926 208.64 191.446 212.012 198.381 153.595 165.643 189.693 135.994 138.928 128.863 122.77 122.068 206.991 320.659 234.11 392.589 246.595 414.202 371.495 357.507 269.377 263.434
threshold=-5.9500000476837149 -5.7499999999999991 -4.1499998569488517 -10.249999999999998 1.0000000180025095e-35 0 -12.849999904632567 -9.1500000953674299 -12.849999904632567 0.15000000223517421 -12.949999809265135 1 -13.15000009536743 1.9499999880790713 -4.8500001430511466 1.0000000180025095e-35 -8.6500000953674299 2 -10.550000190734862 -0.15000000223517415 4.8500001430511483 5.8500001430511483 5.2500000000000009 4.6499998569488534 4.6499998569488534 -1.8499999642372129 5.8500001430511483 -1.6500000357627866 7.6499998569488534 3
decision_type=8 8 10 10 8 1 2 10 10 8 10 1 10 10 10 10 10 1 8 8 8 8 10 8 10 10 10 2 10 1
left_child=2 -2 4 -4 5 7 -7 9 -9 10 11 -1 13 -13 15 16 -15 -10 -6 -3 22 -22 24 -24 29 27 28 -26 -27 -21
right_child=1 19 3 -5 18 6 -8 8 17 -11 -12 12 -14 14 -16 -17 -18 -19 -20 20 21 -23 23 -25 25 26 -28 -29 -30 -31
leaf_value=0.068005745312490484 -0.0081892242148772203 -0.0020473387423312361 0.054436164198862873 0.0091170425418361616 -0.037288013278922047 0.038319913830108125 0.0037668397007216271 0.044924946320975677 -0.003065206675600206 -0.0015269474155309476 -0.0047519476327354676 -0.049707718697893359 0.0047646706374429113 -0.42414414834282876 -0.033457432575398842 -0.12448004222488757 -0.17788607807504753 0.011088893341873532 -0.0055970692668860077 -0.0045461183870709092 -0.0042917204166388881 1.2039999942030292e-05 0.014425285084179805 0.00060223746868666667 0.0035417424639413346 -0.0052272360169446233 0.0073307350798788237 0.04407996112824468 0.014482799961861657 0.0032175940850159299
leaf_weight=121 31794 279705 960 19390 1416 3437 23315 1308 12916 36829 2201 783 278 36 149 203 63 12800 8942 49152 181775 3635808 36364 47234 5706 171051 31634 3516 7227 393887
leaf_count=121 31794 279705 960 19390 1416 3437 23315 1308 12916 36829 2201 783 278 36 149 203 63 12800 8942 49152 181775 3635808 36364 47234 5706 171051 31634 3516 7227 393887
internal_value=-5.36064e-09 -7.27862e-05 0.00283503 0.0112549 0.0012 0.00242067 0.00820303 0.000134072 0.00596469 -0.00374083 -0.0250072 -0.0523077 -0.0619758 -0.0775136 -0.125789 -0.171343 -0.267434 0.00398304 -0.00992941 -1.95029e-05 0.000104791 -0.000192884 0.00162858 0.00661508 0.000999048 -0.00174488 -0.00265614 0.0189974 -0.00442823 0.00235624
internal_weight=5e+06 4.87485e+06 125147 20350 104797 94439 26752 67687 27024 40663 3834 1633 1512 1234 451 302 99 25716 10358 4.84306e+06 4.56335e+06 3.81758e+06 745771 83598 662173 219134 209912 9222 178278 443039
internal_count=5000000 4874853 125147 20350 104797 94439 26752 67687 27024 40663 3834 1633 1512 1234 451 302 99 25716 10358 4843059 4563354 3817583 745771 83598 662173 219134 209912 9222 178278 443039
cat_boundaries=0 1 2 3 4
cat_threshold=6 3072 114048 1920
is_linear=0
shrinkage=0.1


Tree=158
num_leaves=31
num_cat=9
split_feature=24 76 84 0 25 76 81 25 78 0 54 88 76 16 48 76 70 72 76 76 75 76 27 76 86 3 83 77 80 52
split_gain=98.9853 238.998 158.829 212.102 153.341 144.531 131.523 125.654 111.546 141.491 111.273 107.662 492.08 141.758 131.652 117.005 111.586 170.255 473.517 141.867 188.245 133.477 132.721 111.109 106.196 122.369 303.054 234.459 187.697 191.238
threshold=0.75000000000000011 0 2.2500000000000004 30.150000572204593 1.0000000180025095e-35 1 4.2500000000000009 1.0000000180025095e-35 5.7500000000000009 29.349999427795414 1.6500000357627871 4.1499998569488534 2 -4.2499999999999991 0.75000000000000011 3 0.55000001192092907 35.097499847412116 4 5 6 7 1.0000000180025095e-35 8 30.150000572204593 19.650000572204593 20.849999427795414 18.250000000000004 19.750000000000004 1.0500000119209292
decision_type=2 1 10 2 10 1 10 8 10 2 10 10 1 8 8 1 8 2 1 1 1 1 10 1 10 8 10 8 10 8
left_child=2 4 6 5 -2 7 8 -4 11 -10 -5 16 13 -13 -14 -16 17 18 -1 20 -19 -20 -23 -15 25 26 28 -27 29 -18
right_child=1 -3 3 10 -6 -7 -8 -9 9 -11 -12 12 14 23 15 -17 24 19 21 -21 -22 22 -24 -25 -26 27 -28 -29 -30 -31
leaf_value=-0.013569436956624315 0.013636680254044421 -0.0001987232364225856 -0.026086305822808815 -0.13458136995009345 0.0038198345356969077 -0.0006259541768114411 -0.01429239306665428 -0.0039754549298434043 -0.014495381394381055 -0.11136127619305625 -0.029750269878122237 0.015635996873697003 0.0087605190608913957 0.0065303880953154706 -0.011876468280041741 -0.0042798971215764975 -0.0010261257088915036 -0.011412073521976922 0.012344297013749443 0.00068304999401102955 0.0011802996498788882 -0.0024545180594211439 0.008693873914303497 0.00035442220229140809 0.0046444362669206185 -0.0085799842669125343 0.0074445942261945151 -0.00036390619897300604 0.0062404707200145529 0.00092159506996098046
leaf_weight=37354 20321 194612 5580 193 73331 15504 6490 4765 2621 160 213 7908 7116 38921 22591 197876 723249 23658 6920 403542 23822 178045 11360 115728 56220 35978 63827 1003399 54994 1663702
leaf_count=37354 20321 194612 5580 193 73331 15504 6490 4765 2621 160 213 7908 7116 38921 22591 197876 723249 23658 6920 403542 23822 178045 11360 115728 56220 35978 63827 1003399 54994 1663702
internal_value=1.01158e-08 0.00179886 -0.000110044 -0.00786619 0.0059493 -0.00673975 -6.65823e-05 -0.0158865 -4.68504e-05 -0.0200684 -0.0795838 -3.49433e-05 -0.00162533 0.00257681 -0.00462673 -0.00505904 0.000109822 -0.00106038 -0.0032511 7.46618e-05 -0.00509522 -0.00128712 -0.00178577 0.00190919 0.000332303 0.00026392 0.000642305 -0.000648305 0.000464508 0.000331433
internal_weight=5e+06 288264 4.71174e+06 26255 93652 25849 4.68548e+06 10345 4.67899e+06 2781 406 4.67621e+06 390140 162557 227583 220467 4.28607e+06 684701 233679 451022 47480 196325 189405 154649 3.60137e+06 3.54515e+06 2.50577e+06 1.03938e+06 2.44194e+06 2.38695e+06
internal_count=5000000 288264 4711736 26255 93652 25849 4685481 10345 4678991 2781 406 4676210 390140 162557 227583 220467 4286070 684701 233679 451022 47480 196325 189405 154649 3601369 3545149 2505772 1039377 2441945 2386951
cat_boundaries=0 1 2 3 4 5 6 7 8 9
cat_threshold=522240 65472 16711719 384 224 123136 7170 3584 1835008
is_linear=0
shrinkage=0.1


Tree=159
num_leaves=31
num_cat=2
split_feature=74 79 88 72 83 86 91 72 76 1 76 3 86 21 2 80 80 21 89 86 23 77 1 20 12 89 77 72 83 1
split_gain=101.287 158.835 123.388 111.529 109.148 98.3919 97.9496 92.1416 323.489 133.172 119.51 90.1414 126.851 134.157 114.449 394.563 361.204 273.771 264.318 231.198 244.087 263.741 220.475 194.496 186.619 192.439 180.157 177.848 176.154 212.616
threshold=509.50000000000006 2.0499999523162846 0.84999999403953563 35.64580154418946 34.850000381469734 31.349999427795414 1.4499999880790713 37.649148941040046 0 -12.849999904632567 1 32.350000381469734 29.550000190734867 28.050000190734867 23.44999980926514 23.750000000000004 23.050000190734867 27.250000000000004 23.250000000000004 21.150000572204593 19.349999427795414 18.250000000000004 20.150000572204593 20.94999980926514 27.44999980926514 27.849999427795414 25.050000190734867 42.50835037231446 21.650000572204593 19.150000572204593
decision_type=2 10 10 2 10 8 10 2 1 10 1 10 10 10 8 10 8 10 8 10 10 10 8 8 10 8 8 2 10 10
left_child=4 3 -3 5 11 6 -2 10 9 -9 -5 12 14 -14 15 19 27 18 -18 20 21 -1 -21 -24 25 -19 -20 -16 -22 -30
right_child=1 2 -4 7 -6 -7 -8 8 -10 -11 -12 -13 13 -15 16 -17 17 24 26 22 28 -23 23 -25 -26 -27 -28 -29 29 -31
leaf_value=0.00011164838914844325 -0.0035743522903477509 -0.0026653264716270633 -0.011353022415146021 0.0040522278188534766 0.019612570481464624 0.0015599632281651521 -0.012918946721553644 0.084237541324428983 0.0016277381354264653 -0.020007516621774597 -0.0009794716484821974 -0.0051755119853802573 0.010276637134940125 0.0012192702745107314 -0.0063359205990328078 0.0085633653782559733 -0.005296538736656883 -0.01194407206418089 -0.0021583210798983257 0.010903396299869094 -0.0029748041028776553 0.0046970231415586457 0.0064390149389787132 -0.00030043363122793832 0.00040076248216589405 -0.0032150512491188723 0.0029259271711175655 -0.022747586301665214 0.028969752812270301 0.0013081507628122195
leaf_weight=2911536 49015 44638 25795 92878 2874 26298 14546 124 29234 10460 95974 31939 24750 48204 56037 57018 59858 38181 89108 32595 394483 131085 65052 125306 70081 74606 319895 7485 2897 68048
leaf_count=2911536 49015 44638 25795 92878 2874 26298 14546 124 29234 10460 95974 31939 24750 48204 56037 57018 59858 38181 89108 32595 394483 131085 65052 125306 70081 74606 319895 7485 2897 68048
internal_value=4.92964e-09 -0.00154966 -0.00584706 -0.000599424 0.000130726 -0.00358442 -0.00571287 0.000573569 -0.00379807 -0.0187685 0.0014953 0.000118576 0.000155525 0.00429203 8.8513e-05 0.000307574 -0.00107165 -0.000370073 0.000909919 0.000181407 -1.70436e-05 0.0003092 0.00330393 0.00200267 -0.00365188 -0.00617003 0.00181824 -0.00826976 -0.00214978 0.0024377
internal_weight=5e+06 388962 70433 318529 4.61104e+06 89859 63561 228670 39818 10584 188852 4.60816e+06 4.57622e+06 72954 4.50327e+06 3.78802e+06 715251 651729 468861 3.731e+06 3.50805e+06 3.04262e+06 222953 190358 182868 112787 409003 63522 465428 70945
internal_count=5000000 388962 70433 318529 4611038 89859 63561 228670 39818 10584 188852 4608164 4576225 72954 4503271 3788020 715251 651729 468861 3731002 3508049 3042621 222953 190358 182868 112787 409003 63522 465428 70945
cat_boundaries=0 1 2
cat_threshold=16256 4079296
is_linear=0
shrinkage=0.1


Tree=160
num_leaves=31
num_cat=6
split_feature=85 74 88 76 48 76 54 79 24 76 0 76 90 0 87 76 83 73 73 76 3 83 1 77 1 86 0 89 88 23
split_gain=102.139 116.864 136.232 174.117 111.407 202.915 136.889 107.012 105.964 315.019 263.913 144.934 227.062 126.781 122.108 200.987 110.943 124.368 168.204 147.37 115.779 204.774 248.773 163.179 155.696 123.614 185.407 150.767 387.363 275.424
threshold=0.84999999403953563 249.50000000000003 1.1500000357627871 0 2.2500000000000004 1 3.7500000000000004 1.5500000119209292 1.0000000180025095e-35 2 -12.849999904632567 3 1.0000000180025095e-35 11.250000000000002 1.7500000000000002 4 -7.8500001430511466 144.7174987792969 144.53585052490237 5 -5.8500001430511466 -4.5499999523162833 -5.3500001430511466 -3.9500000476837154 -6.6499998569488517 -10.849999904632567 -12.849999904632567 -10.550000190734862 6.8500001430511483 -12.949999809265135
decision_type=8 2 10 1 8 1 10 10 2 1 2 1 10 2 10 1 8 2 2 1 8 10 10 10 10 10 2 8 8 10
left_child=4 8 -3 7 6 -6 -1 -4 14 -10 -11 12 -12 -14 16 -16 17 18 -2 -19 21 23 -23 25 -25 27 -27 28 -18 -30
right_child=1 2 3 -5 5 -7 -8 -9 9 10 11 -13 13 -15 15 -17 20 19 -20 -21 -22 22 -24 24 -26 26 -28 -29 29 -31
leaf_value=0.00081799117353539754 -0.0076759645279742732 -0.00033482879205398399 -0.0066094224379086939 -0.0020666203391163265 0.0088676761126297507 0.00082057235057252239 -0.0053595081298761617 -0.019732951711359692 0.0059280489237020515 0.19634042813935634 -0.016025916679623411 0.00069891307350753405 -0.0094144488977914859 0.0048613057217309751 -0.021211314474327898 -5.5371947080321125e-05 -0.0028172633934813625 0.070738405573187932 -0.063491189116056321 0.0041481629532732931 -9.161554626052566e-05 0.036511579465323622 0.0025867824443979691 0.069525050760629328 0.012565739971610658 0.04964284217502727 0.0029387521321833834 -0.00088133731754901762 -0.1284953109418103 -0.032025184254265739
leaf_weight=680207 22830 559561 29295 255487 47731 91211 37868 7886 116751 68 14539 155369 9941 16624 7235 11822 2790 370 553 2685 2883094 4131 4534 616 2172 885 21489 11016 488 752
leaf_count=680207 22830 559561 29295 255487 47731 91211 37868 7886 116751 68 14539 155369 9941 16624 7235 11822 2790 370 553 2685 2883094 4131 4534 616 2172 885 21489 11016 488 752
internal_value=5.37688e-09 -0.000205559 -0.00124921 -0.00299743 0.000993743 0.00358571 0.000492218 -0.00939037 6.47213e-05 0.00181408 -0.000630004 -0.000698208 -0.0059779 -0.000480884 -0.000119348 -0.0080984 -6.79502e-05 -0.00651687 -0.00899598 0.0124582 -9.79925e-06 0.00481667 0.0187603 0.00181176 0.0251507 7.2879e-05 0.00478612 -0.00693591 -0.0234861 -0.0699908
internal_weight=5e+06 4.14298e+06 852229 292668 857017 138942 718075 37181 3.29075e+06 313292 196541 196473 41104 26565 2.97746e+06 19057 2.9584e+06 26438 23383 3055 2.93197e+06 48873 8665 40208 2788 37420 22374 15046 4030 1240
internal_count=5000000 4142983 852229 292668 857017 138942 718075 37181 3290754 313292 196541 196473 41104 26565 2977462 19057 2958405 26438 23383 3055 2931967 48873 8665 40208 2788 37420 22374 15046 4030 1240
cat_boundaries=0 1 2 3 4 5 6
cat_threshold=960 984000 1046528 448 65408 384
is_linear=0
shrinkage=0.1


Tree=161
num_leaves=31
num_cat=9
split_feature=19 91 73 76 82 76 75 49 75 76 76 76 75 72 81 26 1 7 18 75 90 48 11 1 48 86 19 84 1 73
split_gain=96.7279 95.8456 128.34 119.157 247.776 332.129 239.156 256.293 199.154 1049.59 501.1 405.493 507.734 304.231 275.017 252.93 239.376 197.742 197.083 166.584 156.317 150.243 280.892 153.872 149.986 148.913 145.511 143.622 138.983 145.03
threshold=35.049999237060554 0.94999998807907116 144.7174987792969 0 3.3500000238418584 1 2 3.8500000238418584 3 4 5 6 7 38.132501602172859 1.0000000180025095e-35 1.0000000180025095e-35 4.8500001430511483 9.8499999046325701 1.2500000000000002 8 1.0000000180025095e-35 1.6500000357627871 -3.1499999761581416 4.0499999523162851 3.5499999523162846 15.050000190734865 19.44999980926514 1.0000000180025095e-35 16.250000000000004 133.27750396728518
decision_type=10 8 2 1 10 1 1 10 1 1 1 1 1 2 10 10 8 8 10 1 10 8 8 10 10 8 10 10 8 2
left_child=1 2 -1 6 8 19 -3 -8 9 16 13 12 15 28 20 24 -5 25 -7 -6 21 22 23 -14 27 -12 -18 -10 29 -11
right_child=-2 3 -4 4 5 18 7 -9 11 10 17 -13 14 -15 -16 -17 26 -19 -20 -21 -22 -23 -24 -25 -26 -27 -28 -29 -30 -31
leaf_value=0.0007467188470955512 0.015927523342238493 0.0026141183046560932 0.010540029327808745 0.057223720194312738 -0.0084561470297311366 0.0077322360718074567 -0.0019675492839356669 0.004912984617107102 -0.016114991465502045 0.027372841213665768 0.00082094503121804725 3.2029475537110319e-07 -0.015696287433590427 -0.013782944362382294 0.008317387465674014 0.0071640175890805499 0.013763176371645772 0.00047434158395062823 -0.00070541108770692286 -0.0031752412794474683 0.010088887454811249 -0.0010909510741255422 -0.0042819943955324591 -0.04637594116490365 -0.0016730558795286345 0.013872616955474502 0.0064786260224712405 0.0076161007817865459 -0.0046911228204090322 0.0012866487227685963
leaf_weight=948209 3810 395513 13573 1073 79643 33589 334807 64579 54277 2698 15417 1704408 9903 37237 24650 6841 49936 440942 157427 239077 9036 126518 80873 1958 9915 20190 60819 2676 60260 10146
leaf_count=948209 3810 395513 13573 1073 79643 33589 334807 64579 54277 2698 15417 1704408 9903 37237 24650 6841 49936 440942 157427 239077 9036 126518 80873 1958 9915 20190 60819 2676 60260 10146
internal_value=1.84134e-08 -1.21276e-05 0.000884925 -0.00022598 -0.000495187 -0.00251905 0.000871132 -0.000854975 -0.000117269 0.00133899 -0.000352896 -0.00061825 -0.00384578 -0.0064251 -0.00171727 -0.0111487 0.0102175 0.00105318 0.000778257 -0.00449508 -0.00280087 -0.00333209 -0.0063897 -0.0207608 -0.0130239 0.00822155 0.009763 -0.015 -0.00267811 0.00676629
internal_weight=5e+06 4.99619e+06 961782 4.03441e+06 3.23951e+06 509736 794899 399386 2.72977e+06 698718 586890 2.03106e+06 326647 110341 252938 73709 111828 476549 191016 318720 228288 219252 92734 11861 66868 35607 110755 56953 73104 12844
internal_count=5000000 4996190 961782 4034408 3239509 509736 794899 399386 2729773 698718 586890 2031055 326647 110341 252938 73709 111828 476549 191016 318720 228288 219252 92734 11861 66868 35607 110755 56953 73104 12844
cat_boundaries=0 1 2 3 4 5 6 7 8 9
cat_threshold=16252928 65472 7938 224 196640 262528 196640 1536 6146
is_linear=0
shrinkage=0.1


Tree=162
num_leaves=31
num_cat=5
split_feature=74 48 0 88 76 76 88 76 75 86 3 89 3 77 2 80 22 21 86 20 2 73 89 1 15 0 1 14 1 76
split_gain=90.5937 175.695 158.68 172.954 154.824 153.136 152.535 196.874 142.654 128.489 179.71 149.783 183.099 116.066 147.169 212.583 179.951 182.34 133.314 153.763 351.791 244.686 211.707 182.52 165.368 164.283 419.571 185.858 221.526 145.86
threshold=22.500000000000004 0.65000000596046459 -12.849999904632567 3.4500000476837163 0 1 2.6499999761581425 2 3 30.750000000000004 28.750000000000004 25.94999980926514 23.750000000000004 25.750000000000004 22.750000000000004 21.650000572204593 16.94999980926514 25.250000000000004 22.349999427795414 20.44999980926514 10.84999990463257 136.21164703369143 15.449999809265138 10.250000000000002 22.550000190734867 18.849999427795414 18.44999980926514 21.849999427795414 15.550000190734865 4
decision_type=2 8 2 10 1 1 10 1 1 10 10 10 8 10 8 10 10 10 10 10 10 2 10 8 8 2 8 10 10 1
left_child=1 4 3 -3 -1 -4 9 -8 -9 10 11 13 -13 14 15 18 -16 -18 19 22 21 -21 29 -24 -23 27 -27 -22 -29 -2
right_child=6 2 5 -5 -6 -7 7 8 -10 -11 -12 12 -14 -15 16 -17 17 -19 -20 20 25 24 23 -25 -26 26 -28 28 -30 -31
leaf_value=0.009372160494003615 -0.0024418085468507415 0.01994935074950863 0.0014919281059674026 0.1400335573715957 0.0019992886854493194 -0.00064677998623926831 0.0006750340283303213 -0.0065900008219276747 -0.002029793226704144 0.0080942347272746056 -0.0048759630557717168 0.011425810293708774 0.0014541498766523434 0.0048212542195876984 -0.014037707728577143 0.005076867960797914 -0.00018908712980237585 -0.0063321217423949047 0.0059352441813400577 0.036208539307467424 -0.01112974249451164 -0.0056626915499220646 0.03478810437559967 0.0024904950763997707 0.028813468512518162 0.016067711576738076 -0.0030253746050360087 0.0092592847787134076 -0.0068850888169649672 0.00010067166627235146
leaf_weight=38467 266440 2157 574964 127 109712 801446 216330 89656 292118 19575 74688 24435 74732 48106 12605 83269 185122 65385 36415 3655 46545 4887 1761 273193 1945 12657 126941 12413 26957 1473297
leaf_count=38467 266440 2157 574964 127 109712 801446 216330 89656 292118 19575 74688 24435 74732 48106 12605 83269 185122 65385 36415 3655 46545 4887 1761 273193 1945 12657 126941 12413 26957 1473297
internal_value=1.47677e-08 0.000641997 0.000290325 0.0266265 0.00391404 0.000246623 -0.000282217 -0.00173519 -0.00310086 2.00512e-05 -3.52999e-05 9.47147e-05 0.00391119 -4.6421e-05 -0.000135339 0.000113721 -0.00237912 -0.00179248 -6.69772e-05 -0.00016409 -0.00257908 0.0153248 0.000118801 0.00269735 0.00415232 -0.00341166 -0.00129425 -0.00685212 -0.00179492 -0.000288722
internal_weight=5e+06 1.52687e+06 1.37869e+06 2284 148179 1.37641e+06 3.47313e+06 598104 381774 2.87502e+06 2.85545e+06 2.78076e+06 99167 2.68159e+06 2.63349e+06 2.37038e+06 263112 250507 2.28711e+06 2.25069e+06 236000 10487 2.01469e+06 274954 6832 225513 139598 85915 39370 1.73974e+06
internal_count=5000000 1526873 1378694 2284 148179 1376410 3473127 598104 381774 2875023 2855448 2780760 99167 2681593 2633487 2370375 263112 250507 2287106 2250691 236000 10487 2014691 274954 6832 225513 139598 85915 39370 1739737
cat_boundaries=0 1 2 3 4 5
cat_threshold=49632 2064864 16646159 7168 66432
is_linear=0
shrinkage=0.1


Tree=163
num_leaves=31
num_cat=6
split_feature=74 48 76 86 2 72 72 85 83 6 80 80 1 86 1 76 23 89 72 77 21 83 2 53 75 1 76 76 85 76
split_gain=89.8506 93.4013 128.816 145.996 105.066 103.168 99.4112 93.7812 92.7745 90.8957 255.647 233.714 441.102 194.807 228.388 185.748 139.498 194.433 146.424 143.39 139.095 238.689 200.475 242.697 196.503 208.289 214.394 186.236 184.599 203.471
threshold=878.50000000000011 0.65000000596046459 0 24.94999980926514 -5.9500000476837149 35.43499946594239 37.649148941040046 1.9499999880790713 -7.8500001430511466 -0.65000000596046437 0.65000000596046459 -3.7499999999999996 -4.8500001430511466 -3.4500000476837154 -5.3500001430511466 1 -5.8500001430511466 -2.7499999999999996 42.566650390625007 -7.1499998569488517 3.6499999761581425 9.2500000000000018 9.0500001907348651 1.1500000357627871 2 12.449999809265138 3 4 1.9499999880790713 5
decision_type=2 8 1 8 10 2 2 8 8 10 8 10 8 10 8 1 8 10 2 10 10 8 10 8 1 10 1 1 8 1
left_child=9 2 3 4 -2 -3 -5 -7 -4 11 -11 13 -13 16 -15 -14 -1 18 -18 -20 24 22 23 -22 27 -26 -27 -12 29 -25
right_child=1 5 8 6 -6 7 -8 -9 -10 10 20 12 15 14 -16 -17 17 -19 19 -21 21 -23 -24 28 25 26 -28 -29 -30 -31
leaf_value=0.0011420817754650371 0.046102047245949511 -0.022389003390128864 -0.081803408488243204 0.041615266347533597 -0.00037918522201159973 9.6506545455790778e-05 -0.039907931602261047 -0.007208613449822582 -0.0013210054805323126 -0.0039398917636425728 0.026611904875929945 0.025918003217592522 -0.0010073289014308898 0.023985256494413545 0.0024916786088299905 0.0060050688687932306 -0.0014539444258877866 0.0041408040930098642 -0.01358576983089866 -0.0035206781503619639 -0.0047481828595809378 0.00017809639659692027 -0.0060523504763862028 0.010658147755960329 0.0013257810531043489 -0.035143730520157242 -0.0013232495858490961 0.0057374321748787337 -0.0020963295487109687 0.001159042036721922
leaf_weight=87820 541 3200 144 1951 4810 31063 162 40468 26704 164755 4761 9011 63474 5303 72973 93287 41054 23266 32971 24801 124817 3313624 105377 28906 416251 3173 4573 41283 127022 102455
leaf_count=87820 541 3200 144 1951 4810 31063 162 40468 26704 164755 4761 9011 63474 5303 72973 93287 41054 23266 32971 24801 124817 3313624 105377 28906 416251 3173 4573 41283 127022 102455
internal_value=1.36766e-08 -0.00283904 0.00148018 0.0130912 0.00432019 -0.00482216 0.035365 -0.0040363 -0.00175202 6.33099e-05 -7.45821e-05 0.00141106 0.00440275 -0.00030982 0.00394781 0.003166 -0.00189749 -0.00408383 -0.00602011 -0.00926492 7.44799e-05 -0.000126142 -0.00218954 -0.0011273 0.00169732 0.0010234 -0.0152242 0.00790119 0.000621838 0.00325022
internal_weight=5e+06 109043 34312 7464 5351 74731 2113 71531 26848 4.89096e+06 4.437e+06 453960 165772 288188 78276 156761 209912 122092 98826 57772 4.27224e+06 3.8022e+06 488577 383200 470041 423997 7746 46044 258383 131361
internal_count=5000000 109043 34312 7464 5351 74731 2113 71531 26848 4890957 4436997 453960 165772 288188 78276 156761 209912 122092 98826 57772 4272242 3802201 488577 383200 470041 423997 7746 46044 258383 131361
cat_boundaries=0 1 2 3 4 5 6
cat_threshold=1984 116608 2432 507968 393216 50048
is_linear=0
shrinkage=0.1


Tree=164
num_leaves=31
num_cat=4
split_feature=72 76 21 91 76 48 74 50 76 72 12 83 76 3 80 15 48 85 72 86 2 83 77 21 80 77 9 10 25 89
split_gain=88.0413 285.829 143.472 109.723 304.339 219.249 158.351 138.997 133.159 142.427 174.789 131.764 138.575 135.085 158.096 135.999 122.479 113.758 113.35 104.546 161.114 324.142 290.6 289.729 203.729 161.907 166.596 161.222 153.832 164.169
threshold=30.90164947509766 0 17.550000190734867 2.7500000000000004 1 1.4499999880790713 249.50000000000003 1.4499999880790713 2 34.651699066162116 2.0499999523162846 31.050000190734867 3 28.150000572204593 26.849999427795414 21.550000190734867 3.1499999761581425 1.1500000357627871 44.050001144409187 25.550000190734867 21.44999980926514 21.849999427795414 19.94999980926514 24.150000572204593 20.94999980926514 21.050000190734867 23.94999980926514 24.650000572204593 0.75000000000000011 25.250000000000004
decision_type=2 1 8 10 1 8 2 8 1 2 8 10 1 10 10 8 10 8 2 10 10 10 8 10 8 10 10 8 8 10
left_child=1 -1 -3 11 18 6 -6 16 17 -10 -11 13 -13 14 19 -15 -7 -9 -5 20 21 25 -22 24 -24 26 -2 28 29 -25
right_child=3 2 -4 4 5 7 -8 8 9 10 -12 12 -14 15 -16 -17 -18 -19 -20 -21 22 -23 23 27 -26 -27 -28 -29 -30 -31
leaf_value=-0.0029653890728678785 0.00019288244385633514 0.012445763085989228 0.0034792760268649876 0.0014808289274147021 0.0038257598446187696 -0.00484697736518432 -0.0051107642795322874 0.0060984154493851526 0.001530305022269909 0.0010958177592547205 -0.0041451619621845652 -0.02287565463447741 0.0078078345058940502 -0.0097260477124967316 0.0049914902856427112 -0.0015131524999600749 -0.014731683215932712 -0.0091127378431321258 0.01041292767858124 0.0032082390551556152 -0.01251084881354049 0.0073859805313935866 -0.0061139394452514005 -0.011159667135945196 0.0015502973529177926 0.0055236087884306655 -0.0042036788012211907 -0.0014832601601840818 0.0047205585351197997 -0.00012007899154671725
leaf_weight=68131 2819625 22151 91804 211604 88650 54142 25541 5556 97956 85486 248938 1534 31910 24707 67723 109614 16312 42716 15230 106172 23137 63413 39154 61828 303720 55238 88904 102392 9489 17223
leaf_count=68131 2819625 22151 91804 211604 88650 54142 25541 5556 97956 85486 248938 1534 31910 24707 67723 109614 16312 42716 15230 106172 23137 63413 39154 61828 303720 55238 88904 102392 9489 17223
internal_value=1.485e-08 0.0021585 0.00522176 -8.1562e-05 -0.00108264 -0.0021611 0.00182694 -0.00298747 -0.00237945 -0.00182314 -0.00280545 0.000145932 0.00639595 9.22302e-05 0.000203606 -0.00302383 -0.00713555 -0.00736044 0.00208045 0.000115741 2.41319e-05 0.000311713 -0.00153897 -0.00106342 0.000675091 0.000160352 5.84943e-05 -0.00418541 -0.00731031 -0.00875445
internal_weight=5e+06 182086 113955 4.81791e+06 892131 665297 114191 551106 480652 432380 334424 3.92578e+06 33444 3.89234e+06 3.75802e+06 134321 70454 48272 226834 3.6903e+06 3.58412e+06 3.02718e+06 556943 533806 342874 2.96377e+06 2.90853e+06 190932 88540 79051
internal_count=5000000 182086 113955 4817914 892131 665297 114191 551106 480652 432380 334424 3925783 33444 3892339 3758018 134321 70454 48272 226834 3690295 3584123 3027180 556943 533806 342874 2963767 2908529 190932 88540 79051
cat_boundaries=0 1 2 3 4
cat_threshold=65216 16515081 448 786432
is_linear=0
shrinkage=0.1


Tree=165
num_leaves=31
num_cat=6
split_feature=25 76 20 77 89 2 76 77 1 83 46 76 69 21 89 80 1 80 1 20 82 77 1 2 75 76 73 76 2 77
split_gain=86.3469 102.348 98.448 262.188 217.279 161.534 161.433 186.628 242.886 155.555 178.908 157.869 147.684 133.35 141.608 129.263 296.946 196.186 175.542 167.945 230.987 190.059 282.729 180.622 175.594 203.897 157.496 149.732 163.672 190.057
threshold=2.7500000000000004 0 21.250000000000004 24.349999427795414 19.750000000000004 25.250000000000004 1 16.94999980926514 15.84999990463257 24.250000000000004 1.0000000180025095e-35 2 4.1499998569488534 28.050000190734867 30.650000572204593 14.250000000000002 15.84999990463257 16.650000572204593 9.8499999046325701 11.650000095367433 3.4500000476837163 5.8500001430511483 6.8500001430511483 0.25000000745058065 3 4 138.45999908447268 5 14.050000190734865 11.650000095367433
decision_type=8 1 10 8 10 10 1 8 10 8 10 1 10 10 8 10 8 10 10 10 10 10 8 8 1 1 2 1 8 10
left_child=2 -2 4 6 12 -6 -4 -8 -9 -5 11 13 15 -11 -15 19 18 -18 -17 21 23 -1 -23 -21 25 26 -25 -24 29 -29
right_child=1 -3 3 9 5 -7 7 8 -10 10 -12 -13 -14 14 -16 16 17 -19 -20 20 -22 22 27 24 -26 -27 -28 28 -30 -31
leaf_value=-0.00061819746517853633 0.00686898145369127 0.00016389839630748284 -0.00048147314265158743 -0.0023594484477595604 0.0037299102410415178 -0.003363505461890732 -0.016049362685450912 0.022161981250984539 -0.0047096582004493839 0.00024061059481253794 0.0068488647577418923 0.0019002218134924233 0.0016099776095048575 -0.0086201872418571867 -0.0011710883045769147 0.029169109725741937 -0.004753220692607146 0.00095741501723092988 0.004762025433814536 0.020331993132758634 -0.0096344017231609815 0.0074544987022698538 -0.0044057715150746185 -0.023089981444255871 -0.00093423969216490223 -0.0037563199900919526 0.0041408558767411056 0.001170242058100966 -0.0035167455346597808 0.0083798563196528144
leaf_weight=1381855 39611 53524 125741 205376 252676 36776 14349 3428 179240 202512 45363 320903 475552 42329 64265 3018 76892 276439 124881 3776 36657 73821 50574 10122 554546 78347 2688 166183 51677 46879
leaf_count=1381855 39611 53524 125741 205376 252676 36776 14349 3428 179240 202512 45363 320903 475552 42329 64265 3018 76892 276439 124881 3776 36657 73821 50574 10122 554546 78347 2688 166183 51677 46879
internal_value=9.759e-09 0.00301637 -5.72425e-05 -0.000842976 0.000198103 0.00282866 -0.00328118 -0.00506773 -0.00420538 5.05247e-05 0.000783381 0.000346643 -2.49325e-05 -0.00126625 -0.00412916 -0.000289531 0.0012092 -0.000285335 0.00533795 -0.000583058 -0.00191129 -6.84609e-05 0.00188371 -0.00147539 -0.00160292 -0.00567004 -0.0173624 0.000579479 0.00153194 0.00275654
internal_weight=5e+06 93135 4.90686e+06 1.20351e+06 3.70336e+06 289452 322758 197017 182668 880748 675372 630009 3.41391e+06 309106 106594 2.93836e+06 481230 353331 127899 2.45712e+06 686136 1.77099e+06 389134 649479 645703 91157 12810 315313 264739 213062
internal_count=5000000 93135 4906865 1203506 3703359 289452 322758 197017 182668 880748 675372 630009 3413907 309106 106594 2938355 481230 353331 127899 2457125 686136 1770989 389134 649479 645703 91157 12810 315313 264739 213062
cat_boundaries=0 1 2 3 4 5 6
cat_threshold=523008 524534 489528 4110 192 15840
is_linear=0
shrinkage=0.1


Tree=166
num_leaves=31
num_cat=1
split_feature=6 86 80 76 1 77 0 73 73 80 89 0 72 23 86 0 85 4 80 59 12 80 72 14 64 71 48 10 74 79
split_gain=87.1117 211.816 126.781 204.784 278.595 181.754 197.071 178.286 211.481 159.208 157.097 189.107 172.92 172.284 177.37 366.063 233.564 256.729 240.385 172.714 205.507 160.222 154.459 145.099 138.789 157.731 134.843 208.173 134.693 131.457
threshold=-5.2499999999999991 -5.2499999999999991 -8.2499999999999982 0 -10.15000009536743 -8.9499998092651349 -12.849999904632567 144.7174987792969 144.53585052490237 -3.0499999523162837 -8.9499998092651349 -12.849999904632567 42.666648864746101 -7.4500000476837149 -13.749999999999998 -12.849999904632567 0.45000000298023229 -13.050000190734862 -13.749999999999998 1.9499999880790713 -13.15000009536743 -13.749999999999998 45.209999084472663 -6.6499998569488517 2.1499999761581425 2.1499999761581425 1.2500000000000002 -8.6500000953674299 437.50000000000006 1.5500000119209292
decision_type=8 8 10 1 10 10 2 2 2 10 10 2 2 8 10 2 10 10 10 10 10 8 2 10 10 8 10 10 2 8
left_child=2 -2 5 4 -4 7 -7 8 10 -6 12 22 21 14 16 -16 17 18 19 20 24 -1 -12 28 25 -14 27 -21 -18 -22
right_child=1 -3 3 -5 9 6 -8 -9 -10 -11 11 -13 13 -15 15 -17 23 -19 -20 26 29 -23 -24 -25 -26 -27 -28 -29 -30 -31
leaf_value=0.043176586575719926 -0.0067320224388016277 -7.8954722042878375e-06 0.043074418565063194 0.013075283571916771 -0.0059454892954495164 0.062741056856536956 0.0052805040047726407 0.021680222774954169 -0.062190435285686629 0.0063836680178457591 0.052572910659754814 0.0012973367148439207 -0.094156404024432983 -0.020830352545440287 0.033172372239458424 -0.0095056955332693885 -0.015431670917384885 -0.0041333208686596783 0.023646405004077109 -0.21496236030538768 0.012425055313186708 0.00044219583595386482 -0.10389551937357705 0.020013210891799343 -0.18862599176724282 0.087434182033341912 -0.042024967970382937 -0.077644177850005158 0.067715090033484679 -0.048557715794420406
leaf_weight=1064 47309 4802319 1556 23707 21781 611 25819 2693 632 20175 1081 14680 328 10674 3110 5681 3927 2496 415 184 594 5001 67 2304 126 56 256 276 205 873
leaf_count=1064 47309 4802319 1556 23707 21781 611 25819 2693 632 20175 1081 14680 328 10674 3110 5681 3927 2496 415 184 594 5001 67 2304 126 56 256 276 205 873
internal_value=8.65322e-09 -7.34905e-05 0.00237042 0.00559994 0.00152373 -0.000240244 0.00660886 -0.00343157 -0.00468321 -1.68796e-05 -0.00400258 0.00435401 -0.00752315 -0.0104998 -0.00520632 0.00559256 -0.0130911 -0.0280173 -0.0471983 -0.0581157 -0.0428752 0.00793921 0.043441 -9.44904e-05 -0.0975566 -0.0676744 -0.100197 -0.132571 -0.0113065 -0.0238653
internal_weight=5e+06 4.84963e+06 150372 67219 43512 83153 26430 56723 54030 41956 53398 15828 37570 31505 20831 8791 12040 5604 3108 2693 1977 6065 1148 6436 510 384 716 460 4132 1467
internal_count=5000000 4849628 150372 67219 43512 83153 26430 56723 54030 41956 53398 15828 37570 31505 20831 8791 12040 5604 3108 2693 1977 6065 1148 6436 510 384 716 460 4132 1467
cat_boundaries=0 1
cat_threshold=130688
is_linear=0
shrinkage=0.1


Tree=167
num_leaves=31
num_cat=13
split_feature=74 79 72 72 76 76 73 76 48 86 90 5 80 75 76 76 73 76 73 76 75 76 73 0 76 53 75 76 52 78
split_gain=85.3677 143.568 122.32 143.731 392.52 316.068 195.436 186.911 135.547 88.3116 97.0145 92.8053 390.876 346.862 344.302 274.465 631.409 323.298 258.229 333.714 237.45 337.107 396.744 258.943 209.419 217.361 177.182 300.219 401.181 318.339
threshold=560.50000000000011 2.8500000238418584 35.64580154418946 36.436649322509773 0 1 137.68579864501956 2 0.55000001192092907 34.049999237060554 2.2500000000000004 11.050000190734865 9.8499999046325701 3 4 5 134.46669769287112 6 136.01665496826175 7 8 9 138.0100021362305 16.349999427795414 10 1.2500000000000002 11 12 1.0500000119209292 1.0000000180025095e-35
decision_type=2 10 2 2 1 1 2 1 10 10 10 8 8 1 1 1 2 1 2 1 1 1 2 2 1 8 1 1 8 10
left_child=9 2 -2 4 6 8 -4 -8 -5 11 -11 13 -13 15 26 16 17 -1 19 -17 21 22 -16 -23 25 -20 -15 28 -28 -30
right_child=1 -3 3 5 -6 -7 7 -9 -10 10 -12 12 -14 14 20 18 -18 -19 24 -21 -22 23 -24 -25 -26 -27 27 -29 29 -31
leaf_value=-0.00041560533473087419 -0.0055412907035083375 -0.0080090618944117925 0.0010649717533007892 0.004511290845616538 -0.0014542332729725585 0.0012246005574551534 0.027120558574113676 0.0084114195705290301 -0.012940135153224792 0.012853680294616391 -0.20245224989595867 -0.006454233621917058 -5.4558208141331314e-05 0.0037176575087872949 -0.03081845407477778 0.0080224461103105688 -0.00044585249058604488 -0.017463539975591 -0.0090791237829865919 0.00082269760951685653 0.00033169185300693191 -2.6220281776201177e-05 0.028407770738335815 0.015567785791604928 0.00020206081075991773 -0.0012072331578065957 0.0058562156087648386 0.0032840794282371203 0.031151211413631738 -0.020357000308012806
leaf_weight=15422 46287 31772 10927 5249 67370 77329 10389 11040 29264 6092 21 98956 2684889 72832 1267 87092 171953 39981 53359 246799 382866 46323 10541 13827 613372 102378 16300 27983 16828 1292
leaf_count=15422 46287 31772 10927 5249 67370 77329 10389 11040 29264 6092 21 98956 2684889 72832 1267 87092 171953 39981 53359 246799 382866 46323 10541 13827 613372 102378 16300 27983 16828 1292
internal_value=1.04028e-08 -0.00166635 -0.000884827 0.000133917 0.00289417 -0.00232731 0.0119449 0.0174984 -0.010283 0.00010247 0.012114 8.68617e-05 -0.000282044 0.00062163 0.00263959 -0.000273421 -0.00343703 -0.0127213 0.000378703 0.00270094 0.00132232 0.00659238 0.0220341 0.00355787 -0.000629438 -0.00390407 0.0070694 0.0109801 0.017234 0.0274786
internal_weight=5e+06 289627 257855 211568 99726 111842 32356 21429 34513 4.71037e+06 6113 4.70426e+06 2.78384e+06 1.92042e+06 590059 1.33036e+06 227356 55403 1.103e+06 333891 454824 71958 11808 60150 769109 155737 135235 62403 34420 18120
internal_count=5000000 289627 257855 211568 99726 111842 32356 21429 34513 4710373 6113 4704260 2783845 1920415 590059 1330356 227356 55403 1103000 333891 454824 71958 11808 60150 769109 155737 135235 62403 34420 18120
cat_boundaries=0 1 2 3 4 5 6 7 8 9 10 11 12 13
cat_threshold=32640 65280 15360 4110 7536832 132288 1024 115456 480 48 99072 2272 192
is_linear=0
shrinkage=0.1


Tree=168
num_leaves=31
num_cat=4
split_feature=6 1 76 60 76 0 2 50 86 66 2 49 80 59 1 20 86 86 76 4 3 0 83 1 76 89 50 20 1 77
split_gain=88.7914 176.639 280.875 146.909 135.811 134.865 270.404 121.149 223.792 166.279 128.681 114.445 107.296 102.452 102.036 98.0874 211.001 165.565 170.742 192.824 139.589 317.998 265.418 372.798 243.588 232.774 227.283 219.985 344.979 332.34
threshold=-8.6500000953674299 -10.15000009536743 0 2.8500000238418584 1 -12.849999904632567 -12.849999904632567 0.75000000000000011 -13.749999999999998 2.2500000000000004 -12.849999904632567 0.25000000745058065 -10.949999809265135 3.0499999523162846 -12.849999904632567 -3.1499999761581416 0.65000000596046459 -3.4500000476837154 2 -4.3500001430511466 5.4500000476837167 5.6499998569488534 4.4500000476837167 2.6499999761581425 3 5.4500000476837167 1.1500000357627871 5.6499998569488534 -1.6500000357627866 5.8500001430511483
decision_type=8 8 1 10 1 2 10 10 8 8 8 10 10 10 10 10 8 10 1 8 10 2 10 8 1 10 10 10 8 10
left_child=3 2 -2 4 -1 6 14 8 9 -5 11 13 -7 -11 -4 17 -17 18 -3 -20 22 -22 25 24 -24 27 -25 -18 -29 -30
right_child=1 15 5 7 -6 12 -8 -9 -10 10 -12 -13 -14 -15 -16 16 20 -19 19 -21 21 -23 23 26 -26 -27 -28 28 29 -31
leaf_value=0.012093636510837518 0.033004139554387787 -0.011773485937817388 -0.037058894506637317 -0.031700353928062384 0.0015022486805368511 -0.036007755685820729 0.014980657591622744 -0.0015875872524298612 -0.010097913166305306 -0.16604096360744969 0.0096561455872000712 -0.12963328667931626 -0.0098301544313718695 -0.42112053013406697 0.062317498974553354 -0.0027645320612004563 0.00092221364848667307 0.006060151777158706 0.0056806416598557839 -0.0023947448781765318 -0.0047333819180287763 1.6404314800708427e-06 0.02794137218866782 -0.0017730234923567058 0.0068834175626960497 0.006325588553333184 0.0066636307576271696 0.017173077887492161 -0.0065724569523244476 0.010952861003464183
leaf_weight=21848 1260 11170 1983 245 27163 4077 2993 10109 1557 31 41 122 2542 32 109 281265 368938 70307 52669 67418 147687 3578756 10646 56346 11384 58250 73697 7442 118000 11913
leaf_count=21848 1260 11170 1983 245 27163 4077 2993 10109 1557 31 41 122 2542 32 109 281265 368938 70307 52669 67418 147687 3578756 10646 56346 11384 58250 73697 7442 118000 11913
internal_value=1.61217e-08 -4.68737e-05 -0.0117043 0.00378725 0.00622642 -0.0165315 -0.00429854 -0.00606249 -0.0283686 -0.0887666 -0.15063 -0.186153 -0.0259544 -0.295605 -0.0318811 -1.61935e-05 -0.000108366 0.00214417 4.6605e-05 0.00114695 5.97809e-05 -0.000186019 0.00133795 0.005046 0.0170755 0.000339104 0.00300813 -0.000349653 -0.00376591 -0.00496539
internal_weight=5e+06 4.93885e+06 12964 61148 49011 11704 5085 12137 2028 471 226 185 6619 63 2092 4.92589e+06 4.72432e+06 201564 131257 120087 4.44306e+06 3.72644e+06 716616 152073 22030 564543 130043 506293 137355 129913
internal_count=5000000 4938852 12964 61148 49011 11704 5085 12137 2028 471 226 185 6619 63 2092 4925888 4724324 201564 131257 120087 4443059 3726443 716616 152073 22030 564543 130043 506293 137355 129913
cat_boundaries=0 1 2 3 4
cat_threshold=896 9701112 3968 1984
is_linear=0
shrinkage=0.1


Tree=169
num_leaves=31
num_cat=10
split_feature=88 48 76 74 72 75 73 76 12 20 76 13 75 76 76 1 0 75 77 75 2 82 23 72 89 73 76 83 88 74
split_gain=89.1673 163.515 257.982 126.198 109.674 109.422 99.4976 218.878 277.302 148.656 211.185 147.117 155.714 417.498 206.164 202.219 193.905 142.094 136.492 134.907 128.224 132.496 127.918 121.418 106.88 124.663 147.114 159.502 210.147 126.099
threshold=0.65000000596046459 1.8499999642372134 0 927.50000000000011 41.828350067138679 1 142.54499816894534 2 -13.15000009536743 -5.3500001430511466 3 22.550000190734867 4 5 6 -3.8500000238418575 -8.6500000953674299 7 -3.1499999761581416 8 -12.849999904632567 5.8500001430511483 20.349999427795414 43.531650543212898 -7.8500001430511466 144.7174987792969 9 -1.3499999642372129 0.65000000596046459 119.50000000000001
decision_type=8 8 1 2 2 1 2 1 8 10 1 8 1 1 1 10 2 1 8 1 10 8 8 2 8 2 1 8 10 2
left_child=1 -1 5 6 -4 -3 9 8 20 10 -2 12 13 15 17 -10 -16 -14 -11 -17 21 -8 24 -23 25 26 -9 29 -29 -28
right_child=3 2 4 -5 -6 -7 7 22 11 18 -12 -13 14 -15 16 19 -18 -19 -20 -21 -22 23 -24 -25 -26 -27 27 28 -30 -31
leaf_value=0.00019617271312374538 -0.011104555750256739 0.019531568097717566 0.00026395883943216767 -0.0042345886843161056 0.0070580942824622107 0.0069111715198226509 -0.059657777541132828 0.0073962074523404656 0.054763655245734816 -0.0049736242217906963 0.0062847566303361191 0.020706678801907755 0.0224691179502889 -0.0045928693543217909 0.012624801559457161 0.03786463454125194 -0.016090337582505929 0.00015587358148655593 4.3767142895264865e-05 0.01043323463483717 0.057432095362049233 -0.30950499841800105 -0.0084599600782606695 -0.097298968057813393 -0.0015023279391202758 0.0059117372176052648 -0.024813658427490497 -0.096696108412521325 -0.025276124498439481 0.00090383790234620221
leaf_weight=464384 7788 12700 91654 74654 32074 15038 182 2394 1665 55000 67008 5150 4071 11223 2949 2362 11609 9503 3818084 7464 53 52 34575 56 254683 3794 4411 569 1493 3358
leaf_count=464384 7788 12700 91654 74654 32074 15038 182 2394 1665 55000 67008 5150 4071 11223 2949 2362 11609 9503 3818084 7464 53 52 34575 56 254683 3794 4411 569 1493 3358
internal_value=2.84404e-08 0.00112677 0.0039799 -0.000158247 0.00202504 0.0126944 -8.76316e-05 -0.00167527 0.00405122 5.7792e-05 0.00447348 0.00460103 0.00296975 0.00912615 -0.00200351 0.0225176 -0.0102665 0.00685949 -2.74827e-05 0.0170764 -0.0855884 -0.111727 -0.00273214 -0.199472 -0.00200066 -0.00992357 -0.014838 -0.0202393 -0.0449842 -0.0136978
internal_weight=5e+06 615850 151466 4.38415e+06 123728 27738 4.3095e+06 361616 56339 3.94788e+06 74796 55996 50846 22714 28132 11491 14558 13574 3.87308e+06 9826 343 290 305277 108 270702 16019 12225 9831 2062 7769
internal_count=5000000 615850 151466 4384150 123728 27738 4309496 361616 56339 3947880 74796 55996 50846 22714 28132 11491 14558 13574 3873084 9826 343 290 305277 108 270702 16019 12225 9831 2062 7769
cat_boundaries=0 1 2 3 4 5 6 7 8 9 10
cat_threshold=263040 3596 240 7936 3608 192 48 96 1024 50944
is_linear=0
shrinkage=0.1


Tree=170
num_leaves=31
num_cat=14
split_feature=82 76 50 75 12 76 77 76 49 75 79 76 72 72 1 72 75 76 76 76 75 76 72 78 73 2 74 76 78 75
split_gain=86.7166 161.512 189.661 175.489 212.498 144.723 133.401 132.588 195.16 227.46 183.198 450.847 190.097 153.547 130.617 129.244 129.109 890.146 382.81 359.449 311.317 256.692 255.655 247.659 229.572 193.766 180.023 256.414 478.315 458.952
threshold=1.0500000119209292 0 1.4499999880790713 1 -6.6499998569488517 2 -13.15000009536743 3 3.5499999523162846 4 3.2500000000000004 5 43.652500152587898 36.436649322509773 18.250000000000004 44.835000991821296 6 7 8 9 10 11 37.996650695800788 1.0000000180025095e-35 139.87329864501956 13.84999990463257 96.000000000000014 12 1.0000000180025095e-35 13
decision_type=8 1 8 1 8 1 8 1 8 1 10 1 2 2 10 2 1 1 1 1 1 1 2 10 2 8 2 1 8 1
left_child=1 2 -1 5 6 -3 15 8 9 -2 16 12 -12 -13 -4 -5 17 -9 22 20 -18 24 25 -23 -22 -19 27 28 29 -21
right_child=7 3 14 4 -6 -7 -8 10 -10 -11 11 13 -14 -15 -16 -17 19 18 -20 26 21 23 -24 -25 -26 -27 -28 -29 -30 -31
leaf_value=0.0010276336041383596 -0.0018129415984300527 0.0058019263326321612 0.0091657861984580178 -0.055694411861362814 -0.0011346822227897037 0.00056245850997420799 -0.017046675892494891 0.0092442539829762759 0.004668973732790167 0.0023360614056251528 0.00035077296707120421 -0.0023523594079663378 0.0097764472913917152 -0.006614877210919569 0.0010439339988410192 -0.22810276223688711 -0.0006126483312274756 0.010342592176059798 0.00094325860533926395 0.013862779998168991 0.00036319691232572163 -0.011253080287398194 -0.0105719647187008 0.0057679712487156134 -0.0078731317844799066 -0.0034802819060113324 -0.00095029370897837097 0.00052664837648797632 -0.012322321993459562 0.00048082553502199339
leaf_weight=177711 263127 71542 63188 386 361231 200315 4370 111699 124671 265403 206897 175351 23865 163131 28838 49 300448 11476 475203 56975 88242 84298 51368 9513 54894 87176 707323 771453 13268 46589
leaf_count=177711 263127 71542 63188 386 361231 200315 4370 111699 124671 265403 206897 175351 23865 163131 28838 49 300448 11476 475203 56975 88242 84298 51368 9513 54894 87176 707323 771453 13268 46589
internal_value=4.46672e-08 0.000884344 0.00293569 1.68717e-05 -0.00141253 0.00194144 -0.0223037 -0.00019608 0.00110999 0.000270503 -0.000444143 -0.00208292 0.0013255 -0.00440654 0.00662066 -0.0751151 -0.000119096 0.00102201 -0.000447061 -0.000513333 -0.00275017 -0.0054604 -0.0048508 -0.00952603 -0.00279532 -0.00187229 0.000240038 0.00118788 0.00555352 0.0078442
internal_weight=5e+06 907630 269737 637893 366036 271857 4805 4.09237e+06 653201 528530 3.43917e+06 569244 230762 338482 92026 435 2.86992e+06 736922 625223 2.133e+06 537395 236947 150020 93811 143136 98652 1.59561e+06 888285 116832 103564
internal_count=5000000 907630 269737 637893 366036 271857 4805 4092370 653201 528530 3439169 569244 230762 338482 92026 435 2869925 736922 625223 2133003 537395 236947 150020 93811 143136 98652 1595608 888285 116832 103564
cat_boundaries=0 1 2 3 4 5 6 7 8 9 10 11 12 13 14
cat_threshold=61376 6338 393264 7864320 252 8847423 224 196640 263040 197680 6418 66576 384 3596
is_linear=0
shrinkage=0.1


Tree=171
num_leaves=31
num_cat=5
split_feature=20 89 86 1 83 7 44 76 1 83 1 1 76 3 0 89 23 80 1 76 76 1 0 80 83 1 76 0 1 20
split_gain=92.5935 309.032 275.138 318.103 206.317 259.781 213.584 297.888 185.349 158.509 403.108 190.97 199.355 175.676 273.03 246.847 228.211 206.829 304.365 203.652 180.563 163.361 163.255 160.046 158.623 209.449 177.189 154.744 152.796 285.351
threshold=13.050000190734865 15.150000095367433 11.84999990463257 20.750000000000004 17.250000000000004 9.6500000953674334 1.0000000180025095e-35 0 19.250000000000004 7.2500000000000009 8.4499998092651385 4.6499998569488534 1 6.8500001430511483 5.8500001430511483 5.0499999523162851 8.0500001907348651 1.4499999880790713 -0.45000000298023218 2 3 0.25000000745058065 2.4500000476837163 5.4500000476837167 12.050000190734865 12.050000190734865 4 3.0499999523162846 16.250000000000004 24.250000000000004
decision_type=10 8 10 10 8 8 10 1 10 10 8 10 1 10 2 10 10 10 8 1 1 8 2 10 8 10 1 2 8 8
left_child=2 -2 9 -4 8 -6 28 -8 -3 13 11 12 -11 15 -15 16 17 -1 19 22 23 -17 -19 27 25 26 -12 -20 29 -7
right_child=1 4 3 -5 5 6 7 -9 -10 10 24 -13 -14 14 -16 21 -18 18 20 -21 -22 -23 -24 -25 -26 -27 -28 -29 -30 -31
leaf_value=-0.00065786147699653259 -0.003220716293964491 -0.0018467969495026425 0.0042745146929756188 -0.014052546440299338 0.007174828070764 0.0023900018063903886 0.0086849752558557092 0.00045059830817636547 -0.01272493747242387 0.032548782376329459 -0.0051009715222720235 0.0052566528328053964 0.0080034337835482548 -0.0080572653411865921 -0.0010117538581793952 0.023614153582977974 -0.0057998197087366218 0.038696003871496604 0.00018693441675207199 0.0071048145442575679 0.0032710687318099198 0.0035568072068629013 -0.019287993799371718 0.007137831419464457 0.0029017274380419415 -0.0087298559419090038 0.0019070087977578244 -0.012930336233822934 -0.00038747214679195151 0.025858611979480951
leaf_weight=856437 340231 278408 244094 9853 54639 87237 67686 125173 16597 5478 52549 107060 8390 66916 308951 4186 70593 4739 16713 7595 178120 135677 541 10527 113038 35665 115052 19471 1652876 5508
leaf_count=856437 340231 278408 244094 9853 54639 87237 67686 125173 16597 5478 52549 107060 8390 66916 308951 4186 70593 4739 16713 7595 178120 135677 541 10527 113038 35665 115052 19471 1652876 5508
internal_value=4.64669e-08 -0.000408732 0.000453072 0.00356344 9.39387e-06 0.000374716 0.000183044 0.00334102 -0.0024588 8.00878e-05 0.0017762 0.0066869 0.0177283 -0.000361215 -0.00226607 0.000187592 -0.000289072 6.64756e-05 0.00267621 0.0176293 0.00181991 0.00415711 0.0326929 -0.00371358 -0.00010124 -0.00177122 -0.000290438 -0.00687161 -0.000165854 0.00378377
internal_weight=5e+06 2.62836e+06 2.37164e+06 253947 2.28812e+06 1.99312e+06 1.93848e+06 192859 295005 2.1177e+06 437232 120928 13868 1.68047e+06 375867 1.3046e+06 1.16474e+06 1.09414e+06 237706 12875 224831 139863 5280 46711 316304 203266 167601 36184 1.74562e+06 92745
internal_count=5000000 2628355 2371645 253947 2288124 1993119 1938480 192859 295005 2117698 437232 120928 13868 1680466 375867 1304599 1164736 1094143 237706 12875 224831 139863 5280 46711 316304 203266 167601 36184 1745621 92745
cat_boundaries=0 1 2 3 4 5
cat_threshold=32640 2099136 3968 3968 4243392
is_linear=0
shrinkage=0.1


Tree=172
num_leaves=31
num_cat=1
split_feature=85 74 20 83 21 1 80 1 83 1 80 3 80 77 1 83 1 20 86 1 89 83 1 21 1 77 89 48 9 75
split_gain=85.6864 104.26 94.6126 232.017 282.033 235.558 216.079 238.746 189.416 348.791 174.673 200.01 305.233 252.934 320.794 216.558 214.863 189.425 198.055 185.942 285.914 181.675 174.501 166.007 360.068 285.853 222.341 218.342 171.133 470.583
threshold=0.94999998807907116 669.00000000000011 1.2500000000000002 10.84999990463257 11.84999990463257 11.050000190734865 -1.7499999999999998 -4.3500001430511466 2.4500000476837163 -0.15000000223517415 2.6499999761581425 15.150000095367433 15.750000000000002 14.84999990463257 11.050000190734865 14.750000000000002 12.250000000000002 15.150000095367433 18.550000190734867 10.250000000000002 13.750000000000002 15.550000190734865 16.349999427795414 17.050000190734867 22.550000190734867 20.550000190734867 14.84999990463257 2.1499999761581425 12.250000000000002 0
decision_type=8 2 10 8 10 10 10 8 10 8 8 10 8 10 8 10 8 10 10 8 10 8 10 10 10 8 8 8 10 1
left_child=-1 2 6 4 5 8 -2 -8 -4 -10 -5 13 22 15 -15 17 -17 -12 19 20 -19 -14 -13 24 26 -25 -23 -26 29 -28
right_child=1 -3 3 10 -6 -7 7 -9 9 -11 11 12 21 14 -16 16 -18 18 -20 -21 -22 23 -24 25 27 -27 28 -29 -30 -31
leaf_value=0.00084659259123526188 -0.00033110756928125763 -0.0026528757941963145 -0.0041220937965521396 -0.0053592697031720751 -0.0074308841799007631 -0.010262051469211338 0.043153826994006446 0.0035765177573669122 0.029092614221755648 0.00013689862801043905 0.0011240497867106266 -0.0026728243850162366 -0.0062388882691658404 0.042671756946829738 0.0054303940565755479 0.021538299232497275 0.0041897915474893108 0.00070692430818792684 0.018295975532147273 -0.0057872810654328128 0.041700641845741432 -0.0052870022073609598 -0.011041466587744726 -0.0038996574766929585 -0.021940850904172662 0.00024873604677212079 -0.012237084588747829 -0.00092002999678363518 0.0058331975979874807 0.0079128969105679518
leaf_weight=964935 345782 166462 119545 57577 84883 27120 1537 183080 4210 350539 594816 75364 46318 2374 90014 8105 59897 28351 4219 100349 1810 26388 37223 193293 9141 1180918 20680 10755 177973 26342
leaf_count=964935 345782 166462 119545 57577 84883 27120 1537 183080 4210 350539 594816 75364 46318 2374 90014 8105 59897 28351 4219 100349 1810 26388 37223 193293 9141 1180918 20680 10755 177973 26342
internal_value=5.31944e-08 -0.000202386 -9.6944e-05 -0.000294069 -0.00210025 -0.00119784 0.00114371 0.00390601 -0.000679552 0.000480532 9.07396e-05 0.000207205 -0.000397876 0.00143404 0.00638735 0.00086025 0.00625752 0.000357162 -0.00302858 -0.00371793 0.00316701 -6.23564e-05 -0.00543963 0.000111503 0.00237216 -0.000334766 0.0033971 -0.0105778 0.0044156 -0.000949866
internal_weight=5e+06 4.03506e+06 3.8686e+06 3.3382e+06 586297 501414 530399 184617 474294 354749 2.75191e+06 2.69433e+06 1.8044e+06 889935 92388 797547 68002 729545 134729 130510 30161 1.69181e+06 112587 1.64549e+06 271279 1.37421e+06 251383 19896 224995 47022
internal_count=5000000 4035065 3868603 3338204 586297 501414 530399 184617 474294 354749 2751907 2694330 1804395 889935 92388 797547 68002 729545 134729 130510 30161 1691808 112587 1645490 271279 1374211 251383 19896 224995 47022
cat_boundaries=0 1
cat_threshold=7680
is_linear=0
shrinkage=0.1


Tree=173
num_leaves=31
num_cat=2
split_feature=52 48 76 86 4 56 52 21 2 6 51 58 48 0 5 89 83 87 86 74 85 85 77 76 5 0 83 1 74 9
split_gain=85.0111 373.601 187.534 199.186 176.372 211.423 204.582 173.451 147.432 132.002 121.797 111.215 114.778 113.346 246.164 210.399 142.202 167.313 142.398 207.344 152.812 140.282 106.724 127.477 113.967 234.483 233.017 220.287 201.038 175.696
threshold=0.45000000298023229 1.1500000357627871 0 -13.749999999999998 -13.050000190734862 1.7500000000000002 1.0000000180025095e-35 28.650000572204593 22.750000000000004 -10.249999999999998 0.45000000298023229 2.1499999761581425 0.45000000298023229 -12.849999904632567 -12.949999809265135 -13.15000009536743 -13.249999999999998 1.0000000180025095e-35 -6.4500000476837149 158.50000000000003 2.0499999523162846 2.6499999761581425 -8.9499998092651349 1 1.8499999642372134 1.8499999642372134 -1.7499999999999998 -2.1499999761581416 391.50000000000006 -2.2499999999999996
decision_type=8 10 1 8 10 8 10 8 8 8 10 10 10 2 10 10 10 8 8 2 8 10 8 1 8 2 10 10 2 8
left_child=1 2 -1 4 5 6 -4 -5 -9 11 -3 13 -13 14 15 16 17 18 19 21 -20 -2 23 -11 26 -26 -24 28 -28 -27
right_child=9 10 3 7 -6 -7 -8 8 -10 22 -12 12 -14 -15 -16 -17 -18 -19 20 -21 -22 -23 24 -25 25 29 27 -29 -30 -31
leaf_value=0.0056673487048243664 -0.01474117528556847 -0.0086396905613259477 -0.091889056963008947 -0.000566567032088946 0.014176452675000853 -0.15675249812825595 -0.0096002240110026407 0.027077874853880076 0.0036341505100253436 -0.0011279496563436778 -0.00310210853205364 -0.045088686318251484 0.0003558188758646822 0.0060892987392096969 0.055847875472826859 0.052669685150587668 0.041077748966410532 0.13436204971044094 -0.01309819814827331 0.048845744988325904 -0.093310059474584595 -0.1672039749333635 -0.00015634186654204041 -0.017817834299571438 -0.0040474625841973129 -0.010775863512574492 0.020597998731868048 0.0028430915443626928 0.0022053829994899271 0.00014072723227000729
leaf_weight=59899 1058 59826 445 364839 628 162 941 4093 7784 12541 118177 599 7701 14857 1608 916 645 77 589 614 398 64 363411 7202 141987 14804 14169 208780 10236 3580950
leaf_count=59899 1058 59826 445 364839 628 162 941 4093 7784 12541 118177 599 7701 14857 1608 916 645 77 589 614 398 64 363411 7202 141987 14804 14169 208780 10236 3580950
internal_value=4.7009e-08 -0.00109916 0.000468382 -0.000353662 -0.0305218 -0.0486553 -0.0360205 -0.000179413 0.0117132 0.000154724 -0.00496326 0.0068644 -0.00292385 0.0107654 0.0224044 0.010073 -0.00125316 -0.0110044 -0.015115 0.00212792 -0.045443 -0.0234378 0.000109841 -0.00722581 0.000143255 -6.16083e-05 0.00142675 0.00389394 0.0128837 9.57828e-05
internal_weight=5e+06 616794 438791 378892 2176 1548 1386 376716 11877 4.38321e+06 178003 29126 8300 20826 5969 4361 3445 2800 2723 1736 987 1122 4.35408e+06 19743 4.33434e+06 3.73774e+06 596596 233185 24405 3.59575e+06
internal_count=5000000 616794 438791 378892 2176 1548 1386 376716 11877 4383206 178003 29126 8300 20826 5969 4361 3445 2800 2723 1736 987 1122 4354080 19743 4334337 3737741 596596 233185 24405 3595754
cat_boundaries=0 1 2
cat_threshold=4146176 8389119
is_linear=0
shrinkage=0.1


Tree=174
num_leaves=31
num_cat=9
split_feature=88 76 75 33 18 28 1 86 50 1 22 74 73 76 48 86 48 86 76 74 80 86 91 3 0 75 76 76 76 75
split_gain=82.9323 235.574 218.241 173.871 171.811 168.228 164.678 306.696 165.028 149.938 145.572 144.955 145.489 157.71 143.545 136.189 147.586 135.062 131.083 122.515 114.483 108.665 100.614 100.428 210.721 116.428 399.732 255.962 227.095 366.509
threshold=1.4499999880790713 0 1 1.0000000180025095e-35 -1.0000000180025095e-35 1.0000000180025095e-35 -0.25000000745058054 2.0499999523162846 1.7500000000000002 8.6500000953674334 30.250000000000004 149.50000000000003 140.11250305175784 2 3.8500000238418584 -9.1500000953674299 0.45000000298023229 12.449999809265138 3 13.500000000000002 30.650000572204593 12.050000190734865 1.2500000000000002 25.349999427795414 26.050000190734867 4 5 6 7 8
decision_type=10 1 1 10 10 10 10 10 8 10 10 2 2 1 10 8 10 8 1 2 10 10 8 8 2 1 1 1 1 1
left_child=20 2 9 5 15 6 7 14 -8 -2 11 12 18 -14 19 16 -3 -5 -6 -4 23 -7 -21 24 25 27 -27 -1 29 -28
right_child=1 4 3 17 10 21 8 -9 -10 -11 -12 -13 13 -15 -16 -17 -18 -19 -20 22 -22 -23 -24 -25 -26 26 28 -29 -30 -31
leaf_value=0.001297159102541987 0.021010841874421801 -0.032595975883072711 0.02252896348999844 -0.018769471749219262 0.0027484015607433369 -0.021590698671302443 -0.0073695220368974433 0.033105539131664946 -0.00094904246405911458 0.00065761521597718824 -0.0066359681773373314 -0.0020910015704374697 0.0017172344781724266 -0.0027097917580164422 -0.013720493318853604 0.0034568955786568379 -0.0025300728698052204 -0.0034752387163703314 -9.3767995680345259e-05 0.013639461581780846 0.0073461130573644479 -0.0040298830167623785 -0.0036475806609004013 -0.0015052273541398165 0.0068323896725412088 0.0056496208307157377 0.0018862906836197115 -0.0016268432794913198 0.0010973373161784229 -0.0047173942687012875
leaf_weight=516453 3828 2004 3134 14429 303287 8239 79174 3231 80980 66447 36729 325763 119503 246333 5614 177693 8811 9626 349006 4612 22984 6157 12470 291291 50722 159347 147678 712237 1037187 195031
leaf_count=516453 3828 2004 3134 14429 303287 8239 79174 3231 80980 66447 36729 325763 119503 246333 5614 177693 8811 9626 349006 4612 22984 6157 12470 291291 50722 159347 147678 712237 1037187 195031
internal_value=3.9655e-08 -0.00052752 -0.00310526 -0.00460892 -3.80483e-05 -0.00365925 -0.0028664 0.00405914 -0.00412308 0.00176604 -0.000424703 -0.000254948 0.000332521 -0.0012637 0.000425814 0.00279379 -0.00810123 -0.0126492 0.00122775 0.00435426 0.000314439 -0.0140801 0.00101978 0.000262472 0.000445153 0.000328107 0.000907556 -0.000397802 0.000359917 -0.0018718
internal_weight=5e+06 1.86707e+06 297941 227666 1.56913e+06 203611 189215 29061 160154 70275 1.38062e+06 1.34389e+06 1.01813e+06 365836 25830 188508 10815 24055 652293 20216 3.13293e+06 14396 17082 3.10995e+06 2.81866e+06 2.76793e+06 1.53924e+06 1.22869e+06 1.3799e+06 342709
internal_count=5000000 1867070 297941 227666 1569129 203611 189215 29061 160154 70275 1380621 1343892 1018129 365836 25830 188508 10815 24055 652293 20216 3132930 14396 17082 3109946 2818655 2767933 1539243 1228690 1379896 342709
cat_boundaries=0 1 2 3 4 5 6 7 8 9
cat_threshold=1920 1792 12058738 2088960 62 917504 130168 129088 960
is_linear=0
shrinkage=0.1


Tree=175
num_leaves=31
num_cat=8
split_feature=4 86 86 53 48 50 76 75 1 21 72 22 1 76 74 73 72 75 76 30 1 5 86 0 76 75 17 76 73 19
split_gain=81.3858 262.795 253.246 170.632 507.567 335.907 276.175 297.919 371.301 255.246 234.921 250.591 360.262 228.134 340.337 262.804 365.178 195.226 283.086 295.88 240.094 221.775 227.355 211.031 191.174 189.931 184.908 174.023 170.822 175.46
threshold=19.650000572204593 21.750000000000004 19.250000000000004 1.1500000357627871 2.0499999523162846 0.84999999403953563 0 1 -2.1499999761581416 5.8500001430511483 37.290000915527351 14.949999809265138 10.84999990463257 2 48.500000000000007 137.9433517456055 36.851650238037116 3 4 1.0000000180025095e-35 8.4499998092651385 5.4500000476837167 3.8500000238418584 2.8500000238418584 5 6 17.349999427795414 7 139.29000091552737 19.050000190734867
decision_type=10 10 8 8 10 10 1 1 8 8 2 8 10 1 2 2 2 1 1 10 8 10 10 2 1 1 8 1 2 10
left_child=1 3 -2 4 6 -6 7 13 9 -9 11 28 26 14 -1 -16 -17 18 19 20 -5 22 -19 -23 -25 27 -13 -12 29 -10
right_child=2 -3 -4 17 5 -7 -8 8 10 -11 25 12 -14 -15 15 16 -18 21 -20 -21 -22 23 -24 24 -26 -27 -28 -29 -30 -31
leaf_value=0.0031913258436478834 -0.0047401889996278312 0.006384103876847908 -0.00020702999749956479 0.023013680864768564 -0.013331160406202469 -0.0032780653151625282 0.0012656516616331038 0.008949630533157794 -0.0041970986984811174 0.046831067476677618 0.0080665454657982243 -0.00013962128445019098 0.0019755895499771496 -0.0035734309361364265 -0.03477002982195445 0.021725988375164932 -0.02331257119532007 0.00065441833287676319 0.0013241147039198241 -0.0096207063268950871 0.007228000569777281 -0.0078821209016073767 0.0057112999344523293 -0.0029007785244925931 0.00040452287382952972 -0.0099214244667465475 0.031011639119543279 -0.0066992154371752974 0.0097138681180051773 -0.025747408745435851
leaf_weight=6806 135184 68857 1394423 11305 40412 187196 693079 15283 51371 2013 14455 2597 59243 37561 9313 2494 6472 640770 507454 8987 65227 42438 103231 256648 549917 50071 7156 17798 8161 4078
leaf_count=6806 135184 68857 1394423 11305 40412 187196 693079 15283 51371 2013 14455 2597 59243 37561 9313 2494 6472 640770 507454 8987 65227 42438 103231 256648 549917 50071 7156 17798 8161 4078
internal_value=3.67359e-08 0.000267886 -0.000607663 0.000144076 -0.000805715 -0.005063 0.000175095 -0.00238816 -0.000737093 0.0133585 -0.00187144 0.000733484 0.00490748 -0.00850748 -0.0158911 -0.023005 -0.0107846 0.000672227 0.00222116 0.00754328 0.0095598 9.56448e-05 0.00135607 -0.00100889 -0.000647251 -0.00606739 0.0227168 -8.11161e-05 -0.00379394 -0.00578202
internal_weight=5e+06 3.47039e+06 1.52961e+06 3.40154e+06 1.21556e+06 227608 987951 294872 232226 17296 214930 132606 68996 62646 25085 18279 8966 2.18598e+06 592973 85519 76532 1.593e+06 744001 849003 806565 82324 9753 32253 63610 55449
internal_count=5000000 3470393 1529607 3401536 1215559 227608 987951 294872 232226 17296 214930 132606 68996 62646 25085 18279 8966 2185977 592973 85519 76532 1593004 744001 849003 806565 82324 9753 32253 63610 55449
cat_boundaries=0 1 2 3 4 5 6 7 8
cat_threshold=99264 4098 384 2016 224 162928 3584 192
is_linear=0
shrinkage=0.1


Tree=176
num_leaves=31
num_cat=3
split_feature=89 22 3 77 21 77 77 2 1 77 15 76 25 1 76 21 86 86 20 72 76 80 2 0 83 1 21 8 21 86
split_gain=80.4037 128.822 83.6364 116.378 96.8426 240.315 209.5 168.971 165.36 319.449 173.36 149.42 143.371 139.899 135.094 151.363 148.865 129.686 120.633 119.822 148.128 124.111 223.023 338.744 271.934 339.453 258.029 248.122 220.939 237.731
threshold=34.95000076293946 35.049999237060554 32.049999237060554 30.050000190734867 22.050000190734867 21.750000000000004 25.050000190734867 26.650000572204593 21.150000572204593 21.849999427795414 25.050000190734867 0 0.75000000000000011 18.250000000000004 1 27.650000572204593 23.44999980926514 29.150000572204593 31.750000000000004 30.90164947509766 2 19.849999427795414 17.750000000000004 16.550000190734867 14.34999990463257 12.449999809265138 14.250000000000002 15.84999990463257 11.84999990463257 8.8499999046325701
decision_type=10 8 10 10 10 10 8 8 8 10 8 1 10 10 1 8 8 8 10 2 1 10 10 2 10 8 8 8 10 10
left_child=2 -2 3 4 5 19 8 -7 9 10 -6 12 -10 -11 -8 16 -16 18 -17 20 -1 22 24 -24 28 -26 -27 -25 29 -21
right_child=1 -3 -4 -5 6 7 14 -9 11 13 -12 -13 -14 -15 15 17 -18 -19 -20 21 -22 -23 23 27 25 26 -28 -29 -30 -31
leaf_value=0.011441245249283331 0.0079322120043383865 0.067200843456683285 -0.0046056163435315217 0.0047325511841108487 -0.0046088726390395357 0.0051778602693787149 0.0017155113248043239 -0.0064001939389588388 -0.0096631719302001998 0.052962914537126364 0.0058932148265192887 -0.0026385317427289456 0.0044845312969249576 0.011643389999742659 -0.0048897314785183903 -0.0072482699571429533 0.0010619926265504941 -0.0016176890842523467 -0.028169613190769355 -0.00012824226679377477 0.0011584930871536368 0.0024015480904273391 -0.011053911426899762 -0.0068012732460573768 0.014702175825684905 0.0061740078487271862 -7.33108583681415e-05 -0.00032070740323013319 -0.0018663471231115129 0.0029285864954543585
leaf_weight=20010 2598 427 39287 51999 63718 137118 289392 13881 68311 873 20865 134527 8002 13350 50645 37767 246910 66867 2973 1793534 46690 198380 39528 70648 22646 99006 198989 360805 603784 296470
leaf_count=20010 2598 427 39287 51999 63718 137118 289392 13881 68311 873 20865 134527 8002 13350 50645 37767 246910 66867 2973 1793534 46690 198380 39528 70648 22646 99006 198989 360805 603784 296470
internal_value=3.06596e-08 0.0162984 -9.83582e-06 2.65833e-05 -2.32988e-05 0.000202114 -0.000899065 0.00411352 -0.00306229 0.000313439 -0.00201821 -0.00464426 -0.00817861 0.0141796 6.53439e-05 -0.00111332 4.89864e-05 -0.00432745 -0.008775 4.46363e-05 0.00424521 -3.14207e-05 -0.000169899 -0.00219361 0.00014629 0.00289926 0.0020023 -0.00138186 -0.000181395 0.000305373
internal_weight=5e+06 3025 4.99698e+06 4.95769e+06 4.90569e+06 3.90149e+06 1.0042e+06 150999 309646 98806 84583 210840 76313 14223 694554 405162 297555 107607 40740 3.75049e+06 66700 3.68379e+06 3.48541e+06 470981 3.01443e+06 320641 297995 431453 2.69379e+06 2.09e+06
internal_count=5000000 3025 4996975 4957688 4905689 3901489 1004200 150999 309646 98806 84583 210840 76313 14223 694554 405162 297555 107607 40740 3750490 66700 3683790 3485410 470981 3014429 320641 297995 431453 2693788 2090004
cat_boundaries=0 1 2 3
cat_threshold=89984 3671015 4129024
is_linear=0
shrinkage=0.1


Tree=177
num_leaves=31
num_cat=2
split_feature=85 76 83 1 23 35 27 0 72 1 83 74 22 71 73 21 83 76 74 1 52 44 73 83 74 83 86 74 50 6
split_gain=82.7591 159.114 180.235 336.058 237.272 184.481 159.697 161.249 199.253 181.901 148.617 190.676 127.352 123.817 138.776 206.068 121.17 144.128 121.971 116.218 114.004 113.865 110.719 119.906 105.874 95.8385 93.5414 93.54 92.3765 112.247
threshold=1.5500000119209292 0 7.6499998569488534 5.6499998569488534 9.8499999046325701 1.0000000180025095e-35 1.0000000180025095e-35 3.0499999523162846 43.729999542236335 -10.15000009536743 2.6499999761581425 22.500000000000004 30.250000000000004 0.84999999403953563 143.25830078125003 -6.6499998569488517 -10.550000190734862 1 19.500000000000004 2.8500000238418584 1.5500000119209292 1.0000000180025095e-35 142.61585235595706 -8.9499998092651349 159.50000000000003 29.44999980926514 -9.1500000953674299 331.50000000000006 2.1499999761581425 8.0500001907348651
decision_type=10 1 8 8 8 10 8 2 2 10 10 2 10 8 2 8 8 1 2 10 10 10 2 10 2 10 8 2 10 10
left_child=-1 2 4 19 5 6 7 8 9 22 -11 -12 13 26 15 -15 18 -18 -16 27 -9 25 23 -2 -20 28 -3 -4 -5 -30
right_child=1 12 3 21 -6 -7 -8 20 -10 10 11 -13 -14 14 16 -17 17 -19 24 -21 -22 -23 -24 -25 -26 -27 -28 -29 29 -31
leaf_value=0.00030339131183090216 -0.031709085774476918 -0.023693592734716769 0.06684132889341235 -0.004525488129810365 -0.01978640864578729 -0.016274707950098763 -0.016947144829713677 -0.014406967551189299 -0.010539552192956086 0.00083123850449820188 0.050296648790440372 0.0087133749240909629 -0.0065607600392879762 0.011304140413780306 0.013350992371371752 0.00064309819562832988 -0.0077404272523745078 0.0014173869954103068 -0.055915159768101345 0.014996675589647554 -0.0018102804794293361 0.0048954063467764051 0.056145814598126557 0.045390867050976239 0.0090221004548142868 0.0053348631853954694 -0.0017198137292644409 0.0092301949525242944 0.0075602282692832368 -0.001850282790151536
leaf_weight=3213367 398 1952 892 125485 10935 11265 7168 12588 9868 30413 1385 5410 29455 18456 534 1028289 33395 35394 1193 4831 16738 25033 1099 409 318 15820 257051 412 14879 85568
leaf_count=3213367 398 1952 892 125485 10935 11265 7168 12588 9868 30413 1385 5410 29455 18456 534 1028289 33395 35394 1193 4831 16738 25033 1099 409 318 15820 257051 412 14879 85568
internal_value=2.99272e-08 -0.000545584 -0.00235941 -0.000992594 -0.00582401 -0.00424579 -0.00266048 -0.00135274 0.00215845 0.00536201 0.00381855 0.0171891 -5.45878e-05 8.46257e-05 0.000541191 0.000831072 -0.0037425 -0.00302938 -0.0277302 0.0221474 -0.00721733 -0.00152472 0.0354926 0.00736636 -0.0422487 -0.00218952 -0.00188542 0.048639 -0.00271638 -0.000456324
internal_weight=5e+06 1.78663e+06 380596 272920 107676 96741 85476 78308 48982 39114 37208 6795 1.40604e+06 1.37658e+06 1.11758e+06 1.04674e+06 70834 68789 2045 6135 29326 266785 1906 807 1511 241752 259003 1304 225932 100447
internal_count=5000000 1786633 380596 272920 107676 96741 85476 78308 48982 39114 37208 6795 1406037 1376582 1117579 1046745 70834 68789 2045 6135 29326 266785 1906 807 1511 241752 259003 1304 225932 100447
cat_boundaries=0 1 2
cat_threshold=3968 258048
is_linear=0
shrinkage=0.1


Tree=178
num_leaves=31
num_cat=4
split_feature=25 76 84 1 24 24 90 23 76 87 76 1 78 1 0 22 22 8 4 0 76 83 0 83 77 1 1 74 86 23
split_gain=80.2736 179.077 112.179 170.416 95.8139 95.6997 171.175 187.728 145.682 118.849 117.791 106.646 100.114 92.5859 173.6 114.793 98.5343 92.2229 80.5517 230.067 238.198 210.995 200.009 202.957 179.054 150.861 150.079 151.772 136.422 147.017
threshold=0.75000000000000011 0 5.7500000000000009 31.94999980926514 1.0000000180025095e-35 1.2500000000000002 2.7500000000000004 30.849999427795414 1 4.2500000000000009 2 30.050000190734867 5.2500000000000009 34.750000000000007 34.850000381469734 35.049999237060554 29.44999980926514 23.650000572204593 -3.1499999761581416 -3.8500000238418575 3 -5.0499999523162833 1.6500000357627871 -0.25000000745058054 -4.3500001430511466 -5.3500001430511466 -6.6499998569488517 162.00000000000003 -5.2499999999999991 -5.8500001430511466
decision_type=8 1 10 10 2 2 10 10 1 10 1 10 10 10 2 10 8 10 8 2 1 10 2 10 10 10 10 2 10 8
left_child=2 4 5 -4 -2 6 9 10 -7 12 -8 -11 13 18 -15 16 -16 -13 21 20 -20 24 23 26 28 -26 27 -23 29 -1
right_child=1 -3 3 -5 -6 8 7 -9 -10 11 -12 17 -14 14 15 -17 -18 -19 19 -21 -22 22 -24 -25 25 -27 -28 -29 -30 -31
leaf_value=-3.8983933627824815e-06 0.012317329106792703 4.2843151258200067e-05 -0.0096648368790763703 -0.12679581671846027 0.0038382164053569635 0.01082698352975745 -0.019060757776246669 -0.06806710701308509 8.7332733708397257e-05 -0.010321353265473196 -0.0021012824343456136 -0.20828894468024375 -0.019470820814000263 -0.0091592217126717917 0.077866302253119649 0.066348680582749411 0.011360901418884668 -0.047886752736403783 0.029900515451004962 -0.00011019262930859144 -0.010653400360947236 0.032691255170393528 -0.0091605016299741576 0.019731981836097524 0.023082656912043618 0.003547958133589749 0.0033254957440872189 0.0052354508248196666 0.0053620983482660636 -0.0070639848951813125
leaf_weight=68820 16706 206362 8757 126 65886 20188 6250 535 33723 6239 11870 40 2658 1992 250 645 2046 345 1513 4335498 29926 3743 8006 11426 5038 18362 53991 4357 23085 51617
leaf_count=68820 16706 206362 8757 126 65886 20188 6250 535 33723 6239 11870 40 2658 1992 250 645 2046 345 1513 4335498 29926 3743 8006 11426 5038 18362 53991 4357 23085 51617
internal_value=2.56699e-08 0.0016179 -9.92075e-05 -0.0113263 0.00555263 -7.79982e-05 -0.000126583 -0.00968638 0.00411102 -8.80617e-05 -0.00796267 -0.0134733 -6.88826e-05 -5.7721e-05 0.0136348 0.0290737 0.0186023 -0.0645519 -7.23558e-05 -0.000172002 -0.00869562 0.00167913 0.00584914 0.00748369 -0.00035746 0.00775376 0.00522976 0.0179227 -0.00167992 -0.00302972
internal_weight=5e+06 288954 4.71105e+06 8883 82592 4.70216e+06 4.64825e+06 18655 53911 4.6296e+06 18120 6624 4.62297e+06 4.62032e+06 4933 2941 2296 385 4.61538e+06 4.36694e+06 31439 248445 81523 73517 166922 23400 62091 8100 143522 120437
internal_count=5000000 288954 4711046 8883 82592 4702163 4648252 18655 53911 4629597 18120 6624 4622973 4620315 4933 2941 2296 385 4615382 4366937 31439 248445 81523 73517 166922 23400 62091 8100 143522 120437
cat_boundaries=0 1 2 3 4
cat_threshold=518144 522752 65408 384
is_linear=0
shrinkage=0.1


Tree=179
num_leaves=31
num_cat=4
split_feature=80 3 83 83 21 0 89 20 83 1 89 75 16 76 77 89 1 3 80 1 76 77 76 86 23 2 83 2 83 1
split_gain=76.3904 87.9719 265.194 230.414 177.305 170.428 153.025 165.757 230.08 183.293 264.609 207.426 206.146 145.138 136.715 133.777 309.053 197.655 277.444 381.393 250.539 244.46 226.769 224.517 370.412 274.649 180.17 179.728 221.86 228.147
threshold=32.95000076293946 24.349999427795414 24.750000000000004 23.050000190734867 27.650000572204593 32.049999237060554 25.150000572204593 20.750000000000004 19.050000190734867 11.84999990463257 15.84999990463257 0 20.050000190734867 1 24.050000190734867 13.449999809265138 12.650000095367433 11.250000000000002 8.2500000000000018 6.6499998569488534 2 10.84999990463257 3 8.2500000000000018 9.4499998092651385 1.0000000180025095e-35 9.8499999046325701 8.0500001907348651 4.0499999523162851 2.6499999761581425
decision_type=10 10 10 8 10 2 10 10 10 8 10 1 10 1 8 10 8 10 10 8 1 8 1 10 10 8 10 10 10 8
left_child=1 2 6 -3 5 13 7 8 15 10 12 -11 -9 -5 -15 17 -17 18 23 22 -21 -19 -20 24 27 -25 -26 28 -1 -30
right_child=-2 3 -4 4 -6 -7 -8 9 -10 11 -12 -13 -14 14 -16 16 -18 21 19 20 -22 -23 -24 25 26 -27 -28 -29 29 -31
leaf_value=-0.00035622651547353632 0.007994162737923919 -0.0070555876738632346 0.0054775086886565214 -0.0032846190466927711 -0.0030323361273751747 0.019194605932415353 0.0058976352281711227 -0.014424480111821611 0.0032095469400764349 -0.006019678407236384 0.059230925300959053 -0.00097928732971515331 0.014917666454329334 -0.004182933382964554 0.0020061087842149629 0.0087969733390861442 0.00067002603374107449 -0.0069727693481702316 0.025742745483336889 0.0082546505450967513 0.00021646042279797057 -0.0010779939033274254 0.006541213539487948 0.055518349081441758 -0.0062116238220211485 0.0030940336094391289 0.0046354929057891231 -0.0042919341024305925 0.011314095083181453 0.0018478728682564925
leaf_weight=1142100 11925 58745 91438 86278 193667 4873 44038 3425 241689 98017 1021 488665 7957 40334 310115 50987 568816 79946 11054 50002 172601 586204 13902 1006 147101 150918 17092 94528 29123 202433
leaf_count=1142100 11925 58745 91438 86278 193667 4873 44038 3425 241689 98017 1021 488665 7957 40334 310115 50987 568816 79946 11054 50002 172601 586204 13902 1006 147101 150918 17092 94528 29123 202433
internal_value=2.49111e-08 -1.90867e-05 0.000149745 -0.0010637 -0.000509615 0.000596744 3.38273e-05 -2.82684e-05 0.000230739 -0.00156718 0.0104629 -0.00182151 0.00608821 0.000389229 0.00129376 1.37454e-05 0.00133858 -0.000290602 0.000199483 0.00333664 0.00202241 -0.00178544 0.0150593 -0.000235775 -0.000577985 0.00344117 -0.00508247 -7.42301e-05 0.000216011 0.00303845
internal_weight=5e+06 4.98808e+06 4.29406e+06 694012 635267 441600 4.20262e+06 4.15859e+06 3.5595e+06 599085 12403 586682 11382 436727 350449 3.31781e+06 619803 2.69801e+06 2.03186e+06 247559 222603 666150 24956 1.7843e+06 1.63238e+06 151924 164193 1.46818e+06 1.37366e+06 231556
internal_count=5000000 4988075 4294063 694012 635267 441600 4202625 4158587 3559502 599085 12403 586682 11382 436727 350449 3317813 619803 2698010 2031860 247559 222603 666150 24956 1784301 1632377 151924 164193 1468184 1373656 231556
cat_boundaries=0 1 2 3 4
cat_threshold=60 328128 16711682 264128
is_linear=0
shrinkage=0.1


Tree=180
num_leaves=31
num_cat=14
split_feature=74 73 76 76 75 73 75 76 91 76 48 75 76 2 76 73 2 76 73 76 78 54 73 76 87 21 76 6 77 76
split_gain=83.0392 156.528 481.505 329.082 212.354 191.091 168.371 256.431 157.152 234.016 264.078 301.483 308.607 161.467 152.225 147.774 134.426 150.363 128.402 170.991 164.249 125.877 122.594 122.468 121.609 122.944 121.09 114.477 134.937 131.873
threshold=105.50000000000001 137.86834716796878 0 1 2 138.72585296630862 3 4 1.1500000357627871 5 0.94999998807907116 6 7 -2.4500000476837154 8 133.27750396728518 9.4499998092651385 9 141.52664947509768 10 1.0000000180025095e-35 6.3500001430511483 135.49915313720706 11 1.0000000180025095e-35 28.44999980926514 12 8.6500000953674334 9.6500000953674334 13
decision_type=2 2 1 1 1 2 1 1 10 1 10 1 1 10 1 2 10 1 2 1 10 10 2 1 10 8 1 8 8 1
left_child=18 2 4 6 23 14 26 -8 9 10 11 12 -4 -14 -5 -13 17 -7 27 20 21 -20 -10 -2 25 -6 -3 29 -29 -1
right_child=1 3 8 5 24 16 7 -9 22 -11 -12 15 13 -15 -16 -17 -18 -19 19 -21 -22 -23 -24 -25 -26 -27 -28 28 -30 -31
leaf_value=0.0036290664081673495 0.0042535017426881903 0.0034644841973423893 -0.025235342768869597 0.0091808073530620753 -0.010181324231669162 -0.0013952634105548001 0.00039204115608893896 -0.0058136143154617218 -0.00065527614791568729 -0.00038876688180077039 0.00057044272591168655 0.02552304238633887 0.037967514580236582 0.0018906743636857963 0.0021860839557008983 0.010994435613193722 -0.00061650438585671022 0.0040030705213069846 -0.0061062043154067221 -3.5665217967974682e-05 0.0080355403968045483 0.005988333527131828 -0.0054720298480718244 -0.0049151275381408071 0.00070844266570466727 0.01013058891249192 -0.0015398182809524732 -0.0030840264890029884 0.00045414645035623809 0.00069179597043723061
leaf_weight=241331 24196 80784 3928 54556 104966 70982 111019 166385 140535 368571 54020 11330 1556 6120 72439 18322 284785 188908 113546 396823 10168 9311 84678 36583 12787 3067 120411 115198 1675774 416921
leaf_count=241331 24196 80784 3928 54556 104966 70982 111019 166385 140535 368571 54020 11330 1556 6120 72439 18322 284785 188908 113546 396823 10168 9311 84678 36583 12787 3067 120411 115198 1675774 416921
internal_value=2.8513e-08 -0.000494762 -0.00150633 0.000270913 -0.00608705 0.00169868 -0.00173282 -0.00333014 -0.00029901 0.000753289 0.00517078 0.0111956 -0.0024736 0.00919183 0.00519185 0.0165402 0.000884249 0.00252876 0.000335682 -0.00107583 -0.00417839 -0.00518959 -0.00246633 -0.00126502 -0.00851248 -0.00960468 0.000469586 0.000641038 0.000226566 0.00176874
internal_weight=5e+06 2.02093e+06 870659 1.15027e+06 181599 671670 478599 277404 689060 463847 95276 41256 11604 7676 126995 29652 544675 259890 2.97907e+06 529848 133025 122857 225213 60779 120820 108033 201195 2.44922e+06 1.79097e+06 658252
internal_count=5000000 2020928 870659 1150269 181599 671670 478599 277404 689060 463847 95276 41256 11604 7676 126995 29652 544675 259890 2979072 529848 133025 122857 225213 60779 120820 108033 201195 2449224 1790972 658252
cat_boundaries=0 1 2 3 4 5 6 7 8 9 10 11 12 13 14
cat_threshold=393440 116495 6336 496 15 67328 4102 256 800832 14352 516096 393216 115712 16761088
is_linear=0
shrinkage=0.1


Tree=181
num_leaves=31
num_cat=9
split_feature=74 76 1 52 48 76 21 2 6 50 4 75 76 1 80 28 13 12 80 86 1 41 76 76 27 75 76 74 5 76
split_gain=84.8764 140.503 90.7855 76.2225 424.157 204.139 240.188 175.717 173.061 162.354 144.791 325.842 458.953 330.39 308.769 248.436 189.991 180.133 173.231 157.524 156.854 151.295 266.247 211.682 249.254 234.803 221.938 204.859 152.098 177.471
threshold=1099.0000000000002 0 -12.849999904632567 0.84999999403953563 1.2500000000000002 1 28.849999427795414 22.94999980926514 -13.15000009536743 0.65000000596046459 14.84999990463257 2 3 6.6499998569488534 13.84999990463257 1.0000000180025095e-35 6.6499998569488534 17.44999980926514 10.449999809265138 13.750000000000002 2.2500000000000004 1.0000000180025095e-35 4 5 1.0000000180025095e-35 6 7 13.500000000000002 1.0500000119209292 8
decision_type=2 1 8 8 10 1 8 8 8 10 8 1 1 8 8 8 8 10 8 8 10 8 1 1 10 1 1 2 10 1
left_child=3 2 -2 4 5 8 -7 -8 -1 -6 11 21 13 15 -12 16 -13 -15 -14 -16 -18 23 -23 24 25 27 -26 -5 -25 -30
right_child=1 -3 -4 10 9 6 7 -9 -10 -11 14 12 18 17 19 -17 20 -19 -20 -21 -22 22 -24 28 26 -27 -28 -29 29 -31
leaf_value=0.036559324125519939 0.12189140514000224 -0.00079367219572301986 -0.01451603596848512 0.016777311166393714 -0.0071041599083218818 -0.00058179709836280889 0.023719586840915564 0.0038961311515113596 0.003202206670223202 -0.0022532767489736347 -0.006371127609266611 0.0089753292998733178 -0.001554918687004779 0.0033726516824476682 -0.005218991041366354 -0.014532944826958267 0.045976014908105392 0.014764356854111925 0.0028502759830494454 8.2959511865530013e-05 0.022301306101938118 -0.011451589879238196 -0.00083918674504748769 0.0017012272615596386 0.0091641357237318959 0.00015835548236275239 -0.018208261549431431 0.0055497833554568436 -0.0083910507160085222 -0.00054434815837160993
leaf_weight=1568 49 28005 11443 21997 89272 618523 6721 13360 192414 303771 82031 8269 131239 69310 57964 2104 3613 17357 279131 1685770 12414 29502 118854 336297 4422 56733 8942 62216 30022 716687
leaf_count=1568 49 28005 11443 21997 89272 618523 6721 13360 192414 303771 82031 8269 131239 69310 57964 2104 3613 17357 279131 1685770 12414 29502 118854 336297 4422 56733 8942 62216 30022 716687
internal_value=2.33575e-08 -0.00461729 -0.0139223 3.67878e-05 -0.000647497 0.000630675 -0.000232352 0.0105309 0.00347166 -0.00335506 0.000261341 0.000870233 0.00299583 0.00863679 -0.000375346 0.0184318 0.0212865 0.00565409 0.00144143 -9.32843e-05 0.0276383 6.72687e-05 -0.00295039 0.000429091 0.00389409 0.0051319 -0.00915781 0.00848148 -6.46483e-05 -0.00085995
internal_weight=5e+06 39497 11492 4.9605e+06 1.22563e+06 832586 638604 20081 193982 393043 3.73487e+06 1.90911e+06 523437 113067 1.82576e+06 26400 24296 86667 410370 1.74373e+06 16027 1.38567e+06 148356 1.23732e+06 154310 140946 13364 84213 1.08301e+06 746709
internal_count=5000000 39497 11492 4960503 1225629 832586 638604 20081 193982 393043 3734874 1909109 523437 113067 1825765 26400 24296 86667 410370 1743734 16027 1385672 148356 1237316 154310 140946 13364 84213 1083006 746709
cat_boundaries=0 1 2 3 4 5 6 7 8 9
cat_threshold=32512 8342528 6158 98528 1984 262912 6146 262144 64
is_linear=0
shrinkage=0.1


Tree=182
num_leaves=31
num_cat=11
split_feature=79 76 50 1 75 75 76 13 6 7 74 76 76 86 50 61 83 9 72 72 76 76 73 73 91 72 73 75 76 76
split_gain=78.9031 135.485 268.061 200.599 187.384 164.166 152.267 143.439 122.375 114.679 114.634 106.112 105.268 100.39 97.1412 151.042 104.213 95.9848 89.6719 176.125 288.931 257.67 114.997 89.4577 129.77 87.8526 91.9993 87.3241 87.0744 86.8638
threshold=1.0500000119209292 0 1.6500000357627871 13.650000095367433 1 2 3 -7.5499999523162833 -10.249999999999998 -13.15000009536743 542.00000000000011 4 5 23.550000190734867 1.3499999642372134 2.1499999761581425 -2.8500000238418575 19.849999427795414 35.525800704956062 36.527500152587898 6 7 137.68579864501956 140.23665618896487 2.3500000238418584 33.750799179077156 133.09919738769534 8 9 10
decision_type=8 1 8 10 1 1 1 8 10 10 2 1 1 8 10 10 8 10 2 2 1 1 2 2 8 2 2 1 1 1
left_child=1 2 13 5 6 11 8 9 -3 14 29 -4 25 -1 15 16 -6 -8 28 21 23 22 -20 24 -21 26 -7 -14 -12 -2
right_child=10 4 3 -5 7 12 17 -9 -10 -11 18 -13 27 -15 -16 -17 -18 -19 19 20 -22 -23 -24 -25 -26 -27 -28 -29 -30 -31
leaf_value=-0.0015495713471720394 0.00078055559318866274 0.042742537877367016 0.038902182192608173 0.0021494086227574392 -0.15592489860406736 0.027969630620307762 0.0024063313324271317 -0.0013059759973246489 0.0057709571797764057 -0.016760707097651758 -0.013228965687808578 0.014004247935228781 0.017588062545816682 0.0031187085030764264 0.0026673912300147875 -0.26144881524145602 0.080862956757054613 -0.0024324278405732742 7.6234604037235842e-06 0.0027938189149869373 -0.00019762847769413253 -0.0024866829931845039 0.011354698083229142 -0.020363199172715327 -0.013319685406629346 0.013710866339482836 0.091339307417753202 0.00220583167638147 -0.0035970854561208697 -0.00031376771260409954
leaf_weight=94528 959918 908 3473 34367 41 1398 110894 323454 63876 3561 12733 3445 4685 89853 69 60 34 65039 13213 6970 56645 64251 27562 9100 17665 10731 274 17297 35732 2968224
leaf_count=94528 959918 908 3473 34367 41 1398 110894 323454 63876 3561 12733 3445 4685 89853 69 60 34 65039 13213 6970 56645 64251 27562 9100 17665 10731 274 17297 35732 2968224
internal_value=1.48406e-08 0.000891724 0.00278208 0.00779387 2.61053e-05 0.0124905 0.00214384 -0.00153182 0.00628817 -0.0209379 -0.000176956 0.0265417 0.00965292 0.000725386 -0.0938552 -0.143189 -0.0485811 0.000617501 -0.00228072 -0.00132575 -0.00456208 0.00145928 0.00767583 -0.0118869 -0.00876068 0.0170192 0.0383544 0.00549074 -0.0061311 -4.63473e-05
internal_weight=5e+06 827987 260051 75670 567936 41303 240717 327219 64784 3765 4.17201e+06 6918 34385 184381 204 135 75 175933 243871 195406 90380 105026 40775 33735 24635 12403 1672 21982 48465 3.92814e+06
internal_count=5000000 827987 260051 75670 567936 41303 240717 327219 64784 3765 4172013 6918 34385 184381 204 135 75 175933 243871 195406 90380 105026 40775 33735 24635 12403 1672 21982 48465 3928142
cat_boundaries=0 1 2 3 4 5 6 7 8 9 10 11
cat_threshold=65472 6338 1808 393264 192 1792 32640 32704 40 16128 16384000
is_linear=0
shrinkage=0.1


Tree=183
num_leaves=31
num_cat=9
split_feature=85 76 82 85 51 48 75 76 76 24 75 69 83 20 89 4 2 89 15 77 77 21 9 75 1 1 76 75 76 12
split_gain=74.8151 172.912 147.102 147.003 136.862 139.274 122.653 161.197 117.048 129.405 149.282 116.301 100.932 109.436 97.6969 196.495 162.621 305.967 303.594 256.009 193.081 181.731 182.036 413.438 335.508 177.434 192.131 175.878 171.45 157.972
threshold=1.8499999642372134 0 1.4499999880790713 3.7500000000000004 1.1500000357627871 0.84999999403953563 1 2 3 1.0000000180025095e-35 4 5.2500000000000009 18.550000190734867 19.550000190734867 7.6499998569488534 9.8499999046325701 11.250000000000002 12.050000190734865 2.6499999761581425 13.050000190734865 12.449999809265138 12.84999990463257 8.0500001907348651 5 17.44999980926514 8.0500001907348651 6 7 8 7.8500001430511483
decision_type=10 1 8 10 10 10 1 1 1 2 1 8 8 10 8 10 10 10 8 10 8 10 8 1 8 8 1 1 1 8
left_child=14 3 -3 6 5 -4 7 -2 -6 10 -10 -12 13 -7 15 -1 17 19 -18 -16 -20 22 23 -22 -25 26 -19 28 -24 -30
right_child=1 2 4 -5 8 12 -8 -9 9 -11 11 -13 -14 -15 16 -17 18 25 20 -21 21 -23 27 24 -26 -27 -28 -29 29 -31
leaf_value=-0.00029159377715911027 -0.010348922803618774 0.0015172944323219499 0.00040000329900802766 0.0040419796007393474 -0.0053386532074906692 -0.0069249598885203038 0.0018506182306952737 -0.00072169991276547552 0.00022263821320559385 0.0035326777401293499 -0.0036273923329322565 0.0016008863811805439 -0.0024695623860021762 -0.021012636393535285 0.00097381881318120824 -0.006492751658019472 -0.011449330450551748 0.038058951588017031 -0.004237240931704008 0.015601405141508951 0.010126517419478166 7.5850902396995413e-05 0.013542977960957542 -0.0076201631516328991 -0.044932751186909439 0.0070169866900693075 0.0011285537165448005 0.0072194208845831331 -0.021146390015969185 0.00038514362892494327
leaf_weight=721138 21743 171855 51172 127768 59653 76257 136784 86785 365638 64845 257657 50962 57066 5944 645199 54995 22593 3985 93004 12191 12663 1649011 9592 16006 2837 47793 2188 99545 3583 69548
leaf_count=721138 21743 171855 51172 127768 59653 76257 136784 86785 365638 64845 257657 50962 57066 5944 645199 54995 22593 3985 93004 12191 12663 1649011 9592 16006 2837 47793 2188 99545 3583 69548
internal_value=2.40881e-08 -0.000581389 -0.00118319 0.00129146 -0.00165237 -0.00406133 -0.000141072 -0.00265124 -0.00107802 -0.000734063 -0.00114442 -0.00276396 -0.00570059 -0.00794365 0.00025738 -0.000730994 0.000542579 0.00183929 7.63261e-05 0.00124508 0.000209469 0.000431482 0.00317475 -0.003844 -0.0132309 0.00907773 0.0250326 0.00438798 0.000979756 -0.000669687
internal_weight=5e+06 1.53413e+06 1.16105e+06 373080 989194 190439 245312 108528 798755 739102 674257 308619 139267 82201 3.46587e+06 776133 2.68974e+06 711356 1.97838e+06 657390 1.95579e+06 1.86278e+06 213774 31506 18843 53966 6173 182268 82723 73131
internal_count=5000000 1534129 1161049 373080 989194 190439 245312 108528 798755 739102 674257 308619 139267 82201 3465871 776133 2689738 711356 1978382 657390 1955789 1862785 213774 31506 18843 53966 6173 182268 82723 73131
cat_boundaries=0 1 2 3 4 5 6 7 8 9
cat_threshold=16515080 248 262144 384 250 124 827328 240 260608
is_linear=0
shrinkage=0.1


Tree=184
num_leaves=31
num_cat=4
split_feature=89 81 78 76 2 80 22 21 14 86 83 1 76 75 1 20 1 0 1 83 1 0 14 0 11 75 11 89 8 20
split_gain=76.0356 107.374 105.182 106.759 101.384 202.225 188.699 160.955 185.858 149.167 130.691 202.874 136.765 196.788 156.275 129.15 272.974 399.844 368.637 263.166 230.431 258.726 190.782 159.069 158.371 153.817 153.449 134.707 133.185 123.59
threshold=31.050000190734867 2.2500000000000004 1.0000000180025095e-35 0 25.750000000000004 25.150000572204593 17.650000572204593 29.849999427795414 23.750000000000004 26.650000572204593 26.750000000000004 26.750000000000004 1 2 28.250000000000004 22.550000190734867 20.250000000000004 19.349999427795414 18.94999980926514 22.150000572204593 15.550000190734865 16.250000000000004 21.550000190734867 21.050000190734867 21.349999427795414 3 21.050000190734867 26.150000572204593 20.650000572204593 16.050000190734867
decision_type=10 10 10 1 10 10 8 10 8 10 8 10 1 1 10 10 8 2 10 10 10 2 8 2 10 1 8 10 8 10
left_child=4 2 3 -2 5 9 -6 8 10 15 11 -8 14 -14 -12 19 17 20 24 29 21 22 25 -20 -19 -17 -22 -18 -25 -1
right_child=1 -3 -4 -5 6 -7 7 -9 -10 -11 12 -13 13 -15 -16 16 27 18 23 -21 26 -23 -24 28 -26 -27 -28 -29 -30 -31
leaf_value=0.00032316565230115226 -0.016914035840038741 -0.070405043707200396 -0.041737464228409786 0.005575100031466532 -0.023141237035035893 0.0047482337210825445 -0.001967338731676864 -0.0059266986800780314 0.0013931228221666907 0.0073804871660674166 -0.001702160856549654 -0.014458809109965963 0.0057283013348960014 -0.0040817258359033843 -0.017900785742383671 0.0065929794507529581 -0.0034539663272359165 0.017615330531542996 -0.00027035327865464572 0.0044215542313596765 -0.010325661395263114 0.024709017740855349 0.010815994677858425 0.0091592025731219006 0.045139049748234628 -0.020308446882780381 0.00069124501734098482 0.0045831589944659362 0.03954607789917583 -0.0010106149901695052
leaf_weight=2828060 2199 194 495 47925 3983 91826 31608 63809 219746 27265 17060 22087 41924 39900 9150 3429 341779 13032 27236 139331 31545 5631 8493 8206 2490 5574 21099 22209 1750 920965
leaf_count=2828060 2199 194 495 47925 3983 91826 31608 63809 219746 27265 17060 22087 41924 39900 9150 3429 341779 13032 27236 139331 31545 5631 8493 8206 2490 5574 21099 22209 1750 920965
internal_value=3.28263e-08 0.00384864 0.00413322 0.00458621 -3.94805e-05 0.00010353 -0.00147189 -0.00127806 -0.00050049 6.77498e-06 -0.0030734 -0.0071056 -0.00106931 0.000944704 -0.00735435 -3.91169e-05 -0.00156479 0.00239788 0.00908605 0.000154114 -0.00225509 0.0060651 6.46509e-05 0.00368366 0.0220306 -0.0100777 -0.00591023 -0.00296358 0.0145004 -4.48361e-06
internal_weight=5e+06 50813 50619 50124 4.94919e+06 4.49992e+06 449267 445284 381475 4.40809e+06 161729 53695 108034 81824 26210 4.38083e+06 492473 128485 52714 3.88836e+06 75771 23127 17496 37192 15522 9003 52644 363988 9956 3.74902e+06
internal_count=5000000 50813 50619 50124 4949187 4499920 449267 445284 381475 4408094 161729 53695 108034 81824 26210 4380829 492473 128485 52714 3888356 75771 23127 17496 37192 15522 9003 52644 363988 9956 3749025
cat_boundaries=0 1 2 3 4
cat_threshold=4980736 10223640 4328 3592
is_linear=0
shrinkage=0.1


Tree=185
num_leaves=31
num_cat=12
split_feature=72 76 83 76 3 89 24 87 1 76 73 75 75 76 75 73 48 51 48 75 76 76 75 0 22 76 51 48 50 90
split_gain=75.1434 199.38 93.6997 149.153 117.501 179.988 131.708 141.337 129.776 127.234 643.096 609.444 254.979 388.757 271.28 234.917 202.649 354.72 196.963 196.191 207.436 186.098 547.04 263.594 254.893 183.901 180.024 428.835 194.724 176.388
threshold=32.093299865722663 0 31.050000190734867 1 27.250000000000004 28.250000000000004 1.0000000180025095e-35 1.2500000000000002 29.650000572204593 2 134.46669769287112 3 4 5 6 141.71585083007815 5.1499998569488534 2.7500000000000004 1.4499999880790713 7 8 9 10 5.8500001430511483 5.6499998569488534 11 1.3499999642372134 1.8499999642372134 0.84999999403953563 1.0000000180025095e-35
decision_type=2 1 10 1 10 10 2 10 10 1 2 1 1 1 1 2 10 10 8 1 1 1 1 2 8 1 8 10 8 10
left_child=1 -1 4 -4 5 9 7 -6 -9 10 12 21 -2 14 -14 -13 26 -18 -17 20 -15 22 23 -12 -25 -19 27 -11 -29 -16
right_child=2 -3 3 -5 6 -7 -8 8 -10 16 11 15 13 19 29 18 17 25 -20 -21 -22 -23 -24 24 -26 -27 -28 28 -30 -31
leaf_value=-0.0033436098529896425 0.00068645907079343659 0.0027385633358844143 -0.00605639193120371 0.0077430925699400639 -0.0025398286304299128 0.0067044732842998656 0.010326076494492565 -0.012866981518546284 -0.062925217906758743 -0.0001545781144290133 0.0055194170887244431 0.0010576577658423163 -0.006796361690144765 -0.023923044897463747 -0.024365043601104613 -0.0094345971409035573 -0.012627930602885161 -0.011000364534393998 -0.00065000861332853411 0.00029285397766485915 -0.0046367125299933481 0.0038431443388104317 -0.002223177193448177 0.03585811926817286 0.01498885095215759 -0.00073760920690590199 0.00058153047731834947 -0.0089839458219066453 -0.0029356313316797823 0.0069414882414293487
leaf_weight=68125 81791 257936 10224 33409 215156 39311 7885 2104 687 1227004 26511 385676 27587 7388 20489 43419 33987 19138 61927 69241 22722 231162 31209 6810 41626 198179 1552637 72214 202473 1973
leaf_count=68125 81791 257936 10224 33409 215156 39311 7885 2104 687 1227004 26511 385676 27587 7388 20489 43419 33987 19138 61927 69241 22722 231162 31209 6810 41626 198179 1552637 72214 202473 1973
internal_value=2.48627e-08 0.00146778 -0.000102368 0.00451001 -0.000145832 -3.17644e-05 -0.00237052 -0.00282987 -0.0251887 -9.24284e-05 0.000861181 0.00216274 -0.00380218 -0.00625917 -0.0134457 -8.54947e-05 -0.000398083 -0.00312771 -0.00427063 -0.0026379 -0.00937531 0.00543526 0.00890153 0.0135337 0.017923 -0.00164194 -0.000173496 -0.000954138 -0.00452571 -0.0216055
internal_weight=5e+06 326061 4.67394e+06 43633 4.63031e+06 4.40447e+06 225832 217947 2791 4.36516e+06 1.05953e+06 828340 231191 149400 50049 491022 3.30563e+06 251304 105346 99351 30110 337318 106156 74947 48436 217317 3.05433e+06 1.50169e+06 274687 22462
internal_count=5000000 326061 4673939 43633 4630306 4404474 225832 217947 2791 4365163 1059531 828340 231191 149400 50049 491022 3305632 251304 105346 99351 30110 337318 106156 74947 48436 217317 3054328 1501691 274687 22462
cat_boundaries=0 1 2 3 4 5 6 7 8 9 10 11 12
cat_threshold=14432 2031616 4063296 7936 4576 131136 534 24 262144 393216 7168 384
is_linear=0
shrinkage=0.1


Tree=186
num_leaves=31
num_cat=4
split_feature=74 72 76 72 1 88 74 83 6 89 72 76 73 76 73 72 77 91 4 86 1 0 83 1 53 48 76 49 89 1
split_gain=74.9486 114.77 306.806 128.503 109.728 105.648 93.0538 118.549 89.7144 85.167 94.1877 231.221 160.402 115.957 100.771 80.348 76.603 73.6101 70.447 271.42 271.863 254.763 200.875 279.836 182.393 386.966 301.086 191.028 186.071 236.637
threshold=509.50000000000006 37.649148941040046 0 35.64580154418946 -12.849999904632567 0.25000000745058065 498.00000000000006 2.2500000000000004 -7.5499999523162833 -1.0000000180025095e-35 36.436649322509773 1 137.68579864501956 2 138.28914642333987 37.461650848388679 33.049999237060554 2.3500000238418584 18.050000190734867 16.849999427795414 16.349999427795414 16.250000000000004 16.849999427795414 14.750000000000002 1.2500000000000002 2.9500000476837163 3 1.4499999880790713 17.750000000000004 12.449999809265138
decision_type=2 2 1 2 10 10 2 10 8 8 2 1 2 1 2 2 10 8 8 10 10 2 10 8 8 10 1 10 10 10
left_child=6 3 4 5 -3 -2 16 -8 -5 -10 11 12 -11 15 -14 17 18 -12 19 22 -21 -20 24 -24 25 26 28 -27 29 -1
right_child=1 2 -4 8 -6 -7 7 -9 9 10 13 -13 14 -15 -16 -17 -18 -19 21 20 -22 -23 23 -25 -26 27 -28 -29 -30 -31
leaf_value=-0.0020174208940148398 0.00042860415125955693 0.062138842241556358 -0.0012776289086224579 0.015300408086772223 -0.01992540647196267 -0.006041077631841643 0.0029370887052027417 0.021830934357376076 -0.0064817766465297029 -0.0020063399568446996 0.0014310079266512663 0.00026584565642654351 0.021457384005214526 0.0011874696201523013 0.0074757960052005291 0.013180101782040481 0.0083076818724225256 -0.0098564622946380048 -0.0059936570839721768 0.010366016252414161 0.0018275770389450164 -0.00017823226608333905 0.020036300503995238 0.0026918512854592555 0.00056240016066336728 -0.020232737744151515 0.000972113692723926 -0.0058223489180760871 0.011858136824302779 -0.0091233220268885154
leaf_weight=274333 41281 165 39783 4121 13005 64956 15697 4212 16604 7250 7554 79931 11625 66799 9262 2058 11296 24568 79023 49030 155737 1612371 10377 89804 1639033 10475 519228 75523 8379 56520
leaf_count=274333 41281 165 39783 4121 13005 64956 15697 4212 16604 7250 7554 79931 11625 66799 9262 2058 11296 24568 79023 49030 155737 1612371 10377 89804 1639033 10475 519228 75523 8379 56520
internal_value=1.36953e-08 -0.00133302 -0.00566007 -0.000651107 -0.0188829 -0.00352712 0.000112461 0.00693432 0.000678643 0.000411609 0.000959131 0.00301096 0.0108053 -0.00123675 0.0152575 -0.00597306 8.28791e-05 -0.00720203 6.25929e-05 0.000362714 0.00387205 -0.000449933 9.49488e-05 0.00448843 -7.5419e-05 -0.0011823 -0.000541642 -0.00757761 -0.00285854 -0.00323133
internal_weight=5e+06 388962 52953 336009 13170 106237 4.61104e+06 19909 229772 225651 209047 108068 28137 100979 20887 34180 4.59113e+06 32122 4.57983e+06 2.88844e+06 204767 1.69139e+06 2.68367e+06 100181 2.58349e+06 944458 858460 85998 339232 330853
internal_count=5000000 388962 52953 336009 13170 106237 4611038 19909 229772 225651 209047 108068 28137 100979 20887 34180 4591129 32122 4579833 2888439 204767 1691394 2683672 100181 2583491 944458 858460 85998 339232 330853
cat_boundaries=0 1 2 3 4
cat_threshold=8064 32256 65280 4064
is_linear=0
shrinkage=0.1


Tree=187
num_leaves=31
num_cat=9
split_feature=91 76 72 1 89 73 74 74 23 75 80 89 22 0 72 73 80 0 75 76 76 76 75 84 9 89 24 73 76 76
split_gain=75.9886 136.552 195.234 166.593 230.215 139.98 166.624 131.01 126.17 115.51 114.347 111.735 116.311 182.881 107.673 191.094 206.296 122.183 106.511 446.095 173.576 157.191 157.648 156.636 140.126 181.879 115.287 123.187 199.528 185.378
threshold=1.1500000357627871 0 38.049150466918952 -10.15000009536743 -6.9500000476837149 135.635856628418 396.50000000000006 349.50000000000006 1.0000000180025095e-35 1 16.550000190734867 -0.15000000223517415 29.44999980926514 34.049999237060554 43.387498855590827 142.07500457763675 -4.5499999523162833 -12.849999904632567 2 3 4 5 6 1.0000000180025095e-35 8.6500000953674334 12.650000095367433 1.0000000180025095e-35 135.49915313720706 7 8
decision_type=10 1 2 8 10 2 2 2 8 1 10 8 8 2 2 2 8 2 1 1 1 1 1 10 8 8 2 2 1 1
left_child=-1 2 5 4 -4 6 -2 9 14 -5 -11 -10 13 18 15 17 -17 -3 19 26 -21 22 -20 -24 25 -23 27 29 -29 -13
right_child=1 8 3 7 -6 -7 -8 -9 11 10 -12 12 -14 -15 -16 16 -18 -19 21 20 -22 24 23 -25 -26 -27 -28 28 -30 -31
leaf_value=0.00035048767740293558 -0.0019128931856227745 0.045653461858774995 0.0018462346618647652 0.0019420017920649324 0.061737259595146567 0.0021976432347006283 -0.018906174594745775 -0.018096634914720616 -0.0051260153924174053 -0.0078267385713489974 0.00012972690174187313 -0.012519963369216226 -0.0045328007474879448 0.05405814468521828 0.0061486608744371748 -0.019883030467499195 -0.0010049364856496029 0.0023788233770378267 0.0021471159603342685 0.011221535898840847 0.00099434583774992346 0.0015523291717459131 -0.0061894005372939102 0.0081684723507354732 0.00016532820526284504 0.00839420925688978 0.0029631359861123914 -0.012690432978089939 -0.0042094129575288531 0.00055982818223587782
leaf_weight=2765132 104303 656 2611 20851 851 109099 6108 7959 48082 87111 22788 13590 60605 624 52875 8213 19610 120358 45529 18414 167231 196709 89745 8301 786191 48417 17536 45131 72057 53313
leaf_count=2765132 104303 656 2611 20851 851 109099 6108 7959 48082 87111 22788 13590 60605 624 52875 8213 19610 120358 45529 18414 167231 196709 89745 8301 786191 48417 17536 45131 72057 53313
internal_value=1.25548e-08 -0.000433619 -0.00221249 -0.00509949 0.0165681 -0.000342758 -0.00285297 -0.00564028 -9.0137e-05 -0.00488204 -0.00617637 -0.000375242 -0.000234533 -6.78456e-05 0.00227237 0.000895295 -0.00657751 0.00261341 -8.9466e-05 -0.00152766 0.00200932 0.000384607 -0.00271535 -0.00497329 0.00081619 0.00290373 -0.00478423 -0.00552248 -0.00747703 -0.00209886
internal_weight=5e+06 2.23487e+06 361681 142171 3462 219510 110411 138709 1.87319e+06 130750 109899 1.67148e+06 1.62339e+06 1.56279e+06 201712 148837 27823 121014 1.56216e+06 387272 185645 1.17489e+06 143575 98046 1.03132e+06 245126 201627 184091 117188 66903
internal_count=5000000 2234868 361681 142171 3462 219510 110411 138709 1873187 130750 109899 1671475 1623393 1562788 201712 148837 27823 121014 1562164 387272 185645 1174892 143575 98046 1031317 245126 201627 184091 117188 66903
cat_boundaries=0 1 2 3 4 5 6 7 8 9
cat_threshold=1920 1536 7168 129136 262144 393216 194 114688 65600
is_linear=0
shrinkage=0.1


Tree=188
num_leaves=31
num_cat=2
split_feature=24 2 74 20 3 89 86 77 48 2 1 21 80 89 76 80 25 2 46 89 20 77 22 1 83 34 84 0 1 75
split_gain=71.1451 70.1237 69.6082 67.9512 68.0289 324.433 224.075 203.73 144.949 175.095 140.199 132.346 209.211 183.881 174.479 169.871 167.277 164.838 139.149 137.811 132.327 330.733 237.742 263.227 319.2 267.869 240.706 226.227 519.353 210.178
threshold=7.2500000000000009 27.550000190734867 935.00000000000011 35.250000000000007 21.050000190734867 21.750000000000004 20.349999427795414 22.250000000000004 1.1500000357627871 17.250000000000004 23.150000572204593 22.349999427795414 26.349999427795414 27.650000572204593 0 21.349999427795414 1.0000000180025095e-35 27.94999980926514 1.0000000180025095e-35 20.150000572204593 15.650000095367433 15.150000095367433 11.650000095367433 8.2500000000000018 11.449999809265138 1.0000000180025095e-35 1.0000000180025095e-35 11.050000190734865 11.050000190734865 1
decision_type=2 8 2 10 8 10 8 10 8 8 10 10 8 8 1 8 8 8 10 8 10 10 8 8 10 8 10 2 8 1
left_child=2 -2 3 4 5 7 10 20 9 -7 -6 15 14 -14 16 -8 -13 19 -15 -17 21 -1 -22 24 25 26 -24 -25 -29 -30
right_child=1 -3 -4 -5 6 8 11 -9 -10 -11 -12 12 13 18 -16 17 -18 -19 -20 -21 22 -23 23 27 -26 -27 -28 28 29 -31
leaf_value=9.7562363513806606e-05 0.0043075863071794368 0.029725611847752527 -0.00280045904233792 0.014914745164772425 -0.0039769298893444702 0.039703365560285586 -0.0030591198485073971 0.0083079186500463944 0.0037054756815315909 0.010089088114562867 -0.016383450979311279 -0.010469817578872736 -0.0021016250534942418 0.0010956298253372537 -0.0018961436090446145 -0.004632505945439078 0.0042980744146931347 -0.0081011731265705975 0.0097754897946024984 0.0037011782552657268 -0.014501954830136774 0.0050178663486989987 0.011104179685692937 -0.0093560810678553485 0.044870416570259627 -0.033927118082162151 -0.038985460216232275 0.015847146918172773 0.00050493682501301688 -0.0027871045976283139
leaf_weight=2500727 21530 1143 88780 3063 82752 2192 69107 29877 64503 22386 10235 48899 222651 319162 192764 21586 9097 14005 19604 245758 12957 144508 19891 32343 2290 1587 1008 18257 370999 406339
leaf_count=2500727 21530 1143 88780 3063 82752 2192 69107 29877 64503 22386 10235 48899 222651 319162 192764 21586 9097 14005 19604 245758 12957 144508 19891 32343 2290 1587 1008 18257 370999 406339
internal_value=8.78899e-09 0.00558897 -2.54504e-05 2.49461e-05 1.56108e-05 0.000235082 -0.000618856 8.51269e-05 0.00619547 0.0127303 -0.00534251 -0.00024106 -0.00094191 0.000130728 -0.0033434 0.00138315 -0.00815198 0.00247429 0.00159792 0.0030283 1.51528e-05 0.000366356 -0.00105802 -0.000853741 0.00930283 0.00568058 0.00868826 -0.00115768 -0.000824389 -0.00121595
internal_weight=5e+06 22673 4.97733e+06 4.88855e+06 4.88548e+06 3.62986e+06 1.25562e+06 3.54078e+06 89081 24578 92987 1.16263e+06 812177 561417 250760 350456 57996 281349 338766 267344 3.51091e+06 2.64524e+06 865671 852714 24776 22486 20899 827938 795595 777338
internal_count=5000000 22673 4977327 4888547 4885484 3629864 1255620 3540783 89081 24578 92987 1162633 812177 561417 250760 350456 57996 281349 338766 267344 3510906 2645235 865671 852714 24776 22486 20899 827938 795595 777338
cat_boundaries=0 1 2
cat_threshold=24320 962
is_linear=0
shrinkage=0.1


Tree=189
num_leaves=31
num_cat=12
split_feature=74 72 76 73 76 75 1 8 72 82 76 86 76 48 75 76 2 73 73 76 75 84 28 76 75 1 76 2 72 24
split_gain=70.1189 148.924 287.833 171.231 124.986 331.909 141.136 191.65 123.044 113.783 144.537 114.456 110.347 145.125 118.891 156.259 111.682 108.467 105.203 331.789 363.711 339.536 205.445 198.814 364.471 181.677 168.699 200.779 213.07 188.607
threshold=199.50000000000003 35.170000076293952 0 131.31250000000003 1 2 14.34999990463257 10.650000095367433 36.436649322509773 1.5500000119209292 3 17.94999980926514 4 0.84999999403953563 5 6 1.8499999642372134 135.43164825439456 139.97914886474612 7 8 1.0000000180025095e-35 1.0000000180025095e-35 9 10 10.250000000000002 11 -5.3500001430511466 42.843351364135749 1.0000000180025095e-35
decision_type=2 2 1 2 1 1 10 10 2 10 1 8 1 10 1 1 8 2 2 1 1 10 10 1 1 8 1 8 2 2
left_child=18 2 -2 -4 5 6 -3 -8 -7 12 -11 -12 13 14 15 17 -16 -5 -1 20 21 22 25 24 -22 -20 27 28 -21 -29
right_child=1 4 3 9 -6 8 7 -9 -10 10 11 -13 -14 -15 16 -17 -18 -19 19 26 23 -23 -24 -25 -26 -27 -28 29 -30 -31
leaf_value=0.00068168282121476792 -0.0091035160307199933 -0.0054075358100175962 0.0022382091915981203 -0.03540044194005082 0.00073947442472230545 0.0045288554796444605 -0.032700681716892777 -0.0067287309878899379 -0.0012975391660713627 0.0010456935963763245 -0.018293999671282712 -0.0063834873226044364 -0.0027279545889816355 -0.0016190164765108933 0.05735673912884668 0.0096901172422652615 0.013835565195947057 0.01748601802254433 0.018159753115951638 0.025955946573649066 0.020697873440092513 -0.010499832066045406 -0.011336936675227866 -0.0041543537108539551 -0.0021955029601432438 0.0078615365742153078 -0.00034166371417464864 -0.0044008496709710574 0.00066872822206081998 0.0045219160486400642
leaf_weight=2131053 52544 68296 104216 1639 717478 55742 4778 7009 103633 17076 11637 26309 159164 28513 625 4726 10420 508 24702 4611 10579 9048 4332 62284 20259 55891 996526 268405 12014 25983
leaf_count=2131053 52544 68296 104216 1639 717478 55742 4778 7009 103633 17076 11637 26309 159164 28513 625 4726 10420 508 24702 4611 10579 9048 4332 62284 20259 55891 996526 268405 12014 25983
internal_value=7.07242e-09 -0.000608247 -0.00218447 -0.00118769 7.92373e-05 -0.00189896 -0.00715067 -0.0172568 0.000740218 -0.00255769 -0.0065967 -0.0100335 -0.00147676 0.00281229 0.00986542 -0.000471601 0.0162835 -0.0227809 0.000230565 -0.00041264 0.00352602 0.00791481 0.00987765 -0.000903258 0.00566225 0.011018 -0.000976239 -0.00300942 0.00768222 -0.00361332
internal_weight=5e+06 1.37431e+06 417377 364833 956936 239458 80083 11787 159375 260617 55022 37946 205595 46431 17918 6873 11045 2147 3.62569e+06 1.49463e+06 187095 93973 84925 93122 30838 80593 1.30754e+06 311013 16625 294388
internal_count=5000000 1374313 417377 364833 956936 239458 80083 11787 159375 260617 55022 37946 205595 46431 17918 6873 11045 2147 3625687 1494634 187095 93973 84925 93122 30838 80593 1307539 311013 16625 294388
cat_boundaries=0 1 2 3 4 5 6 7 8 9 10 11 12
cat_threshold=224 115584 7170 122880 100096 6150 256 112 1008 64 1032 115456
is_linear=0
shrinkage=0.1


Tree=190
num_leaves=31
num_cat=2
split_feature=5 83 89 1 74 77 1 0 83 89 20 76 73 73 72 72 86 2 15 7 69 75 13 86 48 3 82 11 50 73
split_gain=68.0284 225.515 201.308 197.33 191.069 169.469 167.651 114.458 121.67 120.336 112.48 157.201 166.661 172.331 153.413 230.066 214.821 212.456 217.49 151.277 169.354 146.922 123.717 113.779 110.332 124.619 136.607 139.924 161.461 112.584
threshold=-2.4500000476837154 -1.7499999999999998 -3.0499999523162837 -4.3500001430511466 96.000000000000014 -2.2499999999999996 -5.3500001430511466 1.8499999642372134 2.2500000000000004 4.6499998569488534 -6.6499998569488517 0 143.31164550781253 143.93750000000003 43.704198837280281 43.44585037231446 -13.749999999999998 -12.849999904632567 -4.3500001430511466 -13.15000009536743 0.35000000894069677 1 -4.3500001430511466 -1.6500000357627866 0.45000000298023229 -13.050000190734862 0.75000000000000011 -10.349999904632567 0.15000000223517421 142.4049987792969
decision_type=8 8 10 10 2 10 8 2 10 10 8 1 2 2 2 2 8 10 10 10 8 1 10 10 8 10 10 10 10 2
left_child=2 -2 5 4 -4 10 -7 8 -5 -9 11 -1 21 14 15 16 22 18 19 20 -17 -13 -14 -12 25 26 27 28 -23 -29
right_child=1 -3 3 7 -6 6 -8 9 -10 -11 23 12 13 -15 -16 17 -18 -19 -20 -21 -22 24 -24 -25 -26 -27 -28 29 -30 -31
leaf_value=-0.010285801986008751 -0.004889720164095091 6.0311407959380793e-06 0.034789767274770872 0.0049416212801530138 0.0091770959521064541 0.039907285473767151 0.0059283030361959631 -0.012860400368113712 0.02994910086759069 0.0045619365168528521 -0.0033473795380723711 0.011505729835701382 -0.11725236458277524 0.0045291572877794633 -0.0019992019133622707 -0.10413601401333626 -0.0069249027697672579 -0.031712109025983266 -0.019756572444849456 -0.1365493852052499 -0.41878966705221682 -0.28230237071631387 -0.0052300592576121465 0.008368906378620795 0.0038077717655359737 -0.005079235685201678 0.015460428994681155 -0.090905975879800024 -0.075071415609242964 0.007460593676605811
leaf_weight=8777 96054 4598069 4103 42023 10039 1563 20458 7625 2040 8258 127276 29092 308 10338 4334 26 2673 398 101 143 50 61 145 8866 13857 2518 238 255 98 214
leaf_count=8777 96054 4598069 4103 42023 10039 1563 20458 7625 2040 8258 127276 29092 308 10338 4334 26 2673 398 101 143 50 61 145 8866 13857 2518 238 255 98 214
internal_value=9.09641e-09 -9.41487e-05 0.001445 0.00598263 0.0166081 -5.39308e-06 0.00834005 0.00347596 0.0060994 -0.00380206 -0.00088148 0.00226735 0.00396733 -0.00405135 -0.0148982 -0.0294414 -0.0177167 -0.080488 -0.141153 -0.19714 -0.311145 0.00717269 -0.0813953 -0.00258438 -0.000145356 -0.0163333 -0.0490558 -0.0735062 -0.154575 -0.0460223
internal_weight=5e+06 4.69412e+06 305877 74088 14142 231789 22021 59946 44063 15883 209768 73626 64849 18516 8178 3844 3126 718 320 219 76 46333 453 136142 17241 3384 866 628 159 469
internal_count=5000000 4694123 305877 74088 14142 231789 22021 59946 44063 15883 209768 73626 64849 18516 8178 3844 3126 718 320 219 76 46333 453 136142 17241 3384 866 628 159 469
cat_boundaries=0 1 2
cat_threshold=73472 6146
is_linear=0
shrinkage=0.1


Tree=191
num_leaves=31
num_cat=3
split_feature=0 1 77 83 87 89 80 13 88 73 25 10 3 49 74 3 1 76 76 80 67 86 74 83 74 74 72 63 76 14
split_gain=73.6544 425.492 442.241 338.267 278.122 261.502 305.5 299.573 248.078 234.815 225.409 224.903 218.915 214.467 255.49 204.719 302.223 261.918 228.174 194.107 163.746 159.767 177.909 155.865 154.898 258.522 154.305 150.357 143.817 157.529
threshold=-12.849999904632567 -12.849999904632567 -13.15000009536743 -13.249999999999998 1.0000000180025095e-35 -13.15000009536743 -13.749999999999998 -3.5499999523162837 0.94999998807907116 140.9674987792969 1.0000000180025095e-35 -10.349999904632567 -13.050000190734862 0.15000000223517421 273.50000000000006 -13.050000190734862 -10.15000009536743 0 1 -10.949999809265135 3.7500000000000004 -2.5499999523162837 208.50000000000003 -7.8500001430511466 253.50000000000003 159.50000000000003 44.929149627685554 1.1500000357627871 2 -7.5499999523162833
decision_type=2 8 10 10 8 10 10 8 10 2 10 8 8 10 2 8 8 1 1 10 10 8 2 10 2 2 2 10 1 10
left_child=1 2 3 4 5 6 7 10 26 -4 13 -11 -3 20 21 18 17 23 -2 -19 28 24 -23 -17 25 -15 -5 -26 29 -1
right_child=15 12 9 8 -6 -7 -8 -9 -10 11 -12 -13 -14 14 -16 16 -18 19 -20 -21 -22 22 -24 -25 27 -27 -28 -29 -30 -31
leaf_value=-0.1412601435365709 0.0093629547036578036 0.13218423975731522 -0.042589577124391494 0.055008724915919585 0.095292473049859883 0.010783996264388964 0.018995953052898029 0.028523293398925967 -0.0077999372461534352 0.082136062979809646 0.25830376251041892 0.022994165321985369 0.031671391252948503 -0.044147386479309804 0.013665682736911853 -0.00070945198798198338 -4.213184458907699e-06 -0.030628244571048097 0.059718100696227683 -0.0047500554303556335 -0.19329790547168976 -0.053595933518024601 -0.14167174242411104 0.050573892205697329 -0.035384279505482744 0.026432476839523114 -0.14649183238163974 -0.33291084790094333 -0.017630084138428922 -0.047326118659660008
leaf_weight=370 5744 233 372 1488 219 2371 1240 677 1459 940 25 2035 3095 2141 934 2898 4956614 7617 1060 4679 116 1111 289 745 35 685 39 33 391 345
leaf_count=370 5744 233 372 1488 219 2371 1240 677 1459 940 25 2035 3095 2141 934 2898 4956614 7617 1060 4679 116 1111 289 745 35 685 39 33 391 345
internal_value=8.43058e-09 0.00596094 -0.000333244 -0.00815634 -0.0162709 -0.018541 -0.0268262 -0.0347708 0.0216878 0.0323148 -0.0413885 0.041681 0.0387085 -0.0425501 -0.0337342 -2.47039e-05 -4.84223e-05 -0.0137963 0.0173093 -0.0207639 -0.0802668 -0.0440443 -0.0717773 0.00975132 -0.0306281 -0.0270394 0.0498623 -0.179772 -0.0684118 -0.0946121
internal_weight=5e+06 20643 17315 13968 10982 10763 8392 7152 2986 3347 6475 2975 3328 6450 5228 4.97936e+06 4.97255e+06 15939 6804 12296 1222 4294 1400 3643 2894 2826 1527 68 1106 715
internal_count=5000000 20643 17315 13968 10982 10763 8392 7152 2986 3347 6475 2975 3328 6450 5228 4979357 4972553 15939 6804 12296 1222 4294 1400 3643 2894 2826 1527 68 1106 715
cat_boundaries=0 1 2 3
cat_threshold=896 49056 4194782
is_linear=0
shrinkage=0.1


Tree=192
num_leaves=31
num_cat=5
split_feature=69 48 76 50 76 76 88 74 72 72 76 72 76 89 0 83 77 1 73 14 86 74 52 60 77 3 12 77 80 48
split_gain=67.742 84.1151 306.074 202.529 127.153 82.4295 72.3859 129.12 108.175 128.458 127.056 123.361 156.462 95.4452 172.814 240.654 216.448 173.304 171.031 180.243 166.819 240.472 179.615 143.11 127.863 172.998 214.441 173.452 158.91 157.228
threshold=8.4499998092651385 7.4500000476837167 0 3.7500000000000004 1 2 1.4499999880790713 316.00000000000006 37.649148941040046 35.662500381469734 3 35.906650543212898 4 0.84999999403953563 -12.849999904632567 -13.249999999999998 -13.15000009536743 -12.849999904632567 144.04920196533206 -10.249999999999998 -3.1499999761581416 55.500000000000007 1.0000000180025095e-35 3.8500000238418584 -5.2499999999999991 3.2500000000000004 -2.2499999999999996 4.4500000476837167 3.0499999523162846 1.9499999880790713
decision_type=10 10 1 10 1 1 10 2 2 2 1 2 1 8 2 10 10 10 2 10 8 2 8 10 8 8 8 8 10 8
left_child=1 6 -3 -4 -5 -2 13 -8 9 -9 -10 12 -11 14 15 16 17 18 20 -20 22 -22 -1 -24 -15 28 29 -28 -26 -27
right_child=5 2 3 4 -6 -7 7 8 10 11 -12 -13 -14 24 -16 -17 -18 -19 19 -21 21 -23 23 -25 25 26 27 -29 -30 -31
leaf_value=-0.072861702193324343 0.0083132325442028428 0.011531297545612485 -0.023968635809441342 -0.0088155460455158971 -0.00080157274769898233 0.00099234073336035506 -0.00016742127365337867 -0.0045786621999499063 -0.013489051690485119 0.028613431290561892 -0.0031712702302497016 -0.00028641289319641852 0.0020640311677732246 -0.0069768870383980809 -0.0019102199534304157 0.04105850840925622 0.0437158007359226 0.042967105139605964 -0.042668145847961358 0.048027953040872901 0.018215415296489717 -0.064241755869821379 0.013951508026499524 -0.059640417758050381 0.0017080433905249746 -0.017262357056909646 -0.0042633791509906552 0.00050088689711117363 0.0075857992440739336 0.0010035551127278042
leaf_weight=328 20711 12904 5261 31320 53813 59704 1519357 76699 18029 3461 35334 88115 6177 22782 273926 2159 1132 713 293 869 486 1299 2333 298 259787 12033 78987 2348051 55893 7746
leaf_count=328 20711 12904 5261 31320 53813 59704 1519357 76699 18029 3461 35334 88115 6177 22782 273926 2159 1132 713 293 869 486 1299 2333 298 259787 12033 78987 2348051 55893 7746
internal_value=1.78778e-08 -4.70417e-05 -0.00287051 -0.00492714 -0.003751 0.002879 1.3515e-05 -0.000500303 -0.00272038 -0.00151519 -0.00666031 0.000888465 0.0116297 0.000306019 -0.00144089 0.011532 0.00330749 -0.00360325 -0.00922544 0.0251588 -0.0176475 -0.0417912 -0.00308301 0.00561612 0.00048404 0.000545569 0.000261324 0.000345836 0.00274873 -0.0101089
internal_weight=5e+06 4.91958e+06 103298 90394 85133 80415 4.81629e+06 1.74717e+06 227815 174452 53363 97753 9638 3.06912e+06 283836 9910 7751 6619 5906 1162 4744 1785 2959 2631 2.78528e+06 2.7625e+06 2.44682e+06 2.42704e+06 315680 19779
internal_count=5000000 4919585 103298 90394 85133 80415 4816287 1747172 227815 174452 53363 97753 9638 3069115 283836 9910 7751 6619 5906 1162 4744 1785 2959 2631 2785279 2762497 2446817 2427038 315680 19779
cat_boundaries=0 1 2 3 4 5
cat_threshold=917504 29632 4128800 16256 277696
is_linear=0
shrinkage=0.1


Tree=193
num_leaves=31
num_cat=1
split_feature=51 48 86 64 3 56 77 76 6 83 80 1 74 1 86 1 86 54 0 89 1 24 58 48 2 1 80 12 3 86
split_gain=68.4905 226.621 130.571 154.477 108.883 134.734 114.14 106.279 104.593 218.857 175.942 277.2 176.012 172.857 166.801 141.559 128.39 126.916 125.432 205.08 173.011 169.282 167.867 158.106 154.373 175.801 187.901 152.324 140.901 133.951
threshold=0.35000000894069677 1.0500000119209292 -13.749999999999998 3.7500000000000004 -13.050000190734862 2.3500000238418584 -13.15000009536743 0 1.8499999642372134 2.0499999523162846 -0.94999998807907093 -1.4499999880790708 553.50000000000011 -2.7499999999999996 -0.84999999403953541 -1.2499999999999998 4.6499998569488534 1.6500000357627871 -12.849999904632567 -13.15000009536743 -12.849999904632567 1.0000000180025095e-35 2.3500000238418584 1.3499999642372134 -12.849999904632567 -10.15000009536743 -10.949999809265135 -13.15000009536743 -10.249999999999998 -13.749999999999998
decision_type=8 10 8 10 10 8 10 1 10 8 10 8 2 10 10 8 10 8 2 10 8 2 8 10 10 8 10 10 8 10
left_child=1 2 3 4 5 6 -1 -4 10 -10 14 12 13 -12 18 16 -16 -13 19 20 21 22 27 -24 -20 26 -26 29 -22 -2
right_child=8 -3 7 -5 -6 -7 -8 -9 9 -11 11 17 -14 -15 15 -17 -18 -19 24 -21 28 -23 23 -25 25 -27 -28 -29 -30 -31
leaf_value=-0.034504573966579237 -0.047434965390214023 -0.0049202301546346465 0.0074579834695579772 -0.11903690486617478 0.024384916414461309 -0.15045008681233177 0.056353258487143669 -0.00015371894647410548 -0.0039190714068310225 6.5646930515090668e-05 0.036432521397546949 5.4959779394124313e-05 -4.5153495712967161e-05 0.013266485092729846 0.010004608743769993 0.0018963726751628333 0.068520757978652855 0.0053193737831410863 0.018072606852789427 0.026192017978511697 0.059526352811546605 0.15508710867301986 -0.046209334294212735 -0.00019090135130650371 -0.022394160441845081 -0.00097834010064910327 0.0019478657349495502 0.010822810470325054 0.0014152057610232714 0.034670454963457352
leaf_weight=1107 900 119001 19396 162 469 89 158 335048 143174 3697471 4551 100872 6064 11021 20333 88088 382 83872 4109 4424 833 66 1628 1379 7983 335845 5261 5223 836 255
leaf_count=1107 900 119001 19396 162 469 89 158 335048 143174 3697471 4551 100872 6064 11021 20333 88088 382 83872 4109 4424 833 66 1628 1379 7983 335845 5261 5223 836 255
internal_value=2.11377e-08 -0.00114174 0.000119784 -0.025456 -0.01714 -0.0315235 -0.0231563 0.000263017 0.000119994 -8.28979e-05 0.00125936 0.00369915 0.0144084 0.0200369 0.000204952 0.00364555 0.0110837 0.00244495 -0.000810248 0.00798139 0.000736448 -0.00450527 -0.0056276 -0.0251054 -0.00119716 -0.00142398 -0.0127246 0.00355551 0.0304186 -0.0293078
internal_weight=5e+06 475430 356429 1985 1823 1354 1265 354444 4.52457e+06 3.84064e+06 683925 206380 21636 15572 477545 108803 20715 184744 368742 15544 11120 9451 9385 3007 353198 349089 13244 6378 1669 1155
internal_count=5000000 475430 356429 1985 1823 1354 1265 354444 4524570 3840645 683925 206380 21636 15572 477545 108803 20715 184744 368742 15544 11120 9451 9385 3007 353198 349089 13244 6378 1669 1155
cat_boundaries=0 1
cat_threshold=1032192
is_linear=0
shrinkage=0.1


Tree=194
num_leaves=31
num_cat=4
split_feature=91 48 76 2 78 19 1 52 74 72 76 72 76 76 72 1 81 72 72 77 74 48 56 72 0 74 83 73 73 72
split_gain=68.6949 112.988 116.938 89.6197 95.1926 94.1975 102.118 81.5465 79.8652 107.42 249.764 125.708 141.571 132.774 226.555 110.793 113.971 104.513 91.18 80.6283 221.435 127.957 185.017 173.272 150.317 189.191 233.831 217.129 169.526 167.158
threshold=0.65000000596046459 1.8499999642372134 0 12.650000095367433 1.0000000180025095e-35 9.6500000953674334 5.0499999523162851 2.9500000476837163 408.50000000000006 37.649148941040046 1 35.64580154418946 2 3 36.436649322509773 26.750000000000004 2.7500000000000004 40.00164985656739 33.750799179077156 -10.550000190734862 326.00000000000006 2.2500000000000004 3.2500000000000004 44.147500991821296 -12.849999904632567 159.50000000000003 -13.249999999999998 141.04750061035159 142.07500457763675 43.281700134277351
decision_type=8 8 1 8 10 10 10 10 2 2 1 2 1 1 2 10 10 2 2 8 2 10 10 2 2 2 8 2 2 2
left_child=1 7 3 4 5 -3 -7 -1 19 11 -11 12 18 14 -13 -15 -17 -12 -10 20 21 22 23 24 25 26 28 -27 -2 -29
right_child=8 2 -4 -5 -6 6 -8 -9 9 10 17 13 -14 15 -16 16 -18 -19 -20 -21 -22 -23 -24 -25 -26 27 -28 29 -30 -31
leaf_value=0.00057455894592361415 0.059623961220327905 0.010316277059875187 0.0018287223622759569 0.0031793687179529533 -0.0068879167211758465 0.051997301110611051 0.019268399040123438 -0.0047650779867500544 9.0535523013109993e-05 -0.01344887427952517 -0.0061194674330741208 0.011913267775344225 -0.0010787692498676329 3.6724511288143276e-05 -0.00178037084587761 -0.010466176516375146 -0.13038870235206559 0.0020351325082679796 -0.010749503416675825 4.4869649895674711e-05 -0.082770226410031331 0.0099459783797254675 -0.041788036079110934 -0.032873205662798478 -0.013867441370913079 -0.15727049378412111 0.01502261908164286 0.091876766757115702 -0.059279398953932562 0.024144524429193879
leaf_weight=451143 139 10503 112328 16760 2067 1217 4400 30537 10397 23010 26727 25286 106171 213812 23137 8439 80 38152 30589 3847719 375 4255 1608 1923 4233 56 2227 501 873 1336
leaf_count=451143 139 10503 112328 16760 2067 1217 4400 30537 10397 23010 26727 25286 106171 213812 23137 8439 80 38152 30589 3847719 375 4255 1608 1923 4233 56 2227 501 873 1336
internal_value=2.04857e-08 0.000977168 0.0034011 0.00845217 0.0133159 0.0159065 0.0263596 0.000236043 -0.000140582 -0.00132222 -0.00450004 -0.000653911 -0.00300645 0.000624713 0.0053692 -0.000408845 -0.0115923 -0.00132396 -0.00799774 1.40452e-05 -0.00675325 -0.00509117 -0.0100526 -0.00553186 8.23818e-05 0.0115885 -0.00308978 0.0367037 -0.0429478 0.042617
internal_weight=5e+06 628955 147275 34947 18187 16120 5617 481680 4.37104e+06 505800 87889 417911 147157 270754 48423 222331 8519 64879 40986 3.86524e+06 17526 17151 12896 11288 9365 5132 3239 1893 1012 1837
internal_count=5000000 628955 147275 34947 18187 16120 5617 481680 4371045 505800 87889 417911 147157 270754 48423 222331 8519 64879 40986 3865245 17526 17151 12896 11288 9365 5132 3239 1893 1012 1837
cat_boundaries=0 1 2 3 4
cat_threshold=459648 8064 32256 531456
is_linear=0
shrinkage=0.1


Tree=195
num_leaves=31
num_cat=4
split_feature=5 0 76 47 61 80 2 77 89 87 0 75 3 50 86 69 49 0 58 77 4 76 4 0 76 51 48 83 86 77
split_gain=71.91 140.481 256.682 134.72 124.082 106.889 104.405 170.49 132.939 134.975 121.546 100.609 129.273 267.908 117.409 177.124 105.121 100.501 92.7546 84.9837 152.003 154.745 126.726 280.453 213.855 147.636 228.622 188.321 131.966 131.246
threshold=-7.5499999523162833 -8.6500000953674299 0 1.0000000180025095e-35 2.1499999761581425 -9.3499999046325666 -10.249999999999998 -6.4500000476837149 -6.1499998569488517 2.2500000000000004 -7.5499999523162833 1 -13.050000190734862 1.2500000000000002 -13.749999999999998 3.3500000238418584 0.45000000298023229 -12.849999904632567 2.7500000000000004 -0.65000000596046437 -0.45000000298023218 2 3.8500000238418584 3.0499999523162846 3 1.3499999642372134 2.4500000476837163 2.4500000476837163 2.6499999761581425 5.8500001430511483
decision_type=8 2 1 8 10 10 10 10 10 8 2 1 8 10 8 8 10 2 10 8 10 1 8 2 1 8 10 10 10 8
left_child=3 2 -2 4 6 -4 7 8 9 -1 -9 12 13 14 15 18 -17 -13 -6 20 21 -3 25 24 -24 26 -21 28 -27 -25
right_child=1 19 5 -5 11 -7 -8 10 -10 -11 -12 17 -14 -15 -16 16 -18 -19 -20 22 -22 -23 23 29 -26 27 -28 -29 -30 -31
leaf_value=0.0066296249085084817 0.02564335321340383 -0.0063030912929006606 -0.01858776171424658 -0.010410393219893652 -0.029579584932629389 -0.0011424736957356904 0.0030713063235276654 0.075979360570507956 0.037975874944776104 0.092487791193699528 0.020015362232915265 0.034526138619831385 -0.00050100757032699248 0.0068315739109603328 -0.025923421791933299 -0.24825143544357037 -0.087562389658497913 0.0035009148936378217 -0.11530450937197063 0.00070135870061677858 -0.006245341440168359 0.0012303963798019648 0.0093344291094970017 -0.0028452739319405739 -0.0069133360484994371 0.00063427002343779146 -0.0074807529264754417 0.0068224028586170065 0.0068055694892826231 0.00010618796437326913
leaf_weight=17840 1918 34499 10935 6926 537 5174 26581 680 1556 185 904 1262 15547 2083 1624 79 84 6047 165 304276 59608 129905 8905 157067 88966 258082 38467 84043 40024 3696031
leaf_count=17840 1918 34499 10935 6926 537 5174 26581 680 1556 185 904 1262 15547 2083 1624 79 84 6047 165 304276 59608 129905 8905 157067 88966 258082 38467 84043 40024 3696031
internal_value=1.58973e-08 -4.89836e-05 -0.00886048 0.00293515 0.00416471 -0.0129765 0.00724399 0.0124844 0.00993173 0.00751083 0.0440403 -0.00119561 -0.00484551 -0.0196295 -0.0417743 -0.0715336 -0.165442 0.00884575 -0.0497286 -1.65654e-05 -0.00191927 -0.000350761 7.45895e-05 -0.000148401 -0.00543475 0.00128998 -0.000216942 0.00264152 0.00146283 -1.41249e-05
internal_weight=5e+06 4.9179e+06 18027 82100 75174 16109 47746 21165 19581 18025 1584 27428 20119 4572 2489 865 163 7309 702 4.89987e+06 224012 164404 4.67586e+06 3.95097e+06 97871 724892 342743 382149 298106 3.8531e+06
internal_count=5000000 4917900 18027 82100 75174 16109 47746 21165 19581 18025 1584 27428 20119 4572 2489 865 163 7309 702 4899873 224012 164404 4675861 3950969 97871 724892 342743 382149 298106 3853098
cat_boundaries=0 1 2 3 4
cat_threshold=1984 6 3968 8672
is_linear=0
shrinkage=0.1


Tree=196
num_leaves=31
num_cat=6
split_feature=85 23 83 76 83 76 1 74 7 1 76 83 1 1 76 54 83 1 83 1 76 1 83 23 1 83 21 76 1 1
split_gain=67.4737 108.57 332.396 143.213 139.77 215.427 142.223 134.915 128.068 121.999 208.387 137.34 374.852 297.149 169.271 147.639 128.564 202.769 192.988 154.803 138.99 128.698 148.994 162.578 124.649 109.294 106.216 105.736 144.879 102.716
threshold=1.2500000000000002 4.2500000000000009 4.2500000000000009 0 -4.5499999523162833 1 -4.8500001430511466 162.00000000000003 -3.8500000238418575 2.6499999761581425 2 13.449999809265138 13.650000095367433 13.050000190734865 3 1.4499999880790713 16.250000000000004 18.050000190734867 19.550000190734867 16.750000000000004 4 20.44999980926514 22.44999980926514 22.750000000000004 23.650000572204593 -1.9499999880790708 13.84999990463257 5 10.650000095367433 20.250000000000004
decision_type=10 10 8 1 8 1 8 2 10 8 1 10 8 10 1 8 8 8 10 8 1 8 10 10 10 10 8 1 10 10
left_child=-1 4 3 -3 5 -2 7 25 -7 10 -4 13 27 14 -11 -16 19 26 29 20 -14 -20 24 -24 -23 -6 -18 28 -13 -19
right_child=1 2 9 -5 6 8 -8 -9 -10 11 -12 12 16 -15 15 -17 17 18 21 -21 -22 22 23 -25 -26 -27 -28 -29 -30 -31
leaf_value=0.00030916737002953344 -0.021664817748126189 -0.019609364133313972 0.036570416894188155 -0.0056379773597545852 0.014305793400040543 0.0013663131993038853 0.0013337905631386321 0.001821832373435644 -0.0085664376972893596 0.0014234261269329099 0.0015773243609527093 0.036215302975440865 -0.0088664807542064971 -0.0088125244158946646 -0.0057989167615000951 -0.00062754665732275817 0.0088068520542956032 -0.0028243322691870118 0.0037742110435708305 -0.0097793943184999402 0.00045009944271531078 -0.0024304409738091196 0.0039237065529060967 -0.00065345594241584897 -0.012161037241967014 0.043371759659719795 0.0020825357145040349 0.0051614003288138494 0.010429108522981598 -0.010111508968376768
leaf_weight=2927019 5752 8150 2373 73213 6017 45433 350785 7713 18173 161742 5970 2600 20174 56443 95614 130631 29958 78142 79784 29149 77488 104844 97884 374508 15055 1648 108812 45768 13452 25706
leaf_count=2927019 5752 8150 2373 73213 6017 45433 350785 7713 18173 161742 5970 2600 20174 56443 95614 130631 29958 78142 79784 29149 77488 104844 97884 374508 15055 1648 108812 45768 13452 25706
internal_value=1.89051e-08 -0.000436494 -0.000809723 -0.00704057 0.000966762 -0.00314938 0.00174644 0.0111592 -0.00147136 -0.000483934 0.0115761 -0.000548942 4.89165e-05 -0.00203316 -0.00104692 -0.00281291 -0.000400152 1.35333e-05 -0.00061612 -0.00338408 -0.00147528 3.8146e-06 -0.000504073 0.000294975 -0.00365225 0.0205551 0.0035342 0.00761454 0.0145967 -0.00462816
internal_weight=5e+06 2.07298e+06 1.63746e+06 81363 435521 69358 366163 15378 63606 1.5561e+06 8343 1.54775e+06 1.10332e+06 444430 387987 226245 1.0415e+06 914693 775923 126811 97662 672075 592291 472392 119899 7665 138770 61820 16052 103848
internal_count=5000000 2072981 1637460 81363 435521 69358 366163 15378 63606 1556097 8343 1547754 1103324 444430 387987 226245 1041504 914693 775923 126811 97662 672075 592291 472392 119899 7665 138770 61820 16052 103848
cat_boundaries=0 1 2 3 4 5 6
cat_threshold=1536 7168 448 16760832 2016 917984
is_linear=0
shrinkage=0.1


Tree=197
num_leaves=31
num_cat=4
split_feature=72 73 91 76 48 74 15 89 83 76 2 86 22 2 21 21 83 77 76 80 2 77 83 20 80 80 1 8 75 21
split_gain=66.9979 132.585 83.6813 199.402 192.38 125.827 115.608 150.4 99.8992 147.785 98.6199 174.436 173.459 138.902 132.273 131.724 151.092 127.037 111.758 108.678 178.215 227.644 220.614 176.729 176.37 154.523 148.754 145.024 140.751 138.533
threshold=27.989149093627933 131.188346862793 2.9500000476837163 0 1.4499999880790713 189.00000000000003 0.45000000298023229 2.0499999523162846 29.250000000000004 1 25.650000572204593 24.250000000000004 17.349999427795414 21.650000572204593 27.849999427795414 28.050000190734867 28.44999980926514 25.150000572204593 2 23.750000000000004 20.050000190734867 19.550000190734867 19.94999980926514 22.550000190734867 18.94999980926514 19.349999427795414 16.750000000000004 22.849999427795414 3 24.150000572204593
decision_type=2 2 10 1 8 2 8 10 10 1 10 10 8 8 8 10 8 8 1 10 10 8 10 8 8 10 10 10 1 10
left_child=1 -1 8 -4 5 -5 -6 -8 10 -10 11 19 -12 14 -13 17 -17 -14 -15 20 22 -22 25 24 -23 27 29 -2 -25 -24
right_child=2 -3 3 4 6 -7 7 -9 9 -11 12 13 15 18 -16 16 -18 -19 -20 -21 21 23 26 28 -26 -27 -28 -29 -30 -31
leaf_value=0.0011555352199691441 0.00013419326131058085 0.011620940754082151 0.0025074264331259467 0.0041372589427396923 0.0011224260740025174 -0.0029848318368343278 -0.0098823513885890994 -0.0025989798751538309 -0.011633440136314536 0.0050012785687773547 -0.02567253016620058 0.0083226828772127847 -0.0060284867871827196 0.0058781480310656159 0.03232341954762781 -0.011887254560174337 -0.001882908782953506 0.00064533275035283508 -0.00032943952389791848 0.0034498358900539199 -0.0082231561496450729 -0.008053673709666781 0.014819739471787347 -0.0019069825027050375 0.0011416746305446355 0.0050042021695590432 0.0040703092727313855 -0.0045872406321743834 -0.0082317041380381983 0.062541758136460832
leaf_weight=122575 2688477 13432 135387 81756 76640 35611 30280 445266 5775 69702 2985 14287 33329 53464 2736 23165 43339 197757 63380 92319 48438 22521 5769 151277 282605 63637 80892 66670 45849 680
leaf_count=122575 2688477 13432 135387 81756 76640 35611 30280 445266 5775 69702 2985 14287 33329 53464 2736 23165 43339 197757 63380 92319 48438 22521 5769 151277 282605 63637 80892 66670 45849 680
internal_value=1.48955e-08 0.00218909 -6.11962e-05 -0.000992622 -0.00170036 0.0019763 -0.00248187 -0.00306274 0.000123512 0.00372762 5.52252e-05 0.000197367 -0.00168646 0.00374094 0.0121802 -0.00144587 -0.00536767 -0.000317217 0.00251142 6.37098e-05 -2.67214e-05 -0.00167616 0.000285836 -0.00104476 0.000462977 0.000132467 0.00523556 1.99424e-05 -0.00337855 0.0198517
internal_weight=5e+06 136007 4.86399e+06 804940 669553 117367 552186 475546 4.05905e+06 75477 3.98358e+06 3.683e+06 300575 133867 17023 297590 66504 231086 116844 3.54913e+06 3.45682e+06 550690 2.90612e+06 502252 305126 2.81878e+06 87341 2.75515e+06 197126 6449
internal_count=5000000 136007 4863993 804940 669553 117367 552186 475546 4059053 75477 3983576 3683001 300575 133867 17023 297590 66504 231086 116844 3549134 3456815 550690 2906125 502252 305126 2818784 87341 2755147 197126 6449
cat_boundaries=0 1 2 3 4
cat_threshold=8126464 786432 3928256 904
is_linear=0
shrinkage=0.1


Tree=198
num_leaves=31
num_cat=3
split_feature=74 91 76 52 48 86 65 5 60 15 50 4 80 1 77 86 23 1 76 0 86 2 80 2 77 21 1 48 76 80
split_gain=69.7432 100.466 78.3931 64.7581 138.165 123.664 134.008 130.524 138.193 100.64 112.332 79.0907 321.288 376.07 292.312 220.853 232.309 232.122 174.709 172.759 155.283 181.982 271.527 173.632 152.271 173.23 389.689 222.776 221.673 214.673
threshold=1099.0000000000002 0.55000001192092907 0 0.25000000745058065 0.84999999403953563 -13.749999999999998 1.4499999880790713 -12.949999809265135 3.5499999523162846 -5.3500001430511466 0.35000000894069677 8.8499999046325701 7.2500000000000009 6.0499999523162851 8.4499998092651385 7.6499998569488534 10.84999990463257 5.8500001430511483 1 8.0500001907348651 11.650000095367433 14.550000190734865 13.84999990463257 12.650000095367433 14.449999809265138 17.050000190734867 22.250000000000004 2.1499999761581425 2 20.44999980926514
decision_type=2 10 1 8 10 8 10 10 10 10 10 8 10 8 8 10 10 8 1 2 8 8 8 10 8 10 10 8 1 8
left_child=3 2 -2 4 5 6 -1 8 9 10 -8 12 15 -14 -13 16 -5 18 -17 -18 23 -22 -23 -16 -24 26 -26 28 -28 -27
right_child=1 -3 -4 11 -6 -7 7 -9 -10 -11 -12 14 13 -15 20 17 19 -19 -20 -21 21 22 24 -25 25 29 27 -29 -30 -31
leaf_value=-0.0013195035992820544 -0.0090809294517306943 -0.014148321675877748 0.0017138341571955097 0.00014316912874254748 -0.0040165027529189424 0.00038947219890396207 -0.15103607772570105 0.0043009445844122123 -0.29110505578644352 -0.0063383230704899514 -0.0022541560177855632 -0.0054682068689890636 0.016053464812183237 0.0028461453948220895 -0.00085742571245828788 0.025413982753083781 -0.0097645519139711 0.0023824730178809194 0.006122878535644645 0.0021083351627148076 0.002071879798731423 -0.0070606888560919125 -0.0054656739742037445 -0.0068016728039250254 0.0027608437047827879 -0.0028548015901222346 -0.025286221436017844 -0.00069493258721151844 0.0055962902084670998 0.00021466925097302352
leaf_weight=758 9739 8057 21701 1235075 120657 217100 200 194 33 131 68 100532 25102 152770 208742 8437 41714 78844 10617 17354 453749 55058 48915 64270 402415 271456 10691 14191 2971 1418459
leaf_count=758 9739 8057 21701 1235075 120657 217100 200 194 33 131 68 100532 25102 152770 208742 8437 41714 78844 10617 17354 453749 55058 48915 64270 402415 271456 10691 14191 2971 1418459
internal_value=1.1663e-08 -0.00418548 -0.00163235 3.33378e-05 -0.00130043 0.000199517 -0.0295976 -0.0638385 -0.0944382 -0.0781725 -0.113285 0.000131217 0.000707974 0.00471001 -0.000165514 0.000196602 -0.000149833 0.00477623 0.0146814 -0.00627633 1.51385e-05 0.000246759 -0.000125583 -0.00225677 5.04499e-05 0.000177713 0.00196909 -0.00946997 -0.0185848 -0.000278389
internal_weight=5e+06 39497 31440 4.9605e+06 339141 218484 1384 626 432 399 268 4.62136e+06 1.56991e+06 177872 3.05145e+06 1.39204e+06 1.29414e+06 97898 19054 59068 2.95092e+06 2.6779e+06 2.22416e+06 273012 2.1691e+06 2.12018e+06 430268 27853 13662 1.68992e+06
internal_count=5000000 39497 31440 4960503 339141 218484 1384 626 432 399 268 4621362 1569913 177872 3051449 1392041 1294143 97898 19054 59068 2950917 2677905 2224156 273012 2169098 2120183 430268 27853 13662 1689915
cat_boundaries=0 1 2 3
cat_threshold=122624 1345472 1015808
is_linear=0
shrinkage=0.1


Tree=199
num_leaves=31
num_cat=5
split_feature=79 48 76 51 50 30 75 1 84 4 86 73 80 86 73 77 83 86 0 74 21 52 48 49 48 76 50 84 76 75
split_gain=68.0386 105.86 253.484 129.074 119.797 103.618 96.4689 95.4518 84.7551 82.4533 97.1056 91.3724 110.693 147.62 257.568 141.69 137.257 91.5208 90.5191 81.9511 73.8044 71.963 382.611 234.512 143.001 393.873 336.206 296.695 243.414 234.302
threshold=0.84999999403953563 1.7500000000000002 0 2.9500000476837163 1.4499999880790713 1.0000000180025095e-35 1 13.650000095367433 1.0000000180025095e-35 -10.249999999999998 -8.0500001907348615 143.45414733886722 -6.6499998569488517 -10.849999904632567 142.44419860839847 -13.15000009536743 -6.9500000476837149 -13.749999999999998 -12.849999904632567 878.50000000000011 -8.6500000953674299 1.3499999642372134 3.0499999523162846 1.3499999642372134 1.4499999880790713 2 1.6500000357627871 1.0000000180025095e-35 3 4
decision_type=8 8 1 10 10 10 1 10 8 8 8 2 8 8 2 10 10 10 2 2 8 8 10 10 8 1 10 10 1 1
left_child=1 3 4 9 -3 6 7 8 -6 11 -11 12 20 14 15 16 17 -14 -15 21 -1 22 -2 -24 25 26 -23 -28 -26 -30
right_child=19 2 -4 -5 5 -7 -8 -9 -10 10 -12 -13 13 18 -16 -17 -18 -19 -20 -21 -22 24 23 -25 28 -27 27 -29 29 -31
leaf_value=0.0090292770170214004 -0.00014352826186857373 0.0021275801215462934 0.0012132608019391278 -0.0070198776562285714 0.03432585885086778 -0.0074520434478166104 0.010232780653877699 0.011267017810075925 -0.013732901613783237 -0.015908946462068682 0.00056494701786516984 0.032610623706732199 -0.18812184694607359 0.083499532124386114 0.068740299646626798 0.016936598753392023 0.12553900576063567 -0.047893710161788741 0.025503784863448162 -0.0030956392719119086 -0.022898032977866939 -0.00031479477806513291 -0.017882867290582371 -0.0042938918105251654 0.0023221251042478529 0.00050328791030615906 -0.010492866562045462 0.011076800758232159 -0.001810389069947513 0.00088054282311446201
leaf_weight=1397 1464290 9803 125899 23367 6212 1805 9390 3612 390 3606 462342 1589 143 352 201 116 21 69 1143 92009 1503 82348 14223 118572 608618 452001 91119 6857 499982 917021
leaf_count=1397 1464290 9803 125899 23367 6212 1805 9390 3612 390 3606 462342 1589 143 352 201 116 21 69 1143 92009 1503 82348 14223 118572 608618 452001 91119 6857 499982 917021
internal_value=1.13927e-08 0.000951813 0.00321382 0.000235088 0.0112794 0.0154753 0.0175863 0.0243127 0.0314869 0.000593889 0.000437455 0.0117494 0.005046 0.0228628 -0.0214333 -0.0733671 -0.118325 -0.142482 0.039159 -0.000142957 -0.00751788 -7.91092e-05 -0.000609642 -0.00574934 0.000239673 -0.00107315 -0.00502439 -0.00898328 0.000649487 -6.89443e-05
internal_weight=5e+06 652960 157111 495849 31212 21409 19604 10214 6602 472482 465948 6534 4945 2045 550 349 233 212 1495 4.34704e+06 2900 4.25503e+06 1.59708e+06 132795 2.65795e+06 632325 180324 97976 2.02562e+06 1.417e+06
internal_count=5000000 652960 157111 495849 31212 21409 19604 10214 6602 472482 465948 6534 4945 2045 550 349 233 212 1495 4347040 2900 4255031 1597085 132795 2657946 632325 180324 97976 2025621 1417003
cat_boundaries=0 1 2 3 4 5
cat_threshold=960 3640 983552 2032128 6150
is_linear=0
shrinkage=0.1


Tree=200
num_leaves=31
num_cat=5
split_feature=20 77 80 1 74 86 1 2 20 80 20 77 51 9 75 1 76 75 76 2 76 83 3 0 14 21 80 13 86 0
split_gain=64.4212 252.839 218.646 148.79 142.03 136.245 187.497 166.439 246.865 184.706 175.96 213.449 148.974 143.987 412.614 183.844 195.29 169.332 279.693 266.665 164.268 137.416 148.79 155.376 148.799 138.122 226.27 168.573 153.221 143.249
threshold=11.84999990463257 13.050000190734865 13.449999809265138 19.050000190734867 68.500000000000014 16.550000190734867 16.650000572204593 18.44999980926514 25.550000190734867 18.650000572204593 19.650000572204593 22.44999980926514 1.2500000000000002 17.349999427795414 0 22.250000000000004 1 2 3 24.44999980926514 4 22.650000572204593 21.750000000000004 21.250000000000004 25.94999980926514 26.250000000000004 27.250000000000004 27.44999980926514 26.94999980926514 32.049999237060554
decision_type=10 8 10 8 2 8 10 8 10 8 10 8 8 10 1 10 1 1 1 10 1 8 8 2 10 10 8 8 8 2
left_child=2 4 -1 -4 -2 6 12 8 -7 -9 13 -12 -3 14 -11 -16 -17 18 -15 -20 -19 -13 23 -23 -25 29 27 -27 -28 -24
right_child=1 5 3 -5 -6 7 -8 9 -10 10 11 21 -14 17 15 16 -18 20 19 -21 -22 22 25 24 -26 26 28 -29 -30 -31
leaf_value=0.00017989639103975914 -0.0012354521959142271 -0.003130473322327998 0.0061809826074177921 -0.0053337053354235503 -0.0063696030749835755 0.0014154198154970742 -0.0062296194605007092 -0.0048496191859791205 0.01308664883486454 0.0064558847421622243 -0.0035956837057760588 -0.0027641140275503889 0.0011682453135122108 0.012211924199927593 -0.0024172349919426052 -0.027322950665768994 -0.0066054250540966801 0.015239841767487211 0.0011483332428827656 -0.013553756499873854 0.0047195994508250272 -0.0029144635212599141 0.0010645427141286726 0.0047498739106288041 0.019537932386373282 -0.0099220132480574846 -0.005090443429847197 -0.00080961375956499796 0.0010237588049702992 0.025241770191315755
leaf_weight=2084536 117161 142474 94398 12736 99762 495401 75347 81776 18811 45625 190452 150664 185688 19366 45172 7045 12876 18614 89672 14305 73291 24937 452060 74612 7487 47299 49848 35567 230554 2464
leaf_count=2084536 117161 142474 94398 12736 99762 495401 75347 81776 18811 45625 190452 150664 185688 19366 45172 7045 12876 18614 89672 14305 73291 24937 452060 74612 7487 47299 49848 35567 230554 2464
internal_value=1.29233e-08 -0.000317085 0.000406331 0.00481213 -0.00359663 -4.25588e-05 -0.00173098 0.000268832 0.00184238 -0.000214613 2.34857e-05 -0.000510005 -0.000698076 0.00209539 -0.000835076 -0.00594554 -0.0139491 0.00360274 0.0011812 -0.000874274 0.00685175 3.64177e-05 0.000492653 0.00399866 0.00609847 3.3773e-05 -0.00141993 -0.00601087 -6.31833e-05 0.00119561
internal_weight=5e+06 2.80833e+06 2.19167e+06 107134 216923 2.59141e+06 403509 2.1879e+06 514212 1.67369e+06 1.59191e+06 1.26594e+06 328162 325966 110718 65093 19921 215248 123343 103977 91905 1.07549e+06 924828 107036 82099 817792 363268 82866 280402 454524
internal_count=5000000 2808330 2191670 107134 216923 2591407 403509 2187898 514212 1673686 1591910 1265944 328162 325966 110718 65093 19921 215248 123343 103977 91905 1075492 924828 107036 82099 817792 363268 82866 280402 454524
cat_boundaries=0 1 2 3 4 5
cat_threshold=230 458752 240 198272 786752
is_linear=0
shrinkage=0.1


Tree=201
num_leaves=31
num_cat=10
split_feature=88 48 76 78 89 74 72 79 76 50 90 1 17 87 53 48 89 75 76 48 73 76 76 75 76 0 24 7 76 75
split_gain=67.9967 137.998 190.168 112.61 122.141 91.4312 85.5169 76.2605 137.747 102.998 92.8174 91.0077 108.094 89.8058 90.943 134.741 104.834 83.7125 504.867 413.559 353.116 304.004 297.924 243.903 236.691 224.551 201.696 195.003 248.538 200.523
threshold=0.65000000596046459 1.8499999642372134 0 1.0000000180025095e-35 11.650000095367433 1099.0000000000002 38.316650390625007 1.0500000119209292 1 1.6500000357627871 1.0000000180025095e-35 7.4500000476837167 10.250000000000002 1.0000000180025095e-35 2.7500000000000004 3.0499999523162846 -8.9499998092651349 2 3 2.6499999761581425 134.46669769287112 4 5 6 7 6.2500000000000009 1.0000000180025095e-35 9.6500000953674334 8 9
decision_type=8 8 1 10 10 2 2 8 1 8 10 10 10 10 10 10 8 1 1 10 2 1 1 1 1 2 2 8 1 1
left_child=1 -1 3 4 6 7 -3 8 9 -2 13 12 -11 14 -10 16 -16 18 19 20 21 -9 23 -19 26 -22 -20 28 -24 -30
right_child=5 2 -4 -5 -6 -7 -8 17 10 11 -12 -13 -14 -15 15 -17 -18 22 24 -21 25 -23 27 -25 -26 -27 -28 -29 29 -31
leaf_value=0.00012903812112252246 0.0014163664613842785 0.026013484677276429 0.0021424537826691642 -0.0092460977093027381 0.0027145408250250237 -0.0055048264811168694 0.0098373131749271217 -0.0014614704471610327 -0.00015527701395185611 0.0074767307402099749 0.0045541503673187603 0.0032190893556732375 0.023839955323250006 0.0070923774785165957 -0.043805671220075795 0.0041954174480238636 -0.0055173498733221945 -0.00047057950216006672 -0.0037312035716689828 0.010312202695293806 -0.00070763084696882288 -0.021493562671565852 0.0047713162793643054 -0.0077925224609178279 -0.00040850038612891688 0.0094156027865012603 0.0028706058263637275 -3.1423880581610797e-06 0.0087944458204904461 -0.0017361327307454757
leaf_weight=464384 179972 8471 129436 2204 6034 31518 5321 22891 283076 21928 36827 47915 4948 14222 723 16375 65491 102315 501045 66767 48474 11318 213474 81923 770451 39987 50987 1607648 20686 143189
leaf_count=464384 179972 8471 129436 2204 6034 31518 5321 22891 283076 21928 36827 47915 4948 14222 723 16375 65491 102315 501045 66767 48474 11318 213474 81923 770451 39987 50987 1607648 20686 143189
internal_value=1.25683e-08 0.000983943 0.00360502 0.0121917 0.0145811 -0.000138202 0.0197727 -9.93415e-05 0.000880713 0.00271245 -0.000239199 0.00583162 0.0104893 -0.000703882 -0.00100711 -0.00392677 -0.00593543 -0.000278113 -0.000849315 0.00397877 0.00053193 -0.00809577 0.000120009 -0.00372659 -0.00154093 0.00386837 -0.00312139 0.000477049 0.00252286 -0.000406399
internal_weight=5e+06 615850 151466 22030 19826 4.38415e+06 13792 4.35263e+06 671477 254763 416714 74791 26876 379887 365665 82589 66214 3.68116e+06 1.51192e+06 189437 122670 34209 2.16924e+06 184238 1.32248e+06 88461 552032 1.985e+06 377349 163875
internal_count=5000000 615850 151466 22030 19826 4384150 13792 4352632 671477 254763 416714 74791 26876 379887 365665 82589 66214 3681155 1511920 189437 122670 34209 2169235 184238 1322483 88461 552032 1984997 377349 163875
cat_boundaries=0 1 2 3 4 5 6 7 8 9 10
cat_threshold=896 65504 7174 917504 786432 262400 904 122048 7469248 224
is_linear=0
shrinkage=0.1


Tree=202
num_leaves=31
num_cat=4
split_feature=5 80 89 0 77 3 80 89 1 89 77 1 20 80 2 86 0 83 76 86 1 80 76 89 20 77 1 76 75 0
split_gain=65.9503 150.312 131.092 220.397 109.644 123.696 187.723 134.59 261.783 216.669 159.147 148.508 147.108 140.051 131.436 243.264 196.02 174.475 175.635 130.453 146.943 157.889 125.555 118.907 214.449 248.657 236.806 196.957 257.431 218.13
threshold=-4.2499999999999991 -4.9500000476837149 -1.8499999642372129 1.4499999880790713 -0.45000000298023218 1.8499999642372134 3.8500000238418584 1.6500000357627871 2.2500000000000004 8.6500000953674334 1.0500000119209292 -1.0500000119209287 0.65000000596046459 2.6499999761581425 6.0499999523162851 6.2500000000000009 1.8499999642372134 11.650000095367433 0 14.150000095367433 7.6499998569488534 7.2500000000000009 1 8.2500000000000018 14.84999990463257 17.750000000000004 21.94999980926514 2 3 16.349999427795414
decision_type=8 8 10 2 8 8 8 10 10 10 10 10 10 10 8 8 2 10 1 10 10 10 1 8 8 8 10 1 1 2
left_child=2 -2 -1 -4 -3 7 -7 10 9 -9 12 22 -6 -14 16 -16 -8 18 -18 20 21 -20 -12 -17 26 -26 27 28 -25 -29
right_child=1 4 3 -5 5 6 14 8 -10 -11 11 -13 13 -15 15 23 17 -19 19 -21 -22 -23 -24 24 25 -27 -28 29 -30 -31
leaf_value=0.00084885228814709037 -0.0069877962787283634 -0.0025206726666334904 0.015205251910366972 -0.0060826698278996782 0.0018760232805827518 -0.0031019617790085897 -0.0043532900601735555 0.0078992831526718665 -0.0022027522985892068 0.048498304332578762 0.03733459185152091 0.0037097937641571467 -0.0039944351128379076 0.0086018213482332209 -0.0046992382882535344 -0.0023836621227590277 0.0065766999107463092 0.022418367336084575 0.00050094226408854551 0.042828961626478194 -0.012920985283044393 0.0088537085759147118 0.0077503937799706978 -0.005659155336418021 -0.0029975807270839847 3.4681198543496092e-05 -0.010230945005932898 0.0016581147434932058 0.0013871194281519393 0.006513931455260147
leaf_weight=170856 31232 170140 16303 6931 134491 198120 44656 61972 33202 1343 2509 53800 108056 9612 112926 195049 77608 4433 206545 747 7376 25415 3374 78166 312897 1992928 17308 660470 153956 107579
leaf_count=170856 31232 170140 16303 6931 134491 198120 44656 61972 33202 1343 2509 53800 108056 9612 112926 195049 77608 4433 206545 747 7376 25415 3374 78166 312897 1992928 17308 660470 153956 107579
internal_value=7.78115e-09 -7.29778e-05 0.00180722 0.00885479 -2.77468e-05 6.43681e-05 -9.73202e-05 0.00172583 0.00498909 0.00876045 0.000715832 0.00535932 -0.000383225 -0.00296548 5.1572e-05 -0.000130652 0.00185567 0.00271642 0.0024415 0.00110446 0.000974274 0.00141612 0.0204442 1.59823e-05 0.000156821 -0.000376792 0.0013661 0.00156679 -0.000985822 0.00233823
internal_weight=5e+06 4.80591e+06 194090 23234 4.77468e+06 4.60454e+06 4.19618e+06 408359 96517 63315 311842 59683 252159 117668 3.99806e+06 3.63128e+06 366780 322124 317691 240083 239336 231960 5883 3.51835e+06 3.3233e+06 2.30582e+06 1.01748e+06 1.00017e+06 232122 768049
internal_count=5000000 4805910 194090 23234 4774678 4604538 4196179 408359 96517 63315 311842 59683 252159 117668 3998059 3631279 366780 322124 317691 240083 239336 231960 5883 3518353 3323304 2305825 1017479 1000171 232122 768049
cat_boundaries=0 1 2 3 4
cat_threshold=8306688 1984 57824 6336
is_linear=0
shrinkage=0.1


Tree=203
num_leaves=31
num_cat=10
split_feature=82 48 76 55 81 30 50 75 76 74 72 72 76 76 48 73 76 76 72 81 75 81 73 21 76 76 14 72 3 80
split_gain=65.6402 145.246 220.442 93.316 88.8289 84.8269 97.5957 89.8029 80.8168 78.468 97.9971 186.437 230.161 168.756 113.581 111.878 92.6539 91.1962 88.0356 74.8587 72.7618 70.326 69.2865 139.669 127.66 126.552 102.014 96.5485 96.1562 108.432
threshold=0.65000000596046459 1.5500000119209292 0 2.7500000000000004 1.0000000180025095e-35 1.0000000180025095e-35 1.3499999642372134 1 2 573.00000000000011 36.436649322509773 35.64580154418946 3 4 0.65000000596046459 137.68579864501956 5 6 33.750799179077156 3.2500000000000004 7 1.0000000180025095e-35 141.52664947509768 -3.1499999761581416 8 9 25.250000000000004 43.579198837280281 23.650000572204593 23.750000000000004
decision_type=8 8 1 10 10 10 8 1 1 2 2 2 1 1 10 2 1 1 2 8 1 10 2 8 1 1 8 2 10 10
left_child=1 3 4 -1 5 6 -3 -8 20 22 11 17 15 14 19 -13 -17 18 -11 -12 -9 -14 23 25 26 -2 -24 -27 29 -26
right_child=9 2 -4 -5 -6 -7 7 8 -10 10 13 12 21 -15 -16 16 -18 -19 -20 -21 -22 -23 24 -25 28 27 -28 -29 -30 -31
leaf_value=0.00064937056367523813 -0.0074666363240351169 0.0054480650844914505 0.0017995371486433766 -0.0038768661233045199 -0.004238801098214685 -0.010381355603217615 0.026359782801706217 0.032751269214875485 0.0034987879535431261 0.0063413161684842678 -0.0024799037671736153 0.00033038439629289127 -0.0030152727613718755 -0.0011783736685507737 -0.011995778432774877 0.018125751179076235 0.006544235903904818 -0.0022525610549865532 -0.015235326993141333 0.025494068260129045 0.00091456817341563498 0.0088009200249443975 0.0011726914434768687 7.0126871479583795e-05 -0.0014498238370653784 0.0050948794180785909 0.013652875384021951 0.021950655148063367 -0.006726043623924028 0.0087640512770734823
leaf_weight=330865 7762 7641 118221 52821 3187 1412 8447 2452 4955 2225 5763 13205 51406 69418 31451 12040 16285 27433 12597 1147 1025 5584 134075 3429993 534444 58968 6886 3606 34086 10600
leaf_count=330865 7762 7641 118221 52821 3187 1412 8447 2452 4955 2225 5763 13205 51406 69418 31451 12040 16285 27433 12597 1147 1025 5584 134075 3429993 534444 58968 6886 3606 34086 10600
internal_value=1.64812e-08 0.00105112 0.00371996 2.6256e-05 0.0115122 0.0134524 0.0148248 0.0190696 0.0117214 -0.000124881 -0.00185155 -0.00011415 0.00226916 -0.00412085 -0.00944279 0.0079301 0.0114759 -0.00567097 -0.0119883 0.00216353 0.0233955 -0.00185717 -2.31919e-05 0.000160583 -0.000916512 0.00457174 0.00178223 0.00606527 -0.00157339 -0.00125118
internal_weight=5e+06 531026 147340 383686 29119 25932 24520 16879 8432 4.46897e+06 248554 140775 98520 107779 38361 41530 28325 42255 14822 6910 3477 56990 4.22042e+06 3.50033e+06 720091 70336 140961 62574 579130 545044
internal_count=5000000 531026 147340 383686 29119 25932 24520 16879 8432 4468974 248554 140775 98520 107779 38361 41530 28325 42255 14822 6910 3477 56990 4220420 3500329 720091 70336 140961 62574 579130 545044
cat_boundaries=0 1 2 3 4 5 6 7 8 9 10
cat_threshold=960 3640 768 32736 32640 15360 65280 4102 6291568 8064
is_linear=0
shrinkage=0.1


Tree=204
num_leaves=31
num_cat=9
split_feature=75 76 75 1 72 73 76 76 76 72 1 74 73 76 0 21 2 0 10 22 9 0 80 75 76 25 73 29 73 2
split_gain=64.8135 261.733 412.706 233.885 235.039 233.591 416.43 301.095 227.674 220.284 343.606 410.116 347.413 309.914 284.946 272.526 224.439 213.695 204.986 185.66 182.597 204.006 195.76 179.202 394.452 266.361 197.26 158.96 155.06 151.452
threshold=0 1 2 31.050000190734867 37.225849151611335 134.25665283203128 3 4 5 38.049150466918952 -0.45000000298023218 123.50000000000001 139.12249755859378 6 -0.15000000223517415 3.6499999761581425 -4.3500001430511466 4.4500000476837167 -3.1499999761581416 7.8500001430511483 16.550000190734867 12.250000000000002 12.84999990463257 7 8 1.0000000180025095e-35 133.57084655761722 1.0000000180025095e-35 138.4433517456055 18.650000572204593
decision_type=1 1 1 8 2 2 1 1 1 2 10 2 2 1 2 10 10 2 10 8 10 2 10 1 1 10 2 10 2 8
left_child=1 2 5 4 29 6 -1 -7 9 10 11 12 -2 -14 16 -11 -13 19 -12 -17 22 -22 -10 -3 25 26 -25 -28 -18 -4
right_child=8 23 3 -5 -6 7 -8 -9 20 15 18 14 13 -15 -16 17 28 -19 -20 -21 21 -23 -24 24 -26 -27 27 -29 -30 -31
leaf_value=-0.018844110480342284 0.011522034875793057 0.00073716240868733026 0.010456615140132755 -0.011607213415508667 -0.0021079569851556708 0.01227865102565299 0.0041173367384342045 0.0033652049865954396 0.000280421710160563 -0.0014077894114976907 -0.020448094910708904 0.012468587008796337 0.069296945587698458 -0.002255479467768517 0.024466523386878498 -0.012670428427865739 -0.015156049429384175 -0.0059348577358642966 -0.0013000290066528366 -0.0357054755721051 -0.0073679437927476766 -0.00078903465013312017 0.0042465995383348769 -0.00055934326984413208 -0.00029477489458274548 0.0068575626209111604 -0.0102213173298691 0.0065736373384928303 0.0045382132554666879 0.0019662908248198833
leaf_weight=9462 5326 946583 23278 15822 165674 75633 47536 76000 1429181 118560 5678 7812 2573 799 5040 18557 10946 72937 364090 4312 58365 244946 136315 34282 776797 15006 100576 5970 6298 215646
leaf_count=9462 5326 946583 23278 15822 165674 75633 47536 76000 1429181 118560 5678 7812 2573 799 5040 18557 10946 72937 364090 4312 58365 244946 136315 34282 776797 15006 100576 5970 6298 215646
internal_value=3.06542e-08 0.000358879 0.00212444 0.000320027 0.000786455 0.0057604 0.000303019 0.00781217 -0.000361198 -0.00201683 -0.000654727 0.00829858 0.0274242 0.0525413 0.00277111 -0.00461298 -0.00159291 -0.0085794 -0.00159406 -0.0170137 0.000190681 -0.00205499 0.000625775 -0.000232136 -0.00121593 -0.00580738 -0.00715731 -0.00928026 -0.00796314 0.00279349
internal_weight=5e+06 2.50826e+06 629051 420420 404598 208631 56998 151633 2.49174e+06 622928 408562 38794 8698 3372 30096 214366 25056 95806 369768 22869 1.86881e+06 303311 1.5655e+06 1.87921e+06 932631 155834 140828 106546 17244 238924
internal_count=5000000 2508265 629051 420420 404598 208631 56998 151633 2491735 622928 408562 38794 8698 3372 30096 214366 25056 95806 369768 22869 1868807 303311 1565496 1879214 932631 155834 140828 106546 17244 238924
cat_boundaries=0 1 2 3 4 5 6 7 8 9
cat_threshold=4032 3015040 3072 131072 393344 395136 384 448 98336
is_linear=0
shrinkage=0.1


Tree=205
num_leaves=31
num_cat=8
split_feature=86 23 74 82 88 73 76 75 0 76 1 75 76 16 1 73 73 76 1 16 76 72 90 53 13 15 85 77 76 72
split_gain=63.492 76.7553 64.7428 123.046 118.219 112.349 261.11 287.358 202.978 190.277 153.113 351.99 361.004 162.536 150.93 145.106 144.36 148.048 139.14 315.674 138.838 138.807 126.285 106.753 106.167 104.998 91.7543 116.562 115.265 97.0919
threshold=34.95000076293946 34.95000076293946 30.500000000000004 1.5500000119209292 3.1499999761581425 139.56915283203128 0 1 3.8500000238418584 2 12.84999990463257 3 4 16.150000572204593 5.8500001430511483 133.09919738769534 139.54000091552737 5 4.0499999523162851 7.4500000476837167 6 32.880001068115241 1.0000000180025095e-35 2.2500000000000004 8.4499998092651385 8.2500000000000018 1.9499999880790713 29.050000190734867 7 34.424999237060554
decision_type=10 8 2 8 10 2 1 1 2 1 8 1 1 8 10 2 2 1 10 10 1 2 10 10 10 10 10 10 1 2
left_child=2 -2 5 -4 26 9 7 8 24 10 11 12 15 14 25 -1 -11 -18 19 -14 -8 -21 -10 -6 -7 -13 27 29 -28 -5
right_child=1 -3 3 4 23 6 20 -9 22 16 -12 13 18 -15 -16 -17 17 -19 -20 21 -22 -23 -24 -25 -26 -27 28 -29 -30 -31
leaf_value=-0.029403046404023744 0.0070354849064156594 0.049239704861739807 0.00071254054829458086 -0.0018290035765983874 -0.0042263966746964613 0.024648599951493797 -0.0033599877868769716 -6.0103061190601635e-05 0.013408047676529679 0.00026831326304625985 0.0020352881778474183 0.006884260587811203 0.0051238543193196174 0.030469377972108413 0.0069047772464040855 -0.0042402464790391968 -0.0045306928621095255 0.016409269447352843 0.0037047304493166566 0.11101746143391118 -0.00015058021504406614 0.03961803555925511 -0.011287722656050022 -0.00072825202933236171 0.068409750504338854 0.041124102784598049 -0.0039680502426221514 0.0070793303074222951 -0.00058959079316437324 0.00031169865324313836
leaf_weight=3993 2268 532 907280 258103 162847 1395 185219 35592 21354 797249 149149 1369 5162 6948 12619 5379 4891 10890 24866 312 495019 2139 2293 187894 920 2590 139414 23160 366340 1182814
leaf_count=3993 2268 532 907280 258103 162847 1395 185219 35592 21354 797249 149149 1369 5162 6948 12619 5379 4891 10890 24866 312 495019 2139 2293 187894 920 2590 139414 23160 366340 1182814
internal_value=4.1266e-08 0.0150543 -8.39384e-06 -0.000274885 -0.000660941 0.00047777 -0.000460094 0.00577634 0.0137746 0.00115481 0.00380387 0.00783923 0.0023348 0.0176227 0.0122492 -0.0149451 0.000455782 0.00992688 0.00732407 0.0191554 -0.00102449 0.0487068 0.0110134 -0.00235242 0.0420396 0.0292842 -0.000359762 4.13691e-05 -0.00152097 -7.17528e-05
internal_weight=5e+06 2800 4.9972e+06 3.22785e+06 2.32057e+06 1.76935e+06 741792 61554 25962 1.02756e+06 214526 65377 41851 23526 16578 9372 813030 15781 32479 7613 680238 2451 23647 350741 2315 3959 1.96983e+06 1.46408e+06 505754 1.44092e+06
internal_count=5000000 2800 4997200 3227852 2320572 1769348 741792 61554 25962 1027556 214526 65377 41851 23526 16578 9372 813030 15781 32479 7613 680238 2451 23647 350741 2315 3959 1969831 1464077 505754 1440917
cat_boundaries=0 1 2 3 4 5 6 7 8
cat_threshold=96 944 229760 4102 128 32256 124160 18400
is_linear=0
shrinkage=0.1


Tree=206
num_leaves=31
num_cat=4
split_feature=50 76 48 0 76 1 24 77 75 48 56 7 66 57 73 3 72 88 20 91 10 2 1 80 0 80 13 0 76 48
split_gain=61.1672 129.928 109.824 92.6693 223.276 222.108 202.218 192.655 226.726 173.028 228.101 173.237 175.282 172.636 153.99 150.852 133.06 194.171 144.653 138.472 128.599 127.124 157.073 165.334 142.962 118.088 113.606 113.236 188.324 108.758
threshold=0.15000000223517421 0 0.94999998807907116 -12.849999904632567 1 -12.849999904632567 1.0000000180025095e-35 -13.15000009536743 2 1.8499999642372134 3.2500000000000004 -13.15000009536743 2.7500000000000004 1.8499999642372134 141.11415100097659 -13.050000190734862 43.490848541259773 1.5500000119209292 -13.050000190734862 1.0000000180025095e-35 -10.349999904632567 -12.849999904632567 -10.15000009536743 -10.949999809265135 -10.15000009536743 -13.749999999999998 -4.8500001430511466 -10.15000009536743 3 1.6500000357627871
decision_type=8 1 10 2 1 8 2 10 1 10 10 8 10 8 2 8 2 8 10 10 10 8 8 10 2 10 10 2 1 10
left_child=1 -1 -3 4 -2 6 7 8 -6 10 11 12 16 -13 -9 -7 17 -10 26 -18 -16 25 23 24 -23 -5 -19 28 29 -24
right_child=3 2 -4 21 5 15 -8 14 9 -11 -12 13 -14 -15 20 -17 19 18 -20 -21 -22 22 27 -25 -26 -27 -28 -29 -30 -31
leaf_value=0.010211605371726941 0.054845822521137892 -0.0010409335948219189 -0.0068960252221183446 0.037000990415419786 0.022842189820350866 0.10890740314498544 0.1306914391124557 -0.038348554038523441 0.0035997575615880663 0.011660802432164231 -0.078725350008025996 0.012047156387452886 -0.080515148109458826 -0.031496126513031249 0.073398873365472767 0.022913837971459891 -0.033681053081238886 -0.21736152093977698 -0.047658460381973522 0.044169934605373259 0.018334901657316164 -0.025084152615527062 -0.025327469141442974 0.0027167578657059147 0.0087356776896834083 0.004164166537463777 -0.041267713445883536 4.9489358219703825e-05 0.030043427979496995 0.032305115662566435
leaf_weight=8937 926 179965 38973 1759 1985 220 116 356 364 1980 640 2577 676 1408 571 2804 452 124 257 462 1649 7121 1315 5768 1516 2902 52 4730581 3108 436
leaf_count=8937 926 179965 38973 1759 1985 220 116 356 364 1980 640 2577 676 1408 571 2804 452 124 257 462 1649 7121 1315 5768 1516 2902 52 4730581 3108 436
internal_value=3.78888e-08 -0.00160056 -0.0020831 7.64684e-05 0.00731539 0.00464313 -0.000779559 -0.00190482 -0.00768051 -0.0144278 -0.0218151 -0.0160991 -0.0374035 -0.00333777 0.0227069 0.02917 -0.0203705 -0.0502342 -0.0954895 0.00567032 0.0324978 4.96427e-05 3.34448e-05 -0.010393 -0.019148 0.0165564 -0.165334 6.51615e-05 0.0153231 -0.0109146
internal_weight=5e+06 227875 218938 4.77212e+06 17619 16693 13669 13553 10977 8992 7012 6372 2387 3985 2576 3024 1711 797 433 914 2220 4.75451e+06 4.74984e+06 14405 8637 4661 176 4.73544e+06 4859 1751
internal_count=5000000 227875 218938 4772125 17619 16693 13669 13553 10977 8992 7012 6372 2387 3985 2576 3024 1711 797 433 914 2220 4754506 4749845 14405 8637 4661 176 4735440 4859 1751
cat_boundaries=0 1 2 3 4
cat_threshold=507904 118272 6152 6242304
is_linear=0
shrinkage=0.1


Tree=207
num_leaves=31
num_cat=6
split_feature=25 76 48 20 86 86 80 1 76 86 1 76 77 71 49 48 76 74 76 75 73 72 1 29 23 73 23 2 22 23
split_gain=59.4599 87.9801 75.8628 73.4338 168.218 156.615 145.386 188.295 129.531 165.392 186.873 127.184 160.122 110.152 131.873 225.452 213.103 110.742 160.627 400.089 216.12 278.727 155.776 107.462 109.682 105.992 105.142 105.838 105.126 104.766
threshold=3.2500000000000004 0 2.3500000238418584 21.250000000000004 24.050000190734867 18.550000190734867 28.050000190734867 29.050000190734867 1 16.550000190734867 14.550000190734865 2 28.44999980926514 1.0500000119209292 1.2500000000000002 1.9499999880790713 3 14.500000000000002 4 5 137.9433517456055 36.851650238037116 -1.0000000180025095e-35 1.0000000180025095e-35 26.44999980926514 135.78419494628909 17.849999427795414 23.94999980926514 4.4500000476837167 13.050000190734865
decision_type=8 1 8 10 8 10 8 8 1 10 10 1 8 10 10 10 1 2 1 1 2 2 10 8 10 2 8 10 8 10
left_child=3 2 -2 5 8 13 7 -6 -5 25 -11 -8 -13 14 15 16 -1 -18 19 20 -19 -22 28 24 -12 -10 27 -7 -21 -15
right_child=1 -3 -4 4 6 26 11 -9 9 10 23 12 -14 29 -16 -17 17 18 -20 22 21 -23 -24 -25 -26 -27 -28 -29 -30 -31
leaf_value=0.0064949080007561102 0.009813160505581139 -0.00075441148508071135 0.00089340925448271741 -0.00017396737293755564 -0.0010162415353688898 0.0054901465913601323 -0.0011721414873548997 -0.013026983027200123 -0.0024983288613010628 0.026177244734045275 -0.003610273346182559 -0.00075578654542789083 0.0038883857958743988 0.00082819842345799039 -0.0022073964816304108 -0.0091169061079742243 0.0041426412317585827 -0.031321801260998504 -1.7064921105837574e-05 0.0057229981712778634 0.024282175039364591 -0.018726759124893213 -0.0037214225915514114 0.002257493075150848 -0.011502020030571833 -0.019898820588308615 0.0010674207847964526 -0.0091290569022426521 0.032374067540227904 -0.00064761544696442937
leaf_weight=52568 22748 36430 16416 142419 347527 100798 155741 13562 5308 2130 155047 112984 216493 1525026 437695 25926 54558 7626 482953 6540 2024 5897 28212 27130 19868 10281 276342 5208 1913 702630
leaf_count=52568 22748 36430 16416 142419 347527 100798 155741 13562 5308 2130 155047 112984 216493 1525026 437695 25926 54558 7626 482953 6540 2024 5897 28212 27130 19868 10281 276342 5208 1913 702630
internal_value=5.76901e-08 0.00278336 0.0060728 -4.26685e-05 -0.000719815 0.000177553 5.20036e-05 -0.00146735 -0.00252331 -0.00404562 -0.00328777 0.00118267 0.00229574 -4.23129e-05 -0.000858154 2.56256e-05 0.000394663 -0.000149222 -0.000586763 -0.00585526 -0.0192932 -0.00773697 -0.000153477 -0.0035984 -0.00450667 -0.013974 0.00209449 0.00477192 0.0117544 0.000362709
internal_weight=5e+06 75594 39164 4.92441e+06 1.20849e+06 3.71592e+06 846307 361089 362183 219764 204175 485218 329477 3.33357e+06 1.10591e+06 668217 642291 589723 535165 52212 15547 7921 36665 202045 174915 15589 382348 106006 8453 2.22766e+06
internal_count=5000000 75594 39164 4924406 1208490 3715916 846307 361089 362183 219764 204175 485218 329477 3333568 1105912 668217 642291 589723 535165 52212 15547 7921 36665 202045 174915 15589 382348 106006 8453 2227656
cat_boundaries=0 1 2 3 4 5 6
cat_threshold=524160 524534 467064 396288 384 4354
is_linear=0
shrinkage=0.1


Tree=208
num_leaves=31
num_cat=4
split_feature=51 48 4 0 83 1 80 20 89 86 51 1 0 1 85 1 77 2 19 86 76 48 80 2 76 76 75 74 1 21
split_gain=57.5963 116.165 77.4357 307.56 261.513 337.191 171.079 206.782 215.717 186.535 185.326 201.445 168.24 153.719 151.247 145.851 145.754 160.977 326.651 211.94 200.582 185.463 155.459 146.602 143.683 142.086 136.808 134.506 160.291 127.792
threshold=0.15000000223517421 0.84999999403953563 10.650000095367433 9.2500000000000018 10.250000000000002 8.6500000953674334 11.650000095367433 11.250000000000002 5.4500000476837167 11.449999809265138 1.2500000000000002 1.6500000357627871 9.2500000000000018 10.050000190734865 1.2500000000000002 8.0500001907348651 11.84999990463257 15.150000095367433 4.8500001430511483 14.750000000000002 0 2.6499999761581425 16.650000572204593 13.449999809265138 1 2 3 681.50000000000011 5.0499999523162851 17.050000190734867
decision_type=8 10 10 2 10 8 10 10 10 10 8 10 2 8 8 8 8 8 8 8 1 10 10 10 1 1 1 2 10 10
left_child=1 -1 4 -4 6 25 7 8 -2 10 11 -9 -10 -8 -12 -11 23 20 21 -20 -18 -19 -22 -5 -14 -6 -7 28 -27 -21
right_child=2 -3 3 16 5 26 13 9 12 15 14 -13 24 -15 -16 -17 17 18 19 29 22 -23 -24 -25 -26 27 -28 -29 -30 -31
leaf_value=-0.00017260320632136799 -0.00010284679071628262 -0.0052276549568768199 -0.005766626608475503 -0.0014833947671184875 0.005201551665296917 0.0055383673923490809 0.017613128190227364 0.010761737600955508 0.0041470361881060375 0.028603304137210218 0.006507042319692337 -0.0096709519236216762 -0.0060169973005046356 0.0028915228301548477 -0.0034007061818195545 0.0028452058649297133 0.0053382143461304168 -0.029879328881276552 -0.0050813398871203119 0.0016432632320185206 -3.7727144282198507e-05 0.00012340314140122567 0.0085082677363887745 -0.0094585440882546373 0.0052968381142841836 0.057063974428392318 -0.00095681172100283741 -0.00037626899848975482 0.021259697812890051 -0.00035030412758923991
leaf_weight=167225 1250153 62431 97712 98984 8937 68989 10059 5219 226271 2567 19652 63930 33602 24053 71341 15304 119401 5818 84567 395947 306936 3190 22872 30046 16845 1400 61185 2465 11699 1711200
leaf_count=167225 1250153 62431 97712 98984 8937 68989 10059 5219 226271 2567 19652 63930 33602 24053 71341 15304 119401 5818 84567 395947 306936 3190 22872 30046 16845 1400 61185 2465 11699 1711200
internal_value=5.2797e-08 -0.0015468 7.45219e-05 -0.000252369 0.000571101 0.00451144 0.000220628 8.03284e-05 0.000456368 -0.00314507 -0.00422645 -0.0081288 0.00298278 0.00723265 -0.0012609 0.00654511 -5.84802e-05 0.000101327 -0.000250806 -0.0001727 0.00182646 -0.0192545 0.000554916 -0.00334049 -0.00223928 0.0152736 0.00248582 0.0210401 0.0250864 2.43005e-05
internal_weight=5e+06 229656 4.77034e+06 2.87667e+06 1.89367e+06 154675 1.739e+06 1.70488e+06 1.52687e+06 178013 160142 69149 276718 34112 90993 17871 2.77896e+06 2.64993e+06 2.20072e+06 2.19171e+06 449209 9008 329808 129030 50447 24501 130174 15564 13099 2.10715e+06
internal_count=5000000 229656 4770344 2876673 1893671 154675 1738996 1704884 1526871 178013 160142 69149 276718 34112 90993 17871 2778961 2649931 2200722 2191714 449209 9008 329808 129030 50447 24501 130174 15564 13099 2107147
cat_boundaries=0 1 2 3 4
cat_threshold=4161536 65504 12709918 700
is_linear=0
shrinkage=0.1


Tree=209
num_leaves=31
num_cat=10
split_feature=75 76 75 76 48 2 72 23 87 73 1 76 75 25 24 14 1 9 75 76 72 48 14 24 33 76 49 0 1 76
split_gain=60.4119 480.082 453.587 288.656 357.484 315.815 266.891 306.862 241.836 226.646 360.261 205.968 394.984 340.178 212.166 176.709 232.469 169.452 342.937 393.698 241.73 314.868 186.818 172.068 155.058 208.972 162.542 153.623 138.922 138.069
threshold=0 1 2 3 1.9499999880790713 18.94999980926514 38.049150466918952 3.2500000000000004 1.0000000180025095e-35 140.27919769287112 -1.0500000119209287 4 5 1.0000000180025095e-35 1.0000000180025095e-35 25.94999980926514 21.94999980926514 20.650000572204593 6 7 39.744998931884773 2.0499999523162846 14.84999990463257 1.0000000180025095e-35 1.0000000180025095e-35 8 1.4499999880790713 12.250000000000002 30.650000572204593 9
decision_type=1 1 1 1 8 10 2 8 10 2 10 1 1 10 2 8 8 8 1 1 2 8 8 2 8 1 8 2 8 1
left_child=1 2 -1 4 5 6 9 -8 -7 -2 -11 12 -3 14 29 28 -17 18 19 20 22 23 -5 -22 26 -26 -6 -19 -4 -14
right_child=3 11 15 17 24 8 7 -9 -10 10 -12 -13 13 -15 -16 16 -18 27 -20 -21 21 -23 -24 -25 25 -27 -28 -29 -30 -31
leaf_value=0.0067731060077603159 -0.0018948305095568075 0.0029684858542205015 -0.0020300010473170804 0.013295342825982187 -0.0061345966876350487 -0.014715458902990315 -0.0023974665409960592 -0.013517940613993227 0.0099022514736536362 0.054017933590324946 0.0049671239440051747 0.00071384954650689488 -0.0081899395510711005 0.0046980280780735571 0.006800961844021236 0.026138910677380653 0.0021929781445692766 -0.011339217306662231 -0.00014507863376554683 0.0013486639726341505 0.028281768144018039 0.0059090660821369372 0.0016745486601184628 -0.0065025764765093133 0.00043975018228248493 -0.016495104525681408 0.0023034816476901264 -0.0015144137576513287 -0.017824671411401479 -0.0031518716115890334
leaf_weight=207462 184748 159772 89986 19359 25620 39895 55168 45099 4434 1779 9458 961099 61245 57921 19881 4491 41680 16976 1594798 328867 15284 17556 48473 1568 18638 11957 209525 254670 5936 486655
leaf_count=207462 184748 159772 89986 19359 25620 39895 55168 45099 4434 1779 9458 961099 61245 57921 19881 4491 41680 16976 1594798 328867 15284 17556 48473 1568 18638 11957 209525 254670 5936 486655
internal_value=5.03983e-08 0.000409174 0.00379198 -0.000295272 -0.00223606 -0.00438094 -0.00320301 -0.00739933 -0.0122531 -0.00105615 0.0127327 -0.000267871 -0.00146909 -0.00260225 -0.00334701 -0.00056076 0.00452217 0.000216908 0.000531382 0.00303375 0.00845337 0.0152814 0.00499108 0.0250452 0.000512803 -0.0061839 0.00138412 -0.0021284 -0.00300743 -0.00371524
internal_weight=5e+06 2.09613e+06 349555 2.90387e+06 606321 340581 296252 100267 44329 195985 11237 1.74657e+06 785474 625702 567781 142093 46171 2.29755e+06 2.0259e+06 431107 102240 34408 67832 16852 265740 30595 235145 271646 95922 547900
internal_count=5000000 2096128 349555 2903872 606321 340581 296252 100267 44329 195985 11237 1746573 785474 625702 567781 142093 46171 2297551 2025905 431107 102240 34408 67832 16852 265740 30595 235145 271646 95922 547900
cat_boundaries=0 1 2 3 4 5 6 7 8 9 10
cat_threshold=3968 786816 3584 787328 260144 128 96 196656 786944 65536
is_linear=0
shrinkage=0.1


Tree=210
num_leaves=31
num_cat=1
split_feature=23 80 74 77 73 2 75 4 83 89 0 89 89 77 2 21 80 1 11 77 1 77 20 48 3 86 77 0 9 80
split_gain=57.9104 125.877 107.124 114.03 137.775 110.573 86.2595 76.5834 178.744 143.147 219.276 140.54 135.735 132.504 112.429 106.637 216.088 202.164 197.666 184.173 146.34 193.693 160.379 143.135 127.528 195.522 138.556 144.329 128.715 124.709
threshold=-7.4500000476837149 -6.0499999523162833 12.500000000000002 -7.9500000476837149 141.71585083007815 -4.8500001430511466 0 -1.4499999880790708 0.45000000298023229 -1.8499999642372129 2.4500000476837163 4.6499998569488534 3.0499999523162846 -1.0500000119209287 -5.9500000476837149 4.0499999523162851 9.4499998092651385 12.449999809265138 2.0499999523162846 6.8500001430511483 8.6500000953674334 8.8499999046325701 10.650000095367433 2.3500000238418584 4.4500000476837167 5.0499999523162851 -0.65000000596046437 6.0499999523162851 -3.5499999523162837 4.4500000476837167
decision_type=8 8 2 10 2 10 1 8 8 10 2 8 10 10 8 10 8 10 8 10 10 10 10 8 8 10 8 2 8 8
left_child=-1 2 -2 4 -4 6 -6 9 -9 13 12 -12 14 -3 -11 17 20 19 23 24 21 22 29 -19 26 28 -10 -28 -26 -17
right_child=1 7 3 -5 5 -7 -8 8 15 10 11 -13 -14 -15 -16 16 -18 18 -20 -21 -22 -23 -24 -25 25 -27 27 -29 -30 -31
leaf_value=0.002610135928973409 0.0054024311110122064 -0.00073813992955123727 -0.0012094477837359594 -0.00055013197784794317 -0.020050802181976815 -0.044849526624966246 -0.0048137636039066543 -0.0031409140184221135 -0.0040041997294352353 0.024585438384333164 -0.015802945022661795 0.0030461268502700624 0.02317944398490112 0.0075709124620518993 0.0054595965005421873 -0.0030504318974165531 0.00012415088307086628 -0.047368476738364571 -0.0031206997617560933 0.0072230577798847728 -0.005462843776116149 0.009497622445070443 -0.0057320830846039972 -0.0063220443889120716 -0.0231236556834159 0.0034723132023826856 0.0032915478811568564 -0.014001195895955174 -0.0028234761848514047 0.0014385234944906101
leaf_weight=83584 8318 170535 9107 16707 9618 1269 6086 184134 31633 3270 6910 9252 5437 21626 51156 109498 3402583 2168 8281 52786 105645 16108 76856 1397 3206 63513 270821 4914 121245 142337
leaf_count=83584 8318 170535 9107 16707 9618 1269 6086 184134 31633 3270 6910 9252 5437 21626 51156 109498 3402583 2168 8281 52786 105645 16108 76856 1397 3206 63513 270821 4914 121245 142337
internal_value=4.22099e-08 -4.4332e-05 -0.00498143 -0.0070001 -0.011132 -0.016456 -0.0141616 7.52704e-06 -8.82998e-05 0.00165015 0.0053232 -0.00501272 0.00811373 0.00019697 0.00660871 3.90719e-05 -0.000148327 0.00132853 -0.0115963 0.00160787 -0.00220658 -0.00120887 -0.00173356 -0.0312838 0.00100947 -0.00104238 0.00226424 0.00298337 -0.00334643 -0.000513277
internal_weight=5e+06 4.91642e+06 51105 42787 26080 16973 15704 4.86531e+06 4.59712e+06 268186 76025 16162 59863 192161 54426 4.41299e+06 3.85303e+06 559964 11846 548118 450444 344799 328691 3565 495332 187964 307368 275735 124451 251835
internal_count=5000000 4916416 51105 42787 26080 16973 15704 4865311 4597125 268186 76025 16162 59863 192161 54426 4412991 3853027 559964 11846 548118 450444 344799 328691 3565 495332 187964 307368 275735 124451 251835
cat_boundaries=0 1
cat_threshold=6
is_linear=0
shrinkage=0.1


Tree=211
num_leaves=31
num_cat=3
split_feature=74 72 76 48 2 72 76 76 73 73 48 72 81 89 73 80 23 77 6 86 1 80 90 91 83 2 77 0 21 11
split_gain=61.9616 91.6548 203.55 140.767 112.294 107.665 173.562 124.077 95.5705 84.2744 82.3506 70.5773 69.2117 68.6425 66.5759 62.545 66.8648 113.863 147.818 108.775 101.551 96.4951 85.3913 82.9431 79.9371 99.899 232.301 206.313 209.434 150.823
threshold=524.50000000000011 36.527500152587898 0 0.75000000000000011 -7.5499999523162833 35.578300476074226 1 2 137.68579864501956 138.45999908447268 2.9500000476837163 33.750799179077156 3.2500000000000004 -10.550000190734862 140.06079864501956 34.649999618530281 31.050000190734867 28.44999980926514 23.44999980926514 30.150000572204593 27.250000000000004 30.650000572204593 1.2500000000000002 2.2500000000000004 29.250000000000004 23.650000572204593 23.750000000000004 22.94999980926514 26.650000572204593 26.849999427795414
decision_type=2 2 1 10 8 2 1 1 2 2 8 2 8 8 2 10 10 10 8 8 8 8 10 10 10 10 10 2 10 10
left_child=15 5 3 4 -3 7 8 11 -7 10 -10 -2 -6 -4 -5 16 17 24 -19 20 -18 -21 23 -23 25 26 -1 -27 -29 -30
right_child=1 2 13 14 12 6 -8 -9 9 -11 -12 -13 -14 -15 -16 -17 19 18 -20 21 -22 22 -24 -25 -26 27 -28 28 29 -31
leaf_value=0.00011657599462014627 0.0031629393591152085 0.040532342248372683 -0.062787852839351038 -0.0083598727460230879 -0.0046534468539486838 -0.00072459699833265633 -0.00016569954362545916 -0.00042794430706138102 0.021014462281350028 0.0012018260866278165 0.006020356605149828 -0.011573224132885002 0.020407900208619136 -0.00045153361031386764 -0.017375056663226255 0.01562995309072512 0.0026854742992206398 0.013087703132827961 0.001907413452754733 -0.0093005442889478786 -0.01476574019099155 0.0056105705280136281 -0.043729398388378742 -0.0036262058614432435 0.0047654048481481368 -0.0074716772771407682 0.0063603609054287847 0.00058697646197537236 -0.0067880385957355301 -0.00055174605527453721
leaf_weight=3787803 3904 679 177 20411 8738 8205 112457 56385 10217 5419 5710 19404 1261 89037 13683 2591 4586 14090 73582 10474 12219 24317 414 16197 35897 47836 60540 398559 79423 75785
leaf_count=3787803 3904 679 177 20411 8738 8205 112457 56385 10217 5419 5710 19404 1261 89037 13683 2591 4586 14090 73582 10474 12219 24317 414 16197 35897 47836 60540 398559 79423 75785
internal_value=3.30156e-08 -0.00127201 -0.00333691 -0.00883798 0.00117943 -2.40865e-05 0.00162676 -0.00296579 0.00844519 0.0119738 0.0156389 -0.00910107 -0.00149289 -0.000575144 -0.011978 9.74534e-05 8.87832e-05 0.000135133 0.00370423 -0.00301914 -0.0100034 -0.000735755 0.00145608 0.00191782 6.53781e-05 2.74638e-05 0.0002148 -0.00117089 -0.00062661 -0.00374298
internal_weight=5e+06 355687 133986 44772 10678 221701 142008 79693 29551 21346 15927 23308 9999 89214 34094 4.64431e+06 4.64172e+06 4.57352e+06 87672 68207 16805 51402 40928 40514 4.48584e+06 4.44995e+06 3.84834e+06 601603 553767 155208
internal_count=5000000 355687 133986 44772 10678 221701 142008 79693 29551 21346 15927 23308 9999 89214 34094 4644313 4641722 4573515 87672 68207 16805 51402 40928 40514 4485843 4449946 3848343 601603 553767 155208
cat_boundaries=0 1 2 3
cat_threshold=32640 31744 32512
is_linear=0
shrinkage=0.1


Tree=212
num_leaves=31
num_cat=3
split_feature=72 73 91 76 48 73 77 74 76 7 83 2 83 80 1 86 83 77 1 0 76 89 77 1 0 80 21 9 8 77
split_gain=56.4549 118.036 76.5151 183.302 118.117 92.7362 72.5553 69.3049 68.2447 67.3925 156.172 113.814 150.884 142.949 134.081 122.019 118.888 119.563 116.757 278.744 256.105 213.198 156.462 203.906 249.528 228.07 183.781 189.097 171.378 145.243
threshold=27.989149093627933 131.188346862793 3.9500000476837163 0 1.3499999642372134 143.1933517456055 6.6499998569488534 14.500000000000002 1 26.94999980926514 29.250000000000004 25.849999427795414 23.94999980926514 28.050000190734867 28.250000000000004 25.849999427795414 27.849999427795414 29.650000572204593 21.550000190734867 20.750000000000004 2 20.550000190734867 19.849999427795414 18.250000000000004 17.750000000000004 17.250000000000004 18.150000572204593 14.34999990463257 21.44999980926514 24.750000000000004
decision_type=2 2 10 1 8 2 10 2 1 10 10 10 10 8 10 10 8 8 10 2 1 10 10 10 2 10 8 10 10 10
left_child=1 8 9 -4 5 7 -7 -5 -1 10 11 12 15 14 -13 18 -15 -18 21 -20 29 22 23 25 -25 28 27 -26 -2 -21
right_child=2 -3 3 4 -6 6 -8 -9 -10 -11 -12 13 -14 16 -16 -17 17 -19 19 20 -22 -23 -24 24 26 -27 -28 -29 -30 -31
leaf_value=-0.0042335737381067563 0.00014019071954067715 0.010908843086161279 0.0015717944725974963 0.011674454889923342 -0.0033831067977941986 0.037157970709259171 -0.0015336242473816639 -0.00061039868600018228 0.002090914467598768 -0.0013951068527790749 0.0054702990157549343 -0.0045999851693001277 0.0032586662987486208 -0.0055899161497699147 -0.018438818618028451 0.0066099784591117823 -0.0037975004862826154 0.0051728084258849966 -0.015967506035448508 -0.0053553208036737666 0.0013516471522045774 0.0041990686437715242 0.0038473074262334651 -0.012404858592447908 -0.0058050429525662176 0.0046852750624204959 -0.0037937666828788612 0.0041424426478322658 -0.0046414537855562531 0.0036747788925550837
leaf_weight=20475 2664005 13432 150455 5557 272746 1344 758 26451 102100 292478 54970 45600 155621 29165 8271 28408 22675 43105 13177 133978 186321 129023 105210 23839 25576 108260 163745 75587 77125 20543
leaf_count=20475 2664005 13432 150455 5557 272746 1344 758 26451 102100 292478 54970 45600 155621 29165 8271 28408 22675 43105 13177 133978 186321 129023 105210 23839 25576 108260 163745 75587 77125 20543
internal_value=2.95953e-08 0.0020095 -5.61592e-05 -0.00128736 -0.00268919 0.00285861 0.0232054 0.00152241 0.00103429 7.16102e-05 0.000175879 0.000104182 0.000207479 -0.00261014 -0.00672471 8.102e-05 -0.000275573 0.00208066 3.12467e-05 -0.00169639 -0.00114467 0.000212608 5.40229e-05 -7.31517e-05 -0.00260534 0.000183451 -0.00172349 0.00162752 5.65338e-06 -0.00415453
internal_weight=5e+06 136007 4.86399e+06 457311 306856 34110 2102 32008 122575 4.40668e+06 4.1142e+06 4.05923e+06 3.91042e+06 148816 53871 3.7548e+06 94945 65780 3.72639e+06 354019 340842 3.37237e+06 3.24335e+06 3.13814e+06 288747 2.84939e+06 264908 101163 2.74113e+06 154521
internal_count=5000000 136007 4863993 457311 306856 34110 2102 32008 122575 4406682 4114204 4059234 3910418 148816 53871 3754797 94945 65780 3726389 354019 340842 3372370 3243347 3138137 288747 2849390 264908 101163 2741130 154521
cat_boundaries=0 1 2 3
cat_threshold=16646151 12480 57312
is_linear=0
shrinkage=0.1


Tree=213
num_leaves=31
num_cat=10
split_feature=53 48 50 76 21 1 76 72 74 76 75 76 73 1 22 10 22 1 73 75 76 3 1 80 12 5 75 76 86 75
split_gain=61.5006 229.449 202.868 141.978 149.328 181.883 101.316 114.824 100.109 111.246 185.923 229.172 200.014 189.834 122.283 112.734 104.115 209.029 161.324 187.708 162.309 137.435 119.934 219.687 148.923 94.7094 276.009 254.406 241.69 218.687
threshold=0.94999998807907116 1.5500000119209292 0.75000000000000011 0 28.849999427795414 24.650000572204593 1 36.559150695800788 14.500000000000002 2 3 4 135.43164825439456 -2.1499999761581416 3.2500000000000004 -13.15000009536743 16.44999980926514 9.0500001907348651 135.43164825439456 5 6 5.4500000476837167 2.8500000238418584 4.0499999523162851 6.4500000476837167 12.250000000000002 7 8 9.6500000953674334 9
decision_type=8 10 10 1 8 10 1 2 2 1 1 1 2 10 10 10 8 10 2 1 1 10 10 10 10 8 1 1 8 1
left_child=1 3 -3 -1 8 -6 7 -4 -5 10 11 -10 -13 14 -12 -14 18 -18 19 20 21 -15 23 24 -20 26 -2 29 -27 -28
right_child=25 2 6 4 5 -7 -8 -9 9 -11 13 12 15 16 -16 -17 17 -19 22 -21 -22 -23 -24 -25 -26 28 27 -29 -30 -31
leaf_value=0.0019146998404364051 -0.00010432276959017584 -0.0073144631856840022 0.0019681316817669273 0.0025402983651524264 0.016191483372815976 -0.00051319007473542191 -0.0037528158336617122 -0.0028774651250526861 0.0019688654327813435 -0.00044783098391430493 0.0053855352576066698 -0.033494308974301001 -0.056193372813638426 0.058300392050440991 0.032116602183937443 -0.0085614284027981016 0.028760528506818647 -0.0015377218983188537 -0.0064010268510297985 -0.020643497699719404 -0.016554673817702249 0.0051072928885244166 -0.006632902615951012 0.037764997328635586 0.018753332497335767 -0.0063749788687049516 0.013368601758734744 0.001754610306307343 -3.6638902549457972e-05 0.0029440932292625205
leaf_weight=337504 1061066 74083 113647 74233 11528 14998 124453 85842 8831 394034 8808 5550 519 723 2124 11663 2356 67946 9380 12560 2048 1480 29324 1747 3142 62043 38290 415483 1982150 42445
leaf_count=337504 1061066 74083 113647 74233 11528 14998 124453 85842 8831 394034 8808 5550 519 723 2124 11663 2356 67946 9380 12560 2048 1480 29324 1747 3142 62043 38290 415483 1982150 42445
internal_value=2.67929e-08 -0.000562781 -0.00259355 0.000245115 -0.000604825 0.00674654 -0.00151392 -0.000116969 -0.000911216 -0.00136693 -0.0035198 -0.0111957 -0.0177494 -0.00207956 0.0105792 -0.0105907 -0.00313847 -0.00052235 -0.00618328 -0.0145053 0.00367061 0.0224627 -0.00297402 0.00454529 -8.93357e-05 0.000218576 0.00080611 0.00275284 -0.000229013 0.00788914
internal_weight=5e+06 1.39852e+06 398025 1.0005e+06 662994 26526 323942 199489 636468 562235 168201 26563 17732 141638 10932 12182 130706 70302 60404 16811 4251 2203 43593 14269 12522 3.60148e+06 1.55728e+06 496218 2.04419e+06 80735
internal_count=5000000 1398523 398025 1000498 662994 26526 323942 199489 636468 562235 168201 26563 17732 141638 10932 12182 130706 70302 60404 16811 4251 2203 43593 14269 12522 3601477 1557284 496218 2044193 80735
cat_boundaries=0 1 2 3 4 5 6 7 8 9 10
cat_threshold=16731137 8386560 448 4098 64 112 384 4110 196800 1808
is_linear=0
shrinkage=0.1


Tree=214
num_leaves=31
num_cat=8
split_feature=74 79 72 72 76 76 48 1 73 8 85 76 49 73 13 67 48 76 51 76 76 73 72 76 73 75 9 7 80 88
split_gain=57.7347 94.4812 67.4622 92.6725 145.999 123.867 69.6816 68.4222 67.3768 82.3601 72.0654 62.3528 60.2972 59.9142 58.8423 57.1389 88.8663 191.617 159.155 84.089 83.7925 75.8791 66.1753 289.992 155.252 132.506 221.091 163.347 131.945 170.644
threshold=560.50000000000011 3.3500000238418584 35.64580154418946 36.436649322509773 0 1 0.55000001192092907 -10.15000009536743 137.68579864501956 -3.9500000476837154 1.5500000119209292 2 1.0500000119209292 139.36750030517581 21.550000190734867 7.0499999523162851 7.4500000476837167 3 3.7500000000000004 4 5 138.49420166015628 42.50835037231446 6 141.52664947509768 7 -13.050000190734862 -10.349999904632567 -13.749999999999998 1.0000000180025095e-35
decision_type=2 10 2 2 1 1 10 8 2 8 8 1 10 2 10 8 10 1 10 1 1 2 2 1 2 1 8 8 10 10
left_child=15 2 11 4 8 6 7 -5 14 -10 12 -2 -11 -9 -4 16 22 -18 -19 21 -20 -17 -1 24 -24 26 28 -27 29 -26
right_child=1 -3 3 5 -6 -7 -8 13 9 10 -12 -13 -14 -15 -16 19 17 18 20 -21 -22 -23 23 -25 25 27 -28 -29 -30 -31
leaf_value=0.00025484429334884728 -0.01058417781356861 -0.0076482805127646956 -0.00043177007434223283 0.082890906034517015 -0.00054202430475439815 0.00018302208441393138 -0.0086180091054642201 -0.010218312554222139 0.029422220438190389 -0.0097737561943203929 0.012980457812078168 -0.0021995948018731491 0.0088952931106510667 0.011386911923451822 0.036104904103052358 0.00065272597220797065 0.0092224784532173362 -0.018387281137099511 -0.0087856386828381473 0.00024865538478554536 -0.0010730150025118168 0.0075980750349223152 0.0067576186294675883 -0.0022447861296112106 -0.15816660521703307 0.01866669762487284 -0.0053883478326625361 0.00092005134901541679 0.034982301917363394 -0.042192841633571912
leaf_weight=3649063 11703 22140 10555 107 69048 79732 31523 2249 2115 3158 13411 36610 3826 2990 460 26918 10880 7913 20132 121393 46887 37847 50586 492054 200 5310 17659 223073 111 347
leaf_count=3649063 11703 22140 10555 107 69048 79732 31523 2249 2115 3158 13411 36610 3826 2990 460 26918 10880 7913 20132 121393 46887 37847 50586 492054 200 5310 17659 223073 111 347
internal_value=2.02018e-08 -0.00137036 -0.000850736 -0.000105118 0.00208726 -0.00203374 -0.00682584 0.003729 0.00750045 0.0106387 0.0086908 -0.00423326 0.00045359 0.00211221 0.00109405 8.4281e-05 1.36317e-05 -0.00317377 -0.00497425 0.00180128 -0.0033913 0.00471068 7.52568e-05 -0.000754963 0.00171094 0.000676185 -0.00750499 0.00133261 -0.0644243 -0.0845964
internal_weight=5e+06 289627 267487 219174 102573 116601 36869 5346 33525 22510 20395 48313 6984 5239 11015 4.71037e+06 4.52422e+06 85812 74932 186158 67019 64765 4.4384e+06 789340 297286 246700 18317 228383 658 547
internal_count=5000000 289627 267487 219174 102573 116601 36869 5346 33525 22510 20395 48313 6984 5239 11015 4710373 4524215 85812 74932 186158 67019 64765 4438403 789340 297286 246700 18317 228383 658 547
cat_boundaries=0 1 2 3 4 5 6 7 8
cat_threshold=32640 65280 16128 917504 8323168 25536 14680190 4
is_linear=0
shrinkage=0.1


Tree=215
num_leaves=31
num_cat=2
split_feature=5 89 44 60 39 63 20 86 23 4 2 89 80 1 83 0 83 77 20 1 86 83 74 86 76 76 74 77 2 86
split_gain=58.6959 117.734 114.906 89.8233 93.196 84.7528 80.7409 142.704 106.646 118.055 105.622 243.406 220.532 192.727 185.176 247.57 193.169 192.429 203.496 210.801 179.148 158.168 143.049 142.057 132.443 126.503 123.329 110.735 184.116 228.034
threshold=-5.9500000476837149 -5.5499999523162833 1.0000000180025095e-35 3.1499999761581425 1.0000000180025095e-35 0.75000000000000011 -3.1499999761581416 1.0500000119209292 4.4500000476837167 3.8500000238418584 5.2500000000000009 10.650000095367433 6.8500001430511483 6.8500001430511483 5.0499999523162851 8.0500001907348651 8.4499998092651385 4.4500000476837167 6.0499999523162851 -2.7499999999999996 5.0499999523162851 11.650000095367433 54.500000000000007 -1.0000000180025095e-35 0 1 326.00000000000006 6.6499998569488534 9.4499998092651385 12.250000000000002
decision_type=8 8 8 10 8 8 10 8 10 10 10 10 8 8 10 2 10 10 10 8 10 10 2 10 1 1 2 8 10 8
left_child=2 5 3 4 -1 -2 -3 8 9 -8 11 14 25 24 17 16 -16 18 23 -20 22 -17 -21 -9 -13 -12 -18 -14 -29 -30
right_child=1 6 -4 -5 -6 -7 7 10 -10 -11 12 13 27 -15 15 21 26 -19 19 20 -22 -23 -24 -25 -26 -27 -28 28 29 -31
leaf_value=0.005306285074223668 -0.01586403695034358 0.0023294873662182271 -0.0075133740366577044 -0.0022736624313146091 -0.0094040440238678108 -0.0033701750957391072 -0.00070735829036467691 -0.001033517009117775 -0.0066855449137343389 -0.008461036577620925 -0.011651419993324365 0.039775049078805691 -0.0036323375642479104 0.00031279216812248587 0.0053521094009114731 -0.012620593606101816 0.029662070963945599 0.0055583817373772038 0.024391271670278183 -0.0016664352708959278 0.0045862542718397474 0.018791420530697427 -0.0092633498991742304 0.0029510235730907755 0.0014050600419044108 -0.0026879914928885037 0.0072378104272673525 0.0022461019941753674 -0.0027733734257359816 0.0001444320390378285
leaf_weight=84874 6264 143577 11228 24508 4537 40756 218785 189639 45448 21573 17430 3796 80630 3590 69453 10650 5803 62078 2585 42373 18494 1887 59719 169405 1190 162367 4248 363577 295807 2833729
leaf_count=84874 6264 143577 11228 24508 4537 40756 218785 189639 45448 21573 17430 3796 80630 3590 69453 10650 5803 62078 2585 42373 18494 1887 59719 169405 1190 162367 4248 363577 295807 2833729
internal_value=1.50267e-08 -5.48819e-05 0.00213842 0.00308971 0.00455984 -0.00503461 -6.38259e-06 -7.79793e-05 -0.00224325 -0.00140328 6.27173e-05 0.00124494 -0.000140405 0.0179796 0.0010194 0.00516776 0.00722725 0.00031791 -0.000356723 -0.00386406 -0.00446977 -0.00789263 -0.00611027 0.000846478 0.0306999 -0.00355773 0.0201846 3.15226e-05 0.000116094 -0.000131362
internal_weight=5e+06 4.87485e+06 125147 113919 89411 47020 4.82783e+06 4.68426e+06 285806 240358 4.39845e+06 644910 3.75354e+06 8576 636334 92041 79504 544293 482215 123171 120586 12537 102092 359044 4986 179797 10051 3.57374e+06 3.49311e+06 3.12954e+06
internal_count=5000000 4874853 125147 113919 89411 47020 4827833 4684256 285806 240358 4398450 644910 3753540 8576 636334 92041 79504 544293 482215 123171 120586 12537 102092 359044 4986 179797 10051 3573743 3493113 3129536
cat_boundaries=0 1 2
cat_threshold=2371520 16128
is_linear=0
shrinkage=0.1


Tree=216
num_leaves=31
num_cat=6
split_feature=52 48 76 76 22 1 14 74 76 75 1 0 76 73 73 72 73 14 2 4 83 0 1 86 23 76 77 2 77 3
split_gain=60.8858 218.736 127.73 123.343 129.741 136.492 148.211 112.57 101.081 177.78 187.839 170.124 159.295 187.32 148.434 128.653 311.692 113.514 139.295 100.793 225.096 220.646 178.54 139.102 151.188 129.61 125.387 114.001 110.945 158.888
threshold=0.94999998807907116 1.2500000000000002 0 1 27.250000000000004 24.050000190734867 27.150000572204593 14.500000000000002 2 3 -0.65000000596046437 -0.45000000298023218 4 135.43164825439456 135.49915313720706 37.290000915527351 139.17414855957034 17.349999427795414 7.6499998569488534 8.0500001907348651 6.8500001430511483 7.2500000000000009 5.6499998569488534 7.2500000000000009 9.2500000000000018 5 7.2500000000000009 8.2500000000000018 5.0499999523162851 4.2500000000000009
decision_type=8 10 1 1 8 10 10 2 1 1 10 2 1 2 2 2 2 8 10 10 10 2 8 10 10 1 10 10 10 10
left_child=1 3 -3 -1 7 6 -6 -5 9 12 11 14 -9 -14 -11 16 -15 -12 -19 20 23 26 25 24 28 -22 27 -21 29 -2
right_child=19 2 -4 4 5 -7 -8 8 -10 10 17 -13 13 15 -16 -17 -18 18 -20 21 22 -23 -24 -25 -26 -27 -28 -29 -30 -31
leaf_value=0.0028848625595207997 0.00090889878141682068 0.00050093735615767499 -0.0032961941149469974 0.0030092272772569277 0.0051338663738579472 0.0010668050743257479 0.027824479309096924 0.00050204106548126315 -0.00020843922753256325 -0.019699723977431593 -0.0068500973875664992 0.035375342585831991 -0.032222285608224301 -0.012845641256839803 0.0090571980212617986 -0.02047352719350512 0.03882085060429151 0.019252279801892525 -0.0014896699900830421 -0.0035593029025034612 0.029433999537130263 6.2691896636547385e-05 0.0034057495413343797 0.0055529496578615575 -0.0045630380122132792 0.0095517754728460455 0.0040007194627024812 -0.011141253882905065 0.004479261426764706 -0.0027136688291598977
leaf_weight=156532 659534 118909 347458 83024 6940 20499 4919 8272 504612 2127 46677 2064 5204 4450 11497 5462 1583 3405 65899 62110 4193 2384862 102359 51838 61457 15104 14601 29133 66975 148301
leaf_count=156532 659534 118909 347458 83024 6940 20499 4919 8272 504612 2127 46677 2064 5204 4450 11497 5462 1583 3405 65899 62110 4193 2384862 102359 51838 61457 15104 14601 29133 66975 148301
internal_value=1.88927e-08 -0.000559688 -0.0023281 0.00032411 -0.000192049 0.00600674 0.0145457 -0.000461549 -0.000897325 -0.00311634 -0.0016488 0.00862086 -0.0108508 -0.0164714 0.00456762 -0.00935503 0.000711139 -0.00303805 -0.00047059 0.000217582 0.00101023 -0.000135592 0.00506909 0.000510504 0.000231321 0.0138921 -0.0046033 -0.00598015 0.000568133 0.000243874
internal_weight=5e+06 1.39953e+06 466367 933166 776634 32358 11859 744276 661252 156640 131669 15688 24971 16699 13624 11495 6033 115981 69304 3.60047e+06 1.10976e+06 2.49071e+06 121656 988105 936267 19297 105844 91243 874810 807835
internal_count=5000000 1399533 466367 933166 776634 32358 11859 744276 661252 156640 131669 15688 24971 16699 13624 11495 6033 115981 69304 3600467 1109761 2490706 121656 988105 936267 19297 105844 91243 874810 807835
cat_boundaries=0 1 2 3 4 5 6
cat_threshold=4075520 4146176 448 4098 64 2097600
is_linear=0
shrinkage=0.1


Tree=217
num_leaves=31
num_cat=7
split_feature=88 48 76 74 1 15 72 1 56 3 76 6 12 50 26 73 76 79 55 72 76 72 76 73 76 13 73 73 75 2
split_gain=57.993 117.943 149.38 84.271 81.1364 84.7473 75.7946 153.071 174.825 137.982 118.631 115.045 73.3067 67.0183 63.4746 62.876 62.7853 62.1481 61.8316 58.7356 134.037 103.835 195.921 198.209 153.396 206.951 175.653 148.774 146.659 215.423
threshold=0.65000000596046459 1.8499999642372134 0 927.50000000000011 16.650000572204593 19.250000000000004 44.147500991821296 -12.849999904632567 1.7500000000000002 -8.5500001907348615 1 -13.15000009536743 -13.15000009536743 1.7500000000000002 1.0000000180025095e-35 144.7174987792969 2 1.0500000119209292 2.6499999761581425 32.94585037231446 3 33.817499160766609 4 135.9633483886719 5 27.750000000000004 134.25665283203128 139.87329864501956 6 3.8500000238418584
decision_type=8 10 1 2 8 10 2 8 10 8 1 10 8 10 10 2 1 10 10 2 1 2 1 2 1 10 2 2 1 10
left_child=1 6 4 19 5 14 9 8 10 15 -8 -10 -12 -4 -3 -1 -9 18 -13 20 -2 22 -21 -24 25 26 -23 -26 29 -28
right_child=3 2 13 -5 -6 -7 7 16 11 -11 12 17 -14 -15 -16 -17 -18 -19 -20 21 -22 24 23 -25 27 -27 28 -29 -30 -31
leaf_value=0.012995039682520589 -0.0048661344550771689 0.013866537689249928 -0.0018197065863960055 -0.0034586832941469916 0.0022399818867115495 0.038040522676321284 -0.057201911557889874 -0.016420192033968828 -0.31961152053305081 0.00014416889565058453 0.095246940330431185 -0.012247281486192082 -0.0095756092175627444 0.0033711699147389845 -0.0082466781107827531 0.068614597762657686 -0.00037765666869086768 -0.20762082342058422 -0.16484047613106667 0.0027420838149214278 0.0015115989075248576 -0.003775347001399271 -0.0036538088343150907 0.010748145349279141 0.00037204972412853481 0.010294048287091528 0.018665490333616121 -0.0010471616036086242 0.00052789117520404003 0.0033166449381720319
leaf_weight=6323 35771 15347 34989 74654 8816 1350 438 3224 28 447277 98 79 209 86019 1418 210 9945 40 40 72537 416962 65846 257081 9925 1508218 25433 9780 1447588 319724 140631
leaf_count=6323 35771 15347 34989 74654 8816 1350 438 3224 28 447277 98 79 209 86019 1418 210 9945 40 40 72537 416962 65846 257081 9925 1508218 25433 9780 1447588 319724 140631
internal_value=2.48757e-08 0.000908699 0.00336986 -0.000127618 0.0101042 0.0139371 0.000130557 -0.00708965 -0.0462539 0.000354907 -0.0245551 -0.132701 0.0231322 0.00187009 0.0119962 0.0147829 -0.0043179 -0.0997861 -0.0635391 -6.99138e-05 0.00100761 -0.000196401 -0.00186639 -0.00311835 -3.51849e-05 0.00148012 0.00106191 -0.000322999 0.00173941 0.00431437
internal_weight=5e+06 615850 147939 4.38415e+06 26931 18115 467911 14101 932 453810 745 187 307 121008 16765 6533 13169 159 119 4.3095e+06 452733 3.85676e+06 339543 267006 3.51722e+06 561414 535981 2.95581e+06 470135 150411
internal_count=5000000 615850 147939 4384150 26931 18115 467911 14101 932 453810 745 187 307 121008 16765 6533 13169 159 119 4309496 452733 3856763 339543 267006 3517220 561414 535981 2955806 470135 150411
cat_boundaries=0 1 2 3 4 5 6 7
cat_threshold=263040 263119 990592 96 99080 1572960 816
is_linear=0
shrinkage=0.1


Tree=218
num_leaves=31
num_cat=3
split_feature=20 22 80 2 83 1 83 15 76 72 77 1 21 1 86 86 1 76 0 1 9 1 18 80 1 76 73 48 83 1
split_gain=58.4631 205.25 197.578 176.947 165.257 151.514 240.021 161.315 138.798 142.39 128.556 265.387 126.499 219.714 201.202 193.744 204.529 231.012 177.432 337.58 176.405 168.46 139.547 129.126 232.781 126.766 202.637 126.18 125.163 140.332
threshold=15.150000095367433 12.050000190734865 13.050000190734865 12.650000095367433 19.150000572204593 8.4499998092651385 11.250000000000002 14.750000000000002 0 33.559150695800788 9.2500000000000018 9.6500000953674334 5.8500001430511483 10.449999809265138 3.0499999523162846 9.0500001907348651 -2.1499999761581416 1 0.65000000596046459 1.0000000180025095e-35 2.4500000476837163 3.6499999761581425 6.8500001430511483 -0.45000000298023218 -0.45000000298023218 2 137.9433517456055 2.4500000476837163 13.949999809265138 12.449999809265138
decision_type=10 8 10 8 8 8 10 10 1 2 10 10 8 10 10 10 8 1 2 8 8 8 10 10 8 1 2 10 10 10
left_child=2 -2 10 -4 5 6 7 -3 9 -7 12 -12 13 14 23 16 17 22 25 -20 27 -17 -14 -1 -25 26 -18 -15 -11 -30
right_child=1 4 3 -5 -6 8 -8 -9 -10 28 11 -13 15 20 -16 21 18 -19 19 -21 -22 -23 -24 24 -26 -27 -28 -29 29 -31
leaf_value=-0.00091822227277448497 -0.01008868135203524 -0.0085982898745648583 0.0090891128567790903 0.0018151579991122681 0.00017007147171655294 0.0014593473767779168 0.031291323933389424 0.010643058231697634 -0.0009506642540602115 -0.011437104673226849 0.007534473339960073 0.00049407070528041761 -0.0027737596188359154 -0.033141682766821466 0.0030077834626456002 0.034813535674928058 -0.019184416123064534 -0.017250179085910058 0.020947327924669787 -0.0022849405489748487 -0.0039961112800175587 0.0011838002940057664 0.032663357616115822 0.0088159601040123711 0.00052039252823781997 -0.017004779920282053 0.0076288443335177022 -0.0044713258994412168 0.010977458006894977 -0.0051122000687090531
leaf_weight=660778 21530 8053 38608 249971 1782186 32677 3278 9494 298562 31377 65097 301596 1489 4216 259107 1501 4642 1801 6326 553455 21034 194927 4380 38662 270449 13864 7175 2414 5714 105637
leaf_count=660778 21530 8053 38608 249971 1782186 32677 3278 9494 298562 31377 65097 301596 1489 4216 259107 1501 4642 1801 6326 553455 21034 194927 4380 38662 270449 13864 7175 2414 5714 105637
internal_value=7.572e-09 -0.000370703 0.000315419 0.00278832 -0.000278814 -0.00189565 0.00645264 0.00181246 -0.00226245 -0.00449498 1.96657e-05 0.00174391 -0.000289328 0.000333905 0.000532287 -0.00128126 -0.00218273 0.0140411 -0.00239527 -0.0020224 -0.00847937 0.00144078 0.0236325 -0.000129044 0.00155796 -0.010523 -0.00290159 -0.0227027 -0.00585852 -0.00428656
internal_weight=5e+06 2.29851e+06 2.70149e+06 288579 2.27698e+06 494792 20825 17547 473967 175405 2.41291e+06 366693 2.04622e+06 1.25666e+06 1.229e+06 789560 593132 7670 585462 559781 27664 196428 5869 969889 309111 25681 11817 6630 142728 111351
internal_count=5000000 2298508 2701492 288579 2276978 494792 20825 17547 473967 175405 2412913 366693 2046220 1256660 1228996 789560 593132 7670 585462 559781 27664 196428 5869 969889 309111 25681 11817 6630 142728 111351
cat_boundaries=0 1 2 3
cat_threshold=1027840 2016 30944
is_linear=0
shrinkage=0.1


Tree=219
num_leaves=31
num_cat=5
split_feature=20 89 89 77 76 71 0 76 2 74 22 14 1 86 2 89 68 77 2 0 83 1 20 74 8 76 75 72 1 75
split_gain=55.8869 153.609 147.801 140.196 146.779 249.522 144.195 192.126 133.633 129.848 120.644 108.781 232.502 109.832 100.51 98.4312 94.9632 96.0399 167.184 246.262 217.554 253.788 168.736 186.782 165.44 160.253 300.266 343.894 326.741 171.049
threshold=20.550000190734867 16.150000572204593 22.550000190734867 27.750000000000004 0 1.5500000119209292 26.650000572204593 1 15.150000095367433 180.00000000000003 30.250000000000004 20.150000572204593 15.449999809265138 13.750000000000002 9.4499998092651385 17.250000000000004 7.4500000476837167 16.349999427795414 14.550000190734865 13.750000000000002 11.650000095367433 9.6500000953674334 10.650000095367433 69.500000000000014 11.84999990463257 2 3 37.846700668334968 5.6499998569488534 4
decision_type=10 10 8 8 1 8 2 1 8 2 10 8 10 8 8 10 10 10 10 2 10 10 10 2 8 1 1 2 10 1
left_child=1 16 11 6 5 -5 -4 -8 -3 10 -6 13 15 -2 -15 -13 17 18 20 -20 22 -22 -1 25 -21 26 -24 28 -28 -27
right_child=2 8 3 4 9 -7 7 -9 -10 -11 -12 12 -14 14 -16 -17 -18 -19 19 24 21 -23 23 -25 -26 29 27 -29 -30 -31
leaf_value=9.7527812835037427e-05 -0.018976170533251915 0.0066442931781077715 -0.00048935825809463373 0.0088713341136356632 0.0019097482078921429 0.00061840774577528611 -0.0097880478564176584 0.00051869304332720161 0.0012418026166047412 -0.0027465832203506591 -0.0039138151405990603 0.0063436188480233031 -0.0021230371835869364 0.018455056566985904 -0.004883764269443802 0.02609124831441248 0.0031554745982254532 0.0020061553437058133 -0.008724466209281849 -0.0073695263166395786 0.013293654224532259 0.0018278715557281675 0.017733171445985973 -0.0043124990149311024 -0.0004199791434744178 0.0051150287088277419 0.02587664629061109 -0.020505834384589167 -0.0021325682498635418 -0.0029336879287177237
leaf_weight=1762456 5480 50286 366083 58189 275546 98901 41870 31840 511533 116549 40847 15192 223734 1885 87476 3027 88482 190088 51265 38977 21148 221487 13541 202927 282778 32592 5831 6523 14576 138891
leaf_count=1762456 5480 50286 366083 58189 275546 98901 41870 31840 511533 116549 40847 15192 223734 1885 87476 3027 88482 190088 51265 38977 21148 221487 13541 202927 282778 32592 5831 6523 14576 138891
internal_value=-2.24079e-10 0.00020504 -0.000545132 4.95917e-05 0.00105692 0.00367521 -0.00130186 -0.00533717 0.00172536 0.000106812 0.00115791 -0.00236364 -0.00123844 -0.00523417 -0.00439145 0.00962459 -7.30413e-05 -0.000168803 -0.000316829 -0.00228744 -1.30733e-05 0.00282723 -0.000329587 -0.00214401 -0.00126184 -6.78778e-05 0.00559139 -0.000518083 0.00587065 -0.00140374
internal_weight=5e+06 3.63338e+06 1.36662e+06 1.02982e+06 590032 157090 439793 73710 561819 432942 316393 336794 241953 94841 89361 18219 3.07156e+06 2.98308e+06 2.79299e+06 373020 2.41997e+06 242635 2.17734e+06 414881 321755 211954 40471 26930 20407 171483
internal_count=5000000 3633381 1366619 1029825 590032 157090 439793 73710 561819 432942 316393 336794 241953 94841 89361 18219 3071562 2983080 2792992 373020 2419972 242635 2177337 414881 321755 211954 40471 26930 20407 171483
cat_boundaries=0 1 2 3 4 5
cat_threshold=3968 524032 16768 3584 992
is_linear=0
shrinkage=0.1


Tree=220
num_leaves=31
num_cat=3
split_feature=50 76 48 0 83 86 85 74 73 80 87 73 77 72 13 72 80 72 76 91 77 76 16 86 77 73 85 79 82 48
split_gain=56.0452 179.862 174.428 106.309 161.38 179.662 181.611 159.371 148.938 138.926 135.913 143.04 139.406 155.499 147.149 133.902 132.557 120.772 120.577 115.335 109.311 101.036 98.8379 92.0527 96.6208 231.065 176.566 175.581 132.877 97.0765
threshold=0.35000000894069677 0 1.7500000000000002 -12.849999904632567 -13.249999999999998 -0.25000000745058054 3.3500000238418584 159.50000000000003 142.44419860839847 -6.6499998569488517 1.0000000180025095e-35 144.7174987792969 -13.15000009536743 45.113349914550788 -3.1499999761581416 42.843351364135749 -13.749999999999998 42.666648864746101 1 0.25000000745058065 -8.9499998092651349 2 -7.4500000476837149 -10.849999904632567 -13.15000009536743 142.50080108642581 2.6499999761581425 1.8499999642372134 0.15000000223517421 0.84999999403953563
decision_type=8 1 10 2 10 8 8 2 2 10 8 2 8 2 8 2 10 2 1 8 10 1 8 8 8 2 10 10 10 8
left_child=1 -1 23 4 5 7 15 10 17 22 11 12 13 14 -2 -7 -17 -9 20 -19 -6 -14 -8 24 25 27 -27 28 29 -3
right_child=3 2 -4 -5 18 6 9 8 -10 -11 -12 -13 21 -15 -16 16 -18 19 -20 -21 -22 -23 -24 -25 -26 26 -28 -29 -30 -31
leaf_value=0.008629474551790358 -0.04506685373460325 -0.1282548050160596 -0.0085210136053329253 8.0240809117561164e-05 0.05243369918858716 0.06903853166635758 -0.083068675752097781 0.10040132288547124 0.045345813714490812 0.098733320607552466 0.077523333528890792 0.066498040078917312 -0.027353326977455728 0.13037728651737174 0.034380357027951162 -0.02457898574501215 0.029379010957464258 -0.16790608744013985 0.017216619616025206 -0.012737222254766249 0.20715918261177688 0.019856078059248113 -0.026391035388151407 -0.00073783924877969293 -0.0061464006987532911 0.027128590707411516 -0.12070348960939253 -0.22830050363129861 -0.0070497615011813845 0.071072991827019941
leaf_weight=18501 1563 257 32203 4510072 670 254 590 85 1904 63 218 276 594 60 274 1463 661 53 3524 498 49 1817 643 419669 3102 510 96 74 230 27
leaf_count=18501 1563 257 32203 4510072 670 254 590 85 1904 63 218 276 594 60 274 1463 661 53 3524 498 49 1817 643 419669 3102 510 96 74 230 27
internal_value=1.92676e-09 -0.00103374 -0.00142582 0.000108433 0.00844121 0.00205877 -0.0159944 0.0110927 0.0313505 -0.0461109 0.000377458 -0.00329135 -0.00776253 -0.0280425 -0.0332168 0.000418947 -0.00778697 -0.0105472 0.0250118 -0.0276627 0.0621144 0.00819396 -0.0535117 -0.000886924 -0.0154507 -0.0396232 0.00370965 -0.0842826 -0.0635486 -0.109305
internal_weight=5e+06 474669 456168 4.52533e+06 15259 11016 3674 7342 2540 1296 4802 4584 4308 1897 1837 2378 2124 636 4243 551 719 2411 1233 423965 4296 1194 606 588 514 284
internal_count=5000000 474669 456168 4525331 15259 11016 3674 7342 2540 1296 4802 4584 4308 1897 1837 2378 2124 636 4243 551 719 2411 1233 423965 4296 1194 606 588 514 284
cat_boundaries=0 1 2 3
cat_threshold=491520 9088 15204360
is_linear=0
shrinkage=0.1


Tree=221
num_leaves=31
num_cat=2
split_feature=85 74 21 83 21 1 83 1 54 48 76 21 0 89 3 89 2 2 89 77 10 77 48 76 1 17 0 77 0 21
split_gain=56.5115 126.155 95.7836 103.88 125.018 101.363 109.628 159.128 99.1279 144.252 80.071 80.6322 103.63 79.553 114.581 108.749 136.122 107.773 185.35 165.215 158.478 139.641 136.661 118.687 107.812 102.906 97.5337 95.3219 95.3173 86.8482
threshold=1.5500000119209292 684.00000000000011 30.44999980926514 27.44999980926514 26.050000190734867 27.650000572204593 23.250000000000004 23.050000190734867 1.6500000357627871 5.1499998569488534 0 27.150000572204593 30.94999980926514 2.4500000476837163 -4.7499999999999991 -6.9500000476837149 -12.849999904632567 4.2500000000000009 10.250000000000002 9.4499998092651385 -1.9499999880790708 0.65000000596046459 1.7500000000000002 1 6.4500000476837167 20.050000190734867 0.65000000596046459 -6.4500000476837149 3.4500000476837163 4.8500001430511483
decision_type=10 2 10 8 8 10 8 10 8 10 1 10 2 8 10 10 8 8 10 10 8 8 8 1 10 10 2 10 2 10
left_child=13 2 3 4 5 6 7 8 9 -2 -5 12 -12 14 15 27 -17 18 19 21 22 -15 23 -19 -20 -23 -18 -1 -22 -30
right_child=1 -3 -4 10 -6 -7 -8 -9 -10 -11 11 -13 -14 17 -16 16 26 20 24 -21 28 25 -24 -25 -26 -27 -28 -29 29 -31
leaf_value=-0.0029544346119021684 -0.00097531400542740377 -0.0046818932888987759 -0.0050476752014063098 -0.0002602013726778989 -0.0043932473535947571 -0.0098424712664462229 0.0025203736246989183 -0.00688078568559242 0.00046754062372231253 -0.0095177655233337106 0.0076981846234746342 0.0020729404691067752 0.034321915162673196 -0.001809638901531905 -0.0018623811676276943 0.041742807860698158 0.0061977995408954677 -0.029055674388523703 0.032151840022642167 0.025072342988770681 -0.0063817093917477551 0.0027093750143379943 -0.00089705915837647227 -0.0035490596218267535 -0.0032320866717307955 0.046736299992614271 -0.027595025116410751 0.01458462261591871 0.0025693008581125598 0.00016879902891919405
leaf_weight=33171 465672 67797 41197 50374 73971 10781 143028 36761 811583 20644 25478 37796 1551 88437 328305 1059 34155 4750 3179 3029 21354 254795 8505 2978 1181 532 876 3418 161473 2262170
leaf_count=33171 465672 67797 41197 50374 73971 10781 143028 36761 811583 20644 25478 37796 1551 88437 328305 1059 34155 4750 3179 3029 21354 254795 8505 2978 1181 532 876 3418 161473 2262170
internal_value=5.40244e-09 -0.000450859 -0.000283972 -0.000166992 -0.00038066 -0.00018125 -0.000110763 -0.000392728 -0.000208963 -0.00133794 0.00273098 0.00505462 0.00922593 0.000250686 -0.00106703 0.00252572 0.00642057 0.000438563 0.00207744 0.00181983 0.000204739 0.00161494 -0.00964326 -0.0192688 0.0225673 0.00280111 0.00535276 -0.00131601 0.000270123 0.00032873
internal_weight=5e+06 1.78663e+06 1.71884e+06 1.67764e+06 1.56244e+06 1.48847e+06 1.47769e+06 1.33466e+06 1.2979e+06 486316 115199 64825 27029 3.21337e+06 400984 72679 36090 2.81238e+06 351153 346793 2.46123e+06 343764 16233 7728 4360 255327 35031 36589 2.445e+06 2.42364e+06
internal_count=5000000 1786633 1718836 1677639 1562440 1488469 1477688 1334660 1297899 486316 115199 64825 27029 3213367 400984 72679 36090 2812383 351153 346793 2461230 343764 16233 7728 4360 255327 35031 36589 2444997 2423643
cat_boundaries=0 1 2
cat_threshold=1015824 229376
is_linear=0
shrinkage=0.1


Tree=222
num_leaves=31
num_cat=8
split_feature=91 48 76 74 72 76 74 76 72 72 76 88 23 76 77 74 79 49 48 74 76 73 76 80 83 0 76 48 78 74
split_gain=56.6836 88.7175 77.5053 66.7202 96.2997 174.272 113.187 100.323 99.9033 97.3441 93.5645 87.0613 76.078 68.189 67.3528 142.624 94.084 194.904 92.827 131.819 117.279 116.4 111.964 110.183 103.219 92.9697 92.4401 91.5927 81.9245 79.1118
threshold=0.65000000596046459 1.8499999642372134 0 408.50000000000006 37.649148941040046 1 416.50000000000006 2 35.808349609375007 35.906650543212898 3 0.84999999403953563 2.8500000238418584 4 -10.550000190734862 331.50000000000006 1.3499999642372134 1.0500000119209292 2.2500000000000004 158.50000000000003 5 143.93750000000003 6 -13.749999999999998 -10.550000190734862 -12.849999904632567 7 0.15000000223517421 3.2500000000000004 152.50000000000003
decision_type=8 8 1 2 2 1 2 1 2 2 1 10 8 1 8 2 10 10 10 2 1 2 1 8 10 2 1 8 8 2
left_child=1 -1 -3 14 6 -6 7 -5 11 10 -10 -8 -7 -11 15 18 -17 -18 19 20 28 24 -21 -23 27 -20 -25 -22 29 -2
right_child=3 2 -4 4 5 12 8 -9 9 13 -12 -13 -14 -15 -16 16 17 -19 25 22 21 23 -24 26 -26 -27 -28 -29 -30 -31
leaf_value=0.0002308976184005611 -0.024802874393706591 0.0071477109077168607 0.0017553273709753595 -0.018452318922722113 -0.013815561013164593 0.0019547168356742919 -0.00033047641751887311 -0.00012644891988998407 0.019884245228513446 -0.0018746664329385061 0.0038941396020242222 -0.0051078319281800365 -0.0047124955292707832 0.0017096996858108845 4.178128421380112e-05 -0.047410269847459857 -0.38535043207498698 0.0057051606401801111 0.03308932197710561 0.013790143098230316 -0.071236921278317752 0.071441002309514612 -0.018117977855534369 0.046489848500777108 0.013957472450887576 -0.00073270358394235391 -0.018887275859129887 -0.018377543182600594 -0.10917366572706276 -0.10323174343958719
leaf_weight=481680 3200 34947 112328 6565 15555 27796 94987 5485 4693 85235 16569 63746 44538 140631 3847719 320 26 25 1094 3421 395 307 1609 312 817 3161 649 1927 129 134
leaf_count=481680 3200 34947 112328 6565 15555 27796 94987 5485 4693 85235 16569 63746 44538 140631 3847719 320 26 25 1094 3421 395 307 1609 312 817 3161 649 1927 129 134
internal_value=-1.71004e-09 0.000887617 0.00303549 -0.000127722 -0.00120775 -0.00421658 -0.000574977 -0.010126 -0.000291406 0.000965995 0.0074347 -0.00224903 -0.00215017 0.000357061 1.36086e-05 -0.00617153 -0.0675142 -0.193657 -0.00484491 -0.00906962 -0.0171511 -0.00626974 0.00357475 0.0192866 -0.0166132 0.00796325 0.00262541 -0.0273696 -0.0308913 -0.0279551
internal_weight=5e+06 628955 147275 4.37104e+06 505800 87889 417911 12050 405861 247128 21262 158733 72334 225866 3.86524e+06 17526 371 51 17155 12900 7870 4407 5030 1268 3139 4255 961 2322 3463 3334
internal_count=5000000 628955 147275 4371045 505800 87889 417911 12050 405861 247128 21262 158733 72334 225866 3865245 17526 371 51 17155 12900 7870 4407 5030 1268 3139 4255 961 2322 3463 3334
cat_boundaries=0 1 2 3 4 5 6 7 8
cat_threshold=459648 3840 130672 15872 246172 15597617 14714107 3968
is_linear=0
shrinkage=0.1


Tree=223
num_leaves=31
num_cat=8
split_feature=24 2 4 89 86 80 1 77 80 0 20 83 1 0 75 74 1 76 11 75 76 12 73 75 76 1 76 86 76 89
split_gain=54.933 58.9923 57.258 228.503 142.49 119.229 170.843 273.669 171.721 160.372 160.166 191.839 161.105 188.758 177.899 139.243 166.516 169.798 248.518 185.759 238.43 210.221 201.426 159.06 154.251 149.63 132.653 141.799 120.188 115.693
threshold=7.2500000000000009 27.550000190734867 21.150000572204593 22.550000190734867 19.250000000000004 22.849999427795414 19.849999427795414 19.250000000000004 19.250000000000004 19.250000000000004 15.650000095367433 14.550000190734865 5.2500000000000009 5.2500000000000009 0 62.500000000000007 15.050000190734865 1 17.650000572204593 2 3 15.949999809265138 139.12249755859378 4 5 12.84999990463257 6 22.349999427795414 7 11.250000000000002
decision_type=2 8 10 10 8 10 10 10 10 2 10 10 8 2 1 2 8 1 10 1 1 8 2 1 1 10 1 10 1 10
left_child=2 -2 3 5 -4 6 7 8 10 -8 11 29 13 -12 -14 16 17 18 19 20 -16 -21 -22 -20 -24 -23 -11 -28 -13 -1
right_child=1 -3 4 -5 -6 -7 9 -9 -10 26 12 28 14 -15 15 -17 -18 -19 23 21 22 25 24 -25 -26 -27 27 -29 -30 -31
leaf_value=-0.00023330430191658439 0.0037357746928923306 0.027049252342080134 -0.0050794563105024523 0.0052265893391314436 -0.0003532961809365727 0.0058565037341510306 -0.016392534879365952 0.0057007070228686542 0.0053494348118553877 0.0040682937067349134 -0.0011520616547867398 0.0074679842407184178 -0.0052920447059056968 0.030085591414037716 0.019723776446747172 -0.0024981891885555944 -0.0010152295905124001 -0.00011742471675696338 0.033466541392378445 -0.016829224866115808 -0.022158199850737498 0.028622405238254784 0.027195490700091592 0.0065033950905023872 -0.013479224644899535 -0.0053353663090714518 -0.0048450722312139947 0.0030483121978821621 0.0017634630085532268 0.0018310240796853457
leaf_weight=2160055 21530 1143 67436 87405 1180595 35054 8437 86846 59258 27805 4357 51865 113178 3479 11753 260198 158796 38732 5869 6624 3186 2363 2428 3513 1504 2878 127176 27719 128305 310513
leaf_count=2160055 21530 1143 67436 87405 1180595 35054 8437 86846 59258 27805 4357 51865 113178 3479 11753 260198 158796 38732 5869 6624 3186 2363 2428 3513 1504 2878 127176 27719 128305 310513
internal_value=3.14012e-09 0.00491106 -2.2368e-05 0.000173841 -0.000608669 5.25757e-05 -3.83129e-06 0.000158974 1.43961e-05 -0.00291322 -8.22959e-05 0.000255886 -0.00153082 0.0127167 -0.00171354 -0.00089989 0.000850047 0.00460653 0.00916502 0.00481886 0.0109798 -0.00498503 -0.00346534 0.0234131 0.0116722 0.00997511 -0.00229076 -0.0034323 0.00340612 2.61505e-05
internal_weight=5e+06 22673 4.97733e+06 3.7293e+06 1.24803e+06 3.64189e+06 3.60684e+06 3.4157e+06 3.32885e+06 191137 3.2696e+06 2.65074e+06 618858 7836 611022 497844 237646 78850 40118 30736 18871 11865 7118 9382 3932 5241 182700 154895 180170 2.47057e+06
internal_count=5000000 22673 4977327 3729296 1248031 3641891 3606837 3415700 3328854 191137 3269596 2650738 618858 7836 611022 497844 237646 78850 40118 30736 18871 11865 7118 9382 3932 5241 182700 154895 180170 2470568
cat_boundaries=0 1 2 3 4 5 6 7 8
cat_threshold=4124 16864 3584 16768 480 64 16646161 3936032
is_linear=0
shrinkage=0.1


Tree=224
num_leaves=31
num_cat=0
split_feature=77 3 1 24 89 80 48 84 7 23 78 21 1 14 77 80 73 77 2 0 13 25 21 80 2 0 80 77 1 1
split_gain=53.891 57.3451 105.445 98.5145 99.7028 98.3603 90.0325 109.977 124.787 76.9425 75.4189 71.4947 364.446 233.402 170.448 167.786 131.65 105.675 107.63 151.317 100.692 125.426 98.7968 98.7449 110.49 319.399 254.222 191.102 209.706 179.696
threshold=34.750000000000007 29.94999980926514 30.44999980926514 1.0000000180025095e-35 27.050000190734867 27.650000572204593 1.3499999642372134 1.0000000180025095e-35 25.349999427795414 29.44999980926514 1.0000000180025095e-35 26.250000000000004 21.150000572204593 27.44999980926514 25.849999427795414 25.750000000000004 138.34999847412112 26.550000190734867 24.750000000000004 24.250000000000004 27.44999980926514 0.75000000000000011 27.250000000000004 22.44999980926514 16.94999980926514 16.250000000000004 15.650000095367433 15.150000095367433 13.449999809265138 17.150000572204593
decision_type=10 10 10 2 8 8 10 10 10 10 10 10 8 8 10 8 2 8 8 2 8 8 10 10 10 2 10 10 8 10
left_child=1 2 11 4 -3 -4 -6 10 -9 -7 -8 14 13 16 23 20 -13 -17 19 -19 21 -14 -20 24 26 29 27 -1 -29 -26
right_child=-2 3 5 -5 6 9 7 8 -10 -11 -12 12 15 -15 -16 17 -18 18 22 -21 -22 -23 -24 -25 25 -27 -28 28 -30 -31
leaf_value=-0.0001720169212445229 0.013871897060283342 -0.010743757779253869 -0.030548408906744807 0.016721729762579737 -0.0076171923702179015 0.017201426770406422 0.00075315722832740664 -0.12061189382981796 -0.018064780082284036 0.0042929956917807655 -0.026613563802846543 0.013906425190640368 -0.011661550400814104 0.03167655054482376 0.0043275960313469974 -0.0051792719313480525 -0.0022360915657083959 -0.0056083247910556104 0.003539443325001169 0.0085697037811405859 -0.0015093001521526552 0.0050241515219974654 -0.0026024707904891888 0.0018352689261136293 -0.0047597778736801774 -0.00052784542682811461 0.0040329609613933524 0.014750152863682196 0.002294986971381939 -0.01707286743719531
leaf_weight=2705745 2799 13393 696 2691 19774 6194 79082 130 1361 18144 1020 10142 37832 4238 94056 50518 10067 10332 33732 27733 23294 5114 117136 282324 47384 1094768 165499 15550 103446 15806
leaf_count=2705745 2799 13393 696 2691 19774 6194 79082 130 1361 18144 1020 10142 37832 4238 94056 50518 10067 10332 33732 27733 23294 5114 117136 282324 47384 1094768 165499 15550 103446 15806
internal_value=1.90864e-08 -7.75074e-06 4.48043e-05 -0.00219126 -0.00263475 0.00651818 -0.00156336 -9.62137e-05 -0.0270058 0.00757818 0.000404676 1.14235e-05 -0.00140926 0.0103397 0.000115084 -0.00234885 0.00586512 -0.00111663 -3.03395e-05 0.00472136 -0.0068032 -0.00967462 -0.00122922 2.56562e-05 -9.7505e-05 -0.000926855 0.000223657 4.73734e-07 0.00392259 -0.00783971
internal_weight=5e+06 4.9972e+06 4.87975e+06 117451 114760 25034 101367 81593 1491 24338 80102 4.85472e+06 330138 24447 4.52458e+06 305691 20209 239451 188933 38065 66240 42946 150868 4.43052e+06 4.1482e+06 1.15796e+06 2.99024e+06 2.82474e+06 118996 63190
internal_count=5000000 4997201 4879750 117451 114760 25034 101367 81593 1491 24338 80102 4854716 330138 24447 4524578 305691 20209 239451 188933 38065 66240 42946 150868 4430522 4148198 1157958 2990240 2824741 118996 63190
is_linear=0
shrinkage=0.1


Tree=225
num_leaves=31
num_cat=9
split_feature=82 76 72 72 73 86 48 73 19 0 73 72 76 48 75 75 76 75 76 74 73 76 74 72 77 0 74 76 72 2
split_gain=56.9423 271.832 227.049 177.708 156.379 179.916 157.346 156.107 137.469 137.079 115.132 137.888 169.976 273.895 205.011 107.709 220.965 237.015 110.019 104.565 135.508 151.635 120.372 148.158 113.688 105.738 102.693 100.053 339.627 181.637
threshold=1.5500000119209292 0 42.974149703979499 37.996650695800788 142.79664611816409 -7.1499998569488517 1.3499999642372134 141.5683517456055 -6.6499998569488517 -12.849999904632567 145.20670318603518 42.50835037231446 1 1.5500000119209292 2 3 4 5 6 1099.0000000000002 137.13330078125003 7 49.500000000000007 33.215848922729499 30.44999980926514 2.6499999761581425 288.50000000000006 8 40.354150772094734 -6.6499998569488517
decision_type=10 1 2 2 2 8 8 2 8 2 2 2 1 8 1 1 1 1 1 2 2 1 2 2 8 2 2 1 2 8
left_child=10 3 4 19 -3 6 -6 -4 -9 -5 11 27 13 14 -13 18 17 -17 -14 20 21 -2 -23 24 -24 -22 -11 29 -29 -1
right_child=1 2 7 9 5 -7 -8 8 -10 26 -12 12 15 -15 -16 16 -18 -19 -20 -21 25 22 23 -25 -26 -27 -28 28 -30 -31
leaf_value=0.018462253994888288 0.0012104976788371218 0.00014172028861740416 0.010950073730297157 0.034668970734667806 -0.086154813679984649 -0.0064034833376909982 -0.01865665410321837 0.011252583038940597 0.0015289928254309674 -0.0032934479695833478 0.014302127457657089 -0.017438735172825029 0.0046984610720229997 2.3315914010244589e-05 -0.0053842981328215559 0.019882704224443552 -3.7734165035990518e-05 0.0021003033192319438 -0.004212910353599132 -0.012412404179267509 0.011233359556966202 -0.0013407651194893833 -0.0056579835814733409 -0.0097842505070514247 0.010170533599511056 0.0013385388533318822 -0.010026320095025239 -0.00044349211868852188 0.005876145214428953 0.0010295651314494497
leaf_weight=6004 111215 719544 27058 928 536 14875 971 16453 125018 288801 5809 17940 16724 87939 66106 12322 173609 19135 80551 7328 11792 98562 11364 48078 7554 128348 24582 1456744 90311 1323799
leaf_count=6004 111215 719544 27058 928 536 14875 971 16453 125018 288801 5809 17940 16724 87939 66106 12322 173609 19135 80551 7328 11792 98562 11364 48078 7554 128348 24582 1456744 90311 1323799
internal_value=1.71779e-08 -0.000482361 0.000679966 -0.00190577 -7.82313e-05 -0.00973913 -0.042664 0.00399087 0.00265984 -0.00370794 0.000236107 0.000211725 -0.00136801 -0.00387781 -0.00796009 5.97988e-05 0.00135975 0.00906994 -0.0026805 -0.000570626 -0.000362485 -0.00164535 -0.00356364 -0.00683438 0.000662379 0.00217113 -0.00382158 0.000472186 -7.4576e-05 0.00110826
internal_weight=5e+06 1.64301e+06 904455 738552 735926 16382 1507 168529 141471 314311 3.35699e+06 3.35118e+06 474326 171985 84046 302341 205066 31457 97275 424241 416913 276773 165558 66996 18918 140140 313383 2.87686e+06 1.54706e+06 1.3298e+06
internal_count=5000000 1643007 904455 738552 735926 16382 1507 168529 141471 314311 3356993 3351184 474326 171985 84046 302341 205066 31457 97275 424241 416913 276773 165558 66996 18918 140140 313383 2876858 1547055 1329803
cat_boundaries=0 1 2 3 4 5 6 7 8 9
cat_threshold=65408 2065280 50 3084 48 224 24640 57344 982912
is_linear=0
shrinkage=0.1


Tree=226
num_leaves=31
num_cat=2
split_feature=23 77 0 2 80 23 3 80 0 73 73 86 2 89 86 80 0 80 50 76 1 1 76 83 80 20 89 89 1 48
split_gain=56.2284 166.948 133.686 129.23 118.74 114.163 107.335 103.39 168.917 112.722 181.325 115.541 103.041 191.125 186.76 144.065 179.555 164.564 138.74 143.547 128.802 121.546 279.625 117.79 105.498 103.854 181.234 168.599 175.61 186.577
threshold=-2.4500000476837154 -1.4499999880790708 -7.5499999523162833 -8.6500000953674299 1.8499999642372134 5.8500001430511483 2.8500000238418584 -8.2499999999999982 -6.6499998569488517 144.7174987792969 144.53585052490237 -13.749999999999998 4.8500001430511483 10.650000095367433 6.2500000000000009 3.6499999761581425 5.8500001430511483 11.449999809265138 1.9499999880790713 0 7.2500000000000009 1.8499999642372134 1 4.6499998569488534 6.6499998569488534 12.650000095367433 17.650000572204593 7.8500001430511483 20.349999427795414 2.3500000238418584
decision_type=8 10 2 8 8 10 10 10 2 2 2 8 8 10 8 10 2 10 10 1 10 8 1 10 10 8 8 8 10 10
left_child=1 7 -2 -4 5 6 -5 9 -9 10 -1 -11 13 15 -14 23 21 18 -18 -20 -15 22 24 -6 -17 27 -27 -16 -29 -30
right_child=2 -3 3 4 12 -7 -8 8 -10 11 -12 -13 14 20 25 16 17 -19 19 -21 -22 -23 -24 -25 -26 26 -28 28 29 -31
leaf_value=-0.0021264934566427893 -0.0135725511560357 0.0068946122694215593 0.024713312279674226 -0.00044273654783761148 -0.00030376833017664167 -0.0073832677178171536 -0.0058417500835706189 0.0097578474646553143 0.00058581143912415381 0.044290637898885016 -0.050315919947444936 0.0057010930767263006 -0.0032086623280421105 0.026989861287836172 -0.0017957413828280926 0.020663989606471825 -0.0086816985248902821 0.029152073608855258 0.026709087943563848 -0.0036504852546914608 -0.0053396786034486388 0.0044317217270230498 0.00077969528779151236 0.0051373244896914146 0.048800620845466464 -0.0018831183311288292 0.0001376455388876965 0.0017582743453892877 -0.019652070720245472 0.0025553715185026747
leaf_weight=118625 7338 45610 2104 236326 387747 34466 43619 24617 108922 885 786 6293 187067 4710 186068 7900 20621 1521 2516 4061 1669 79174 8992 44336 1603 564419 2077181 775653 7966 7205
leaf_count=118625 7338 45610 2104 236326 387747 34466 43619 24617 108922 885 786 6293 187067 4710 186068 7900 20621 1521 2516 4061 1669 79174 8992 44336 1603 564419 2077181 775653 7966 7205
internal_value=1.56217e-08 0.00131404 -8.55667e-05 -6.4451e-05 -7.5579e-05 -0.00195258 -0.00128397 0.000335555 0.00227661 -0.00171207 -0.00244369 0.0104589 5.94542e-05 0.00131979 -0.000127614 0.0011232 0.00409287 -0.002858 -0.00464811 0.00799848 0.0185312 0.00613674 0.0134356 0.000254542 0.0253835 3.16681e-05 -0.000294122 0.000912633 0.00154987 -0.00910533
internal_weight=5e+06 305738 4.69426e+06 4.68692e+06 4.68482e+06 314411 279945 260128 133539 126589 119411 7178 4.37041e+06 564850 3.80556e+06 558471 126388 28719 27198 6577 6379 97669 18495 432083 9503 3.61849e+06 2.6416e+06 976892 790824 15171
internal_count=5000000 305738 4694262 4686924 4684820 314411 279945 260128 133539 126589 119411 7178 4370409 564850 3805559 558471 126388 28719 27198 6577 6379 97669 18495 432083 9503 3618492 2641600 976892 790824 15171
cat_boundaries=0 1 2
cat_threshold=8389568 4032
is_linear=0
shrinkage=0.1


Tree=227
num_leaves=31
num_cat=7
split_feature=74 79 72 72 76 73 76 2 0 87 75 81 51 48 48 76 90 49 84 57 13 91 76 49 33 49 76 75 4 81
split_gain=56.8125 81.0771 65.464 62.7391 89.4069 109.945 79.4108 66.768 61.2012 68.8715 58.8169 58.1139 56.1441 423.959 156.428 441.181 377.381 349.846 202.198 181.238 177.768 173.596 159.184 135.151 131.313 128.315 165.994 280.402 160.993 211.086
threshold=560.50000000000011 2.0499999523162846 35.64580154418946 36.436649322509773 0 137.68579864501956 1 -10.249999999999998 25.550000190734867 1.2500000000000002 2 1.2500000000000002 1.2500000000000002 2.5499999523162846 1.3499999642372134 3 1.0000000180025095e-35 1.0500000119209292 1.0000000180025095e-35 2.4500000476837163 16.050000190734867 2.4500000476837163 4 1.3499999642372134 1.0000000180025095e-35 1.3499999642372134 5 6 11.84999990463257 1.0000000180025095e-35
decision_type=2 10 2 2 1 2 1 10 2 10 1 10 8 10 8 1 10 10 10 10 10 10 1 10 10 8 1 1 10 10
left_child=12 2 -2 4 5 7 -5 -4 -6 11 -8 -10 13 -1 15 16 17 -14 20 -17 24 25 -23 -15 -19 -16 27 -27 29 -29
right_child=1 -3 3 6 8 -7 10 -9 9 -11 -12 -13 14 23 21 19 -18 18 -20 -21 -22 22 -24 -25 -26 26 -28 28 -30 -31
leaf_value=0.00011175990165576737 -0.0041763940345819275 -0.0047857002280337754 0.084664643214703336 -0.0058892307516601938 0.0010815464948770786 0.014328658606497322 0.0043586609386533038 -0.0030257371539683564 -0.011677119924110815 -0.16122698510298505 -0.0017411373094853224 -0.15664823081876553 -0.00023528621929106076 -0.011668920968662372 -0.0012109314445214756 0.0020758106735762161 0.009748258770673205 -0.014195752122432861 0.01240836426214138 -0.0019292986815086775 -0.0045223401011095258 -0.0019367961597227302 0.0008783666071040954 -0.0040079665816354403 0.00611392089761904 0.00069865447330268973 0.0012249275711149555 0.015706848899889114 0.0049330159080789348 -0.0090823104846157725
leaf_weight=1566672 40901 55765 88 29260 72371 11479 23755 6525 2221 32 47202 28 58657 28484 171807 304761 15613 71419 3967 179550 33479 381138 424627 120219 3332 103375 1144894 34412 60151 3816
leaf_count=1566672 40901 55765 88 29260 72371 11479 23755 6525 2221 32 47202 28 58657 28484 171807 304761 15613 71419 3967 179550 33479 381138 424627 120219 3332 103375 1144894 34412 60151 3816
internal_value=1.88294e-08 -0.00135937 -0.000542358 0.000227931 0.00210233 0.00840715 -0.0015067 -0.00185883 0.000573147 -0.0155547 0.000301281 -0.013482 8.36039e-05 -0.000372583 0.000344884 -0.00100038 -0.00513337 -0.00649359 -0.00976545 0.000590973 -0.0105782 0.000733132 -0.000453257 -0.00547542 -0.0132905 0.00136269 0.00169103 0.00433577 0.00815713 0.0132323
internal_weight=5e+06 289627 233862 192961 92744 18092 100217 6613 74652 2281 70957 2249 4.71037e+06 1.71538e+06 2.995e+06 670778 186467 170854 112197 484311 108230 2.32422e+06 805765 148703 74751 1.51846e+06 1.34665e+06 201754 98379 38228
internal_count=5000000 289627 233862 192961 92744 18092 100217 6613 74652 2281 70957 2249 4710373 1715375 2994998 670778 186467 170854 112197 484311 108230 2324220 805765 148703 74751 1518455 1346648 201754 98379 38228
cat_boundaries=0 1 2 3 4 5 6 7
cat_threshold=15872 65280 7176 983552 62918 525184 4326
is_linear=0
shrinkage=0.1


Tree=228
num_leaves=31
num_cat=5
split_feature=79 76 72 80 77 72 89 88 75 76 49 75 48 72 77 4 89 3 80 2 86 74 74 76 56 58 49 83 0 6
split_gain=53.7245 230.345 168.013 190.374 126.022 125.962 121.739 102.842 100.516 120.407 162.612 114.499 153.738 113.233 99.5766 97.0718 95.1355 118.828 112.152 100.537 226.629 187.552 266.853 186.901 145.604 132.484 121.447 114.008 103.984 105.538
threshold=1.0500000119209292 0 43.847499847412116 -13.749999999999998 29.44999980926514 44.050001144409187 13.050000190734865 2.9500000476837163 1 2 1.6500000357627871 3 3.0499999523162846 40.792499542236335 5.6499998569488534 -8.6500000953674299 -1.2499999999999998 -3.4500000476837154 -9.3499999046325666 -12.849999904632567 -13.749999999999998 219.50000000000003 134.50000000000003 4 2.4500000476837163 3.9500000476837163 0.25000000745058065 -13.249999999999998 -12.849999904632567 -7.5499999523162833
decision_type=10 1 2 8 10 2 8 8 1 1 10 1 10 2 10 10 8 10 8 8 10 2 2 1 10 10 8 10 2 10
left_child=16 2 3 -2 8 -3 7 -7 9 11 13 -5 15 -11 -4 -13 17 18 -1 20 21 22 25 -24 27 -20 -23 -25 29 -22
right_child=1 5 14 4 -6 6 -8 -9 -10 10 -12 12 -14 -15 -16 -17 -18 -19 19 -21 28 26 23 24 -26 -27 -28 -29 -30 -31
leaf_value=-0.0072617893396093054 0.057833924716186508 -6.2210795604849907e-05 -0.016067354037041685 -0.0033530798461419891 0.0062250264630160194 0.013782008470564492 0.00035487377896418825 0.0036803981410471116 -0.0040732604620136561 -0.0039845246757830447 0.00066173796677218761 0.12276875342564691 -0.0047862959741759884 -0.015476594115108898 -0.0047934244697400742 0.01367766043891183 0.00041397278823826142 -0.0043946920487428669 0.032953935015179653 0.0013225445457473214 0.08617132202291812 -0.024205947145201728 0.04127963773710297 -0.067774560295383549 -0.18211545811192889 -0.10666574192598362 0.064857177687541831 0.083074329007003053 0.023479647296124079 -0.029710958554903882
leaf_weight=14881 533 1493132 13190 11417 17912 16802 48134 25185 179442 55936 98886 82 5834 10126 19295 15447 2803370 94991 833 70949 672 211 173 694 106 74 558 54 992 89
leaf_count=14881 533 1493132 13190 11417 17912 16802 48134 25185 179442 55936 98886 82 5834 10126 19295 15447 2803370 94991 833 70949 672 211 173 694 106 74 558 54 992 89
internal_value=1.64646e-08 -0.000399555 -0.00245753 -0.00188991 -0.00197048 0.000156922 0.00378755 0.00772277 -0.00235969 -0.000804351 -0.00190447 0.00473031 0.00904986 -0.00574603 -0.00937102 0.0142537 0.000268927 -0.00192571 0.000671929 0.00223763 0.0168077 -0.00135382 -0.0179639 -0.0528721 -0.07159 0.0215627 0.0404198 -0.0568844 0.0448116 0.0726187
internal_weight=5e+06 2.01135e+06 428100 395615 395082 1.58325e+06 90121 41987 377170 197728 164948 32780 21363 66062 32485 15529 2.98865e+06 185277 90286 75405 4456 2703 1934 1027 854 907 769 748 1753 761
internal_count=5000000 2011353 428100 395615 395082 1583253 90121 41987 377170 197728 164948 32780 21363 66062 32485 15529 2988647 185277 90286 75405 4456 2703 1934 1027 854 907 769 748 1753 761
cat_boundaries=0 1 2 3 4 5
cat_threshold=3968 3640 128 48 3584
is_linear=0
shrinkage=0.1


Tree=229
num_leaves=31
num_cat=4
split_feature=5 86 83 1 74 50 80 86 20 3 80 75 76 1 72 0 82 76 80 1 20 45 25 54 75 50 80 5 12 83
split_gain=54.4589 158.457 155.692 224.321 172.031 147.792 126.025 114.776 116.352 140.575 125.008 110.41 127.179 101.609 105.709 101.559 91.4557 134.709 149.713 200.667 200.328 134.234 127.495 126.658 96.3671 93.4446 142.759 114.484 91.8192 89.5146
threshold=-1.0000000180025095e-35 0.25000000745058065 -1.9499999880790708 -3.0499999523162837 311.50000000000006 1.2500000000000002 -1.7499999999999998 -2.2499999999999996 -6.6499998569488517 -4.2499999999999991 -9.3499999046325666 0 1 -3.8500000238418575 39.944999694824226 -1.8499999642372129 1.0500000119209292 2 11.250000000000002 10.250000000000002 15.949999809265138 1.0000000180025095e-35 0.75000000000000011 1.4499999880790713 3 1.8499999642372134 27.050000190734867 12.650000095367433 -2.2499999999999996 -0.25000000745058054
decision_type=8 8 10 8 2 8 10 10 8 10 10 1 1 10 2 2 10 1 8 10 10 10 8 8 1 10 8 8 10 10
left_child=2 -2 6 4 29 -5 7 8 9 10 11 12 -1 14 -8 -6 28 18 20 -20 23 22 25 -18 -22 26 -21 -27 -3 -4
right_child=1 16 3 5 15 -7 13 -9 -10 -11 -12 -13 -14 -15 -16 -17 17 -19 19 21 24 -23 -24 -25 -26 27 -28 -29 -30 -31
leaf_value=-0.0089041513383130277 -0.0036159084051809128 -0.0053714429455916941 0.017185731538188722 -0.0015945109833207377 0.0018526807835284648 0.0049218894700218188 0.0066230617054921634 0.0033293247012112213 -0.0031025398689835748 -0.0075707040261463526 0.0086541167937176124 -0.0068429258835865404 0.0078963882128816523 0.0028956893718183859 0.037067406700564375 0.043053653139865117 -0.0081019003018153301 -4.5521907947481874e-05 0.011925062388659511 -0.0057514467754298144 -0.0057424279180084198 0.0051419330036885924 0.0065334603051870627 -0.0012145134621529955 -0.025930193987988084 0.0045247874994898451 0.002448234168663509 -0.002233170670388143 0.00043593682763260659 0.038838062732508095
leaf_weight=5890 125654 27524 6195 59708 8977 83447 3052 53233 190182 14334 26656 15352 19077 51784 1821 641 42708 1327038 11704 119260 3785 28676 16494 71239 6382 32541 25832 109153 2508901 2760
leaf_count=5890 125654 27524 6195 59708 8977 83447 3052 53233 190182 14334 26656 15352 19077 51784 1821 641 42708 1327038 11704 119260 3785 28676 16494 71239 6382 32541 25832 109153 2508901 2760
internal_value=2.15893e-08 -0.000115185 0.000945435 0.00354546 0.0138851 0.00220399 -0.000157127 -0.000916436 -0.00174893 0.00141717 0.00334075 -0.000172057 0.00393097 0.00419478 0.0179999 0.00459856 -1.3625e-05 -0.000559887 -0.00201906 -0.000943977 -0.00499601 -0.00139771 -0.00201605 -0.00379595 -0.0184458 -0.00250776 -0.00429159 -0.000681159 0.000372918 0.0238591
internal_weight=5e+06 4.45689e+06 543109 161728 18573 143155 381381 324724 271491 81309 66975 40319 24967 56657 4873 9618 4.33124e+06 1.79481e+06 467774 343660 124114 331956 303280 113947 10167 286786 145092 141694 2.53642e+06 8955
internal_count=5000000 4456891 543109 161728 18573 143155 381381 324724 271491 81309 66975 40319 24967 56657 4873 9618 4331237 1794812 467774 343660 124114 331956 303280 113947 10167 286786 145092 141694 2536425 8955
cat_boundaries=0 1 2 3 4
cat_threshold=6146 1423232 12160 3586
is_linear=0
shrinkage=0.1


Tree=230
num_leaves=31
num_cat=6
split_feature=4 0 80 1 86 21 83 1 52 1 83 1 76 22 76 73 76 14 48 1 76 18 75 48 21 85 0 2 0 76
split_gain=52.8209 262.855 220.508 217.947 177.555 188.41 163.335 176.047 160.148 165.895 158.534 156.023 149.647 137.501 134.985 272.375 129.626 124.716 145.116 141.738 120.753 119.367 114.486 114.094 111.38 108.255 122.158 107.803 195.813 196.232
threshold=14.250000000000002 12.050000190734865 14.250000000000002 12.449999809265138 13.550000190734865 11.84999990463257 8.0500001907348651 8.4499998092651385 1.3499999642372134 2.8500000238418584 14.750000000000002 10.050000190734865 0 14.949999809265138 1 135.43164825439456 2 2.0499999523162846 2.7500000000000004 14.34999990463257 3 14.150000095367433 4 1.0000000180025095e-35 7.6499998569488534 1.0500000119209292 4.6499998569488534 7.0499999523162851 6.2500000000000009 5
decision_type=10 2 10 8 10 10 10 8 8 10 10 8 1 8 1 2 1 8 8 10 1 10 1 8 10 8 2 10 2 1
left_child=2 20 4 12 5 6 23 -8 9 21 14 13 -4 -6 15 -11 -9 18 19 -3 -2 -7 -5 -1 -21 -10 -27 -25 -29 -30
right_child=1 17 3 22 11 8 7 16 25 10 -12 -13 -14 -15 -16 -17 -18 -19 -20 24 -22 -23 -24 27 -26 26 -28 28 29 -31
leaf_value=-0.004453421289762483 0.0015061031164643819 0.012603282768860274 0.022606744892945643 0.0059840075300971315 0.009107603228222412 -0.0032379485208071726 0.0067355076809647065 -0.002669541257290773 0.0052026944795299087 0.0014007359970429015 0.0051460278045115338 0.0028935937234999161 0.0050148679103955394 0.037502322665794868 -0.0044804949766464068 -0.018693108956838077 0.0027614813593907035 -0.00011799173229264041 0.0040970521744932631 -0.046128179402856948 -0.0086398765828197624 0.024354925589628908 -0.00038142025277988144 0.00047646178952564816 -0.0011217980860818585 -0.013708071540708992 -0.00062940610576295471 -0.0078739108475443364 -0.00479645774672674 0.001154925353901359
leaf_weight=57497 15006 752 9979 53300 6176 2937 73664 64601 31093 10143 13956 106349 9411 2356 118951 20142 137409 2368375 2634 2392 53767 3363 60125 1309831 714 7505 147496 42835 78394 188847
leaf_count=57497 15006 752 9979 53300 6176 2937 73664 64601 31093 10143 13956 106349 9411 2356 118951 20142 137409 2368375 2634 2392 53767 3363 60125 1309831 714 7505 147496 42835 78394 188847
internal_value=1.15175e-08 -0.000332426 0.000317791 0.00428517 0.000100371 -9.0564e-05 0.000294901 0.0025507 -0.00220775 -0.00443147 -0.00504617 0.00393742 0.0140827 0.0169484 -0.00599931 -0.0119594 0.00102469 -0.000155932 -0.0139973 -0.0263509 -0.0064271 0.0114914 0.00261028 -7.58307e-05 -0.0357822 -0.000182416 -0.00126266 7.95476e-05 -0.00159711 -0.000591024
internal_weight=5e+06 2.44364e+06 2.55636e+06 132815 2.42354e+06 2.30866e+06 1.95308e+06 275674 355586 169492 163192 114881 19390 8532 149236 30285 202010 2.37487e+06 6492 3858 68773 6300 113425 1.6774e+06 3106 186094 155001 1.61991e+06 310076 267241
internal_count=5000000 2443640 2556360 132815 2423545 2308664 1953078 275674 355586 169492 163192 114881 19390 8532 149236 30285 202010 2374867 6492 3858 68773 6300 113425 1677404 3106 186094 155001 1619907 310076 267241
cat_boundaries=0 1 2 3 4 5 6
cat_threshold=788416 768 63936 508128 188 65504
is_linear=0
shrinkage=0.1


Tree=231
num_leaves=31
num_cat=8
split_feature=88 18 86 1 86 74 76 86 1 73 11 48 23 75 76 76 50 73 12 73 3 85 76 76 21 86 76 1 48 76
split_gain=55.1131 106.522 143.356 135.305 129.287 112.023 109.284 106.538 102.693 98.1076 95.1092 93.9665 83.5265 75.1135 143.486 119.983 97.487 81.7939 74.5081 72.7693 104.907 100.316 94.7741 91.6798 72.3194 109.835 78.3458 102.794 102.191 95.219
threshold=1.4499999880790713 -0.25000000745058054 1.0500000119209292 -0.25000000745058054 10.250000000000002 180.00000000000003 0 -8.0500001907348615 -12.849999904632567 144.96915435791018 -8.7499999999999982 0.45000000298023229 6.0499999523162851 1 2 3 1.5500000119209292 137.36500549316409 10.449999809265138 143.05250549316409 -13.050000190734862 8.6500000953674334 4 5 30.44999980926514 27.250000000000004 6 26.349999427795414 1.0500000119209292 7
decision_type=10 10 8 8 10 2 1 8 8 2 10 10 10 1 1 1 8 2 10 2 10 8 1 1 10 10 1 10 8 1
left_child=-1 7 12 4 6 24 -4 9 10 11 -9 -2 -3 14 17 -15 -17 -7 -18 20 22 -21 -13 -22 25 26 27 -5 29 -28
right_child=1 2 3 5 -6 13 -8 8 -10 -11 -12 19 -14 15 -16 16 18 -19 -20 21 23 -23 -24 -25 -26 -27 28 -29 -30 -31
leaf_value=0.00025631314426383703 -0.022878621706350823 -0.0034777879556103734 0.018377184540854335 0.0014997170117416225 0.20230810070676464 -0.0042497698037361146 -0.0014705703502148398 0.079154276121045253 0.0023452575779546233 0.021198536935986046 0.0076554237739072141 -0.002461981293888988 -0.012831543021108749 -0.0055138527312133395 -0.0074218315335915584 -0.0026171448492557994 0.0062308046428483097 0.0050617371860150187 0.00030432678643849684 -0.029764704336752153 -0.028116723483218593 -0.00050914973894846988 0.065543133850949176 0.0017851887446701476 -0.0045197567451739978 0.0031999988740666614 -0.0062175268222209876 -0.0058976011450785513 -0.0013213956632146711 0.0027014231753727993
leaf_weight=3132930 3182 75099 6419 302518 35 18921 4885 334 180158 1295 420 379 10937 50462 62280 80217 29977 18814 72563 2192 1170 2519 447 7820 36190 99452 13357 20029 650399 114600
leaf_count=3132930 3182 75099 6419 302518 35 18921 4885 334 180158 1295 420 379 10937 50462 62280 80217 29977 18814 72563 2192 1170 2519 447 7820 36190 99452 13357 20029 650399 114600
internal_value=1.39758e-08 -0.000430054 -0.000691617 -0.000475306 0.0104091 -0.000553928 0.00981498 0.00175119 0.00249939 -0.00537143 0.0393273 -0.0073144 -0.00466685 -0.00218122 -0.00447372 -0.00119784 -5.88625e-06 0.000392678 0.0020369 -0.00390521 0.000997942 -0.0141216 0.0351035 -0.00213567 -0.000115394 1.73954e-05 -0.000270111 0.00104034 -0.000813157 0.00177013
internal_weight=5e+06 1.86707e+06 1.66715e+06 1.58112e+06 11339 1.56978e+06 11304 199916 180912 19004 754 17709 86036 333234 100015 233219 182757 37735 102540 14527 9816 4711 826 8990 1.23654e+06 1.20036e+06 1.1009e+06 322547 778356 127957
internal_count=5000000 1867070 1667154 1581118 11339 1569779 11304 199916 180912 19004 754 17709 86036 333234 100015 233219 182757 37735 102540 14527 9816 4711 826 8990 1236545 1200355 1100903 322547 778356 127957
cat_boundaries=0 1 2 3 4 5 6 7 8
cat_threshold=1068992 7174 16646191 393696 12590856 32256 6225921 1536
is_linear=0
shrinkage=0.1


Tree=232
num_leaves=31
num_cat=5
split_feature=85 74 21 83 1 1 83 1 1 2 76 83 1 76 76 53 74 83 83 1 76 76 1 89 74 80 21 83 1 83
split_gain=52.5063 84.5481 84.0887 182.764 271.564 142.164 127.918 174.568 153.094 122.148 107.914 107.867 134.326 142.484 132.41 109.975 108.518 106.553 99.3554 172.091 149.552 98.1948 91.7143 87.6939 126.963 87.0571 125.711 121.197 124.989 85.4932
threshold=1.2500000000000002 684.00000000000011 4.0499999523162851 9.2500000000000018 5.4500000476837167 10.050000190734865 13.650000095367433 13.650000095367433 13.650000095367433 9.2500000000000018 0 2.6499999761581425 1.6500000357627871 1 2 1.7500000000000002 19.500000000000004 12.050000190734865 -5.0499999523162833 -6.6499998569488517 3 4 14.550000190734865 -13.15000009536743 158.50000000000003 15.449999809265138 15.84999990463257 18.44999980926514 18.650000572204593 21.050000190734867
decision_type=10 2 8 8 8 8 8 8 10 10 1 10 8 1 1 8 2 10 8 10 1 1 10 8 2 8 8 8 8 8
left_child=-1 2 18 9 -5 17 8 -8 10 11 -7 21 14 15 16 -14 -13 -6 20 -20 -2 -4 -21 24 -22 -9 -27 -28 -29 -30
right_child=1 -3 3 4 5 6 7 25 -10 -11 -12 12 13 -15 -16 -17 -18 -19 19 22 23 -23 -24 -25 -26 26 27 28 29 -31
leaf_value=0.00027273282293672325 -0.019910305846860245 -0.0035204244364637339 -0.017353608613820272 0.028105720863610004 0.0025383409017222017 -0.0084949174581590188 0.0061268829285120417 -0.0038913136899668948 -0.0082304481460041354 -0.0076943853503193219 -0.00015703790825633441 0.056217671652474856 -0.0072917127922318206 0.0015872754526585896 8.1154421105518202e-05 -0.00084083873706006142 0.016032009397157255 0.013170384658273793 0.021361099085297514 0.0015358441982012434 0.0015526416127995286 -0.0043822119266071101 -0.024057506996578378 -0.0025242294995408473 0.038416044064810924 0.0028771333735083914 -0.0034413724838284043 0.0053535203843530681 -0.0028714563495696012 0.00020335404014385313
leaf_weight=2927019 4676 82579 6756 3411 54645 17878 44919 61470 41069 44065 117407 861 50789 83626 4846 55096 3061 11391 4388 338063 3341 42688 1406 49078 1297 130242 117393 41506 108348 546686
leaf_count=2927019 4676 82579 6756 3411 54645 17878 44919 61470 41069 44065 117407 861 50789 83626 4846 55096 3061 11391 4388 338063 3341 42688 1406 49078 1297 130242 117393 41506 108348 546686
internal_value=2.00197e-08 -0.000385046 -0.000254964 -0.000582079 -7.31351e-05 -0.000147475 -0.000390743 2.76065e-05 -0.00288291 -0.00284323 -0.00125953 -0.0019803 -0.000938278 -0.00149813 0.0111623 -0.00393471 0.0247908 0.00437233 0.00103654 0.00168419 -0.00277728 -0.00615901 0.00142984 -0.0012819 0.0118614 -0.000244829 -7.42655e-06 -0.000469001 3.19543e-05 -0.000305245
internal_weight=5e+06 2.07298e+06 1.9904e+06 1.58815e+06 1.29636e+06 1.29295e+06 1.22692e+06 1.05056e+06 176354 291788 135285 247723 198279 189511 8768 105885 3922 66036 402249 343857 58392 49444 339469 53716 4638 1.00564e+06 944175 813933 696540 655034
internal_count=5000000 2072981 1990402 1588153 1296365 1292954 1226918 1050564 176354 291788 135285 247723 198279 189511 8768 105885 3922 66036 402249 343857 58392 49444 339469 53716 4638 1005645 944175 813933 696540 655034
cat_boundaries=0 1 2 3 4 5
cat_threshold=960 8181 10688 7168 67072
is_linear=0
shrinkage=0.1


Tree=233
num_leaves=31
num_cat=4
split_feature=5 0 80 1 77 80 86 20 1 0 80 76 76 77 1 77 0 83 21 7 76 89 20 76 1 53 0 1 86 1
split_gain=53.5949 190.321 112.914 163.82 211.842 172.869 155.322 121.262 118.396 322.413 279.392 264.599 169.163 145.244 156.149 327.997 326.804 231.336 229.78 203.935 201.58 186.35 231.845 174.026 155.022 196.038 181.643 155.014 153.668 159.302
threshold=23.849999427795414 28.94999980926514 25.050000190734867 22.849999427795414 22.550000190734867 22.849999427795414 22.44999980926514 23.650000572204593 19.650000572204593 19.250000000000004 19.050000190734867 0 1 17.849999427795414 15.050000190734865 14.050000190734865 14.84999990463257 14.949999809265138 15.34999990463257 17.050000190734867 2 15.150000095367433 15.150000095367433 3 5.2500000000000009 1.5500000119209292 5.2500000000000009 10.650000095367433 9.4499998092651385 4.4500000476837167
decision_type=10 2 10 10 10 8 10 8 10 2 10 1 1 10 10 10 2 10 8 10 1 10 10 1 8 10 2 8 10 10
left_child=1 2 3 4 6 -5 8 -7 10 12 13 -11 -10 14 15 17 23 19 20 21 -18 22 28 -16 26 -26 -24 -17 -1 -30
right_child=-2 -3 -4 5 -6 7 -8 -9 9 11 -12 -13 -14 -15 16 27 18 -19 -20 -21 -22 -23 24 -25 25 -27 -28 -29 29 -31
leaf_value=-0.00013594389580640821 -0.00075756146719249012 0.0090746880107468644 0.0040443869255298711 -0.009957339053402986 0.005781821878983455 0.001136106116333148 0.0049681514244214429 -0.0043810887696940455 -0.0200931192118282 0.0031067212544626209 0.0054530006032267493 -0.0028635516072092358 -0.0032707963233272307 0.0031749061522928293 -0.016904803348335617 0.021356451760147888 0.0073880135410304181 0.0064156327212879106 -0.0025383908383751919 -0.0045019284471652359 -0.00019379118864910948 0.0080713722840518188 -0.0030012376719604252 -0.00424541140392053 -0.0073898171842009105 -0.00043851108572821044 0.024396166406522014 0.0046270082509107914 0.022546820675950513 0.0020836399456144565
leaf_weight=1915299 786885 23715 71018 29014 65924 81359 63544 78058 13857 109661 97077 229730 10533 139040 19790 5847 49555 54231 316756 104896 119896 28286 5747 24098 92245 72422 4180 105042 3857 278438
leaf_count=1915299 786885 23715 71018 29014 65924 81359 63544 78058 13857 109661 97077 229730 10533 139040 19790 5847 49555 54231 316756 104896 119896 28286 5747 24098 92245 72422 4180 105042 3857 278438
internal_value=8.2916e-09 0.0001415 9.09316e-05 2.27577e-05 0.00016086 -0.00285754 6.49614e-05 -0.00156537 -1.70198e-05 -0.00173255 0.000164573 -0.000934483 -0.0128379 1.08473e-05 -0.000126606 0.000184592 -0.00169435 -4.60816e-05 -0.000948362 -0.000185951 0.00202389 2.64847e-06 -9.35631e-05 -0.00995861 -0.00360095 -0.00433257 0.00853509 0.00550913 0.000185091 0.00236323
internal_weight=5e+06 4.21312e+06 4.1894e+06 4.11838e+06 3.92995e+06 188431 3.86403e+06 159417 3.80048e+06 363781 3.4367e+06 339391 24390 3.33962e+06 3.20058e+06 2.67049e+06 530095 2.5596e+06 486207 2.50537e+06 169451 2.40047e+06 2.37219e+06 43888 174594 164667 9927 110889 2.19759e+06 282295
internal_count=5000000 4213115 4189400 4118382 3929951 188431 3864027 159417 3800483 363781 3436702 339391 24390 3339625 3200585 2670490 530095 2559601 486207 2505370 169451 2400474 2372188 43888 174594 164667 9927 110889 2197594 282295
cat_boundaries=0 1 2 3 4
cat_threshold=16711696 984960 1969664 983808
is_linear=0
shrinkage=0.1


Tree=234
num_leaves=31
num_cat=5
split_feature=51 76 48 5 83 1 74 83 80 76 73 86 6 76 80 72 86 83 2 76 54 76 85 21 84 1 72 77 3 0
split_gain=52.2436 106.177 112.244 68.9446 144.32 152.933 164.859 130.208 116.393 101.787 96.8678 97.4226 117.297 106.211 109.483 97.1359 96.9542 92.7347 91.5172 113.953 86.0141 82.9449 107.486 94.0611 80.5835 78.706 74.3358 72.899 72.654 181.316
threshold=0.35000000894069677 0 1.0500000119209292 1.2500000000000002 -1.9499999880790708 -3.0499999523162837 376.00000000000006 1.4499999880790713 -1.0000000180025095e-35 1 145.12500000000003 -1.9499999880790708 -2.7499999999999996 2 -13.749999999999998 42.50835037231446 -8.0500001907348615 1.0000000180025095e-35 -10.249999999999998 3 1.5500000119209292 4 2.5499999523162846 8.4499998092651385 1.0000000180025095e-35 -1.6500000357627866 42.923349380493171 -3.9500000476837154 7.4500000476837167 7.2500000000000009
decision_type=8 1 10 8 10 8 2 8 10 1 2 10 8 1 8 2 10 8 10 1 8 1 8 8 10 10 2 10 8 2
left_child=1 -1 -3 4 8 6 9 21 10 -6 11 12 13 14 -2 -14 17 -15 -18 -20 -7 22 23 -5 -25 26 -10 -17 -9 -30
right_child=3 2 -4 7 5 20 -8 28 25 -11 -12 -13 15 16 -16 27 18 -19 19 -21 -22 -23 -24 24 -26 -27 -28 -29 29 -31
leaf_value=0.0044703461696396002 0.076833256254049284 -0.000484086695150831 -0.0041588558673290293 0.0011489779138021585 0.037290399557343916 0.00037442855834688099 0.0021416845643736932 0.0010448551756442009 0.011726251615022857 0.013772875701007792 0.012158807508916939 0.002459730195404926 -0.0020896143281402073 0.00060890181461530557 -0.0066704865384116718 -0.012169866074637966 0.021934728825878019 -0.0069351077822921246 -0.0021292960704026782 0.006479215713289627 0.0044941237170546518 -0.0044080665502554449 -0.013801220211647961 0.019524161519984679 -0.059408748553561652 0.0034047980172257106 0.046497410584379645 -0.0029900633530063727 -0.0039283473603150725 1.2828299806870561e-05
leaf_weight=33040 158 331449 110941 13861 3030 101529 7411 620859 3814 4778 5804 70032 63124 60600 25142 22122 2646 22287 26039 37537 101193 103365 3481 4699 133 37731 733 14206 121381 3046875
leaf_count=33040 158 331449 110941 13861 3030 101529 7411 620859 3814 4778 5804 70032 63124 60600 25142 22122 2646 22287 26039 37537 101193 103365 3481 4699 133 37731 733 14206 121381 3046875
internal_value=4.73043e-11 -0.000997187 -0.0014056 0.000104782 0.00109373 0.00315667 0.0128247 -4.92994e-05 -5.32829e-05 0.0229646 -0.000652446 -0.000868666 -0.00171981 -0.000157014 -0.00614657 -0.00446048 0.000859616 -0.00141956 0.00371249 0.00295409 0.00243086 -0.00321778 0.00233171 0.00533722 0.0173515 0.00490262 0.0173315 -0.00858012 5.56772e-05 -0.000138164
internal_weight=5e+06 475430 442390 4.52457e+06 609916 217941 15219 3.91465e+06 391975 7808 349697 343893 273861 174409 25300 99452 149109 82887 66222 63576 202722 125539 22174 18693 4832 42278 4547 36328 3.78912e+06 3.16826e+06
internal_count=5000000 475430 442390 4524570 609916 217941 15219 3914654 391975 7808 349697 343893 273861 174409 25300 99452 149109 82887 66222 63576 202722 125539 22174 18693 4832 42278 4547 36328 3789115 3168256
cat_boundaries=0 1 2 3 4 5
cat_threshold=2064384 84864 72704 58256 480
is_linear=0
shrinkage=0.1


Tree=235
num_leaves=31
num_cat=10
split_feature=88 54 48 49 74 76 72 11 86 86 76 6 6 86 6 76 79 80 2 86 20 76 76 76 75 76 80 75 72 76
split_gain=53.1597 93.8711 162.663 98.8514 88.6766 81.6897 81.0723 76.0854 145.42 85.2134 77.6613 83.7246 70.4533 87.1015 72.6739 80.917 69.1057 74.0125 68.1534 89.8258 118.198 74.1474 69.6123 66.7291 64.5191 63.433 63.2424 61.7822 60.8834 124.455
threshold=1.4499999880790713 1.7500000000000002 4.4500000476837167 2.5499999523162846 180.00000000000003 0 40.00164985656739 0.45000000298023229 1.0500000119209292 -5.2499999999999991 1 -5.2499999999999991 6.6499998569488534 9.4499998092651385 12.050000190734865 2 1.5500000119209292 -13.749999999999998 11.650000095367433 13.550000190734865 11.650000095367433 3 4 5 6 7 30.650000572204593 8 30.90164947509766 9
decision_type=10 8 10 10 2 1 2 10 8 10 1 10 8 8 10 1 10 8 8 8 8 1 1 1 1 1 10 1 2 1
left_child=26 2 4 -4 5 -2 -7 9 25 10 -3 -12 -10 14 15 27 17 -6 22 -20 -21 -22 -15 -8 -25 -9 28 -14 29 -1
right_child=1 7 3 -5 16 6 23 8 12 -11 11 -13 13 18 -16 -17 -18 -19 19 20 21 -23 -24 24 -26 -27 -28 -29 -30 -31
leaf_value=-0.0031409665181535446 -0.0014470806814422044 -0.014226474187963217 -0.019580619923068691 -0.0052258332953161318 0.070601218136053689 0.0021672158441588796 0.0020092265652385285 -0.021156903693882279 0.002402125646139004 0.0036387709485162147 0.0050475431882418646 -0.0066326830453488795 0.004340368010874329 0.0098701168463476638 -0.0079551572699218583 -0.00020801489509107639 -0.0056950441755118401 -0.0016235571765623137 -0.0036385221757984296 0.0059802847421521641 -0.0010890226011500512 0.0013979472988789182 0.0015796352323939899 -0.0093742818080447387 -0.0015262225106040445 -0.0047983434170794257 0.0054780035194382645 -0.011312987641652896 0.00014406177048485386 0.0057678929934281585
leaf_weight=22566 255725 4670 5380 44286 142 191126 31467 2506 119607 110637 13707 11112 3166 13439 21733 77320 52843 173296 63004 34900 284813 207005 41069 14922 35141 41702 22984 12352 3036024 51356
leaf_count=22566 255725 4670 5380 44286 142 191126 31467 2506 119607 110637 13707 11112 3166 13439 21733 77320 52843 173296 63004 34900 284813 207005 41069 14922 35141 41702 22984 12352 3036024 51356
internal_value=1.11361e-08 -0.000422367 -0.00123741 -0.0067808 -0.000872592 -0.000163213 0.00104095 0.000194495 -0.000135255 0.00236564 -0.00241092 -0.000181872 0.00014639 -0.000209173 -0.00274975 -0.00153118 -0.00252904 -0.00156442 0.000242648 -7.00536e-05 0.000356793 -4.22567e-05 0.00362576 -0.00159917 -0.00386685 -0.00573153 0.000251727 -0.00811863 0.000213103 0.00304866
internal_weight=5e+06 1.86707e+06 804328 49666 754662 528381 272656 1.06274e+06 922616 140126 29489 24819 878408 758801 114571 92838 226281 173438 644230 589722 526718 491818 54508 81530 50063 44208 3.13293e+06 15518 3.10995e+06 73922
internal_count=5000000 1867070 804328 49666 754662 528381 272656 1062742 922616 140126 29489 24819 878408 758801 114571 92838 226281 173438 644230 589722 526718 491818 54508 81530 50063 44208 3132930 15518 3109946 73922
cat_boundaries=0 1 2 3 4 5 6 7 8 9 10
cat_threshold=8589086 7936 14272 8911296 2031744 7864417 6178 768 1680 32576
is_linear=0
shrinkage=0.1


Tree=236
num_leaves=31
num_cat=4
split_feature=7 1 81 87 22 22 89 91 48 55 49 2 76 9 86 17 73 57 53 68 23 49 73 74 76 76 24 73 73 76
split_gain=51.0198 63.9552 139.382 132.557 97.5089 79.4791 64.6637 55.2537 77.8836 95.6547 87.3443 85.7406 83.336 100.401 133.726 87.1825 90.4144 76.1807 74.8746 87.4718 74.361 63.7007 62.8493 209.35 192.265 121.153 108.603 100.879 98.3083 315.13
threshold=31.44999980926514 34.750000000000007 1.0000000180025095e-35 1.0000000180025095e-35 35.049999237060554 29.650000572204593 34.95000076293946 0.84999999403953563 2.2500000000000004 3.4500000476837163 1.6500000357627871 -10.249999999999998 0 -13.050000190734862 -3.4500000476837154 -8.6500000953674299 142.79664611816409 0.75000000000000011 0.25000000745058065 1.0000000180025095e-35 -8.5500001907348615 0.25000000745058065 140.11250305175784 326.00000000000006 1 2 1.0000000180025095e-35 140.40999603271487 137.86834716796878 3
decision_type=10 10 10 10 8 10 8 8 8 10 8 8 1 10 8 10 2 10 10 10 8 10 2 2 1 1 2 2 2 1
left_child=1 7 3 4 5 -3 -6 8 9 11 -10 12 17 14 18 16 -16 -1 19 -14 -15 -21 28 25 -25 -24 -27 -26 -9 -30
right_child=-2 2 -4 -5 6 -7 -8 22 10 -11 -12 -13 13 20 15 -17 -18 -19 -20 21 -22 -23 23 24 27 26 -28 -29 29 -31
leaf_value=0.040654574339841772 -0.0029439691759045399 0.044176981028318844 -0.24419752345198678 -0.23066055901687255 0.010950790896870035 0.0011506405102612355 0.072723463260494295 -0.00023187137870086768 -0.0028621970006964697 -0.0036063499936177185 0.0038832347981751711 0.0005420414596010413 0.11959842768582432 0.020059422151399157 -0.032142856073650444 -0.054312870878957011 -0.27950803829563992 0.010629169525509454 0.021198429721348649 -0.16252280200886376 -0.0096372416108797595 -0.021156155889232954 0.0014201205729336475 -0.010209350057418208 -0.013920199078006901 -0.0011250522263819721 0.0024387468710755436 -0.00083485938504608375 0.0034640245629646289 -0.00060697743928613717
leaf_weight=1396 58182 511 21 22 276 2686 439 1826556 22677 56981 125061 626954 22 2111 22 113 45 2141 316 68 1404 60 318776 40691 6377 955036 93919 77397 328739 451001
leaf_count=1396 58182 511 21 22 276 2686 439 1826556 22677 56981 125061 626954 22 2111 22 113 45 2141 316 68 1404 60 318776 40691 6377 955036 93919 77397 328739 451001
internal_value=1.35998e-09 3.46619e-05 0.012746 0.0141176 0.0154941 0.00802786 0.0488783 2.44807e-05 0.000763654 0.000318455 0.00284785 0.000670836 0.0111603 0.00153473 -0.0346957 -0.107902 -0.198284 0.0224164 -0.00641856 -0.0645984 0.00819765 -0.0962572 -0.000126902 -0.000644434 -0.00457089 -0.000287122 -0.000805957 -0.00183072 0.000169403 0.0011094
internal_weight=5e+06 4.94182e+06 3955 3934 3912 3197 715 4.93786e+06 839371 691633 147738 634652 7698 4161 646 180 67 3537 466 150 3515 128 4.09849e+06 1.4922e+06 124465 1.36773e+06 1.04896e+06 83774 2.6063e+06 779740
internal_count=5000000 4941818 3955 3934 3912 3197 715 4937863 839371 691633 147738 634652 7698 4161 646 180 67 3537 466 150 3515 128 4098492 1492196 124465 1367731 1048955 83774 2606296 779740
cat_boundaries=0 1 2 3 4
cat_threshold=13926048 32512 3670128 1973472
is_linear=0
shrinkage=0.1


Tree=237
num_leaves=31
num_cat=6
split_feature=74 79 72 72 76 76 48 76 86 77 73 91 88 76 48 57 86 74 76 21 5 0 80 1 76 20 1 77 77 89
split_gain=50.6461 69.1312 55.3763 74.0101 89.6169 76.9284 76.1763 54.6958 54.5979 67.3822 64.0107 52.6926 51.686 178.297 105.464 115.822 80.5861 75.5962 74.0827 69.715 59.8051 163.094 112.368 143.855 143.534 129.398 118.035 184.048 159.087 122.004
threshold=560.50000000000011 3.3500000238418584 35.64580154418946 36.436649322509773 0 1 0.45000000298023229 2 -4.7499999999999991 8.2500000000000018 139.04914855957034 0.45000000298023229 4.5499999523162851 3 1.2500000000000002 2.4500000476837163 14.449999809265138 71.000000000000014 4 12.650000095367433 23.849999427795414 28.550000190734867 23.750000000000004 22.349999427795414 5 23.349999427795414 22.44999980926514 22.550000190734867 21.349999427795414 23.650000572204593
decision_type=2 10 2 2 1 1 10 1 10 8 2 10 10 1 8 10 8 2 1 8 8 2 10 8 1 10 10 10 8 8
left_child=12 2 7 4 -4 6 8 11 9 -5 -10 -2 20 -14 17 16 -16 -15 -17 -18 21 22 26 24 -24 -25 27 -1 -28 -30
right_child=1 -3 3 5 -6 -7 -8 -9 10 -11 -12 -13 13 14 15 18 19 -19 -20 -21 -22 -23 23 25 -26 -27 28 -29 29 -31
leaf_value=0.00023613920484504494 -0.0039774015124892891 -0.0066535700998786324 0.0060368022558433916 0.043565916890307026 -0.00026425357411182583 -0.00012030075049904211 -0.0074957732074548882 -0.0019989428721235345 -0.024643891790388995 0.0046148000092348608 0.0058543288662524402 -0.017513849175639473 0.0037023329013077333 0.011289999248661796 -0.0080566279527707705 -0.0069566367922706046 0.0090928103059845413 -0.00083981714366348137 -0.00012680019473088839 -0.0036751553639716725 -0.0006669425372566553 0.0081218359977516166 0.032238478598711325 0.0068635655997822233 0.0075949972883358977 -0.0009652896735223666 -0.015881797834474565 0.0074749861343000844 -0.0055390882050143503 0.00024465079841352313
leaf_weight=3324900 6617 22140 33525 701 69048 79165 31932 36610 928 1212 2663 5086 62400 9355 53210 18114 4703 11398 128383 47150 713626 26693 3031 34453 10712 54522 8296 35498 54773 109156
leaf_count=3324900 6617 22140 33525 701 69048 79165 31932 36610 928 1212 2663 5086 62400 9355 53210 18114 4703 11398 128383 47150 713626 26693 3031 34453 10712 54522 8296 35498 54773 109156
internal_value=3.90412e-11 -0.0012835 -0.000839018 -0.000163482 0.00179575 -0.001887 -0.00562147 -0.00390361 0.00524226 0.0188881 -0.00202714 -0.00985178 7.89187e-05 -0.00111877 -0.00222357 -0.0027889 -0.00532265 0.00462804 -0.000971777 -0.00251712 0.000170535 0.000333736 0.00027655 0.00353698 0.0130591 0.00206621 0.000181747 0.000312608 -0.00237156 -0.00168785
internal_weight=5e+06 289627 267487 219174 102573 116601 37436 48313 5504 1913 3591 11703 4.71037e+06 334713 272313 251560 105063 20753 146497 51853 4.37566e+06 3.66203e+06 3.63534e+06 102718 13743 88975 3.53262e+06 3.3604e+06 172225 163929
internal_count=5000000 289627 267487 219174 102573 116601 37436 48313 5504 1913 3591 11703 4710373 334713 272313 251560 105063 20753 146497 51853 4375660 3662034 3635341 102718 13743 88975 3532623 3360398 172225 163929
cat_boundaries=0 1 2 3 4 5 6
cat_threshold=32640 32640 16128 6160384 448 448
is_linear=0
shrinkage=0.1


Tree=238
num_leaves=31
num_cat=2
split_feature=50 76 48 0 1 0 89 80 2 77 58 25 7 47 49 73 65 76 12 74 83 72 48 47 82 15 49 71 72 3
split_gain=47.9862 100.29 96.1682 83.6067 127.973 79.8632 164.541 130.355 170.785 154.603 144.364 143.62 108.569 103.521 101.806 93.94 128.696 90.1724 157.064 115.633 103.109 95.4844 92.7765 92.754 103.607 114.088 108.807 111.525 98.0085 88.0547
threshold=0.25000000745058065 0 0.75000000000000011 0.84999999403953563 1.0000000180025095e-35 -12.849999904632567 -13.15000009536743 -13.749999999999998 -12.849999904632567 -13.15000009536743 2.5499999523162846 1.0000000180025095e-35 -8.6500000953674299 1.7500000000000002 1.0000000180025095e-35 141.11415100097659 2.5499999523162846 1 -13.15000009536743 283.50000000000006 -13.249999999999998 43.490848541259773 0.25000000745058065 1.0000000180025095e-35 5.0499999523162851 -4.8500001430511466 1.0500000119209292 0.25000000745058065 42.773351669311531 -10.249999999999998
decision_type=8 1 10 2 10 2 10 10 8 10 10 10 10 8 10 2 10 1 8 2 10 2 10 8 8 10 10 8 2 10
left_child=1 -1 3 -3 -5 6 7 8 9 10 11 17 -8 -9 -12 16 -11 -2 20 23 21 -19 -21 24 25 28 -26 -28 -20 -10
right_child=5 2 -4 4 -6 -7 12 13 29 15 14 -13 -14 -15 -16 -17 -18 18 19 22 -22 -23 -24 -25 26 -27 27 -29 -30 -31
leaf_value=0.0068751020181772541 0.077008955232028317 -0.0038220837908199455 -0.004266859947671421 0.028949323653777087 0.00034712512580525315 5.955341771409006e-05 0.037155033428885265 0.020994846077629067 0.043495924189575624 -0.19992453958384876 -0.20588386627404312 0.2169120023559247 0.0063864981312598467 -0.18338068801164628 -0.040118832028665431 0.037738313522422684 0.050631495710553191 -0.11335965768426232 0.057583712276862702 -0.037152540870010853 0.036923522651360362 -0.037785110377137443 0.064989760917491646 -0.083881736617171909 -0.055612276841094793 0.041995740033442107 0.21561907975375655 -0.0031751099724747372 -0.018754092273006 -0.0022615985524598557
leaf_weight=14924 106 56055 91086 1578 180213 4639718 2501 2868 951 41 38 28 2118 25 1482 800 41 266 193 116 113 450 381 164 693 622 25 342 1308 754
leaf_count=14924 106 56055 91086 1578 180213 4639718 2501 2868 951 41 38 28 2118 25 1482 800 41 266 193 116 113 450 381 164 693 622 25 342 1308 754
internal_value=8.0559e-09 -0.00113997 -0.00150379 -0.000445702 0.000595401 8.41957e-05 0.00704469 0.00078468 -0.00520125 -0.0119328 -0.0174005 -0.00890645 0.0230464 0.0192287 -0.044263 0.0272898 -0.0746465 -0.0102295 -0.0123468 -0.00385933 -0.0518512 -0.0658617 0.0411497 -0.0105428 -0.00676408 0.00598429 -0.0322969 0.0117291 -0.00893851 0.0232606
internal_weight=5e+06 343856 328932 237846 181791 4.65614e+06 16426 11807 8914 7209 6327 4807 4619 2893 1520 882 82 4779 4673 3844 829 716 497 3347 3183 2123 1060 367 1501 1705
internal_count=5000000 343856 328932 237846 181791 4656144 16426 11807 8914 7209 6327 4807 4619 2893 1520 882 82 4779 4673 3844 829 716 497 3347 3183 2123 1060 367 1501 1705
cat_boundaries=0 1 2
cat_threshold=507904 265216
is_linear=0
shrinkage=0.1


Tree=239
num_leaves=31
num_cat=2
split_feature=79 76 72 73 72 0 77 72 74 85 73 77 80 70 89 3 3 89 89 1 0 1 74 21 52 20 76 83 86 2
split_gain=47.7966 171.361 157.395 296.497 151.597 138.371 140.564 128.279 122.894 101.7 100.075 98.867 95.4715 137.37 94.6378 126.939 92.4016 184.237 147.231 160.113 126.84 220.277 137.978 137.374 102.42 134.125 133.604 123.835 123.651 143.712
threshold=1.0500000119209292 0 40.792499542236335 141.42920684814456 43.847499847412116 -12.849999904632567 -8.9499998092651349 44.050001144409187 29.500000000000004 0.25000000745058065 141.78749847412112 -10.550000190734862 -13.749999999999998 0.15000000223517421 3.8500000238418584 3.0499999523162846 8.6500000953674334 10.250000000000002 13.750000000000002 10.84999990463257 -0.45000000298023218 -0.65000000596046437 19.500000000000004 3.0499999523162846 1.5500000119209292 7.0499999523162851 1 9.0500001907348651 11.250000000000002 3.0499999523162846
decision_type=10 1 2 2 2 2 10 2 2 10 2 8 8 10 8 10 8 8 10 8 2 8 2 8 8 10 1 8 8 8
left_child=14 2 -2 8 5 6 9 11 -4 -5 -9 12 13 -3 15 -1 18 -18 20 -20 22 23 -16 -22 25 -23 -26 -27 -29 -30
right_child=1 7 3 4 -6 -7 -8 10 -10 -11 -12 -13 -14 -15 16 -17 17 -19 19 -21 21 24 -24 -25 26 27 -28 28 29 -31
leaf_value=-0.00014335103130074618 -0.00094426093959767358 -0.088329512861350351 -0.0068434503230482002 -0.013749713399749008 -0.0068526107577831221 0.0010954936028457821 0.19327494087865799 0.0096361090986074663 -0.017752059036122706 0.066019109667259018 0.0018724192624462749 3.996325448297335e-06 -0.021179586946289675 0.013183238812920724 0.011058598025311114 -0.0040389493107827355 -0.0032548711438370823 0.00043953012563749372 0.0270097198177154 0.0032358904463791766 0.0033964107648196506 0.0026271321076416468 -0.0031738964633691671 0.033659370802719038 0.011179397688437316 -0.0050743240060646703 0.0026176539549719671 -0.0032404484346191401 0.021184456944880241 0.0026420989997885985
leaf_weight=357863 403842 144 22209 278 34101 52419 59 22724 19304 376 61639 1388260 4203 1795 7404 109162 146058 1780657 4679 7180 2605 145489 85127 3536 20225 61210 183921 35410 4779 33342
leaf_count=357863 403842 144 22209 278 34101 52419 59 22724 19304 376 61639 1388260 4203 1795 7404 109162 146058 1780657 4679 7180 2605 145489 85127 3536 20225 61210 183921 35410 4779 33342
internal_value=2.40277e-08 -0.000376859 -0.00191487 -0.00495956 -0.00164906 0.00169067 0.0454474 0.000177079 -0.0119161 0.0321113 0.00396365 -5.20118e-05 -0.0127114 0.00564439 0.000253666 -0.0010539 0.000495838 0.00015947 0.00158523 0.0126159 0.00136087 0.00200148 -0.00203506 0.0208219 0.00176287 0.000521745 0.00346655 -0.00175158 0.00101439 0.00496664
internal_weight=5e+06 2.01135e+06 532588 128746 87233 53132 713 1.47876e+06 41513 654 84363 1.3944e+06 6142 1939 2.98865e+06 467025 2.52162e+06 1.92672e+06 594907 11859 583048 490517 92531 6141 484376 280230 204146 134741 73531 38121
internal_count=5000000 2011353 532588 128746 87233 53132 713 1478765 41513 654 84363 1394402 6142 1939 2988647 467025 2521622 1926715 594907 11859 583048 490517 92531 6141 484376 280230 204146 134741 73531 38121
cat_boundaries=0 1 2
cat_threshold=8064 768
is_linear=0
shrinkage=0.1


Tree=240
num_leaves=31
num_cat=5
split_feature=20 80 77 89 76 71 21 24 1 76 76 86 1 90 80 72 0 76 0 76 72 77 3 80 86 89 77 2 80 0
split_gain=48.3043 151.844 113.49 118.481 104.117 122.617 121.462 97.0475 91.8855 113.024 91.5094 87.6505 87.3882 89.0431 86.8099 85.5845 84.0737 135.88 81.2658 81.1371 78.9228 78.4353 98.3431 218.909 174.374 131.285 120.274 157.008 215.783 225.887
threshold=22.050000190734867 21.44999980926514 26.250000000000004 25.050000190734867 0 1.5500000119209292 29.849999427795414 0.75000000000000011 26.750000000000004 1 2 30.550000190734867 29.849999427795414 3.7500000000000004 25.94999980926514 30.90164947509766 26.650000572204593 3 34.049999237060554 4 34.779199600219734 23.250000000000004 17.44999980926514 16.94999980926514 14.650000095367433 15.150000095367433 14.650000095367433 11.449999809265138 10.250000000000002 12.84999990463257
decision_type=10 10 8 8 1 8 10 2 8 1 1 8 10 10 10 2 2 1 2 1 2 10 10 8 10 8 10 10 10 2
left_child=1 15 16 12 5 10 18 11 -3 -10 -5 -8 -4 -14 -11 19 -2 -18 -6 -1 -7 22 24 -24 26 -25 27 28 -17 -30
right_child=2 8 3 4 6 20 7 -9 9 14 -12 -13 13 -15 -16 21 17 -19 -20 -21 -22 -23 23 25 -26 -27 -28 -29 29 -31
leaf_value=0.0093553453015718848 -0.0015784336069991111 0.0036257324156051328 -0.0018159502565435798 0.00074748509323756989 0.00051585278757671274 -0.0016726728615801625 -0.013504665001016637 0.028490451914557853 -0.021523240706710068 -0.012539510093450598 0.0084966634273326742 -0.003075806009194995 -0.019870929842944755 -0.11103518273086609 0.0054587162182898313 -0.00010975363912488543 -0.019391882216353691 -0.0027597316609893918 0.020008187331394305 0.0015001287199297047 0.0036444272606411064 0.004341777131701142 -0.005877085451035071 -0.0076613604135612207 0.0025782960799765353 -0.00016255668989812973 0.0031600220890278044 -0.0018508563451511374 0.0057694129531571294 -0.0066112677936753881
leaf_weight=17678 370399 170347 184661 22058 285384 59932 10525 855 3080 3896 49364 34396 1075 119 8585 1962166 7017 16358 2155 51296 52257 40387 86744 24393 270064 544484 109388 482869 111077 16991
leaf_count=17678 370399 170347 184661 22058 285384 59932 10525 855 3080 3896 49364 34396 1075 119 8585 1962166 7017 16358 2155 51296 52257 40387 86744 24393 270064 544484 109388 482869 111077 16991
internal_value=2.43842e-08 0.000164764 -0.000586406 0.000175106 0.000953659 0.00286574 -9.97192e-05 -0.00488406 0.0029538 -0.00440188 0.0061047 -0.00551929 -0.00199031 -0.0289568 -0.000159383 2.52893e-05 -0.0019455 -0.00776206 0.000661941 0.00351499 0.000804002 -4.06815e-05 -8.97352e-05 -0.00119764 0.000156276 -0.0004841 -8.75643e-05 -0.000225626 0.000149822 0.00412685
internal_weight=5e+06 3.90344e+06 1.09656e+06 702781 516926 183611 333315 45776 185908 15561 71422 44921 185855 1194 12481 3.71754e+06 393774 23375 287539 68974 112189 3.64856e+06 3.60818e+06 655621 2.95256e+06 568877 2.68249e+06 2.5731e+06 2.09023e+06 128068
internal_count=5000000 3903445 1096555 702781 516926 183611 333315 45776 185908 15561 71422 44921 185855 1194 12481 3717537 393774 23375 287539 68974 112189 3648563 3608176 655621 2952555 568877 2682491 2573103 2090234 128068
cat_boundaries=0 1 2 3 4 5
cat_threshold=528324 786432 524356 256000 2031872
is_linear=0
shrinkage=0.1


Tree=241
num_leaves=31
num_cat=3
split_feature=82 76 72 1 72 73 86 72 73 0 24 80 72 73 72 73 73 73 72 76 48 11 9 61 75 86 1 74 83 82
split_gain=48.8565 181.689 160.727 139.78 127.532 122.184 145.549 128.983 104.998 97.8651 99.9593 93.9271 87.4595 135.693 110.336 98.1571 89.1903 139.667 86.8629 134.22 227.882 142.803 99.8556 138.686 112.71 100.052 108.76 111.223 103.823 97.3395
threshold=1.5500000119209292 0 42.974149703979499 17.849999427795414 37.996650695800788 141.9591979980469 -8.0500001907348615 42.773351669311531 141.5683517456055 -12.849999904632567 0.75000000000000011 17.150000572204593 36.902500152587898 140.11250305175784 30.90164947509766 130.53914642333987 139.82914733886722 139.74584960937503 42.50835037231446 1 1.4499999880790713 -8.7499999999999982 -8.6500000953674299 2.1499999761581425 2 -13.749999999999998 -12.849999904632567 260.50000000000006 -10.550000190734862 1.0000000180025095e-35
decision_type=10 1 2 10 2 2 8 2 2 2 2 10 2 2 2 2 2 2 2 1 10 10 10 10 1 10 10 2 10 8
left_child=18 4 5 8 -2 12 7 -7 -4 -6 -11 -5 14 -14 15 -3 17 -16 -1 20 21 -20 23 -21 -24 26 27 28 29 -25
right_child=1 2 3 11 9 6 -8 -9 -10 10 -12 -13 13 -15 16 -17 -18 -19 19 22 -22 -23 24 25 -26 -27 -28 -29 -30 -31
leaf_value=0.00042651214298321417 -0.00047945288464931903 0.00029629617966219477 0.010828216227753521 -0.02361868190481781 0.029289141798622315 -0.019581242356200419 -0.0055094903507881734 -0.087874815071418019 0.0033621081110870345 -0.0036234715449563765 0.0049402052245764508 -0.0016107419521466503 0.0043557081489632157 -0.00024608367934455372 -0.0011682463147615586 0.0098488937890989781 -0.0065078931081286847 0.012679852071756127 -0.020299157393049005 0.011680131993289093 2.2456914099487781e-05 -0.0063147611699879789 0.0019631292454623003 -0.17790183246354849 -0.0018681631051044704 0.0048995652681317432 0.0016644331694778041 0.019898166548466448 0.071994629148088518 -0.054110161746779406
leaf_weight=2876858 424241 28903 22363 2105 928 939 19380 392 119434 299102 14281 24627 103055 169417 358684 17133 30589 7434 8513 15196 72916 51338 123418 68 203176 3174 1067 244 61 964
leaf_count=2876858 424241 28903 22363 2105 928 939 19380 392 119434 299102 14281 24627 103055 169417 358684 17133 30589 7434 8513 15196 72916 51338 123418 68 203176 3174 1067 244 61 964
internal_value=1.72302e-08 -0.000446802 0.000503459 0.00328915 -0.00161051 -0.000134463 -0.00770642 -0.0396948 0.0045396 -0.0031372 -0.00323322 -0.00334375 8.48032e-05 0.00149442 -0.000782698 0.00385144 -0.00132047 -0.000887062 0.000218703 -0.00102644 -0.00373074 -0.00830385 7.27245e-06 0.00672984 -0.000420337 -0.0067561 -0.0221451 -0.0411464 -0.0547739 -0.062267
internal_weight=5e+06 1.64301e+06 904455 168529 738552 735926 20711 1331 141797 314311 313383 26732 715215 272472 442743 46036 396707 366118 3.35699e+06 480135 132767 59851 347368 20774 326594 5578 2404 1337 1093 1032
internal_count=5000000 1643007 904455 168529 738552 735926 20711 1331 141797 314311 313383 26732 715215 272472 442743 46036 396707 366118 3356993 480135 132767 59851 347368 20774 326594 5578 2404 1337 1093 1032
cat_boundaries=0 1 2 3
cat_threshold=65408 1016192 960
is_linear=0
shrinkage=0.1


Tree=242
num_leaves=31
num_cat=3
split_feature=4 80 80 1 74 86 55 0 80 76 83 0 73 88 75 0 73 21 76 73 72 72 5 15 0 9 85 62 77 11
split_gain=50.5434 142.01 127.518 142.676 177.038 126.86 96.051 92.6376 115.097 102.659 85.6103 96.4233 86.6845 89.9146 89.8428 157.344 83.7754 139.504 129.442 103.173 92.3247 88.0942 167.487 149.97 106.687 102.304 103.447 93.8286 87.1546 86.1962
threshold=-3.1499999761581416 -3.0499999523162837 -4.9500000476837149 -5.9500000476837149 560.50000000000011 -5.2499999999999991 0.65000000596046459 3.2500000000000004 0.84999999403953563 0 -7.8500001430511466 -12.849999904632567 144.7174987792969 2.7500000000000004 1 -12.849999904632567 143.31164550781253 -7.5499999523162833 2 141.52664947509768 42.731649398803718 43.652500152587898 -12.949999809265135 -5.3500001430511466 -12.849999904632567 -13.050000190734862 1.2500000000000002 1.5500000119209292 -8.9499998092651349 -5.3500001430511466
decision_type=8 8 10 10 2 10 8 2 10 1 10 2 2 8 1 2 2 8 1 2 2 2 10 10 2 10 8 10 10 10
left_child=2 -2 5 4 -4 10 -6 8 9 -5 12 -12 14 -14 16 -16 17 -1 21 -19 -21 22 23 25 29 -18 -27 -25 -22 -23
right_child=1 -3 3 7 6 -7 -8 -9 -10 -11 11 -13 13 -15 15 -17 18 19 -20 20 28 24 -24 27 -26 26 -28 -29 -30 -31
leaf_value=0.0017146556636013933 -0.005326878896547791 -1.6954963038858661e-05 0.025726854998184747 -0.0038265507150673757 0.031094552431832463 0.0045091768203182033 -0.0083146238363536028 -0.011065089973947635 0.015711944856435397 0.005434643878675152 0.036140413615243921 0.0011545035668394782 0.018316569838110121 -0.0073750457102141819 0.020336105428313437 -0.0026193135229692051 -0.21963344209867977 -0.0030899696411679101 -0.0036602785060955282 0.0050281605074771613 -0.025531868293977501 -0.0025502366549474734 -0.024618150082489135 0.053354075342253018 -0.026585201416697408 0.017911909781396392 -0.13618933716730316 -0.071123780699148362 -0.0053288749679270032 0.061962925305477146
leaf_weight=20358 50913 4692376 6537 17645 762 44889 3283 4345 7436 37169 801 47671 3513 2225 3544 18962 92 12472 6581 1775 7342 961 2705 91 1877 60 159 181 3011 264
leaf_count=20358 50913 4692376 6537 17645 762 44889 3283 4345 7436 37169 801 47671 3513 2225 3544 18962 92 12472 6581 1775 7342 961 2705 91 1877 60 159 181 3011 264
internal_value=1.55264e-08 -7.395e-05 0.00136669 0.00476601 0.0155522 -9.45926e-05 -0.000890695 0.00305208 0.00403744 0.0024537 -0.00162943 0.00173265 -0.00352059 0.00835424 -0.00436771 0.000995014 -0.00645024 -0.0044087 -0.0135312 -0.00947615 -0.0160435 -0.0236545 -0.0350961 -0.0837116 -0.0116032 -0.131144 -0.0939698 -0.0294786 -0.0196562 0.011353
internal_weight=5e+06 4.74329e+06 256711 77177 10582 179534 4045 66595 62250 54814 134645 48472 86173 5738 80435 22506 57929 44958 12971 24600 12128 6390 3288 583 3102 311 219 272 10353 1225
internal_count=5000000 4743289 256711 77177 10582 179534 4045 66595 62250 54814 134645 48472 86173 5738 80435 22506 57929 44958 12971 24600 12128 6390 3288 583 3102 311 219 272 10353 1225
cat_boundaries=0 1 2 3
cat_threshold=18304 6 15663189
is_linear=0
shrinkage=0.1


Tree=243
num_leaves=31
num_cat=2
split_feature=52 76 48 74 1 7 4 83 0 83 80 89 77 23 88 83 0 73 1 2 74 83 10 48 2 4 0 80 2 76
split_gain=49.5817 105.956 95.7484 83.4898 74.3916 67.2871 62.1796 172.931 162.695 133.657 131.89 124.188 105.756 130.737 85.8505 93.302 123.442 95.8921 81.7758 80.8011 93.4439 95.4147 80.4273 143.83 93.0332 75.0307 168.009 140 113.308 110.255
threshold=0.45000000298023229 0 0.75000000000000011 22.500000000000004 -12.849999904632567 -10.349999904632567 1.0500000119209292 0.65000000596046459 2.4500000476837163 5.4500000476837167 1.4499999880790713 -0.15000000223517415 0.25000000745058065 3.2500000000000004 inf -10.550000190734862 -10.15000009536743 141.86750030517581 3.4500000476837163 -1.6500000357627866 652.00000000000011 2.4500000476837163 -3.5499999523162837 1.9499999880790713 3.8500000238418584 9.8499999046325701 9.0500001907348651 13.050000190734865 10.250000000000002 1
decision_type=8 1 10 2 8 8 8 10 2 10 8 10 10 10 8 10 2 2 10 8 2 10 8 8 8 8 2 10 10 1
left_child=1 4 3 -3 -1 -6 7 11 19 -10 -8 12 13 14 -2 -16 17 -17 -11 20 21 -9 23 24 -12 27 28 29 -27 -24
right_child=6 2 -4 -5 5 -7 10 8 9 18 22 -13 -14 -15 15 16 -18 -19 -20 -21 -22 -23 25 -25 -26 26 -28 -29 -30 -31
leaf_value=0.19986126437783241 0.00076166348326932624 0.0047099610306096072 -0.0024737095920396666 -0.00046822921675277384 -0.037138643837568132 0.0078195837412311023 -0.0034393504749539519 0.016216795362040702 -0.0058134803924848044 0.019286349383617455 -0.0016265709666871471 0.0041591191230692303 0.0059256406315933256 -0.0080314353488725801 -0.0071648818527984331 -0.0040071302168762524 -0.0014881345613331353 0.03526457405369926 0.0026836096934200028 0.0068983938671619855 0.0033823665664855828 0.042921828558941715 0.0020355319250692921 0.0016798134821109851 -0.024976747650782553 -0.0018476432731258801 1.5017172461143777e-05 0.0071053582436077 -0.0085368001934656278 -0.00024441011372590161
leaf_weight=20 243108 34740 265528 300225 340 15941 109933 4592 18625 3849 2590 72519 25246 23202 31912 997 73569 1652 12941 40995 3328 1888 347092 8999 5001 89598 2646081 34824 35300 545365
leaf_count=20 243108 34740 265528 300225 340 15941 109933 4592 18625 3849 2590 72519 25246 23202 31912 997 73569 1652 12941 40995 3328 1888 347092 8999 5001 89598 2646081 34824 35300 545365
internal_value=1.35622e-08 -0.000839449 -0.00105543 6.88129e-05 0.00711312 0.00688071 0.000118141 0.00110385 0.00522218 1.93613e-05 -2.57744e-05 0.000351904 -0.000338877 -0.000761252 -0.000281 -0.00262521 -0.000724482 0.0204839 0.00648968 0.00884909 0.0170025 0.0239975 7.5243e-05 -0.0068719 -0.0170098 0.000106407 -0.000154154 0.000885038 -0.0037382 0.000642319
internal_weight=5e+06 616794 600493 334965 16301 16281 4.38321e+06 558423 86218 35415 3.82478e+06 472205 399686 374440 351238 108130 76218 2649 16790 50803 9808 6480 3.71485e+06 16590 7591 3.69826e+06 2.77098e+06 927281 124898 892457
internal_count=5000000 616794 600493 334965 16301 16281 4383206 558423 86218 35415 3824783 472205 399686 374440 351238 108130 76218 2649 16790 50803 9808 6480 3714850 16590 7591 3698260 2770979 927281 124898 892457
cat_boundaries=0 1 2
cat_threshold=458752 16629776
is_linear=0
shrinkage=0.1


Tree=244
num_leaves=31
num_cat=9
split_feature=82 48 76 85 50 48 76 68 49 75 3 48 76 76 85 76 48 87 75 17 72 83 74 89 82 73 76 76 86 4
split_gain=49.4754 121.387 163.654 62.5127 89.9692 294.388 153.555 105.627 102.949 91.4825 95.7781 87.4588 127.789 124.233 94.859 84.7457 83.1323 79.8162 80.0545 73.5862 98.3167 71.7817 127.423 94.1476 91.8766 80.4443 69.8517 66.6109 64.9383 108.506
threshold=0.65000000596046459 1.4499999880790713 0 1.2500000000000002 2.2500000000000004 2.7500000000000004 1 2.6499999761581425 1.7500000000000002 2 24.150000572204593 1.7500000000000002 3 4 3.2500000000000004 5 5.1499998569488534 1.0000000180025095e-35 6 -0.15000000223517415 34.495000839233406 -10.550000190734862 158.50000000000003 -4.4500000476837149 0.65000000596046459 143.53584289550784 7 8 27.150000572204593 23.650000572204593
decision_type=8 8 1 10 10 10 1 8 8 1 10 8 1 1 10 1 10 8 1 10 2 8 2 8 10 2 1 1 10 8
left_child=1 -1 -3 28 5 6 9 21 -7 10 27 13 -13 17 -14 -16 -10 18 -6 -17 -21 22 23 -8 25 -25 -11 -5 -2 -30
right_child=3 2 -4 4 11 8 7 -9 16 26 -12 12 14 -15 15 19 -18 -19 -20 20 -22 -23 -24 24 -26 -27 -28 -29 29 -31
leaf_value=-9.2843044675936906e-05 0.00011559169315592233 0.0091490832136522267 0.0015002826854262023 -0.0023227198538444301 -0.017079093790408877 -0.010585338391540008 -0.01611174760160268 0.0027838939157714083 -0.0031326553528630134 0.0040081838625686357 -0.01942750865510132 0.0031985681463821674 0.0011411557219058088 -0.00022145455780776455 -0.0055707602476480766 0.0033471738776581364 -0.012993814510912825 0.0078014251947546714 -0.0058567816329568216 0.00096129940313406832 -0.0025776475984806641 -0.00034147775714052857 0.011999947862475831 -0.23482402213740838 -0.031999384754536085 -0.083503881290380388 -0.0026063011371459492 -0.0098423610040195824 0.010766185889568125 0.0013606893801102003
leaf_weight=368204 2448607 35874 126948 31410 8896 31610 1621 128113 91977 18898 5180 141482 345029 71353 38603 41001 9425 3085 22355 131723 194292 483171 1160 43 389 192 102632 18860 14378 83489
leaf_count=368204 2448607 35874 126948 31410 8896 31610 1621 128113 91977 18898 5180 141482 345029 71353 38603 41001 9425 3085 22355 131723 194292 483171 1160 43 389 192 102632 18860 14378 83489
internal_value=1.25643e-08 0.000912561 0.00318617 -0.000108421 -0.000538865 -0.0012495 -0.000518125 0.000229195 -0.00560251 -0.00311356 -0.00647926 0.000119678 0.000441916 -0.00260036 -7.76992e-05 -0.00111449 -0.00404922 -0.00754166 -0.0090587 -0.000645604 -0.00114777 -0.00044344 -0.0149119 -0.0288174 -0.0618236 -0.111192 -0.0015775 -0.00514631 0.000216549 0.00274249
internal_weight=5e+06 531026 162822 4.46897e+06 1.9225e+06 924681 791669 614689 133012 176980 55450 997819 892130 105689 750648 405619 101402 34336 31251 367016 326015 486576 3405 2245 624 235 121530 50270 2.54647e+06 97867
internal_count=5000000 531026 162822 4468974 1922500 924681 791669 614689 133012 176980 55450 997819 892130 105689 750648 405619 101402 34336 31251 367016 326015 486576 3405 2245 624 235 121530 50270 2546474 97867
cat_boundaries=0 1 2 3 4 5 6 7 8 9
cat_threshold=66496 198400 1548 1835520 918272 448 536 131072 66816
is_linear=0
shrinkage=0.1


Tree=245
num_leaves=31
num_cat=4
split_feature=74 82 4 83 1 20 86 1 80 10 83 89 1 77 0 76 83 20 52 89 77 1 21 76 77 20 76 2 75 86
split_gain=49.4716 49.1832 47.6432 200.452 141.535 171.667 124.489 149.248 221.239 136.553 205.804 135.016 129.357 289.893 277.716 202.225 156.867 154.158 158.73 137.347 131.59 123.889 129.844 122.131 121.583 115.311 115.228 146.605 114.884 114.125
threshold=935.00000000000011 4.6499998569488534 20.849999427795414 20.849999427795414 19.150000572204593 25.050000190734867 22.750000000000004 19.250000000000004 18.44999980926514 17.050000190734867 17.750000000000004 19.849999427795414 16.250000000000004 15.84999990463257 15.650000095367433 0 16.44999980926514 13.34999990463257 1.2500000000000002 11.650000095367433 16.250000000000004 12.84999990463257 17.44999980926514 1 19.250000000000004 14.34999990463257 2 12.84999990463257 3 19.250000000000004
decision_type=2 10 10 10 8 10 10 10 10 10 8 10 10 10 2 1 10 10 8 10 8 8 8 1 10 8 1 8 1 8
left_child=2 -2 3 6 5 -5 7 8 11 10 -9 12 13 16 23 24 17 19 -19 -1 -17 22 -15 -14 -16 -22 27 -21 -20 -4
right_child=1 -3 29 4 -6 -7 -8 9 -10 -11 -12 -13 14 21 15 20 -18 18 28 26 25 -23 -24 -25 -26 -27 -28 -29 -30 -31
leaf_value=4.5557961468723943e-05 -0.0019736788249011769 -0.017644054291281488 -0.0042024609066289211 0.0079518074417368155 0.002645529970327045 0.034687221279962023 0.0065088129509241859 -0.023163914271382743 0.0049227173846608432 -0.00062561092270019974 -0.004483954298706504 0.0069485992939305177 -0.020502881068701736 0.0094023279871331186 -0.0061155672595234033 -0.0052340169963187759 0.0061617523605582503 -0.003762307944991489 -0.0047846796363623717 0.012038574272097084 0.0060341813736833928 0.00516362794923058 0.039959145548227111 -0.0046323977694569512 0.0056585532391911601 0.00017358317035190372 0.00088791972421684061 0.002658674668754607 0.00086961665772173995 -0.00024071047506122177
leaf_weight=2018741 87161 2050 77290 16562 125633 2809 29835 6500 95433 115984 63678 28000 10867 4006 87934 33327 41072 209140 43029 25851 44371 66980 2130 8786 9742 137951 112913 46882 217655 1227688
leaf_count=2018741 87161 2050 77290 16562 125633 2809 29835 6500 95433 115984 63678 28000 10867 4006 87934 33327 41072 209140 43029 25851 44371 66980 2130 8786 9742 137951 112913 46882 217655 1227688
internal_value=6.17944e-09 -0.00233377 4.24024e-05 0.000229783 0.00387231 0.0118287 7.71654e-05 2.12371e-05 0.000179215 -0.00273233 -0.00621412 3.54768e-05 -2.65366e-05 0.000195923 -0.00188944 -0.00116616 2.86059e-05 -6.55903e-05 -0.0017102 0.000284927 0.000543703 0.00640952 0.0200096 -0.0134207 -0.00494074 0.00159985 0.00288786 0.00599169 -6.38425e-05 -0.000475353
internal_weight=5e+06 89211 4.91079e+06 3.60581e+06 145004 19371 3.46081e+06 3.43097e+06 3.24481e+06 186162 70178 3.14938e+06 3.12138e+06 2.7884e+06 332978 313325 2.71528e+06 2.67421e+06 469824 2.20439e+06 215649 73116 6136 19653 97676 182322 185646 72733 260684 1.30498e+06
internal_count=5000000 89211 4910789 3605811 145004 19371 3460807 3430972 3244810 186162 70178 3149377 3121377 2788399 332978 313325 2715283 2674211 469824 2204387 215649 73116 6136 19653 97676 182322 185646 72733 260684 1304978
cat_boundaries=0 1 2 3 4
cat_threshold=28608 987392 4130752 4108
is_linear=0
shrinkage=0.1


Tree=246
num_leaves=31
num_cat=4
split_feature=5 77 44 61 7 76 0 75 77 74 63 15 88 54 48 48 65 63 1 77 89 73 73 2 66 58 76 73 76 9
split_gain=48.5118 88.9101 82.6149 73.516 79.4085 120.668 93.3758 95.5272 109.87 75.6467 86.9676 90.4806 166.891 109.153 86.435 84.278 85.3981 74.3955 74.2229 182.664 102.961 73.075 73.9988 79.5927 72.5456 68.0816 67.9253 66.7538 64.9305 63.9829
threshold=-6.6499998569488517 -5.7499999999999991 1.0000000180025095e-35 2.1499999761581425 -13.15000009536743 0 -12.849999904632567 1 -13.15000009536743 423.00000000000006 2.4500000476837163 -6.6499998569488517 0.94999998807907116 0.35000000894069677 1.0000000180025095e-35 0.45000000298023229 3.3500000238418584 3.0499999523162846 -3.8500000238418575 -2.2499999999999996 -2.1499999761581416 141.52664947509768 145.49250030517581 -4.3500001430511466 2.3500000238418584 3.3500000238418584 2 142.35585021972659 3 -8.6500000953674299
decision_type=8 8 8 10 8 1 2 1 10 2 10 10 10 8 8 10 10 10 10 10 10 2 2 10 8 10 1 2 1 10
left_child=2 21 3 18 5 6 7 -5 9 10 14 12 13 24 -9 -14 -17 -11 19 20 28 -2 23 -23 -12 -15 -8 -16 -1 -30
right_child=1 -3 -4 4 -6 -7 26 8 -10 17 11 -13 15 25 27 16 -18 -19 -20 -21 -22 22 -24 -25 -26 -27 -28 -29 29 -31
leaf_value=9.224381402807996e-05 0.00052349102496137927 -7.6597323619421417e-06 -0.0071350978212040813 0.019809910390162614 0.0010294366303639803 0.004659682363969647 -0.017612078288142052 -0.16689958136815292 0.036541196007024622 -0.067406041920185095 -0.19487087130546571 -0.056426133914286962 -0.14344234541491716 -0.11810478168905159 -0.1179754906759152 -0.096957157648378811 0.11778123026470776 0.1926560594700277 -0.0025556481432981201 0.043037875131902388 0.03046629743380528 -0.0065927652791355042 0.025165026139491311 -0.022193632223940253 -0.46098795086145405 -0.28018734036914766 0.060101629668250195 0.013891907721348429 0.012857470613270331 0.0033367560150485511
leaf_weight=17503 15204 4857699 8800 195 32542 1761 415 39 116 22 21 380 43 158 46 31 46 22 10280 1352 1629 18337 638 3980 20 31 143 232 13404 14911
leaf_count=17503 15204 4857699 8800 195 32542 1761 415 39 116 22 21 380 43 158 46 31 46 22 10280 1352 1629 18337 638 3980 20 31 143 232 13404 14911
internal_value=-7.0045e-11 -4.54295e-05 0.0021357 0.00299139 -0.000552938 -0.0143916 -0.0313723 -0.0453023 -0.0555258 -0.0658237 -0.0712217 -0.0902138 -0.126898 -0.176776 -0.0274859 -0.031298 0.0313281 0.062625 0.00516691 0.00679375 0.00576097 -0.00485358 -0.00841503 -0.00937501 -0.324684 -0.14469 0.00306526 -0.00792788 0.00488261 0.00784099
internal_weight=5e+06 4.89586e+06 104142 95342 36263 3721 1960 1402 1207 1091 1047 730 350 230 317 120 77 44 59079 48799 47447 38159 22955 22317 41 189 558 278 45818 28315
internal_count=5000000 4895858 104142 95342 36263 3721 1960 1402 1207 1091 1047 730 350 230 317 120 77 44 59079 48799 47447 38159 22955 22317 41 189 558 278 45818 28315
cat_boundaries=0 1 2 3 4
cat_threshold=67839 4104 67808 6503680
is_linear=0
shrinkage=0.1


Tree=247
num_leaves=31
num_cat=2
split_feature=74 74 83 73 76 73 76 1 91 0 78 81 67 77 83 3 0 90 21 1 86 23 72 2 80 4 2 77 83 80
split_gain=48.9173 118.075 107.178 67.0813 127.759 68.7613 63.9442 63.8597 63.0616 58.3522 89.8978 53.0994 52.5478 52.1595 51.3852 57.4013 60.6555 62.4864 52.2006 51.1338 51.1172 79.4365 83.5991 81.7225 68.8238 71.3022 70.1702 197.881 182.63 127.572
threshold=509.50000000000006 498.00000000000006 2.2500000000000004 140.23665618896487 0 140.09915161132815 1 -12.849999904632567 1.2500000000000002 26.349999427795414 1.0000000180025095e-35 1.2500000000000002 0.55000001192092907 33.95000076293946 34.850000381469734 34.049999237060554 34.049999237060554 1.0000000180025095e-35 27.250000000000004 30.250000000000004 31.650000572204593 31.750000000000004 35.502500534057624 25.849999427795414 27.849999427795414 24.44999980926514 23.750000000000004 24.750000000000004 21.250000000000004 23.250000000000004
decision_type=2 2 10 2 1 2 1 10 10 2 10 10 10 8 10 10 2 8 10 10 10 10 2 8 10 8 8 10 8 8
left_child=1 14 -3 5 7 9 -4 -5 13 -2 11 12 -11 -6 15 20 -17 18 -18 -13 21 24 23 -23 26 -26 27 -1 -28 -30
right_child=3 2 6 4 8 -7 -8 -9 -10 10 -12 19 -14 -15 -16 16 17 -19 -20 -21 -22 22 -24 -25 25 -27 28 -29 29 -31
leaf_value=0.00010523762583026513 -0.00052980534534509893 0.0039746256764793238 0.036904866449846717 0.050158480786440245 -0.001053762299523246 0.0095062518350500051 0.011658612983041295 -0.014672866214774899 -0.0072793827026154433 -0.018881957734489474 -0.08541603167098788 -0.040981174028263651 -0.0027499581072290506 0.010506947017120292 0.013424714817445263 -0.012759651863557882 0.06280852318258684 -0.13671891193681707 0.0040662270908094983 -0.22046981048548508 0.0043139861218120861 0.021183567352106223 -0.011876082686304981 -0.0029376234886914617 0.0085173727097285681 0.0014553233752063737 -0.01076870403974229 0.0080664110821279857 -0.0054883138246360364 -0.00022439901771544114
leaf_weight=3784029 323174 15697 1696 154 17155 6610 2516 11329 12606 2522 146 65 10128 5052 2874 6630 164 30 1950 21 28135 1520 11262 18496 17067 88085 18520 31481 50416 530470
leaf_count=3784029 323174 15697 1696 154 17155 6610 2516 11329 12606 2522 146 65 10128 5052 2874 6630 164 30 1950 21 28135 1520 11262 18496 17067 88085 18520 31481 50416 530470
internal_value=1.3346e-08 9.08582e-05 0.00777533 -0.00107693 -0.00464974 -0.000594221 0.0219395 -0.0137914 -0.00162996 -0.00079289 -0.00739297 -0.00649855 -0.00596616 0.00157625 5.75352e-05 4.91622e-05 -0.00803149 0.00658963 0.00862334 -0.0848098 6.46443e-05 3.83762e-05 -0.00498381 -0.00110588 7.31287e-05 0.00260155 1.29082e-05 0.000170924 -0.000992937 -0.000681262
internal_weight=5e+06 4.61104e+06 19909 388962 46296 342666 4212 11483 34813 336056 12882 12736 12650 22207 4.59113e+06 4.58826e+06 8774 2144 2114 86 4.57948e+06 4.55135e+06 31278 20016 4.52007e+06 105152 4.41492e+06 3.81551e+06 599406 580886
internal_count=5000000 4611038 19909 388962 46296 342666 4212 11483 34813 336056 12882 12736 12650 22207 4591129 4588255 8774 2144 2114 86 4579481 4551346 31278 20016 4520068 105152 4414916 3815510 599406 580886
cat_boundaries=0 1 2
cat_threshold=8064 1997824
is_linear=0
shrinkage=0.1


Tree=248
num_leaves=31
num_cat=8
split_feature=91 48 76 2 27 19 1 74 74 76 72 76 72 72 72 76 73 0 76 30 89 74 74 74 76 76 24 76 0 90
split_gain=47.1793 54.3589 59.5652 55.4517 70.9134 58.1465 77.5756 51.4394 69.7225 72.5878 67.3046 106.494 93.4502 87.5184 76.1675 73.3245 63.0545 119.875 61.6458 59.5191 54.5877 65.3641 52.4708 90.2059 82.7296 60.8342 52.0484 217.596 179.887 116.636
threshold=0.65000000596046459 1.8499999642372134 0 12.650000095367433 1.0000000180025095e-35 9.6500000953674334 5.2500000000000009 408.50000000000006 412.00000000000006 1 37.649148941040046 2 35.808349609375007 35.906650543212898 40.420000076293952 3 143.1683044433594 -12.849999904632567 4 1.0000000180025095e-35 30.44999980926514 597.50000000000011 521.50000000000011 498.00000000000006 5 6 1.0000000180025095e-35 7 -12.849999904632567 0.75000000000000011
decision_type=8 8 1 8 10 10 10 2 2 1 2 1 2 2 2 1 2 2 1 8 8 2 2 2 1 1 2 1 2 10
left_child=1 -1 3 4 5 -3 -7 26 9 -9 12 -12 15 18 -13 20 17 -16 -14 -19 -10 -22 23 25 -25 -15 -2 29 -29 -28
right_child=7 2 -4 -5 -6 6 -8 8 10 -11 11 14 13 22 16 -17 -18 19 -20 -21 21 -23 -24 24 -26 -27 27 28 -30 -31
leaf_value=0.00029575766113402048 -0.00011183186051725123 0.0077442031095060109 0.0013688632764842171 0.0019483180835348252 -0.0080761113723025069 0.041880763912124447 0.013906021311053916 -0.020096115156641454 -0.008410408100412466 -0.0016923722021891007 -0.010924240579643217 -0.0044114532895422843 0.017093363231121976 -0.0053479853436316175 0.11059148814874116 -0.00080199382081823096 -0.0044995679553617249 0.0070603713388916398 0.0041115710413627176 -0.009874175747873571 0.0013773844061254078 -0.010619940722686072 -0.00064085173377138513 0.021581873348826636 0.0051208103532741382 0.0028441326050707865 0.007349808905403982 0.13488525552104885 -0.00062524099195443309 0.0011470218703964932
leaf_weight=481680 3495051 10632 112328 16760 1954 1287 4314 3881 27445 4790 15555 43973 4693 13043 108 111448 9329 16551 16569 2373 17026 6193 165854 3957 13354 29658 67875 98 247438 54783
leaf_count=481680 3495051 10632 112328 16760 1954 1287 4314 3881 27445 4790 15555 43973 4693 13043 108 111448 9329 16551 16569 2373 17026 6193 165854 3957 13354 29658 67875 98 247438 54783
internal_value=2.17249e-08 0.000809814 0.00249109 0.00609608 0.00992174 0.0120882 0.0203341 -0.0001165 -0.00106482 -0.00995472 -0.000909761 -0.00342055 -0.00037054 0.000853365 -0.00180516 -0.00223629 0.00223519 0.00553639 0.00698692 0.00493684 -0.00539017 -0.00182256 0.00027598 0.00280981 0.00889895 0.000341268 7.59535e-06 0.00113512 -0.000571569 0.00457907
internal_weight=5e+06 628955 147275 34947 18187 16233 5601 4.37104e+06 505800 8671 497129 87889 409240 247128 72334 162112 28361 19032 21262 18924 50664 23219 225866 60012 17311 42701 3.86524e+06 370194 247536 122658
internal_count=5000000 628955 147275 34947 18187 16233 5601 4371045 505800 8671 497129 87889 409240 247128 72334 162112 28361 19032 21262 18924 50664 23219 225866 60012 17311 42701 3865245 370194 247536 122658
cat_boundaries=0 1 2 3 4 5 6 7 8
cat_threshold=459648 65072 3840 32384 15872 31744 123328 522240
is_linear=0
shrinkage=0.1


Tree=249
num_leaves=31
num_cat=4
split_feature=20 89 77 76 76 12 74 1 6 86 75 2 21 86 1 11 16 83 23 89 76 25 15 1 23 0 10 83 1 39
split_gain=47.0725 136.709 134.859 125.864 103.739 102.601 103.01 149.165 90.0613 92.2591 91.138 107.82 223.044 100.149 138.987 153.473 98.466 95.1769 105.648 101.05 88.8543 100.167 86.6667 86.0037 85.4308 84.1076 81.1729 98.0733 140.943 111.037
threshold=20.150000572204593 18.849999427795414 20.650000572204593 0 1 23.750000000000004 80.500000000000014 17.250000000000004 11.84999990463257 18.349999427795414 2 19.050000190734867 24.750000000000004 26.94999980926514 27.349999427795414 25.849999427795414 25.44999980926514 30.050000190734867 32.750000000000007 23.250000000000004 3 0.75000000000000011 19.349999427795414 18.650000572204593 17.550000190734867 18.94999980926514 22.849999427795414 16.250000000000004 16.849999427795414 1.0000000180025095e-35
decision_type=10 10 8 1 1 10 2 8 8 8 1 8 8 8 8 8 8 8 8 8 1 8 8 10 10 2 8 10 8 10
left_child=1 26 3 5 24 6 7 22 9 -4 -10 12 25 14 20 -16 -14 18 -15 -19 21 -13 -2 -7 -3 -12 27 29 -29 -1
right_child=2 4 8 -5 -6 23 -8 -9 10 -11 11 13 16 17 15 -17 -18 19 -20 -21 -22 -23 -24 -25 -26 -27 -28 28 -30 -31
leaf_value=0.0001482707192773479 -0.011863160199636081 0.0087111167863378278 -0.0037680219390515005 -0.0050035489682776491 0.00074353591588640136 0.017802261104665883 -0.0069689389093051781 -0.0041997393317807826 -0.0032403668649994507 0.0095440165483375913 -0.0016374889010325672 -0.0032647769960410158 0.0073861533874584624 -0.00032613798718280853 -0.013745107759689585 -0.00065158233617757574 0.023880834770401888 -0.0046106348083278497 -0.018069046549160871 0.0026418407998081948 0.00033942867273332631 0.0050613012501850583 0.013077871488249002 0.0013237015153121654 0.00278825235939161 0.0061786439475957728 -0.0024706758740154888 0.0053466890069099084 0.00043410094605210138 -0.0019098073852998152
leaf_weight=2581826 1581 35586 7277 116032 169609 5620 20347 16060 93550 18295 40792 165982 8131 324340 18239 17581 6522 20900 3391 237824 261094 15827 11731 7257 77149 20781 126487 83360 195057 291772
leaf_count=2581826 1581 35586 7277 116032 169609 5620 20347 16060 93550 18295 40792 165982 8131 324340 18239 17581 6522 20900 3391 237824 261094 15827 11731 7257 77149 20781 126487 83360 195057 291772
internal_value=2.22039e-08 0.000195086 -0.000482616 -0.00305412 0.00230649 0.000560184 -0.00150011 0.00228834 -0.000118211 0.00575582 -0.000239843 6.10945e-06 0.0036393 -0.000253888 -0.0013271 -0.00731861 0.0147279 0.000622178 -0.000509722 0.00205598 -0.000842538 -0.00253983 0.0101157 0.00851556 0.00465745 0.00100047 1.32521e-05 0.000112929 0.00190496 -6.06971e-05
internal_weight=5e+06 3.56085e+06 1.43915e+06 178628 282344 62596 49719 29372 1.26053e+06 25572 1.23495e+06 1.1414e+06 76226 1.06518e+06 478723 35820 14653 586455 327731 258724 442903 181809 13312 12877 112735 61573 3.2785e+06 3.15202e+06 278417 2.8736e+06
internal_count=5000000 3560846 1439154 178628 282344 62596 49719 29372 1260526 25572 1234954 1141404 76226 1065178 478723 35820 14653 586455 327731 258724 442903 181809 13312 12877 112735 61573 3278502 3152015 278417 2873598
cat_boundaries=0 1 2 3 4
cat_threshold=49376 3743696 60 12590984
is_linear=0
shrinkage=0.1


Tree=250
num_leaves=31
num_cat=11
split_feature=79 48 76 1 75 76 78 49 51 88 74 75 76 79 75 83 20 76 6 76 73 76 73 76 75 0 20 83 72 21
split_gain=47.5249 68.2471 167.315 101.215 83.7494 110.934 62.3204 70.6615 60.3272 54.0121 70.7891 64.512 152.663 131.595 136.236 131.691 130.005 139.237 125.125 139.432 174.599 116.812 144.058 109.057 287.559 134.413 108.046 102.898 99.0276 113.18
threshold=0.65000000596046459 1.2500000000000002 0 10.250000000000002 1 2 1.0000000180025095e-35 1.4499999880790713 2.9500000476837163 0.65000000596046459 1042.5000000000002 3 4 3.1499999761581425 5 7.2500000000000009 11.449999809265138 6 15.84999990463257 7 138.946647644043 8 134.86249542236331 9 10 15.550000190734865 6.2500000000000009 -10.550000190734862 40.354150772094734 11.84999990463257
decision_type=8 8 1 10 1 1 10 8 10 8 2 1 1 10 1 10 8 1 8 1 2 1 2 1 1 2 8 8 2 10
left_child=1 8 3 4 6 -6 7 -3 -1 -2 11 18 13 14 21 27 -14 -18 19 20 -11 -13 -23 24 -22 28 -20 -16 -26 -30
right_child=9 2 -4 -5 5 -7 -8 -9 -10 10 -12 12 16 -15 15 -17 17 -19 26 -21 23 22 -24 -25 25 -27 -28 -29 29 -31
leaf_value=0.0002944739656139142 0.00085905160017604981 0.011122219638991461 0.00083083902527100392 0.0031681829702386055 -0.0026786751216206564 0.016865507018481288 -0.0087195858599716167 0.030527017879331986 -0.0075132868833176674 0.0066546896470373084 -0.0049581081407569054 -5.1937783197497668e-05 -0.00026444387739926625 0.0064180343475078233 -0.025355471570603822 0.0064823094453252197 -0.003973848742982347 -0.0009446581292759681 -0.015436903354328804 0.0040467702543121866 0.013059808572456373 -0.020419845699995852 -0.0036284292128503921 0.00033170575734400355 -0.0042208800097785007 -0.0003890979980114282 -6.1765445826446252e-05 0.00072518653095645269 -0.0046752541038370208 -0.023898486601899596
leaf_weight=291309 519297 3039 137598 20447 5528 6110 667 4906 10244 27542 31351 47196 1347926 47855 1533 50872 228179 452993 4586 167884 6249 7225 17448 58789 6499 9441 1356830 114588 4146 11723
leaf_count=291309 519297 3039 137598 20447 5528 6110 667 4906 10244 27542 31351 47196 1347926 47855 1533 50872 228179 452993 4586 167884 6249 7225 17448 58789 6499 9441 1356830 114588 4146 11723
internal_value=1.85523e-08 0.000946256 0.00249722 0.00812912 0.0131423 0.00758777 0.0206159 0.0231046 2.9238e-05 -0.000100432 -0.000224969 -0.000187587 -0.00052825 0.00163165 0.000672781 0.00223946 -0.000833456 -0.00195945 0.000289477 0.00216683 -0.000370757 -0.0029674 -0.008542 -0.00236874 -0.00653854 -0.0103916 -0.000113557 0.000380876 -0.0146181 -0.0188761
internal_weight=5e+06 479848 178295 40697 20250 11638 8612 7945 301553 4.52015e+06 4.00086e+06 3.9695e+06 2.31582e+06 286717 238862 166993 2.0291e+06 681172 1.65369e+06 292273 124389 71869 24673 96847 38058 31809 1.36142e+06 116121 22368 15869
internal_count=5000000 479848 178295 40697 20250 11638 8612 7945 301553 4520152 4000855 3969504 2315815 286717 238862 166993 2029098 681172 1653689 292273 124389 71869 24673 96847 38058 31809 1361416 116121 22368 15869
cat_boundaries=0 1 2 3 4 5 6 7 8 9 10 11
cat_threshold=1984 3608 192 992 1835008 24 230000 942539 1572864 448 512
is_linear=0
shrinkage=0.1


Tree=251
num_leaves=31
num_cat=8
split_feature=53 48 76 75 76 74 22 1 14 76 73 75 72 76 1 74 14 76 22 52 1 6 60 3 6 1 58 91 76 61
split_gain=47.0086 132.133 131.282 110.017 91.7343 80.0273 79.8298 142.634 123.272 106.473 131.341 309.76 117.473 115.793 171.726 108.195 103.65 98.1058 127.989 93.3024 87.2805 83.3342 78.9767 124.976 82.4698 86.064 79.6359 102.488 77.7249 74.5324
threshold=0.84999999403953563 1.1500000357627871 0 1 2 28.500000000000004 25.650000572204593 21.44999980926514 25.849999427795414 3 135.09999847412112 4 31.834149360656742 5 8.6500000953674334 1241.5000000000002 -13.249999999999998 6 15.84999990463257 0.25000000745058065 3.6499999761581425 -13.15000009536743 1.2500000000000002 -13.050000190734862 -13.15000009536743 -12.849999904632567 1.1500000357627871 1.0000000180025095e-35 7 1.3499999642372134
decision_type=8 10 1 1 1 2 8 10 10 1 2 1 2 1 10 2 8 1 10 8 10 10 10 10 8 10 10 8 1 10
left_child=1 4 -3 -4 -1 -6 9 8 -8 10 11 13 -13 14 -7 16 19 -14 -19 -12 21 -17 23 29 25 26 -24 -28 -5 -11
right_child=-2 2 3 28 5 6 7 -9 -10 22 15 12 17 -15 -16 20 -18 18 -20 -21 -22 -23 24 -25 -26 -27 27 -29 -30 -31
leaf_value=0.0028614431240879742 0.00017609694478962052 -0.0037198581074179694 0.0016902921640065964 0.003191091570232531 0.0023852572840586134 0.046052167677971101 0.0082528598009403657 0.00092806839328652942 0.038352727032930696 0.034145286593863559 -0.18278225974490248 0.017244272984039171 -0.0121800458213982 -0.0082118116446322827 0.0054246500841523479 -0.07250922080129385 -0.001623892569927933 -0.034244926107809777 -0.0044097508625317236 -0.0071522786266735349 0.010001277437538328 0.12748302889610583 -0.011170956671798073 0.0010031104061945168 -0.0014499400779076101 0.021586088621346006 -0.24376066723561962 -0.05848921725462241 -0.0032613101998606071 -0.012653545777576037
leaf_weight=117564 3760101 207953 132280 21968 102156 1275 4491 29093 1952 1758 60 1057 14920 4157 5654 24 86939 5428 1956 61 249 158 419 186378 186689 268 32 446 124092 422
leaf_count=117564 3760101 207953 132280 21968 102156 1275 4491 29093 1952 1758 60 1057 14920 4157 5654 24 86939 5428 1956 61 249 158 419 186378 186689 268 32 446 124092 422
internal_value=2.21945e-08 -0.00053394 -0.00181904 -0.000398752 0.000295319 -0.000179038 -0.000669704 0.00390951 0.017372 -0.000996236 -0.00356422 -0.00879493 -0.0153236 0.00497196 0.0128819 -0.00150519 -0.00175262 -0.0168739 -0.026306 -0.0942415 0.0484743 0.10111 -0.000164243 0.00128154 -0.00161546 -0.0281391 -0.0429957 -0.0708923 -0.00229069 0.0250861
internal_weight=5e+06 1.2399e+06 486293 278340 753606 636042 533886 35536 6443 498350 121938 34447 23361 11086 6929 87491 87060 22304 7384 121 431 182 376412 188558 187854 1165 897 478 146060 2180
internal_count=5000000 1239899 486293 278340 753606 636042 533886 35536 6443 498350 121938 34447 23361 11086 6929 87491 87060 22304 7384 121 431 182 376412 188558 187854 1165 897 478 146060 2180
cat_boundaries=0 1 2 3 4 5 6 7 8
cat_threshold=2046 252 7799808 448 240 384 320 8257536
is_linear=0
shrinkage=0.1


Tree=252
num_leaves=31
num_cat=1
split_feature=21 1 89 83 14 0 77 13 77 3 25 73 76 24 87 10 78 89 22 80 86 13 77 21 1 22 83 20 1 83
split_gain=48.2671 233.296 178.289 174.163 120.638 120.236 115.654 113.134 103.044 104.422 97.6809 93.1551 76.3426 87.3913 88.6326 139.312 84.9515 73.7571 91.957 90.7221 73.809 72.9315 72.0128 86.2917 89.4141 71.7549 69.8795 96.1174 165.881 162.893
threshold=26.250000000000004 21.150000572204593 22.550000190734867 24.349999427795414 27.650000572204593 32.049999237060554 27.650000572204593 27.44999980926514 23.750000000000004 28.550000190734867 1.0000000180025095e-35 138.28914642333987 0 1.0000000180025095e-35 0.75000000000000011 23.550000190734867 1.2500000000000002 31.250000000000004 30.250000000000004 32.649999618530281 33.149999618530281 28.050000190734867 27.250000000000004 24.150000572204593 26.94999980926514 35.049999237060554 24.750000000000004 19.849999427795414 23.750000000000004 18.550000190734867
decision_type=10 8 10 8 8 2 8 8 10 8 8 2 1 2 10 8 10 8 8 8 8 10 10 10 10 10 10 10 10 10
left_child=5 2 4 7 11 8 21 10 26 22 -3 -2 -8 14 16 -16 17 18 -14 -19 -21 -5 23 24 -10 -22 27 28 29 -1
right_child=1 3 -4 6 -6 -7 12 -9 9 -11 -12 -13 13 -15 15 -17 -18 19 -20 20 25 -23 -24 -25 -26 -27 -28 -29 -30 -31
leaf_value=5.0626988011460471e-06 0.0091577145644958953 -0.01402770183177361 0.029661078116994827 -0.005867504930309614 0.022870878491203592 0.021963486121508818 0.0025724166399877565 -0.00041123725143354169 0.0045793076155416215 -0.0027956198647065365 0.00049873284255008287 -0.0053065878732432284 -0.0012357912963561098 0.010708145008943253 -0.068423395710928522 -0.0090105975088817427 -0.031792991260716899 -0.0025047630521661344 -0.0091034110056311852 -1.2931655570610738e-05 0.006352696695984302 -0.00011577147900583004 0.0072493818457352588 -0.00064476173646246305 -0.0072854044297429007 0.027772246851606858 0.0025029575995466984 -0.0011272748583466194 -0.007301102563291334 0.00274063414579681
leaf_weight=3201037 8779 23328 3419 62285 3214 2513 90426 14819 104448 37682 5775 9035 62306 6164 474 2358 898 39197 19507 23626 22830 34123 32489 68958 6763 1679 106177 742327 29808 233556
leaf_count=3201037 8779 23328 3419 62285 3214 2513 90426 14819 104448 37682 5775 9035 62306 6164 474 2358 898 39197 19507 23626 22830 34123 32489 68958 6763 1679 106177 742327 29808 233556
internal_value=1.60467e-08 -0.00100745 0.00848238 -0.00157358 0.00503888 9.58347e-05 -0.000859299 -0.00752361 8.3792e-05 0.00205619 -0.0111452 0.00182163 0.000204159 -0.000992048 -0.00140929 -0.0189547 -0.00111707 -0.000954214 -0.0031117 0.00106693 0.00397541 -0.00383172 0.00291591 0.00213448 0.00385779 0.00782005 -3.06948e-05 -9.46437e-05 0.000126621 0.000191084
internal_weight=5e+06 434242 24447 409795 21028 4.56576e+06 365873 43922 4.56324e+06 250340 29103 17814 269465 179039 172875 2832 170043 169145 81813 87332 48135 96408 212658 180169 111211 24509 4.3129e+06 4.20673e+06 3.4644e+06 3.43459e+06
internal_count=5000000 434242 24447 409795 21028 4565758 365873 43922 4563245 250340 29103 17814 269465 179039 172875 2832 170043 169145 81813 87332 48135 96408 212658 180169 111211 24509 4312905 4206728 3464401 3434593
cat_boundaries=0 1
cat_threshold=14682062
is_linear=0
shrinkage=0.1


Tree=253
num_leaves=31
num_cat=5
split_feature=23 0 1 77 77 76 72 48 18 7 76 75 2 86 89 89 1 77 77 89 20 1 80 77 76 1 80 76 83 1
split_gain=46.4542 118.825 126.451 98.282 88.3188 123.406 221.943 150.406 117.638 100.131 85.2424 87.5758 83.0994 179.537 151.629 144.552 144.321 235.525 214.833 139.627 160.827 139.504 221.9 137.326 132.032 127.432 122.345 119.24 117.726 253.873
threshold=-3.4500000476837154 -7.5499999523162833 -8.6500000953674299 -2.8500000238418575 1.8499999642372134 0 34.388349533081062 1.1500000357627871 8.8499999046325701 5.8500001430511483 1 2 3.8500000238418584 10.650000095367433 1.6500000357627871 6.4500000476837167 8.6500000953674334 10.84999990463257 8.8499999046325701 9.0500001907348651 8.8499999046325701 5.2500000000000009 8.2500000000000018 8.0500001907348651 3 11.050000190734865 10.250000000000002 4 10.250000000000002 12.84999990463257
decision_type=8 2 8 10 8 1 2 8 10 10 1 1 8 10 8 8 8 8 10 10 8 8 10 10 1 10 10 1 8 8
left_child=3 10 -3 -1 5 6 8 -8 -4 -7 11 -2 13 14 -6 -14 18 24 19 20 -17 22 23 27 -18 -26 -22 -16 -19 -30
right_child=1 2 4 -5 12 9 7 -9 -10 -11 -12 -13 15 -15 21 16 17 28 -20 -21 26 -23 -24 -25 25 -27 -28 -29 29 -31
leaf_value=0.00040413292821318933 -0.0055616890320132426 0.034889453719816742 0.0078139286270346442 0.0056737894740662882 -0.0012053206155668086 -9.0880288738117248e-05 -0.015851323669964307 -0.0038775969015756254 0.052263108341933484 -0.0060757478918344278 -0.017216997520359819 0.032321349541118781 -0.0022926731621432457 0.023753407456827101 0.0046292257171176012 0.0018322452172974905 -0.0091518768128202328 -0.0031444102560696388 0.0084165139061186077 0.0061135959173103313 -0.0037454360040218163 -0.007804099389846786 0.023023983665299161 0.020069046571919377 -0.00032632088701065254 -0.0065924188907749461 0.014512339094542404 0.00055712277875216677 0.0028047446395110505 -0.00014445731579502589
leaf_weight=193959 3932 1036 2069 43292 180080 233237 15745 31437 836 31762 6917 712 277163 3528 122151 212522 34918 110293 44466 47249 95438 12803 5357 4380 101874 47629 3817 174834 328348 2628216
leaf_count=193959 3932 1036 2069 43292 180080 233237 15745 31437 836 31762 6917 712 277163 3528 122151 212522 34918 110293 44466 47249 95438 12803 5357 4380 101874 47629 3817 174834 328348 2628216
internal_value=1.49574e-08 -6.80154e-05 -4.33765e-05 0.00136571 -5.09953e-05 -0.00166873 -0.00622034 -0.00787332 0.0206055 -0.000808178 -0.0101938 0.00030336 6.39358e-05 0.00127401 0.00111527 -9.09057e-05 7.60675e-05 -0.000145306 0.00185986 0.00104781 0.000280101 0.00242312 0.00285002 0.00249141 -0.00361613 -0.00232243 -0.00304331 0.00223217 6.34072e-05 0.000183073
internal_weight=5e+06 4.76275e+06 4.75119e+06 237251 4.75015e+06 315086 50087 47182 2905 264999 11561 4644 4.43507e+06 503133 499605 3.93193e+06 3.65477e+06 3.25128e+06 403492 359026 311777 319525 306722 301365 184421 149503 99255 296985 3.06686e+06 2.95656e+06
internal_count=5000000 4762749 4751188 237251 4750152 315086 50087 47182 2905 264999 11561 4644 4435066 503133 499605 3931933 3654770 3251278 403492 359026 311777 319525 306722 301365 184421 149503 99255 296985 3066857 2956564
cat_boundaries=0 1 2 3 4 5
cat_threshold=526080 116674 4102 16256 2093408
is_linear=0
shrinkage=0.1


Tree=254
num_leaves=31
num_cat=7
split_feature=75 76 75 76 2 72 73 0 74 23 0 49 81 75 76 1 74 1 72 73 48 20 86 14 23 20 18 1 21 76
split_gain=44.8199 364.844 350.454 172.055 202.094 247.438 277.883 568.409 479.008 208.43 190.344 217.513 188.741 173.105 727.02 284.028 246.952 188.987 238.869 166.067 164.467 162 233.716 159.325 157.361 155.686 146.324 143.476 141.431 140.233
threshold=0 1 2 3 17.44999980926514 37.019998550415046 138.49420166015628 0.25000000745058065 334.50000000000006 2.4500000476837163 4.4500000476837167 2.5499999523162846 1.0000000180025095e-35 4 5 5.6499998569488534 71.000000000000014 4.4500000476837167 34.090850830078132 134.25665283203128 3.7500000000000004 12.250000000000002 13.050000190734865 10.84999990463257 6.2500000000000009 13.550000190734865 8.2500000000000018 31.44999980926514 10.050000190734865 6
decision_type=1 1 1 1 10 2 2 2 2 10 2 10 10 1 1 10 2 8 2 2 10 10 8 10 10 10 10 8 8 1
left_child=1 2 27 4 5 6 13 8 -8 -7 24 21 20 14 19 23 17 18 26 -2 28 -12 -23 -15 -11 -9 -16 -1 -6 -3
right_child=3 29 -4 -5 12 9 7 25 -10 10 11 -13 -14 15 16 -17 -18 -19 -20 -21 -22 22 -24 -25 -26 -27 -28 -29 -30 -31
leaf_value=0.00010764329840327153 -0.026030158393032111 -0.0016074679182507086 0.0059217837753797681 9.0271126551572488e-05 -0.033953615917809453 -0.00018299504558158289 0.068527706416568732 0.0091538858350521217 0.010844235961880113 -0.010065758449031964 -0.00039179793459213365 0.0029912840860388387 0.0067847075886736221 0.0086473527220060804 0.013643522680001456 2.718752985176881e-05 -0.0040382733805032576 0.0022715230619653236 0.0070306352370372392 -0.0092496009240586232 0.00076673098877586443 -0.027066965106065301 -0.0075126350136719665 0.031099846912027742 -0.029056275139587879 -0.0043906708522969788 0.050629995087904001 -0.01649371971966284 -0.0096646608995677452 0.00034839153039576223
leaf_weight=136681 13190 523470 207462 2418985 2508 86086 2690 21755 3097 17266 16567 25579 9474 11110 1762 67157 37008 22381 7654 10667 15908 8254 23556 4417 5839 13914 2722 5412 54326 1223103
leaf_count=136681 13190 523470 207462 2418985 2508 86086 2690 21755 3097 17266 16567 25579 9474 11110 1762 67157 37008 22381 7654 10667 15908 8254 23556 4417 5839 13914 2722 5412 54326 1223103
internal_value=1.45763e-08 0.000352409 0.0033014 -0.000254358 -0.0019736 -0.00105115 0.00121306 0.00858682 0.0376575 -0.00376508 -0.00694213 -0.00446692 -0.00649171 -0.000503625 -0.00340635 0.00284502 0.00163632 0.00772056 0.0177679 -0.0185194 -0.00822085 -0.00841039 -0.0125866 0.0150345 -0.014865 0.00387034 0.0360961 -0.000524628 -0.0107365 -0.00023781
internal_weight=5e+06 2.09613e+06 349555 2.90387e+06 484887 402671 219524 41456 5787 183147 97061 73956 82216 178068 95384 82684 71527 34519 12138 23857 72742 48377 31810 15527 23105 35669 4484 142093 56834 1.74657e+06
internal_count=5000000 2096128 349555 2903872 484887 402671 219524 41456 5787 183147 97061 73956 82216 178068 95384 82684 71527 34519 12138 23857 72742 48377 31810 15527 23105 35669 4484 142093 56834 1746573
cat_boundaries=0 1 2 3 4 5 6 7
cat_threshold=3968 786816 384 263040 4102 128 122928
is_linear=0
shrinkage=0.1


Tree=255
num_leaves=31
num_cat=4
split_feature=50 76 48 0 78 55 49 5 58 76 76 80 2 50 19 20 80 5 88 74 66 63 48 57 91 41 80 77 76 2
split_gain=44.1245 113.728 110.273 80.951 126.556 116.9 142.296 116.585 135.645 110.061 97.4214 92.4313 69.0684 97.8042 84.5211 100.256 75.679 75.7363 78.1896 77.8475 71.5303 67.747 72.0162 74.7157 73.1265 67.4596 67.0354 123.567 98.2146 66.2299
threshold=0.35000000894069677 0 1.6500000357627871 -12.849999904632567 1.0000000180025095e-35 2.0499999523162846 2.2500000000000004 -12.949999809265135 1.9499999880790713 1 2 -7.3500001430511466 -12.849999904632567 1.1500000357627871 -3.0499999523162837 -5.9500000476837149 -13.749999999999998 -12.949999809265135 1.6500000357627871 119.50000000000001 0.65000000596046459 1.5500000119209292 5.7500000000000009 0.35000000894069677 0.65000000596046459 1.0000000180025095e-35 -10.949999809265135 -10.550000190734862 3 -12.849999904632567
decision_type=8 1 10 2 10 10 10 8 10 1 1 10 10 10 10 10 10 10 8 2 8 8 8 10 10 10 8 10 1 8
left_child=1 -1 -3 4 5 7 12 8 9 -2 25 21 13 14 15 16 17 18 -7 -20 -18 22 23 24 -11 -9 27 28 -5 -28
right_child=3 2 -4 26 -6 6 -8 10 -10 11 -12 -13 -14 -15 -16 -17 20 -19 19 -21 -22 -23 -24 -25 -26 -27 29 -29 -30 -31
leaf_value=0.0067667480624291499 -0.017094833527434419 -0.00076798514226842653 -0.0064723744824258193 -0.0036142087728022695 0.093942780964478056 -0.026893555813628001 0.01877316917763832 -0.0017672297457076908 -0.02961779961287361 0.11838202827192586 0.028952488103887671 0.17307209078318034 -0.0021573312195160717 -0.010173674324454863 0.076111174159579811 -0.14928283153645724 0.14637345862574877 -0.046459782862414922 -0.099658557273543044 -0.30214494579547163 -0.023154893877342278 0.0043090344495572584 -0.062289194494870671 0.026393137319183718 0.016532780837129665 -0.13475064614787699 0.015314247912153536 0.0069587385338338095 -0.026640624069935465 8.1233482431936521e-05
leaf_weight=18501 1082 419300 36868 3714 167 41 1510 823 1091 203 4351 39 1448 976 45 119 32 390 39 37 112 1604 72 930 108 40 2856 3827 3710 4495965
leaf_count=18501 1082 419300 36868 3714 167 41 1510 823 1091 203 4351 39 1448 976 45 119 32 390 39 37 112 1604 72 930 108 40 2856 3827 3710 4495965
internal_value=1.40721e-08 -0.000917229 -0.00122899 9.62252e-05 0.00736757 0.00640957 -0.00657883 0.0123732 0.00166871 0.0101218 0.0229032 0.020074 -0.0183978 -0.0315279 -0.0571007 -0.0648858 -0.0494584 -0.0676292 -0.138194 -0.198237 0.0145181 0.0180972 0.0349413 0.0405824 0.0830132 -0.00784016 7.16239e-05 -0.00763766 -0.015162 9.09039e-05
internal_weight=5e+06 474669 456168 4.52533e+06 15259 15092 4749 10343 5129 4038 5214 2956 3239 1791 815 770 651 507 117 76 144 2917 1313 1241 311 863 4.51007e+06 11251 7424 4.49882e+06
internal_count=5000000 474669 456168 4525331 15259 15092 4749 10343 5129 4038 5214 2956 3239 1791 815 770 651 507 117 76 144 2917 1313 1241 311 863 4510072 11251 7424 4498821
cat_boundaries=0 1 2 3 4
cat_threshold=491520 4194577 4063744 49653
is_linear=0
shrinkage=0.1


Tree=256
num_leaves=31
num_cat=3
split_feature=79 76 76 72 73 5 0 22 23 51 87 13 90 80 77 2 76 24 80 83 86 22 2 21 48 89 2 80 83 21
split_gain=43.6442 165.106 73.0438 45.0676 69.5626 51.7739 112.56 171.835 90.8718 76.5497 69.9228 147.333 75.084 68.1669 64.0628 73.4397 122.743 120.695 118.192 103.81 91.1468 97.6672 79.2896 76.3058 73.8533 71.6613 144.324 149.453 132.178 160.614
threshold=7.2500000000000009 0 1 27.989149093627933 131.188346862793 29.849999427795414 31.150000572204593 29.44999980926514 33.149999618530281 2.6499999761581425 1.0000000180025095e-35 24.44999980926514 1.2500000000000002 30.050000190734867 29.849999427795414 27.150000572204593 2 1.0000000180025095e-35 26.550000190734867 26.250000000000004 27.44999980926514 29.44999980926514 24.250000000000004 27.150000572204593 1.0500000119209292 23.44999980926514 21.250000000000004 21.44999980926514 20.44999980926514 25.050000190734867
decision_type=10 1 1 2 2 10 2 10 10 8 10 8 10 8 10 10 1 2 8 10 8 10 8 10 8 10 10 10 8 8
left_child=3 -2 -3 4 -1 6 8 13 14 -7 12 -12 -9 -8 15 19 -17 18 -18 25 -20 -22 24 -24 -21 26 27 -5 -28 -30
right_child=1 2 -4 5 -6 9 7 10 -10 -11 11 -13 -14 -15 -16 16 17 -19 20 22 21 -23 23 -25 -26 -27 28 -29 29 -31
leaf_value=0.0011934376877046115 -0.0067627816267898273 0.0088900886644048254 -0.00031369067763190538 1.2364398767801486e-05 0.0095922094043638384 -0.0043283554688014836 -0.0038703498653814648 0.0025065898053412464 -0.015459852492176365 0.00092833575830818997 -0.28763513129949575 -0.022052545108517091 -0.093897696777626327 0.021683823157776134 0.0050590619945835927 0.0044068622945554643 -0.012113917880166358 0.012737649920184783 -0.008741892552504486 0.016799150774653989 0.0010844165586945827 -0.0076387482644286594 0.0044011692089575812 -0.0023763660429143981 0.0046479975555805018 0.0015828488048507221 -0.0062385301509019784 0.0048753017335862875 -0.00012699398571080228 -0.004769323222115829
leaf_weight=111114 42126 11113 38367 3556225 10822 65844 1220 31080 3800 47823 25 127 81 7231 24999 22320 16712 4275 20706 7225 50007 17267 41055 27901 16256 262713 57239 64342 344917 95068
leaf_count=111114 42126 11113 38367 3556225 10822 65844 1220 31080 3800 47823 25 127 81 7231 24999 22320 16712 4275 20706 7225 50007 17267 41055 27901 16256 262713 57239 64342 344917 95068
internal_value=1.03371e-08 -0.00216264 0.00175482 4.03721e-05 0.00193884 -7.99176e-06 4.33035e-05 0.00534105 -2.16559e-06 -0.00211671 0.00192596 -0.0657339 0.002256 0.0179948 1.05232e-05 -1.68882e-05 -0.00234805 -0.00373174 -0.00440461 5.15346e-05 -0.00294021 -0.00115453 0.0033679 0.00165884 0.00838685 -1.84471e-05 -0.000120609 9.87849e-05 -0.00171814 -0.00113007
internal_weight=5e+06 91606 49480 4.90839e+06 121936 4.78646e+06 4.67279e+06 39764 4.63303e+06 113667 31313 152 31161 8451 4.62923e+06 4.60423e+06 131287 108967 104692 4.47294e+06 87980 67274 92437 68956 23481 4.3805e+06 4.11779e+06 3.62057e+06 497224 439985
internal_count=5000000 91606 49480 4908394 121936 4786458 4672791 39764 4633027 113667 31313 152 31161 8451 4629227 4604228 131287 108967 104692 4472941 87980 67274 92437 68956 23481 4380504 4117791 3620567 497224 439985
cat_boundaries=0 1 2 3
cat_threshold=32712 917504 15728751
is_linear=0
shrinkage=0.1


Tree=257
num_leaves=31
num_cat=5
split_feature=74 74 85 23 75 73 76 76 89 5 15 76 81 74 82 19 74 74 51 76 48 86 89 83 3 80 1 18 73 12
split_gain=44.5059 85.6603 91.1542 55.5742 88.3072 79.1524 76.3084 71.3043 64.7283 59.5614 57.1663 50.5626 47.5943 81.4785 50.7447 123.667 143.101 125.729 101.996 105.089 118.369 97.5876 180.765 130.748 112.243 95.2211 100.949 88.1395 85.8881 84.2716
threshold=509.50000000000006 498.00000000000006 1.2500000000000002 3.4500000476837163 0 140.23665618896487 1 2 -4.0499999523162833 1.2500000000000002 14.750000000000002 3 10.250000000000002 19.500000000000004 1.0500000119209292 0.65000000596046459 396.50000000000006 340.50000000000006 1.1500000357627871 4 3.2500000000000004 4.4500000476837167 -8.9499998092651349 -2.8500000238418575 4.4500000476837167 17.849999427795414 16.250000000000004 -4.2499999999999991 145.20670318603518 -3.9500000476837154
decision_type=2 2 10 8 1 2 1 1 8 8 10 1 8 2 10 10 2 2 8 1 8 8 8 8 10 8 10 10 2 10
left_child=1 12 -3 8 6 9 -5 -7 -2 10 -6 -4 14 -14 21 -16 17 18 19 25 -21 24 23 -23 28 -17 -27 29 -1 -25
right_child=3 2 11 4 5 7 -8 -9 -10 -11 -12 -13 13 -15 15 16 -18 -19 -20 20 -22 22 -24 27 -26 26 -28 -29 -30 -31
leaf_value=-0.00036793661273667381 -0.0077675905691541106 0.0035606209647233589 0.036108618522938292 -0.018454950357740512 0.01061898528522208 -0.017586864938401604 -0.0046627679817419845 -0.0038881599320287627 0.0015252010777916808 -0.00069910043653791532 0.12045700814463392 0.011172224275228402 0.0022628917483331064 -0.0049828390602524135 0.0018444757570097873 -0.0085830874061546165 -0.0064584972083458663 0.0045738997768810501 -0.00014965795149767187 -0.00063489306312105795 -0.0085016781838170973 -0.0086843455017757316 0.00069327456781370037 -0.085403692959018826 -0.0045849715478356642 0.018488957454404289 -0.0029805974431217847 -0.011238933926532191 0.023309194148068674 -0.012089753320950242
leaf_weight=339600 8079 16508 1395 4627 3694 4590 29975 21971 103785 212193 48 2006 23414 46029 237426 41292 40598 48375 1208307 283050 20513 3201 2184117 602 72859 2327 37216 452 1539 212
leaf_count=339600 8079 16508 1395 4627 3694 4590 29975 21971 103785 212193 48 2006 23414 46029 237426 41292 40598 48375 1208307 283050 20513 3201 2184117 602 72859 2327 37216 452 1539 212
internal_value=1.05463e-08 8.66624e-05 0.0066319 -0.00102722 -0.0017867 -0.00111214 -0.00651187 -0.00626352 0.000854061 -0.00047855 0.0120279 0.0215395 5.82796e-05 -0.00253981 9.81804e-05 -0.00029194 -0.000593567 -0.000448477 -0.000601021 -0.00201982 -0.00116645 0.000385849 0.000652174 -0.0194436 -0.00102207 -0.00522376 -0.00171717 -0.0466477 -0.000261121 -0.0663096
internal_weight=5e+06 4.61104e+06 19909 388962 277098 242496 34602 26561 111864 215935 3742 3401 4.59113e+06 69443 4.52169e+06 1.9191e+06 1.68168e+06 1.64108e+06 1.5927e+06 384398 303563 2.60258e+06 2.18858e+06 4467 413998 80835 39543 1266 341139 814
internal_count=5000000 4611038 19909 388962 277098 242496 34602 26561 111864 215935 3742 3401 4591129 69443 4521686 1919104 1681678 1641080 1592705 384398 303563 2602582 2188584 4467 413998 80835 39543 1266 341139 814
cat_boundaries=0 1 2 3 4 5
cat_threshold=4110 960 1920 2915328 1792
is_linear=0
shrinkage=0.1


Tree=258
num_leaves=31
num_cat=4
split_feature=24 76 25 78 1 25 3 77 0 83 89 77 1 73 0 74 20 76 81 2 86 4 83 74 86 76 48 80 75 5
split_gain=44.3258 67.01 65.6313 61.4545 84.7127 51.6554 43.1702 164.782 162.98 148.804 140.31 123.708 143.726 177.93 119.535 108.68 102.999 91.5556 103.023 149.81 90.9947 89.9621 83.356 83.0653 81.111 78.8409 99.4268 77.483 88.3545 88.925
threshold=5.2500000000000009 0 1.0000000180025095e-35 9.2500000000000018 31.650000572204593 1.0000000180025095e-35 -2.4500000476837154 -3.1499999761581416 1.6500000357627871 -0.94999998807907093 -2.1499999761581416 1.0500000119209292 -5.3500001430511466 141.27500152587893 1.8499999642372134 692.50000000000011 -6.6499998569488517 1 1.0000000180025095e-35 -12.849999904632567 -2.2499999999999996 -4.8500001430511466 -5.0499999523162833 12.500000000000002 4.4500000476837167 2 1.7500000000000002 -10.949999809265135 3 -12.949999809265135
decision_type=2 1 8 10 10 10 8 10 2 8 10 10 10 2 2 2 8 1 10 10 10 10 10 2 10 1 8 10 1 10
left_child=3 2 -2 6 5 -5 7 10 11 -8 16 12 13 -9 24 -13 17 -1 21 -20 23 27 -23 -18 -12 26 -14 28 29 -19
right_child=1 -3 -4 4 -6 -7 9 8 -10 -11 14 15 25 -15 -16 -17 20 18 19 -21 -22 22 -24 -25 -26 -27 -28 -29 -30 -31
leaf_value=-0.011574924042516962 0.024493601425607144 -0.00022776802826986829 0.0057681794346400965 -0.023457549031621065 -0.1269385160217362 -0.00244985269930841 -0.0034607591299834943 0.0086296385213903461 -0.010689169083568593 4.6763994720594825e-06 0.0085713206223272283 0.033987083898057928 -0.012752570779995937 0.049861523263869459 -0.010056863640339917 0.0043888345476213167 0.0031748967157114874 -0.023585770811096113 0.11350332806334616 0.013908000677648538 0.0058382606486326507 -0.010020416401320354 0.0060106530333708177 -0.0040439411080167532 0.061500032072403676 0.0070193905035827982 0.0068447353627297024 0.0081816939418165712 0.0044968616736358897 -0.0016735664647345922
leaf_weight=4524 2156 21896 14197 1745 62 3555 127398 3026 5148 4523007 24464 3210 5321 1600 3707 2022 18456 2482 156 4740 12559 10011 4798 116921 293 27478 5042 24022 18707 7297
leaf_count=4524 2156 21896 14197 1745 62 3555 127398 3026 5148 4523007 24464 3210 5321 1600 3707 2022 18456 2482 156 4740 12559 10011 4798 116921 293 27478 5042 24022 18707 7297
internal_value=1.00294e-08 0.00339119 0.00823193 -2.61318e-05 -0.010726 -0.00936654 -1.45563e-05 0.00113599 0.00621493 -9.02593e-05 7.56723e-05 0.00803933 0.00625181 0.0228906 0.00669012 0.0225483 -0.000762317 0.00221055 0.00307536 0.0170814 -0.0023044 0.00205715 -0.00482648 -0.00305979 0.00919773 0.00421775 -0.00321462 0.00399856 0.000470963 -0.00722769
internal_weight=5e+06 38249 16353 4.96175e+06 5362 5300 4.95639e+06 305984 52847 4.6504e+06 253137 47699 42467 4626 28464 5232 224673 76737 72213 4896 147936 67317 14809 135377 24757 37841 10363 52508 28486 9779
internal_count=5000000 38249 16353 4961751 5362 5300 4956389 305984 52847 4650405 253137 47699 42467 4626 28464 5232 224673 76737 72213 4896 147936 67317 14809 135377 24757 37841 10363 52508 28486 9779
cat_boundaries=0 1 2 3 4
cat_threshold=523008 3840 34560 4
is_linear=0
shrinkage=0.1


Tree=259
num_leaves=31
num_cat=3
split_feature=79 76 72 73 72 72 80 74 0 79 73 72 74 74 1 44 22 71 48 76 82 1 48 72 89 5 91 76 72 2
split_gain=44.6896 123.21 156.611 253.6 119.941 118.545 117.013 109.268 87.9353 86.1745 84.0441 135.135 116.208 103.547 122.975 102.657 90.2281 85.4132 131.453 115.581 81.7506 80.2991 104.597 96.2386 80.2505 94.6312 76.1303 114.487 196.448 162.766
threshold=1.0500000119209292 0 40.792499542236335 141.42920684814456 44.050001144409187 43.847499847412116 -13.749999999999998 29.500000000000004 30.150000572204593 5.8500001430511483 136.90335083007815 36.436649322509773 416.50000000000006 84.500000000000014 2.6499999761581425 1.0000000180025095e-35 4.6499998569488534 1.3499999642372134 3.1499999761581425 1 3.0499999523162846 -12.849999904632567 1.4499999880790713 44.147500991821296 28.44999980926514 26.150000572204593 1.1500000357627871 2 36.099998474121101 -3.8500000238418575
decision_type=10 1 2 2 2 2 8 2 2 10 2 2 2 2 8 10 8 8 10 1 8 10 8 2 10 8 10 1 2 8
left_child=24 2 9 7 8 6 -5 -4 -3 10 13 15 -13 14 -2 16 -12 -16 19 -19 -21 22 23 -6 26 -26 27 28 29 -1
right_child=1 4 3 5 21 -7 -8 -9 -10 -11 11 12 -14 -15 17 -17 -18 18 -20 20 -22 -23 -24 -25 25 -27 -28 -29 -30 -31
leaf_value=0.033961084327884548 0.014816199700560504 6.5779945638875536e-05 -0.0058132340908523209 0.050955273806780721 0.056604803814552733 -0.0057079014679961397 0.00082094506826362642 -0.015264329445731971 -0.0054261654746765664 -0.0048525498334716132 0.01879226313852677 0.00083694282483339421 -0.0066101950389970037 -0.0046207332722468597 0.0043241785039684752 0.018599120667518048 0.0028507794476761244 -0.00076118061732607229 0.0021233020286671078 -0.013724145704953665 -0.0038710997705802019 0.00425304664378897 0.024781815794167331 -0.080218092354162385 0.0081895912191307079 0.00065031659504724538 -0.00046698970649385063 0.00028077785522184285 -0.00050385682664742923 0.0050992872489951727
leaf_weight=1989 5355 1264381 26255 469 60 40924 63207 22905 29843 43951 3782 116912 25529 73567 28608 5092 57993 38813 51546 16747 16937 77900 218 359 27301 42668 1152974 1554324 98445 110946
leaf_count=1989 5355 1264381 26255 469 60 40924 63207 22905 29843 43951 3782 116912 25529 73567 28608 5092 57993 38813 51546 16747 16937 77900 218 359 27301 42668 1152974 1554324 98445 110946
internal_value=8.97154e-09 -0.000364419 -0.00151194 -0.00429278 0.000169402 -0.00150863 0.00119021 -0.0102168 -6.08567e-05 -0.000630046 -0.000209109 0.00124315 -0.000497771 -0.00152174 -7.88567e-05 0.00495168 0.00382675 -0.000601376 -0.00173735 -0.00448232 -0.00876723 0.0039639 -0.0313965 -0.0606253 0.000245268 0.00359204 0.000165036 0.000577738 0.00276121 0.0056076
internal_weight=5e+06 2.01135e+06 638592 153760 1.37276e+06 104600 63676 49160 1.29422e+06 484832 440881 209308 142441 231573 158006 66867 61775 152651 124043 72497 33684 78537 637 419 2.98865e+06 69969 2.91868e+06 1.7657e+06 211380 112935
internal_count=5000000 2011353 638592 153760 1372761 104600 63676 49160 1294224 484832 440881 209308 142441 231573 158006 66867 61775 152651 124043 72497 33684 78537 637 419 2988647 69969 2918678 1765704 211380 112935
cat_boundaries=0 1 2 3
cat_threshold=16256 12672 1792
is_linear=0
shrinkage=0.1


Tree=260
num_leaves=31
num_cat=6
split_feature=85 74 76 73 0 76 91 74 9 80 74 74 0 72 91 65 86 76 77 72 49 68 85 76 91 76 75 73 79 73
split_gain=42.2431 95.7224 104.243 93.1138 178.729 131.946 103.42 96.7946 96.0644 92.6981 136.66 143.623 143.954 162.969 129.077 125.883 84.8836 84.809 84.1902 130.807 106.133 85.5461 81.9217 80.8546 79.1585 101.179 232.524 158.412 139.42 119.75
threshold=0.84999999403953563 43.500000000000007 0 143.93750000000003 -12.849999904632567 1 1.0000000180025095e-35 143.50000000000003 -13.050000190734862 -10.949999809265135 147.50000000000003 242.50000000000003 -12.849999904632567 43.315851211547859 0.65000000596046459 1.6500000357627871 -13.749999999999998 2 -13.15000009536743 42.773351669311531 0.84999999403953563 2.1499999761581425 1.0000000180025095e-35 3 3.8500000238418584 4 5 132.01335144042972 1.9499999880790713 143.53584289550784
decision_type=10 2 1 2 2 1 10 2 10 8 2 2 2 2 8 10 8 1 8 2 10 10 10 1 10 1 1 2 10 2
left_child=1 2 -1 9 6 7 -5 -6 -8 10 18 12 13 -12 15 -13 -17 -15 19 -3 -21 -22 23 -16 25 26 27 -11 -28 -27
right_child=-2 3 -4 4 5 -7 8 -9 -10 24 11 14 -14 17 22 16 -18 -19 -20 20 21 -23 -24 -25 -26 29 28 -29 -30 -31
leaf_value=0.0026143199642370274 -0.0002913013480065409 0.012399423452497924 0.0003419856492735685 0.086389497537737545 0.0027915954398854623 0.0069938119706862041 -0.050186414977420796 -0.017629059621745557 0.042402930445853172 0.0073640756634534808 0.17406796947040637 -0.015346722761359143 -0.004441711805253672 -0.033985669568440395 -0.075518277648464596 -0.20427067428585388 -0.073553548604083654 0.047701418957558001 -0.01772954183678007 -0.046283513938027473 -0.095241706031011356 -0.23540537173726728 0.016558333652008646 -0.0040380002658790106 -0.0030532681920537241 -0.00047518046135883217 0.0041732913008450303 -0.0029249983173486554 -0.0008491929151843669 -0.0093662847035353679
leaf_weight=306300 2494465 203 592216 391 4973 28033 146 4353 482 16696 92 245 1183 148 238 77 140 741 2898 321 141 63 851 454 93799 1001113 215284 144213 74360 15381
leaf_count=306300 2494465 203 592216 391 4973 28033 146 4353 482 16696 92 245 1183 148 238 77 140 741 2898 321 141 63 851 454 93799 1001113 215284 144213 74360 15381
internal_value=7.97642e-09 0.00029003 0.00111665 -0.000172147 0.00469436 0.0035673 0.046015 -0.00673272 0.0208774 -0.00029121 -0.0111691 0.00117928 0.0190452 0.0473683 -0.0181034 -0.0644725 -0.119937 0.0342565 -0.0253667 -0.0557686 -0.0821269 -0.138528 -0.00421972 -0.0297719 -0.000236885 -5.68131e-05 0.00119057 -0.00185728 0.00288377 -0.00060971
internal_weight=5e+06 2.50554e+06 898516 1.60702e+06 38378 37359 1019 9326 628 1.56864e+06 7795 4169 2164 981 2005 462 217 889 3626 728 525 204 1543 692 1.56085e+06 1.46705e+06 450553 160909 289644 1.01649e+06
internal_count=5000000 2505535 898516 1607019 38378 37359 1019 9326 628 1568641 7795 4169 2164 981 2005 462 217 889 3626 728 525 204 1543 692 1560846 1467047 450553 160909 289644 1016494
cat_boundaries=0 1 2 3 4 5 6
cat_threshold=983520 32512 3840 8388997 130816 7170
is_linear=0
shrinkage=0.1


Tree=261
num_leaves=31
num_cat=6
split_feature=3 89 77 80 20 74 83 1 1 83 0 76 76 13 53 1 0 76 75 76 86 14 72 3 1 48 1 77 1 76
split_gain=41.9861 230.141 206.107 205.871 155.747 168.012 163.201 155 143.481 135.58 155.752 133.565 129.883 116.471 112.455 139.008 121.703 105.699 128.526 103.689 101.301 102.656 93.2144 93.0739 92.8957 92.8546 92.4265 91.2605 205.618 169.925
threshold=11.050000190734865 11.050000190734865 11.250000000000002 11.449999809265138 11.449999809265138 16.500000000000004 12.84999990463257 10.050000190734865 10.250000000000002 6.6499998569488534 7.8500001430511483 0 1 -0.35000000894069666 1.3499999642372134 1.6500000357627871 1.6500000357627871 2 3 4 11.449999809265138 15.050000190734865 35.688299179077156 7.4500000476837167 5.8500001430511483 2.3500000238418584 11.650000095367433 2.8500000238418584 2.4500000476837163 5
decision_type=8 10 10 8 10 2 10 8 10 10 2 1 1 8 10 10 2 1 1 1 10 10 2 10 10 8 10 10 8 1
left_child=1 2 4 -2 9 17 14 19 11 27 23 24 -12 25 15 16 -7 18 -6 -4 21 -17 -20 -11 -3 26 -5 -1 -29 -30
right_child=3 8 7 13 5 6 -8 -9 -10 10 12 -13 -14 -15 -16 20 -18 -19 22 -21 -22 -23 -24 -25 -26 -27 -28 28 29 -31
leaf_value=-0.00055140053557230847 -0.0040326955605548475 0.03838757023765025 0.020731603987358283 -0.0055736457048850552 0.019087623692143684 -0.0058994693064024313 0.0090651238575219489 0.0023636188523623808 0.0017904516581984664 0.0076235323310599474 0.010633433409271585 0.0047184581476547999 -0.00091818647998692768 -2.0636356901737788e-05 -0.0020365321917452952 -0.012839728468395435 0.023400860862307863 -0.00059825872476172281 0.0083342000228665974 0.0047726688200134884 0.0025279649896380058 -0.0046652115083844021 -0.015491326436160288 0.0015696911743159844 0.01326486548478327 0.0012158600431983425 -0.03106934781332768 0.0081108890503536479 -0.0046161915293543593 0.0016162706130548718
leaf_weight=1138756 136700 1616 10020 2669 7140 3123 8587 31312 78667 65396 10633 31516 113881 2783859 65226 43853 2596 35338 4826 6888 7167 23646 2489 41520 16500 3678 3043 39547 54262 225546
leaf_count=1138756 136700 1616 10020 2669 7140 3123 8587 31312 78667 65396 10633 31516 113881 2783859 65226 43853 2596 35338 4826 6888 7167 23646 2489 41520 16500 3678 3043 39547 54262 225546
internal_value=-4.00068e-09 0.000344748 7.3716e-05 -0.000243576 -9.06936e-05 -0.00270077 -0.0043316 0.00652985 0.00444671 0.00022444 0.00247297 0.00865689 6.90561e-05 -5.81391e-05 -0.00512164 -0.00762495 0.0074007 0.00234957 0.00954991 0.0142453 -0.00877583 -0.00997606 0.000227022 0.00527257 0.0154973 -0.0111766 -0.0191562 -0.000132445 0.00136147 0.000407528
internal_weight=5e+06 2.07005e+06 1.94175e+06 2.92995e+06 1.89353e+06 203991 154198 48220 128299 1.68954e+06 231430 49632 124514 2.79325e+06 145611 80385 5719 49793 14455 16908 74666 67499 7315 106916 18116 9390 5712 1.45811e+06 319355 279808
internal_count=5000000 2070051 1941752 2929949 1893532 203991 154198 48220 128299 1689541 231430 49632 124514 2793249 145611 80385 5719 49793 14455 16908 74666 67499 7315 106916 18116 9390 5712 1458111 319355 279808
cat_boundaries=0 1 2 3 4 5 6
cat_threshold=984512 917504 4374912 3592 3805152 7616
is_linear=0
shrinkage=0.1


Tree=262
num_leaves=31
num_cat=3
split_feature=74 82 72 3 80 1 80 77 0 80 89 21 72 4 76 2 73 2 76 77 3 80 53 83 76 89 72 72 20 0
split_gain=44.2448 47.9813 47.8582 47.0002 144.646 193.027 131.694 111.162 96.2068 154.76 94.5157 99.4297 100.972 97.4879 119.294 92.4991 91.1255 86.6901 78.2156 77.5646 85.0998 128.559 110.708 104.529 85.4078 152.207 150.559 116.1 116.308 123.004
threshold=878.50000000000011 4.6499998569488534 35.95579910278321 -3.8500000238418575 -5.4500000476837149 -6.6499998569488517 -4.5499999523162833 -5.2499999999999991 1.4499999880790713 -1.0000000180025095e-35 -6.1499998569488517 -7.5499999523162833 42.666648864746101 -5.9500000476837149 0 -6.6499998569488517 142.07500457763675 -8.6500000953674299 1 -1.0500000119209287 2.2500000000000004 3.8500000238418584 1.5500000119209292 1.6500000357627871 2 3.6499999761581425 34.042499542236335 35.059200286865241 4.6499998569488534 0.45000000298023229
decision_type=2 10 2 8 10 10 8 10 2 10 10 8 2 10 1 8 2 10 1 8 8 8 8 10 1 8 2 2 10 2
left_child=3 2 -2 4 7 -6 16 10 9 18 11 13 -13 14 -1 -9 -5 -12 -7 -8 22 -22 24 -24 25 26 -21 28 -26 -30
right_child=1 -3 -4 6 5 8 19 15 -10 -11 17 12 -14 -15 -16 -17 -18 -19 -20 20 21 -23 23 -25 27 -27 -28 -29 29 -31
leaf_value=-0.014735898336307047 -0.0049478507869810465 -0.012288020302619732 -0.00021365686220748445 -0.0029164968156797609 0.021647177279216043 -0.00054024761500952973 -0.0024685287129265956 0.019090227310020746 -0.014740099295756152 0.023446848891237309 0.018524516802375005 0.0015374587610377435 -0.0079748305291339316 -0.0099991713937939847 0.0048485953908831477 0.0031266467456881617 -0.015942394246811254 0.0018074064327939189 0.0082785197905506751 0.016207420611482466 -0.0026968207398837519 5.8327621438619259e-05 0.0019806641523271566 0.0076679726272268142 0.00035379023574582308 0.00034443902761199688 -0.013388934518191531 0.0021409892758668457 -0.023294998892321308 -0.0040693218946771066
leaf_weight=3423 29882 4346 74815 15374 6814 25392 122194 4569 2680 4039 3634 15296 41261 6836 33126 17657 8254 21191 16645 1901 177044 3902427 177056 39532 22644 36230 17935 153515 5276 9012
leaf_count=3423 29882 4346 74815 15374 6814 25392 122194 4569 2680 4039 3634 15296 41261 6836 33126 17657 8254 21191 16645 1901 177044 3902427 177056 39532 22644 36230 17935 153515 5276 9012
internal_value=7.48655e-09 -0.00199224 -0.00156486 4.44243e-05 0.00153579 0.00588191 -2.00105e-05 -0.000107235 0.0036786 0.00474992 -0.00126791 -0.00263965 -0.00540221 0.000961631 0.0030117 0.00640828 -0.00746685 0.00425454 0.00295348 1.77093e-05 8.45884e-05 -6.12424e-05 0.00136922 0.00301872 -8.00492e-05 -0.00351026 -0.0105525 0.000929911 -0.00410392 -0.0111686
internal_weight=5e+06 109043 104697 4.89096e+06 202563 55570 4.68839e+06 146993 48756 46076 124767 99942 56557 43385 36549 22226 23628 24825 42037 4.66477e+06 4.54257e+06 4.07947e+06 463101 216588 246513 56066 19836 190447 36932 14288
internal_count=5000000 109043 104697 4890957 202563 55570 4688394 146993 48756 46076 124767 99942 56557 43385 36549 22226 23628 24825 42037 4664766 4542572 4079471 463101 216588 246513 56066 19836 190447 36932 14288
cat_boundaries=0 1 2 3
cat_threshold=16128 65424 1792
is_linear=0
shrinkage=0.1


Tree=263
num_leaves=31
num_cat=8
split_feature=82 48 76 72 77 89 85 74 76 50 48 76 72 75 2 48 76 76 75 85 48 49 78 67 77 79 1 74 75 12
split_gain=42.6995 98.528 129.21 55.6103 213.206 97.0249 49.113 78.0838 86.9876 77.8168 269.662 137.166 115.948 110.357 104.95 99.1363 126.188 121.834 119.512 96.6763 92.5691 89.843 84.2937 80.9937 79.9066 108.243 79.8945 85.8685 76.1591 73.2193
threshold=0.65000000596046459 1.4499999880790713 0 44.835000991821296 -10.550000190734862 -10.550000190734862 0.84999999403953563 43.500000000000007 1 2.2500000000000004 2.7500000000000004 2 34.255849838256843 3 23.150000572204593 2.1499999761581425 4 5 6 3.6499999761581425 5.3500001430511483 1.4499999880790713 1.0000000180025095e-35 1.7500000000000002 -10.550000190734862 0.75000000000000011 -1.2499999999999998 10.500000000000002 7 16.849999427795414
decision_type=8 8 1 2 8 10 10 2 1 10 10 1 2 1 10 8 1 1 1 10 10 8 8 8 8 10 8 2 1 8
left_child=1 3 -3 -1 5 -5 7 8 -2 10 11 13 -13 14 -8 17 28 18 -11 -18 21 -12 -20 24 25 -14 27 -15 -17 -16
right_child=6 2 -4 4 -6 -7 9 -9 -10 15 20 12 23 26 29 16 19 -19 22 -21 -22 -23 -24 -25 -26 -27 -28 -29 -30 -31
leaf_value=5.5809561134030965e-05 -0.00095924528264711107 0.0075430605723094627 0.0011881745387645934 -0.14558138272902169 -0.004819439248842837 -0.031637385510923884 -0.0047430723413430242 -0.00021563243353202915 0.0015734269992538298 1.0340594001030757e-05 -0.0099436502030389867 -0.0020718074142121816 0.0051075061241089318 0.038871430882536216 -0.036440192443224731 0.00025797138668064628 0.0011961439468187783 -0.00025327106586142044 -0.010555166761850259 -0.0010516696359957368 -0.014405974357850871 -0.0031617831269194329 0.0080132082394109867 0.0020527052431806928 -7.2092174392755432e-05 -0.037186852421585578 -0.0017827111763904857 0.0050554501141342797 0.0057894937864806486 -0.012238951215900917
leaf_weight=365071 173082 43747 119075 163 2832 138 58560 1387685 626359 23082 23495 192327 1098 837 1564 38514 431178 149059 33547 343980 9705 115859 2637 270162 404108 1348 96859 7301 70399 6229
leaf_count=365071 173082 43747 119075 163 2832 138 58560 1387685 626359 23082 23495 192327 1098 837 1564 38514 431178 149059 33547 343980 9705 115859 2637 270162 404108 1348 96859 7301 70399 6229
internal_value=6.30817e-09 0.000847766 0.00289614 -5.80383e-05 -0.0133241 -0.0933413 -0.000100729 0.000237882 0.0010251 -0.000425284 -0.000984925 -0.000415001 9.48683e-05 -0.00300076 -0.00619296 0.00018408 0.000646518 -0.00177837 -0.00561314 0.000198664 -0.00496285 -0.0043052 -0.00919941 0.000710653 -0.000181164 -0.0182011 -0.000983043 0.00853345 0.00383363 -0.017096
internal_weight=5e+06 531026 162822 368204 3133 301 4.46897e+06 2.18713e+06 799441 2.28185e+06 1.18945e+06 1.04039e+06 869043 171350 66353 1.0924e+06 884071 208325 59266 775158 149059 139354 36184 676716 406554 2446 104997 8138 108913 7793
internal_count=5000000 531026 162822 368204 3133 301 4468974 2187126 799441 2281848 1189452 1040393 869043 171350 66353 1092396 884071 208325 59266 775158 149059 139354 36184 676716 406554 2446 104997 8138 108913 7793
cat_boundaries=0 1 2 3 4 5 6 7 8
cat_threshold=230336 32256 197376 1564 786944 918016 6592 228
is_linear=0
shrinkage=0.1


Tree=264
num_leaves=31
num_cat=5
split_feature=4 11 89 0 89 77 1 83 80 48 76 1 21 77 1 77 76 86 80 89 20 0 74 76 76 2 83 89 76 0
split_gain=41.1915 129.631 128.336 166.345 113.634 108.592 114.353 98.1163 93.257 86.7767 84.2191 82.2998 77.4982 86.8589 86.9837 228.864 180.56 165.637 157.517 130.113 148.58 136.26 135.935 113.104 104.448 102.513 205.52 167.895 156.548 228.042
threshold=-1.0500000119209287 -4.8500001430511466 -1.6500000357627866 1.8499999642372134 4.6499998569488534 -1.4499999880790708 -3.4500000476837154 2.2500000000000004 0.65000000596046459 2.8500000238418584 0 4.2500000000000009 0.45000000298023229 3.4500000476837163 6.0499999523162851 8.0500001907348651 1 8.4499998092651385 6.4500000476837167 7.6499998569488534 7.2500000000000009 6.8500001430511483 15.500000000000002 2 3 12.050000190734865 12.84999990463257 17.44999980926514 4 9.0500001907348651
decision_type=8 8 10 2 10 10 10 10 8 8 1 10 10 8 8 10 1 8 10 10 10 2 2 1 1 8 8 10 1 2
left_child=2 9 5 7 -5 -1 -7 -4 -3 10 11 -2 -10 -14 15 18 -17 23 19 20 21 -15 -22 -16 -21 27 -27 28 29 -19
right_child=1 8 3 4 -6 6 -8 -9 12 -11 -12 -13 13 14 17 16 -18 25 -20 24 22 -23 -24 -25 -26 26 -28 -29 -30 -31
leaf_value=-0.0005753771204782776 -0.013274747733152806 -0.0024014937297265021 0.0057816837274559524 -0.010392345702539541 0.0036274875708802497 0.020233462655248009 0.003117281487337851 0.022277451780323754 0.0019905638208402012 0.002252907230011461 -0.0056826972386809331 -0.038487470080517956 -0.0023016015461130249 0.0015918410959847923 -0.0085804076532058435 0.026234389980820824 0.0039699936967789277 0.00025477601271986229 0.0073211637185510315 0.017297158650207315 0.003360449806862835 -0.023314661894648873 -0.0049904729673538178 -0.0018482399875865479 0.0019331755420783779 -0.0038148507832901969 1.360746191023212e-05 0.017611195065126456 0.00047577435793251695 0.011507121515395536
leaf_weight=304051 4821 162528 65445 11113 12050 4470 30790 3816 194246 6744 10894 1770 164969 227181 28160 6416 8439 39141 35454 7824 25192 2218 86153 218934 10191 148171 2612607 6204 526646 33362
leaf_count=304051 4821 162528 65445 11113 12050 4470 30790 3816 194246 6744 10894 1770 164969 227181 28160 6416 8439 39141 35454 7824 25192 2218 86153 218934 10191 148171 2612607 6204 526646 33362
internal_value=8.70781e-09 -8.82285e-05 0.000933663 0.00423715 -0.00309886 3.38353e-05 0.00528714 0.00669053 -4.93307e-05 -0.00738334 -0.0111001 -0.0200152 3.79206e-05 -5.2662e-05 3.95753e-05 0.00142165 0.0136065 -0.000116895 0.000962493 0.000334103 -0.000103784 0.00135103 -0.00310106 -0.00261589 0.0086165 6.65461e-05 -0.000191866 0.00124506 0.0010756 0.00543175
internal_weight=5e+06 4.56826e+06 431735 92424 23163 339311 35260 69261 4.54404e+06 24229 17485 6591 4.38151e+06 4.18726e+06 4.02229e+06 409068 14855 3.61322e+06 394213 358759 340744 229399 111345 247094 18015 3.36613e+06 2.76078e+06 605353 599149 72503
internal_count=5000000 4568265 431735 92424 23163 339311 35260 69261 4544036 24229 17485 6591 4381508 4187262 4022293 409068 14855 3613225 394213 358759 340744 229399 111345 247094 18015 3366131 2760778 605353 599149 72503
cat_boundaries=0 1 2 3 4 5
cat_threshold=4390976 992 13568 141248 983040
is_linear=0
shrinkage=0.1


Tree=265
num_leaves=31
num_cat=5
split_feature=0 24 1 76 23 10 80 56 83 73 14 76 3 88 86 49 54 44 3 76 1 76 0 76 72 48 17 91 80 80
split_gain=41.9801 170.403 173.262 226.564 158.756 160.149 182.779 146.405 126.369 125.795 127.773 112.755 110.056 100.916 94.4022 98.4315 112.328 97.4056 91.6431 185.546 141.091 190.056 132.099 137.212 101.248 99.7571 94.5039 89.0478 86.0736 84.8098
threshold=-12.849999904632567 1.0000000180025095e-35 -12.849999904632567 0 -8.5500001907348615 -13.15000009536743 -13.749999999999998 3.6499999761581425 -13.249999999999998 144.7174987792969 -3.9500000476837154 1 -13.050000190734862 1.1500000357627871 -10.849999904632567 1.9499999880790713 2.9500000476837163 1.2500000000000002 -13.050000190734862 2 -10.15000009536743 3 -10.15000009536743 4 43.236700057983406 1.6500000357627871 -2.8500000238418575 0.84999999403953563 -10.949999809265135 -13.749999999999998
decision_type=2 2 8 1 8 10 10 8 10 2 8 1 8 10 10 10 10 10 8 1 8 1 2 1 2 10 8 8 10 10
left_child=1 2 3 -1 5 6 8 11 -5 10 14 -7 -4 -10 15 16 17 -6 19 29 21 24 23 -22 -20 -25 28 -15 -23 -2
right_child=18 -3 12 4 9 7 -8 -9 13 -11 -12 -13 -14 27 -16 -17 -18 -19 20 -21 22 26 -24 25 -26 -27 -28 -29 -30 -31
leaf_value=0.041557894549351965 0.020735850652254972 0.10665778533992486 0.091197825622547302 -0.042910407126556638 -0.04009001725496085 0.027237858395489846 0.04644019801921228 -0.034822979637085909 0.10578322057193573 0.053267556190860044 0.0028375160450678544 0.0032658376468144659 0.019635485086568028 0.098983994385273 0.0085304417118397952 -0.0003565317602358788 -0.12138341253098611 -0.25657410905474709 0.026728118938136747 0.049811035888911462 0.034015191126827875 -0.018652338774167127 -2.1065520147978548e-05 -0.0096458124193280655 -0.0062685201835312766 0.032490918624264391 -0.034565861050500288 -0.077917092156055717 0.00037740159883724984 -0.0046218991183713913
leaf_weight=1190 2052 162 231 1650 2022 3263 342 699 109 232 1415 4925 3084 41 463 504 197 21 1877 1060 2311 6246 4951395 2147 1843 761 2136 93 3837 3692
leaf_count=1190 2052 162 231 1650 2022 3263 342 699 109 232 1415 4925 3084 41 463 504 197 21 1877 1060 2311 6246 4951395 2147 1843 761 2136 93 3837 3692
internal_value=1.45965e-08 0.00450027 0.00369222 -0.000349651 -0.00349503 0.00308829 -0.0208399 0.00910602 -0.0329951 -0.0185866 -0.0221933 0.0128562 0.0246222 0.034331 -0.0332375 -0.0402851 -0.049269 -0.0423153 -1.86422e-05 0.011579 -3.45114e-05 -0.0094279 -4.30504e-06 0.0158968 0.0103528 0.0013763 -0.0154458 -0.0237906 -0.0114107 0.00442925
internal_weight=5e+06 20643 20481 17166 15976 11122 2235 8887 1893 4854 4622 8188 3315 243 3207 2744 2240 2043 4.97936e+06 6804 4.97255e+06 15939 4.95661e+06 5219 3720 2908 12219 134 10083 5744
internal_count=5000000 20643 20481 17166 15976 11122 2235 8887 1893 4854 4622 8188 3315 243 3207 2744 2240 2043 4979357 6804 4972553 15939 4956614 5219 3720 2908 12219 134 10083 5744
cat_boundaries=0 1 2 3 4 5
cat_threshold=253440 9437664 49056 33664 33790
is_linear=0
shrinkage=0.1


Tree=266
num_leaves=31
num_cat=6
split_feature=52 76 48 82 74 60 76 72 73 76 74 85 76 49 84 75 21 82 89 72 83 20 81 86 74 4 83 1 83 76
split_gain=41.9806 116.436 101.217 77.0955 73.7345 69.6608 77.6237 123.656 94.9207 106.88 66.1344 62.7092 92.0072 136.68 81.5861 69.5144 59.402 58.115 77.6277 77.015 57.5125 58.7851 57.026 56.6099 55.1861 62.0918 143.609 168.2 141.232 105.731
threshold=0.75000000000000011 0 0.84999999403953563 2.4500000476837163 22.500000000000004 0.84999999403953563 1 34.090850830078132 133.27750396728518 2 408.50000000000006 0.55000001192092907 3 1.3499999642372134 1.0000000180025095e-35 4 20.94999980926514 1.9499999880790713 -10.550000190734862 43.138349533081062 20.650000572204593 19.250000000000004 1.0000000180025095e-35 28.94999980926514 669.00000000000011 5.0499999523162851 3.4500000476837163 2.0499999523162846 6.2500000000000009 5
decision_type=8 1 10 10 2 10 1 2 2 1 2 8 1 10 10 1 8 8 8 2 8 10 10 8 2 8 10 10 8 1
left_child=1 16 4 10 17 6 7 -6 9 22 20 12 13 -2 15 -15 -1 18 19 -3 21 -4 -8 -22 25 26 -13 29 -27 -28
right_child=11 2 3 -5 5 -7 8 -9 -10 -11 -12 24 -14 14 -16 -17 -18 -19 -20 -21 23 -23 -24 -25 -26 28 27 -29 -30 -31
leaf_value=0.0037661015629360272 0.00035957945673862669 0.016678415563029163 -0.0013928867820122645 -0.004933644246663026 -0.011319216547970053 -0.0014014090091316296 0.020526095841783529 0.0002965909902174728 0.0011691733491052821 0.0034994930175186582 -0.0044696373441210279 0.00031905930432527202 0.00064045798098594003 0.016726908344607092 -0.0050112051276353783 0.0068551962130740914 -0.002866258879433304 0.0061668591290171028 0.0006775323210389322 -0.091413651459539946 -0.0010320885939926975 -0.0067229261496184207 -0.0052881227786945343 0.0026534980111637199 -0.0019672849434129343 -0.0031906744468301303 0.030100253207187212 0.0028095963301815303 5.093821200388929e-05 0.0094678145847667747
leaf_weight=83915 34385 104 119809 73829 11102 273945 7211 52519 97810 16777 59351 635229 283468 12591 3510 16565 16094 32867 32701 180 109147 25012 971 67417 133584 141905 3392 102601 2542671 9338
leaf_count=83915 34385 104 119809 73829 11102 273945 7211 52519 97810 16777 59351 635229 283468 12591 3510 16565 16094 32867 32701 180 109147 25012 971 67417 133584 141905 3392 102601 2542671 9338
internal_value=4.4314e-08 -0.000551748 -0.000883201 -0.00197621 6.10158e-05 -0.000386711 0.00110463 -0.00173012 0.00257358 0.00807824 -0.00140273 0.000152205 0.00142854 0.00475948 0.00939237 0.0111264 0.00269852 0.00319083 0.000225438 -0.0518306 -0.000836357 -0.00231344 0.0174413 0.00037517 2.68438e-05 0.000104391 0.000908454 0.00415477 -0.000120411 0.0149966
internal_weight=5e+06 1.08076e+06 980752 454565 526187 460335 186390 63621 122769 24959 380736 3.91924e+06 350519 67051 32666 29156 100009 65852 32985 284 321385 144821 8182 176564 3.56872e+06 3.43514e+06 750560 115331 2.68458e+06 12730
internal_count=5000000 1080761 980752 454565 526187 460335 186390 63621 122769 24959 380736 3919239 350519 67051 32666 29156 100009 65852 32985 284 321385 144821 8182 176564 3568720 3435136 750560 115331 2684576 12730
cat_boundaries=0 1 2 3 4 5 6
cat_threshold=4128768 12512 34304 17344 3128 8640
is_linear=0
shrinkage=0.1


Tree=267
num_leaves=31
num_cat=3
split_feature=79 4 73 83 76 64 89 74 0 88 57 48 76 51 15 82 68 49 59 77 1 76 49 0 73 0 79 16 77 11
split_gain=40.4273 58.2171 91.6337 76.4549 111.568 98.8335 93.5397 75.4147 98.3006 85.1703 61.0035 59.5898 77.2057 62.3345 58.7887 53.1806 53.0633 48.2807 48.0775 47.5748 309.53 175.16 171.451 128.131 134.057 171.67 110.312 106.633 102.409 89.427
threshold=0.65000000596046459 -10.249999999999998 143.05250549316409 -13.249999999999998 0 3.1499999761581425 -13.15000009536743 99.000000000000014 -12.849999904632567 2.0499999523162846 3.2500000000000004 2.1499999761581425 1 3.0499999523162846 -7.4500000476837149 0.25000000745058065 1.0000000180025095e-35 2.1499999761581425 0.25000000745058065 18.150000572204593 17.750000000000004 2 1.6500000357627871 -12.849999904632567 133.94165039062503 5.6499998569488534 1.8499999642372134 7.2500000000000009 5.0499999523162851 2.6499999761581425
decision_type=8 8 2 10 1 10 8 2 2 10 10 8 1 10 10 10 8 10 10 8 10 1 8 2 2 2 8 10 10 8
left_child=1 2 3 4 5 18 14 -4 9 16 -6 13 17 -3 -7 -16 -9 -13 -1 20 21 22 23 -2 25 27 -24 -25 29 -28
right_child=19 11 7 -5 10 6 -8 8 -10 -11 -12 12 -14 -15 15 -17 -18 -19 -20 -21 -22 -23 26 24 -26 -27 28 -29 -30 -31
leaf_value=0.066404400731088845 0.0397710776281218 0.00053948906587634755 0.0088550863556564382 0.016618091447756039 -0.027798839119276005 -0.25274957375867024 -0.0041066804111165849 0.25127970412373546 0.012722817272133464 0.0091377613134682178 -0.12237342599115959 0.0024097538725434478 0.0015660008380810079 -0.0053769865466229633 -0.20482840768992905 -0.00041516231639044624 0.084821844489343101 0.013398282562777197 0.012004063199647287 0.0001336991591649944 -0.0070009352966761557 0.00019179442833083281 0.0052456062884976857 0.0023337284860412764 -0.0090576241475594978 -0.0048213933381902755 -0.0039594886706433878 0.033514838452437141 0.00056518178830585809 -0.017439538614365823
leaf_weight=198 593 382073 1359 1819 1038 28 161 20 562 169 73 6405 55212 18678 20 35 451 10642 905 3040729 70981 1229995 26047 2192 62915 13567 19903 2195 44497 6538
leaf_count=198 593 382073 1359 1819 1038 28 161 20 562 169 73 6405 55212 18678 20 35 451 10642 905 3040729 70981 1229995 26047 2192 62915 13567 19903 2195 44497 6538
internal_value=5.33414e-08 0.000872778 0.0100338 0.00107607 -0.0104255 0.00896278 -0.0485626 0.0249937 0.0432402 0.0700383 -0.0337096 0.000740343 0.00338362 0.000263737 -0.134796 -0.0747473 0.0918901 0.00926417 0.0217695 -9.25929e-05 -0.000557702 -0.000232983 -0.00316071 -0.00654302 -0.00688263 0.000739042 -0.000320093 0.0179349 -0.00236371 -0.00729267
internal_weight=5e+06 479848 6838 4277 2458 1347 244 2561 1202 640 1111 473010 72259 400751 83 55 471 17047 1103 4.52015e+06 1.47942e+06 1.40844e+06 178447 81462 80869 17954 96985 4387 70938 26441
internal_count=5000000 479848 6838 4277 2458 1347 244 2561 1202 640 1111 473010 72259 400751 83 55 471 17047 1103 4520152 1479423 1408442 178447 81462 80869 17954 96985 4387 70938 26441
cat_boundaries=0 1 2 3
cat_threshold=8543354 132032 1792
is_linear=0
shrinkage=0.1


Tree=268
num_leaves=31
num_cat=4
split_feature=20 80 2 73 25 76 86 83 76 1 86 1 47 81 0 74 89 80 73 89 8 1 0 86 21 1 10 75 37 76
split_gain=41.7155 133.737 100.483 105.532 103.163 154.555 118.189 109.217 108.751 98.5158 97.4048 124.878 94.3186 81.568 102.039 120.134 81.2271 82.1392 73.5016 72.515 104.317 94.6313 138.45 109.05 129.692 139.033 102 132.569 93.2229 301.385
threshold=22.050000190734867 21.349999427795414 10.050000190734865 137.77420043945315 1.2500000000000002 0 24.150000572204593 26.94999980926514 1 32.95000076293946 18.250000000000004 17.349999427795414 1.0000000180025095e-35 1.2500000000000002 28.150000572204593 127.00000000000001 30.650000572204593 32.95000076293946 145.04585266113284 21.650000572204593 25.050000190734867 21.550000190734867 20.94999980926514 17.44999980926514 17.050000190734867 13.449999809265138 19.050000190734867 2 1.0000000180025095e-35 3
decision_type=10 10 8 2 8 1 8 8 1 10 10 10 10 10 2 2 8 8 2 10 10 10 2 10 8 8 8 1 8 1
left_child=1 19 3 -2 6 -6 8 9 10 -8 -4 -12 13 16 -15 -16 -9 -18 -3 20 21 23 -23 28 -25 -26 27 -24 -1 -30
right_child=2 18 4 -5 5 -7 7 12 -10 -11 11 -13 -14 14 15 -17 17 -19 -20 -21 -22 22 26 24 25 -27 -28 -29 29 -31
leaf_value=0.00010753016695440944 0.034962102193566859 0.0028874400324119072 -0.01276912103340816 0.0015900315811089045 0.0078454590103047058 -0.0030415714416671797 -0.001604456302056381 -0.00061231238634046358 -0.0010453795149536948 -0.066103144956115079 0.013064107567233092 -0.0046962225114454718 0.0065344679922271698 -0.0041913978515766039 -0.0201442782219384 -0.0943311822250128 0.00025806936077352665 0.0044868869072451512 -0.02069383224220156 0.0024554925416721213 -0.0036813332966846011 -0.013625532918237055 0.00042115123610633981 0.0046646714101806711 0.030096751195680269 3.5704983273168428e-05 0.0026810010929444656 -0.012597079340115433 -0.0096934458189054974 -0.00051809189770146734
leaf_weight=2833385 1623 191007 14297 2277 33601 21301 298810 236088 177009 237 4145 88226 27022 5349 1122 271 100782 84395 1331 118342 77837 11513 16986 109586 1552 177408 28499 14495 41028 280476
leaf_count=2833385 1623 191007 14297 2277 33601 21301 298810 236088 177009 237 4145 88226 27022 5349 1122 271 100782 84395 1331 118342 77837 11513 16986 109586 1552 177408 28499 14495 41028 280476
internal_value=4.83587e-08 0.000153141 -0.000544922 0.0154779 -0.000602112 0.00362236 -0.000825606 -0.000171051 -0.00256556 -0.00165557 -0.00508763 -0.00389926 0.000804584 0.00044283 -0.0104695 -0.0345769 0.000617473 0.00218537 0.00272426 1.98864e-05 -6.03399e-05 1.98459e-05 -0.00358116 9.46103e-05 0.00195542 0.000296404 -0.00165317 -0.00557678 -7.55788e-05 -0.0016893
internal_weight=5e+06 3.90344e+06 1.09656e+06 3900 1.09266e+06 54902 1.03775e+06 754076 283677 299047 106668 92371 455029 428007 6742 1393 421265 185177 192338 3.71111e+06 3.59276e+06 3.51493e+06 71493 3.44344e+06 288546 178960 59980 31481 3.15489e+06 321504
internal_count=5000000 3903445 1096555 3900 1092655 54902 1037753 754076 283677 299047 106668 92371 455029 428007 6742 1393 421265 185177 192338 3711107 3592765 3514928 71493 3443435 288546 178960 59980 31481 3154889 321504
cat_boundaries=0 1 2 3 4
cat_threshold=130976 3619584 4578 448
is_linear=0
shrinkage=0.1


Tree=269
num_leaves=31
num_cat=4
split_feature=22 1 73 89 80 7 21 2 24 84 78 86 76 15 1 23 77 15 1 76 26 73 1 80 75 2 76 6 21 83
split_gain=42.0662 208.153 128.954 97.5637 93.5438 98.8539 85.1446 141.954 85.1111 68.5129 69.3941 64.0162 64.7781 63.8133 72.8529 59.4587 115.535 89.0547 153.567 158.771 115.154 107.726 106.27 88.2494 73.4484 68.6869 64.1309 64.1086 77.1176 63.5746
threshold=30.250000000000004 25.44999980926514 138.22084808349612 27.050000190734867 29.250000000000004 25.349999427795414 33.45000076293946 34.850000381469734 0.75000000000000011 0.75000000000000011 1.0000000180025095e-35 29.349999427795414 0 26.550000190734867 31.94999980926514 24.050000190734867 23.650000572204593 25.849999427795414 22.44999980926514 1 1.0000000180025095e-35 136.39334869384768 27.849999427795414 21.650000572204593 2 28.550000190734867 3 18.250000000000004 26.650000572204593 23.050000190734867
decision_type=10 8 2 8 10 8 8 10 2 10 10 10 1 10 10 10 10 10 8 1 10 2 10 8 1 10 1 8 10 10
left_child=4 2 -2 -3 11 -6 8 -8 9 10 -5 15 -13 14 -11 16 29 20 19 21 23 24 -20 -17 -19 -18 -23 -25 -29 -1
right_child=1 3 -4 6 5 -7 7 -9 -10 13 -12 12 -14 -15 -16 17 25 18 22 -21 -22 26 -24 27 -26 -27 -28 28 -30 -31
leaf_value=-6.6917384834119862e-05 0.021261630386678713 -0.014512445173108205 -0.001605285134412169 -0.0035577373103013194 0.009805545069259923 0.00075757615885708052 0.0026575071450225399 0.057107264029271458 0.02419770129325275 -0.041198515848420776 -0.028792549431072775 -0.00013654199986707055 0.0079581700968837203 -0.012518019000990768 -0.15447146584456031 -0.0086922313962615981 0.003589604915540133 -0.00079582705988836752 -0.00131751770524912 -0.0037706733839941286 0.0029763011813302171 0.025845846691953913 0.0044697069959218965 0.0017258301926042882 0.034419035000232155 -0.0092660905219712503 0.0024614766598907512 -0.0017627956268893568 -0.0058876081041568905 0.0021967826528732064
leaf_weight=3992276 5866 7341 4255 69890 19919 30664 13809 496 1063 244 1107 19337 20227 624 74 22419 117103 711 158624 5523 41237 1574 39664 36688 3778 4309 4547 188959 59629 128043
leaf_count=3992276 5866 7341 4255 69890 19919 30664 13809 496 1063 244 1107 19337 20227 624 74 22419 117103 711 158624 5523 41237 1574 39664 36688 3778 4309 4547 188959 59629 128043
internal_value=3.97975e-08 -0.00198264 0.0116481 -0.00344021 4.24736e-05 0.00432056 -0.00250923 0.00454545 -0.00389162 -0.00430668 -0.0039512 -2.19398e-06 0.00400384 -0.0310983 -0.0675576 -3.51788e-05 9.30177e-05 -0.00100043 0.000603466 0.00998569 -0.00198603 0.0171339 -0.000159886 -0.00265107 0.0289164 0.00313335 0.00852096 -0.00217632 -0.00275222 3.42934e-06
internal_weight=5e+06 104769 10121 94648 4.89523e+06 50583 87307 14305 73002 71939 70997 4.84465e+06 39564 942 318 4.80508e+06 4.24173e+06 563353 214421 16133 348932 10610 198288 307695 4489 121412 6121 285276 248588 4.12032e+06
internal_count=5000000 104769 10121 94648 4895231 50583 87307 14305 73002 71939 70997 4844648 39564 942 318 4805084 4241731 563353 214421 16133 348932 10610 198288 307695 4489 121412 6121 285276 248588 4120319
cat_boundaries=0 1 2 3 4
cat_threshold=10428416 448 112 64
is_linear=0
shrinkage=0.1


Tree=270
num_leaves=31
num_cat=6
split_feature=51 4 0 80 1 1 76 20 1 7 48 77 0 21 1 3 86 20 0 1 1 76 75 80 22 12 76 75 76 10
split_gain=40.2522 46.8523 183.231 172.845 167.025 132.035 112.269 95.2596 217.245 191.168 171.341 156.5 146.456 179.507 226.399 154.536 138.04 113.346 174.967 179.725 130.487 106.093 105.684 102.457 98.8457 94.084 92.3854 93.5416 204.368 118.755
threshold=0.15000000223517421 16.349999427795414 15.250000000000002 16.550000190734867 16.150000572204593 15.84999990463257 0 17.750000000000004 22.849999427795414 15.449999809265138 2.0499999523162846 16.349999427795414 21.250000000000004 22.150000572204593 20.94999980926514 23.150000572204593 24.050000190734867 12.650000095367433 18.44999980926514 18.849999427795414 18.94999980926514 1 2 26.050000190734867 9.8499999046325701 22.150000572204593 3 4 5 15.949999809265138
decision_type=8 10 2 10 10 8 1 8 8 8 8 8 2 10 8 10 8 10 2 10 10 1 1 8 10 8 1 1 1 10
left_child=-1 3 4 -2 6 -5 -3 8 9 24 26 -11 15 -14 25 22 -16 20 19 21 -13 -19 -9 -18 -4 -15 27 29 -29 -10
right_child=1 2 7 5 -6 -7 -8 12 10 11 -12 17 13 14 16 -17 23 18 -20 -21 -22 -23 -24 -25 -26 -27 -28 28 -30 -31
leaf_value=-0.0012930923837585111 0.00016172076239695326 0.0036822359602607111 -0.021900108273895949 0.0093657986162178682 -0.014263158769288041 0.0019805812484939944 -0.0044121640518241696 -0.0039840803445610126 -0.039568341510733247 -0.0026798472284254196 0.00018262113527464481 0.013344312961266057 0.0026138486147873705 0.0057759636206117437 -0.0033596025959297389 -0.01101651813439504 -0.0021719992079781672 0.0071652368574510114 0.0060999663321721648 -0.010651357016861516 0.001474791852606956 -0.0001337513113894759 -0.00048406766584592817 0.00060541439053913247 -0.0025048432339561718 0.022238772858601336 0.0014825553145303104 0.0043438195277121184 -0.026240261564292329 -0.0043861997571935339
leaf_weight=229656 2617891 21629 2781 33528 14278 87089 82370 127236 3169 40649 20477 24836 237778 9746 158793 18277 177655 27240 102478 13018 14770 73980 267949 526271 47650 5392 3307 4319 4412 1376
leaf_count=229656 2617891 21629 2781 33528 14278 87089 82370 127236 3169 40649 20477 24836 237778 9746 158793 18277 177655 27240 102478 13018 14770 73980 267949 526271 47650 5392 3307 4319 4412 1376
internal_value=4.90133e-08 6.2304e-05 -0.00030153 0.000332251 -0.0041212 0.00403346 -0.00272882 -6.5436e-05 0.00134166 0.00211806 -0.00593633 0.00308474 -0.000419224 0.000176567 -0.0004836 -0.00202683 -0.000696329 0.00399892 0.00309995 0.00040877 0.00891789 0.00183122 -0.00161106 -9.5542e-05 -0.00357439 0.0116398 -0.0134921 -0.0172104 -0.0111234 -0.0288535
internal_weight=5e+06 4.77034e+06 2.03184e+06 2.73851e+06 118277 120617 103999 1.91356e+06 384462 347402 37060 296971 1.5291e+06 1.11564e+06 877857 413462 862719 256322 216716 114238 39606 101220 395185 703926 50431 15138 16583 13276 8731 4545
internal_count=5000000 4770344 2031836 2738508 118277 120617 103999 1913559 384462 347402 37060 296971 1529097 1115635 877857 413462 862719 256322 216716 114238 39606 101220 395185 703926 50431 15138 16583 13276 8731 4545
cat_boundaries=0 1 2 3 4 5 6
cat_threshold=506080 1032704 3128 1015808 3608 229376
is_linear=0
shrinkage=0.1


Tree=271
num_leaves=31
num_cat=5
split_feature=88 48 76 49 60 77 87 74 54 75 76 75 91 72 89 72 65 0 48 64 49 76 77 73 11 11 82 8 72 64
split_gain=39.6055 71.8824 114.924 90.1589 118.652 84.7363 76.7275 63.4998 61.3865 62.382 55.8758 55.5805 55.4528 52.2213 100.564 117.082 123.482 100.427 75.4863 67.9037 77.3396 82.3975 68.4536 97.7358 68.1198 67.8151 66.5859 60.4801 55.247 54.8961
threshold=0.65000000596046459 1.5500000119209292 0 1.5500000119209292 4.4500000476837167 8.6500000953674334 1.0000000180025095e-35 1099.0000000000002 1.2500000000000002 1 2 3 0.55000001192092907 44.147500991821296 -13.15000009536743 44.350849151611335 1.6500000357627871 -12.849999904632567 0.15000000223517421 6.0499999523162851 1.0000000180025095e-35 4 -13.15000009536743 142.4674987792969 -10.349999904632567 -8.7499999999999982 0.15000000223517421 -13.050000190734862 43.364999771118171 1.1500000357627871
decision_type=8 10 1 10 8 10 10 2 10 1 1 1 10 2 8 2 10 2 10 10 10 1 8 2 10 10 8 10 2 10
left_child=1 13 3 -3 5 6 8 -2 -5 -10 -11 -12 -9 17 15 16 18 19 -15 20 22 28 23 24 -1 -20 27 29 -22 -23
right_child=7 2 -4 4 -6 -7 -8 12 9 10 11 -13 -14 14 -16 -17 -18 -19 25 -21 21 26 -24 -25 -26 -27 -28 -29 -30 -31
leaf_value=-0.23479859607341963 -7.3058550845499928e-05 -0.00022838008400802515 0.0013556711082168462 0.0078151959974144727 -0.0074027701763000262 0.0049554872752473481 -0.0049969957294087285 -0.0022716570109553918 0.03778510936919971 0.028219952061644172 -0.013736026743097146 0.021530347466612854 -0.012206901687389429 0.06299356282120798 -0.0043519713804676119 -0.012922058491402988 -0.21158677809807946 9.8798648190146724e-05 -0.017783737204968932 -0.11365140549637176 -0.033225131359311842 0.0041445123297827588 0.01440028371250719 0.038102500681199282 -0.060673855541862623 -0.18509109426052014 0.050792287337573197 0.033283306407975034 0.029319991320501882 -0.21323729008436204
leaf_weight=39 4352632 8484 164910 2082 2663 5291 1078 24202 3248 2851 809 976 7316 41 12099 367 73 408414 50 37 279 21 241 51 53 47 1270 64 286 26
leaf_count=39 4352632 8484 164910 2082 2663 5291 1078 24202 3248 2851 809 976 7316 41 12099 367 73 408414 50 37 279 21 241 51 53 47 1270 64 286 26
internal_value=4.03956e-08 0.000750967 0.00235379 0.00833963 0.0121703 0.0153611 0.0203463 -0.000105444 0.0230877 0.0271208 0.0195257 0.0055594 -0.00457784 2.27483e-05 -0.00629869 -0.0470484 -0.106406 0.000217832 -0.0507662 0.0207565 0.0228909 0.030984 -0.0181228 -0.0729345 -0.134488 -0.0988502 0.0439822 -0.029973 -0.0015379 -0.116109
internal_weight=5e+06 615850 192392 27482 18998 16335 11044 4.38415e+06 9966 7884 4636 1785 31518 423458 12677 578 211 410781 138 2367 2330 1946 384 143 92 97 1381 111 565 47
internal_count=5000000 615850 192392 27482 18998 16335 11044 4384150 9966 7884 4636 1785 31518 423458 12677 578 211 410781 138 2367 2330 1946 384 143 92 97 1381 111 565 47
cat_boundaries=0 1 2 3 4 5
cat_threshold=896 3128 768 4098 16518145
is_linear=0
shrinkage=0.1


Tree=272
num_leaves=31
num_cat=7
split_feature=91 74 15 89 1 76 73 89 1 6 0 77 76 72 74 73 72 24 76 73 74 76 73 73 72 74 76 76 23 75
split_gain=38.7772 69.8851 69.5163 92.3885 89.9226 113.077 105.971 118.839 82.7343 81.7648 72.4627 79.0884 71.3242 162.804 97.9264 107.572 91.5422 112.754 81.5694 72.9144 176.645 171.187 159.325 118.825 80.805 102.619 98.8387 83.3198 72.6188 102.16
threshold=1.1500000357627871 1099.0000000000002 -1.6500000357627866 0.65000000596046459 0.84999999403953563 0 133.8891525268555 5.2500000000000009 -2.4500000476837154 -0.45000000298023218 3.6499999761581425 5.8500001430511483 1 38.085000991821296 249.50000000000003 145.12500000000003 36.851650238037116 1.0000000180025095e-35 2 137.86834716796878 144.50000000000003 3 132.91915130615237 138.49420166015628 31.440000534057621 199.50000000000003 4 5 9.0500001907348651 6
decision_type=10 2 8 8 8 1 2 10 10 10 2 10 1 2 2 2 2 2 1 2 2 1 2 2 2 2 1 1 10 1
left_child=-1 2 -2 -4 5 6 -5 8 9 -8 11 -10 16 19 15 28 -6 -18 -17 20 -14 23 24 -21 -22 26 -26 -27 -15 -30
right_child=1 -3 3 4 12 -7 7 -9 10 -11 -12 -13 13 14 -16 18 17 -19 -20 21 22 -23 -24 -25 25 27 -28 -29 29 -31
leaf_value=0.00025041493176882032 0.0016593115496926537 -0.012468789644227755 -0.0030775696856360215 -0.0080408619126253796 -0.00045724769464275736 0.00043806455747188083 0.026085193159440592 0.042194073676979429 0.0090217487013514296 0.10468818664783613 -0.043964070537986684 0.12416001198347658 0.00030560468873639334 0.00072730678321075899 -0.0068848984931301595 0.0035315296082439719 0.0031267235673420658 -0.0041265603141364656 -0.017636534133101317 0.009221336458763222 -0.0068467116701113806 -0.0012088006826533658 -0.0068867913878603391 0.002214895048619919 0.017878536967218941 0.0050014428646519464 -0.0007848730143436201 -0.0037964160394990559 -0.0092622301656346898 -0.0018837479629947272
leaf_weight=2765132 170043 4717 125153 2490 311341 29249 1124 1382 10487 150 258 60 480439 99837 42914 2438 180423 24321 7194 29756 15211 146985 74929 129762 6529 16511 5020 30885 20187 265073
leaf_count=2765132 170043 4717 125153 2490 311341 29249 1124 1382 10487 150 258 60 480439 99837 42914 2438 180423 24321 7194 29756 15211 146985 74929 129762 6529 16511 5020 30885 20187 265073
internal_value=5.13882e-08 -0.000309716 -0.000283998 -0.0004444 -0.000274087 0.00413382 0.0109035 0.014416 0.0112378 0.0353399 0.00839592 0.00967675 -0.000379517 -0.000756075 -0.0023482 -0.00185498 0.000622775 0.00226513 -0.0122932 -1.16784e-05 -0.000627526 0.00125321 -0.00363462 0.00352163 -0.000348548 0.00132833 0.00978092 -0.000731316 -0.0015939 -0.00240629
internal_weight=5e+06 2.23487e+06 2.23015e+06 2.06011e+06 1.93496e+06 45200 15951 13461 12079 1274 10805 10547 1.88976e+06 1.37367e+06 437643 394729 516085 204744 9632 936027 629524 306503 149085 159518 74156 58945 11549 47396 385097 285260
internal_count=5000000 2234868 2230151 2060108 1934955 45200 15951 13461 12079 1274 10805 10547 1889755 1373670 437643 394729 516085 204744 9632 936027 629524 306503 149085 159518 74156 58945 11549 47396 385097 285260
cat_boundaries=0 1 2 3 4 5 6 7
cat_threshold=85440 12058681 4587526 408768 65280 122880 6158
is_linear=0
shrinkage=0.1


Tree=273
num_leaves=31
num_cat=6
split_feature=75 76 20 72 1 22 1 73 10 76 48 1 77 72 72 73 85 76 81 48 24 13 74 74 86 75 0 76 10 1
split_gain=39.4439 129.568 290.909 197.739 231.477 182.12 153.898 149.708 128.575 115.076 192.777 141.086 187.515 165.855 145.555 168.538 139.257 137.595 113.788 127.32 113.432 108.501 107.391 106.552 101.102 101.095 138.73 103.211 100.634 322.454
threshold=0 1 12.84999990463257 37.649148941040046 26.150000572204593 9.8499999046325701 8.8499999046325701 132.72084808349612 11.84999990463257 2 1.5500000119209292 -4.8500001430511466 -2.2499999999999996 40.964998245239265 42.731649398803718 142.50080108642581 0.75000000000000011 3 1.0000000180025095e-35 1.6500000357627871 1.0000000180025095e-35 21.050000190734867 96.000000000000014 18.500000000000004 -9.1500000953674299 4 14.449999809265138 5 0.65000000596046459 -0.25000000745058054
decision_type=1 1 10 2 8 8 8 2 10 1 8 10 10 2 2 2 8 1 10 10 2 10 2 2 10 1 2 1 10 10
left_child=1 2 7 4 5 -4 22 -1 -8 10 11 12 14 28 23 24 -12 -17 19 -5 25 -6 -7 -2 -16 26 27 -9 -13 -30
right_child=9 -3 3 18 21 6 8 20 -10 -11 16 13 -14 -15 15 17 -18 -19 -20 -21 -22 -23 -24 -25 -26 -27 -28 -29 29 -31
leaf_value=-0.0074302488648096401 0.051344320286091483 -8.9284757818192795e-05 -0.03371896506771465 -0.0066195940791949626 -0.011465204810945016 0.032857677888718288 -0.011068614309880782 0.0017290751773977623 0.0039491161498785279 6.685695575593262e-05 0.007381035277250144 -0.0080128659912183289 0.049261210558472782 -0.012558822246718448 -0.030330846950416046 0.013578806482937933 -0.00057639950904961139 -0.020701892323677355 0.0061562641853135525 -0.00016480482070393261 -0.0034526879912350796 -0.00099171727936457946 0.0082093858415051412 0.0092607558595814345 -0.0028389830315806979 -0.0014245340464504232 0.021969245379176296 0.0109521900011891 0.016049094561946871 -0.0035841726497847699
leaf_weight=6958 659 1984428 1286 64049 11482 2988 5872 16480 195694 1972645 23927 40035 879 23322 2958 5179 271989 1503 13430 58442 8120 71396 4328 6912 2442 8404 8751 46157 8939 130346
leaf_count=6958 659 1984428 1286 64049 11482 2988 5872 16480 195694 1972645 23927 40035 879 23322 2958 5179 271989 1503 13430 58442 8120 71396 4328 6912 2442 8404 8751 46157 8939 130346
internal_value=4.47033e-08 0.000279987 0.00167886 0.000570651 0.00203286 0.00379777 0.00402875 0.00668993 0.00351162 -0.000281754 -0.00160652 -0.00382561 0.00407334 -0.00462595 0.00205227 -0.00476022 6.7018e-05 0.0058573 -0.00258188 -0.00353993 0.0078075 -0.00244272 0.0182762 0.0129238 -0.0178984 0.00895339 0.0101739 0.00852758 -0.00359422 -0.00232415
internal_weight=5e+06 2.50826e+06 523837 428967 293046 210168 208882 94870 201566 2.49174e+06 519090 223174 20532 202642 19653 12082 295916 6682 135921 122491 87912 82878 7316 7571 5400 79792 71388 62637 179320 139285
internal_count=5000000 2508265 523837 428967 293046 210168 208882 94870 201566 2491735 519090 223174 20532 202642 19653 12082 295916 6682 135921 122491 87912 82878 7316 7571 5400 79792 71388 62637 179320 139285
cat_boundaries=0 1 2 3 4 5 6
cat_threshold=4032 917888 394112 896 3584 524288
is_linear=0
shrinkage=0.1


Tree=274
num_leaves=31
num_cat=1
split_feature=21 1 14 83 86 80 77 13 2 0 89 80 25 22 22 3 80 21 15 80 73 86 1 0 77 83 1 77 0 76
split_gain=39.6524 178.506 157.57 137.383 104.995 94.2354 90.9161 86.1702 79.4675 104.179 79.906 74.4427 70.051 68.1474 68.0883 66.0391 66.7594 64.0907 72.0099 73.2508 62.8734 62.0886 113.366 299.667 219.982 142.909 189.469 231.288 214.082 196.722
threshold=26.250000000000004 21.550000190734867 27.44999980926514 24.44999980926514 23.550000190734867 24.94999980926514 26.94999980926514 27.44999980926514 24.44999980926514 23.250000000000004 28.650000572204593 23.150000572204593 1.0000000180025095e-35 31.250000000000004 28.650000572204593 28.349999427795414 31.349999427795414 29.849999427795414 30.849999427795414 30.250000000000004 132.89250183105472 21.250000000000004 18.849999427795414 18.44999980926514 17.349999427795414 17.750000000000004 14.750000000000002 13.449999809265138 14.050000190734865 0
decision_type=10 8 8 8 10 10 8 8 8 2 8 10 8 8 10 8 10 10 10 8 2 10 10 2 10 10 10 10 2 1
left_child=5 2 4 7 11 21 -5 12 9 -8 14 -2 -3 -11 -10 -7 -17 -12 19 -19 -16 22 24 -24 25 26 27 -1 -28 -30
right_child=1 3 -4 6 -6 15 8 -9 10 13 17 -13 -14 -15 20 16 -18 18 -20 -21 -22 -23 23 -25 -26 -27 28 -29 29 -31
leaf_value=-7.9869740500154024e-05 -0.00031250174778366449 -0.012554590357922238 0.021862926529372981 -0.0039606951249763749 0.025566402770063352 0.0036561186241358813 -0.011215463827115007 -0.00071444247717276541 -0.00083905850883237245 0.0051182271701117792 0.0022116959586165898 0.023884409999461471 8.3312851740674153e-06 0.022259080065870625 -0.0014176515708894631 -0.0021538808026249434 0.01426517143142636 -0.0090188706198646492 0.0079664161738251978 -0.00096020451304148634 -0.010493063582725691 0.0011280400734680275 -0.010695418752705774 -0.00083591670913524437 0.0037386465177225853 0.0037204233063185621 -0.011881334396943496 0.0042989553793653093 -0.004296698680323916 0.00016318225742608468
leaf_weight=2488498 20857 22503 5495 73623 1915 119178 3693 15141 46376 26602 100776 1354 5529 2541 12756 37001 2654 14204 7086 54781 19010 439746 32413 629928 159447 96483 21380 126770 164690 247570
leaf_count=2488498 20857 22503 5495 73623 1915 119178 3693 15141 46376 26602 100776 1354 5529 2541 12756 37001 2654 14204 7086 54781 19010 439746 32413 629928 159447 96483 21380 126770 164690 247570
internal_value=4.10574e-08 -0.000913105 0.0065804 -0.00146168 0.00309961 8.6889e-05 -0.000824848 -0.0067933 -2.27266e-05 0.00460765 -0.000618999 0.00116256 -0.0100767 0.00661275 -0.00328209 0.00247992 -0.001055 0.000557719 -0.00163341 -0.00261948 -0.00684873 6.40147e-07 -0.000124328 -0.00131841 0.000114985 -6.87063e-05 -0.000188614 0.000132385 -0.00212455 -0.00161856
internal_weight=5e+06 434242 29621 404621 24126 4.56576e+06 361448 43173 287825 32836 254989 22211 28032 29143 78142 158833 39655 176847 76071 68985 31766 4.40692e+06 3.96718e+06 662341 3.30484e+06 3.14539e+06 3.04891e+06 2.61527e+06 433640 412260
internal_count=5000000 434242 29621 404621 24126 4565758 361448 43173 287825 32836 254989 22211 28032 29143 78142 158833 39655 176847 76071 68985 31766 4406925 3967179 662341 3304838 3145391 3048908 2615268 433640 412260
cat_boundaries=0 1
cat_threshold=4227040
is_linear=0
shrinkage=0.1


Tree=275
num_leaves=31
num_cat=6
split_feature=79 76 73 72 26 72 24 87 2 77 72 76 75 76 1 76 14 73 76 73 72 73 74 72 73 84 89 2 12 83
split_gain=38.0241 101.573 122.042 110.806 97.8894 95.1673 92.3283 105.796 101.405 90.3133 90.242 129.129 130.705 110.138 90.835 82.1768 82.0242 81.2369 77.3091 76.3115 80.6559 75.2935 73.0945 78.6246 246.155 71.0338 70.5413 99.5954 104.497 77.8247
threshold=1.0500000119209292 0 137.86834716796878 34.779199600219734 1.0000000180025095e-35 30.90164947509766 1.0000000180025095e-35 2.2500000000000004 28.349999427795414 -10.550000190734862 37.775798797607429 1 2 3 17.050000190734867 4 13.550000190734865 140.5350036621094 5 129.87249755859378 34.255849838256843 130.53914642333987 597.50000000000011 37.567501068115241 139.82914733886722 1.0000000180025095e-35 5.4500000476837167 4.8500001430511483 0.84999999403953563 4.4500000476837167
decision_type=10 1 2 2 10 2 2 10 8 10 2 1 1 1 8 1 10 2 1 2 2 2 2 2 2 8 8 10 8 10
left_child=26 2 5 -4 9 21 7 10 15 -5 22 12 16 14 -14 -8 18 -13 -12 -7 25 -2 23 -3 -25 -21 27 29 -29 -1
right_child=1 6 3 4 -6 19 8 -9 -10 -11 11 17 13 -15 -16 -17 -18 -19 -20 20 -22 -23 -24 24 -26 -27 -28 28 -30 -31
leaf_value=-0.00048471844949352934 0.0011021255109900556 -0.00022779529151663427 0.017474122127400876 -0.011733357963473717 -0.0030946107741478338 0.005135898162127988 -0.0018736471317415248 -0.014631180794396138 0.024096308858144767 0.0024350249808658686 0.0094201480470659914 -0.0060451995010459315 -0.0029440968365753266 0.00043493064443128507 -0.0133535624535405 0.0034660708392256533 -0.0011884352454867516 -0.0023597494440029312 0.0017473512783992011 -0.0047689108013773927 -0.00028924652669165589 0.010480898717420488 -0.0039082748626603206 -0.0019619574457835505 0.025185173615969697 0.0035676109586967718 0.00045924222225415936 -0.012243913966895503 -0.0024449316805422866 0.0054031722680445288
leaf_weight=440687 37761 660484 4498 4562 38412 15847 47089 5759 2000 325525 24458 81489 22060 48261 13521 74267 30846 224816 28378 103585 126896 11069 53399 10021 5010 11340 2429874 12551 81881 23654
leaf_count=440687 37761 660484 4498 4562 38412 15847 47089 5759 2000 325525 24458 81489 22060 48261 13521 74267 30846 224816 28378 103585 126896 11069 53399 10021 5010 11340 2429874 12551 81881 23654
internal_value=3.61245e-08 -0.000336117 0.000658783 0.00187364 0.00168322 -0.000819634 -0.0008437 -0.00110971 0.00176234 0.00223921 -0.00104497 -0.00211932 0.000113002 -0.0026774 -0.00689782 0.00139427 0.00290873 -0.00334011 0.00530123 -0.00158672 -0.00202726 0.00322815 -0.000346593 -6.5044e-05 0.00708648 -0.00394632 0.000226267 -0.000786848 -0.00374732 -0.000184783
internal_weight=5e+06 2.01135e+06 679495 372997 368499 306498 1.33186e+06 1.2085e+06 123356 330087 1.20274e+06 473829 167524 83842 35581 121356 83682 306305 52836 257668 241821 48830 728914 675515 15031 114925 2.98865e+06 558773 94432 464341
internal_count=5000000 2011353 679495 372997 368499 306498 1331858 1208502 123356 330087 1202743 473829 167524 83842 35581 121356 83682 306305 52836 257668 241821 48830 728914 675515 15031 114925 2988647 558773 94432 464341
cat_boundaries=0 1 2 3 4 5 6
cat_threshold=16515184 196623 6370 196608 399 196608
is_linear=0
shrinkage=0.1


Tree=276
num_leaves=31
num_cat=7
split_feature=50 48 76 4 75 76 77 75 1 72 21 13 54 75 11 76 0 80 2 83 76 0 7 77 2 80 7 89 20 1
split_gain=38.5684 182.127 124.008 69.0105 179.264 162.748 157.918 148.98 106.066 141.622 173.067 97.0404 94.719 89.0596 108.292 104.589 96.2566 83.5671 112.943 158.527 101.909 122.98 107.754 84.5477 125.641 187.763 96.4536 91.9601 122.736 207.085
threshold=0.55000001192092907 1.8499999642372134 0 8.6500000953674334 1 2 9.4499998092651385 3 -1.0000000180025095e-35 41.162500381469734 11.84999990463257 5.8500001430511483 1.4499999880790713 4 11.449999809265138 5 14.650000095367433 10.250000000000002 12.84999990463257 13.949999809265138 6 8.8499999046325701 8.2500000000000018 13.449999809265138 16.94999980926514 17.050000190734867 14.949999809265138 16.349999427795414 17.750000000000004 22.849999427795414
decision_type=8 10 1 8 1 1 8 1 10 2 10 10 10 1 10 1 2 8 8 8 1 2 8 8 8 8 10 8 10 8
left_child=1 2 -1 4 -2 7 -5 12 11 -10 -11 -9 -6 15 -15 -7 -17 -8 20 -20 21 -19 -23 -21 -25 26 -26 -27 29 -29
right_child=3 -3 -4 6 5 13 17 8 9 10 -12 -13 -14 14 -16 16 -18 18 19 23 -22 22 -24 24 25 27 -28 28 -30 -31
leaf_value=0.0046353810415090723 5.0118566114380055e-05 -0.0059892948221094448 -0.00056911619223636012 -0.0034169842607013204 0.0096754003737725865 0.019124100943634547 -0.0025035468299924664 0.011861474528849704 0.0091302797674496436 0.0016714932615241426 -0.024177408694882843 0.044106435256437107 0.032465218980542478 0.0019390764318366008 -0.0039681839381901394 0.0015605560245246465 0.018097945187566737 -0.0025757739040508099 -0.003306500463184708 -0.0040445828813483837 0.0010387098740615326 0.00095437437411751238 0.01148511200472496 0.0019342395753171563 -0.013651115663575292 -0.0044153470332257043 -0.0034832991345647105 0.0033252635432450607 -0.00017458953313313335 -0.0047692617479476607
leaf_weight=49190 1063813 59023 658908 141960 3665 5562 126505 4972 22515 15398 3114 1149 3630 219061 36155 23078 4153 13788 145029 47864 229938 14104 31236 349939 10736 44108 71219 225562 1337870 36756
leaf_count=49190 1063813 59023 658908 141960 3665 5562 126505 4972 22515 15398 3114 1149 3630 219061 36155 23078 4153 13788 145029 47864 229938 14104 31236 349939 10736 44108 71219 225562 1337870 36756
internal_value=3.51494e-08 -0.000652369 -0.000207514 0.00011827 0.000690722 0.00268065 -0.00016653 0.00769434 0.00563364 0.0038028 -0.00267669 0.0179143 0.0209869 0.00173267 0.00110219 0.00663765 0.00408117 5.34842e-06 0.000129418 -0.000107741 0.00199105 0.00569337 0.0082093 0.000110668 0.000206462 -0.000143786 -0.00481527 8.90496e-05 0.00021321 0.00219106
internal_weight=5e+06 767121 708098 4.23288e+06 1.40626e+06 342452 2.82661e+06 54443 47148 41027 18512 6121 7295 288009 255216 32793 27231 2.68465e+06 2.55815e+06 2.26908e+06 289066 59128 45340 2.12405e+06 2.07619e+06 1.72625e+06 81955 1.6443e+06 1.60019e+06 262318
internal_count=5000000 767121 708098 4232879 1406265 342452 2826614 54443 47148 41027 18512 6121 7295 288009 255216 32793 27231 2684654 2558149 2269083 289066 59128 45340 2124054 2076190 1726251 81955 1644296 1600188 262318
cat_boundaries=0 1 2 3 4 5 6 7
cat_threshold=1015808 4110 196800 1536 480 48 1015808
is_linear=0
shrinkage=0.1


Tree=277
num_leaves=31
num_cat=7
split_feature=82 73 48 76 49 75 81 72 77 79 74 73 72 76 73 88 72 1 76 51 76 79 81 74 24 79 5 75 76 7
split_gain=38.0613 82.0482 72.2476 96.2204 70.621 66.989 70.9006 49.833 148.843 65.0317 45.3405 54.7573 68.0434 61.4427 56.163 55.7939 50.7508 44.9823 44.1019 43.3003 44.1887 42.6704 41.836 69.7026 45.6783 42.8188 71.9717 57.1165 157.198 132.75
threshold=0.65000000596046459 145.20670318603518 1.3499999642372134 0 1.2500000000000002 1 1.0000000180025095e-35 44.835000991821296 -13.15000009536743 0.94999998807907116 573.00000000000011 138.79664611816409 35.64580154418946 2 137.88999938964847 2.3500000238418584 36.436649322509773 14.150000095367433 3 2.5499999523162846 4 3.1499999761581425 4.7500000000000009 80.500000000000014 2.2500000000000004 0.65000000596046459 -8.6500000953674299 5 6 9.4499998092651385
decision_type=8 2 8 1 10 1 10 2 8 8 2 2 2 1 2 10 2 10 1 10 1 10 8 2 2 8 8 1 1 8
left_child=1 2 7 4 -4 6 17 19 9 -9 22 12 15 14 -14 -12 -16 -6 -10 21 -21 -1 25 -24 -25 26 -2 28 -27 -29
right_child=10 -3 3 -5 5 -7 -8 8 18 -11 11 -13 13 -15 16 -17 -18 -19 -20 20 -22 -23 23 24 -26 27 -28 29 -30 -31
leaf_value=0.00012520317350943138 0.011774311823227452 0.02258686055957642 0.00038457605605833237 0.0014250233056090896 0.025267476099694149 0.0051888776000532516 -0.008507347867290873 -0.059304985073208805 0.0081196573104521785 -0.18668178510931085 -0.0028289572518949641 -0.0036820554592086421 -0.0011495199890414717 -0.00094711918557723778 0.0089169999301558622 -0.014713826451510299 0.00020047363130753712 0.0082890095536829137 -0.017595436491492443 0.0063193443301009875 -0.006559747536769564 0.0086253970230430656 0.00013945913939655786 -0.0078400888549288641 -0.00062949856992657949 0.0017429027579239542 0.00090659304634757045 0.0025532339009070883 -0.00096904171623648193 -7.5664329787224099e-07
leaf_weight=322031 6207 1723 8081 153145 5881 8224 923 125 1112 59 31038 74235 16755 91663 20407 4526 9930 2124 1644 3160 16778 6016 57194 25433 13422 255253 334013 226722 1313967 1988209
leaf_count=322031 6207 1723 8081 153145 5881 8224 923 125 1112 59 31038 74235 16755 91663 20407 4526 9930 2124 1644 3160 16778 6016 57194 25433 13422 255253 334013 226722 1313967 1988209
internal_value=3.64899e-08 0.000800428 0.000729509 0.0023682 0.00808876 0.0117232 0.0177167 -0.000103449 -0.013068 -0.100149 -9.50701e-05 -0.00140759 -0.000438997 0.000561237 0.00349666 -0.00434147 0.00606388 0.0207625 -0.00725421 6.08351e-06 -0.00451864 0.000281087 -1.77714e-05 -0.00208092 -0.00534928 3.02754e-05 0.00110486 -6.63372e-05 -0.000527902 0.000260671
internal_weight=5e+06 531026 529303 178378 25233 17152 8928 350925 2940 184 4.46897e+06 248554 174319 138755 47092 35564 30337 8005 2756 347985 19938 328047 4.22042e+06 96049 38855 4.12437e+06 340220 3.78415e+06 1.56922e+06 2.21493e+06
internal_count=5000000 531026 529303 178378 25233 17152 8928 350925 2940 184 4468974 248554 174319 138755 47092 35564 30337 8005 2756 347985 19938 328047 4220420 96049 38855 4124371 340220 3784151 1569220 2214931
cat_boundaries=0 1 2 3 4 5 6 7
cat_threshold=896 3612 2636896 19196 117216 6158 6029312
is_linear=0
shrinkage=0.1


Tree=278
num_leaves=31
num_cat=6
split_feature=71 75 76 79 76 72 73 48 49 76 76 58 48 1 49 6 83 2 89 80 21 0 84 77 1 0 76 80 86 20
split_gain=36.215 48.6424 45.0251 44.1095 53.2282 38.3332 76.1862 43.6042 210.999 149.406 69.2261 52.9045 107.752 88.7764 81.6765 64.6227 102.085 87.2507 137.145 121.184 106.468 119.035 113.084 103.593 94.7875 232.656 211.994 209.142 123.426 137.15
threshold=10.250000000000002 0 1 8.9499998092651385 2 27.989149093627933 131.188346862793 6.4500000476837167 4.0499999523162851 3 4 4.1499998569488534 3.9500000476837163 -10.15000009536743 2.2500000000000004 26.550000190734867 29.250000000000004 24.849999427795414 24.349999427795414 23.250000000000004 27.250000000000004 28.94999980926514 1.0000000180025095e-35 24.250000000000004 20.250000000000004 19.650000572204593 5 19.849999427795414 19.750000000000004 16.050000190734867
decision_type=10 1 1 10 1 2 2 10 10 1 1 10 10 8 10 10 10 10 10 8 10 2 10 10 10 2 1 10 10 10
left_child=3 2 -2 5 -5 6 -1 11 -9 -10 -11 15 13 -13 -14 16 17 18 23 -19 -21 -22 -23 24 27 -26 -27 28 29 -7
right_child=1 -3 -4 4 -6 7 -8 8 9 10 -12 12 14 -15 -16 -17 -18 19 -20 20 21 22 -24 -25 25 26 -28 -29 -30 -31
leaf_value=0.00093019132935647203 0.014164537694295263 -0.0013406156812270486 0.0035234527924493811 0.0050517650587877765 -0.0053191928889876451 0.00043971527211995062 0.0093368089395753084 -0.01751795210327944 -0.0043073352717233242 0.0074860269157679587 0.00048339259790718413 -0.018928576801899421 -0.011836435012192129 -0.0017806232504402816 0.001755260981887779 -0.0012586354617714641 0.0049004692801292108 -0.011329185391567074 0.0039459836922352632 0.0004965815239831525 -0.0080678411423698738 0.0012824789223352033 -0.049698981346101061 0.0047385157000755847 -0.01197414329015411 -0.0030371138386190702 0.0012392843354378201 0.0053972498092257374 0.0043172009459563083 -0.0013261108978465613
leaf_weight=113388 5388 13904 15190 5956 29098 2266423 11913 7992 67038 18360 61002 3046 4566 341446 139513 310920 46436 12575 100183 127244 38342 27825 442 49439 19133 214229 252597 79596 71053 545763
leaf_count=113388 5388 13904 15190 5956 29098 2266423 11913 7992 67038 18360 61002 3046 4566 341446 139513 310920 46436 12575 100183 127244 38342 27825 442 49439 19133 214229 252597 79596 71053 545763
internal_value=3.21864e-08 0.00322961 0.00631517 -2.23949e-05 -0.00355715 2.73602e-06 0.00172945 -4.22904e-05 -0.00169562 -0.000831879 0.00210416 1.25954e-05 -0.000971827 -0.00193225 0.00132453 0.00012815 0.000240107 0.00018323 0.000297925 -0.00181611 -0.00119901 -0.00443813 0.000485302 0.000193451 0.000128297 -0.00116618 -0.000723217 0.000340616 0.00020102 9.70201e-05
internal_weight=5e+06 34482 20578 4.96552e+06 35054 4.93046e+06 125301 4.80516e+06 154392 146400 79362 4.65077e+06 488571 344492 144079 4.1622e+06 3.85128e+06 3.80484e+06 3.59842e+06 206428 193853 66609 28267 3.49823e+06 3.44879e+06 485959 466826 2.96284e+06 2.88324e+06 2.81219e+06
internal_count=5000000 34482 20578 4965518 35054 4930464 125301 4805163 154392 146400 79362 4650771 488571 344492 144079 4162200 3851280 3804844 3598416 206428 193853 66609 28267 3498233 3448794 485959 466826 2962835 2883239 2812186
cat_boundaries=0 1 2 3 4 5 6
cat_threshold=7174 1017856 983040 62440 917504 57312
is_linear=0
shrinkage=0.1


Tree=279
num_leaves=31
num_cat=7
split_feature=53 48 76 49 89 1 48 74 1 76 75 23 73 76 76 73 22 20 0 72 73 76 0 1 76 1 77 0 1 72
split_gain=37.6058 112.961 81.1106 76.978 64.9574 102.378 67.6351 73.8958 57.1286 96.5886 100.054 68.0034 55.927 90.2782 74.318 170.7 101.96 111.242 107.114 82.1896 112.902 81.325 73.8049 131.299 84.2408 158.758 126.011 107.685 107.893 104.416
threshold=0.84999999403953563 4.2500000000000009 0 2.6499999761581425 25.250000000000004 22.550000190734867 1.0500000119209292 14.500000000000002 12.449999809265138 1 2 -12.949999809265135 140.55999755859378 3 4 135.43164825439456 26.94999980926514 6.2500000000000009 4.8500001430511483 36.775800704956062 139.17414855957034 5 4.8500001430511483 3.8500000238418584 6 -0.45000000298023218 2.0499999523162846 1.6500000357627871 1.8499999642372134 37.290000915527351
decision_type=8 10 1 10 10 8 10 2 10 1 1 10 2 1 1 2 10 10 2 2 2 1 2 8 1 10 10 2 10 2
left_child=1 2 -1 -3 6 -6 7 8 9 10 11 -4 14 -14 15 16 17 21 -19 20 -17 -9 24 -24 25 26 29 -27 -29 -16
right_child=-2 3 4 -5 5 -7 -8 12 -10 -11 -12 -13 13 -15 22 19 -18 18 -20 -21 -22 -23 23 -25 -26 27 -28 28 -30 -31
leaf_value=0.00075738352389901199 0.00015751635681235932 -0.016963634293525331 -0.15366954505443575 -0.0040756872323418798 0.022572155578875507 0.0016627876247367057 -0.0024600498342593037 0.0074857972737862244 0.00029702510868692954 0.0035830910400455117 -0.0020090911789383509 0.031315673438167754 -0.0049855628117256544 0.0024381221037717768 0.001747700064273531 -0.0002612052381093419 0.015673723106957034 -0.024468157409203061 -0.0094916308726625976 -0.0054885035857178601 0.013411177347100969 -0.018794732989509903 0.024761961809768879 0.00035815672140451869 -0.0011567586492190725 -0.036924572544076127 0.041159522113963128 0.0028318104660718761 -0.025859895830643034 -0.028800567043702447
leaf_weight=438579 3760101 5759 20 23734 2495 38101 259097 5442 27329 15785 1416 3122 20045 89424 6269 34441 1649 5791 27234 21370 7324 1492 2238 148125 43815 2515 682 2578 2666 1362
leaf_count=438579 3760101 5759 20 23734 2495 38101 259097 5442 27329 15785 1416 3122 20045 89424 6269 34441 1649 5791 27234 21370 7324 1492 2238 148125 43815 2515 682 2578 2666 1362
internal_value=3.25579e-08 -0.000477551 -0.000328558 -0.00659227 -0.000945626 0.00294786 -0.00116179 -0.00044934 0.00328372 0.00729608 0.0201027 0.0300426 -0.000868606 0.00107853 -0.00154529 -0.00372136 -0.00869451 -0.00970013 -0.0121178 -0.000444477 0.00213641 0.00181466 -0.000461012 0.000721382 -0.00342982 -0.00961986 -2.39681e-05 -0.0199133 -0.0117548 -0.00370463
internal_weight=5e+06 1.2399e+06 1.21041e+06 29493 771827 40596 731231 472134 47672 20343 4558 3142 424462 109469 314993 104743 41608 39959 33025 63135 41765 6934 210250 150363 59887 16072 8313 7759 5244 7631
internal_count=5000000 1239899 1210406 29493 771827 40596 731231 472134 47672 20343 4558 3142 424462 109469 314993 104743 41608 39959 33025 63135 41765 6934 210250 150363 59887 16072 8313 7759 5244 7631
cat_boundaries=0 1 2 3 4 5 6 7
cat_threshold=16724993 384 7180 33536 224 96 768
is_linear=0
shrinkage=0.1


Tree=280
num_leaves=31
num_cat=5
split_feature=88 74 74 72 74 72 72 85 24 73 77 73 69 76 48 19 72 17 58 75 82 86 80 72 40 76 23 76 89 76
split_gain=36.7654 95.3847 110.256 80.6893 93.7794 74.2729 121.768 60.2416 69.6885 64.5691 120.341 97.4188 82.8931 67.8227 66.9967 58.2967 57.7741 65.5829 56.1732 96.2564 74.7785 66.9253 64.384 80.5815 77.2744 63.4673 102.903 63.1674 59.9465 71.8179
threshold=1.1500000357627871 316.00000000000006 330.50000000000006 37.649148941040046 349.50000000000006 35.662500381469734 35.906650543212898 0.65000000596046459 1.0000000180025095e-35 143.05250549316409 -13.15000009536743 142.4049987792969 17.849999427795414 0 1.9499999880790713 -0.84999999403953541 43.387498855590827 -4.3500001430511466 2.0499999523162846 1 4.9500000476837167 -13.749999999999998 -10.949999809265135 43.773349761962898 0.75000000000000011 2 17.750000000000004 3 -5.5499999523162833 4
decision_type=10 2 2 2 2 2 2 10 2 2 8 2 8 1 8 8 2 10 10 1 10 8 8 2 8 1 8 1 8 1
left_child=18 7 15 4 -4 -6 -7 -2 9 11 12 -9 14 -12 -11 -3 17 -15 20 25 21 -1 23 27 -25 26 -20 -21 29 -23
right_child=1 2 3 -5 5 6 -8 8 -10 10 13 -13 -14 16 -16 -17 -18 -19 19 22 -22 28 -24 24 -26 -27 -28 -29 -30 -31
leaf_value=0.012173707577925781 0.00061911478637770008 0.0042690676604391822 0.0064890554630443091 -0.0050080983559580676 -0.0036020785309510452 0.012003753669013444 -0.00055776032958054507 -0.00071795377015339539 0.0019879194504903298 -0.052757938956714413 -0.0064638517466127105 0.0058086337431466654 -0.23744049192894076 -0.018513048039997287 0.013266933540495613 -0.012756047734643589 0.003325861555902409 -0.0018844890667494389 0.0088242140178501887 0.01608381890417129 -0.0036068541436265512 -0.018708195431214106 -0.0011082996863745898 -0.029229824874472066 -0.21397123307435084 0.00032328228865667889 -0.0006432709851614196 -0.012950877864688334 0.00073333905248747699 -0.0022076702295640194
leaf_weight=5062 777326 2369 16856 53737 80527 8347 102246 911220 100067 614 33910 23459 21 2791 205 13318 20400 15792 23594 1058 41441 2961 575670 1453 23 470233 22361 2506 1666829 23604
leaf_count=5062 777326 2369 16856 53737 80527 8347 102246 911220 100067 614 33910 23459 21 2791 205 13318 20400 15792 23594 1058 41441 2961 575670 1453 23 470233 22361 2506 1666829 23604
internal_value=2.67646e-08 -0.0003105 -0.00204185 -0.00155376 -0.000661223 -0.00129185 0.000390319 -5.58201e-05 -0.000529121 -0.000778893 -0.0036279 -0.000554146 -0.0412618 -0.00319422 -0.0362316 -0.010185 -0.000348324 -0.00438195 0.00023682 -0.00032362 0.000590143 0.000692547 -0.0012068 -0.0124602 -0.0321086 0.000669967 0.00421656 -0.00432292 0.000658227 -0.00405473
internal_weight=5e+06 2.1632e+06 277400 261713 207976 191120 110593 1.8858e+06 1.10848e+06 1.00841e+06 73733 934679 840 72893 819 15687 38983 18583 2.8368e+06 1.0969e+06 1.7399e+06 1.69846e+06 580710 5040 1476 516188 45955 3564 1.69339e+06 26565
internal_count=5000000 2163205 277400 261713 207976 191120 110593 1885805 1108479 1008412 73733 934679 840 72893 819 15687 38983 18583 2836795 1096898 1739897 1698456 580710 5040 1476 516188 45955 3564 1693394 26565
cat_boundaries=0 1 2 3 4 5
cat_threshold=261120 8064 393472 8389520 460800
is_linear=0
shrinkage=0.1


Tree=281
num_leaves=31
num_cat=2
split_feature=23 86 77 76 77 3 83 0 3 9 1 73 2 77 85 76 0 86 48 23 89 0 74 72 72 62 69 73 88 74
split_gain=37.3152 130.079 97.9501 100.761 74.4058 101.737 98.5941 103.664 89.9843 82.2735 81.5106 111.63 79.4981 73.1415 80.3193 97.1632 77.9579 73.7872 73.1168 71.2258 68.184 125.496 90.4971 175.985 117.488 85.2441 95.8405 81.5688 80.7573 89.0085
threshold=-1.0500000119209287 -1.0000000180025095e-35 2.6499999761581425 0 -2.2499999999999996 -3.4500000476837154 -6.9500000476837149 -6.6499998569488517 -13.050000190734862 -7.5499999523162833 -3.4500000476837154 141.27500152587893 -10.249999999999998 -7.9500000476837149 1.5500000119209292 1 -7.5499999523162833 -1.0000000180025095e-35 2.1499999761581425 8.8499999046325701 3.8500000238418584 -12.849999904632567 143.50000000000003 44.199998855590827 43.063348770141609 0.94999998807907116 3.9500000476837163 142.79664611816409 3.8500000238418584 32.500000000000007
decision_type=8 10 8 1 10 10 10 2 8 8 8 2 10 10 8 1 2 8 8 10 8 2 2 2 2 10 8 2 10 2
left_child=1 4 3 -2 5 6 13 8 -8 18 11 -6 -13 14 15 -1 -15 20 -7 -5 21 22 24 -24 27 -25 -27 -16 29 -26
right_child=2 -3 -4 19 10 9 7 -9 -10 -11 -12 12 -14 16 17 -17 -18 -19 -20 -21 -22 -23 23 25 28 26 -28 -29 -30 -31
leaf_value=-0.022860058822288379 -0.010869191631588199 0.0048701125256907819 3.4827682483811914e-05 -0.0011364892742917511 0.0052022674847675629 -0.023138505730484142 0.040839182168024429 0.0016681040125357761 0.0089259211210461677 -0.0023060359480919041 0.0019260511951842388 0.11881079117866976 0.028609737020497485 0.011471186654881557 0.052768912646919491 0.003315035638410051 0.00020404708097552845 -0.011271704398232231 -0.0008081245470719302 -0.0089264730351065157 -0.0090834821893658758 -0.0032696568631226395 0.036359052262418839 0.0070758936157740582 -0.015822889802963713 -0.074599160907867682 -0.3152309345453978 -0.044005579009696469 0.10219037906787679 0.027067195973807929
leaf_weight=1492 11955 68953 4286220 257825 4863 3679 936 52453 15763 104362 64157 103 1902 8206 100 25429 24402 13379 2438 12297 11650 22193 2237 109 814 96 20 675 99 1193
leaf_count=1492 11955 68953 4286220 257825 4863 3679 936 52453 15763 104362 64157 103 1902 8206 100 25429 24402 13379 2438 12297 11650 22193 2237 109 814 96 20 675 99 1193
internal_value=1.93032e-08 0.000888693 -8.39602e-05 -0.00188897 0.000131889 -0.000574784 0.000883222 0.0038527 0.0107147 -0.00296671 0.00303445 0.0133884 0.0332435 -0.000948681 -0.00258477 0.00185711 0.00303949 -0.00485967 -0.0142385 -0.00149106 -0.00267045 4.27856e-05 0.0138015 0.0278799 0.00177067 -0.0564216 -0.116087 -0.0315185 0.014021 0.00967181
internal_weight=5e+06 431703 4.5683e+06 282077 362750 291725 181246 69152 16699 110479 71025 6868 2005 112094 79486 26921 32608 52565 6117 270122 39186 27536 5343 2462 2881 225 116 775 2106 2007
internal_count=5000000 431703 4568297 282077 362750 291725 181246 69152 16699 110479 71025 6868 2005 112094 79486 26921 32608 52565 6117 270122 39186 27536 5343 2462 2881 225 116 775 2106 2007
cat_boundaries=0 1 2
cat_threshold=512 491520
is_linear=0
shrinkage=0.1


Tree=282
num_leaves=31
num_cat=5
split_feature=4 86 83 1 77 74 0 83 83 76 1 73 77 16 86 3 20 76 75 76 73 72 11 89 76 73 67 54 74 77
split_gain=36.8539 125.763 113.583 129.372 107.558 100.062 92.7975 183.151 129.226 85.2748 77.6 88.7051 77.5466 69.3714 67.8903 88.2794 102.461 83.3803 82.1486 154.401 79.1398 115.756 74.6286 121.126 74.9916 74.2118 68.5277 124.624 76.6061 66.4909
threshold=-0.65000000596046437 0.25000000745058065 -2.8500000238418575 -4.3500001430511466 -2.8500000238418575 104.50000000000001 3.0499999523162846 2.2500000000000004 4.6499998569488534 0 -3.4500000476837154 141.27500152587893 -1.2499999999999998 -2.2499999999999996 -3.4500000476837154 -4.7499999999999991 -6.6499998569488517 1 2 3 143.25830078125003 42.790000915527351 -13.249999999999998 -13.15000009536743 4 142.79664611816409 0.65000000596046459 1.4499999880790713 208.50000000000003 2.8500000238418584
decision_type=10 8 10 8 10 2 2 10 10 1 10 2 10 10 10 10 8 1 1 1 2 2 10 8 1 2 10 10 2 10
left_child=2 -2 4 5 14 9 7 13 -8 -4 11 -6 -13 -5 15 16 17 -1 19 25 -19 -22 23 26 -25 -18 -23 28 -28 -9
right_child=1 -3 3 6 10 -7 8 29 -10 -11 -12 12 -14 -15 -16 -17 18 20 -20 -21 21 22 -24 24 -26 -27 27 -29 -30 -31
leaf_value=-0.0090803667670958238 -0.0030196058874464833 6.7174032937896196e-06 0.042229003833052975 0.0055448873386550685 0.0046459650220716546 0.0068462201849620909 -0.014447859376445119 0.011317776774106305 0.0017280159881518887 0.01240221304439028 0.0019026724305432334 0.015432058860984239 0.048559892517531997 0.00010358874982231825 0.0023037930263749098 -0.0045011197890793032 0.0101971390088203 0.0063787270160267336 -0.0039613724941821729 -0.0035391887258631807 -0.03019281092197151 0.0041070826213202771 0.0033558537981663236 0.01391735485119407 -0.026159538648122361 0.040304892274412675 -0.11463311029741396 -0.026140116672655662 -0.28791068959094229 0.030459532368375543
leaf_weight=5427 141759 4381511 1769 35314 7173 8906 7468 10731 14582 2141 47623 2912 933 69625 48466 79012 1872 38870 67367 5998 1325 74 13440 866 993 1455 65 97 42 2184
leaf_count=5427 141759 4381511 1769 35314 7173 8906 7468 10731 14582 2141 47623 2912 933 69625 48466 79012 1872 38870 67367 5998 1325 74 13440 866 993 1455 65 97 42 2184
internal_value=1.12895e-08 -8.81274e-05 0.000836281 0.00308457 -0.000223435 0.0127009 0.00220366 0.00331766 -0.00375051 0.0260365 0.00365241 0.0112153 0.0234706 0.00193469 -0.00107992 -0.00183599 -0.000308862 0.00274264 -0.00274391 0.00604919 0.00389403 -0.00181779 0.000595827 -0.0167625 -0.0075559 0.0232942 -0.0783276 -0.10823 -0.182649 0.0145548
internal_weight=5e+06 4.52327e+06 476730 152720 324010 12816 139904 117854 22050 3910 58641 11018 3845 104939 265369 216903 137891 61199 76692 9325 55772 16902 15577 2137 1859 3327 278 204 107 12915
internal_count=5000000 4523270 476730 152720 324010 12816 139904 117854 22050 3910 58641 11018 3845 104939 265369 216903 137891 61199 76692 9325 55772 16902 15577 2137 1859 3327 278 204 107 12915
cat_boundaries=0 1 2 3 4 5
cat_threshold=60320 7936 2072 448 1105984
is_linear=0
shrinkage=0.1


Tree=283
num_leaves=31
num_cat=6
split_feature=51 48 76 4 0 76 80 0 80 86 3 29 76 77 2 80 80 86 86 1 80 89 21 76 48 1 9 75 76 21
split_gain=37.6355 116.816 76.144 62.8377 142.97 146.605 136.273 135.428 103.66 102.885 91.0475 88.6884 212.124 79.4299 119.195 192.615 120.438 109.005 107.58 135.172 204.061 105.844 119.347 169.663 214.376 238.035 203.181 187.646 137.716 117.676
threshold=0.55000001192092907 1.5500000119209292 0 3.0499999523162846 1.8499999642372134 1 1.6500000357627871 3.2500000000000004 4.0499999523162851 2.4500000476837163 -1.4499999880790708 1.0000000180025095e-35 2 5.2500000000000009 9.0500001907348651 9.0500001907348651 8.2500000000000018 7.4500000476837167 12.050000190734865 13.84999990463257 14.949999809265138 11.650000095367433 12.84999990463257 3 2.2500000000000004 18.550000190734867 8.4499998092651385 4 5 10.050000190734865
decision_type=10 10 1 10 2 1 10 2 10 10 10 10 1 8 10 8 10 10 8 10 8 8 8 1 8 10 10 1 1 10
left_child=1 2 -1 6 5 -5 9 10 -9 11 -8 -2 -13 -6 16 -16 17 -15 -17 -20 -21 -22 23 24 25 26 27 -23 -29 -27
right_child=3 -3 -4 4 13 -7 7 8 -10 -11 -12 12 -14 14 15 18 -18 -19 19 20 21 22 -24 -25 -26 29 -28 28 -30 -31
leaf_value=0.005788722605884004 0.0003571375256252935 -0.0034003189328284077 -0.00029413298060960676 0.010781778424422272 -0.0021420214263266758 -0.0063979411723033399 0.0188256320217506 -0.0066924670697213213 0.0030099955905919409 0.0044559663000790332 0.0060419236167722837 -0.020313912263873572 -0.0015142892186958648 6.4114933326177116e-05 -0.0048398381478539816 -0.0019780792627263461 0.0051359298440787245 0.0040808341529156031 0.0021809968753979106 -0.0041410773034818256 -0.010371450058794493 -0.021297084833922297 3.264489080840122e-05 0.0073039893892570349 0.0054406370551265716 -0.039739222928961655 0.0079962754183651522 -0.027480909615639273 0.015663260393806968 -0.013255803119735239
leaf_weight=21244 492052 127805 647804 5448 160628 55436 6199 14566 45124 55463 55018 6872 46978 331166 83847 243191 79300 84878 309295 115653 9465 6581 1881665 56031 33004 2264 12370 950 3223 6480
leaf_count=21244 492052 127805 647804 5448 160628 55436 6199 14566 45124 55463 55018 6872 46978 331166 83847 243191 79300 84878 309295 115653 9465 6581 1881665 56031 33004 2264 12370 950 3223 6480
internal_value=1.53231e-08 -0.000630088 -0.000100904 0.000119473 -5.66549e-05 -0.00485995 0.000968296 0.00403165 0.000642328 0.000352395 0.00733644 -6.45235e-05 -0.00391743 2.88552e-05 0.00013584 -0.000120163 0.00156434 0.000883574 2.74886e-05 0.000227628 -5.6327e-05 0.000178467 0.000228331 0.00327387 -0.0002081 -0.00605826 -0.000743708 -0.010797 0.0057991 -0.0201129
internal_weight=5e+06 796853 669048 4.20315e+06 3.48088e+06 60884 722272 120907 59690 601365 61217 545902 53850 3.41999e+06 3.25936e+06 2.76402e+06 495344 416044 2.68017e+06 2.43698e+06 2.12769e+06 2.01203e+06 2.00257e+06 120903 64872 31868 23124 10754 4173 8744
internal_count=5000000 796853 669048 4203147 3480875 60884 722272 120907 59690 601365 61217 545902 53850 3419991 3259363 2764019 495344 416044 2680172 2436981 2127686 2012033 2002568 120903 64872 31868 23124 10754 4173 8744
cat_boundaries=0 1 2 3 4 5 6
cat_threshold=458752 45280 896 516480 7170 393216
is_linear=0
shrinkage=0.1


Tree=284
num_leaves=31
num_cat=11
split_feature=74 73 76 73 85 76 75 1 8 90 72 76 75 26 81 31 0 12 76 73 72 76 1 48 76 75 76 0 75 48
split_gain=37.8924 144.212 192.369 121.11 125.552 116.917 288.253 183.635 201.454 116.226 105.4 186.833 229.094 241.134 166.944 137.46 124.933 157.148 119.918 205.204 247.1 220.25 191.734 193.012 165.622 137.563 144.001 186.258 148.669 137.542
threshold=105.50000000000001 137.13330078125003 0 135.55335235595706 1.3499999642372134 1 2 2.2500000000000004 1.0000000180025095e-35 1.0000000180025095e-35 35.808349609375007 3 4 1.0000000180025095e-35 1.0000000180025095e-35 1.0000000180025095e-35 4.0499999523162851 6.2500000000000009 5 135.00580596923831 34.187500000000007 6 15.550000190734865 3.6499999761581425 7 8 9 6.4500000476837167 10 3.3500000238418584
decision_type=2 2 1 2 10 1 1 10 10 10 2 1 1 10 10 10 2 10 1 2 2 1 10 10 1 1 1 2 1 10
left_child=10 2 -2 -4 -5 6 7 -3 -9 -10 18 12 13 14 15 16 17 -12 22 29 21 -21 23 25 -22 26 27 -1 -28 -20
right_child=1 5 3 4 -6 -7 -8 8 9 -11 11 -13 -14 -15 -16 -17 -18 -19 19 20 24 -23 -24 -25 -26 -27 28 -29 -30 -31
leaf_value=0.023989649811211558 -0.0046047086055162056 -0.00040878241938716926 0.00020078140239308186 -0.0018240691219876153 -0.0097787184358234889 0.00079262580136925289 0.00077748667124778845 -0.023446213342890689 -0.0088143204265050592 0.0072577641729852363 0.0068092106169531505 -0.00067374964064804066 -0.00029948121776367172 -0.012239457256747441 -0.015426440849964269 -0.013687651399924809 0.011064874481734125 0.044398628249127818 -0.0013861575510127511 -0.0051361082243099165 0.0041628924774399344 0.015679821094204485 0.00069542815827702451 -0.00096757289204282197 -0.0005732804277463337 0.011543726161571604 0.015601609415467094 0.0038806040385740443 -0.0053042852074546105 0.0017721014008047539
leaf_weight=6436 153194 34259 438770 118437 23835 1018863 177888 8963 41675 5044 1925 1424114 74911 5213 2387 2043 40452 2634 557270 6514 133041 23121 227914 33736 165900 48712 4124 16200 19194 183231
leaf_count=6436 153194 34259 438770 118437 23835 1018863 177888 8963 41675 5044 1925 1424114 74911 5213 2387 2043 40452 2634 557270 6514 133041 23121 227914 33736 165900 48712 4124 16200 19194 183231
internal_value=6.2399e-09 -0.000334232 -0.0014525 -0.000621315 -0.00315672 0.000303893 -0.00155529 -0.00616871 -0.00971368 -0.0070791 0.000226745 -0.00034298 0.00329247 0.00821489 0.0103732 0.011682 0.0128335 0.0285268 0.000847746 0.000318202 0.00239806 0.0111079 0.00243649 0.00552708 0.00153463 0.00784157 0.00391386 0.00959389 -0.00160178 -0.000604672
internal_weight=5e+06 2.02093e+06 734236 581042 142272 1.28669e+06 267829 89941 55682 46719 2.97907e+06 1.55368e+06 129565 54654 49441 47054 45011 4559 1.42539e+06 1.06908e+06 328576 29635 356316 128402 298941 94666 45954 22636 23318 740501
internal_count=5000000 2020928 734236 581042 142272 1286692 267829 89941 55682 46719 2979072 1553679 129565 54654 49441 47054 45011 4559 1425393 1069077 328576 29635 356316 128402 298941 94666 45954 22636 23318 740501
cat_boundaries=0 1 2 3 4 5 6 7 8 9 10 11
cat_threshold=786656 115456 7170 96 944 123264 7680 924768 4114 49408 16
is_linear=0
shrinkage=0.1


Tree=285
num_leaves=31
num_cat=5
split_feature=74 74 83 73 76 89 72 72 76 69 28 23 91 72 76 74 73 1 85 91 76 86 88 83 89 73 73 56 76 48
split_gain=37.2645 78.9387 82.1003 50.2526 75.7483 62.928 52.8102 85.6974 78.49 49.4964 47.7839 62.3088 47.4293 46.7245 56.8403 74.4971 56.5634 61.9513 52.1171 45.9463 44.7409 43.1342 41.7161 48.4169 78.2227 40.5402 40.6452 39.5333 39.4175 64.6787
threshold=509.50000000000006 498.00000000000006 -0.74999999999999989 140.23665618896487 0 -10.550000190734862 35.64580154418946 33.750799179077156 1 1.1500000357627871 1.0000000180025095e-35 11.250000000000002 1.2500000000000002 36.436649322509773 2 1099.0000000000002 140.09915161132815 27.250000000000004 1.9499999880790713 1.7500000000000002 3 13.050000190734865 1.8499999642372134 32.350000381469734 16.250000000000004 137.58249664306643 139.04914855957034 1.3499999642372134 4 1.3499999642372134
decision_type=2 2 10 2 1 8 2 2 1 10 8 8 10 2 1 2 2 10 10 10 1 8 10 8 8 2 2 8 1 8
left_child=1 -1 -3 6 -5 9 7 21 -9 19 11 12 28 14 15 25 17 18 -15 27 -4 -2 23 -10 -25 -8 -27 -6 29 -7
right_child=3 2 20 4 5 10 13 8 22 -11 -12 -13 -14 16 -16 -17 -18 -19 -20 -21 -22 -23 -24 24 -26 26 -28 -29 -30 -31
leaf_value=5.2055256797183143e-05 -0.009394644139730424 0.0027573910938388391 0.03070672764708577 -0.011911595902005787 0.034826649440562026 0.033068227542497851 -0.0011027198289909603 -0.008443674460483672 -0.0035695806894733583 -0.1607720345258713 -0.010928046335932522 -0.0059902571704650576 -0.0031037999278982435 -3.8841917403610581e-05 0.0004230965014708698 -0.0087765565251016302 0.007835960103680855 -0.01960095975797543 -0.0050654843256768183 -0.10995289402187997 0.010430765578863452 0.0052031845671813397 -0.0073780979422885615 0.014081041639381457 -0.00019077270045313502 0.01014941098185178 -0.0059892893144929318 -0.11557491443712603 0.0044101349961582969 -0.0031038233305591923
leaf_weight=4591129 2286 15138 1714 9647 85 1318 4912 25132 26048 38 4817 11801 7471 77714 91559 3304 6610 1898 28079 53 3057 17672 11014 4795 19290 20665 1688 22 10253 791
leaf_count=4591129 2286 15138 1714 9647 85 1318 4912 25132 26048 38 4817 11801 7471 77714 91559 3304 6610 1898 28079 53 3057 17672 11014 4795 19290 20665 1688 22 10253 791
internal_value=1.2007e-08 7.93017e-05 0.0063625 -0.000939946 -0.0040323 -0.00195448 -0.000522152 -0.00237413 -0.00374013 -0.0581779 -0.00164961 -0.000236755 0.00318669 0.000310016 0.00167002 0.00540284 -0.00114312 -0.00169424 -0.00137299 -0.0338118 0.0178012 0.00353114 -0.00180526 -0.000581291 0.00265055 0.00712309 0.00893069 0.00390296 0.00698835 0.0194095
internal_weight=5e+06 4.61104e+06 19909 388962 46296 36649 342666 106237 86279 198 36451 31634 19833 236429 122128 30569 114301 107691 105793 160 4771 19958 61147 50133 24085 27265 22353 107 12362 2109
internal_count=5000000 4611038 19909 388962 46296 36649 342666 106237 86279 198 36451 31634 19833 236429 122128 30569 114301 107691 105793 160 4771 19958 61147 50133 24085 27265 22353 107 12362 2109
cat_boundaries=0 1 2 3 4 5
cat_threshold=7936 32512 32256 949248 224
is_linear=0
shrinkage=0.1


Tree=286
num_leaves=31
num_cat=4
split_feature=20 22 80 77 1 8 73 76 76 76 89 3 83 21 0 1 0 0 8 21 1 86 48 15 75 89 80 1 19 77
split_gain=36.6038 149.253 128.296 115.232 160.838 101.531 93.0989 163.258 92.9592 87.1221 85.9233 157.859 157.655 91.1717 156.499 152.097 145.069 135.482 123.662 117.732 192.021 123.088 111.656 100.111 97.2519 88.5115 85.6704 84.6676 245.68 151.432
threshold=11.84999990463257 8.4499998092651385 13.650000095367433 18.750000000000004 18.349999427795414 16.849999427795414 129.87249755859378 0 1 2 15.150000095367433 18.550000190734867 18.550000190734867 18.94999980926514 20.94999980926514 23.849999427795414 24.150000572204593 18.349999427795414 16.44999980926514 21.750000000000004 20.650000572204593 24.050000190734867 1.9499999880790713 25.94999980926514 3 27.650000572204593 21.94999980926514 14.050000190734865 5.0499999523162851 11.449999809265138
decision_type=10 8 10 8 8 10 2 1 1 1 8 8 8 10 2 10 2 2 10 8 8 8 8 10 1 8 8 10 8 10
left_child=2 9 6 4 -3 -6 7 -1 -4 -2 -5 12 -12 15 -15 17 -17 -13 24 26 23 -22 -18 -21 -19 -23 -16 29 -29 -8
right_child=1 3 8 10 5 -7 27 -9 -10 -11 11 13 -14 14 19 16 22 18 -20 20 21 25 -24 -25 -26 -27 -28 28 -30 -31
leaf_value=-0.0078058956091443844 -0.021112695110186264 -0.0007526542962425413 0.0088201713969412732 -0.0018659607390094431 -0.012612950909163 -0.0037548829804500807 2.9433928778701213e-05 0.013714285383050119 0.0019550822231710579 -0.0052555005229835338 -8.7441068189220484e-05 -0.0024972823629172782 0.003946363485848539 -0.0031635802456850617 -0.0018975250274472239 -0.013371505069499304 -0.010583947402732472 0.0057318084990929758 0.0051274101625778806 0.0071172451442391843 -0.0028620904098580024 -0.0012405598888985234 0.0086265141465445214 0.029375385153572655 -0.0053744889747959351 0.00094650325294469656 0.003286840035998237 -0.018716197641780289 -0.0011671859444945714 0.0044436085251235435
leaf_weight=4958 4555 556458 26939 188881 16151 65076 1908955 12157 73648 14479 173875 42554 218830 178290 39936 12374 4725 12044 139475 7301 189972 329686 8412 2794 22785 421780 157897 8926 75071 81016
leaf_count=4958 4555 556458 26939 188881 16151 65076 1908955 12157 73648 14479 173875 42554 218830 178290 39936 12374 4725 12044 139475 7301 189972 329686 8412 2794 22785 421780 157897 8926 75071 81016
internal_value=1.59303e-08 -0.000239008 0.000306293 -0.000178786 -0.00135943 -0.0055162 0.000138488 0.00748361 0.00379475 -0.00906412 0.000171127 0.000367163 0.00216035 -8.13595e-05 -0.000406951 0.00170217 -0.00560158 0.00256138 0.00379639 2.06586e-05 -0.000440824 -0.000587926 0.00171707 0.0132776 -0.00153379 -1.30133e-05 0.00224029 7.78743e-05 -0.00303204 0.000209144
internal_weight=5e+06 2.80833e+06 2.19167e+06 2.7893e+06 637685 81227 2.09108e+06 17115 100587 19034 2.15161e+06 1.96273e+06 392705 1.57002e+06 1.32766e+06 242369 25511 216858 174304 1.14937e+06 951533 941438 13137 10095 34829 751466 197833 2.07397e+06 83997 1.98997e+06
internal_count=5000000 2808330 2191670 2789296 637685 81227 2091083 17115 100587 19034 2151611 1962730 392705 1570025 1327656 242369 25511 216858 174304 1149366 951533 941438 13137 10095 34829 751466 197833 2073968 83997 1989971
cat_boundaries=0 1 2 3 4
cat_threshold=32704 3678152 9178497 228
is_linear=0
shrinkage=0.1


Tree=287
num_leaves=31
num_cat=4
split_feature=91 2 55 76 52 86 79 74 8 79 22 49 11 70 48 50 12 76 73 76 76 72 62 72 74 79 8 19 52 74
split_gain=36.8442 45.9237 66.104 72.6938 62.3458 47.6697 62.7778 72.8671 47.175 66.2945 49.1231 52.5779 61.1475 43.2478 42.741 48.7847 47.0681 56.39 47.0503 89.1339 50.6244 66.138 56.5053 48.2945 47.5305 47.0289 43.7503 41.9122 41.3505 40.7179
threshold=0.65000000596046459 -10.249999999999998 1.6500000357627871 0 0.15000000223517421 -10.849999904632567 1.0000000180025095e-35 205.50000000000003 -13.050000190734862 2.9500000476837163 -8.6500000953674299 0.25000000745058065 -10.349999904632567 0.45000000298023229 2.3500000238418584 1.8499999642372134 -2.2499999999999996 1 140.60749816894534 2 3 37.290000915527351 2.2500000000000004 37.921701431274421 6.5000000000000009 2.8500000238418584 -0.55000001192092884 -2.7499999999999996 3.2500000000000004 408.50000000000006
decision_type=8 8 10 1 10 10 10 2 10 8 10 10 10 8 8 8 10 1 2 1 1 2 10 2 2 10 8 10 8 2
left_child=1 2 3 4 8 6 -4 13 9 -1 11 12 -11 -8 16 -16 17 -3 20 23 21 22 -18 -20 -22 -25 -23 -15 -21 -2
right_child=29 14 5 -5 -6 -7 7 -9 -10 10 -12 -13 -14 27 15 -17 18 -19 19 28 24 26 -24 25 -26 -27 -28 -29 -30 -31
leaf_value=0.0095644922835416493 7.4492252317376754e-06 0.0026051642749847213 -0.034965523231534776 0.024700166426645073 0.0092598527154593626 0.018825669035924458 -0.097692316190323966 0.060704596322608655 -0.0066763440266532723 -0.30447968384251001 0.0028061702698469163 -0.052854229702103531 -0.087908929163082086 0.0035822005801909949 -0.001468358957535147 0.0038581081495935379 0.0052441582381595473 -0.0078895208051947743 0.021487573659396731 0.001143882511016017 0.002950585632138342 -0.02621082499454257 -0.0030647309056084562 0.0050303354320157256 -0.0010016452069974242 0.029571490302757988 -0.0028813641732079245 -0.071659197480979986 -0.0072672203447077784 -0.00094668060042411633
leaf_weight=61 3865245 7885 769 3048 1711 624 52 179 265 32 25 31 22 762 22618 71718 46789 14582 2063 77444 34040 876 9920 29627 286847 802 9759 82 6322 505800
leaf_count=61 3865245 7885 769 3048 1711 624 52 179 265 32 25 31 22 762 22618 71718 46789 14582 2063 77444 34040 876 9920 29627 286847 802 9759 82 6322 505800
internal_value=1.2472e-08 0.000715632 0.00840972 0.0148114 0.000654677 -0.00506546 -0.0131501 0.00245554 -0.0330997 -0.0740482 -0.120415 -0.156657 -0.216247 -0.00918127 0.000620733 0.00258103 0.000269799 -0.00420867 0.000469244 0.00223402 -5.92279e-05 0.00243322 0.0037907 0.00667894 -0.000582371 0.00567715 -0.004803 -0.00372798 0.000509018 -0.000102959
internal_weight=5e+06 628955 7663 5195 2147 2468 1844 1075 436 171 110 85 54 896 621292 94336 526956 22467 504489 116258 388231 67344 56709 32492 320887 30429 10635 844 83766 4.37104e+06
internal_count=5000000 628955 7663 5195 2147 2468 1844 1075 436 171 110 85 54 896 621292 94336 526956 22467 504489 116258 388231 67344 56709 32492 320887 30429 10635 844 83766 4371045
cat_boundaries=0 1 2 3 4
cat_threshold=590172 14692671 65776 508672
is_linear=0
shrinkage=0.1


Tree=288
num_leaves=31
num_cat=0
split_feature=24 78 0 21 1 14 0 80 22 86 86 27 77 5 1 80 23 73 1 25 77 84 1 8 2 89 22 80 1 0
split_gain=36.0003 42.4871 40.5931 37.1461 190.621 180.537 134.286 129.521 101.136 97.0306 93.8162 90.3007 89.8699 97.1153 84.8568 78.337 75.2637 75.0621 74.6406 64.0416 61.2852 58.8854 72.083 66.2574 58.584 57.2732 60.6819 56.3531 68.7776 64.7566
threshold=10.750000000000002 19.750000000000004 27.349999427795414 27.150000572204593 24.050000190734867 28.050000190734867 32.350000381469734 26.550000190734867 27.44999980926514 25.050000190734867 28.550000190734867 1.0000000180025095e-35 26.349999427795414 22.94999980926514 33.95000076293946 24.150000572204593 32.350000381469734 136.45999908447268 21.650000572204593 1.2500000000000002 32.350000381469734 0.75000000000000011 31.94999980926514 26.849999427795414 21.550000190734867 32.850000381469734 35.049999237060554 18.750000000000004 19.44999980926514 18.94999980926514
decision_type=2 10 2 10 8 10 2 8 10 10 8 8 10 8 8 10 8 2 10 10 8 10 10 10 10 8 10 8 10 2
left_child=1 3 -3 6 5 9 12 14 18 15 16 17 -1 -14 -6 19 -9 -10 -7 24 -12 25 -23 -24 27 -22 -27 -5 29 -29
right_child=-2 2 -4 4 7 8 -8 10 11 -11 20 -13 13 -15 -16 -17 -18 -19 -20 -21 21 22 23 -25 -26 26 -28 28 -30 -31
leaf_value=-1.9042132133959832e-05 0.0057051667740483829 -0.01231770776590692 -0.076257712964978186 -0.021193563324487547 -0.0074837855166656145 0.02110121471103359 0.020279472319216729 -0.0037063254500144176 0.034550034179672617 0.014352616677889186 -0.0019137848644291894 -0.020139080057682199 0.0091772147476728641 0.0014844580527888869 -0.19962217550238837 0.010671164796195872 -0.021066737294114988 0.013799701911201662 -6.6906279234642718e-05 0.0095804931011272201 -0.00015175717870549978 -0.010971357051481903 -0.17355291636626202 -0.031240929510579052 -0.010312582695800753 0.0041416730705493739 0.021931203795644585 -0.0067950462649322687 -0.002551015594142936 0.024903705273722803
leaf_weight=4539385 11036 1378 107 1234 37061 2303 3284 66310 3672 4595 83387 480 19842 94893 23 4845 2595 3319 6020 3538 45977 1265 54 83 10987 36433 2024 952 10923 1995
leaf_count=4539385 11036 1378 107 1234 37061 2303 3284 66310 3672 4595 83387 480 19842 94893 23 4845 2595 3319 6020 3538 45977 1265 54 83 10987 36433 2024 952 10923 1995
internal_value=1.51061e-08 -1.26052e-05 -0.0169248 -7.56962e-06 -0.00103271 0.00434966 6.50829e-05 -0.00210567 0.0133719 0.000702345 -0.00124957 0.021818 5.08194e-05 0.00281483 -0.00760295 -0.00111708 -0.00436013 0.0246987 0.00579038 -0.00304472 1.69988e-05 0.0018927 -0.0184334 -0.0873347 -0.00475673 0.0022302 0.00507794 -0.00071528 0.00110665 0.0146637
internal_weight=5e+06 4.98896e+06 1485 4.98748e+06 330075 54863 4.6574e+06 275212 15794 39069 238128 7471 4.65412e+06 114735 37084 34474 68905 6991 8323 29629 169223 85836 1402 137 26091 84434 38457 15104 13870 2947
internal_count=5000000 4988964 1485 4987479 330075 54863 4657404 275212 15794 39069 238128 7471 4654120 114735 37084 34474 68905 6991 8323 29629 169223 85836 1402 137 26091 84434 38457 15104 13870 2947
is_linear=0
shrinkage=0.1


Tree=289
num_leaves=31
num_cat=6
split_feature=82 48 76 75 87 49 30 51 12 76 60 76 73 89 26 73 53 48 76 80 77 74 80 23 80 76 89 1 72 77
split_gain=34.4069 67.3012 98.7734 84.3031 75.5727 86.2256 67.4603 56.5857 64.9825 56.856 54.9209 76.085 91.46 46.8538 44.4017 42.1624 41.9015 51.8272 63.5222 59.9601 53.4263 47.3782 45.8794 45.7895 196.719 133.005 99.9951 121.456 99.8267 89.13
threshold=0.84999999403953563 1.3499999642372134 0 1 1.0000000180025095e-35 1.2500000000000002 1.0000000180025095e-35 2.3500000238418584 -13.15000009536743 2 1.3499999642372134 3 132.80335235595706 -8.9499998092651349 1.0000000180025095e-35 145.20670318603518 0.35000000894069677 0.65000000596046459 4 19.150000572204593 -13.15000009536743 408.50000000000006 -10.949999809265135 6.6499998569488534 5.0499999523162851 5 4.2500000000000009 2.2500000000000004 37.670000076293952 12.84999990463257
decision_type=8 8 1 1 10 8 10 10 8 1 8 1 2 8 10 2 8 10 1 8 8 2 8 10 8 1 10 8 2 8
left_child=1 7 3 -3 5 -5 14 10 -9 -10 -1 12 -12 -11 -7 -4 17 22 19 -19 -21 -20 -2 26 25 -25 -18 28 -28 -26
right_child=16 2 15 4 -6 6 -8 8 9 13 11 -13 -14 -15 -16 -17 23 18 21 20 -22 -23 -24 24 29 -27 27 -29 -30 -31
leaf_value=0.0014231314275671497 -0.023612635190105133 0.00094187693354250515 0.0010259987444077069 0.0019355629959776036 -0.0076434071400457854 0.019545776723973365 -0.010688134743493491 -0.053786423493987559 0.0041699940481198447 -0.053090207299525009 0.0046729590355817658 -0.00012468416338145028 -0.0086168974066713356 -0.0052250697293929728 -0.015272598777549027 0.017394375680113646 4.2294128224944509e-05 -0.010279144308254011 -0.00034975508511813096 0.09467022202110717 -0.0030813705832067068 -0.0049349944111303397 0.00030339848700962151 -0.017431728623711739 -0.0015117387398258322 -0.003974053200757068 0.0054504309138999679 0.0017711369135898188 0.022596056007733623 0.00012745704773024755
leaf_weight=203940 806 14707 220142 5392 2018 12849 839 259 7589 206 6707 191235 22720 28196 377 1585 849086 16088 127064 56 35710 27393 166600 8596 385325 50250 10707 214473 4973 2384112
leaf_count=203940 806 14707 220142 5392 2018 12849 839 259 7589 206 6707 191235 22720 28196 377 1585 849086 16088 127064 56 35710 27393 166600 8596 385325 50250 10707 214473 4973 2384112
internal_value=1.35956e-08 0.000640235 0.00193374 0.00677753 0.0107717 0.0126872 0.016809 -8.36531e-05 -0.00387602 -0.00351685 0.000240116 -0.000853249 -0.00558598 -0.00557027 0.0185533 0.00114296 -0.000107471 -0.00111907 -0.00217987 -0.00520795 -0.00292832 -0.00116287 0.000188251 -1.07208e-05 -0.000222182 -0.00594354 0.000543439 0.00239227 0.0108883 -0.000100612
internal_weight=5e+06 718761 257909 36182 21475 19457 14065 460852 36250 35991 424602 220662 29427 28402 13226 221727 4.28124e+06 373717 206311 51854 35766 154457 167406 3.90752e+06 2.82828e+06 58846 1.07924e+06 230153 15680 2.76944e+06
internal_count=5000000 718761 257909 36182 21475 19457 14065 460852 36250 35991 424602 220662 29427 28402 13226 221727 4281239 373717 206311 51854 35766 154457 167406 3907522 2828283 58846 1079239 230153 15680 2769437
cat_boundaries=0 1 2 3 4 5 6
cat_threshold=896 482 40436 73600 992 1792
is_linear=0
shrinkage=0.1


Tree=290
num_leaves=31
num_cat=6
split_feature=20 22 1 33 60 75 72 77 1 76 87 10 83 1 0 0 76 2 89 2 77 76 0 20 1 54 89 8 75 76
split_gain=34.059 161.369 121.774 166.756 129.252 123.995 123.738 113.89 118.179 95.6608 91.4326 87.1573 100.286 196.812 115.691 92.5092 91.2259 89.7649 86.4353 133.879 168.325 166.681 151.42 143.392 154.51 164.426 144.981 109.117 106.412 185.047
threshold=16.050000190734867 12.050000190734865 7.2500000000000009 1.0000000180025095e-35 1.3499999642372134 0 27.989149093627933 16.250000000000004 20.94999980926514 1 1.0000000180025095e-35 20.150000572204593 10.250000000000002 10.84999990463257 12.250000000000002 18.650000572204593 2 -0.15000000223517415 13.750000000000002 10.050000190734865 8.6500000953674334 3 11.650000095367433 7.4500000476837167 -2.7499999999999996 1.1500000357627871 2.6499999761581425 13.449999809265138 4 5
decision_type=10 8 8 8 10 1 2 10 8 1 8 8 10 10 2 2 1 8 10 10 10 1 2 10 8 10 10 10 1 1
left_child=7 -2 3 4 10 6 -4 11 9 -9 -3 12 18 14 17 -13 -15 -14 19 20 23 -21 -22 26 -25 -26 -1 -28 29 -27
right_child=1 2 5 -5 -6 -7 -8 8 -10 -11 -12 15 13 16 -16 -17 -18 -19 -20 21 22 -23 -24 24 25 28 27 -29 -30 -31
leaf_value=-0.00025661413067743497 -0.01146509349013103 0.025385976741042628 0.0018592679405389214 -0.033024393947096012 0.0025383717577906716 -3.4408792800791433e-05 -0.0038290873597204077 0.0088211712229457669 -0.0033171063146133352 0.0025286597337581345 -0.035465820963009868 -0.0034390958991873453 0.068363270893892977 -0.0028201658754818011 -0.0098088004312854981 0.0063393521488516735 0.0012556235100203285 0.0063432748975718219 0.0032533589949380508 0.0004835567350766018 0.0052502428102352804 -0.0045514193322688645 -0.011735864417575724 0.020652999600984982 -0.0048735388193954085 0.017482558129627269 0.0025902951854990097 -0.0052652702104753219 -0.0018364349215814757 0.0010080851477888288
leaf_weight=985034 12868 5749 49370 874 6654 1906231 169646 32180 25789 96967 258 108607 234 67341 4573 10621 297421 86542 74515 118682 87709 147415 5582 3016 132770 7698 316401 18729 161435 59089
leaf_count=985034 12868 5749 49370 874 6654 1906231 169646 32180 25789 96967 258 108607 234 67341 4573 10621 297421 86542 74515 118682 87709 147415 5582 3016 132770 7698 316401 18729 161435 59089
internal_value=8.95342e-09 -0.000300282 -0.000233108 0.00922208 0.0121384 -0.000293325 -0.00254672 0.000226849 0.00286331 0.00409747 0.0227724 7.5189e-05 0.000197614 0.00154265 0.00569356 -0.00256802 0.000503124 0.00651052 -9.20301e-05 -0.000214014 9.9157e-05 -0.00230592 0.00423389 -0.000129878 -0.0018871 -0.00207542 0.000354642 0.00215128 -0.000447594 0.0029093
internal_weight=5e+06 2.15165e+06 2.13878e+06 13535 12661 2.12525e+06 219016 2.84835e+06 154936 129147 6007 2.69341e+06 2.57419e+06 456111 91349 119228 364762 86776 2.11808e+06 2.04356e+06 1.77746e+06 266097 93291 1.68417e+06 364008 360992 1.32016e+06 335130 228222 66787
internal_count=5000000 2151650 2138782 13535 12661 2125247 219016 2848350 154936 129147 6007 2693414 2574186 456111 91349 119228 364762 86776 2118075 2043560 1777463 266097 93291 1684172 364008 360992 1320164 335130 228222 66787
cat_boundaries=0 1 2 3 4 5 6
cat_threshold=6172 1838848 25056 12847679 1776 49216
is_linear=0
shrinkage=0.1


Tree=291
num_leaves=31
num_cat=6
split_feature=91 18 74 74 72 73 73 48 72 88 79 75 76 76 72 73 89 76 74 73 73 76 78 72 76 2 74 5 23 74
split_gain=35.6801 91.9245 101.346 142.527 110.407 111.415 133.665 93.4849 114.141 108.719 110.22 93.1248 119.908 83.0824 96.2111 108.147 81.2058 73.289 68.2625 65.9358 65.9066 61.0356 60.0139 56.5354 55.4618 54.9208 54.5985 54.545 52.315 52.0903
threshold=1.9499999880790713 0.84999999403953563 249.50000000000003 234.50000000000003 37.649148941040046 137.88999938964847 138.5725021362305 0.84999999403953563 35.204200744628913 2.6499999761581425 2.2500000000000004 0 1 2 43.44585037231446 141.86750030517581 -6.9500000476837149 3 180.00000000000003 132.91915130615237 140.42834472656253 4 1.0000000180025095e-35 36.851650238037116 5 -12.849999904632567 28.500000000000004 10.650000095367433 31.44999980926514 507.00000000000006
decision_type=10 8 2 2 2 2 2 8 2 8 8 1 1 1 2 2 8 1 2 2 2 1 10 2 1 10 2 8 10 2
left_child=-1 13 3 7 5 19 29 24 18 -10 -11 21 28 14 15 23 17 -15 -9 -4 -5 -12 -17 -2 26 -18 -3 -23 -13 -7
right_child=1 2 4 20 -6 6 -8 8 9 10 11 12 -14 16 -16 22 25 -19 -20 -21 -22 27 -24 -25 -26 -27 -28 -29 -30 -31
leaf_value=0.00017445903341376445 -0.0011001175618724471 0.010962935622039425 -0.00064123687107731585 0.0053654826517256782 -0.0076429918700108429 0.013057071208993382 -0.002422025490233997 0.00076954788940753621 0.00016419313565897839 0.00083421370306448249 -0.0024153333297877609 -0.0046907809518813735 -0.00048219559970645278 -0.021128553121474634 0.012165559070100808 -0.0090280495859321516 0.027985319104522611 -0.0033217638926306354 -0.0038057234802444644 -0.0072407886544320985 0.02261644171131175 -0.0072975782190742942 0.027216809871691061 0.0074717595751036224 0.00073127948561750285 0.00094995189969950163 0.002691779512758495 -0.016384545399580879 -0.017809027615151966 0.0036153003939089798
leaf_weight=3505203 10886 12385 25510 5882 39510 9090 37107 416482 198564 69822 21697 102418 122653 2803 13418 8750 756 13035 35380 37237 3552 39137 482 26243 68575 123541 22443 7947 3133 16359
leaf_count=3505203 10886 12385 25510 5882 39510 9090 37107 416482 198564 69822 21697 102418 122653 2803 13418 8750 756 13035 35380 37237 3552 39137 482 26243 68575 123541 22443 7947 3133 16359
internal_value=1.25269e-08 -0.000409053 -0.000717181 -0.000379326 -0.00303374 -0.00158038 0.00140606 -0.000482368 -0.00077357 -0.00172056 -0.00274084 -0.00358135 -0.0026088 0.00158675 0.00470766 0.00255017 0.000255078 -0.00648864 0.000411312 -0.00455772 0.0118606 -0.00680675 -0.00713572 0.00495854 0.00238235 0.00111439 0.00563142 -0.00882943 -0.00507968 0.00698776
internal_weight=5e+06 1.4948e+06 1.29488e+06 1.13007e+06 164813 125303 62556 1.12064e+06 1.01723e+06 565371 366807 296985 228204 199914 59779 46361 140135 15838 451862 62747 9434 68781 9232 37129 103403 124297 34828 47084 105551 25449
internal_count=5000000 1494797 1294883 1130070 164813 125303 62556 1120636 1017233 565371 366807 296985 228204 199914 59779 46361 140135 15838 451862 62747 9434 68781 9232 37129 103403 124297 34828 47084 105551 25449
cat_boundaries=0 1 2 3 4 5 6
cat_threshold=6150 254176 1015872 15872 461904 2148577
is_linear=0
shrinkage=0.1


Tree=292
num_leaves=31
num_cat=5
split_feature=79 76 24 87 76 25 76 72 74 23 77 1 76 74 76 77 1 5 77 48 73 82 3 85 18 84 20 77 77 1
split_gain=34.7501 81.3292 75.4845 88.7846 103.411 73.3937 71.0844 63.7982 81.2878 71.7279 77.9574 97.8396 94.0876 84.0791 75.4414 68.3643 89.5542 66.3685 63.7978 78.8012 102.216 99.9991 65.7612 79.4616 64.8122 64.1425 62.0799 85.9456 71.4984 66.1252
threshold=1.0500000119209292 0 1.0000000180025095e-35 0.75000000000000011 1 1.0000000180025095e-35 2 37.846700668334968 326.00000000000006 1.4499999880790713 4.0499999523162851 1.6500000357627871 3 87.500000000000014 4 24.150000572204593 24.050000190734867 23.849999427795414 -10.550000190734862 0.35000000894069677 142.50080108642581 0.65000000596046459 -13.050000190734862 0.15000000223517421 -2.8500000238418575 11.750000000000002 25.349999427795414 26.94999980926514 20.550000190734867 0.84999999403953563
decision_type=10 1 2 10 1 10 1 2 2 8 10 8 1 2 1 10 8 8 10 8 2 8 8 10 10 8 8 10 8 8
left_child=-1 18 3 7 -5 -6 -4 26 9 -9 12 -12 -11 14 -13 16 -15 -17 19 20 22 -22 23 -2 -20 -21 28 -28 29 -3
right_child=1 2 6 4 5 -7 -8 8 -10 10 11 13 -14 15 -16 17 -18 -19 24 25 21 -23 -24 -25 -26 -27 27 -29 -30 -31
leaf_value=0.00021627760876409631 -0.21728635880525315 0.0045665390449334577 -0.0021809846552475489 0.0045604702514955167 -0.018320083327626396 -0.0017860831941226758 0.0035549507050001588 0.00097851153351981909 -0.0081001878363642001 -0.018595301794971569 0.029200837759390426 0.0029336975239195261 -0.0045451381124055014 -6.9370049301267558e-05 -0.003961982711196829 0.012271631387818243 -0.023519966536298564 -0.0015722901685329698 0.0037637951017847173 -0.003041911960851908 0.080658612842911606 -0.033190796156358275 -0.037840864104159842 -0.071750192124592632 0.00022397747627924243 -0.054405106255675066 -0.0059358364923191359 -0.00046721438872354676 0.0021360486572656371 -0.0010154835936826811
leaf_weight=2988647 62 22780 31766 4543 8473 3930 67511 77985 21037 5788 1011 17732 26931 62541 150395 8931 1672 5656 55016 5224 97 377 158 95 864501 255 43867 83333 129418 310268
leaf_count=2988647 62 22780 31766 4543 8473 3930 67511 77985 21037 5788 1011 17732 26931 62541 150395 8931 1672 5656 55016 5224 97 377 158 95 864501 255 43867 83333 129418 310268
internal_value=5.94825e-09 -0.00032135 -0.000908571 -0.00117314 -0.00834896 -0.0130706 0.00171974 -0.00104769 -0.00205871 -0.00170433 -0.00244981 -0.00184437 -0.00703769 -0.00197148 -0.00323477 0.000723873 -0.000679985 0.00690375 0.000367228 -0.00968733 -0.0392344 -0.0098925 -0.0833869 -0.129223 0.00043577 -0.00543242 -0.000396707 -0.00235316 0.000141409 -0.000633681
internal_weight=5e+06 2.01135e+06 1.08557e+06 986291 16946 12403 99277 969345 379679 358642 280657 247938 32719 246927 168127 78800 64213 14587 925785 6268 789 474 315 157 919517 5479 589666 127200 462466 333048
internal_count=5000000 2011353 1085568 986291 16946 12403 99277 969345 379679 358642 280657 247938 32719 246927 168127 78800 64213 14587 925785 6268 789 474 315 157 919517 5479 589666 127200 462466 333048
cat_boundaries=0 1 2 3 4 5
cat_threshold=16547962 196612 389 768 5
is_linear=0
shrinkage=0.1


Tree=293
num_leaves=31
num_cat=5
split_feature=74 51 48 49 4 80 80 1 86 0 76 76 76 22 0 80 0 86 80 76 77 5 83 0 48 73 76 80 0 86
split_gain=35.9571 37.0144 234.849 103.222 79.2608 140.668 123.631 114.168 98.5738 78.5628 76.9546 75.3433 74.6671 71.2564 72.6274 70.3523 70.4086 89.4164 87.9217 84.066 68.4838 87.0807 84.7623 72.1944 67.9135 134.346 113.798 103.101 90.1364 93.5371
threshold=935.00000000000011 1.1500000357627871 2.1499999761581425 0.84999999403953563 5.2500000000000009 2.8500000238418584 5.6499998569488534 2.2500000000000004 3.6499999761581425 2.6499999761581425 0 1 2 30.250000000000004 34.049999237060554 13.050000190734865 7.2500000000000009 8.2500000000000018 6.0499999523162851 3 3.4500000476837163 0.84999999403953563 -1.5500000119209287 1.8499999642372134 1.3499999642372134 141.5683517456055 4 -4.9500000476837149 -12.849999904632567 -13.749999999999998
decision_type=2 10 10 8 8 10 8 8 10 2 1 1 1 8 2 10 2 8 8 1 10 10 10 2 10 2 1 10 2 10
left_child=1 2 10 -4 5 8 -6 12 20 -8 -1 -5 -7 14 -11 16 18 -18 19 -9 21 22 24 -24 25 -3 27 -27 29 -26
right_child=-2 4 3 11 6 7 9 15 -10 13 -12 -13 -14 -15 -16 -17 17 -19 -20 -21 -22 -23 23 -25 28 26 -28 -29 -30 -31
leaf_value=0.0011529164831439493 -0.0019896334990487526 0.001792699770312536 -0.0099190412650135701 -0.0060157980346608204 -0.0033493901750683537 0.018821815789280282 -0.0087257883147390074 -0.0029292238304526336 0.0045549878714316403 0.00024006272833957383 -0.00039277982221096354 -0.0014786567284638796 0.0056360596460317512 -0.0029547051200772821 0.023873847254733058 0.01859663243443832 -0.012444503100361926 0.0015177304114813567 0.010003292438707291 0.0048069950417002835 0.0054085084771436399 -0.001896410503520244 0.0048335814318719757 -0.0043833249644242289 0.0074619607495542825 -0.018610805029299002 -0.0010654957189570383 -0.00079209456646206749 0.0005174566401034864 0.043339161045276652
leaf_weight=470994 89211 28912 22370 50451 107258 8019 9997 21278 54786 2319705 1018805 133327 9297 71368 1301 2818 6299 16874 18625 41295 23210 181753 68900 9694 3403 11397 13581 4541 179607 924
leaf_count=470994 89211 28912 22370 50451 107258 8019 9997 21278 54786 2319705 1018805 133327 9297 71368 1301 2818 6299 16874 18625 41295 23210 181753 68900 9694 3403 11397 13581 4541 179607 924
internal_value=1.70935e-09 3.61461e-05 -0.000341846 -0.00350531 0.000235551 0.00117224 -2.76604e-05 0.0042224 0.000518276 0.000120644 9.5891e-05 -0.00272461 0.0117565 0.00015761 0.00025331 0.00300529 0.00258433 -0.00227755 0.00397186 0.00217659 9.77662e-05 -0.000147429 0.000842987 0.00369674 -8.24277e-05 -0.0030524 -0.00779787 -0.0135255 0.000861055 0.0151233
internal_weight=5e+06 4.91079e+06 1.69595e+06 206148 3.21484e+06 705213 2.50963e+06 124505 580708 2.40237e+06 1.4898e+06 183778 17316 2.39237e+06 2.32101e+06 107189 104371 23173 81198 62573 525922 502712 320959 78594 242365 58431 29519 15938 183934 4327
internal_count=5000000 4910789 1695947 206148 3214842 705213 2509629 124505 580708 2402371 1489799 183778 17316 2392374 2321006 107189 104371 23173 81198 62573 525922 502712 320959 78594 242365 58431 29519 15938 183934 4327
cat_boundaries=0 1 2 3 4 5
cat_threshold=8350720 14712959 12224 69088 16744482
is_linear=0
shrinkage=0.1


Tree=294
num_leaves=31
num_cat=6
split_feature=85 76 76 55 48 82 5 83 86 89 1 80 76 86 22 48 20 13 72 2 1 89 1 76 74 1 21 10 75 75
split_gain=34.0878 132.298 62.9753 58.8178 44.5543 41.9742 37.4928 137.56 120.696 86.9736 157.194 159.122 119.829 107.486 97.2049 110.253 91.6295 188.176 136.845 131.282 119.603 103.71 127.701 110.084 96.4286 84.7325 114.198 83.5158 82.22 81.8913
threshold=6.5499999523162851 0 1 3.0499999523162846 2.0499999523162846 2.4500000476837163 19.44999980926514 21.94999980926514 15.550000190734865 21.550000190734867 18.550000190734867 18.44999980926514 2 18.94999980926514 12.050000190734865 2.7500000000000004 21.150000572204593 20.750000000000004 35.578300476074226 11.250000000000002 14.050000190734865 13.449999809265138 13.650000095367433 3 58.500000000000007 19.050000190734867 24.349999427795414 20.150000572204593 4 5
decision_type=10 1 1 8 10 8 10 10 8 10 10 10 1 10 10 10 10 10 2 8 8 10 8 1 2 8 8 8 1 1
left_child=6 -2 -3 4 5 -4 7 9 -8 10 11 13 14 16 15 29 21 18 19 -18 -19 -1 27 -24 -22 26 -11 -23 -21 -12
right_child=1 2 3 -5 -6 -7 8 -9 -10 25 12 -13 -14 -15 -16 -17 17 20 -20 28 24 22 23 -25 -26 -27 -28 -29 -30 -31
leaf_value=-7.1415246131996342e-05 0.005769080829017185 -0.01096881926117224 0.016574198623397388 -0.00039551506689356917 -0.00705157437039326 -0.0022206865903920186 -0.0057848488306454504 0.0044233242230627889 -0.00022163689698973668 0.0080640144874032753 -0.011711762674133354 0.005406191937996253 -0.0013461337657733935 0.0056596403570200755 -0.0060368408328412455 -0.0021916242998778631 0.017141149138164277 0.013786967654260369 -0.011474812394571241 -0.011554303189084271 0.0061947454457103391 0.0059977549162009217 -0.0029941795618171102 0.0017537419598251767 -0.0060328758145351581 0.0022649008105942651 0.038504146806447086 -0.0052421374439892117 0.0020886122303742849 -0.052536907724659646
leaf_weight=2500887 20566 9019 1500 63560 30507 5717 40047 76459 1488720 8182 802 58250 123275 34730 39168 1487 3382 7449 29313 8365 11642 80014 62958 217550 14460 42639 1451 7206 9347 1348
leaf_count=2500887 20566 9019 1500 63560 30507 5717 40047 76459 1488720 8182 802 58250 123275 34730 39168 1487 3382 7449 29313 8365 11642 80014 62958 217550 14460 42639 1451 7206 9347 1348
internal_value=5.24565e-09 -0.00159265 -0.0029655 -0.00225182 -0.00538004 0.00168569 4.28115e-05 0.000230537 -0.000367369 0.000132318 6.64617e-05 0.000229835 -0.00292945 0.0001289 -0.00748721 -0.0231273 6.38439e-05 -0.00319244 -0.00705485 -0.000912713 0.00261044 0.000159148 0.00172719 0.000688061 -0.000579119 0.00417857 0.0126492 0.00506913 -0.00435999 -0.037607
internal_weight=5e+06 130869 110303 101284 37724 7217 4.86913e+06 3.34036e+06 1.52877e+06 3.2639e+06 3.21163e+06 3.04555e+06 166080 2.9873e+06 42805 3637 2.95257e+06 83958 50407 21094 33551 2.86862e+06 367728 280508 26102 52272 9633 87220 17712 2150
internal_count=5000000 130869 110303 101284 37724 7217 4869131 3340364 1528767 3263905 3211633 3045553 166080 2987303 42805 3637 2952573 83958 50407 21094 33551 2868615 367728 280508 26102 52272 9633 87220 17712 2150
cat_boundaries=0 1 2 3 4 5 6
cat_threshold=1966080 384 491712 9696 4148 114
is_linear=0
shrinkage=0.1


Tree=295
num_leaves=31
num_cat=4
split_feature=88 74 74 72 74 83 1 11 21 0 73 74 86 74 49 76 67 72 72 76 76 20 77 3 89 83 0 86 76 7
split_gain=33.4798 73.5454 94.543 67.8821 72.9894 52.8448 71.2829 62.5295 60.6587 57.7451 152.655 136.467 111.485 123.446 97.8027 76.2059 59.4892 52.1693 100.957 52.6047 51.7382 65.9777 51.0805 69.3596 61.617 84.4184 153.31 117.158 111.847 84.6949
threshold=1.1500000357627871 316.00000000000006 330.50000000000006 37.649148941040046 349.50000000000006 26.650000572204593 26.94999980926514 25.750000000000004 30.44999980926514 -12.849999904632567 143.93750000000003 214.50000000000003 -13.749999999999998 65.500000000000014 1.4499999880790713 0 2.9500000476837163 35.662500381469734 35.906650543212898 1 2 -4.3500001430511466 -0.25000000745058054 -1.8499999642372129 -6.1499998569488517 3.4500000476837163 -12.849999904632567 -13.749999999999998 3 -13.15000009536743
decision_type=10 2 2 2 2 8 10 10 10 2 2 2 10 2 10 1 8 2 2 1 1 10 8 10 8 8 2 10 1 10
left_child=22 5 -3 4 -4 6 -2 -8 9 10 11 12 13 -7 15 16 -15 -6 19 -19 21 -14 23 -1 25 26 -24 28 -27 -30
right_child=1 2 3 -5 17 8 7 -9 -10 -11 -12 -13 20 14 -16 -17 -18 18 -20 -21 -22 -23 24 -25 -26 27 -28 -29 29 -31
leaf_value=0.00020777702367712593 -0.00040084019318807932 -0.0093571917409589617 0.005762112219362292 -0.0045330039630122341 -0.0030385334547009249 0.087754277337123376 -0.011953104073666983 -0.00053970550852086704 -0.0031621552890827073 0.00074085295845939037 0.06277419585262986 0.081399614662130151 0.0058737358570926726 0.071459933845920767 -0.14572749276626476 -0.057778354440902902 -0.10796555913174931 0.019363085060324955 -0.00055580361349340972 0.0034323068009826487 0.037162486591225417 -0.1191077334237679 0.020061602246971805 -0.0037775028969595434 0.0003792060482081265 0.022453408804944175 -0.0060984589860285524 0.00016172907365567547 -0.077873030879115041 -0.028926910353928754
leaf_weight=108467 1111362 15687 16856 53737 80527 68 10118 9133 41070 712001 547 188 225 94 98 364 23 3889 102246 4458 462 52 2740 73103 2634920 357 12282 2422 426 2078
leaf_count=108467 1111362 15687 16856 53737 80527 68 10118 9133 41070 712001 547 188 225 94 98 364 23 3889 102246 4458 462 52 2740 73103 2634920 357 12282 2422 426 2078
internal_value=-1.15808e-08 -0.000296339 -0.00181662 -0.00136464 -0.000545997 -7.27067e-05 -0.000505345 -0.00653839 0.000575004 0.000789933 0.0172655 0.00145027 -0.00939423 -0.0397049 -0.0546742 -0.0361228 0.0333388 -0.00110235 0.000307465 0.010882 0.017143 -0.0169757 0.000225953 -0.00139676 0.000336918 -0.00515067 -0.00132689 -0.0160235 -0.0297251 -0.0371058
internal_weight=5e+06 2.1632e+06 277400 261713 207976 1.8858e+06 1.13061e+06 19251 755192 714122 2121 1574 1386 647 579 481 117 191120 110593 8347 739 277 2.8368e+06 181570 2.65522e+06 20305 15022 5283 2861 2504
internal_count=5000000 2163205 277400 261713 207976 1885805 1130613 19251 755192 714122 2121 1574 1386 647 579 481 117 191120 110593 8347 739 277 2836795 181570 2655225 20305 15022 5283 2861 2504
cat_boundaries=0 1 2 3 4
cat_threshold=12584464 818688 15729954 65024
is_linear=0
shrinkage=0.1


Tree=296
num_leaves=31
num_cat=3
split_feature=86 23 3 80 77 72 87 5 0 0 2 21 76 89 80 1 10 89 2 20 21 82 1 0 77 76 89 76 1 0
split_gain=34.205 46.7016 43.8386 45.8079 42.7508 56.316 64.9103 60.1143 55.8269 44.5675 41.5763 111.519 123.185 110.65 105.361 102.407 86.3704 95.2881 85.7453 93.2125 84.4576 75.8358 75.707 220.141 189.723 130.107 125.1 115.424 110.303 228.849
threshold=34.95000076293946 34.95000076293946 34.049999237060554 34.649999618530281 31.050000190734867 34.760000228881843 0.75000000000000011 29.050000190734867 32.350000381469734 32.049999237060554 26.349999427795414 30.44999980926514 0 25.550000190734867 26.250000000000004 28.44999980926514 29.250000000000004 22.94999980926514 20.750000000000004 23.650000572204593 27.150000572204593 2.0499999523162846 19.849999427795414 19.250000000000004 19.94999980926514 1 18.849999427795414 2 16.650000572204593 16.250000000000004
decision_type=10 8 10 10 10 2 10 10 2 2 10 10 1 8 10 10 8 10 8 10 10 10 10 2 10 1 10 1 10 2
left_child=2 -2 4 -4 10 9 7 -7 -8 -6 14 12 13 -12 16 20 17 22 21 -20 -14 -19 24 27 26 -25 28 -24 -1 -30
right_child=1 -3 3 -5 5 6 8 -9 -10 -11 11 -13 15 -15 -16 -17 -18 18 19 -21 -22 -23 23 25 -26 -27 -28 -29 29 -31
leaf_value=0.00012058847027471849 0.0047946207099000809 0.03771521011157368 -0.0087883489589818693 0.022021889187158195 0.0031250631061304785 0.011827586422295417 -0.034666483258914159 -0.00030157746080862057 -0.21632851291270483 -0.0069692294778842994 -0.0074686141270990311 -0.0056838816122083136 0.0021889146232134337 -0.00097358603950130221 0.0041673991669167977 0.0059626362214955358 -0.003404943761681887 0.010123495935057373 0.0032595569414085681 -0.00051989854548358861 -0.0040479061328967626 -0.0020958581335009958 -0.017376664339851241 -0.0023540599350925957 0.0057559545330978382 0.0005368786825054485 0.0030775088650842183 -0.0034526034862420469 -0.0096992677862971517 -0.00093890605842691835
leaf_weight=2918590 2268 532 8392 512 12415 12196 87 6145 21 6753 31439 45306 63951 158290 61720 42439 72969 20751 123380 138516 32874 6725 12007 269919 58873 367789 129669 11833 32588 351051
leaf_count=2918590 2268 532 8392 512 12415 12196 87 6145 21 6753 31439 45306 63951 158290 61720 42439 72969 20751 123380 138516 32874 6725 12007 269919 58873 367789 129669 11833 32588 351051
internal_value=-5.49691e-09 0.0110495 -6.19671e-06 -0.00701669 6.31687e-06 0.00336475 0.00730864 0.00776381 -0.0699897 -0.000431216 -1.92016e-05 -0.00103251 -0.000391966 -0.00204974 6.36763e-05 0.00186654 7.57418e-06 6.36357e-05 0.00181817 0.00126061 7.13908e-05 0.0071327 -5.86366e-05 -0.00103949 0.000127248 -0.000686781 3.06892e-05 -0.0104742 -8.89506e-05 -0.00168305
internal_weight=5e+06 2800 4.9972e+06 8904 4.9883e+06 37617 18449 18341 108 19168 4.95068e+06 374299 328993 189729 4.57638e+06 139264 4.51466e+06 4.44169e+06 289372 261896 96825 27476 4.15232e+06 661548 3.49077e+06 637708 3.4319e+06 23840 3.30223e+06 383639
internal_count=5000000 2800 4997200 8904 4988296 37617 18449 18341 108 19168 4950679 374299 328993 189729 4576380 139264 4514660 4441691 289372 261896 96825 27476 4152319 661548 3490771 637708 3431898 23840 3302229 383639
cat_boundaries=0 1 2 3
cat_threshold=2072704 57312 921472
is_linear=0
shrinkage=0.1


Tree=297
num_leaves=31
num_cat=10
split_feature=52 48 49 76 32 36 28 76 76 87 78 90 26 1 75 76 76 61 75 72 24 81 24 25 76 26 48 49 76 75
split_gain=34.2265 181.53 103.174 72.5649 281.87 215.441 168.635 149.694 135.593 247.725 269.416 250.434 196.422 181.484 244.433 543.395 314.507 219.945 124.453 248.157 122.045 120.35 118.664 222.134 152.968 110.799 128.845 254.511 196.045 256.234
threshold=1.3499999642372134 4.1499998569488534 2.0499999523162846 0 1.0000000180025095e-35 1.0000000180025095e-35 1.0000000180025095e-35 1 2 1.0000000180025095e-35 1.0000000180025095e-35 1.0000000180025095e-35 1.0000000180025095e-35 13.050000190734865 3 4 5 3.5499999523162846 6 40.670848846435554 1.0000000180025095e-35 1.0000000180025095e-35 1.0000000180025095e-35 1.0000000180025095e-35 7 1.0000000180025095e-35 1.3499999642372134 1.6500000357627871 8 9
decision_type=8 10 10 1 10 8 10 1 1 10 10 10 10 8 1 1 1 10 1 2 2 10 2 10 1 10 8 10 1 1
left_child=1 -1 -3 4 5 6 8 -6 -2 10 11 12 13 14 16 17 18 21 19 -10 -9 -16 23 25 -25 26 27 -5 29 -29
right_child=3 2 -4 22 7 -7 -8 20 9 -11 -12 -13 -14 -15 15 -17 -18 -19 -20 -21 -22 -23 -24 24 -26 -27 -28 28 -30 -31
leaf_value=-0.00016759539806602666 0.00060338526571760949 -0.017164591250572476 -0.004375710575941545 -0.00070953481378944875 -0.00087196170338650625 -0.0050665629360438329 -0.0045965107958906978 -0.014056383568114221 0.029533114736616718 -0.0062473477101273583 -0.012057881668154271 -0.012776074824695068 -0.014853998147451634 0.002845071260599635 0.01420575816798348 -0.0020444888149054249 0.0063898145183216683 0.002232892754442222 0.026777280345449413 -0.012589582292253357 -0.0015708976933329023 -0.023818892016797218 0.0022196685820925397 0.011944321629407768 0.0019838233781814484 0.0040694330886734643 -0.00017713969347518698 0.0042726017636192269 -0.0032601646018526353 -0.016194506207161494
leaf_weight=1955449 221015 7405 42588 326539 47388 43775 34671 21788 2942 23430 9718 7903 4801 144824 60397 57780 27294 23113 16610 2666 12220 844 204885 22810 47579 51570 1464319 7663 75695 30319
leaf_count=1955449 221015 7405 42588 326539 47388 43775 34671 21788 2942 23430 9718 7903 4801 144824 60397 57780 27294 23113 16610 2666 12220 844 204885 22810 47579 51570 1464319 7663 75695 30319
internal_value=-9.47431e-09 -0.00031972 -0.00627001 0.0002141 0.00105582 0.00171986 0.0021855 -0.00450619 0.00257523 0.00371501 0.00436549 0.00482258 0.00523012 0.0055167 0.0075356 0.00542647 0.0135865 0.0105435 0.0224204 0.00949138 -0.0095672 0.0136817 -7.37904e-05 -0.000305667 0.00521356 -0.000504272 -0.000628117 -0.00212823 -0.00620346 -0.0120652
internal_weight=5e+06 2.00544e+06 49993 2.99456e+06 763179 681783 638008 81396 603337 382322 358892 349174 341271 336470 191646 142134 49512 84354 22218 5608 34008 61241 2.23138e+06 2.02649e+06 70389 1.9561e+06 1.90454e+06 440216 113677 37982
internal_count=5000000 2005442 49993 2994558 763179 681783 638008 81396 603337 382322 358892 349174 341271 336470 191646 142134 49512 84354 22218 5608 34008 61241 2231379 2026494 70389 1956105 1904535 440216 113677 37982
cat_boundaries=0 1 2 3 4 5 6 7 8 9 10
cat_threshold=525296 524848 524304 1840 896 192 32 507904 458752 224
is_linear=0
shrinkage=0.1


Tree=298
num_leaves=31
num_cat=3
split_feature=75 76 23 20 22 86 1 15 0 0 1 86 5 30 74 0 1 7 80 76 86 89 10 80 1 74 1 20 89 1
split_gain=34.5168 115.488 92.988 73.4415 112.061 100.07 93.5017 200.671 157.457 116.95 241.544 124.908 127.497 115.827 107.906 88.7313 159.428 119.444 90.1375 90.3496 85.7523 83.7792 80.8946 105.913 178.29 94.072 103.718 85.4307 79.3272 79.2799
threshold=0 1 4.0499999523162851 20.650000572204593 16.94999980926514 20.94999980926514 14.550000190734865 20.750000000000004 14.250000000000002 17.44999980926514 17.150000572204593 20.849999427795414 17.150000572204593 1.0000000180025095e-35 58.500000000000007 18.94999980926514 18.550000190734867 17.849999427795414 21.650000572204593 2 19.550000190734867 20.750000000000004 22.650000572204593 13.050000190734865 12.84999990463257 316.00000000000006 7.8500001430511483 12.250000000000002 21.750000000000004 13.050000190734865
decision_type=1 1 8 10 8 10 8 8 2 2 8 10 10 8 2 2 8 10 8 1 10 10 8 10 8 2 10 8 8 10
left_child=1 -1 -3 5 -5 22 7 8 -6 14 11 12 21 -9 -8 -12 17 -17 -18 -20 29 -11 23 -2 25 26 -25 -26 -21 -10
right_child=3 2 -4 4 6 -7 9 13 20 10 15 -13 -14 -15 -16 16 18 -19 19 28 -22 -23 -24 24 27 -27 -28 -29 -30 -31
leaf_value=0.0029812037228815493 -0.00021795342591905101 0.0036059809722974929 -0.0001494752914162651 -0.012095730091464659 -0.012888564115139318 0.0028692061252744089 -0.00072851278427451876 0.014355497172357594 0.022603196331991884 0.0031255164501108462 -0.0062508013767808559 0.046345588176446011 0.032758811588996413 -0.029638525231348467 -0.011523714289980815 0.0038940498714273536 -0.0043656981411627225 0.024887967130865458 -0.0039268655436340795 -0.0037736156431420701 0.065607591073324048 0.036391512431511702 -0.0023860843719315894 0.041792653415088671 0.0036732892854539397 -0.00042254504252478391 0.0091122492075032552 8.2576551190510284e-05 0.00057921929997474563 -0.0016585905856833342
leaf_weight=157962 2363817 70429 1032781 9171 8355 121012 16878 14610 1906 11191 32922 971 1981 624 20513 9393 75620 3809 69596 48239 246 812 142864 1001 82587 11414 32551 335169 316985 4591
leaf_count=157962 2363817 70429 1032781 9171 8355 121012 16878 14610 1906 11191 32922 971 1981 624 20513 9393 75620 3809 69596 48239 246 812 142864 1001 82587 11414 32551 335169 316985 4591
internal_value=-2.60625e-09 0.000452383 9.02725e-05 -0.000152601 -0.00112018 5.04101e-05 -0.000962716 0.00445609 -0.00371423 -0.00123265 -0.000878166 0.0116633 0.00925506 0.0125535 -0.00665085 -0.00121516 -0.000898561 0.00995115 -0.00117918 -0.000625006 0.00765335 0.00537595 -6.44642e-05 5.28793e-05 0.00143643 0.00741948 0.0100872 0.000792432 4.29419e-06 0.005459
internal_weight=5e+06 1.26117e+06 1.10321e+06 3.73883e+06 648413 3.09042e+06 639242 30332 15098 608910 571519 14955 13984 15234 37391 556564 523642 13202 510440 434820 6743 12003 2.9694e+06 2.82654e+06 462722 44966 33552 417756 365224 6497
internal_count=5000000 1261172 1103210 3738828 648413 3090415 639242 30332 15098 608910 571519 14955 13984 15234 37391 556564 523642 13202 510440 434820 6743 12003 2969403 2826539 462722 44966 33552 417756 365224 6497
cat_boundaries=0 1 2 3
cat_threshold=2432 131360 196928
is_linear=0
shrinkage=0.1


Tree=299
num_leaves=31
num_cat=7
split_feature=91 74 17 89 1 76 73 74 77 2 0 23 73 76 89 76 2 8 1 2 74 76 75 79 73 76 85 76 80 2
split_gain=34.1941 57.7878 53.6227 74.728 98.272 116.645 112.057 78.5869 78.0518 72.6328 70.2739 62.1209 60.0616 144.578 58.5554 75.8259 72.1712 59.7162 57.7805 53.8859 53.4837 95.0903 76.8253 78.5163 83.2924 74.4349 69.6824 100.431 161.082 89.5423
threshold=1.0500000119209292 1099.0000000000002 -0.84999999403953541 1.6500000357627871 1.0500000119209292 0 136.97330474853518 349.50000000000006 6.0499999523162851 -0.15000000223517415 3.8500000238418584 1.0500000119209292 145.12500000000003 1 -3.6499999761581416 2 -1.6500000357627866 -1.9499999880790708 -1.8499999642372129 -6.6499998569488517 15.500000000000002 3 4 0.35000000894069677 131.27080535888675 5 1.8499999642372134 6 25.150000572204593 -12.849999904632567
decision_type=10 2 8 8 8 1 2 2 10 8 2 10 2 1 8 1 8 10 10 10 2 1 1 10 2 1 10 1 8 8
left_child=20 2 14 -4 5 6 -5 8 10 -6 18 -10 -11 -14 15 -2 -16 -17 -8 -7 21 22 25 24 -24 -1 27 28 -22 -30
right_child=1 -3 3 4 9 19 7 -9 11 12 -12 -13 13 -15 16 17 -18 -19 -20 -21 26 -23 23 -25 -26 -27 -28 -29 29 -31
leaf_value=-0.014233207638778162 -0.010133856428666968 -0.010881550361165577 -0.0025170386321878365 -0.0017452003441980866 -0.015452223894000985 0.074406006255187104 0.056007559549644287 0.004904645590753611 0.27223415076732638 -0.00025930276595315761 -0.023377342618738743 0.076132722701766492 -0.016709240440047273 0.0043421324956773111 0.0059322673248939223 0.0013279614294725668 0.00093930374657308607 -0.0070962402505184707 0.024454936337261413 0.00083032878974648107 -0.00047529080314576448 0.00020412554156256496 -0.0016271910208374386 0.0018549445448943149 0.0077297853094173089 0.00054240989838067236 -0.0010481302106814334 -3.9760557733421762e-05 0.040006182409921501 0.0042523300633624068
leaf_weight=4708 7990 5129 155437 3058 3171 100 684 2073 20 1922527 269 84 7095 6030 42651 59933 90120 9789 3831 21738 128112 413751 11435 112615 56611 12298 484031 1294757 704 139249
leaf_count=4708 7990 5129 155437 3058 3171 100 684 2073 20 1922527 269 84 7095 6030 42651 59933 90120 9789 3831 21738 128112 413751 11435 112615 56611 12298 484031 1294757 704 139249
internal_value=-2.53735e-09 -0.000278629 -0.000255354 -0.000406083 -0.000239582 0.00526943 0.0141966 0.0212203 0.0281398 -0.000330101 0.0262767 0.113845 -0.000305328 -0.00704706 0.00126718 -0.000912951 0.00254323 0.000145179 0.029235 0.00116671 0.000245445 0.00106615 0.00287035 0.00347526 0.00615736 -0.00355408 2.92368e-07 0.000325006 0.00208675 0.00443218
internal_weight=5e+06 2.34173e+06 2.3366e+06 2.12612e+06 1.97068e+06 31857 10019 6961 4888 1.93882e+06 4784 104 1.93565e+06 13125 210483 77712 132771 69722 4515 21838 2.65827e+06 611418 197667 180661 68046 17006 2.04685e+06 1.56282e+06 268065 139953
internal_count=5000000 2341729 2336600 2126117 1970680 31857 10019 6961 4888 1938823 4784 104 1935652 13125 210483 77712 132771 69722 4515 21838 2658271 611418 197667 180661 68046 17006 2046853 1562822 268065 139953
cat_boundaries=0 1 2 3 4 5 6 7
cat_threshold=18880 131008 7168 1016256 2 192 32256
is_linear=0
shrinkage=0.1


end of trees

feature_importances:
Column_76=1490
Column_0=848
Column_1=587
Column_2=373
Column_75=370
Column_48=345
Column_80=333
Column_83=321
Column_77=320
Column_86=315
Column_74=287
Column_89=285
Column_73=282
Column_72=276
Column_21=199
Column_20=172
Column_3=171
Column_23=119
Column_4=98
Column_24=79
Column_22=76
Column_5=70
Column_88=66
Column_85=65
Column_49=63
Column_87=58
Column_6=56
Column_91=54
Column_79=53
Column_25=51
Column_82=51
Column_50=49
Column_90=48
Column_14=47
Column_13=46
Column_81=42
Column_78=41
Column_12=40
Column_84=40
Column_7=39
Column_19=38
Column_9=35
Column_52=35
Column_51=34
Column_10=33
Column_11=32
Column_15=32
Column_18=32
Column_17=25
Column_8=24
Column_26=24
Column_53=22
Column_54=21
Column_27=19
Column_16=18
Column_71=18
Column_28=16
Column_69=16
Column_70=16
Column_56=15
Column_58=14
Column_55=11
Column_60=11
Column_29=10
Column_61=10
Column_57=9
Column_68=9
Column_30=8
Column_44=7
Column_67=7
Column_31=6
Column_33=6
Column_45=6
Column_47=6
Column_63=6
Column_65=6
Column_46=5
Column_64=5
Column_66=5
Column_35=4
Column_62=4
Column_59=3
Column_32=2
Column_34=2
Column_36=2
Column_39=2
Column_41=2
Column_37=1
Column_40=1

parameters:
[boosting: gbdt]
[objective: regression]
[metric: l2]
[tree_learner: serial]
[device_type: cpu]
[data_sample_strategy: bagging]
[data: ]
[valid: ]
[num_iterations: 300]
[learning_rate: 0.1]
[num_leaves: 31]
[num_threads: 0]
[seed: 0]
[deterministic: 0]
[force_col_wise: 0]
[force_row_wise: 0]
[histogram_pool_size: -1]
[max_depth: -1]
[min_data_in_leaf: 20]
[min_sum_hessian_in_leaf: 0.001]
[bagging_fraction: 1]
[pos_bagging_fraction: 1]
[neg_bagging_fraction: 1]
[bagging_freq: 0]
[bagging_seed: 3]
[bagging_by_query: 0]
[feature_fraction: 1]
[feature_fraction_bynode: 1]
[feature_fraction_seed: 2]
[extra_trees: 0]
[extra_seed: 6]
[early_stopping_round: 0]
[early_stopping_min_delta: 0]
[first_metric_only: 0]
[max_delta_step: 0]
[lambda_l1: 0]
[lambda_l2: 0]
[linear_lambda: 0]
[min_gain_to_split: 0]
[drop_rate: 0.1]
[max_drop: 50]
[skip_drop: 0.5]
[xgboost_dart_mode: 0]
[uniform_drop: 0]
[drop_seed: 4]
[top_rate: 0.2]
[other_rate: 0.1]
[min_data_per_group: 100]
[max_cat_threshold: 32]
[cat_l2: 10]
[cat_smooth: 10]
[max_cat_to_onehot: 4]
[top_k: 20]
[monotone_constraints: ]
[monotone_constraints_method: basic]
[monotone_penalty: 0]
[feature_contri: ]
[forcedsplits_filename: ]
[refit_decay_rate: 0.9]
[cegb_tradeoff: 1]
[cegb_penalty_split: 0]
[cegb_penalty_feature_lazy: ]
[cegb_penalty_feature_coupled: ]
[path_smooth: 0]
[interaction_constraints: ]
[verbosity: -1]
[saved_feature_importance_type: 0]
[use_quantized_grad: 0]
[num_grad_quant_bins: 4]
[quant_train_renew_leaf: 0]
[stochastic_rounding: 1]
[linear_tree: 0]
[max_bin: 255]
[max_bin_by_feature: ]
[min_data_in_bin: 3]
[bin_construct_sample_cnt: 200000]
[data_random_seed: 1]
[is_enable_sparse: 1]
[enable_bundle: 1]
[use_missing: 1]
[zero_as_missing: 0]
[feature_pre_filter: 1]
[pre_partition: 0]
[two_round: 0]
[header: 0]
[label_column: ]
[weight_column: ]
[group_column: ]
[ignore_column: ]
[categorical_feature: 75,76]
[forcedbins_filename: ]
[precise_float_parser: 0]
[parser_config_file: ]
[objective_seed: 5]
[num_class: 1]
[is_unbalance: 0]
[scale_pos_weight: 1]
[sigmoid: 1]
[boost_from_average: 1]
[reg_sqrt: 0]
[alpha: 0.9]
[fair_c: 1]
[poisson_max_delta_step: 0.7]
[tweedie_variance_power: 1.5]
[lambdarank_truncation_level: 30]
[lambdarank_norm: 1]
[label_gain: ]
[lambdarank_position_bias_regularization: 0]
[eval_at: ]
[multi_error_top_k: 1]
[auc_mu_weights: ]
[num_machines: 1]
[local_listen_port: 12400]
[time_out: 120]
[machine_list_filename: ]
[machines: ]
[gpu_platform_id: -1]
[gpu_device_id: -1]
[gpu_device_id_list: ]
[gpu_use_dp: 0]
[num_gpu: 1]

end of parameters

pandas_categorical:null
