tree
version=v4
num_class=1
num_tree_per_iteration=1
label_index=0
max_feature_idx=91
objective=regression
feature_names=Column_0 Column_1 Column_2 Column_3 Column_4 Column_5 Column_6 Column_7 Column_8 Column_9 Column_10 Column_11 Column_12 Column_13 Column_14 Column_15 Column_16 Column_17 Column_18 Column_19 Column_20 Column_21 Column_22 Column_23 Column_24 Column_25 Column_26 Column_27 Column_28 Column_29 Column_30 Column_31 Column_32 Column_33 Column_34 Column_35 Column_36 Column_37 Column_38 Column_39 Column_40 Column_41 Column_42 Column_43 Column_44 Column_45 Column_46 Column_47 Column_48 Column_49 Column_50 Column_51 Column_52 Column_53 Column_54 Column_55 Column_56 Column_57 Column_58 Column_59 Column_60 Column_61 Column_62 Column_63 Column_64 Column_65 Column_66 Column_67 Column_68 Column_69 Column_70 Column_71 Column_72 Column_73 Column_74 Column_75 Column_76 Column_77 Column_78 Column_79 Column_80 Column_81 Column_82 Column_83 Column_84 Column_85 Column_86 Column_87 Column_88 Column_89 Column_90 Column_91
feature_infos=[-29.600000381469727:38.5] [-30.299999237060547:39.599998474121094] [-31.799999237060547:38.299999237060547] [-30.600000381469727:38] [-28.399999618530273:39.099998474121094] [-28.399999618530273:39] [-29.100000381469727:39.200000762939453] [-29.600000381469727:39.400001525878906] [-28.700000762939453:39.400001525878906] [-29.299999237060547:39.799999237060547] [-28.200000762939453:38.799999237060547] [-28.100000381469727:38.299999237060547] [-29.700000762939453:38.799999237060547] [-29.700000762939453:38.700000762939453] [-30.200000762939453:39.200000762939453] [-29.399999618530273:39.299999237060547] [-30.799999237060547:38.299999237060547] [-29.899999618530273:38.599998474121094] [-29.700000762939453:38.099998474121094] [-27.700000762939453:39.400001525878906] [-28:39.299999237060547] [-28:38.099998474121094] [-27.399999618530273:39] [-26.799999237060547:39.200000762939453] [0:148] [0:92.5] [0:123.5] [0:84] [0:65] [0:76.5] [0:68.5] [0:73.5] [0:88] [0:67] [0:80] [0:89] [0:71.5] [0:68.5] [0:84] [0:66.5] [0:56] [0:67.5] [0:93.5] [0:67] [0:63] [0:67.5] [0:73.5] [0:79] [0:29.299999237060547] [0:28.299999237060547] [0:30.299999237060547] [0:32.700000762939453] [0:31.600000381469727] [0:31.700000762939453] [0:32.5] [0:28.600000381469727] [0:28.399999618530273] [0:28.700000762939453] [0:28.200000762939453] [0:29.200000762939453] [0:30.799999237060547] [0:28.100000381469727] [0:27] [0:27.799999237060547] [0:32] [0:31.100000381469727] [0:32.599998474121094] [0:32.400001525878906] [0:29.899999618530273] [0:29.799999237060547] [0:29.299999237060547] [0:29.899999618530273] [24.055000305175781:45.520000457763672] [122.97830200195312:145.75830078125] [-3:1350] -1:7:12:8:1:3:5:10:11:6:9:4:2 -1:20:17:4:1:14:10:16:3:2:7:9:18:21:8:19:13:12:5:22:23:6:0:11:15 [-27.399999618530273:37.599998474121094] [0:98.5] [0:23.600000381469727] [-28.799999237060547:39] [0:72] [0:22.5] [-26.100000381469727:38.599998474121094] [0:78.5] [0:22.200000762939453] [-27.899999618530273:38.900001525878906] [0:62.5] [0:22.399999618530273] [-25.5:38] [0:55.5] [0:34.5]
tree_sizes=3010 3116 3089 3156 3137 3118 3098 3116 3126 3133 3103 3125 3123 3112 3115 3099 3109 3122 3117 3135 3091 3112 3106 3136 3130 3143 3179 3174 3163 3163 3162 3209 3201 3189 3191 3199 3184 3213 3205 3244 3222 3205 3205 3261 3206 3213 3239 3186 3221 3172 3241 3229 3231 3180 3233 3242 3209 3188 3173 3206 3207 3187 3277 3209 3177 3194 3154 3164 3280 3182 3238 3317 3197 3180 3260 3180 3179 3245 3173 3164 3168 3176 3178 3220 3174 3187 3216 3237 3190 3143 3258 3313 3212 3260 3170 3209 3189 3238 3223 3193 3345 3169 3180 3198 3186 3176 3158 3171 3152 3200 3186 3199 3171 3175 3214 3204 3325 3156 3203 3177 3238 3179 3146 3184 3197 3210 3255 3207 3177 3242 3197 3179 3219 3190 3202 3163 3172 3202 3242 3192 3154 3161 3209 3214 3192 3181 3190 3180 3207 3244 3154 3235 3239 3152 3220 3246 3138 3141 3200 3186 3153 3196 3189 3226 3163 3314 3188 3108 3240 3224 3150 3137 3166 3201 3184 3207 3168 3239 3166 3140 3127 3277 3189 3263 3128 3192 3164 3182 3193 3175 3167 3126 3141 3218 3214 3208 3061 3181 3239 3184 3130 3216 3121 3193 3247 3074 3095 3149 3208 3192 3201 3198 3150 3107 3067 3042 3128 3193 3158 3222 3169 3057 3277 3080 3163 3189 3153 3118 3199 3197 3144 3227 3189 3125 3210 3071 3246 3163 3127 3229 3081 3153 3126 3272 3037 2965 3082 3150 3177 3174 3130 3129 3130 2989 3067 3135 3067 3225 3268 3132 3173 3062 3152 3183 3114 3106 3043 3033 3164 3152 3124 3190 3139 3072 3199 3080 2966 3147 3155 3070 3055 3130 3128 3106 3186 3183 3077 3087 3025 3024 3079 3026 3285 3157 3150 3080 3149 3097 3142 3151

Tree=0
num_leaves=31
num_cat=8
split_feature=0 0 0 0 0 0 0 0 0 0 0 0 0 0 0 11 75 75 75 72 75 10 75 0 75 75 0 75 0 0
split_gain=3.23037e+08 4.46293e+07 4.19958e+07 7.98043e+06 6.81712e+06 6.568e+06 5.70292e+06 1.33287e+06 1.19278e+06 1.11178e+06 1.06498e+06 878988 813476 762682 699575 299905 232990 232199 216651 215848 208555 207017 203435 183448 178083 177676 172143 168731 161113 156370
threshold=12.84999990463257 3.2500000000000004 21.050000190734867 -3.0499999523162837 26.050000190734867 8.2500000000000018 17.050000190734867 0.45000000298023229 29.349999427795414 -7.5499999523162833 23.44999980926514 5.6499998569488534 10.650000095367433 15.050000190734865 18.94999980926514 4.4500000476837167 0 1 2 42.466650009155281 3 7.4500000476837167 4 -12.849999904632567 5 6 31.750000000000004 7 27.750000000000004 -1.2499999999999998
decision_type=2 2 2 2 2 2 2 2 2 2 2 2 2 2 2 10 1 1 1 2 1 10 1 2 1 1 2 1 2 2
left_child=1 3 6 9 10 11 13 15 28 23 25 -3 16 18 24 29 -7 -14 -2 -11 -13 -9 -15 -1 -8 -4 -10 -16 -6 -5
right_child=2 5 4 7 8 12 14 21 26 19 -12 20 17 22 27 -17 -18 -19 -20 -21 -22 -23 -24 -25 -26 -27 -28 -29 -30 -31
leaf_value=10.727465519465913 13.079097039453604 12.310106058525937 14.064289575039879 11.666966525913558 14.443174246380485 12.695906678228097 13.662513184955326 12.035155440512746 14.770229040172534 11.549662482203958 14.252427869093424 12.488337850565582 12.888199677732292 13.490467832816119 13.859861911004108 11.977266840002871 12.860753860265978 13.057266482733924 13.251496121661033 11.330244774255059 12.653668985282678 12.226090481294301 13.333736841421066 11.072315736591944 13.512044987266872 13.919267091270541 14.997505036480245 13.72383190658271 14.591351356429564 11.819080500727742
leaf_weight=20643 105473 319884 307306 125102 186526 208945 201646 286130 103475 81961 393238 264839 146511 163778 219003 73112 145687 182394 235952 98973 107689 70845 167754 61038 129457 117918 49158 157622 120966 146975
leaf_count=20643 105473 319884 307306 125102 186526 208945 201646 286130 103475 81961 393238 264839 146511 163778 219003 73112 145687 182394 235952 98973 107689 70845 167754 61038 129457 117918 49158 157622 120966 146975
internal_value=13.1399 12.2831 13.894 11.7617 14.3069 12.6488 13.5116 11.9376 14.6149 11.2914 14.1338 12.4317 12.8687 13.3031 13.7097 11.7975 12.7636 12.9819 13.1982 11.4296 12.5361 12.073 13.4112 10.9852 13.6037 14.0241 14.8434 13.803 14.5015 11.7491
internal_weight=5e+06 2.34073e+06 2.65927e+06 964779 1.27859e+06 1.37595e+06 1.38068e+06 702164 460125 262615 818462 692412 683537 672957 707728 345189 354632 328905 341425 180934 372528 356975 331532 81681 331103 425224 152633 376625 307492 272077
internal_count=5000000 2340728 2659272 964779 1278587 1375949 1380685 702164 460125 262615 818462 692412 683537 672957 707728 345189 354632 328905 341425 180934 372528 356975 331532 81681 331103 425224 152633 376625 307492 272077
cat_boundaries=0 1 2 3 4 5 6 7 8
cat_threshold=6158 6158 6158 6158 992 992 960 960
is_linear=0
shrinkage=1


Tree=1
num_leaves=31
num_cat=5
split_feature=0 0 0 0 0 0 0 0 0 0 0 0 0 0 0 12 0 23 72 23 23 75 23 23 75 75 75 23 0 75
split_gain=2.61726e+08 3.73462e+07 3.29249e+07 7.30212e+06 5.07082e+06 4.80564e+06 4.76315e+06 1.18025e+06 1.16298e+06 846239 829709 713639 708223 530919 504527 252472 200170 199670 184781 178559 178281 174088 172098 166973 164849 163404 161308 157897 131521 125867
threshold=13.050000190734865 3.8500000238418584 21.349999427795414 -2.4500000476837154 26.349999427795414 17.44999980926514 8.8499999046325701 -6.6499998569488517 1.0500000119209292 29.750000000000004 23.94999980926514 15.34999990463257 6.4500000476837167 19.650000572204593 11.050000190734865 5.8500001430511483 -10.15000009536743 10.84999990463257 42.100000381469734 16.150000572204593 13.949999809265138 0 1.0500000119209292 21.750000000000004 1 2 3 -2.1499999761581416 28.150000572204593 4
decision_type=2 2 2 2 2 2 2 2 2 2 2 2 2 2 2 10 2 8 2 8 8 1 10 10 1 1 1 10 2 1
left_child=1 3 5 7 10 11 12 16 15 28 23 17 25 19 21 27 -1 -2 -9 -7 -13 -8 -10 -4 -16 -3 -14 -5 -6 -20
right_child=2 6 4 8 9 13 14 18 22 -11 -12 20 26 -15 24 -17 -18 -19 29 -21 -22 -23 -24 -25 -26 -27 -28 -29 -30 -31
leaf_value=-2.0666273927860548 -0.087891098058770517 -0.724720025647831 0.75355280180579376 -1.3257260182234791 1.2006643147569831 0.33482237663768327 -0.36034200462121263 -1.3796304192802282 -1.0148106965649373 1.5588030095896956 1.0348528853429186 0.14190687077598194 -0.53431195235536222 0.6423952231342942 -0.20198472895530567 -0.98914103982050383 -1.7825346731699583 0.10922046815925973 -1.6341123308058418 0.50134943875100146 0.31342930246347467 -0.21297636116713914 -0.86399901254619338 0.87785795466584371 -0.051961562930244246 -0.56050994792423159 -0.38820401612603739 -1.1594154782178403 1.3394217051647466 -1.3751667126540477
leaf_weight=40973 62107 275862 176856 75461 184076 81626 182628 96348 108767 129951 346887 77809 237441 306618 127523 69595 62839 297855 79818 304917 273971 143119 248640 277799 172114 78225 111303 234449 108617 25806
leaf_count=40973 62107 275862 176856 75461 184076 81626 182628 96348 108767 129951 346887 77809 237441 306618 127523 69595 62839 297855 79818 304917 273971 143119 248640 277799 172114 78225 111303 234449 108617 25806
internal_value=4.55195e-07 -0.761873 0.687058 -1.20981 1.06616 0.356719 -0.410224 -1.62063 -1.03935 1.34644 0.918374 0.1742 -0.588856 0.544131 -0.209469 -1.16126 -1.89466 0.0752113 -1.47978 0.466184 0.275491 -0.295614 -0.909894 0.829505 -0.115819 -0.688479 -0.487707 -1.19991 1.25216 -1.57113
internal_weight=5e+06 2.37091e+06 2.62909e+06 1.0427e+06 1.22419e+06 1.4049e+06 1.32822e+06 305784 736912 422644 801542 711742 702831 693161 625384 379505 103812 359962 201972 386543 351780 325747 357407 454655 299637 354087 348744 309910 292693 105624
internal_count=5000000 2370911 2629089 1042696 1224186 1404903 1328215 305784 736912 422644 801542 711742 702831 693161 625384 379505 103812 359962 201972 386543 351780 325747 357407 454655 299637 354087 348744 309910 292693 105624
cat_boundaries=0 1 2 3 4 5
cat_threshold=6158 6158 6158 6158 4102
is_linear=0
shrinkage=0.1


Tree=2
num_leaves=31
num_cat=6
split_feature=0 0 0 0 0 0 0 0 0 0 0 0 0 0 0 12 11 75 0 23 23 72 23 75 23 75 75 23 75 75
split_gain=2.12089e+08 2.95084e+07 2.75912e+07 5.06286e+06 4.85849e+06 4.25829e+06 3.74443e+06 1.00097e+06 833318 681362 616809 596468 512077 492793 464331 193861 182417 175195 174991 174655 153771 151837 151070 148424 147103 142580 141293 136245 133178 126032
threshold=12.449999809265138 20.650000572204593 2.8500000238418584 25.44999980926514 -3.4500000476837154 7.6499998569488534 16.550000190734867 28.94999980926514 -0.15000000223517415 22.849999427795414 -8.6500000953674299 10.050000190734865 5.0499999523162851 18.44999980926514 14.34999990463257 3.8500000238418584 7.4500000476837167 0 31.150000572204593 7.0499999523162851 3.4500000476837163 42.466650009155281 5.6499998569488534 1 26.250000000000004 2 3 0.45000000298023229 4 5
decision_type=2 2 2 2 2 2 2 2 2 2 2 2 2 2 2 10 10 1 2 8 8 2 8 1 10 1 1 8 1 1
left_child=2 6 4 9 10 12 14 24 15 29 -1 22 -4 26 25 -6 27 -16 -9 -13 -14 -12 -7 -15 -5 -2 -8 -10 -11 -3
right_child=1 3 5 7 8 11 13 18 16 28 21 19 20 23 17 -17 -18 -19 -20 -21 -22 -23 -24 -25 -26 -27 -28 -29 -30 -31
leaf_value=-1.7997874137199046 0.098405908593839936 0.71312655923236956 -0.71034541830622311 1.0023526970436751 -1.1714518119017086 -0.48365440617322586 0.39153410768841423 1.281174973042341 -1.0228790640853089 0.8868436612099736 -1.3200460832913259 -0.34634493136410527 -0.66067026123031081 0.54171311461252225 0.24711458798048389 -0.97870101015418687 -0.75749588486982566 0.1065995955239832 1.485156799891834 -0.13933286959496072 -0.49965444601748382 -1.5084926066607034 -0.31773156205282399 0.40734437306654203 1.129970327627742 -0.0492810023992898 0.25841604176190985 -0.8855640693819109 0.74280178167392474 0.58975293306169296
leaf_weight=61029 99153 273823 288908 171063 225415 67923 189482 109742 113696 336042 72610 46904 74412 275547 164269 67896 70493 193077 68188 310918 292273 103992 285630 117715 191368 191808 138028 198257 80423 119916
leaf_count=61029 99153 273823 288908 171063 225415 67923 189482 109742 113696 336042 72610 46904 74412 275547 164269 67896 70493 193077 68188 310918 292273 103992 285630 117715 191368 191808 138028 198257 80423 119916
internal_value=-7.95423e-07 0.596374 -0.711261 0.928019 -1.1368 -0.426925 0.269214 1.1651 -1.00003 0.7699 -1.52572 -0.257489 -0.610778 0.426059 0.0948377 -1.12683 -0.90278 0.171203 1.35935 -0.166468 -0.53233 -1.43101 -0.349608 0.501517 1.06974 0.00104908 0.335452 -0.935611 0.859067 0.675585
internal_weight=5e+06 2.71964e+06 2.28036e+06 1.35056e+06 913388 1.36697e+06 1.36908e+06 540361 675757 810204 237631 711375 655593 720772 648307 293311 382446 357346 177930 357822 366685 176602 353553 393262 362431 290961 327510 311953 416465 393739
internal_count=5000000 2719644 2280356 1350565 913388 1366968 1369079 540361 675757 810204 237631 711375 655593 720772 648307 293311 382446 357346 177930 357822 366685 176602 353553 393262 362431 290961 327510 311953 416465 393739
cat_boundaries=0 1 2 3 4 5 6
cat_threshold=992 992 992 992 960 960
is_linear=0
shrinkage=0.1


Tree=3
num_leaves=31
num_cat=2
split_feature=0 0 0 0 0 0 0 0 0 0 0 0 0 23 0 0 10 23 75 23 11 0 12 23 23 23 23 75 23 23
split_gain=1.71851e+08 2.5721e+07 2.05927e+07 5.03846e+06 3.26686e+06 3.14144e+06 3.07914e+06 908836 756646 562551 476146 470829 468720 366170 359320 191063 173588 165152 152402 149851 144275 134144 131328 130260 126349 120893 115219 115210 114343 107528
threshold=13.34999990463257 4.0499999523162851 21.650000572204593 -2.1499999761581416 9.0500001907348651 17.750000000000004 26.750000000000004 -5.8500001430511466 1.2500000000000002 24.349999427795414 15.750000000000002 6.8500001430511483 30.150000572204593 18.750000000000004 11.449999809265138 -12.849999904632567 5.4500000476837167 12.050000190734865 0 1.8499999642372134 10.449999809265138 19.94999980926514 2.2500000000000004 12.650000095367433 22.349999427795414 8.4499998092651385 -0.65000000596046437 1 -0.65000000596046437 14.150000095367433
decision_type=2 2 2 2 2 2 2 2 2 2 2 2 2 8 2 2 10 8 1 8 10 2 10 8 10 8 8 1 10 8
left_child=1 3 5 7 11 10 9 15 16 24 17 19 -8 29 18 -1 28 -2 -6 -3 26 -15 -9 -12 -4 -16 -10 -13 -5 -7
right_child=2 4 6 8 14 13 12 22 20 -11 23 27 -14 21 25 -17 -18 -19 -20 -21 -22 -23 -24 -25 -26 -27 -28 -29 -30 -31
leaf_value=-1.7845253954842151 -0.032401053298899501 -0.69043556222087743 0.6356654533189795 -1.032145415230856 -0.27963464509246422 0.19800192973529512 1.0414045209428435 -1.2028775522650506 -0.90139397760326723 0.86580074450080391 0.069327303723860839 -0.4169396277189395 1.2869773674939813 0.45632126624929703 -0.22861060497898555 -1.4523242547298461 -0.78295582555052989 0.12304489987128429 -0.14821348312931976 -0.51295467409056172 -0.547637189138796 0.56917864646075578 -0.9923168763780762 0.27075141243160883 0.74075509883947455 -0.042369808703759296 -0.72261922540784562 -0.28976102788264491 -0.90825928860480531 0.39337459465910146
leaf_weight=20643 89508 55613 202643 123630 192481 31989 265931 165746 41482 329239 35907 214734 109821 189057 40622 107329 69763 289115 163104 329049 41453 237786 36067 303308 262747 245457 275339 106962 187478 235997
leaf_count=20643 89508 55613 202643 123630 192481 31989 265931 165746 41482 329239 35907 214734 109821 189057 40622 107329 69763 289115 163104 329049 41453 237786 36067 303308 262747 245457 275339 106962 187478 235997
internal_value=2.73219e-07 -0.606071 0.5671 -0.97241 -0.315578 0.310099 0.877303 -1.29744 -0.827391 0.765766 0.163386 -0.463952 1.11318 0.461671 -0.152244 -1.50591 -0.925521 0.0862969 -0.219365 -0.538614 -0.723073 0.519192 -1.16525 0.24943 0.694996 -0.0688152 -0.746027 -0.374675 -0.95749 0.370053
internal_weight=5e+06 2.41695e+06 2.58305e+06 1.06893e+06 1.34802e+06 1.41267e+06 1.17038e+06 329785 739145 794629 717838 706358 375752 694829 641664 127972 380871 378623 355585 384662 358274 426843 201813 339215 465390 286079 316821 321696 311108 267986
internal_count=5000000 2416952 2583048 1068930 1348022 1412667 1170381 329785 739145 794629 717838 706358 375752 694829 641664 127972 380871 378623 355585 384662 358274 426843 201813 339215 465390 286079 316821 321696 311108 267986
cat_boundaries=0 1 2
cat_threshold=6158 6158
is_linear=0
shrinkage=0.1


Tree=4
num_leaves=31
num_cat=3
split_feature=0 0 0 0 0 0 0 0 0 0 0 23 0 0 23 9 75 0 13 0 23 0 23 23 75 75 11 23 11 73
split_gain=1.39238e+08 1.87767e+07 1.87283e+07 3.36579e+06 3.16843e+06 2.82918e+06 2.46498e+06 700095 623257 445433 403890 375811 348549 343919 313318 159975 141012 138355 136957 136543 128695 128639 123691 122764 119575 118529 115381 113931 107867 98389.3
threshold=12.650000095367433 20.849999427795414 3.0499999523162846 -3.8500000238418575 25.650000572204593 7.8500001430511483 16.650000572204593 -0.45000000298023218 28.750000000000004 22.94999980926514 10.250000000000002 17.750000000000004 -8.6500000953674299 5.2500000000000009 13.550000190734865 6.8500001430511483 0 19.150000572204593 4.6499998569488534 32.049999237060554 7.6499998569488534 14.650000095367433 1.6500000357627871 4.2500000000000009 1 2 20.650000572204593 23.44999980926514 11.449999809265138 141.60919952392581
decision_type=2 2 2 2 2 2 2 2 2 2 2 10 2 2 8 10 1 2 10 2 10 2 10 8 1 1 8 10 10 2
left_child=2 6 3 12 9 13 14 18 26 -3 23 24 -1 28 20 22 -12 -13 -5 -10 -2 -16 -9 -7 -8 -15 -6 -11 -4 -14
right_child=1 4 5 7 8 10 11 15 19 27 16 17 29 25 21 -17 -18 -19 -20 -21 -22 -23 -24 -25 -26 -27 -28 -29 -30 -31
leaf_value=-1.4633395921877972 -0.22874793271934346 0.5557712419938361 -0.58815905398924773 -0.96690293024717899 0.74571977037254722 -0.44914667885120912 0.32365156407527573 -0.81530050664828169 1.0519118225717017 0.64379073671753051 -0.18802160972763352 0.35279591859385406 -1.0975695365227203 -0.48677212324126917 0.069035311834742361 -0.60439529714731166 -0.062266578187979899 0.46298902361003197 -0.7875009623576088 1.257349234002443 0.020365066999219632 0.18672213865972515 -0.69826051301210623 -0.25184871924067237 0.19296461372103152 -0.3714423293179217 0.89755345639636264 0.74862030921271083 -0.4072648295240664 -1.2577447588148161
leaf_weight=61029 22898 375572 252208 229359 62071 35001 153760 192049 150769 177326 166706 216446 73754 152017 151018 80454 191770 240600 52246 41192 219857 241255 170425 318707 128802 216872 258413 249616 37920 79888
leaf_count=61029 22898 375572 252208 229359 62071 35001 153760 192049 150769 177326 166706 216446 73754 152017 151018 80454 191770 240600 52246 41192 219857 241255 170425 318707 128802 216872 258413 249616 37920 79888
internal_value=1.9897e-08 0.489096 -0.569367 -0.913381 0.759245 -0.333735 0.230674 -0.810338 0.953498 0.635205 -0.195559 0.354756 -1.26116 -0.483058 0.086158 -0.731958 -0.120755 0.410804 -0.933619 1.096 -0.00313265 0.141415 -0.760272 -0.271372 0.264098 -0.418992 0.868146 0.70508 -0.564516 -1.18085
internal_weight=5e+06 2.6896e+06 2.3104e+06 939204 1.31496e+06 1.3712e+06 1.37464e+06 724533 512445 802514 712184 739608 214671 659017 635028 442928 358476 457046 281605 191961 242755 392273 362474 353708 282562 368889 320484 426942 290128 153642
internal_count=5000000 2689595 2310405 939204 1314959 1371201 1374636 724533 512445 802514 712184 739608 214671 659017 635028 442928 358476 457046 281605 191961 242755 392273 362474 353708 282562 368889 320484 426942 290128 153642
cat_boundaries=0 1 2 3
cat_threshold=6158 992 4102
is_linear=0
shrinkage=0.1


Tree=5
num_leaves=31
num_cat=6
split_feature=0 0 0 0 0 0 0 0 0 0 23 23 0 23 23 0 75 73 0 13 75 75 75 72 23 75 72 13 23 75
split_gain=1.1285e+08 1.69033e+07 1.35652e+07 3.47336e+06 2.22712e+06 2.027e+06 1.93506e+06 680835 498020 372938 362184 313961 272821 257614 243043 169852 144619 142454 134294 133234 120645 113585 112923 111646 102863 97852.2 96526.7 93060.8 90113.6 89088.7
threshold=13.34999990463257 4.2500000000000009 21.849999427795414 -1.8499999642372129 17.94999980926514 9.2500000000000018 27.050000190734867 -5.8500001430511466 1.6500000357627871 24.550000190734867 14.84999990463257 4.6499998569488534 30.550000190734867 9.0500001907348651 19.250000000000004 7.0499999523162851 0 141.81670379638675 16.050000190734867 7.2500000000000009 1 2 3 42.466650009155281 -3.4500000476837154 4 38.602500915527351 19.750000000000004 3.8500000238418584 5
decision_type=2 2 2 2 2 2 2 2 2 2 10 8 2 8 10 2 1 2 2 10 1 1 1 2 8 1 2 8 10 1
left_child=1 3 4 7 10 11 9 17 19 22 16 -3 -8 28 29 -13 -2 -1 -12 24 -15 26 -4 -9 -5 -25 -10 -11 -7 -6
right_child=2 5 6 8 14 13 12 23 21 27 18 15 -14 20 -16 -17 -18 -19 -20 -21 -22 -23 -24 25 -26 -27 -28 -29 -30 -31
leaf_value=-1.0800004268040342 -0.045244439846508187 -0.47183102500856394 0.60174026798438873 -0.91924104453440347 0.35839765205548607 -0.41934392358227246 0.86324723872647358 -0.87204594941404379 -0.56493257370064387 0.6028134824638699 0.13445404020408483 -0.38466830898077375 1.0649156609344772 0.0091512360826493718 0.43673389874674257 -0.26903248635796007 0.10139260838950798 -1.3008824887649855 0.24505762958261001 -0.59884149550137911 -0.10847373573796409 -0.46994066215456815 0.48414799400239467 -1.0769440216923452 -0.73869461195624453 -0.85873781905223545 -0.70638506333564322 0.73895250663149969 -0.19399558674222236 0.24430907988581102
leaf_weight=45074 98975 199522 353318 35162 190389 20048 251046 126291 180491 61712 199135 241518 91542 120161 398774 267950 209844 82898 244648 62862 317911 87912 107010 71420 307703 29699 65840 269430 154490 107225
leaf_count=45074 98975 199522 353318 35162 190389 20048 251046 126291 180491 61712 199135 241518 91542 120161 398774 267950 209844 82898 244648 62862 317911 87912 107010 71420 307703 29699 65840 269430 154490 107225
internal_value=-1.01412e-07 -0.491132 0.459551 -0.781619 0.256815 -0.250375 0.718589 -1.03857 -0.658212 0.632648 0.137558 -0.365495 0.917135 -0.117144 0.385698 -0.323851 0.054398 -1.22308 0.195427 -0.732673 -0.0762121 -0.567826 0.574428 -0.934743 -0.75721 -1.01305 -0.602716 0.713581 -0.21988 0.317314
internal_weight=5e+06 2.41695e+06 2.58305e+06 1.09535e+06 1.44899e+06 1.3216e+06 1.13406e+06 355382 739970 791470 752602 708990 342588 612610 696388 509468 308819 127972 443783 405727 438072 334243 460328 227410 342865 101119 246331 331142 174538 297614
internal_count=5000000 2416952 2583048 1095352 1448990 1321600 1134058 355382 739970 791470 752602 708990 342588 612610 696388 509468 308819 127972 443783 405727 438072 334243 460328 227410 342865 101119 246331 331142 174538 297614
cat_boundaries=0 1 2 3 4 5 6
cat_threshold=6158 992 4110 960 4102 994
is_linear=0
shrinkage=0.1


Tree=6
num_leaves=31
num_cat=8
split_feature=0 0 0 0 0 0 0 0 0 0 0 23 23 75 0 23 75 75 72 23 75 0 0 75 14 75 9 23 76 75
split_gain=9.15619e+07 1.32354e+07 1.15727e+07 2.39615e+06 1.98114e+06 1.91129e+06 1.52023e+06 518086 405904 303341 282895 251077 249494 238499 214814 151174 123257 115309 130029 112029 107354 104976 103159 95821.8 94886.1 87531.7 85659.4 84621.7 83533 78661.7
threshold=12.250000000000002 20.349999427795414 2.4500000476837163 25.150000572204593 -4.2499999999999991 7.2500000000000009 16.150000572204593 28.550000190734867 -0.84999999403953541 22.44999980926514 9.6500000953674334 16.650000572204593 3.0499999523162846 0 -10.15000009536743 9.8499999046325701 1 2 39.307500839233406 6.0499999523162851 3 32.649999618530281 18.650000572204593 4 4.4500000476837167 5 10.650000095367433 11.050000190734865 6 7
decision_type=2 2 2 2 2 2 2 2 2 2 2 8 10 1 2 8 1 1 2 8 1 2 2 1 10 1 10 10 1 1
left_child=2 6 4 9 14 12 13 20 24 -3 23 27 26 28 -1 -15 -14 18 -10 -12 -5 -9 -13 -7 -6 -11 -4 -8 -2 -21
right_child=1 3 5 7 8 10 11 21 17 25 19 22 16 15 -16 -17 -18 -19 -20 29 -22 -23 -24 -25 -26 -27 -28 -29 -30 -31
leaf_value=-1.2455971106152068 0.23598337801779679 0.42586744568151219 -0.54001024419551558 0.71656636986408584 -0.80551685904214954 -0.10653326556421319 -0.037371121316751937 0.85578879648905104 -0.59990747908562836 0.57048302269056128 -0.28908749304634168 0.25373731824528761 -0.40916213339142182 -0.14916905725192109 -0.98777790725405523 0.024404009163829832 -0.28896867306057361 -0.50670204292715604 -0.73403532211665579 -0.019496823063950883 0.58993299103802976 1.064089835957968 0.34399422128440643 -0.2682928304725552 -0.64775438881747793 0.46048218141740549 -0.33777471928544939 0.19027289748662157 0.093181030637972104 -0.13316066131254906
leaf_weight=40973 52557 377807 168739 288226 212389 41574 17716 178677 225681 352298 37666 251730 343189 59723 152973 313965 113891 77171 106331 78608 88189 27983 254821 310158 46464 91807 23912 208627 185860 270295
leaf_count=40973 52557 377807 168739 288226 212389 41574 17716 178677 225681 352298 37666 251730 343189 59723 152973 313965 113891 77171 106331 78608 88189 27983 254821 310158 46464 91807 23912 208627 185860 270295
internal_value=-2.42802e-07 0.387079 -0.473092 0.601728 -0.760881 -0.294371 0.162857 0.756777 -0.679195 0.491733 -0.18429 0.260016 -0.419459 0.0465242 -1.04224 -0.00333643 -0.379229 -0.617196 -0.642844 -0.125244 0.686933 0.883994 0.299141 -0.249184 -0.777199 0.547766 -0.514909 0.172455 0.124669 -0.107557
internal_weight=5e+06 2.74999e+06 2.25001e+06 1.40499e+06 861982 1.38803e+06 1.345e+06 583075 668036 821912 738301 732894 649731 612105 193946 373688 457080 409183 332012 386569 376415 206660 506551 351732 258853 444105 192651 226343 238417 348903
internal_count=5000000 2749986 2250014 1404987 861982 1388032 1344999 583075 668036 821912 738301 732894 649731 612105 193946 373688 457080 409183 332012 386569 376415 206660 506551 351732 258853 444105 192651 226343 238417 348903
cat_boundaries=0 1 2 3 4 5 6 7 8
cat_threshold=992 6158 4110 896 992 960 523776 992
is_linear=0
shrinkage=0.1


Tree=7
num_leaves=31
num_cat=8
split_feature=0 0 0 0 0 0 0 0 0 23 75 23 75 75 0 23 75 76 72 72 75 11 73 29 8 76 23 76 8 12
split_gain=7.4216e+07 1.1497e+07 8.5944e+06 2.3683e+06 1.4572e+06 1.29617e+06 1.22095e+06 416505 394292 273017 263436 220478 192539 183856 168719 149226 121709 120792 119536 114620 108042 95256.8 91851.5 87760 85800.2 81729.3 72862.5 72493.2 78848.1 71606.1
threshold=13.550000190734865 4.4500000476837167 22.050000190734867 -2.1499999761581416 18.150000572204593 9.4499998092651385 27.250000000000004 -6.6499998569488517 0.84999999403953563 24.150000572204593 0 5.2500000000000009 1 2 30.750000000000004 11.84999990463257 3 4 36.851650238037116 39.460000991821296 5 1.0500000119209292 141.68669891357425 1.0000000180025095e-35 4.2500000000000009 6 15.250000000000002 7 16.750000000000004 21.050000190734867
decision_type=2 2 2 2 2 2 2 2 2 10 1 8 1 1 2 8 1 1 2 2 1 10 2 10 10 1 8 1 8 8
left_child=1 3 4 7 10 11 9 22 24 -4 17 23 18 25 29 -12 19 -2 -7 -10 -13 -9 -1 -3 -5 -6 -15 -14 -29 -8
right_child=2 5 6 8 13 12 14 21 16 -11 15 20 27 26 -16 -17 -18 -19 -20 -21 -22 -23 -24 -25 -26 -27 -28 28 -30 -31
leaf_value=-0.86645816065202552 0.30257566106524303 -0.34803697190694122 0.4630930873725822 -0.64305488820056556 0.44728863463164253 -0.11741664486422812 0.58190468585882849 -0.81164961037178684 -0.49118362762075379 0.58175703907992282 -0.06456803756627319 -0.31261517504301084 0.059382193417028988 0.12259681804797139 0.87484294497132997 0.094100853671896953 -0.41660480091283009 0.15504775242501043 -0.28563444663826937 -0.66953217121634756 -0.21334269529984509 -0.65249795157823698 -1.0776627727198422 -0.56957680743413752 -0.51162787877700022 0.34073061033975921 0.27904156835988037 -0.095646407223501775 0.021590308336647109 0.73300134843284548
leaf_weight=28313 68171 207977 400369 269091 93518 231313 37151 178314 219483 375952 72945 167958 64462 33728 83213 316263 199245 299263 51681 43113 316687 47659 75499 19563 60918 316865 253701 182554 83656 201375
leaf_count=28313 68171 207977 400369 269091 93518 231313 37151 178314 219483 375952 72945 167958 64462 33728 83213 316263 199245 299263 51681 43113 316687 47659 75499 19563 60918 316865 253701 182554 83656 201375
internal_value=-3.21574e-08 -0.393448 0.377259 -0.629091 0.217823 -0.194101 0.588443 -0.854255 -0.535316 0.520559 0.121699 -0.285882 -0.0875849 0.322051 0.75224 0.0643616 -0.475667 0.182426 -0.148132 -0.520445 -0.247757 -0.778084 -1.02006 -0.367084 -0.618794 0.365023 0.260675 -0.0357624 -0.0588028 0.709468
internal_weight=5e+06 2.44749e+06 2.55251e+06 1.12164e+06 1.45445e+06 1.32585e+06 1.09806e+06 329785 791850 776321 756642 712185 613666 697812 321739 389208 461841 367434 282994 262596 484645 225973 103812 227540 330009 410383 287429 330672 266210 238526
internal_count=5000000 2447486 2552514 1121635 1454454 1325851 1098060 329785 791850 776321 756642 712185 613666 697812 321739 389208 461841 367434 282994 262596 484645 225973 103812 227540 330009 410383 287429 330672 266210 238526
cat_boundaries=0 1 2 3 4 5 6 7 8
cat_threshold=992 6158 960 4102 261120 4102 261120 261120
is_linear=0
shrinkage=0.1


Tree=8
num_leaves=31
num_cat=8
split_feature=0 0 0 0 0 0 0 23 23 23 23 75 10 23 75 0 0 76 75 75 23 28 72 73 75 76 76 1 1 16
split_gain=6.02215e+07 9.02526e+06 7.38524e+06 1.68704e+06 1.26302e+06 1.25495e+06 1.00278e+06 377768 247857 233363 203489 181154 178599 158749 156631 150393 125519 117840 97968.5 97562.5 92486.7 88782.6 85654.2 82452.4 80232.1 79500.6 78878 75664.3 74265.9 72229.1
threshold=12.050000190734865 20.150000572204593 2.2500000000000004 25.050000190734867 -4.2499999999999991 7.0499999523162851 15.84999990463257 28.650000572204593 -2.7499999999999996 21.349999427795414 7.4500000476837167 0 12.449999809265138 1.2500000000000002 1 -12.849999904632567 -0.65000000596046437 2 3 4 12.650000095367433 1.0000000180025095e-35 36.37919998168946 141.52664947509768 5 6 7 22.750000000000004 30.44999980926514 11.84999990463257
decision_type=2 2 2 2 2 2 2 10 10 8 8 1 10 8 1 2 2 1 1 1 8 10 2 2 1 1 1 10 10 10
left_child=2 6 4 9 15 12 14 19 -6 -3 21 17 13 -4 22 -1 -10 -8 -12 -5 -13 -7 -2 -17 -25 -16 29 -11 -9 -15
right_child=1 3 5 7 8 10 11 28 16 27 18 20 -14 26 25 23 -18 -19 -20 -21 -22 -23 -24 24 -26 -27 -28 -29 -30 -31
leaf_value=-1.1017378337523389 -0.018354041105265492 0.32297533012484836 -0.48350141996550172 0.58628742595170036 -0.68334251926824874 -0.21805933335274338 0.32489472769689787 0.67920393455652528 -0.5899109417317302 0.3901811950732163 -0.20209752093233233 -0.02742431370928617 -0.19560337968742453 -0.41317578837885077 0.12789485428335595 -0.73104472364405404 -0.48793296998626695 0.20927780450529476 -0.099143175694796942 0.47164101480956283 0.15778715659768475 -0.44089120653541314 -0.19515614716816482 -0.90968992540109095 -0.66518741111966051 0.031645817554471094 -0.30253682698537104 0.4657365453346608 0.80848502199883354 -0.28143762765777547
leaf_weight=20643 150783 305838 96469 314803 122585 200488 119686 110691 190428 237265 120532 30065 68462 185827 122730 68659 329613 335785 396786 97934 261186 19631 33487 88479 16165 285361 241451 300304 74234 53630
leaf_count=20643 150783 305838 96469 314803 122585 200488 119686 110691 190428 237265 120532 30065 68462 185827 122730 68659 329613 335785 396786 97934 261186 19631 33487 88479 16165 285361 241451 300304 74234 53630
internal_value=4.39844e-08 0.310112 -0.388386 0.483794 -0.622929 -0.246539 0.123201 0.612326 -0.555428 0.392713 -0.157402 0.200276 -0.348319 -0.366427 0.0260415 -0.846591 -0.525275 0.239665 -0.123137 0.55911 0.138664 -0.237932 -0.0504812 -0.816199 -0.872071 0.0605943 -0.342942 0.432389 0.731101 -0.383655
internal_weight=5e+06 2.78015e+06 2.21985e+06 1.44107e+06 836572 1.38328e+06 1.33908e+06 597662 642626 843407 737437 746722 645839 577377 592361 193946 520041 455471 517318 412737 291251 220119 184270 173303 104644 408091 480908 537569 184925 239457
internal_count=5000000 2780152 2219848 1441069 836572 1383276 1339083 597662 642626 843407 737437 746722 645839 577377 592361 193946 520041 455471 517318 412737 291251 220119 184270 173303 104644 408091 480908 537569 184925 239457
cat_boundaries=0 1 2 3 4 5 6 7 8
cat_threshold=992 6158 523264 4102 896 4102 523776 14680575
is_linear=0
shrinkage=0.1


Tree=9
num_leaves=31
num_cat=7
split_feature=0 0 0 0 0 0 23 23 23 75 23 1 72 0 23 23 0 76 75 75 8 73 23 26 23 75 0 75 10 76
split_gain=4.88385e+07 8.03212e+06 5.25367e+06 1.62902e+06 911310 863683 824982 347770 240219 179997 168079 166904 152334 146036 139009 133010 117699 104913 98093.8 88472.2 83601.9 83557.9 82846.8 69877 68851.2 59512.2 59026 57017.1 56037 66941.9
threshold=13.949999809265138 4.6499998569488534 22.150000572204593 -1.6500000357627866 9.8499999046325701 18.349999427795414 26.650000572204593 -6.5499999523162833 0.84999999403953563 0 15.449999809265138 29.250000000000004 36.961700439453132 24.750000000000004 9.4499998092651385 20.150000572204593 -4.7499999999999991 1 2 3 6.8500001430511483 136.94915008544925 9.0500001907348651 1.0000000180025095e-35 -5.2499999999999991 4 -12.849999904632567 5 15.449999809265138 6
decision_type=2 2 2 2 2 2 10 10 10 1 10 10 2 2 8 10 2 1 1 1 10 2 8 10 8 1 2 1 10 1
left_child=1 3 5 7 9 10 13 26 20 12 22 -8 17 -4 23 -7 -9 -3 21 -19 24 -10 -2 -6 -5 -16 -1 -15 29 -11
right_child=2 4 6 8 14 15 11 16 18 28 -12 -13 -14 27 25 -17 -18 19 -20 -21 -22 -23 -24 -25 -26 -27 -28 -29 -30 -31
leaf_value=-1.0128476667647177 -0.12693260502920964 -0.16050914677584943 0.37682242143502209 -0.70835810167419544 -0.11501571452099218 0.22414290007238083 0.54861619480998003 -0.7126964442615682 -0.33898003815415484 -0.22530012236186689 0.15200867970265922 0.68710715108667353 -0.34463341017921745 0.48649621122793879 0.026320735173145884 0.31255782885177291 -0.5745095529442179 -0.19778042927770489 -0.27331854834005659 -0.32596477367863974 -0.34582085666351081 -0.43316561067213721 0.069652148062808311 -0.33925435751211613 -0.50041004087152563 -0.052475468427373453 -0.80555392447844809 0.36164681974877905 -0.051464000606013964 -0.10240712424850423
leaf_weight=16582 23181 161595 405189 17040 147985 346382 235638 92656 147261 104415 421957 137975 136920 258572 137936 334428 184113 99913 73179 117160 33330 261381 285044 15337 242713 314121 80043 42979 47851 77124
leaf_count=16582 23181 161595 405189 17040 147985 346382 235638 92656 147261 104415 421957 137975 136920 258572 137936 334428 184113 99913 73179 117160 33330 261381 285044 15337 242713 314121 80043 42979 47851 77124
internal_value=-4.62465e-08 -0.311453 0.313617 -0.506211 -0.147056 0.186549 0.479574 -0.677794 -0.423532 -0.221444 0.111003 0.599761 -0.254234 0.416037 -0.0570008 0.267574 -0.620771 -0.221553 -0.380107 -0.266977 -0.49492 -0.399214 0.0548674 -0.136073 -0.514052 -0.028433 -0.841128 0.46873 -0.147727 -0.173109
internal_weight=5e+06 2.50866e+06 2.49134e+06 1.1483e+06 1.36036e+06 1.41099e+06 1.08035e+06 373394 774904 744978 730182 373613 515588 706740 615379 680810 276769 378668 481821 217073 293083 408642 308225 163322 259753 452057 96625 301551 229390 181539
internal_count=5000000 2508655 2491345 1148298 1360357 1410992 1080353 373394 774904 744978 730182 373613 515588 706740 615379 680810 276769 378668 481821 217073 293083 408642 308225 163322 259753 452057 96625 301551 229390 181539
cat_boundaries=0 1 2 3 4 5 6 7
cat_threshold=6158 1047552 6158 2056 992 960 14680319
is_linear=0
shrinkage=0.1


Tree=10
num_leaves=31
num_cat=9
split_feature=0 0 0 23 0 0 0 1 0 23 23 75 8 75 14 75 73 76 23 23 5 75 76 32 48 72 27 75 76 75
split_gain=3.96036e+07 6.13659e+06 4.74371e+06 1.18016e+06 823463 794191 680792 233807 208480 175822 173021 141344 116982 114739 109983 98787.4 95623.5 94244.9 88888.1 87863.5 86818.9 76549.5 72646 95089.9 86715.8 71966.6 68441.7 66508.8 80262 63702.5
threshold=11.84999990463257 20.050000190734867 2.0499999523162846 25.44999980926514 6.2500000000000009 -4.7499999999999991 15.650000095367433 28.050000190734867 23.250000000000004 -3.4500000476837154 6.0499999523162851 0 10.250000000000002 1 7.6499998569488534 2 142.07500457763675 3 6.4500000476837167 -0.45000000298023218 4.4500000476837167 4 5 1.0000000180025095e-35 2.3500000238418584 36.436649322509773 1.0000000180025095e-35 6 7 8
decision_type=2 2 2 10 2 2 2 8 2 8 8 1 10 1 10 1 2 1 8 8 10 1 1 10 10 2 10 1 1 1
left_child=2 6 5 8 12 16 13 -5 21 -7 26 17 19 -2 20 -12 -1 -8 -15 -4 -11 -3 -17 24 -24 -13 -6 28 -18 -10
right_child=1 3 4 7 10 9 11 -9 29 14 15 25 -14 18 -16 22 27 -19 -20 -21 -22 -23 23 -25 -26 -27 -28 -29 -30 -31
leaf_value=-0.62250009187984223 0.072606455956830254 0.30807317843820869 -0.45831044162228052 0.45377818945812409 -0.20750111355704021 -0.57992183224019966 0.27742759851380827 0.58856672543318278 0.39728947730653996 -0.46855705541754444 -0.030459798086221287 0.12985033354254957 -0.18645261567277754 -0.24168063305842311 -0.32415344784739947 -0.091618760710578701 -0.64699593978419723 0.168195590316539 -0.0084827591154662731 -0.30517429087320863 -0.31729086105265714 0.22692246638673957 -0.11302330482964092 -0.33803448376917444 -0.23579730805674293 0.011170688566018983 -0.41252575887508441 -0.55465889371707411 -0.87170822304925066 0.29466681218919871
leaf_weight=79402 214163 362356 40973 309946 166401 102199 101581 220064 319982 422459 108098 238551 78329 17127 74597 221054 22723 356254 358156 437909 41687 171653 197698 29332 81140 65022 18048 12314 55792 74990
leaf_count=79402 214163 362356 40973 309946 166401 102199 101581 220064 319982 422459 108098 238551 78329 17127 74597 221054 22723 356254 358156 437909 41687 171653 197698 29332 81140 65022 18048 12314 55792 74990
internal_value=-1.3427e-07 0.248473 -0.318777 0.390673 -0.205901 -0.510663 0.0948891 0.509743 0.32274 -0.459669 -0.142269 0.157351 -0.299746 0.0142047 -0.436858 -0.117584 -0.70266 0.192437 -0.0191248 -0.318277 -0.454971 0.281998 -0.135377 -0.166761 -0.14875 0.104427 -0.227562 -0.772736 -0.806765 0.377823
internal_weight=5e+06 2.80984e+06 2.19016e+06 1.45899e+06 1.37898e+06 811173 1.35085e+06 530010 928981 640942 821771 761408 557211 589446 538743 637322 170231 457835 375283 478882 464146 534009 529224 308170 278838 303573 184449 90829 78515 394972
internal_count=5000000 2809845 2190155 1458991 1378982 811173 1350854 530010 928981 640942 821771 761408 557211 589446 538743 637322 170231 457835 375283 478882 464146 534009 529224 308170 278838 303573 184449 90829 78515 394972
cat_boundaries=0 1 2 3 4 5 6 7 8 9
cat_threshold=992 992 992 261120 960 523264 4102 1047552 960
is_linear=0
shrinkage=0.1


Tree=11
num_leaves=31
num_cat=8
split_feature=0 0 23 0 0 1 0 0 23 75 23 23 75 72 1 76 9 75 76 11 76 72 72 75 72 13 17 72 75 23
split_gain=3.21224e+07 5.13482e+06 3.61331e+06 909695 799204 626259 619454 164483 159090 145569 143582 139197 132929 113932 110378 96701.4 147144 90289.1 78819 76849.7 76151.3 72006 68594.8 94902 68211.1 63355.7 62934.2 61657.6 60440.6 60236.8
threshold=13.750000000000002 3.6499999761581425 21.849999427795414 -2.7499999999999996 8.6500000953674334 26.150000572204593 18.849999427795414 0.65000000596046459 -7.4500000476837149 0 29.44999980926514 14.150000095367433 1 39.307500839233406 23.150000572204593 2 16.849999427795414 3 4 15.250000000000002 5 36.658300399780281 41.828350067138679 6 41.927499771118171 10.650000095367433 17.650000572204593 36.37919998168946 7 7.6499998569488534
decision_type=2 2 10 2 2 8 2 2 10 1 10 8 1 2 10 1 8 1 1 10 1 2 2 1 2 10 10 2 1 10
left_child=1 3 6 8 12 14 11 22 -1 21 -7 29 13 18 -4 -11 26 -8 -3 20 -14 -6 -5 -24 -10 -9 -17 -19 -26 -2
right_child=2 4 5 7 9 10 17 25 24 15 -12 -13 19 -15 -16 16 -18 27 -20 -21 -22 -23 23 -25 28 -27 -28 -29 -30 -31
leaf_value=-0.70713270170994036 -0.18464443117341872 -0.19608143950890053 0.28246272081494767 -0.38887967596637923 -0.13065269359858486 0.44084158609665142 0.24498642406097415 -0.33819540460371716 -0.47005574361731262 0.007912897110483031 0.56652929457289436 0.11266618813498247 -0.24119741038278941 -0.49793113193564698 0.36232271064163563 -0.14682241159719872 0.01547913817757752 0.18327832816832024 -0.30266571589669689 -0.061439405779605584 -0.14775687141703461 -0.37361509575758589 -0.57952514843137859 -0.39410346514902916 -0.62260492631760977 -0.20623172622280461 -0.032012410605820017 0.0097411961084916971 -0.44929319043468019 0.033286483680894076
leaf_weight=73504 13484 144976 322561 239962 140363 304242 434434 341301 89481 232136 129609 581933 166128 19382 373444 189009 123130 124488 133439 51650 183972 13359 53748 57302 94400 40722 63882 24504 25932 213523
leaf_count=73504 13484 144976 322561 239962 140363 304242 434434 341301 89481 232136 129609 581933 166128 19382 373444 189009 123130 124488 133439 51650 183972 13359 53748 57302 94400 40722 63882 24504 25932 213523
internal_value=-2.10659e-07 -0.255729 0.251222 -0.428351 -0.135678 0.384092 0.143403 -0.369535 -0.580529 -0.0648171 0.47839 0.0867578 -0.212853 -0.263494 0.325312 -0.0428384 -0.074169 0.221943 -0.247183 -0.175304 -0.192107 -0.151757 -0.418952 -0.483935 -0.536176 -0.324129 -0.117821 0.154727 -0.585345 0.0203416
internal_weight=5e+06 2.47778e+06 2.52222e+06 1.01635e+06 1.46143e+06 1.12986e+06 1.39237e+06 733035 283317 761879 433851 808940 699547 297797 696005 608157 376021 583426 278415 401750 350100 153722 351012 111050 209813 382023 252891 148992 120332 227007
internal_count=5000000 2477778 2522222 1016352 1461426 1129856 1392366 733035 283317 761879 433851 808940 699547 297797 696005 608157 376021 583426 278415 401750 350100 153722 351012 111050 209813 382023 252891 148992 120332 227007
cat_boundaries=0 1 2 3 4 5 6 7 8
cat_threshold=4102 4102 1048064 992 2096128 12583167 4102 4102
is_linear=0
shrinkage=0.1


Tree=12
num_leaves=31
num_cat=7
split_feature=0 0 0 23 0 0 23 0 1 23 23 75 75 23 75 72 76 72 23 1 48 8 76 15 8 76 75 73 8 0
split_gain=2.60583e+07 4.1803e+06 3.01492e+06 725912 560670 545771 519849 141592 141184 129861 129230 121362 103049 97213.9 89168 89294.9 81962.5 78435.3 74792.1 70834.8 68138.8 63497.9 95133 74384.2 59973.6 57760.6 55930.8 61014.4 50906.6 50480.2
threshold=11.650000095367433 20.44999980926514 1.8499999642372134 25.750000000000004 16.349999427795414 6.0499999523162851 -4.6499998569488517 -1.4499999880790708 28.44999980926514 20.849999427795414 3.0499999523162846 0 1 17.050000190734867 2 35.906650543212898 3 36.658300399780281 -10.15000009536743 23.94999980926514 1.5500000119209292 15.84999990463257 4 16.349999427795414 18.94999980926514 5 6 136.97330474853518 20.250000000000004 33.049999237060554
decision_type=2 2 2 10 2 2 10 2 10 8 8 1 1 8 1 2 1 2 8 8 8 10 1 10 8 1 1 2 8 2
left_child=2 4 6 9 11 14 18 20 28 -3 -7 17 25 -6 15 -4 -13 -2 -1 -11 -8 22 -14 -24 -18 -12 27 -9 -5 -10
right_child=1 3 5 8 13 10 7 26 29 19 12 16 21 -15 -16 -17 24 -19 -20 -21 -22 -23 23 -25 -26 -27 -28 -29 -30 -31
leaf_value=-0.69048396057981964 -0.015965801807951607 0.20500613902039755 -0.22075251130657414 0.27937440052260043 0.091880375164532221 -0.26204129396578213 -0.38351584776885606 -0.2886724959390603 0.47066221471724401 0.26254167814283225 -0.11729204195751514 0.11347509535628375 -0.045855833500089149 0.16971962123271173 -0.16379413764303302 -0.30964611657796809 -0.0042880338838742283 -0.17655944979718183 -0.53509864203867152 0.32788971445521337 -0.49036926795530217 -0.003349631369279335 -0.1712493958843686 -0.052217578337782039 0.08270549549597854 -0.21840245082160134 -0.28390753974797939 -0.39772248538730387 0.3957150008500388 0.63551795774838915
leaf_weight=40582 191430 229170 212966 44147 242146 59859 123548 73293 169449 365154 117512 134071 189492 475544 100623 240742 259086 36157 130876 303946 115441 80071 192056 72249 114169 108999 131288 171044 254029 20861
leaf_count=40582 191430 229170 212966 44147 242146 59859 123548 73293 169449 365154 117512 134071 189492 475544 100623 240742 259086 36157 130876 303946 115441 80071 192056 72249 114169 108999 131288 171044 254029 20861
internal_value=-7.26e-07 0.199144 -0.261702 0.323328 0.0805889 -0.172373 -0.417909 -0.374957 0.42144 0.269975 -0.120572 0.0191942 -0.109435 0.143457 -0.249022 -0.267914 0.0464116 -0.0414777 -0.571876 0.292227 -0.43513 -0.0854505 -0.0999388 -0.138706 0.0223204 -0.165955 -0.336671 -0.364996 0.37849 0.488733
internal_weight=5e+06 2.83936e+06 2.16064e+06 1.38676e+06 1.4526e+06 1.37457e+06 786072 614614 488486 898270 820238 734913 760379 717690 554331 453708 507326 227587 171458 669100 238989 533868 453797 264305 373255 226511 375625 244337 298176 190310
internal_count=5000000 2839359 2160641 1386756 1452603 1374569 786072 614614 488486 898270 820238 734913 760379 717690 554331 453708 507326 227587 171458 669100 238989 533868 453797 264305 373255 226511 375625 244337 298176 190310
cat_boundaries=0 1 2 3 4 5 6 7
cat_threshold=6158 4102 6158 523264 1048064 522240 4102
is_linear=0
shrinkage=0.1


Tree=13
num_leaves=31
num_cat=9
split_feature=0 0 23 23 1 0 0 0 73 48 76 75 75 76 1 8 72 8 23 75 76 75 72 48 71 76 0 76 15 34
split_gain=2.11583e+07 3.53709e+06 2.26456e+06 748795 450478 386958 360521 193119 153765 111504 131045 109369 98332.6 108692 90500.4 81126.5 80519.8 77778 74374 74341.8 73566.5 75167.8 82092.2 66171.4 65257.5 59156.9 56078.4 52542.1 90812.1 49477
threshold=14.050000190734865 4.8500001430511483 22.44999980926514 -2.1499999761581416 19.150000572204593 10.449999809265138 27.550000190734867 0.25000000745058065 141.52664947509768 2.0499999523162846 0 1 2 3 24.349999427795414 13.84999990463257 30.90164947509766 9.2500000000000018 5.4500000476837167 4 5 6 39.536699295043952 1.8499999642372134 1.3499999642372134 7 32.350000381469734 8 10.250000000000002 1.0000000180025095e-35
decision_type=2 2 10 10 10 2 2 2 2 10 1 1 1 1 10 10 2 8 8 1 1 1 2 8 10 1 2 1 8 10
left_child=1 3 4 8 11 9 14 23 -1 15 -11 16 13 -10 -4 -3 -2 27 -7 -6 -13 -22 -23 -5 -12 -18 -8 28 -9 -20
right_child=2 5 6 7 19 18 26 17 12 10 24 20 -14 -15 -16 -17 25 -19 29 -21 21 22 -24 -25 -26 -27 -28 -29 -30 -31
leaf_value=-0.38659164822366293 0.1847835304124735 -0.12511393585029981 0.25082419441035869 -0.30770720487004322 0.22754425523644822 -0.20266919821631224 0.40051146494725454 -0.32133866765446328 -0.44177137248134835 -0.11406879517025453 -0.33268477056710499 0.14112234948864458 -0.36848593178883354 -0.62668676882415841 0.32099621282667079 -0.017523281053626025 0.017618244044200031 -0.14556625239350787 -0.0098610619429771243 0.15895604826709572 0.11167205856093793 0.048519922624641769 -0.1651975118965035 -0.40467547338589888 -0.20043688250227168 -0.12778867483696907 0.53719375626783961 -0.22524435032572129 -0.17654413387707407 -0.1135427404879249
leaf_weight=153843 20714 376183 381828 174227 292517 23304 252951 206649 49633 160017 52043 232198 33025 89802 354358 86129 90360 67138 468058 344422 223118 188895 19863 118061 131824 40518 34059 228416 54802 51045
leaf_count=153843 20714 376183 381828 174227 292517 23304 252951 206649 49633 160017 52043 232198 33025 89802 354358 86129 90360 67138 468058 344422 223118 188895 19863 118061 131824 40518 34059 228416 54802 51045
internal_value=-7.96244e-07 -0.203729 0.20771 -0.330516 0.127443 -0.0932074 0.321664 -0.281047 -0.459273 -0.137145 -0.180265 0.0782324 -0.524109 -0.560901 0.284601 -0.10507 0.00158802 -0.246504 -0.0279022 0.190462 0.095727 0.0713175 0.0281837 -0.346875 -0.237856 -0.0274061 0.416731 -0.260338 -0.290978 -0.0200564
internal_weight=5e+06 2.5242e+06 2.4758e+06 1.1756e+06 1.4526e+06 1.3486e+06 1.0232e+06 849293 326303 806196 343884 815666 172460 139435 736186 462312 151592 557005 542407 636939 664074 431876 208758 292288 183867 130878 287010 489867 261451 519103
internal_count=5000000 2524199 2475801 1175596 1452605 1348603 1023196 849293 326303 806196 343884 815666 172460 139435 736186 462312 151592 557005 542407 636939 664074 431876 208758 292288 183867 130878 287010 489867 261451 519103
cat_boundaries=0 1 2 3 4 5 6 7 8 9
cat_threshold=523264 6156 4102 1047552 448 523776 960 1047552 15728895
is_linear=0
shrinkage=0.1


Tree=14
num_leaves=31
num_cat=10
split_feature=0 23 1 0 23 23 23 2 75 72 75 75 76 87 75 75 72 0 72 33 75 72 75 72 74 23 6 76 72 76
split_gain=1.71391e+07 2.96062e+06 1.79559e+06 575461 518239 365494 271390 165350 108806 102549 102237 95167.4 88001.3 83243 77458.3 76146.2 83653.4 72652.4 66491.9 65414.6 63352.6 62221.5 75498.1 59621.5 58665.3 57028.2 56866.8 48729.2 47876.1 47641.4
threshold=14.250000000000002 3.6499999761581425 21.750000000000004 8.0500001907348651 -3.8500000238418575 27.250000000000004 17.94999980926514 1.2500000000000002 0 39.536699295043952 1 2 3 1.0000000180025095e-35 4 5 39.460000991821296 -10.15000009536743 36.436649322509773 1.0000000180025095e-35 6 41.927499771118171 7 35.760000228881843 164.50000000000003 30.650000572204593 8.4499998092651385 8 38.73915100097657 9
decision_type=2 10 8 2 8 8 8 10 1 2 1 1 1 10 1 1 2 2 2 10 1 2 1 2 2 10 10 1 2 1
left_child=1 4 6 15 17 10 14 21 -5 11 27 12 -10 26 -2 16 24 -1 -16 -14 -8 -6 -23 -12 -3 -7 29 -4 -22 -9
right_child=2 3 5 8 7 25 20 13 9 -11 23 -13 19 -15 18 -17 -18 -19 -20 -21 28 22 -24 -25 -26 -27 -28 -29 -30 -31
leaf_value=-0.57911791002485902 0.096800999117150371 -0.14109243890824882 0.33180390461823056 0.021021510382006267 -0.29232011402740649 0.34576115790950507 0.189366216679733 -0.17275164821742889 0.037120018511565094 -0.1526809005768589 0.23698606729031302 -0.10589796361472525 -0.040650450328904401 -0.36593612193900338 0.053500094674156645 -0.10565027408309141 -0.28086098548814958 -0.42494599581451037 -0.050833914424809348 -0.22312234753073279 0.14176997728936097 -0.43966703305975774 -0.29333773778615363 0.15741792156222642 -0.22224602598478749 0.44108102344795674 -0.13618769762356617 0.25743966421522124 0.044985699856454349 -0.26297990599578674
leaf_weight=36921 307292 277153 133528 212114 272236 227654 276481 85183 169347 103468 306839 175893 210196 40128 234868 160204 76914 177583 82552 21672 330511 78546 64394 135874 131266 86658 74212 261569 60460 188284
leaf_count=36921 307292 277153 133528 212114 272236 227654 276481 85183 169347 103468 306839 175893 210196 40128 234868 160204 76914 177583 82552 21672 330511 78546 64394 135874 131266 86658 74212 261569 60460 188284
internal_value=-9.66145e-07 -0.181064 0.189316 -0.0935272 -0.313401 0.280085 0.108385 -0.276515 -0.0415147 -0.0610046 0.245586 -0.0445693 -0.0176797 -0.229562 0.061014 -0.165453 -0.185188 -0.451482 0.0263649 -0.0577031 0.152722 -0.320372 -0.373797 0.212561 -0.167175 0.372042 -0.213822 0.28258 0.1268 -0.23489
internal_weight=5e+06 2.55571e+06 2.44429e+06 1.53823e+06 1.01749e+06 1.15212e+06 1.29216e+06 802983 892690 680576 837810 577108 401215 387807 624712 645537 485333 214504 317420 231868 667452 415176 142940 442713 408419 314312 347679 395097 390971 273467
internal_count=5000000 2555714 2444286 1538227 1017487 1152122 1292164 802983 892690 680576 837810 577108 401215 387807 624712 645537 485333 214504 317420 231868 667452 415176 142940 442713 408419 314312 347679 395097 390971 273467
cat_boundaries=0 1 2 3 4 5 6 7 8 9 10
cat_threshold=992 384 3096 2096128 992 6158 448 4102 523776 522240
is_linear=0
shrinkage=0.1


Tree=15
num_leaves=31
num_cat=12
split_feature=0 23 23 1 0 0 1 73 75 23 23 72 75 72 75 48 75 75 72 76 72 76 76 9 76 10 76 75 90 76
split_gain=1.39219e+07 2.287e+06 1.64213e+06 418374 347479 317505 315894 119988 128499 103213 98248.2 84157.9 77647.1 79899.7 71186.2 67531.3 63165.9 61519.5 58591.1 66051.5 56125.8 54696.7 50609.5 50285.1 49050.8 48653.5 48018.6 47857.5 46063.1 46033.3
threshold=11.650000095367433 20.349999427795414 2.0499999523162846 25.150000572204593 5.8500001430511483 -5.2499999999999991 17.250000000000004 137.02000427246097 0 28.250000000000004 10.449999809265138 42.50835037231446 1 36.436649322509773 2 2.2500000000000004 3 4 40.00164985656739 5 30.03750038146973 6 7 -2.8500000238418575 8 10.250000000000002 9 10 1.0000000180025095e-35 11
decision_type=2 8 10 10 2 2 8 2 1 8 8 2 1 2 1 8 1 1 2 1 2 1 1 10 1 8 1 1 10 1
left_child=2 6 5 14 15 23 10 -7 11 -5 28 22 -6 16 18 25 29 20 19 -3 -8 -19 -9 -1 -13 -4 -17 -15 -2 -14
right_child=1 3 4 9 12 7 17 8 -10 -11 -12 24 13 27 -16 26 -18 21 -20 -21 -22 -23 -24 -25 -26 -27 -28 -29 -30 -31
leaf_value=-0.46591076728371522 -0.041974218083450816 0.30466333891464453 -0.17699020930993509 0.27037820241636651 -0.0053888768761645965 -0.18482482883757601 0.20146665916436735 -0.24271368385661596 -0.22591492208242456 0.35891467057988463 0.031809878927750744 -0.33554161680383143 -0.064386943999498916 -0.24859402606380324 0.15904316272308727 -0.17344082453860388 -0.031585645154573481 0.16661375495803263 0.14525915835936082 0.20926310467871928 0.017091974330437104 0.098641218532061092 -0.3337085804191629 -0.31905679234268358 -0.47728976596688827 -0.080615707015489729 -0.27480364041761024 -0.12190023863859585 -0.23364826918053094 -0.15779254125017964
leaf_weight=117831 116917 100523 286470 366679 113413 122098 19797 98258 181504 205445 702918 48090 113826 34457 378665 79748 224158 208011 89259 262538 99455 275108 163211 29069 50250 64105 113490 222235 14044 98428
leaf_count=117831 116917 100523 286470 366679 113413 122098 19797 98258 181504 205445 702918 48090 113826 34457 378665 79748 224158 208011 89259 262538 99455 275108 163211 29069 50250 64105 113490 222235 14044 98428
internal_value=-9.58909e-07 0.14556 -0.191287 0.236361 -0.123753 -0.303827 0.0568538 -0.274371 -0.294569 0.302171 0.0169939 -0.329186 -0.0820988 -0.0946494 0.191052 -0.18553 -0.0686114 0.112033 0.217841 0.235691 0.047696 0.12791 -0.299535 -0.436851 -0.408055 -0.159367 -0.232995 -0.138921 -0.062529 -0.107707
internal_weight=5e+06 2.83936e+06 2.16064e+06 1.40311e+06 1.35033e+06 810311 1.43625e+06 663411 541313 572124 833879 359809 806517 693104 830985 543813 436412 602371 452320 363061 119252 483119 261469 146900 98340 350575 193238 256692 130961 212254
internal_count=5000000 2839359 2160641 1403109 1350330 810311 1436250 663411 541313 572124 833879 359809 806517 693104 830985 543813 436412 602371 452320 363061 119252 483119 261469 146900 98340 350575 193238 256692 130961 212254
cat_boundaries=0 1 2 3 4 5 6 7 8 9 10 11 12
cat_threshold=4102 992 448 4102 6172 523264 1048064 2096128 523264 523264 4102 1046528
is_linear=0
shrinkage=0.1


Tree=16
num_leaves=31
num_cat=10
split_feature=0 0 23 0 0 23 1 75 72 30 0 73 74 84 75 75 76 72 76 48 76 72 9 76 75 72 75 72 75 73
split_gain=1.12936e+07 2.01555e+06 1.17553e+06 426517 257149 248242 170825 128242 130095 105816 89021.5 82279 77592.3 74802.2 72113.2 63391.7 76519.4 62860.6 58011.6 56988.7 67030.5 56964.9 54142 52798.9 51813.7 57010.3 51690.7 47093.2 46958.2 45323.2
threshold=14.449999809265138 4.8500001430511483 23.050000190734867 -2.7499999999999996 19.44999980926514 8.2500000000000018 27.349999427795414 0 41.927499771118171 1.0000000180025095e-35 10.84999990463257 142.07500457763675 71.000000000000014 1.0000000180025095e-35 1 2 3 42.100000381469734 4 2.5499999523162846 5 30.90164947509766 17.349999427795414 6 7 38.602500915527351 8 35.185850143432624 9 139.55834960937503
decision_type=2 2 10 2 2 8 8 1 2 10 2 2 2 10 1 1 1 2 1 10 1 2 8 1 1 2 1 2 1 2
left_child=1 3 4 11 14 9 22 8 12 13 -7 -1 29 19 21 16 -13 -9 -16 -3 -21 -2 -4 -14 25 -20 -6 -28 -19 -5
right_child=2 5 6 7 26 10 -8 17 -10 -11 -12 15 23 -15 18 -17 -18 28 24 20 -22 -23 -24 -25 -26 -27 27 -29 -30 -31
leaf_value=-0.3010505289634875 0.14711218125655603 -0.069453863061345919 0.13081677465902186 -0.12976764301624719 0.16096133562805706 -0.066687326069287761 0.30646204455000758 -0.12300388551960117 -0.36221382743200392 -0.26682125553962605 -0.002841847937936516 -0.57158244866434371 -0.29683701701218573 -0.24813486753342626 0.11661889283639536 -0.32631622608769439 -0.3641534985686038 -0.23463599755230888 0.038178318416766409 -0.076085908977460787 -0.20986308853636904 -0.029270956261525417 0.22500222433282402 -0.20885254118435129 0.086488908814132112 -0.12108740671704482 0.13062953873256153 0.0056090802863650651 -0.079970769255967897 -0.22468405128668922
leaf_weight=158846 21649 303201 68647 112857 531018 402041 300391 196831 72937 44142 478095 36875 139086 34024 236720 52877 34719 121902 174512 72964 77040 118725 550290 134455 241034 25798 101212 42901 23440 90771
leaf_count=158846 21649 303201 68647 112857 531018 402041 300391 196831 72937 44142 478095 36875 139086 34024 236720 52877 34719 121902 174512 72964 77040 118725 550290 134455 241034 25798 101212 42901 23440 90771
internal_value=-1.21402e-06 -0.145144 0.15562 -0.241861 0.100859 -0.0645913 0.244586 -0.20792 -0.237824 -0.118564 -0.0320061 -0.348754 -0.218816 -0.105132 0.063173 -0.409633 -0.471056 -0.15983 0.0766783 -0.094396 -0.144811 -0.00206835 0.214556 -0.253608 0.0552536 0.0176655 0.146545 0.0934057 -0.209714 -0.172078
internal_weight=5e+06 2.5871e+06 2.4129e+06 1.1756e+06 1.49357e+06 1.41151e+06 919328 892279 550106 531371 880136 283317 477169 487229 818438 124471 71594 342173 678064 453205 150004 140374 618937 273541 441344 200310 675131 144113 145342 203628
internal_count=5000000 2587103 2412897 1175596 1493569 1411507 919328 892279 550106 531371 880136 283317 477169 487229 818438 124471 71594 342173 678064 453205 150004 140374 618937 273541 441344 200310 675131 144113 145342 203628
cat_boundaries=0 1 2 3 4 5 6 7 8 9 10
cat_threshold=4102 6156 6 12583423 1047552 523264 12583423 1072 992 2072
is_linear=0
shrinkage=0.1


Tree=17
num_leaves=31
num_cat=9
split_feature=0 1 23 23 0 23 23 73 75 87 23 34 48 72 76 76 75 75 72 25 76 75 74 10 72 76 75 72 6 72
split_gain=9.15266e+06 1.48422e+06 1.13444e+06 273303 234291 233605 232443 92750.4 89018.1 80479.9 79886.5 71518.3 64029.2 63366.3 58610 56644.9 56550.1 54028 59557 53305.3 52057.6 51722.9 49348.5 48065 46128.8 45025.3 44829.8 52518.2 41953.7 40789.1
threshold=11.84999990463257 20.650000572204593 2.2500000000000004 24.94999980926514 6.0499999523162851 -5.2499999999999991 15.650000095367433 137.02000427246097 0 1.0000000180025095e-35 29.849999427795414 1.0000000180025095e-35 2.7500000000000004 42.50835037231446 1 2 3 4 39.26250076293946 1.0000000180025095e-35 5 6 94.000000000000014 18.849999427795414 36.436649322509773 7 8 35.760000228881843 14.449999809265138 41.162500381469734
decision_type=2 8 10 8 2 8 8 2 1 10 10 10 10 2 1 1 1 1 2 10 1 1 2 8 2 1 1 2 8 2
left_child=2 6 5 21 17 -1 9 -7 13 26 23 12 28 -9 -13 19 -17 18 22 -8 -14 29 -4 -5 -23 -15 27 -2 -6 -3
right_child=1 3 4 10 11 7 15 8 -10 -11 -12 14 20 25 -16 16 -18 -19 -20 -21 -22 24 -24 -25 -26 -27 -28 -29 -30 -31
leaf_value=-0.35800390313331354 0.0063569287386621908 0.18159471634181479 -0.11495009413843647 0.12770801150445704 -0.04664646366673008 -0.14391715836997515 0.10506455494955405 -0.23139887575542806 -0.14856102386362532 -0.10898795862214811 0.31729559963319104 -0.060886685490201958 -0.04257490347474794 -0.25811085706023812 -0.23729484813556512 0.10526841359570192 0.042834198151902758 -0.10178303699605967 -0.25754152900015709 0.23675624970849252 -0.14236153023819875 0.13248763742784109 -0.19565671038956048 0.23735597431321676 0.0013806064890617507 -0.37162539756152557 0.034432601221459212 -0.1143418212796995 0.029776503700829671 0.10395423890833924
leaf_weight=149781 135551 483476 170488 44145 432740 129456 197839 322800 93034 58159 123970 35335 92357 74250 40377 240537 365654 176936 63026 36390 120559 165043 136359 423597 32047 66527 375649 49111 86130 78677
leaf_count=149781 135551 483476 170488 44145 432740 129456 197839 322800 93034 58159 123970 35335 92357 74250 40377 240537 365654 176936 63026 36390 120559 165043 136359 423597 32047 66527 375649 49111 86130 78677
internal_value=-1.49343e-06 0.119448 -0.153249 0.194975 -0.0967083 -0.24486 0.0495095 -0.220158 -0.23789 0.00297918 0.245924 -0.0624815 -0.052909 -0.255809 -0.155004 0.0837514 0.0676095 -0.147253 -0.168997 0.125519 -0.0990856 0.155268 -0.150815 0.227008 0.111164 -0.311799 0.0146011 -0.0257416 -0.0339606 0.170725
internal_weight=5e+06 2.80984e+06 2.19016e+06 1.35096e+06 1.35431e+06 835848 1.45889e+06 686067 556611 618470 591712 807498 731786 463577 75712 840420 606191 546809 369873 234229 212916 759243 306847 467742 197090 140777 560311 184662 518870 562153
internal_count=5000000 2809845 2190155 1350955 1354307 835848 1458890 686067 556611 618470 591712 807498 731786 463577 75712 840420 606191 546809 369873 234229 212916 759243 306847 467742 197090 140777 560311 184662 518870 562153
cat_boundaries=0 1 2 3 4 5 6 7 8 9
cat_threshold=4110 1048064 260096 450 4110 260096 960 1048064 6158
is_linear=0
shrinkage=0.1


Tree=18
num_leaves=31
num_cat=12
split_feature=23 23 1 23 23 0 0 28 28 73 75 75 90 75 48 75 72 75 72 72 76 76 76 75 72 76 40 76 12 75
split_gain=7.46748e+06 1.07704e+06 1.0291e+06 233003 212686 210632 154598 108487 97422.9 88224.9 96970.6 60292 58826.6 55373.1 54156.2 53004.7 55669.1 53821.4 51128.6 50968.5 45385.6 43401.6 40632.2 52019.2 55703.5 38814.2 38423 38059 37849.5 36285.7
threshold=12.84999990463257 3.0499999523162846 20.349999427795414 26.050000190734867 -5.8500001430511466 7.4500000476837167 14.949999809265138 1.0000000180025095e-35 1.0000000180025095e-35 137.29830169677737 0 1 1.0000000180025095e-35 2 1.8499999642372134 3 35.770000457763679 4 40.00164985656739 42.566650390625007 5 6 7 8 39.600799560546882 9 1.0000000180025095e-35 10 13.449999809265138 11
decision_type=10 8 8 10 8 2 2 10 10 2 1 1 10 1 8 1 2 1 2 2 1 1 1 1 2 1 8 1 10 1
left_child=1 4 6 11 -1 14 26 9 12 -6 19 27 15 21 28 -7 -17 -18 -13 -11 -16 -5 23 24 -8 -19 -2 -4 -3 -24
right_child=2 5 3 13 7 8 22 -9 -10 10 -12 18 -14 -15 20 16 17 25 -20 -21 -22 -23 29 -25 -26 -27 -28 -29 -30 -31
leaf_value=-0.33289036066309913 0.010381218819521367 -0.10499153637347941 0.22337678291967134 0.28747272587983941 -0.11581656349475573 -0.072730008040883892 0.19235976906465374 -0.30371039461152249 -0.1563176607066023 -0.20866345194135716 -0.14604901450694907 0.13379472603100315 -0.15013114131086103 0.1809327633315494 -0.09222511709484571 0.034083709344146944 0.020839612555839875 -0.021568885225698612 0.024338378957584509 -0.29302254528313304 -0.18006678454871622 0.21101542075388924 0.021685463701846944 0.06387031613128985 0.075391369202002345 -0.10799860385300289 -0.08150285503540812 0.1552192570736898 -0.0047475797030954751 0.077237275648694759
leaf_weight=127954 358449 295631 118155 184627 158034 165508 91570 81329 66823 263512 209397 516808 38690 140839 86300 197509 117675 106396 46517 98352 185248 124801 197769 193278 73309 101577 52129 268567 43165 290082
leaf_count=127954 358449 295631 118155 184627 158034 165508 91570 81329 66823 263512 209397 516808 38690 140839 86300 197509 117675 106396 46517 98352 185248 124801 197769 193278 73309 101577 52129 268567 43165 290082
internal_value=-1.58021e-06 -0.130137 0.114764 0.173719 -0.213074 -0.0747135 0.0490646 -0.194161 -0.0407645 -0.181945 -0.200238 0.145637 -0.0301485 0.232971 -0.118888 -0.0234077 -0.00780241 -0.033207 0.124754 -0.231585 -0.15216 0.256643 0.0734998 0.0990784 0.140344 -0.0637856 -0.00128483 0.176049 -0.0922197 0.0547181
internal_weight=5e+06 2.3431e+06 2.6569e+06 1.40031e+06 938578 1.40452e+06 1.25659e+06 810624 794178 729295 571261 950047 727355 450267 610344 688665 523157 325648 563325 361864 271548 309428 846008 358157 164879 207973 410578 386722 338796 487851
internal_count=5000000 2343100 2656900 1400314 938578 1404522 1256586 810624 794178 729295 571261 950047 727355 450267 610344 688665 523157 325648 563325 361864 271548 309428 846008 358157 164879 207973 410578 386722 338796 487851
cat_boundaries=0 1 2 3 4 5 6 7 8 9 10 11 12
cat_threshold=4102 384 384 4102 992 260096 523264 523776 992 1047552 523776 3132
is_linear=0
shrinkage=0.1


Tree=19
num_leaves=31
num_cat=10
split_feature=23 0 23 23 0 1 0 90 30 31 90 48 72 48 76 76 76 75 72 15 6 75 76 1 75 14 75 72 76 75
split_gain=6.05294e+06 935781 797167 195303 174697 163911 151642 92583 72196.5 69390.5 67234.8 61636.1 61386.2 56445.2 53054.1 52787.1 52077.2 51733.5 44714.1 44266.2 46301.2 43913.3 44420.4 43686.8 43569.8 42820.6 37153 38542.2 44283.1 38309.9
threshold=13.250000000000002 2.6499999761581425 21.150000572204593 6.8500001430511483 -5.2499999999999991 26.750000000000004 17.150000572204593 1.0000000180025095e-35 1.0000000180025095e-35 1.0000000180025095e-35 1.0000000180025095e-35 1.8499999642372134 39.536699295043952 2.9500000476837163 0 1 2 3 38.909999847412116 8.6500000953674334 5.4500000476837167 4 5 11.250000000000002 6 22.050000190734867 7 39.460000991821296 8 9
decision_type=10 2 8 8 2 10 2 10 10 10 10 8 2 10 1 1 1 1 2 10 10 1 1 10 1 10 1 2 1 1
left_child=1 4 6 7 -1 12 26 9 13 17 11 19 21 23 -15 -10 -13 -3 -19 20 -6 22 -4 -5 -20 -7 -2 28 -28 -29
right_child=2 3 5 8 10 25 -8 -9 15 -11 -12 16 -14 14 -16 -17 -18 18 24 -21 -22 -23 -24 -25 -26 -27 27 29 -30 -31
leaf_value=-0.29458139988995841 -0.024781702935968427 -0.13477976696816696 0.2265982431934227 -0.035782538513408672 -0.16888039071818942 0.14629779272433571 0.083938081193136005 -0.22846049869309906 -0.030210626518722989 -0.2396889453296685 -0.26380009298768387 -0.14461594919539694 0.075956168319792627 -0.022122798619990017 -0.1204264635524957 -0.19521384185687404 -0.23625117318620314 -0.037378565978747676 -0.14390141663096803 -0.060026373331530714 -0.058084857026593065 0.12318216470493665 0.15278369236582293 0.018412977427981054 -0.019478352301249266 0.23486379027953103 0.14050332271832108 0.029295985294589218 0.035525209512616805 -0.069153167206536512
leaf_weight=149533 162197 165706 109682 353325 288845 66576 705758 60036 32763 32366 78010 98156 129124 108054 111631 47536 169139 207810 103695 58427 43383 331545 319145 256874 38646 303241 47800 105868 252066 63063
leaf_count=149533 162197 165706 109682 353325 288845 66576 705758 60036 32763 32366 78010 98156 129124 108054 111631 47536 169139 207810 103695 58427 43383 331545 319145 256874 38646 303241 47800 105868 252066 63063
internal_value=-1.29799e-06 -0.11434 0.105876 -0.0666951 -0.196042 0.162968 0.0520911 -0.110566 -0.0373771 -0.0976552 -0.176021 -0.165613 0.139705 -0.0286164 -0.0720814 -0.127919 -0.202615 -0.0887437 -0.0669517 -0.140296 -0.154412 0.150531 0.171668 -0.012968 -0.110132 0.21892 0.0164706 0.0307432 0.0522651 -0.00745806
internal_weight=5e+06 2.40394e+06 2.59606e+06 1.51844e+06 885493 1.25931e+06 1.33675e+06 608259 910183 548223 735960 657950 889496 829884 219685 80299 267295 515857 350151 390655 332228 760372 428827 610199 142341 369817 630994 468797 299866 168931
internal_count=5000000 2403935 2596065 1518442 885493 1259313 1336752 608259 910183 548223 735960 657950 889496 829884 219685 80299 267295 515857 350151 390655 332228 760372 428827 610199 142341 369817 630994 468797 299866 168931
cat_boundaries=0 1 2 3 4 5 6 7 8 9 10
cat_threshold=522240 523776 523264 4098 448 522240 2076 6158 260096 960
is_linear=0
shrinkage=0.1


Tree=20
num_leaves=31
num_cat=15
split_feature=0 23 0 1 75 73 75 72 72 75 72 75 76 76 76 76 35 72 75 76 75 76 75 74 76 72 72 76 25 74
split_gain=4.92499e+06 885337 567216 187312 123739 118259 112873 114526 104500 83929 82300.6 90219.4 70942.9 70483.8 65884.1 62888.5 63968.1 61615.2 92912.5 72609.1 56263.2 56064.9 54362.6 53778.4 48127.8 48109.8 43986.8 43423.7 56816.6 42791.7
threshold=11.250000000000002 19.750000000000004 1.4499999880790713 24.849999427795414 0 142.07500457763675 1 36.37919998168946 36.241651535034187 2 39.460000991821296 3 4 5 6 7 1.0000000180025095e-35 30.03750038146973 8 9 10 11 12 205.50000000000003 13 41.828350067138679 40.354150772094734 14 1.0000000180025095e-35 143.50000000000003
decision_type=2 8 2 10 1 2 1 2 2 1 2 1 1 1 1 1 10 2 1 1 1 1 1 2 1 2 2 1 10 2
left_child=2 6 5 25 8 22 13 17 14 12 15 21 -7 26 29 -6 23 -8 -19 -20 -5 -12 -1 -17 -9 27 -2 28 -3 -4
right_child=1 3 4 20 10 9 7 24 -10 -11 11 -13 -14 -15 -16 16 -18 18 19 -21 -22 -23 -24 -25 -26 -27 -28 -29 -30 -31
leaf_value=-0.17916718012480085 0.14731488091689934 0.13081170545201842 -0.10314739146405974 0.20198883725830963 0.059468430366727304 -0.20704564814015433 0.14615734391896068 -0.027841785302040463 -0.17963034848995682 -0.19535297109392522 -0.20621042550824567 -0.031739412014768785 -0.39254549879392353 0.03432016791495817 -0.047472991571696127 0.00019388734712965489 -0.169557853161004 -0.087999479547638648 0.073116780293110084 -0.011148253547761907 0.13872160602328051 -0.093566053562106843 -0.10101157934778592 -0.077712655356218699 -0.12912332794171977 0.043057805725947085 0.056139720860847946 0.10206674257190805 0.26475221301186508 -0.21828084819357368
leaf_weight=419571 112135 178164 137404 401218 71452 32544 38628 133579 171348 114123 73089 140303 56673 447387 207675 229112 35973 74262 217740 192799 216731 111887 113087 144481 72324 100659 100192 574748 38517 42195
leaf_count=419571 112135 178164 137404 401218 71452 32544 38628 133579 171348 114123 73089 140303 56673 447387 207675 229112 35973 74262 217740 192799 216731 111887 113087 144481 72324 100659 100192 574748 38517 42195
internal_value=-1.25476e-06 0.0844861 -0.116587 0.137488 -0.0784312 -0.187346 0.026868 -0.00024378 -0.114605 -0.252223 -0.0533672 -0.0922193 -0.324911 0.0568399 -0.0858376 -0.0270954 -0.0421975 0.02461 0.0149253 0.0335446 0.179805 -0.138084 -0.162579 -0.0299352 -0.0634248 0.108175 0.104287 0.116457 0.154614 -0.13019
internal_weight=5e+06 2.89908e+06 2.10092e+06 1.51004e+06 1.36492e+06 735998 1.38905e+06 729332 558622 203340 806297 325279 89217 659714 387274 481018 409566 523429 484801 410539 617949 184976 532658 373593 205903 892088 212327 791429 216681 179599
internal_count=5000000 2899083 2100917 1510037 1364919 735998 1389046 729332 558622 203340 806297 325279 89217 659714 387274 481018 409566 523429 484801 410539 617949 184976 532658 373593 205903 892088 212327 791429 216681 179599
cat_boundaries=0 1 2 3 4 5 6 7 8 9 10 11 12 13 14 15
cat_threshold=4102 992 6 2072 523264 1048064 12583935 260096 4102 2096128 384 14680319 4102 1048064 520192
is_linear=0
shrinkage=0.1


Tree=21
num_leaves=31
num_cat=13
split_feature=0 23 23 72 0 75 75 72 75 76 1 76 36 75 74 72 72 75 48 76 76 73 37 76 73 48 72 75 76 75
split_gain=3.99969e+06 760203 418635 163442 148453 114580 105062 101281 79451.8 72231.1 69054.3 63187.9 56021.1 55217.8 54606.6 54282.3 51579.6 50664.4 48859.7 45089.3 44598.2 42389 42356.5 42186.8 41548.3 37838.6 35398.9 32474.4 31923.7 31174.1
threshold=14.750000000000002 4.0499999523162851 23.550000190734867 42.466650009155281 8.4499998092651385 0 1 39.673351287841804 2 3 29.849999427795414 4 1.0000000180025095e-35 5 396.50000000000006 39.536699295043952 30.90164947509766 6 2.4500000476837163 7 8 139.99079895019534 1.0000000180025095e-35 9 139.97914886474612 2.6499999761581425 30.03750038146973 10 11 12
decision_type=2 10 8 2 2 1 1 2 1 1 10 1 10 1 2 2 2 1 8 1 1 2 10 1 2 8 2 1 1 1
left_child=1 3 6 8 22 9 15 11 14 -5 21 13 18 -8 24 20 -13 -18 -6 -14 -2 -4 25 -20 -1 -3 -15 -17 -24 -7
right_child=2 4 10 5 12 29 7 -9 -10 -11 -12 16 19 26 -16 27 17 -19 23 -21 -22 -23 28 -25 -26 -27 -28 -29 -30 -31
leaf_value=-0.097121336390288457 0.16803272770423924 -0.051467679596315541 0.15144976177411021 -0.31714497663404828 0.010892458524586059 -0.16970056838722791 0.095093405059341385 -0.083758033800962028 -0.064692898614116479 -0.19842852756348348 0.22046815933680458 0.11062903304819877 -0.01261757088385904 0.12254874022386038 -0.20181026579936512 0.014417160361943751 -0.0030621051522547078 -0.24725605231562808 -0.0066373183000209765 -0.15635878749776244 0.093141276592214051 0.09021584507678547 -0.057726621314359218 -0.086181598023207628 -0.16108038806179667 -0.10749022073466848 -0.0097856623223213854 0.083028713102407323 -0.19906106585923589 -0.072049242196567109
leaf_weight=237462 97686 411302 571906 95453 552252 102775 289627 64691 180456 111077 123045 39890 40450 25158 117073 124278 193319 8877 154852 47403 428467 140902 24529 117090 177475 170555 102851 155080 46003 48016
leaf_count=237462 97686 411302 571906 95453 552252 102775 289627 64691 180456 111077 123045 39890 40450 25158 117073 124278 193319 8877 154852 47403 428467 140902 24529 117090 177475 170555 102851 155080 46003 48016
internal_value=-1.34947e-06 -0.0847609 0.0943759 -0.149724 -0.0403379 -0.204918 0.063283 0.0356483 -0.122043 -0.253309 0.151288 0.0473576 -0.0142847 0.0709194 -0.141493 0.088134 0.00670657 -0.0137953 -0.00619314 -0.0901955 0.107051 0.139346 -0.0767605 -0.0408901 -0.124478 -0.0678891 0.0162212 0.052509 -0.149945 -0.138613
internal_weight=5e+06 2.63422e+06 2.36578e+06 1.06979e+06 1.56444e+06 357321 1.52992e+06 724413 712466 206530 835853 659722 912047 417636 532010 805511 242086 202196 824194 87853 526153 712808 652389 271942 414937 581857 128009 279358 70532 150791
internal_count=5000000 2634223 2365777 1069787 1564436 357321 1529924 724413 712466 206530 835853 659722 912047 417636 532010 805511 242086 202196 824194 87853 526153 712808 652389 271942 414937 581857 128009 279358 70532 150791
cat_boundaries=0 1 2 3 4 5 6 7 8 9 10 11 12 13
cat_threshold=4102 960 4102 12583423 2096640 1072 3120 1048064 261120 523776 576 523264 2056
is_linear=0
shrinkage=0.1


Tree=22
num_leaves=31
num_cat=14
split_feature=23 2 23 23 75 72 75 73 76 72 76 40 76 48 76 72 75 25 76 75 23 72 76 75 72 75 75 72 74 75
split_gain=3.27081e+06 549709 405087 131745 126375 142381 79861.9 77508.5 75330.8 62587.2 72458.4 57849.4 57331.7 57770.4 53929.9 51917.8 54030.1 51505.4 50240.3 56853.4 43747.2 43300 43207 41906.5 37836.6 40461.4 37601.1 35402.6 35177.7 33259.6
threshold=11.650000095367433 19.849999427795414 0.65000000596046459 24.750000000000004 0 35.808349609375007 1 142.07500457763675 2 30.90164947509766 3 1.0000000180025095e-35 4 2.6499999761581425 5 38.909999847412116 6 1.0000000180025095e-35 7 8 30.250000000000004 41.828350067138679 9 10 36.851650238037116 11 12 40.420000076293952 64.500000000000014 13
decision_type=10 8 8 10 1 2 1 2 1 2 1 8 1 8 1 2 1 10 1 1 10 2 1 1 2 1 1 2 2 1
left_child=2 6 7 -3 5 11 8 17 27 -8 24 22 -7 -14 -6 -10 -17 26 -9 -20 -5 -16 -4 -23 25 -11 -1 -2 -24 -12
right_child=1 3 4 20 14 12 9 18 15 10 29 -13 13 -15 21 16 -18 -19 19 -21 -22 23 28 -25 -26 -27 -28 -29 -30 -31
leaf_value=-0.16967787352265951 0.14355133149472096 0.087375284944016196 -0.0068844529214786444 0.13574237989031171 0.053241041808115355 -0.085963909491644036 0.10421706675927199 -0.12944741041322796 0.050151912858024096 0.050936388421212647 -0.049872500006816103 -0.15978902694912953 -0.121941887604883 -0.22195756371198161 -0.0083540197300405461 0.060276766750818514 -0.034770193842394347 -0.23159108031114597 -0.31862597509975399 -0.18873932068422333 0.20665054315474435 -0.11041354743072813 -0.032351030067103027 0.022019176620564289 -0.063642759122248024 -0.051582049321056325 -0.10347455639610691 0.046630846538005297 -0.10095001987532626 -0.16035534072935514
leaf_weight=126581 94771 869088 230296 515260 83194 248104 44634 51823 434939 174927 116984 43216 189486 83071 215122 86896 191801 50999 59617 77870 104685 105392 159677 30901 55801 49353 266860 62571 140555 35526
leaf_count=126581 94771 869088 230296 515260 83194 248104 44634 51823 434939 174927 116984 43216 189486 83071 215122 86896 191801 50999 59617 77870 104685 105392 159677 30901 55801 49353 266860 62571 140555 35526
internal_value=-1.44191e-06 0.070614 -0.0926388 0.112498 -0.0647761 -0.0828928 0.0243553 -0.159862 0.0423707 -0.00852507 -0.0201578 -0.0485334 -0.120757 -0.152419 -0.0191534 0.0285606 -0.00513422 -0.137037 -0.213446 -0.24508 0.147716 -0.0362931 -0.0394706 -0.0803943 0.0100435 0.0283771 -0.124781 0.105002 -0.0644638 -0.0756174
internal_weight=5e+06 2.83724e+06 2.16276e+06 1.48903e+06 1.52901e+06 1.0944e+06 1.3482e+06 633750 870978 477225 432591 573744 520661 272557 434609 713636 278697 444440 189310 137487 619945 351415 530528 136293 280081 224280 393441 157342 300232 152510
internal_count=5000000 2837236 2162764 1489033 1529014 1094405 1348203 633750 870978 477225 432591 573744 520661 272557 434609 713636 278697 444440 189310 137487 619945 351415 530528 136293 280081 224280 393441 157342 300232 152510
cat_boundaries=0 1 2 3 4 5 6 7 8 9 10 11 12 13 14
cat_threshold=6158 2016 129024 1048064 1047552 261632 384 522240 6 4192256 1072 2072 2 2064
is_linear=0
shrinkage=0.1


Tree=23
num_leaves=31
num_cat=11
split_feature=23 0 23 29 75 0 75 73 72 76 72 75 75 72 76 76 72 72 84 41 72 75 72 75 76 48 74 27 75 74
split_gain=2.64937e+06 450009 328311 106578 91321.9 91251.5 87722.2 73559.2 71369.6 70133.9 66068.5 55422.2 52027.5 51599.5 49565 46808.9 46207 39969.7 39751.6 38828.4 35200.2 34530.6 51062.6 33621.2 33030.6 29716.4 28743 28659.4 28371.6 25659.1
threshold=11.650000095367433 21.550000190734867 1.2500000000000002 1.0000000180025095e-35 0 15.250000000000002 1 136.97330474853518 42.466650009155281 2 34.80999946594239 3 4 42.466650009155281 5 6 35.097499847412116 36.436649322509773 1.0000000180025095e-35 1.0000000180025095e-35 40.00164985656739 7 36.851650238037116 8 9 1.7500000000000002 71.000000000000014 1.0000000180025095e-35 10 78.500000000000014
decision_type=10 2 8 8 1 2 1 2 2 1 2 1 1 2 1 1 2 2 8 8 2 1 2 1 1 10 2 10 1 2
left_child=2 5 8 4 10 19 9 -6 18 17 -4 13 14 24 -10 -5 -8 -3 28 25 26 -7 -23 -18 -9 -2 -12 -14 -1 -26
right_child=1 6 3 15 7 21 16 11 12 -11 20 -13 27 -15 -16 -17 23 -19 -20 -21 -22 22 -24 -25 29 -27 -28 -29 -30 -31
leaf_value=-0.1411076800236814 0.030028680822794074 0.1995650720372702 -0.03908734188392906 -0.066793527906874414 0.024037143264659139 0.072138071057859632 0.10568564928541456 0.011180229120352785 -0.29481426091490398 0.10357468311545717 -0.06620612524782081 0.017442807758432596 -0.12560209128915023 -0.1105189127521321 -0.17087362203298345 -0.18970794751340719 0.069349913867925189 0.12611960620614995 -0.19326271917957505 -0.070507247081754265 -0.20480724061176209 0.051132892854705458 -0.0097324151322799365 -0.018652830509158735 -0.021259501495956967 -0.017737351826518585 -0.13180278358968742 -0.27999364537081822 -0.081689327214884269 -0.089132990780144153
leaf_weight=119111 281591 184510 228133 50521 213703 368537 322885 95942 56165 327099 137636 115151 144668 141033 76161 80259 170416 123823 53515 71743 34912 495027 191026 58252 100492 242327 129789 13113 247505 124955
leaf_count=119111 281591 184510 228133 50521 213703 368537 322885 95942 56165 327099 137636 115151 144668 141033 76161 80259 170416 123823 53515 71743 34912 495027 191026 58252 100492 242327 129789 13113 247505 124955
internal_value=-1.5424e-06 0.0635525 -0.0833754 -0.0561309 -0.0476103 0.0297764 0.110511 -0.0260873 -0.139094 0.13584 -0.0797132 -0.0446339 -0.177241 -0.0600912 -0.223498 -0.142245 0.0813263 0.170065 -0.112752 -0.00151233 -0.110371 0.047449 0.0341849 0.0469339 -0.0379641 0.00793553 -0.0980421 -0.138425 -0.101 -0.0588761
internal_weight=5e+06 2.83724e+06 2.16276e+06 1.45253e+06 1.32175e+06 1.65025e+06 1.18698e+06 791276 710238 635432 530470 577573 290107 462422 132326 130780 551553 308333 420131 595661 302337 1.05459e+06 686053 228668 321389 523918 267425 157781 366616 225447
internal_count=5000000 2837236 2162764 1452526 1321746 1650251 1186985 791276 710238 635432 530470 577573 290107 462422 132326 130780 551553 308333 420131 595661 302337 1054590 686053 228668 321389 523918 267425 157781 366616 225447
cat_boundaries=0 1 2 3 4 5 6 7 8 9 10 11
cat_threshold=4102 384 523776 3096 6 8389119 523776 448 576 523264 2
is_linear=0
shrinkage=0.1


Tree=24
num_leaves=31
num_cat=13
split_feature=75 72 23 76 75 72 73 75 72 76 76 87 76 72 48 76 36 75 13 72 74 39 75 25 74 75 75 74 76 74
split_gain=2.17625e+06 505640 298130 185609 140864 89920.5 89076.8 86630.1 82598.2 78985.2 75866.8 71157.3 70842.6 64392.5 63868.2 62535.1 52324.7 48924.3 48418.4 45620.3 43785.9 39225.8 38967 38136.9 37097.1 36962.7 33959.8 33461.5 31054.7 30268.9
threshold=0 35.906650543212898 19.849999427795414 1 2 36.658300399780281 142.07500457763675 3 31.440000534057621 4 5 1.0000000180025095e-35 6 42.100000381469734 1.8499999642372134 7 1.0000000180025095e-35 8 21.94999980926514 41.162500381469734 80.500000000000014 1.0000000180025095e-35 9 1.0000000180025095e-35 143.50000000000003 10 11 249.50000000000003 12 143.50000000000003
decision_type=1 2 8 1 1 2 2 1 2 1 1 10 1 2 8 1 10 1 8 2 2 8 1 10 2 1 1 2 1 2
left_child=2 4 9 6 12 10 11 19 -6 -1 18 14 -2 27 25 -10 24 -15 23 -5 -16 29 -7 -4 -14 -3 -8 -11 -24 -17
right_child=1 3 5 7 8 22 26 -9 15 13 -12 -13 16 17 20 21 -18 -19 -20 -21 -22 -23 28 -25 -26 -27 -28 -29 -30 -31
leaf_value=0.07438115359137025 0.053252269698859184 -0.03206501614623624 0.09533421934497377 -0.006259508472536016 0.06074931349589157 -0.037506576879317799 -0.28788566634366397 -0.1084645528614257 -0.025362182946271579 0.045832579655563255 0.085293703105759122 -0.22472356937097807 0.021317036419262733 0.044297813598019625 -0.12309702035802379 -0.061810329417678313 -0.14414509899259187 -0.056689412442714249 0.1722280168079382 -0.082974200263164169 -0.22686175796401967 -0.22107379636589353 0.09072227189498433 0.22967069758796688 -0.054928853749151386 -0.1100194419028344 -0.18329989388288587 -0.0049401572630572406 0.033677549266976296 -0.13076167971460448
leaf_weight=264440 269740 94702 212215 202914 56829 38887 46095 323788 219455 407088 496415 65835 195828 64583 115756 188404 29115 186455 244544 125438 62690 22929 233514 23470 94658 170166 95865 190566 161454 96162
leaf_count=264440 269740 94702 212215 202914 56829 38887 46095 323788 219455 407088 496415 65835 195828 64583 115756 188404 29115 186455 244544 125438 62690 22929 233514 23470 94658 170166 95865 190566 161454 96162
internal_value=-1.52617e-06 -0.0666015 0.0653512 -0.109473 -0.0189745 0.0958849 -0.147242 -0.0717609 -0.0537907 0.0266611 0.112714 -0.127714 0.0155137 0.0117912 -0.113307 -0.0661443 -0.0163379 -0.0307095 0.141053 -0.0355652 -0.159551 -0.095246 0.0580024 0.108712 -0.00352851 -0.0821527 -0.217293 0.0296434 0.0674051 -0.0851107
internal_weight=5e+06 2.47637e+06 2.52363e+06 1.30325e+06 1.17312e+06 1.4105e+06 651109 652140 583779 1.11313e+06 976644 509149 589341 848692 443314 526950 319601 251038 480229 328352 178446 307495 433855 235685 290486 264868 141960 597654 394968 284566
internal_count=5000000 2476369 2523631 1303249 1173120 1410499 651109 652140 583779 1113132 976644 509149 589341 848692 443314 526950 319601 251038 480229 328352 178446 307495 433855 235685 290486 264868 141960 597654 394968 284566
cat_boundaries=0 1 2 3 4 5 6 7 8 9 10 11 12 13
cat_threshold=2016 14680575 2072 2072 261632 1047552 2096128 1047552 384 1056 2064 6 1048064
is_linear=0
shrinkage=0.1


Tree=25
num_leaves=31
num_cat=12
split_feature=75 72 72 74 76 75 75 76 75 76 48 75 72 75 76 76 74 26 30 24 48 72 88 42 76 48 12 74 84 73
split_gain=1.76278e+06 411296 253980 215535 169463 124491 89687.1 86296.1 84171.2 69074.1 65168.4 61813.3 61793.5 60033.6 58899.7 54110.1 53056.5 46554.4 42279.5 39961.6 35648.8 35538.4 34467 33708.3 33173.2 28957.3 26947.1 26618.3 25351 25090.1
threshold=0 38.602500915527351 39.536699295043952 291.50000000000006 1 2 3 4 5 6 1.2500000000000002 7 31.958350181579593 8 9 10 237.00000000000003 1.0000000180025095e-35 1.0000000180025095e-35 1.0000000180025095e-35 2.1499999761581425 30.90164947509766 2.8500000238418584 1.0000000180025095e-35 11 2.5499999523162846 8.8499999046325701 408.50000000000006 1.0000000180025095e-35 142.07500457763675
decision_type=1 2 2 2 1 1 1 1 1 1 8 1 2 1 1 1 2 10 10 2 8 2 10 10 1 8 8 2 10 2
left_child=2 3 4 5 13 12 -6 -3 26 -5 -11 29 -2 -1 18 -14 21 20 23 27 -13 -8 -17 28 -10 -23 -4 -15 -7 -9
right_child=1 7 8 9 6 14 16 11 24 10 -12 17 15 19 -16 22 -18 -19 -20 -21 -22 25 -24 -25 -26 -27 -28 -29 -30 -31
leaf_value=0.15869241518171348 0.044116350453298037 -0.072930112252679161 0.007671304251327421 -0.047921127563443897 0.09383537181848893 0.016123460300348842 0.14368219657545228 -0.16391488478306493 0.058720667055572884 -0.089395182028318781 -0.19924318970504262 -0.080115548031682166 -0.0070317218438247899 0.096961249811406858 0.045358769807662 -0.061810170295487181 -0.010256831373137886 -0.22787327585772649 -0.13077100703873282 0.18609895015529151 -0.14881549531174065 0.05522021324703677 -0.14172759456634595 -0.12172985311040246 0.0046449834228691469 -0.0030983651781425719 -0.066017233114957996 0.024548392838528763 -0.1127415796270487 -0.24380701716953795
leaf_weight=232841 71117 261234 72659 160174 387804 234706 37959 108552 226921 133200 90839 191554 169167 352163 355933 347488 194820 35568 28431 44679 124705 424556 63888 21860 226865 106500 156551 59313 16328 61625
leaf_count=232841 71117 261234 72659 160174 387804 234706 37959 108552 226921 133200 90839 191554 169167 352163 355933 347488 194820 35568 28431 44679 124705 424556 63888 21860 226865 106500 156551 59313 16328 61625
internal_value=-1.46545e-06 -0.0599416 0.0588162 -0.0322233 0.0781411 -0.0128928 0.0546699 -0.119861 0.00673751 -0.0980776 -0.133928 -0.143344 -0.0438645 0.11737 0.0178156 -0.054643 0.0347844 -0.1194 -0.0147196 0.0962742 -0.107205 0.0502063 -0.0742198 -0.00262954 0.0316869 0.0435248 -0.0426563 0.0865232 0.00774169 -0.192834
internal_weight=5e+06 2.47637e+06 2.52363e+06 1.69313e+06 1.84064e+06 1.30892e+06 1.15164e+06 783238 682996 384213 224039 522004 651660 688996 657258 580543 763835 351827 301325 456155 316259 569015 411376 272894 453786 531056 229210 411476 251034 170177
internal_count=5000000 2476369 2523631 1693131 1840635 1308918 1151639 783238 682996 384213 224039 522004 651660 688996 657258 580543 763835 351827 301325 456155 316259 569015 411376 272894 453786 531056 229210 411476 251034 170177
cat_boundaries=0 1 2 3 4 5 6 7 8 9 10 11 12
cat_threshold=2016 523264 4102 384 261120 1056 1047552 6 384 12583423 260096 1048320
is_linear=0
shrinkage=0.1


Tree=26
num_leaves=31
num_cat=9
split_feature=75 72 23 76 48 76 11 72 74 74 72 76 38 30 75 72 75 11 27 73 72 75 72 76 85 90 72 26 48 76
split_gain=1.45296e+06 296617 276155 139363 107642 93283.8 89408.5 77608.4 70376.6 65020.2 62142.9 54694.3 49355.4 48171.9 46865.1 46272.4 41407.3 39705.6 39176.8 38766.3 37576.6 32652.2 33847.6 31883.8 31039 30703.2 29144 29054.2 28326.4 27570.2
threshold=0 34.80999946594239 18.849999427795414 1 2.3500000238418584 2 19.550000190734867 36.436649322509773 69.500000000000014 48.500000000000007 30.90164947509766 3 1.0000000180025095e-35 1.0000000180025095e-35 4 40.964998245239265 5 21.250000000000004 1.0000000180025095e-35 140.11250305175784 39.600799560546882 6 30.03750038146973 7 2.0499999523162846 1.0000000180025095e-35 41.475000381469734 1.0000000180025095e-35 2.2500000000000004 8
decision_type=1 2 8 1 8 1 8 2 2 2 2 1 10 8 1 2 1 8 10 2 2 1 2 1 10 10 2 10 10 1
left_child=1 10 5 20 9 6 18 11 19 26 -1 17 23 16 -9 29 25 27 -2 -6 -3 -13 -23 24 -12 -11 -5 -4 -8 -7
right_child=2 3 7 4 8 15 28 14 -10 13 12 21 -14 -15 -16 -17 -18 -19 -20 -21 -22 22 -24 -25 -26 -27 -28 -29 -30 -31
leaf_value=0.077705602960075337 -0.031362095089934462 -0.017303518540078021 0.07605173224803656 -0.018162594366082838 -0.071041681877707832 0.09924758559594353 0.045957663085935525 0.052925795520934751 -0.21368984712090602 -0.064363382157234236 -0.021970981903873758 0.095651408436860361 -0.12642249919154047 -0.21203917024576843 -0.038610386906942934 0.0035761433314644197 -0.13774094290108549 0.15306487378258951 -0.12698305955553466 -0.15961617090214542 -0.07903926069121664 0.13302487407737301 0.040767720367156583 0.010440602867631642 -0.12005578356077884 -0.20037968160789688 -0.098085243513955644 0.20763125040216202 -0.038148321301193049 0.042407377055255262
leaf_weight=75789 379044 258416 180094 153658 91050 123771 225296 475559 130074 245535 176472 314493 39590 40621 63383 228018 162647 181008 48308 108052 159413 45240 328748 301370 39481 17799 64895 18506 48700 274970
leaf_count=75789 379044 258416 180094 153658 91050 123771 225296 475559 130074 245535 176472 314493 39590 40621 63383 228018 162647 181008 48308 108052 159413 45240 328748 301370 39481 17799 64895 18506 48700 274970
internal_value=-1.27225e-06 -0.0642715 0.0452127 -0.0894634 -0.109484 0.0114719 -0.0135817 0.0730976 -0.156484 -0.0869057 -0.00724896 0.0887078 -0.0188102 -0.107989 0.0421608 0.0395067 -0.0980667 0.119185 -0.0421711 -0.119111 -0.0408564 0.0719007 0.0519264 -0.0105748 -0.0399012 -0.0735541 -0.041894 0.0883126 0.0310087 0.0600544
internal_weight=5e+06 2.06486e+06 2.93514e+06 1.43216e+06 1.01433e+06 1.32811e+06 701348 1.60703e+06 329176 685155 632702 1.06809e+06 556913 466602 538942 626759 425981 379608 427352 199102 417829 688481 373988 517323 215953 263334 218553 198600 273996 398741
internal_count=5000000 2064862 2935138 1432160 1014331 1328107 701348 1607031 329176 685155 632702 1068089 556913 466602 538942 626759 425981 379608 427352 199102 417829 688481 373988 517323 215953 263334 218553 198600 273996 398741
cat_boundaries=0 1 2 3 4 5 6 7 8 9
cat_threshold=6158 260096 12583167 260096 960 6152 384 8389119 129024
is_linear=0
shrinkage=0.1


Tree=27
num_leaves=31
num_cat=10
split_feature=75 72 75 72 74 73 76 76 72 76 25 90 32 76 85 48 75 76 48 24 33 33 49 0 71 72 76 74 76 74
split_gain=1.1769e+06 243228 239037 141650 136161 99352.2 74108.4 72633.6 70254.4 68303.4 57439 50068.7 42971.5 42077 40357.4 39566.9 38387.4 35389.9 51523 31272.5 29819.3 29723.5 28792.7 27051.2 26548.9 25438.7 24358.6 24314.2 23237 22512.9
threshold=0 39.307500839233406 1 35.906650543212898 291.50000000000006 140.62335205078128 2 3 31.958350181579593 4 1.0000000180025095e-35 1.0000000180025095e-35 1.0000000180025095e-35 5 2.2500000000000004 3.3500000238418584 6 7 1.3499999642372134 1.0000000180025095e-35 1.0000000180025095e-35 1.0000000180025095e-35 2.7500000000000004 33.45000076293946 2.5499999523162846 41.162500381469734 8 291.50000000000006 9 58.500000000000007
decision_type=1 2 1 2 2 2 1 1 2 1 10 10 8 1 10 8 1 1 8 2 8 10 10 2 8 2 1 2 1 2
left_child=1 4 5 13 8 6 19 11 -1 14 12 22 16 -4 20 29 -3 -6 -19 23 -10 -15 -5 -2 -17 -9 -18 -8 -7 -11
right_child=2 10 3 7 17 28 27 25 9 15 -12 -13 -14 21 -16 24 26 18 -20 -21 -22 -23 -24 -25 -26 -27 -28 -29 -30 -31
leaf_value=0.052506480245207002 0.098386437740388813 -0.07136287620074741 0.069826217497317614 -0.031014393847617977 -0.042080273423600045 0.048258624403951039 0.070503160065773438 0.027398480719563412 -0.03546360442172828 0.030088025731763932 -0.20858989443233275 -0.18420063334226977 -0.20226493691667213 0.02686955967749103 -0.12276600120333431 -0.098244283473577221 -0.1755279499634716 -0.076422954591153835 -0.17274995370878421 0.18928541263580267 -0.13965722909457684 -0.080970203308721622 -0.113477801283449 0.23664631916960499 -0.015700046262617135 -0.027275779501103242 -0.10160715963108638 0.026675655441288079 0.0032024677309510328 -0.014956499191305976
leaf_weight=118942 394294 291305 297271 222840 95851 228900 600918 222039 321852 230858 56521 29295 39855 269852 80694 65820 70952 141214 91510 47236 30030 28233 52273 14678 95500 137985 120327 160359 228965 213631
leaf_count=118942 394294 291305 297271 222840 95851 228900 600918 222039 321852 230858 56521 29295 39855 269852 80694 65820 70952 141214 91510 47236 30030 28233 52273 14678 95500 137985 120327 160359 228965 213631
internal_value=-1.12016e-06 -0.0578444 0.0406915 0.00778175 -0.0364212 0.065438 0.0803723 -0.0239593 -0.0202917 -0.0286303 -0.112828 -0.0599151 -0.102468 0.0432057 -0.0589811 -0.00695736 -0.0942261 -0.0932335 -0.114295 0.112244 -0.0443556 0.016655 -0.0466829 0.103349 -0.0493788 0.00644351 -0.129035 0.0612703 0.0257285 0.00843866
internal_weight=5e+06 2.06486e+06 2.93514e+06 1.25979e+06 1.4859e+06 1.67535e+06 1.21748e+06 664432 1.15733e+06 1.03838e+06 578960 304408 522439 595356 432576 605809 482584 328575 232724 456208 351882 298085 275113 408972 161320 360024 191279 761277 457865 444489
internal_count=5000000 2064862 2935138 1259788 1485902 1675350 1217485 664432 1157327 1038385 578960 304408 522439 595356 432576 605809 482584 328575 232724 456208 351882 298085 275113 408972 161320 360024 191279 761277 457865 444489
cat_boundaries=0 1 2 3 4 5 6 7 8 9 10
cat_threshold=6158 960 261632 14680319 8389119 4193280 6152 260096 511 1048320
is_linear=0
shrinkage=0.1


Tree=28
num_leaves=31
num_cat=9
split_feature=75 72 72 76 76 49 75 10 11 74 29 75 72 75 75 87 72 74 42 73 75 74 26 72 12 12 12 11 76 24
split_gain=958914 245489 152367 137907 107987 71587 70717.3 59526.8 55397.1 53786.2 52155.6 51947.3 48949.6 46930.7 44437.7 35407.1 34786.7 30241 29600.8 28945.3 27292.8 25772.4 24923.9 23924 21533.4 21381.7 21207.8 21087.1 20608.6 21605.5
threshold=0 34.80999946594239 41.475000381469734 1 2 2.1499999761581425 3 23.550000190734867 -3.1499999761581416 69.500000000000014 1.0000000180025095e-35 4 30.90164947509766 5 6 1.0000000180025095e-35 41.828350067138679 396.50000000000006 1.0000000180025095e-35 140.11250305175784 7 94.000000000000014 1.0000000180025095e-35 39.600799560546882 3.2500000000000004 10.650000095367433 3.2500000000000004 13.250000000000002 8 1.0000000180025095e-35
decision_type=1 2 2 1 1 8 1 8 10 2 10 1 2 1 1 10 2 2 10 2 1 2 10 2 10 10 8 10 1 2
left_child=2 12 4 5 11 8 16 21 -3 19 15 -1 -2 -4 -14 20 27 22 -16 -7 -10 -6 -13 25 -18 -8 -25 -5 29 -15
right_child=1 3 13 6 7 9 23 -9 10 -11 -12 17 14 28 18 -17 24 -19 -20 -21 -22 -23 -24 26 -26 -27 -28 -29 -30 -31
leaf_value=0.11397339135328342 0.072134066391575394 -0.17581593126372486 0.036799685585699217 0.014621964266174004 0.033381676122442645 -0.05560326237498342 -0.044965691095971622 0.058243616136303425 -0.013904898600362628 -0.19411442809048782 -0.17379693050556944 0.06589582717282369 0.019477586309666298 -0.043230249439935302 -0.024362912333588851 -0.16692561421582727 -0.026715301295880369 0.01070003392043898 -0.1470345985677784 -0.14092398718194155 -0.067141888047940607 -0.0095136174193221935 0.13899458771497222 -0.088393024099256201 -0.11274654465869823 -0.23380444865874123 -0.25756152345658551 -0.060928877193513677 -0.0048807103037566638 -0.17689993341241772
leaf_weight=312370 90655 48885 170252 296150 275909 73271 280411 534892 156231 104529 39637 470513 335666 138904 310921 26075 86718 91086 20999 86944 251100 284489 51777 168306 43783 6127 7752 42209 180194 13245
leaf_count=312370 90655 48885 170252 296150 275909 73271 280411 534892 156231 104529 39637 470513 335666 138904 310921 26075 86718 91086 20999 86944 251100 284489 51777 168306 43783 6127 7752 42209 180194 13245
internal_value=-1.06201e-06 -0.0442099 0.0433799 -0.0651264 0.0556334 -0.0959547 -0.0390885 0.0343813 -0.0744713 -0.138312 -0.0639982 0.0807764 0.00318494 -0.00589307 -0.00617802 -0.0539566 -0.0117187 0.0638687 -0.0321228 -0.101904 -0.0467249 0.0116057 0.0731424 -0.0668281 -0.0555787 -0.0490036 -0.0958417 0.00519728 -0.0277639 -0.054863
internal_weight=5e+06 2.47637e+06 2.52363e+06 1.71813e+06 2.02104e+06 786672 931456 1.09529e+06 521928 264744 473043 925746 758241 502595 667586 433406 468860 613376 331920 160215 407331 560398 522290 462596 130501 286538 176058 338359 332343 152149
internal_count=5000000 2476369 2523631 1718128 2021036 786672 931456 1095290 521928 264744 473043 925746 758241 502595 667586 433406 468860 613376 331920 160215 407331 560398 522290 462596 130501 286538 176058 338359 332343 152149
cat_boundaries=0 1 2 3 4 5 6 7 8 9
cat_threshold=2016 12583423 1048064 2072 384 384 2072 2064 14680319
is_linear=0
shrinkage=0.1


Tree=29
num_leaves=31
num_cat=11
split_feature=75 75 72 72 76 74 72 73 76 76 76 90 71 48 76 75 30 72 48 13 72 91 76 31 76 37 75 35 90 74
split_gain=786289 223826 139983 134286 86556.9 79318 72466.9 43968.9 34948.7 34264.9 33903.3 33019.6 31541.9 39782.6 31475.3 27962.3 26759.7 26008.5 32520.4 24562.9 23555.6 22170 21015.5 25441 20445.9 20367.4 20161.1 20149.6 20049.6 19786.9
threshold=0 1 34.80999946594239 38.602500915527351 2 199.50000000000003 35.906650543212898 142.07500457763675 3 4 5 1.0000000180025095e-35 2.0499999523162846 2.1499999761581425 6 7 1.0000000180025095e-35 30.90164947509766 2.7500000000000004 11.250000000000002 38.602500915527351 2.3500000238418584 8 1.0000000180025095e-35 9 1.0000000180025095e-35 10 1.0000000180025095e-35 1.0000000180025095e-35 125.50000000000001
decision_type=1 1 2 2 1 2 2 2 1 1 1 10 10 8 1 1 8 2 10 10 2 10 1 10 1 10 1 10 10 2
left_child=2 6 12 5 7 14 10 16 -7 -8 -2 22 13 -1 -3 -6 21 -16 25 20 29 28 23 -5 -13 -19 -11 -10 -4 -17
right_child=1 3 4 11 15 8 9 -9 27 26 -12 24 -14 -15 17 19 -18 18 -20 -21 -22 -23 -24 -25 -26 -27 -28 -29 -30 -31
leaf_value=-0.011830606462080624 0.053203289073021742 0.070553836301916625 -0.065001760285128371 -0.04510776776420343 -0.087414030683125921 0.031245784528429854 0.068167956292690332 -0.17663779782407246 -0.028421700394424355 0.039820981978732607 0.094755709163463667 -0.033213215244639445 0.0126372515414241 -0.098137738131778965 0.10766945209219932 0.011863766729553957 -0.16535286287990705 0.040729655824161173 -0.026327631056964725 -0.17147847054264218 -0.060344273736182265 -0.1369709158966006 -0.01229677842636389 -0.1801892229841785 -0.16513021327749045 -0.041579975270107372 0.0049494426433422389 -0.12480087276258384 -0.16024263692317542 -0.043453593843872186
leaf_weight=181487 362705 227364 260465 204068 171066 104282 220814 78523 231380 337474 428435 18631 250317 75677 36715 127521 47350 368082 114957 13932 226628 67129 260220 14965 31883 32737 325922 23936 24153 131182
leaf_count=181487 362705 227364 260465 204068 171066 104282 220814 78523 231380 337474 428435 18631 250317 75677 36715 127521 47350 368082 114957 13932 226628 67129 260220 14965 31883 32737 325922 23936 24153 131182
internal_value=-9.38943e-07 0.0278982 -0.0563672 0.00198135 -0.0757019 0.0213212 0.0537201 -0.108233 -0.0175328 0.0340476 0.0757075 -0.0396159 -0.0126321 -0.0372287 0.0392372 -0.0525206 -0.094777 0.0263478 0.0205595 -0.0405634 -0.0368061 -0.0852765 -0.0315107 -0.0543345 -0.116515 0.034007 0.0226892 -0.0374558 -0.073084 -0.0161863
internal_weight=5e+06 3.34457e+06 1.65543e+06 1.66922e+06 1.14795e+06 1.13945e+06 1.67535e+06 477620 359598 884210 791140 529767 507481 257164 779855 670329 399097 552491 515776 499263 485331 351747 479253 219033 50514 400819 663396 255316 284618 258703
internal_count=5000000 3344570 1655430 1669220 1147949 1139453 1675350 477620 359598 884210 791140 529767 507481 257164 779855 670329 399097 552491 515776 499263 485331 351747 479253 219033 50514 400819 663396 255316 284618 258703
cat_boundaries=0 1 2 3 4 5 6 7 8 9 10 11
cat_threshold=4110 960 8389119 260096 129024 14680319 260096 2 13107455 130816 384
is_linear=0
shrinkage=0.1


Tree=30
num_leaves=31
num_cat=10
split_feature=75 73 72 74 75 76 76 48 76 28 48 71 76 88 74 71 26 76 24 48 35 75 31 13 72 75 48 72 75 72
split_gain=640892 148736 140569 98230.3 93690.5 55363.7 48095.5 60141 46175.2 43000 40237 52936.2 33089.7 36818.7 32962.4 32773.1 31284.9 30322.1 27377.8 23016.4 21783.7 21584.1 21145.3 19305.4 18823.2 19050.4 18818.6 18321.8 18125.3 17113.9
threshold=0 140.77750396728518 35.906650543212898 94.000000000000014 1 2 3 1.0500000119209292 4 1.0000000180025095e-35 3.1499999761581425 2.4500000476837163 5 1.9499999880790713 118.00000000000001 1.0500000119209292 1.0000000180025095e-35 6 1.0000000180025095e-35 1.2500000000000002 1.0000000180025095e-35 7 1.0000000180025095e-35 23.349999427795414 30.90164947509766 8 2.1499999761581425 31.958350181579593 9 41.828350067138679
decision_type=1 2 2 2 1 1 1 8 1 10 8 8 1 8 2 8 10 1 2 8 8 1 10 8 2 1 10 2 1 2
left_child=1 3 5 10 17 18 -5 22 16 12 20 -12 -3 -14 24 -9 -6 26 23 -15 21 -1 -8 -2 -7 -26 -4 -17 -16 -10
right_child=2 9 4 6 8 14 7 15 29 -11 11 -13 13 19 28 27 -18 -19 -20 -21 -22 -23 -24 -25 25 -27 -28 -29 -30 -31
leaf_value=-0.024469390522609599 0.05945485686107238 -0.043348942007811073 0.021590143820854155 -0.014162313592654716 -0.044167646090256509 0.10918511292284294 -0.028252791415336043 -0.15854328250765359 0.014584655746843153 -0.18632533882230373 -0.095765540066479984 -0.0049258599484620913 -0.061170614882819788 -0.079142930344954052 -0.010954742823181304 0.014354054514473663 -0.1725014257508557 0.047676118120367782 0.15413012681603605 -0.15560793768055009 -0.053991025954526622 0.025498393258742286 -0.14002513566938932 0.10691744844869389 0.078038946525590847 0.035647990597094351 -0.031400107972878642 -0.093409700859328357 0.034730227944005383 -0.026190310337849212
leaf_weight=107934 294149 159407 320501 195110 200643 55610 215676 84139 280050 41782 97442 187766 141128 59485 152398 17794 20982 478971 46587 116384 49129 434137 18367 120932 149346 365598 84738 139182 201876 162757
leaf_count=107934 294149 159407 320501 195110 200643 55610 215676 84139 280050 41782 97442 187766 141128 59485 152398 17794 20982 478971 46587 116384 49129 434137 18367 120932 149346 365598 84738 139182 201876 162757
internal_value=-8.32114e-07 -0.0426858 0.030028 -0.0271512 0.00932124 0.0531565 -0.0559684 -0.0731331 -0.0190529 -0.0890541 -0.00511211 -0.0359615 -0.0805231 -0.0992123 0.0390366 -0.108186 -0.0563149 0.0306426 0.0814394 -0.129745 0.0097703 0.0155491 -0.0370244 0.0732829 0.0539135 0.0479446 0.0105093 -0.0811942 0.0150786 -0.000402477
internal_weight=5e+06 2.06486e+06 2.93514e+06 1.54668e+06 1.54864e+06 1.3865e+06 670268 475158 664432 518186 876408 285208 476404 316997 924828 241115 221625 884210 461668 175869 591200 542071 234043 415081 570554 514944 405239 156976 354274 442807
internal_count=5000000 2064862 2935138 1546676 1548642 1386496 670268 475158 664432 518186 876408 285208 476404 316997 924828 241115 221625 884210 461668 175869 591200 542071 234043 415081 570554 514944 405239 156976 354274 442807
cat_boundaries=0 1 2 3 4 5 6 7 8 9 10
cat_threshold=6158 960 522240 260096 8388735 261120 14680319 2 384 1072
is_linear=0
shrinkage=0.1


Tree=31
num_leaves=31
num_cat=7
split_feature=75 75 72 72 74 76 76 72 48 73 76 74 48 71 48 31 71 40 74 76 76 81 27 88 72 72 72 13 33 74
split_gain=531698 147595 126422 102306 74940.1 70151.5 54994.3 34751.7 45877 33842.3 32320.4 30222.8 27073.2 25093.2 28854.6 24873.6 22570.2 21116.3 20065 19037.3 18046 19649.6 17549.3 17273.6 16876.5 16819.7 16809.6 17671.9 15392.2 14268.4
threshold=0 1 41.828350067138679 34.369150161743171 396.50000000000006 2 3 31.958350181579593 2.7500000000000004 141.68669891357425 4 132.50000000000003 1.5500000119209292 2.0499999523162846 2.0499999523162846 1.0000000180025095e-35 1.2500000000000002 1.0000000180025095e-35 58.500000000000007 5 6 1.0000000180025095e-35 1.0000000180025095e-35 2.5499999523162846 41.828350067138679 31.958350181579593 40.420000076293952 9.2500000000000018 1.0000000180025095e-35 249.50000000000003
decision_type=1 1 2 2 2 1 1 2 10 2 1 2 10 10 8 10 8 10 2 1 1 10 10 10 2 2 2 8 10 2
left_child=3 10 4 17 6 9 22 -8 15 11 -2 23 -13 14 -7 18 -10 25 -9 -17 21 28 -3 -5 29 -1 27 -15 -4 -12
right_child=1 2 20 5 -6 13 7 8 16 -11 24 12 -14 26 -16 19 -18 -19 -20 -21 -22 -23 -24 -25 -26 -27 -28 -29 -30 -31
leaf_value=0.041736670224111705 0.092627913672605575 0.051611707899395932 -0.041673108891647485 -0.04050167981468486 -0.024693084963396027 -0.03669956682795187 0.073042807154819089 0.044273883085770002 -0.088139927115103406 -0.13965525943607893 0.065003007268450097 -0.081032626967331989 -0.16681134935750225 0.0018746861708275114 -0.093842635807169672 0.022272436870839851 -0.010846847036678771 -0.082724481763084945 0.012909178208038231 -0.076598608942752291 -0.020229018389518617 -0.16696702942581856 0.11525852628173323 -0.1059539996367537 0.014687658183636952 -0.007805777182416253 -0.052381862755130529 -0.09459552182141473 -0.1615719661344214 0.025955703323491033
leaf_weight=91183 212875 450401 154560 200500 296478 231518 105765 396399 49113 103014 390767 115735 53944 220967 142915 36238 163713 30023 420154 42084 302773 15716 47932 50471 125047 275804 118582 20774 11504 123051
leaf_count=91183 212875 450401 154560 200500 296478 231518 105765 396399 49113 103014 390767 115735 53944 220967 142915 36238 163713 30023 420154 42084 302773 15716 47932 50471 125047 275804 118582 20774 11504 123051
internal_value=-7.23165e-07 0.0229414 0.010662 -0.0463519 0.0217238 -0.0603153 0.029763 0.0182762 0.0130472 -0.0882828 0.0588795 -0.0757042 -0.108303 -0.040381 -0.0585101 0.0229719 -0.0286835 -0.00209271 0.0281353 -0.0308599 -0.0351845 -0.0600901 0.0577324 -0.0536643 0.047633 0.00450373 -0.021543 -0.00641548 -0.049979 0.0556518
internal_weight=5e+06 3.34457e+06 2.49283e+06 1.65543e+06 2.00828e+06 1.25842e+06 1.7118e+06 1.21347e+06 1.1077e+06 523664 851740 420650 169679 734756 374433 894875 212826 397010 816553 78322 484553 181780 498333 250971 638865 366987 360323 241741 166064 513818
internal_count=5000000 3344570 2492830 1655430 2008277 1258420 1711799 1213466 1107701 523664 851740 420650 169679 734756 374433 894875 212826 397010 816553 78322 484553 181780 498333 250971 638865 366987 360323 241741 166064 513818
cat_boundaries=0 1 2 3 4 5 6 7
cat_threshold=4110 384 8389119 260096 129024 8128256 12583039
is_linear=0
shrinkage=0.1


Tree=32
num_leaves=31
num_cat=6
split_feature=75 73 74 76 75 72 76 91 11 88 71 48 72 74 74 76 85 37 84 25 0 28 48 74 76 48 48 31 91 1
split_gain=440057 142056 97968.8 74012.2 62915.6 40862.3 39493.6 44759.7 37422.6 32035.9 31024.9 40320.5 26965.8 26486.8 25534.5 22475.5 30329.2 24296.6 22672.6 20465.2 20141.5 19229 18613.7 18385.1 18024.3 24180 16127.7 15337.8 15272.3 13898.3
threshold=0 140.759147644043 291.50000000000006 1 2 40.354150772094734 3 1.6500000357627871 24.94999980926514 1.4499999880790713 1.5500000119209292 1.7500000000000002 32.826700210571296 760.00000000000011 509.50000000000006 4 2.2500000000000004 1.0000000180025095e-35 1.0000000180025095e-35 1.0000000180025095e-35 34.049999237060554 1.0000000180025095e-35 1.1500000357627871 15.500000000000002 5 0.84999999403953563 1.3499999642372134 1.0000000180025095e-35 2.4500000476837163 18.94999980926514
decision_type=1 2 2 1 1 2 1 8 8 8 10 10 2 2 2 1 10 10 10 10 2 10 8 2 1 8 8 10 8 10
left_child=3 2 4 8 12 14 -3 -8 21 -9 11 -6 -2 24 19 29 17 18 27 20 -5 26 -11 -24 -4 -26 -1 -17 -27 -14
right_child=1 6 13 5 10 -7 7 9 -10 22 -12 -13 15 -15 -16 16 -18 -19 -20 -21 -22 -23 23 -25 25 28 -28 -29 -30 -31
leaf_value=0.018553029159252932 0.055742386146456241 -0.030379194251317326 0.00028849258931405421 0.059016147702703338 -0.021628219748521457 0.01705143768044828 -0.039691194958886074 -0.053566080954487533 0.037249339620446784 -0.074854588846090572 -0.0063617132294559106 -0.098904035280001801 0.053668491631556459 -0.1062909395546712 0.010651748818940142 0.027297468490810863 -0.045123705795964253 -0.059981765749851326 -0.056156525535692586 0.11199741164447037 0.20687661632991491 -0.056697175511312939 -0.086329920437870716 -0.16184910766670904 -0.020528150594804999 -0.046062706123677029 -0.019813017674003116 -0.072966054741979633 -0.10609970567094379 -0.0024135375325652362
leaf_weight=261470 140552 246804 77878 758312 194965 278526 180355 94491 362122 58312 427206 103294 146620 78872 92283 405359 124989 45307 39019 86964 9326 62549 44674 115794 125819 78847 188596 15854 91589 63252
leaf_count=261470 140552 246804 77878 758312 194965 278526 180355 94491 362122 58312 427206 103294 146620 78872 92283 405359 124989 45307 39019 86964 9326 62549 44674 115794 125819 78847 188596 15854 91589 63252
internal_value=-6.47244e-07 -0.0252474 -0.0122872 0.0348597 -0.00131272 0.0507205 -0.0630455 -0.0793759 0.0126401 -0.102226 -0.0236407 -0.0483906 0.0152 -0.0536268 0.0606248 0.00841974 -0.00101542 0.00988985 0.0167683 0.0660211 0.0608125 -0.0047442 -0.123242 -0.140825 -0.0425245 -0.0537772 0.00247609 0.0235237 -0.0783254 0.0367645
internal_weight=5e+06 2.89985e+06 2.15942e+06 2.10015e+06 1.70642e+06 1.22541e+06 740430 493626 874737 313271 725465 298259 980952 453005 946885 840400 630528 505539 460232 854602 767638 512615 218780 160468 374133 296255 450066 421213 170436 209872
internal_count=5000000 2899852 2159422 2100148 1706417 1225411 740430 493626 874737 313271 725465 298259 980952 453005 946885 840400 630528 505539 460232 854602 767638 512615 218780 160468 374133 296255 450066 421213 170436 209872
cat_boundaries=0 1 2 3 4 5 6
cat_threshold=992 12583167 3096 261120 258048 126976
is_linear=0
shrinkage=0.1


Tree=33
num_leaves=31
num_cat=11
split_feature=75 72 72 74 76 75 75 10 31 76 75 75 76 87 73 0 33 78 81 31 73 43 79 88 39 76 75 33 75 90
split_gain=365951 104862 75605.3 67387.5 56461.6 47173.4 37513 27507.5 27215.6 26391.3 25081.4 24758.5 23319 23037.4 22444.4 20326.5 19494.2 19474.1 18592.4 18112.9 17862.2 17371.4 16273.4 15505.2 14332.9 13064.1 12859.9 12780.5 12356.5 12331.1
threshold=0 38.379999160766609 34.090850830078132 199.50000000000003 1 2 3 8.6500000953674334 1.0000000180025095e-35 4 5 6 7 1.0000000180025095e-35 142.07500457763675 16.550000190734867 1.0000000180025095e-35 1.0000000180025095e-35 1.0000000180025095e-35 1.0000000180025095e-35 142.07500457763675 1.0000000180025095e-35 1.0500000119209292 2.0499999523162846 1.0000000180025095e-35 8 9 1.0000000180025095e-35 10 1.0000000180025095e-35
decision_type=1 2 2 2 1 1 1 10 8 1 1 1 1 10 2 2 10 10 10 10 2 10 8 8 10 1 1 8 1 10
left_child=2 3 21 6 8 28 25 26 14 -5 24 -6 16 15 18 19 29 20 22 -13 -9 27 -4 -24 -11 -2 -7 -1 -3 -8
right_child=1 5 4 9 11 7 12 17 -10 10 -12 13 -14 -15 -16 -17 -18 -19 -20 -21 -22 -23 23 -25 -26 -27 -28 -29 -30 -31
leaf_value=0.015147933109634854 0.091856770693020534 0.029084835438090102 -0.0098297947049189593 0.043577994896901569 -0.062959527915237595 0.055181863552738422 0.026812533947839157 -0.023394305265070896 -0.14496422385093541 -0.017418029784005674 0.017326088811168549 -0.0083664524330466748 0.044293797441139128 -0.080313477367399994 -0.12187976697405004 -0.14197731093971963 -0.056511470812909359 -0.12619361893434575 -0.13190419649353055 -0.078189062002525969 -0.082296546237713694 -0.074792386636945721 -0.036041364143056219 -0.084364379128829936 -0.093766907991195678 0.054646555579124227 -0.011931586771575671 -0.066488161790879227 -0.00080874546714130961 -0.04291210844800708
leaf_weight=295931 161918 281504 72596 149066 209909 32575 316190 186367 51500 256167 283418 495321 758061 63218 66035 12625 35606 28933 31703 40166 71135 26254 118279 151387 27199 226492 230602 20506 271760 27577
leaf_count=295931 161918 281504 72596 149066 209909 32575 316190 186367 51500 256167 283418 495321 758061 63218 66035 12625 35606 28933 31703 40166 71135 26254 118279 151387 27199 226492 230602 20506 271760 27577
internal_value=-5.88543e-07 0.0190326 -0.0384544 0.0314524 -0.0493736 -0.00621169 0.0433281 -0.0269617 -0.0761815 0.00613933 -0.00370786 -0.0333282 0.0341645 -0.023153 -0.0681325 -0.0165606 0.0139235 -0.0484063 -0.0586418 -0.0136037 -0.0396661 0.00337254 -0.0518556 -0.0631693 -0.0247455 0.0701605 -0.00362291 0.00985769 0.0144015 0.0212192
internal_weight=5e+06 3.34457e+06 1.65543e+06 2.24169e+06 1.31274e+06 1.10288e+06 1.52584e+06 549612 491500 715850 566784 821239 1.13743e+06 611330 440000 548112 379373 286435 373965 535487 257502 342691 342262 269666 283366 388410 263177 316437 553264 343767
internal_count=5000000 3344570 1655430 2241694 1312739 1102876 1525844 549612 491500 715850 566784 821239 1137434 611330 440000 548112 379373 286435 373965 535487 257502 342691 342262 269666 283366 388410 263177 316437 553264 343767
cat_boundaries=0 1 2 3 4 5 6 7 8 9 10 11
cat_threshold=4110 511 960 384 126976 3120 2 255 261888 32 384
is_linear=0
shrinkage=0.1


Tree=34
num_leaves=31
num_cat=8
split_feature=75 72 74 73 76 48 76 48 71 71 74 81 30 27 75 24 40 75 1 91 0 75 88 0 75 84 76 90 72 48
split_gain=301963 96101 79040.6 60638.4 52056.1 56915.9 41563.4 35233.2 36867.6 31447.8 30127.6 29430.6 24141.8 23901.3 19007.3 18836.1 18480.2 18323 18142.9 17550.2 15796.4 18365.4 14917.8 14582.1 14168.4 13802.9 13789.3 14330.9 13593.6 17338.7
threshold=0 41.927499771118171 67.500000000000014 140.66664886474612 1 1.0500000119209292 2 3.6499999761581425 2.8500000238418584 0.94999998807907116 104.50000000000001 1.0000000180025095e-35 1.0000000180025095e-35 1.0000000180025095e-35 3 1.0000000180025095e-35 1.0000000180025095e-35 4 -12.849999904632567 2.9500000476837163 10.050000190734865 5 2.6499999761581425 34.049999237060554 6 1.0000000180025095e-35 7 1.0000000180025095e-35 30.90164947509766 3.4500000476837163
decision_type=1 2 2 2 1 8 1 8 8 8 2 10 8 8 1 2 10 1 8 10 2 1 10 2 1 10 1 10 2 10
left_child=3 2 7 6 17 13 15 19 -9 -7 28 12 18 16 -5 23 25 -4 -3 22 21 -20 -2 -1 -12 -6 -16 -28 -8 -30
right_child=1 11 4 14 5 9 10 8 -10 -11 24 -13 -14 -15 26 -17 -18 -19 20 -21 -22 -23 -24 -25 -26 -27 27 -29 29 -31
leaf_value=0.052556297086750414 0.030314397810547112 -0.14689137089079857 0.016079091873916148 0.022105335532238722 -0.0018450080089016758 -0.12630984610223117 0.085331676845022852 -0.073539153112438166 0.0033107300209290224 -0.059957698247111557 -0.012462251521061209 -0.14949139367457542 -0.14844743678853761 -0.11271248855121677 0.0093459337305733907 0.13083322561848165 -0.1070511349671254 -0.0274315718315652 -0.092785790130308521 -0.019000997735739551 -0.1293078851392267 -0.032050449537147023 -0.01373922508425145 0.18928393688960299 0.019824247778310013 -0.11330006918636311 -0.020050488525545893 -0.099971511548613626 0.040839681861277372 -0.0003795018731180784
leaf_weight=340717 505102 19150 194432 226326 259245 104756 56742 101040 163341 224531 204882 38423 27690 26448 165259 36884 19652 192695 59678 115376 22051 300485 90665 7983 403766 11609 252751 24622 683744 119955
leaf_count=340717 505102 19150 194432 226326 259245 104756 56742 101040 163341 224531 204882 38423 27690 26448 165259 36884 19652 192695 59678 115376 22051 300485 90665 7983 403766 11609 252751 24622 683744 119955
internal_value=-4.7763e-07 -0.0248087 -0.0153059 0.0243432 -0.0345784 -0.0519496 0.0336528 0.00510938 -0.0260594 -0.0810663 0.0259829 -0.0656459 -0.0581373 -0.0217016 -0.00146714 0.0628732 -0.0134158 -0.00557878 -0.0519068 0.016697 -0.0471478 -0.0421176 0.0236102 0.0556865 0.00895615 -0.00662205 -0.0135204 -0.027144 0.0380273 0.0346876
internal_weight=5e+06 2.47637e+06 2.00889e+06 2.52363e+06 1.03337e+06 646241 1.85467e+06 975524 264381 329287 1.46909e+06 467477 429054 316954 668958 385584 290506 387127 401364 711143 382214 360163 595767 348700 608648 270854 442632 277373 860441 803699
internal_count=5000000 2476369 2008892 2523631 1033368 646241 1854673 975524 264381 329287 1469089 467477 429054 316954 668958 385584 290506 387127 401364 711143 382214 360163 595767 348700 608648 270854 442632 277373 860441 803699
cat_boundaries=0 1 2 3 4 5 6 7 8
cat_threshold=2016 523264 126976 384 2072 2 1056 130816
is_linear=0
shrinkage=0.1


Tree=35
num_leaves=31
num_cat=8
split_feature=75 72 76 76 74 30 49 75 71 49 72 87 74 70 43 75 48 71 12 10 27 75 1 1 75 76 35 47 74 73
split_gain=251615 74236.3 62742.3 55146.8 48838.4 42457.9 38218.5 35245.6 30300.7 28300.1 26459 26234.1 24823.1 24740.5 23514.5 21028.4 18160.2 18981 17822.7 17629 17567.7 16043.4 15280.7 14990.6 14766.2 14607.9 14576.7 13857.1 13603.9 13398
threshold=0 41.828350067138679 1 2 48.500000000000007 1.0000000180025095e-35 1.2500000000000002 3 1.0500000119209292 2.6499999761581425 36.851650238037116 1.0000000180025095e-35 524.50000000000011 1.7500000000000002 1.0000000180025095e-35 4 1.6500000357627871 1.1500000357627871 6.4500000476837167 2.6499999761581425 1.0000000180025095e-35 5 -12.849999904632567 12.250000000000002 6 7 1.0000000180025095e-35 1.0000000180025095e-35 52.500000000000007 139.97914886474612
decision_type=1 2 1 1 2 10 8 1 8 8 2 10 2 8 10 1 10 8 10 8 8 1 8 10 1 1 10 10 2 2
left_child=2 3 10 5 9 11 20 -5 -8 29 -1 14 25 -11 16 -3 28 -18 -17 -12 22 -20 -6 -23 -7 27 -24 -9 -2 -4
right_child=1 15 4 7 6 24 8 12 -10 13 19 -13 -14 -15 -16 18 17 -19 21 -21 -22 23 26 -25 -26 -27 -28 -29 -30 -31
leaf_value=0.014610780013969017 0.052615929430190923 0.0084705529841543857 0.015729903506900147 0.058959801961094238 -0.15148782959712109 -0.020162319944059592 -0.13571833622483576 0.039930924486223256 -0.068062259210732987 -0.11640255750318962 -0.017859027474285832 -0.049723621408575253 -0.019826782750278764 -0.031094197323159108 -0.039654249810065739 -9.5105035694637653e-05 -0.047330380168193374 0.015307178095843942 -0.031304785123525074 -0.092911496746221664 -0.11851991454170684 -0.073021429930799187 -0.02272800060487476 -0.23500752575773998 -0.097967782567194947 0.022101224428205876 -0.12202791789387511 0.10528284030100787 0.019324604273721166 -0.028383053692554852
leaf_weight=315273 193702 247123 173874 428425 10425 50150 95358 345537 216469 44989 199585 65308 109158 139126 69551 142476 65743 183158 207032 37117 25886 48320 267694 6479 47514 764019 15647 35808 335067 113987
leaf_count=315273 193702 247123 173874 428425 10425 50150 95358 345537 216469 44989 199585 65308 109158 139126 69551 142476 65743 183158 207032 37117 25886 48320 267694 6479 47514 764019 15647 35808 335067 113987
internal_value=-4.4933e-07 0.0157818 -0.0318862 0.0231091 -0.0456554 0.004639 -0.0638437 0.0341956 -0.0887518 -0.0213213 -0.00435991 0.0113459 0.0257381 -0.0519395 0.0160535 -0.0145106 0.0210357 -0.00123748 -0.0285567 -0.0296279 -0.0395455 -0.0440453 -0.0325864 -0.0921566 -0.0580271 0.0300809 -0.0282117 0.0460662 0.0315201 -0.00173791
internal_weight=5e+06 3.34457e+06 1.65543e+06 2.69314e+06 1.10346e+06 1.01019e+06 631479 1.68295e+06 311827 471976 551975 912529 1.25452e+06 184115 847221 651430 777670 248901 404307 236702 319652 261831 293766 54799 97664 1.14536e+06 283341 381345 528769 287861
internal_count=5000000 3344570 1655430 2693140 1103455 1010193 631479 1682947 311827 471976 551975 912529 1254522 184115 847221 651430 777670 248901 404307 236702 319652 261831 293766 54799 97664 1145364 283341 381345 528769 287861
cat_boundaries=0 1 2 3 4 5 6 7 8
cat_threshold=4110 522240 8388863 384 896 1120 960 126976
is_linear=0
shrinkage=0.1


Tree=36
num_leaves=31
num_cat=12
split_feature=75 72 75 76 90 34 28 88 76 74 84 76 25 76 72 43 76 87 85 76 11 48 73 76 74 82 48 76 75 76
split_gain=206851 85023.1 60354.8 43187.9 38935.1 40509.2 35024.6 32546.5 30392.2 27758.3 25723.2 24514.2 24226.8 22154.2 22052.2 21987.4 18573.2 17716.6 17652.8 20100.6 16914.4 16811 16748.7 15932.6 15731 15399.1 13541.2 13449.6 12957.9 12947.1
threshold=0 34.090850830078132 1 2 1.0000000180025095e-35 1.0000000180025095e-35 1.0000000180025095e-35 3.0499999523162846 3 49.500000000000007 1.0000000180025095e-35 4 1.0000000180025095e-35 5 30.90164947509766 1.0000000180025095e-35 6 1.0000000180025095e-35 2.1499999761581425 7 25.849999427795414 0.75000000000000011 140.62335205078128 8 741.50000000000011 3.4500000476837163 1.8499999642372134 9 10 11
decision_type=1 2 1 1 10 10 10 10 1 2 8 1 10 1 2 10 1 10 10 1 8 10 2 1 2 10 10 1 1 1
left_child=3 14 11 10 5 6 7 9 -6 25 20 -3 22 -7 -2 18 -9 21 -16 -20 26 -11 24 -14 -5 -4 -1 -17 -12 -8
right_child=1 2 4 12 8 13 29 16 -10 17 28 -13 23 -15 15 27 -18 -19 19 -21 -22 -23 -24 -25 -26 -27 -28 -29 -30 -31
leaf_value=0.012036568167963497 0.057624228526876445 -0.077411172900591907 0.031524419646228562 0.041946799349887862 0.00046369576828608175 -0.014025551327290543 -0.021282659902168991 -0.0082971362136465953 -0.090170569757173358 0.017557683873404565 -0.12259086764631495 -0.036987258966778354 0.030290809388159496 -0.10210559675767653 0.02463859554447893 0.0071387589737474033 -0.070230789715723621 -0.10446731789986102 0.015789869431478868 -0.070675699429716771 0.032233810892344048 -0.016355706326349643 0.011511751764295683 0.1062714586536995 -0.028007782779339525 -0.024589639717471582 -0.024713679339808226 -0.11268161886530886 -0.025300734773968509 -0.1227987354267828
leaf_weight=355930 105954 239861 366605 765938 54324 47683 20027 93035 116037 212460 16654 400708 43283 71230 344925 15632 100989 18688 62471 47187 285759 468448 306354 76282 33554 56433 139580 23382 76814 33773
leaf_count=355930 105954 239861 366605 765938 54324 47683 20027 93035 116037 212460 16654 400708 43283 71230 344925 15632 100989 18688 62471 47187 285759 468448 306354 76282 33554 56433 139580 23382 76814 33773
internal_value=-4.16381e-07 -0.0173097 -0.0260516 0.0239 -0.0159883 -0.0108083 -0.0059503 -0.00271876 -0.0612748 0.00381742 0.00692678 -0.052125 0.0360159 -0.0667961 0.01623 0.00734439 -0.0405375 -0.00841025 0.0135275 -0.0214222 0.0128582 -0.0057739 0.0313927 0.0787776 0.0390109 0.0240388 0.00168441 -0.0646994 -0.0426516 -0.0850363
internal_weight=5e+06 2.89985e+06 2.3003e+06 2.10015e+06 1.65973e+06 1.48937e+06 1.37046e+06 1.31666e+06 170361 1.12263e+06 874737 640569 1.22541e+06 118913 599551 493597 194024 699596 454583 109658 781269 680908 1.10585e+06 119565 799492 423038 495510 39014 93468 53800
internal_count=5000000 2899852 2300301 2100148 1659732 1489371 1370458 1316658 170361 1122634 874737 640569 1225411 118913 599551 493597 194024 699596 454583 109658 781269 680908 1105846 119565 799492 423038 495510 39014 93468 53800
cat_boundaries=0 1 2 3 4 5 6 7 8 9 10 11 12
cat_threshold=992 6 12583167 130560 511 523264 260096 523264 3932416 523776 32 261632
is_linear=0
shrinkage=0.1


Tree=37
num_leaves=31
num_cat=7
split_feature=75 73 76 32 74 84 85 76 48 72 74 75 72 48 27 88 72 71 91 24 75 72 74 76 32 73 74 9 88 76
split_gain=171209 59656.7 48070.7 43645.2 41840.6 36455.7 34400.9 28073.9 37529 26128.7 26123.1 20632.6 18897.4 18756 17135.8 17112.2 15747.6 15548 15539.5 15479.3 15184.4 14951 14221.6 13386.4 13267 12770.6 12388.2 12045.9 11129.1 10981.8
threshold=0 139.99079895019534 1 1.0000000180025095e-35 291.50000000000006 1.0000000180025095e-35 2.1499999761581425 2 1.5500000119209292 30.90164947509766 52.500000000000007 3 30.03750038146973 4.1499998569488534 1.0000000180025095e-35 1.9499999880790713 36.851650238037116 2.6499999761581425 2.5499999523162846 1.0000000180025095e-35 4 43.106649398803718 907.50000000000011 5 1.0000000180025095e-35 141.9591979980469 584.00000000000011 3.6499999761581425 2.7500000000000004 6
decision_type=1 2 1 8 2 8 10 1 8 2 2 1 2 10 10 8 2 10 10 2 1 2 2 1 10 2 2 8 10 1
left_child=2 4 16 5 11 6 10 -3 19 -8 28 -2 -13 29 18 -10 -1 -11 21 24 -17 -12 -6 -22 -9 26 -5 -18 -4 -14
right_child=1 7 3 25 22 -7 9 8 15 17 14 12 13 -15 -16 20 27 -19 -20 -21 23 -23 -24 -25 -26 -27 -28 -29 -30 -31
leaf_value=0.020117271147846061 0.050553306609272458 0.015203600775443724 0.015674258156355318 -0.075466805214931404 0.004066128023916417 -0.088288238306285169 0.041244315109259994 0.013893482470599058 -0.013639225852456258 -0.089577867106069409 -0.012222936650759027 0.071345153853329055 0.013879428427868466 -0.01341505982377004 -0.13516633365195993 -0.10478575661190277 -0.0099389108632902002 -0.03474228355530324 -0.075266954029585387 -0.057468300492885399 -0.014216040770316058 -0.076841649776314538 -0.046670220504110259 -0.073489933279038994 -0.061736543157140382 -0.20308750104498685 -0.22116787635682594 -0.09182167748278873 -0.035914581567209426 0.035259855681302903
leaf_weight=236377 408467 476698 271379 105568 400223 97819 24198 385604 144558 133199 349097 80409 423435 137625 14840 52775 157103 84515 55831 37878 79710 39898 64095 73009 24679 9709 6177 20286 49434 555405
leaf_count=236377 408467 476698 271379 105568 400223 97819 24198 385604 144558 133199 349097 80409 423435 137625 14840 52775 157103 84515 55831 37878 79710 39898 64095 73009 24679 9709 6177 20286 49434 555405
internal_value=-5.17664e-07 0.013018 -0.0263027 -0.0361396 0.0235002 -0.0299665 -0.0243865 -0.00399836 -0.0154659 -0.0573345 -0.0141742 0.0311469 0.0245233 0.0211514 -0.0294582 -0.0400005 0.00321704 -0.0682911 -0.0259316 0.00369734 -0.0585447 -0.0188507 -0.00293758 -0.0425555 0.00934425 -0.0930789 -0.0835208 -0.0193029 0.00772495 0.0260114
internal_weight=5e+06 3.34457e+06 1.65543e+06 1.24166e+06 2.06966e+06 1.12021e+06 1.02239e+06 1.27491e+06 798213 241912 780479 1.60534e+06 1.19687e+06 1.11646e+06 459666 350052 413766 217714 444826 448161 205494 388995 464318 152719 410283 121454 111745 177389 320813 978840
internal_count=5000000 3344570 1655430 1241664 2069659 1120210 1022391 1274911 798213 241912 780479 1605341 1196874 1116465 459666 350052 413766 217714 444826 448161 205494 388995 464318 152719 410283 121454 111745 177389 320813 978840
cat_boundaries=0 1 2 3 4 5 6 7
cat_threshold=4110 258048 130816 384 3072 4063360 1023
is_linear=0
shrinkage=0.1


Tree=38
num_leaves=31
num_cat=7
split_feature=75 74 73 76 49 76 48 75 70 70 90 27 85 76 72 12 33 76 0 32 79 12 47 75 49 49 23 72 72 91
split_gain=143263 68453.7 39829.9 39434 41329.7 32424.7 25644.2 24114.9 23500 21942.2 19963.1 18668.9 17588.9 15700.8 15340.6 15319.2 15011.6 14650.3 14556.8 14355.3 12892.3 12446.4 12186.7 12170 11991.2 11854.2 11728.4 13948.5 11645.4 12486.7
threshold=0 64.500000000000014 140.20584869384768 1 1.1500000357627871 2 3.8500000238418584 3 3.2500000000000004 1.0500000119209292 1.0000000180025095e-35 1.0000000180025095e-35 3.0499999523162846 4 37.649148941040046 -3.9500000476837154 1.0000000180025095e-35 5 33.45000076293946 1.0000000180025095e-35 1.7500000000000002 3.2500000000000004 1.0000000180025095e-35 6 1.8499999642372134 2.2500000000000004 13.750000000000002 40.964998245239265 34.80999946594239 1.1500000357627871
decision_type=1 2 2 1 8 1 10 1 8 8 10 10 10 1 2 8 8 1 2 10 8 10 8 1 10 10 8 2 2 8
left_child=5 2 6 4 15 10 20 -5 -8 25 19 18 -4 -13 -9 -3 -17 -14 22 24 -2 -16 23 -7 -1 -6 -25 -28 -11 -30
right_child=1 3 12 7 9 11 8 14 -10 28 -12 13 17 -15 21 16 -18 -19 -20 -21 -22 -23 -24 26 -26 -27 27 -29 29 -31
leaf_value=0.021454845835933614 0.044907501108586059 -0.13409184998630619 -0.010538134458277421 -0.042027679291864219 -0.091962802324476081 0.034183088369061164 -0.052313346844249542 0.0045593979927546968 0.011530517254660814 -0.016206408631797783 -0.042880519983087652 0.016243167864728937 -0.02308105924327367 0.089919577915195698 -0.0067922884000221444 -0.013692050493915201 -0.10071716421369337 -0.091544040842929414 0.12121996234799762 -0.043174378026217472 0.014661260147182621 -0.054504152648662554 0.057203896652093016 0.050237658881066842 -0.0088400294781434754 -0.16762368056616714 0.014420683563431284 -0.028151067955958536 -0.022365418641915283 -0.09416216729063516
leaf_weight=476695 199226 12343 378476 268878 55628 426069 97581 430825 140906 46673 81928 43351 70145 87009 124136 261687 21446 56401 15694 48596 481573 97712 102464 72463 179986 32987 474011 91882 33131 90098
leaf_count=476695 199226 12343 378476 268878 55628 426069 97581 430825 140906 46673 81928 43351 70145 87009 124136 261687 21446 56401 15694 48596 481573 97712 102464 72463 179986 32987 474011 91882 33131 90098
internal_value=-4.81428e-07 -0.0144056 0.00123243 -0.0295008 -0.0505853 0.0198899 0.013627 -0.0168251 -0.0145923 -0.0797871 0.00384281 0.0295112 -0.0213293 0.0654268 -0.00644199 -0.0250379 -0.0202838 -0.0536038 0.0255524 0.00927045 0.0235124 -0.0278068 0.0242657 0.021095 0.0131515 -0.120128 0.0123587 0.00750846 -0.0587469 -0.0748591
internal_weight=5e+06 2.89985e+06 1.42431e+06 1.47554e+06 553993 2.10015e+06 919286 921551 238487 258517 787205 1.31294e+06 505022 130360 652673 295476 283133 126546 1.18258e+06 705277 680799 221848 1.16689e+06 1.06442e+06 656681 88615 638356 565893 169902 123229
internal_count=5000000 2899852 1424308 1475544 553993 2100148 919286 921551 238487 258517 787205 1312943 505022 130360 652673 295476 283133 126546 1182583 705277 680799 221848 1166889 1064425 656681 88615 638356 565893 169902 123229
cat_boundaries=0 1 2 3 4 5 6 7
cat_threshold=992 8388863 8388863 4098 7864576 523776 384
is_linear=0
shrinkage=0.1


Tree=39
num_leaves=31
num_cat=6
split_feature=75 72 71 48 48 76 76 87 76 74 85 72 48 31 72 90 71 74 75 24 70 74 74 78 88 48 75 47 73 91
split_gain=121984 54739 39724.9 45233.2 32916.7 28851.9 26166.4 33189.4 24062.9 23815 23232.4 21305.1 22157.5 19543.7 17608.1 16678.6 15478.3 15115.5 14764.3 14402.7 13749 13677.2 13231.6 12466.4 11542.8 11536.8 9696.85 9132.09 8921.22 8808.41
threshold=0 35.906650543212898 3.3500000238418584 3.1499999761581425 3.6499999761581425 1 2 1.0000000180025095e-35 3 18.500000000000004 2.7500000000000004 30.90164947509766 2.0499999523162846 1.0000000180025095e-35 39.600799560546882 1.0000000180025095e-35 1.1500000357627871 907.50000000000011 4 1.0000000180025095e-35 1.4499999880790713 65.500000000000014 140.50000000000003 1.0000000180025095e-35 3.3500000238418584 1.0500000119209292 5 1.0000000180025095e-35 140.46165466308597 2.9500000476837163
decision_type=1 2 10 10 8 1 1 10 1 2 10 2 8 10 2 10 8 2 1 2 8 2 2 10 10 8 1 8 2 10
left_child=2 8 3 9 6 -6 27 10 19 -1 13 -10 22 15 17 21 26 24 -9 -2 -5 -8 -13 -16 29 -23 -14 -3 -4 -11
right_child=1 4 28 20 5 -7 7 18 11 14 -12 12 16 -15 23 -17 -18 -19 -20 -21 -22 25 -24 -25 -26 -27 -28 -29 -30 -31
leaf_value=0.0089951841933364699 0.035915419473522829 0.020216940117087072 0.015717975016100127 -0.12009009905716442 -0.0092813521993645922 -0.070785630431962718 0.026111744720589709 -0.017713294449955615 0.058736896607102906 -0.012622713667459408 -0.040541119187468055 0.03041888303615449 -0.076209660168688922 -0.048362896767627173 -0.056316711899976807 -0.063902382632981466 0.0015967715330547389 -0.11237205568992688 -0.089926922293550426 0.096811917225044841 -0.061803723442672091 0.014902311581205514 0.0050034469481392944 -0.15686448946597872 -0.077225210640685438 -0.015218439599989099 -0.0046928739666638932 0.072051587164117872 -0.021885857840439761 -0.062591303252458069
leaf_weight=147887 401981 383980 208932 64928 214160 118460 395391 54022 102588 366621 119358 512124 48121 61746 137780 29797 300804 19404 59521 42992 107437 283092 341394 13543 35076 230861 31295 37289 90382 39034
leaf_count=147887 401981 383980 208932 64928 214160 118460 395391 54022 102588 366621 119358 512124 48121 61746 137780 29797 300804 19404 59521 42992 107437 283092 341394 13543 35076 230861 31295 37289 90382 39034
internal_value=-4.36533e-07 0.00892621 -0.0273306 -0.0375126 -0.00248237 -0.031188 0.00328666 -0.00406065 0.0216566 -0.0270149 0.00116091 0.0149494 0.0113085 0.00613397 -0.0357243 0.009717 -0.0087703 -0.0259927 -0.0555783 0.0417981 -0.0837596 0.0121293 0.0202531 -0.0653155 -0.0221897 0.00137246 -0.0480376 0.0248045 0.00436298 -0.0174309
internal_weight=5e+06 3.76898e+06 1.23102e+06 931710 1.98768e+06 332620 1.65506e+06 1.23379e+06 1.7813e+06 759345 1.12024e+06 1.33633e+06 1.23374e+06 1.00089e+06 611458 939141 380220 460135 113543 444973 172365 909344 853518 151323 440731 513953 79416 421269 299314 405655
internal_count=5000000 3768976 1231024 931710 1987677 332620 1655057 1233788 1781299 759345 1120245 1336326 1233738 1000887 611458 939141 380220 460135 113543 444973 172365 909344 853518 151323 440731 513953 79416 421269 299314 405655
cat_boundaries=0 1 2 3 4 5 6
cat_threshold=4102 524032 130048 258048 960 3128
is_linear=0
shrinkage=0.1


Tree=40
num_leaves=31
num_cat=6
split_feature=75 76 34 27 72 46 74 82 13 90 81 72 29 74 48 71 75 0 6 52 73 76 29 1 75 71 75 74 84 79
split_gain=103038 60768.1 48317.3 37218.8 36684.5 31586.4 31107 30140.1 28602.6 21188.9 17531.2 15421.5 14994 14423.6 14199.8 22738.4 13846.1 13702.4 11894.6 11691.2 11291.5 11285.9 11269.5 11244.4 10754.7 10557.9 10518.7 10114.7 9921.92 9031.1
threshold=0 1 1.0000000180025095e-35 1.0000000180025095e-35 37.649148941040046 1.0000000180025095e-35 428.00000000000006 3.0499999523162846 11.050000190734865 1.0000000180025095e-35 1.0000000180025095e-35 41.162500381469734 1.0000000180025095e-35 396.50000000000006 1.5500000119209292 1.4499999880790713 2 17.349999427795414 -13.15000009536743 2.8500000238418584 131.31250000000003 3 1.0000000180025095e-35 8.4499998092651385 4 1.4499999880790713 5 92.500000000000014 1.0000000180025095e-35 1.0500000119209292
decision_type=1 1 8 10 2 10 2 10 8 10 10 2 10 2 10 8 1 2 8 8 2 1 10 10 1 8 1 2 10 8
left_child=11 2 3 5 6 7 14 8 18 16 12 13 19 21 -3 24 -6 22 -2 20 -10 -1 -18 -22 -16 -21 -11 -9 29 -20
right_child=1 4 -4 -5 9 -7 -8 27 10 26 -12 -13 -14 -15 15 -17 17 -19 28 25 23 -23 -24 -25 -26 -27 -28 -29 -30 -31
leaf_value=0.048884641618186175 -0.17083733728089032 0.029148222471710002 -0.094099066839134049 -0.094041202757999542 -0.048323070727494942 -0.080209470828423418 -0.026814118857797886 -0.047436264670461893 0.068481233892192711 -0.024216479381304962 -0.084798654906045698 0.0012322005121883691 -0.1390593710846921 0.00025733080997526612 0.00037598220938941815 0.016479632486453837 0.0016194277822594761 -0.053473865011677058 0.0088363832087241124 -0.089059994326653638 0.043335576328409731 0.024315657717319746 -0.051877176294696729 0.0018453888012143378 -0.049533275384676834 0.0036803047899587812 -0.096241969559341445 -0.12494060766349908 -0.1001141178092953 -0.029638295018700592
leaf_weight=236074 5612 459623 104280 67952 92097 73742 204883 69320 54074 35478 17818 340681 6094 199302 84951 563265 541155 57411 80407 16397 108905 899293 42468 163214 87798 48837 47383 22241 16363 252882
leaf_count=236074 5612 459623 104280 67952 92097 73742 204883 69320 54074 35478 17818 340681 6094 199302 84951 563265 541155 57411 80407 16397 108905 899293 42468 163214 87798 48837 47383 22241 16363 252882
internal_value=-4.46611e-07 -0.0101909 -0.0293115 -0.0225817 -0.00063156 -0.0173933 0.00918827 -0.0120206 -0.00557568 -0.0174857 0.0122424 0.020222 0.0165921 0.0250694 0.0153576 0.0067457 -0.0120683 -0.00685873 -0.0264068 0.0190154 0.026744 0.0294249 -0.00227331 0.0184502 -0.0249928 -0.0196306 -0.0654179 -0.0662628 -0.0240887 -0.0203562
internal_weight=5e+06 3.32465e+06 1.10814e+06 1.00386e+06 2.21651e+06 935906 1.40052e+06 862164 770603 815992 415339 1.67535e+06 397521 1.33467e+06 1.19564e+06 736014 733131 641034 355264 391427 326193 1.13537e+06 583623 272119 172749 65234 82861 91561 349652 333289
internal_count=5000000 3324650 1108138 1003858 2216512 935906 1400520 862164 770603 815992 415339 1675350 397521 1334669 1195637 736014 733131 641034 355264 391427 326193 1135367 583623 272119 172749 65234 82861 91561 349652 333289
cat_boundaries=0 1 2 3 4 5 6
cat_threshold=960 255 2 126976 1080 1080
is_linear=0
shrinkage=0.1


Tree=41
num_leaves=31
num_cat=8
split_feature=75 36 29 90 75 76 79 29 71 48 12 75 72 0 72 76 76 76 72 72 0 72 74 73 44 0 75 74 74 91
split_gain=87249.5 43642.1 41581.6 35973.2 33997.6 33316.3 26163.8 25803.3 20929.8 33355.7 19620.4 18481.3 14810.1 17375.1 14353 14014.9 13307.8 12477.1 11622.7 11026.2 10886.3 10655.3 10483.4 10090.4 9977.01 9768.74 10539.7 9530.1 9513.63 9428.46
threshold=0 1.0000000180025095e-35 1.0000000180025095e-35 1.0000000180025095e-35 1 2 1.7500000000000002 1.0000000180025095e-35 1.9499999880790713 2.1499999761581425 21.650000572204593 3 33.750799179077156 13.34999990463257 42.385799407958991 4 5 6 41.828350067138679 42.50835037231446 15.750000000000002 39.600799560546882 733.00000000000011 141.9591979980469 1.0000000180025095e-35 21.050000190734867 7 396.50000000000006 379.00000000000006 2.9500000476837163
decision_type=1 8 10 10 1 1 8 10 10 10 8 1 2 2 2 1 1 1 2 2 2 2 2 2 10 2 1 2 2 10
left_child=1 2 3 4 -1 7 -6 10 9 24 -2 -7 -13 17 22 -3 -11 -14 27 -10 -12 -5 25 28 29 -15 -27 -4 -17 -8
right_child=5 15 18 21 6 11 8 -9 19 16 20 12 13 14 -16 23 -18 -19 -20 -21 -22 -23 -24 -25 -26 26 -28 -29 -30 -31
leaf_value=-0.031804822720277508 -0.017925408964669022 -0.0091793231404223002 -0.038674878844346797 -0.041998301291789664 0.027213105110132009 0.03265261553585784 0.0080164022346800191 -0.059502857312052883 0.017885237406902923 -0.016371752676575074 0.051939249354269058 0.033999560750477165 0.06506863400484332 0.017588585078099968 -0.031012561952586833 -0.05497216476621989 -0.081085155166856215 0.017031308590592587 -0.12870598557805804 -0.02219519992929295 0.0075100492406141393 -0.11035593673446892 -0.052491282506077756 -0.15537721194082788 -0.071018338892011118 0.0064990461416666173 -0.032990939161862493 -0.12259547393016267 -0.12611781331822766 -0.049463424213149115
leaf_weight=331021 340412 42891 88948 73880 355504 603830 285037 80256 377000 47562 64791 251230 68486 423734 126747 122982 95855 256864 23906 83915 370606 32983 30166 13783 19737 220587 97429 15960 22186 31712
leaf_count=331021 340412 42891 88948 73880 355504 603830 285037 80256 377000 47562 64791 251230 68486 423734 126747 122982 95855 256864 23906 83915 370606 32983 30166 13783 19737 220587 97429 15960 22186 31712
internal_value=-4.30898e-07 -0.0157498 -0.0109647 -0.00689299 -0.00320225 0.0110792 0.00410175 -0.00552407 -0.00463123 -0.0192484 5.98613e-05 0.0179157 0.0118836 0.00734436 0.000175534 -0.0599182 -0.0596308 0.0271457 -0.0657811 0.0105881 0.0141215 -0.0630967 0.00529655 -0.0736042 -0.00203664 0.00764671 -0.00560014 -0.051442 -0.0658453 0.00226169
internal_weight=5e+06 2.06486e+06 1.86302e+06 1.73421e+06 1.62734e+06 2.93514e+06 1.29632e+06 856065 940818 479903 775809 2.07907e+06 1.47524e+06 1.22401e+06 898663 201842 143417 325350 128814 460915 435397 106863 771916 158951 336486 741750 318016 104908 145168 316749
internal_count=5000000 2064862 1863020 1734206 1627343 2935138 1296322 856065 940818 479903 775809 2079073 1475243 1224013 898663 201842 143417 325350 128814 460915 435397 106863 771916 158951 336486 741750 318016 104908 145168 316749
cat_boundaries=0 1 2 3 4 5 6 7 8
cat_threshold=6158 2 127 384 126976 258048 129024 576
is_linear=0
shrinkage=0.1


Tree=42
num_leaves=31
num_cat=6
split_feature=75 74 73 48 76 76 85 73 88 29 74 11 72 15 82 48 76 73 76 88 82 82 73 72 24 13 0 47 91 75
split_gain=71968.5 42141.1 34588.2 23769.3 28658.9 22139.3 21876.2 20078.8 18478.5 17181.7 17110.4 16172 15068.1 20137.6 14904 13766.7 13377.2 13301.9 12697.7 12354.5 11228.2 10987.9 11971.6 11796.7 10704.4 10029.2 10020.4 10101.7 9055.73 8955.3
threshold=0 152.50000000000003 140.11250305175784 0.75000000000000011 1 2 0.94999998807907116 142.07500457763675 2.0499999523162846 1.0000000180025095e-35 249.50000000000003 7.4500000476837167 30.90164947509766 13.050000190734865 1.9499999880790713 2.2500000000000004 3 131.03749847412112 4 1.1500000357627871 3.5499999523162846 1.7500000000000002 137.86834716796878 34.788349151611335 1.0000000180025095e-35 6.8500001430511483 34.049999237060554 1.0000000180025095e-35 2.6499999761581425 5
decision_type=1 2 2 8 1 1 8 2 8 10 2 8 2 8 10 10 1 2 1 8 10 8 2 2 2 8 2 8 8 1
left_child=1 2 8 -3 29 9 -6 10 -1 24 20 16 -10 18 -13 -15 28 -8 -14 -19 -7 -20 -23 -24 26 -21 27 -2 -4 -5
right_child=5 3 11 4 6 7 17 -9 12 -11 -12 14 13 15 -16 -17 -18 19 21 25 -22 22 23 -25 -26 -27 -28 -29 -30 -31
leaf_value=0.027331106206121322 0.013767425192385267 -0.0040189168608503606 -0.011810802181696597 0.011569070703711895 -0.012308754550839129 0.018914911770875859 -0.0022135139915544426 -0.020420142059356567 0.044096534272200338 0.083825606923564347 -0.0075109649840968537 -0.030748213634599578 0.02805869715082096 -0.0086098518512802789 -0.10517844809782073 -0.069811686287858984 0.0014603933589780527 -0.039703201797607918 0.023728990584992796 -0.075777486215000606 -0.012639138174486243 -0.035187301232517308 0.12944052048582433 8.9512790738983914e-05 0.086035447310723379 -0.12433254822500835 0.12915684499716104 0.069066592312053018 -0.0516633640292124 -0.029172422676192175
leaf_weight=344175 400659 237635 117363 84213 75828 1242471 24142 234304 66437 53574 397964 90399 150431 75817 38302 71334 279421 58218 83608 124346 124029 150213 7828 70987 26315 64661 8313 36002 110892 150119
leaf_count=344175 400659 237635 117363 84213 75828 1242471 24142 234304 66437 53574 397964 90399 150431 75817 38302 71334 279421 58218 83608 124346 124029 150213 7828 70987 26315 64661 8313 36002 110892 150119
internal_value=-3.97843e-07 -0.0121117 -0.00294021 -0.0306662 -0.0415554 0.0118841 -0.0597927 0.00708433 0.00846639 0.0301619 0.0107367 -0.0212378 -0.001129 -0.00605289 -0.052899 -0.0382785 -0.0132114 -0.0730633 0.00418759 -0.0799819 0.0160509 -0.00729912 -0.0186264 0.0129368 0.0240623 -0.0923886 0.0203973 0.0183268 -0.0311708 -0.0145311
internal_weight=5e+06 2.47637e+06 1.65721e+06 819162 581527 2.52363e+06 347195 1.99877e+06 1.02083e+06 524863 1.76446e+06 636377 676655 610218 128701 147151 507676 271367 463067 247225 1.3665e+06 312636 229028 78815 471289 189007 444974 436661 228255 234332
internal_count=5000000 2476369 1657207 819162 581527 2523631 347195 1998768 1020830 524863 1764464 636377 676655 610218 128701 147151 507676 271367 463067 247225 1366500 312636 229028 78815 471289 189007 444974 436661 228255 234332
cat_boundaries=0 1 2 3 4 5 6
cat_threshold=6174 522240 126976 15728895 258048 24
is_linear=0
shrinkage=0.1


Tree=43
num_leaves=31
num_cat=5
split_feature=75 72 85 71 48 76 33 76 84 74 27 91 73 74 44 90 48 13 88 74 30 72 69 51 74 82 76 75 16 40
split_gain=64347.7 34827.1 32931.5 29387.5 33296.6 27248.2 26652.7 26176.1 25249.8 19768.3 19363.2 17197.5 14365.6 15110 14257.3 12536.4 11913.7 10942.7 11855 10474.3 9525.52 9480.08 9220.3 8678.73 8640.87 8056.09 8029.45 7553.38 7431.79 7382.5
threshold=0 34.090850830078132 2.9500000476837163 4.0499999523162851 3.6499999761581425 1 1.0000000180025095e-35 2 1.0000000180025095e-35 18.500000000000004 1.0000000180025095e-35 2.9500000476837163 142.07500457763675 669.00000000000011 1.0000000180025095e-35 1.0000000180025095e-35 3.0499999523162846 -1.0000000180025095e-35 3.2500000000000004 249.50000000000003 1.0000000180025095e-35 30.03750038146973 1.5500000119209292 3.0499999523162846 58.500000000000007 2.7500000000000004 3 4 5.8500001430511483 1.0000000180025095e-35
decision_type=1 2 10 10 10 1 10 1 8 2 10 10 2 2 10 10 10 8 10 2 10 2 8 10 2 10 1 1 8 8
left_child=3 21 5 4 9 6 8 27 10 -1 11 14 13 17 15 20 19 -11 25 26 23 -2 -6 24 -3 29 -7 -4 -23 -19
right_child=1 2 7 -5 22 16 -8 -9 -10 12 -12 -13 -14 -15 -16 -17 -18 18 -20 -21 -22 28 -24 -25 -26 -27 -28 -29 -30 -31
leaf_value=0.010181614698068227 0.05097008141703973 0.035285679129409553 -0.029712234973966613 0.013447689771059042 -0.10417638226841386 0.045331014692480673 -0.055215472404250579 -0.055140651679350505 -0.053241005917348386 0.0048245925423725019 -0.073336413170255285 -0.04051588680300694 -0.064858359104025959 -0.076608576486175084 -0.035867743846370363 -0.072387600612766709 -0.0021763022415501017 -0.010659009236009022 -0.080217253391833207 0.0046859300734861725 -0.064291360173370823 0.082121416558933097 -0.05232499041764721 -0.015445470591153724 0.012123395379497075 -0.066857836833009096 0.020993193707982583 0.0048391527403111008 0.018739511741867606 -0.064121062984715108
leaf_weight=178892 121693 264384 90077 218091 52334 174048 98402 163119 84089 162330 31341 71386 88061 46031 61194 16347 302394 286971 36663 310494 14453 19053 99491 71560 412135 33776 613309 212561 636937 28384
leaf_count=178892 121693 264384 90077 218091 52334 174048 98402 163119 84089 162330 31341 71386 88061 46031 61194 16347 302394 286971 36663 310494 14453 19053 99491 71560 412135 33776 613309 212561 636937 28384
internal_value=-3.55673e-07 0.00648306 0.00158169 -0.0198502 -0.0270197 0.00608756 -0.00549919 -0.0228511 -0.000735166 -0.0194068 0.00394787 0.00660533 -0.0271655 -0.0215789 0.0106095 0.0142611 0.0153991 -0.0169576 -0.0261228 0.0202402 0.0161186 0.0253358 -0.0701981 0.0176722 0.0211752 -0.0204423 0.026374 -0.00544534 0.0205804 -0.0154709
internal_weight=5e+06 3.76898e+06 2.99129e+06 1.23102e+06 1.01293e+06 2.52554e+06 1.12529e+06 465757 1.02689e+06 861108 942800 911459 682216 594155 840073 778879 1.40024e+06 548124 385794 1.09785e+06 762532 777683 151825 748079 676519 349131 787357 302638 655990 315355
internal_count=5000000 3768976 2991293 1231024 1012933 2525536 1125291 465757 1026889 861108 942800 911459 682216 594155 840073 778879 1400245 548124 385794 1097851 762532 777683 151825 748079 676519 349131 787357 302638 655990 315355
cat_boundaries=0 1 2 3 4 5
cat_threshold=4102 12583167 524032 61440 3136
is_linear=0
shrinkage=0.1


Tree=44
num_leaves=31
num_cat=6
split_feature=75 76 85 73 91 82 76 75 73 42 71 48 70 32 81 1 72 87 75 74 27 73 74 0 74 74 88 0 75 20
split_gain=55517.3 42846.6 48984.9 36620.3 40267.2 27235.6 26588.6 18328.5 18108.7 17092.7 15753.3 19770.9 18496.9 14336.2 13588.4 13128.4 11789.1 11437.5 11011 10717.9 10566.1 10329 8890.04 8652.61 8651.67 7835.76 7057.97 6888.53 7187.64 6795.45
threshold=0 1 1.5500000119209292 129.87249755859378 1.7500000000000002 1.6500000357627871 2 3 142.22499847412112 1.0000000180025095e-35 4.6499998569488534 1.1500000357627871 1.1500000357627871 1.0000000180025095e-35 1.0000000180025095e-35 21.150000572204593 36.851650238037116 1.0000000180025095e-35 4 58.500000000000007 1.0000000180025095e-35 139.99079895019534 199.50000000000003 34.850000381469734 18.500000000000004 123.50000000000001 1.3499999642372134 16.250000000000004 5 19.349999427795414
decision_type=1 1 8 2 8 8 1 1 2 10 10 10 8 10 8 10 2 10 1 2 10 2 2 2 2 2 8 2 1 10
left_child=21 15 9 -4 19 -6 7 29 10 13 11 -8 -13 14 17 16 18 20 -2 -5 24 23 26 25 -3 -1 -14 28 -20 -7
right_child=1 2 3 4 5 6 8 -9 -10 -11 -12 12 22 -15 -16 -17 -18 -19 27 -21 -22 -23 -24 -25 -26 -27 -28 -29 -30 -31
leaf_value=0.027669677418361835 0.10746357645149159 0.038945368270638887 0.03805593648598983 0.01061454176413823 -0.010241421188865032 0.0099225019986041215 -0.027164911110130658 -0.046444286627236389 -0.11331937890160676 -0.042563128124758168 -0.0042524032217719004 -0.11681130190196898 -0.0043739688185103938 -0.043530363181557528 -0.035264322295860386 -0.019574724115396111 0.0053215351247086371 -0.06562865456887905 0.061753301332800908 -0.017109562191193854 -0.073314978041421994 0.0048500371408639062 -0.11008944881814522 0.16489136932061096 0.013565119613245616 0.0099383971120400785 -0.059920421043195039 0.0038318721432291456 0.023967353942782842 -0.046233937387890091
leaf_weight=610604 18910 182678 92908 250610 270771 126286 111948 186062 60172 67461 54019 81617 28675 47485 54074 96416 281189 16481 80468 314350 12275 639465 28282 4163 507267 421118 113101 80594 134569 25982
leaf_count=610604 18910 182678 92908 250610 270771 126286 111948 186062 60172 67461 54019 81617 28675 47485 54074 96416 281189 16481 80468 314350 12275 639465 28282 4163 507267 421118 113101 80594 134569 25982
internal_value=-3.22839e-07 -0.00748045 -0.0133015 -0.0230316 -0.0264674 -0.0377237 -0.0468415 -0.0253891 -0.0620296 0.0058225 -0.0546415 -0.0621272 -0.0776788 0.0098019 0.013079 0.0146591 0.0201999 0.0167163 0.0335006 -0.00481146 0.0186489 0.0148436 -0.0588977 0.0210129 0.0202851 0.0204323 -0.0486858 0.028765 0.038111 0.000340318
internal_weight=5e+06 3.32465e+06 2.6325e+06 1.74478e+06 1.65188e+06 1.08692e+06 816144 338330 477814 887721 417642 363623 251675 820260 772775 692146 595730 718701 314541 564960 702220 1.67535e+06 170058 1.03588e+06 689945 1.03172e+06 141776 295631 215037 152268
internal_count=5000000 3324650 2632504 1744783 1651875 1086915 816144 338330 477814 887721 417642 363623 251675 820260 772775 692146 595730 718701 314541 564960 702220 1675350 170058 1035885 689945 1031722 141776 295631 215037 152268
cat_boundaries=0 1 2 3 4 5 6
cat_threshold=960 126976 921088 56 32 3096
is_linear=0
shrinkage=0.1


Tree=45
num_leaves=31
num_cat=6
split_feature=75 73 74 82 76 88 76 91 72 74 76 48 76 74 85 72 14 48 73 74 88 76 85 72 25 14 38 79 88 72
split_gain=48583.2 32450.9 33146 22954 16875.8 20188.6 16795.6 13835.4 13292.5 12146.9 11836.4 11704.8 11806.8 11492.1 10344.9 9835.4 14311.8 8434.1 8263.58 8247.45 8197.97 8140.03 9778.24 7682.89 7591.73 7398.59 7332.75 7219.79 6668.75 6203.19
threshold=0 142.07500457763675 388.50000000000006 3.4500000476837163 1 2.4500000476837163 2 2.9500000476837163 31.308349609375004 48.500000000000007 3 1.6500000357627871 4 878.50000000000011 2.1499999761581425 33.159149169921882 9.8499999046325701 0.65000000596046459 129.87249755859378 192.50000000000003 1.1500000357627871 5 1.6500000357627871 30.90164947509766 1.0000000180025095e-35 -0.15000000223517415 1.0000000180025095e-35 1.0500000119209292 4.2500000000000009 41.828350067138679
decision_type=1 2 2 10 1 10 1 10 2 2 1 8 1 2 8 2 10 10 2 2 8 1 10 2 10 8 10 8 10 2
left_child=6 2 3 4 24 7 18 9 -7 -6 -5 -3 -13 17 -14 -8 19 -4 -1 29 -20 22 -19 -12 -2 -21 -11 -22 -10 -17
right_child=1 11 13 10 5 8 15 -9 28 26 23 12 14 -15 -16 16 -18 21 20 25 27 -23 -24 -25 -26 -27 -28 -29 -30 -31
leaf_value=0.042251506277157624 0.026780634640429027 -0.0031508283494141019 0.012843974756165433 0.0049077785470224688 0.026936922902355599 0.040111070694307339 0.024670602061722557 -0.010491854086120427 -0.0087399218897183401 0.012873858784712403 0.027951114596092886 -0.014909698681601642 -0.021442934914864778 -0.047810338917201177 -0.081489074798924407 0.0026905748809201661 -0.11922113256877698 -0.026084853752195127 -0.017228437530685446 -0.01770876010330932 -0.016961423011006324 -0.005039774601552186 -0.10561968306058628 -0.037073142269916037 0.067459237201125302 -0.066302717709286779 -0.017906889930445861 -0.066814227485493732 -0.04072867682030331 -0.028811936890747538
leaf_weight=10946 477147 224751 127104 212299 790644 45288 63596 191133 231408 814805 20459 143774 47846 91609 71669 239260 13365 101092 69966 89247 35888 193640 18248 162466 50759 48282 85517 152462 90719 84611
leaf_count=10946 477147 224751 127104 212299 790644 45288 63596 191133 231408 814805 20459 143774 47846 91609 71669 239260 13365 101092 69966 89247 35888 193640 18248 162466 50759 48282 85517 152462 90719 84611
internal_value=-2.61204e-07 0.00432621 0.00751964 0.011392 0.0146007 0.0108244 -0.0224588 0.0150101 -0.0106169 0.0178926 -0.0111565 -0.0199126 -0.0342209 -0.0155872 -0.0574457 -0.0122595 -0.0172067 -0.00887955 -0.0428498 -0.0142517 -0.0464576 -0.0177017 -0.0382431 -0.029799 0.0306914 -0.0347685 0.00995015 -0.0573153 -0.0177488 -0.00553943
internal_weight=5e+06 4.19238e+06 3.70434e+06 3.17264e+06 2.77742e+06 2.24951e+06 807623 1.8821e+06 367415 1.69097e+06 395224 488040 263289 531693 119515 538361 474765 440084 269262 461400 258316 312980 119340 182925 527906 137529 900322 188350 322127 323871
internal_count=5000000 4192377 3704337 3172644 2777420 2249514 807623 1882099 367415 1690966 395224 488040 263289 531693 119515 538361 474765 440084 269262 461400 258316 312980 119340 182925 527906 137529 900322 188350 322127 323871
cat_boundaries=0 1 2 3 4 5 6
cat_threshold=6 126976 510 523264 523776 10486271
is_linear=0
shrinkage=0.1


Tree=46
num_leaves=31
num_cat=5
split_feature=75 79 76 88 72 85 48 71 74 23 75 74 47 48 73 72 76 76 24 73 72 88 33 72 28 48 68 84 91 27
split_gain=41567.3 36568.8 38957.8 40164.3 29501.8 29757.9 23972.5 29077.9 15549.7 14573.2 18227.5 14034.4 11840.5 11170.6 10311 9701.91 9662.1 9513.58 11586.2 8898.73 16829.5 9435.54 8623.31 8383.71 8303.57 7439.37 7432.06 7201.07 6787.2 6458.45
threshold=0 1.6500000357627871 1 1.1500000357627871 30.03750038146973 1.2500000000000002 0.75000000000000011 0.94999998807907116 149.50000000000003 21.849999427795414 2 62.500000000000007 1.0000000180025095e-35 1.6500000357627871 141.42920684814456 40.964998245239265 3 4 1.0000000180025095e-35 137.42579650878909 34.879999160766609 2.7500000000000004 1.0000000180025095e-35 40.354150772094734 1.0000000180025095e-35 1.7500000000000002 2.0499999523162846 1.0000000180025095e-35 1.1500000357627871 1.0000000180025095e-35
decision_type=1 8 1 8 2 8 8 8 2 10 1 2 10 10 2 2 1 1 2 2 2 10 8 2 8 8 8 10 8 10
left_child=17 11 9 22 -5 -6 -7 13 14 10 16 -2 23 -8 19 24 -3 18 -1 21 -21 -9 27 -12 -11 -18 -27 29 -13 -4
right_child=1 2 3 4 5 6 7 8 -10 15 12 28 -14 -15 -16 -17 25 -19 -20 20 -22 -23 -24 -25 -26 26 -28 -29 -30 -31
leaf_value=0.022598360044124067 0.025540149821156516 0.0073331095938610358 0.015278484498115861 0.033206342011419004 -0.0074419163349792421 -0.007125431099803921 -0.058300728271316729 -0.025657133952021335 -0.073175201593549774 -0.025647133056008121 0.027582407782698028 0.017509908915114867 0.07113033104074222 -0.11031206168908386 -0.063462596150661674 -0.13267049732327593 0.0019570638757358066 0.0095480282569417006 0.079301916196277397 0.083340673982722213 -0.018542961725902845 -0.082832505871057588 -0.0440467812666238 -0.0057282766007121016 0.049546564932794357 -0.061707038532320804 -0.015292783410179237 -0.041703199321243486 -0.0067420538061202743 -0.063965769884995541
leaf_weight=380991 412779 333985 356771 68638 301900 144572 72328 101773 111583 154007 254076 169194 46803 96237 78696 7780 102045 842423 39799 17989 164217 40290 32685 107534 16234 56302 89087 25757 362935 10590
leaf_count=380991 412779 333985 356771 68638 301900 144572 72328 101773 111583 154007 254076 169194 46803 96237 78696 7780 102045 842423 39799 17989 164217 40290 32685 107534 16234 56302 89087 25757 362935 10590
internal_value=-2.38098e-07 -0.00530151 -0.0110566 -0.0210738 -0.0304486 -0.0343166 -0.0441191 -0.0519484 -0.0401396 0.00287345 0.00761086 0.0117028 0.0238017 -0.087995 -0.0309919 -0.0234673 -0.0037626 0.0156817 0.0279608 -0.0231116 -0.0084841 -0.0418724 0.00530692 0.0176766 -0.0184767 -0.0187392 -0.0332667 0.00941034 0.000969021 0.0129941
internal_weight=5e+06 3.73679e+06 2.79188e+06 1.62403e+06 1.19822e+06 1.12958e+06 827685 683113 514548 1.16785e+06 989832 944908 408413 168565 402965 178021 581419 1.26321e+06 420790 324269 182206 142063 425803 361610 170241 247434 145389 393118 532129 367361
internal_count=5000000 3736787 2791879 1624026 1198223 1129585 827685 683113 514548 1167853 989832 944908 408413 168565 402965 178021 581419 1263213 420790 324269 182206 142063 425803 361610 170241 247434 145389 393118 532129 367361
cat_boundaries=0 1 2 3 4 5
cat_threshold=896 523264 7174 126976 261120
is_linear=0
shrinkage=0.1


Tree=47
num_leaves=31
num_cat=8
split_feature=75 70 48 48 71 73 71 72 12 11 74 48 74 75 76 16 75 9 76 72 74 40 20 72 75 50 76 71 75 74
split_gain=36978.4 22620.1 31966 18830.2 23705.4 15248.1 12091.8 11400.2 13634.2 12783.6 11870.9 12211.1 11194.4 11088.7 10353.5 9608.44 12065.1 11726.1 9367.21 9241.17 9195.06 8902.44 8765.17 8681.01 9756.02 8346.51 8393.46 8010.74 7821.26 7531.84
threshold=0 1.6500000357627871 1.6500000357627871 1.1500000357627871 0.84999999403953563 140.759147644043 0.75000000000000011 42.385799407958991 1.4499999880790713 2.6499999761581425 388.50000000000006 4.8500001430511483 199.50000000000003 1 2 6.6499998569488534 3 13.050000190734865 4 32.232500076293952 669.00000000000011 1.0000000180025095e-35 12.84999990463257 30.03750038146973 5 1.6500000357627871 6 5.8500001430511483 7 34.500000000000007
decision_type=1 10 10 8 8 2 8 2 8 10 2 10 2 1 1 8 1 10 1 2 2 10 10 2 1 10 1 8 1 2
left_child=1 2 19 14 13 12 -4 9 -9 20 11 -11 22 -5 -2 -7 17 -17 -15 -1 28 29 -6 -24 -25 -21 -27 -13 -3 -16
right_child=3 7 6 4 5 15 -8 8 -10 10 -12 27 -14 18 21 16 -18 -19 -20 25 -22 -23 23 24 -26 26 -28 -29 -30 -31
leaf_value=0.062011052356616074 0.042695072178612396 0.0016639328218506014 -0.082778697237521792 -0.055899606713674846 0.037316715621910038 0.016553531224322151 -0.037866482020061952 -0.012837962514351285 -0.09239734453123262 0.0063489871542286996 -0.075836614793133861 -0.057046777380110582 -0.007158022768752801 0.01405002224095264 0.03080649573485561 -0.02521876597798179 -0.0065302966738380866 -0.098183383727767401 -0.028393985082349523 -0.0052693718135683127 -0.035795530408530674 -0.01564700072623762 0.041196034500566886 0.017734947976616601 -0.0041701302896997999 -0.0098725389755209385 -0.072355366955959011 0.00472446112142225 0.039581567280589404 0.010576088857762119
leaf_weight=17647 130902 81062 85347 84555 151171 104710 201420 143098 25357 335269 23263 58567 289720 80081 248681 77838 277008 30718 148240 374424 25652 99128 87914 464284 361726 44924 41242 32725 165433 707894
leaf_count=17647 130902 81062 85347 84555 151171 104710 201420 143098 25357 335269 23263 58567 289720 80081 248681 77838 277008 30718 148240 374424 25652 99128 87914 464284 361726 44924 41242 32725 165433 707894
internal_value=-2.10917e-07 -0.0122239 -0.0248353 0.00605005 0.000486056 0.00480203 -0.0512332 -0.00138907 -0.0248138 0.00407654 -0.00627361 -0.00247991 0.0102707 -0.0249661 0.0161688 -0.0103099 -0.0176053 -0.0458613 -0.0135073 -0.00900618 0.021184 0.0128791 0.0150115 0.011322 0.00814245 -0.0117271 -0.0397885 -0.0349039 0.0271137 0.0158354
internal_weight=5e+06 1.65543e+06 765004 3.34457e+06 2.15796e+06 1.84509e+06 286767 890426 168455 721971 449824 426561 1.35482e+06 312876 1.1866e+06 490274 385564 108556 228321 478237 272147 1.0557e+06 1.0651e+06 913924 826010 460590 86166 91292 246495 956575
internal_count=5000000 1655430 765004 3344570 2157965 1845089 286767 890426 168455 721971 449824 426561 1354815 312876 1186605 490274 385564 108556 228321 478237 272147 1055703 1065095 913924 826010 460590 86166 91292 246495 956575
cat_boundaries=0 1 2 3 4 5 6 7 8
cat_threshold=4110 3072 64512 2096 1048064 1920 2096128 2
is_linear=0
shrinkage=0.1


Tree=48
num_leaves=31
num_cat=6
split_feature=76 35 48 75 74 71 91 75 47 26 72 52 48 13 23 75 30 39 84 71 28 72 72 76 13 2 75 87 25 61
split_gain=35172.6 30753.9 24256 23011.5 21726.6 20095.2 14985.4 14357.8 13168 12256.8 11558.4 11070.3 11491.4 11057 12020.4 10145.8 9826.8 9009.7 8421.19 7657.76 7262.38 7254.49 7119.44 6989.6 6869.75 9508.12 6694.47 6462.34 6186.08 5946.23
threshold=0 1.0000000180025095e-35 3.4500000476837163 1 249.50000000000003 2.6499999761581425 3.3500000238418584 2 1.0000000180025095e-35 1.0000000180025095e-35 38.085000991821296 2.5499999523162846 3.3500000238418584 9.4499998092651385 3.0499999523162846 3 1.0000000180025095e-35 1.0000000180025095e-35 1.0000000180025095e-35 1.3499999642372134 1.0000000180025095e-35 26.891649246215824 30.90164947509766 4 -4.3500001430511466 -2.4500000476837154 5 1.0000000180025095e-35 1.0000000180025095e-35 1.8499999642372134
decision_type=1 8 8 1 2 8 10 1 10 10 2 8 8 8 10 1 10 10 8 8 10 2 2 1 10 10 1 10 10 8
left_child=1 3 4 8 6 7 10 29 9 11 23 12 13 24 -15 -6 17 18 20 -13 27 -7 -16 28 -1 -26 -3 -5 -2 -4
right_child=2 26 5 16 15 21 -8 -9 -10 -11 -12 19 -14 14 22 -17 -18 -19 -20 -21 -22 -23 -24 -25 25 -27 -28 -29 -30 -31
leaf_value=-0.098160086104222943 0.032732730685785173 -0.028115381661665769 -0.07496225295710443 0.014505341599645356 -0.020374454166447016 0.037963731044277194 -0.0086580011863253269 -0.010126513739820124 -0.076026356139280674 -0.07618065724658328 0.0073611467532215084 -0.085990511609225329 -0.087152298979053383 0.065060027764127934 0.1287298592075094 0.0045282509676887487 -0.041152420417114359 -0.042967880473393338 -0.031974560694509623 -0.026951783640719502 -0.059631768682963916 -0.0016023497153122683 -0.0022728883030008105 0.019655639470688512 0.021051506032287656 -0.035918889747735765 -0.073863879311073882 -0.05104527656737648 0.08166525827874814 -0.033706301384562785
leaf_weight=11255 254794 49595 67582 609641 276476 51605 236553 165734 44726 35343 645890 29269 16689 36714 4267 400719 47757 36165 48405 88098 14121 454250 149303 887035 44148 87076 90298 15420 28751 72321
leaf_count=11255 254794 49595 67582 609641 276476 51605 236553 165734 44726 35343 645890 29269 16689 36714 4267 400719 47757 36165 48405 88098 14121 454250 149303 887035 44148 87076 90298 15420 28751 72321
internal_value=-2.02119e-07 -0.0130709 0.00538166 -0.00834057 0.00989345 -0.00979792 0.0150168 -0.0300428 -0.024032 -0.0194015 0.0180999 -0.0151028 -0.00617828 -0.00211721 0.0136562 -0.00563892 0.00278269 0.0056818 0.00824062 -0.0416749 0.0112861 0.002434 0.00136707 0.0240253 -0.0231829 -0.0167522 -0.0576524 0.0128882 0.0376931 -0.0536317
internal_weight=5e+06 1.45829e+06 3.54171e+06 1.3184e+06 2.73022e+06 811492 2.05302e+06 305637 546888 502162 1.81647e+06 466819 349452 332763 190284 677195 771509 723752 687587 117367 639182 505855 153570 1.17058e+06 142479 131224 139893 625061 283545 139903
internal_count=5000000 1458290 3541710 1318397 2730218 811492 2053023 305637 546888 502162 1816470 466819 349452 332763 190284 677195 771509 723752 687587 117367 639182 505855 153570 1170580 142479 131224 139893 625061 283545 139903
cat_boundaries=0 1 2 3 4 5 6
cat_threshold=254 62 7174 7174 126976 4544
is_linear=0
shrinkage=0.1


Tree=49
num_leaves=31
num_cat=9
split_feature=82 74 73 76 48 76 88 76 74 79 75 91 91 79 76 73 88 72 48 70 75 76 75 12 34 22 75 12 72 70
split_gain=32578.8 30834.8 22113 17546.9 13208 13142.3 12501.5 14622.6 11996.7 11221.7 10696.8 10095.4 9413.8 8331.04 8183.5 8110.53 7759.89 9402.3 7750.19 7385.46 6136.75 5697.04 5929.91 5482.08 5269.77 4927.62 4926.52 5272.54 5146.46 4670.22
threshold=3.3500000238418584 249.50000000000003 140.11250305175784 0 0.65000000596046459 1 1.3499999642372134 2 92.500000000000014 2.2500000000000004 3 1.6500000357627871 2.7500000000000004 2.5499999523162846 4 141.81670379638675 1.7500000000000002 30.03750038146973 2.6499999761581425 2.2500000000000004 5 6 7 -0.15000000223517415 1.0000000180025095e-35 15.650000095367433 8 2.0499999523162846 31.958350181579593 1.9499999880790713
decision_type=10 2 2 1 8 1 8 1 2 8 1 8 10 10 1 2 8 2 10 8 1 1 1 8 8 10 1 8 2 8
left_child=1 2 9 20 -3 12 -4 -8 15 -1 23 -9 13 24 -11 29 -16 25 -19 -20 -2 -13 -23 -7 -6 -18 -10 -28 -29 -5
right_child=3 4 6 8 5 10 7 11 26 14 -12 21 -14 -15 16 -17 17 18 19 -21 -22 22 -24 -25 -26 -27 27 28 -30 -31
leaf_value=0.024096004221325535 -0.024842095760213304 0.004855333197246875 0.011441964210771326 -0.038009121474488761 -0.022797641537976837 -0.0076667177215951378 0.011983037538071194 -0.0010360834129914381 -0.039075939243207812 0.023200999655718441 0.00083070009381209446 -0.045999815628366789 -0.11636343641990375 -0.10720139653328505 0.016544802293911125 -0.072142633374885176 0.10807303543788245 0.0018459346377120104 -0.046260145659184126 -0.006555618053286809 0.0049455888814380049 -0.040265859134486277 -0.0091735119727970327 -0.04181134287930896 -0.079945524830802736 0.022642766471683087 -0.0481130224787365 0.022646022070528508 -0.12766241548197135 -0.0074163493610589944
leaf_weight=728023 100841 312173 421924 81090 149304 75073 229492 232554 29830 301209 296653 115408 15563 14819 353184 33515 7448 414622 77614 118189 220100 92015 184018 125845 18091 72221 18364 2475 28610 129733
leaf_count=728023 100841 312173 421924 81090 149304 75073 229492 232554 29830 301209 296653 115408 15563 14819 353184 33515 7448 414622 77614 118189 220100 92015 184018 125845 18091 72221 18364 2475 28610 129733
internal_value=-2.03573e-07 0.00310505 0.00772082 -0.0209832 -0.0122328 -0.0199045 -0.00263917 -0.00960023 -0.0374138 0.0140963 -0.0112361 -0.017538 -0.0417098 -0.0353359 0.00868159 -0.0264476 0.00448936 -0.00168044 -0.00589732 -0.022294 -0.00441431 -0.0273422 -0.0195392 -0.0290518 -0.0289738 0.0306294 -0.0712162 -0.0905785 -0.115695 -0.0191834
internal_weight=5e+06 4.35544e+06 3.34792e+06 644558 1.00752e+06 695348 1.27541e+06 853487 323617 2.07251e+06 497571 623995 197777 182214 1.34449e+06 244338 1.04328e+06 690094 610425 195803 320941 391441 276033 200918 167395 79669 79279 49449 31085 210823
internal_count=5000000 4355442 3347921 644558 1007521 695348 1275411 853487 323617 2072510 497571 623995 197777 182214 1344487 244338 1043278 690094 610425 195803 320941 391441 276033 200918 167395 79669 79279 49449 31085 210823
cat_boundaries=0 1 2 3 4 5 6 7 8 9
cat_threshold=261120 255 129024 7174 253952 6210 126 6150 496
is_linear=0
shrinkage=0.1


Tree=50
num_leaves=31
num_cat=4
split_feature=91 76 82 72 88 48 70 75 75 74 74 47 74 84 37 76 37 73 90 73 72 31 24 13 1 26 2 31 87 72
split_gain=29717.2 31202.2 27952 23306.4 24963.8 18275.8 22648.8 12556.2 11301.4 11282.4 9828.12 9597 9296.29 7891.3 7252.66 7224.08 7084.59 6928.41 6591.05 6242.5 14422.5 6010.04 5774.51 7004.18 6581.2 5725.07 5298.93 5365.73 5294.46 5272.85
threshold=1.3499999642372134 0 1.4499999880790713 30.90164947509766 1.7500000000000002 1.0500000119209292 0.94999998807907116 1 2 18.500000000000004 139.00000000000003 1.0000000180025095e-35 760.00000000000011 1.0000000180025095e-35 1.0000000180025095e-35 3 1.0000000180025095e-35 142.22499847412112 1.0000000180025095e-35 137.86834716796878 35.041648864746101 1.0000000180025095e-35 1.0000000180025095e-35 0.84999999403953563 32.95000076293946 1.0000000180025095e-35 -12.849999904632567 1.0000000180025095e-35 1.0000000180025095e-35 33.627500534057624
decision_type=8 1 8 2 8 8 8 1 1 2 2 8 2 10 10 1 8 2 10 2 2 10 2 8 10 10 8 8 10 2
left_child=12 7 13 -4 9 -6 8 29 -7 -5 17 22 15 14 18 16 25 19 21 -8 -21 28 23 -9 -25 26 -1 -28 -3 -2
right_child=1 2 3 4 5 6 10 11 -10 -11 -12 -13 -14 -15 -16 -17 -18 -19 -20 20 -22 -23 -24 24 -26 -27 27 -29 -30 -31
leaf_value=-0.10220687304731035 0.017184087649110596 0.018009455291461706 0.02707602899282115 0.018068799375717624 -0.0078558254964555801 -0.099008834245229521 -0.034657245569418807 0.033685995043002875 -0.043394726948602441 -0.014186599543360734 -0.054165001999671981 0.048307948668239821 -0.030419632317289266 -0.030711652097969416 -0.031501059779725719 0.02052273506162992 -0.032262542862175496 -0.061960752592022876 -0.04903133319324135 0.065147189028196106 -0.017315601303385969 -0.042399327424159611 0.041485493767345692 0.0028555928695647081 0.062270498735809143 -0.030333042869914235 0.014449172686688827 -0.042763291988692817 -0.060105182684585867 -0.008875895259869487
leaf_weight=4059 92858 481391 101948 152493 237559 83411 160354 97059 65122 375395 137594 77014 48780 53877 40373 750106 45351 42394 16859 23558 212719 17895 58364 585549 19256 34818 484214 16967 8836 473827
leaf_count=4059 92858 481391 101948 152493 237559 83411 160354 97059 65122 375395 137594 77014 48780 53877 40373 750106 45351 42394 16859 23558 212719 17895 58364 585549 19256 34818 484214 16967 8836 473827
internal_value=-2.06891e-07 -0.00477041 -0.0121715 -0.0191815 -0.0223453 -0.0319282 -0.0398143 0.00688947 -0.0746353 -0.00486886 -0.0308446 0.0146698 0.0124593 0.00585678 0.00934167 0.0140255 0.00569984 -0.0235358 0.0124826 -0.0194288 -0.00909365 0.0145236 0.0112624 0.00874913 0.00474727 0.00888781 0.0115907 0.0125123 0.0166015 -0.00460558
internal_weight=5e+06 3.6157e+06 2.21178e+06 1.59255e+06 1.4906e+06 962711 725152 1.40393e+06 148533 527888 576619 837242 1.3843e+06 619231 565354 1.33552e+06 585409 439025 524981 396631 236277 508122 760228 701864 604805 540058 505240 501181 490227 566685
internal_count=5000000 3615705 2211778 1592547 1490599 962711 725152 1403927 148533 527888 576619 837242 1384295 619231 565354 1335515 585409 439025 524981 396631 236277 508122 760228 701864 604805 540058 505240 501181 490227 566685
cat_boundaries=0 1 2 3 4
cat_threshold=522240 7234 7182 255
is_linear=0
shrinkage=0.1


Tree=51
num_leaves=31
num_cat=6
split_feature=85 74 71 91 76 79 76 75 75 34 29 54 72 13 10 75 81 45 48 48 26 73 76 84 71 53 10 73 72 9
split_gain=28529.9 25502.6 19877 18406.6 14922.2 12747.8 12666.7 12653.6 12536.4 12411.3 9442.47 9251.89 9239.56 8483.36 8298.74 8544.58 8186.01 7867.66 7182.84 6945.48 6651.53 6509.81 6279.24 6019.02 5860.4 5765.44 5555.93 5518.67 5609.64 5171.6
threshold=2.7500000000000004 52.500000000000007 1.7500000000000002 2.9500000476837163 0 3.4500000476837163 1 2 3 1.0000000180025095e-35 1.0000000180025095e-35 3.3500000238418584 27.989149093627933 -3.9500000476837154 2.4500000476837163 4 1.0000000180025095e-35 1.0000000180025095e-35 1.6500000357627871 4.9500000476837167 1.0000000180025095e-35 140.06079864501956 5 1.0000000180025095e-35 1.0500000119209292 2.6499999761581425 10.84999990463257 139.12249755859378 35.170000076293952 11.650000095367433
decision_type=10 2 10 10 1 10 1 1 1 8 10 8 2 8 10 1 10 10 10 8 10 2 1 10 8 10 10 2 2 8
left_child=1 5 7 4 9 11 -5 -2 -6 10 13 19 -4 -3 -14 21 17 20 -10 -1 23 27 -9 25 -20 -15 -23 29 -29 -16
right_child=2 3 12 6 8 -7 -8 22 18 -11 -12 -13 14 16 15 -17 -18 -19 24 -21 -22 26 -24 -25 -26 -27 -28 28 -30 -31
leaf_value=0.021755576640554993 -0.060994383235326348 -0.08206610647747492 0.026261775117183018 -0.0090727314770144528 0.015392423294782624 -0.0098984526927338376 -0.054054875272926919 -0.043444605018726379 0.0040284067727810362 -0.054113481210903348 -0.058036326616815043 0.0010871757458785728 0.012579001136684942 0.010349929642644876 -0.022543474808661958 -0.0072131698822398803 -0.051837445516867635 -0.042718293279201444 -0.044207731828766431 -0.029761194636877528 -0.079280896175861537 -0.063347840152654683 -0.0074625675017527572 -0.077158378920375012 -0.0084570390756058735 -0.025465875630203961 -0.1956472675485128 0.099335834569220877 -0.016975371566190028 -0.081587929809166931
leaf_weight=1127389 121341 13844 81987 146210 704207 210089 109482 75858 463610 63668 35217 309407 128113 430174 59105 297005 32177 39768 59972 26792 9521 25234 134483 8734 194748 50189 3631 6374 11866 19805
leaf_count=1127389 121341 13844 81987 146210 704207 210089 109482 75858 463610 63668 35217 309407 128113 430174 59105 297005 32177 39768 59972 26792 9521 25234 134483 8734 194748 50189 3631 6374 11866 19805
internal_value=-2.10577e-07 0.0036934 -0.0154484 -0.00299927 7.70942e-05 0.0131366 -0.0283356 -0.0352791 0.00591123 -0.0120688 -0.00774882 0.0164432 -0.00505942 -0.00471844 -0.00971879 -0.0164717 -0.00284169 8.65699e-05 -0.00338365 0.0205597 0.00350053 -0.0382897 -0.0204407 0.005112 -0.0168743 0.00660784 -0.0799901 -0.0259037 0.0236698 -0.0373626
internal_weight=5e+06 4.0352e+06 964802 2.36152e+06 2.10583e+06 1.67368e+06 255692 331682 1.42254e+06 683292 619624 1.46359e+06 633120 584407 551133 423020 570563 538386 718330 1.15418e+06 498618 126015 210341 489097 254720 480363 28865 97150 18240 78910
internal_count=5000000 4035198 964802 2361521 2105829 1673677 255692 331682 1422537 683292 619624 1463588 633120 584407 551133 423020 570563 538386 718330 1154181 498618 126015 210341 489097 254720 480363 28865 97150 18240 78910
cat_boundaries=0 1 2 3 4 5 6
cat_threshold=254 523776 6150 504 6158 12583167
is_linear=0
shrinkage=0.1


Tree=52
num_leaves=31
num_cat=5
split_feature=75 79 91 74 76 38 72 28 78 76 32 72 12 47 0 76 87 54 74 75 0 90 74 1 13 3 85 74 73 73
split_gain=25360.4 22763.4 21837.9 18575.9 16710.2 17428.4 15849.6 11877.6 11635.1 11461.6 11229.5 10889.4 11543.6 10108.3 8556.7 7981.31 7904.25 7752.03 7656.3 7333.39 7982.06 6664.34 6554.7 6269.87 10396.8 6967 6177.03 6162.78 6516.96 5963.58
threshold=0 3.1499999761581425 3.9500000476837163 733.00000000000011 1 1.0000000180025095e-35 30.03750038146973 1.0000000180025095e-35 1.0000000180025095e-35 2 1.0000000180025095e-35 38.379999160766609 6.2500000000000009 1.0000000180025095e-35 -12.849999904632567 3 1.0000000180025095e-35 3.1499999761581425 152.50000000000003 4 16.650000572204593 1.0000000180025095e-35 322.00000000000006 12.84999990463257 14.550000190734865 -1.8499999642372129 1.0500000119209292 669.00000000000011 141.45334625244143 144.7174987792969
decision_type=1 10 10 2 1 10 2 10 10 1 10 2 10 10 2 1 10 10 2 1 2 10 2 10 8 10 8 2 2 2
left_child=27 2 3 4 5 7 -3 8 10 -8 13 12 -6 14 -2 -4 17 21 -11 20 -14 23 -13 24 25 -16 -21 28 -1 -30
right_child=1 6 15 -5 11 -7 9 -9 -10 18 -12 22 19 -15 16 -17 -18 -19 -20 26 -22 -23 -24 -25 -26 -27 -28 -29 29 -31
leaf_value=-0.015041035963417796 -0.10767424267246867 0.027548842081837711 -0.0075762198576024495 -0.028969186589418196 0.035892601599943889 -0.042687383797500505 -0.0097423617403177808 -0.037532262369519828 -0.041554830416043693 -0.029585971801063399 -0.056133542840019479 0.006382442219495992 0.067278725859654567 -0.030160529232595809 0.052205427829824548 -0.041160075453749528 -0.055490617848060378 -0.012712104011905602 -0.076992082233512893 0.023987517133195219 0.020170391993370257 -0.061085073498451693 -0.026070399012916648 0.0097707772506196028 0.051304086454979393 0.0074742471093668288 0.0039581848675156643 -0.079808881529358389 -0.057895424223294384 0.043238755523073387
leaf_weight=334362 5850 77258 174960 136742 293614 94388 363151 69804 50292 177682 26569 700557 39351 58734 43015 118831 16168 88459 42150 200116 418415 10303 68305 319672 132252 182760 667774 18540 63506 6420
leaf_count=334362 5850 77258 174960 136742 293614 94388 363151 69804 50292 177682 26569 700557 39351 58734 43015 118831 16168 88459 42150 200116 418415 10303 68305 319672 132252 182760 667774 18540 63506 6420
internal_value=-2.22887e-07 0.00216439 0.00505973 0.00718595 0.00860401 -0.0016049 -0.0150124 0.0022578 0.00523134 -0.0206527 0.00789373 0.0132989 0.017952 0.00987823 0.0128234 -0.0211617 0.0137127 0.0151537 -0.0386737 0.0139784 0.0242194 0.0187365 0.00349936 0.01995 0.0290388 0.0159965 0.0085764 -0.023432 -0.0208472 -0.0486102
internal_weight=5e+06 4.57717e+06 3.91693e+06 3.62314e+06 3.4864e+06 1.09827e+06 660241 1.00388e+06 934074 582983 883782 2.38813e+06 1.61927e+06 857213 798479 293791 792629 776461 219832 1.32566e+06 457766 688002 768862 677699 358027 225775 867890 422828 404288 69926
internal_count=5000000 4577172 3916931 3623140 3486398 1098266 660241 1003878 934074 582983 883782 2388132 1619270 857213 798479 293791 792629 776461 219832 1325656 457766 688002 768862 677699 358027 225775 867890 422828 404288 69926
cat_boundaries=0 1 2 3 4 5
cat_threshold=2 254 524032 524032 416
is_linear=0
shrinkage=0.1


Tree=53
num_leaves=31
num_cat=7
split_feature=79 76 88 75 71 85 82 68 48 72 47 73 16 73 76 73 6 48 12 0 10 74 74 75 1 75 75 72 2 75
split_gain=23311.2 25892.9 23661 23654.7 18551.4 14181.9 11202.5 11770.4 12461.9 9992.24 9607.37 8533.58 9479.63 8445.1 8386.21 8185.04 7736.79 7434.89 7192.69 6794.81 6761.23 6668.27 6461.87 6319.29 5254.14 11208.5 6876.21 6219.2 5631.17 7229.78
threshold=1.6500000357627871 0 1.0500000119209292 1 5.5499999523162851 0.94999998807907116 1.0500000119209292 1.1500000357627871 1.0500000119209292 34.80999946594239 1.0000000180025095e-35 141.45334625244143 3.2500000000000004 131.59835052490237 2 129.87249755859378 8.2500000000000018 1.0500000119209292 6.2500000000000009 12.050000190734865 12.050000190734865 68.500000000000014 139.00000000000003 3 16.44999980926514 4 5 36.851650238037116 23.750000000000004 6
decision_type=8 1 8 1 10 8 8 8 10 2 8 2 8 2 1 2 10 10 10 2 8 2 2 1 8 1 1 2 10 1
left_child=13 10 -3 4 5 -4 -7 8 -8 -5 24 12 -9 -1 17 -14 -13 -11 -10 -16 -17 -19 -15 -21 26 -26 -2 -28 29 -27
right_child=1 2 3 9 -6 6 7 11 18 14 -12 16 15 22 19 20 -18 21 -20 23 -22 -23 -24 -25 25 28 27 -29 -30 -31
leaf_value=0.031948611299420678 0.076230365270298583 0.008382822856983144 -0.0026819750903992732 0.008240859380352834 0.016712310388420838 -0.0050755807177225096 -0.027995692615404157 -0.0013432060119419372 -0.06021962762634845 -0.00459063146953358 0.042715920521835427 -0.056600463655556182 0.010433912945811044 0.014662481446404078 0.017556244109642009 -0.034192163146362857 -0.20201788903779327 -0.024071261795524657 -0.11046898894545649 -0.021582532736263357 -0.076486815946994052 -0.06714928136963895 -0.0006278327764021388 0.001754895475060198 0.017620822575730312 0.011473017833401067 0.026560289316299786 -3.7780032762808675e-05 -0.039205226099181006 -0.029893170921708918
leaf_weight=174235 18112 621549 151091 403649 92656 97403 65031 107272 63524 98521 84943 63076 31409 664996 114324 157402 3884 99012 51645 227090 49741 56404 472974 237237 198482 105731 173232 178483 66534 70358
leaf_count=174235 18112 621549 151091 403649 92656 97403 65031 107272 63524 98521 84943 63076 31409 664996 114324 157402 3884 99012 51645 227090 49741 56404 472974 237237 198482 105731 173232 178483 66534 70358
internal_value=-2.12298e-07 -0.00407321 -0.00881976 -0.0137463 -0.025756 -0.0304326 -0.0365058 -0.0416685 -0.062992 -0.00467111 0.010719 -0.0323597 -0.0260329 0.0114465 -0.010931 -0.0371354 -0.0650354 -0.0260807 -0.0827528 -0.00428221 -0.0443483 -0.0397053 0.00830737 -0.00965925 0.00736751 -2.81672e-06 0.0161584 0.0130623 -0.0144203 -0.00505627
internal_weight=5e+06 3.6878e+06 2.79192e+06 2.17037e+06 934134 841478 690387 592984 180200 1.23624e+06 895875 412784 345824 1.3122e+06 832588 238552 66960 253937 115169 578651 207143 155416 1.13797e+06 464327 810932 441105 369827 351715 242623 176089
internal_count=5000000 3687795 2791920 2170371 934134 841478 690387 592984 180200 1236237 895875 412784 345824 1312205 832588 238552 66960 253937 115169 578651 207143 155416 1137970 464327 810932 441105 369827 351715 242623 176089
cat_boundaries=0 1 2 3 4 5 6 7
cat_threshold=126976 6158 127 1584 896 672 1120
is_linear=0
shrinkage=0.1


Tree=54
num_leaves=31
num_cat=6
split_feature=73 74 88 79 71 85 74 82 48 75 8 76 85 76 72 85 76 40 73 91 82 75 85 71 0 80 73 61 73 75
split_gain=22179.5 24988.8 18116.8 14246.5 11821.9 11742.2 13452.2 8623.03 7989.38 6832.25 7341.33 6797.21 8289.82 6741.13 7168.35 7564.39 6725.43 6676.2 5757.35 6569.48 5749.23 5854.85 5511.05 5242.58 5119.72 5039.02 4989.17 4956.03 4729.26 5603.61
threshold=142.07500457763675 669.00000000000011 3.3500000238418584 3.7500000000000004 2.8500000238418584 3.9500000476837163 131.00000000000003 2.3500000238418584 0.45000000298023229 0 1.6500000357627871 1 2.1499999761581425 2 31.958350181579593 0.75000000000000011 3 1.0000000180025095e-35 129.97499847412112 2.3500000238418584 0.75000000000000011 4 2.2500000000000004 2.0499999523162846 18.250000000000004 -13.749999999999998 133.76079559326175 2.4500000476837163 144.7174987792969 5
decision_type=2 2 10 10 8 10 2 8 10 1 8 1 8 1 2 8 1 8 2 10 8 1 10 8 2 8 2 8 2 1
left_child=1 2 3 5 9 6 16 25 -8 10 -4 -9 -13 -10 -15 -16 -1 18 24 -20 -17 -22 -3 -5 -18 -2 -23 -27 29 -14
right_child=7 22 4 23 -6 -7 8 11 13 -11 -12 12 28 14 15 20 17 -19 19 -21 21 26 -24 -25 -26 27 -28 -29 -30 -31
leaf_value=0.026699564568097529 -0.080973216007903581 -0.022381885878667351 -0.0057353015175564204 -0.031095891297782237 0.0029832100736976734 -0.014890954122876977 0.016827309472323262 -0.014447120095579564 0.0059986285048715948 -0.0147546974209984 -0.062881208035009947 -0.015175534445278794 -0.042755265652205443 0.046882671108657875 0.0086108321647007467 0.0074553775939978197 0.079867603812620133 -0.0087800267554241501 0.015916134320966557 -0.0024894713474436871 -0.0066049416581856479 -0.067992884422505506 -0.061674950447737624 -0.003805177393980621 0.021184133787268845 0.0082118246318500839 -0.028900211696276896 -0.021458759956322172 -0.015004267696721495 -0.094924855651396536
leaf_weight=398110 8375 176988 31820 113644 263327 199886 261232 158780 424431 193857 76591 63758 37721 20112 109341 55925 24184 138878 1157197 232964 88544 42409 44712 184945 38588 161864 141820 86318 18190 45489
leaf_count=398110 8375 176988 31820 113644 263327 199886 261232 158780 424431 193857 76591 63758 37721 20112 109341 55925 24184 138878 1157197 232964 88544 42409 44712 184945 38588 161864 141820 86318 18190 45489
internal_value=-1.7994e-07 0.00241363 0.00414169 0.00673406 -0.0125063 0.0086084 0.0101073 -0.0183774 0.00146547 -0.0260004 -0.0461039 -0.0292239 -0.0434265 -0.00308142 -0.0114931 -0.0141736 0.0150747 0.012167 0.0141694 0.0128317 -0.0217528 -0.0277411 -0.0303064 -0.0141921 0.043793 -0.00468211 -0.0378972 -0.00210764 -0.0611944 -0.0712917
internal_weight=5e+06 4.4195e+06 4.1978e+06 3.63221e+06 565595 3.33362e+06 3.13374e+06 580495 1.14381e+06 302268 108411 323938 165158 882582 458151 438039 1.98992e+06 1.59181e+06 1.45293e+06 1.39016e+06 328698 272773 221700 298589 62772 256557 184229 248182 101400 83210
internal_count=5000000 4419505 4197805 3632210 565595 3333621 3133735 580495 1143814 302268 108411 323938 165158 882582 458151 438039 1989921 1591811 1452933 1390161 328698 272773 221700 298589 62772 256557 184229 248182 101400 83210
cat_boundaries=0 1 2 3 4 5 6
cat_threshold=6150 261888 2096128 129024 960 1008
is_linear=0
shrinkage=0.1


Tree=55
num_leaves=31
num_cat=6
split_feature=82 74 75 48 71 48 70 73 76 90 32 87 71 27 22 48 84 0 75 73 75 23 72 23 15 75 0 75 23 42
split_gain=19672.8 19504.9 14743.2 13352 17101.7 10792.4 9287.81 8761.83 7659.66 8132.49 8178.82 8417.06 7369.88 7036.01 6999.06 6838.48 6774.95 6301.99 5948.19 5910.4 5863.07 5940.39 5593.58 7846.19 6102.93 6283.58 6802.76 6324.69 6021.54 5562.98
threshold=4.0499999523162851 69.500000000000014 0 0.55000001192092907 0.65000000596046459 4.4500000476837167 1.9499999880790713 140.20584869384768 1 1.0000000180025095e-35 1.0000000180025095e-35 1.0000000180025095e-35 4.1499998569488534 1.0000000180025095e-35 15.84999990463257 1.4499999880790713 1.0000000180025095e-35 20.650000572204593 2 131.03749847412112 3 3.2500000000000004 30.90164947509766 17.550000190734867 3.8500000238418584 4 13.050000190734865 5 15.050000190734865 1.0000000180025095e-35
decision_type=10 2 1 10 10 8 10 2 1 8 10 10 8 10 8 10 10 2 1 2 1 8 2 10 8 1 2 1 10 10
left_child=1 5 17 29 15 7 18 22 -6 10 11 13 -7 14 16 -5 19 -3 -2 -10 -21 -22 23 -1 -24 28 -27 -28 -26 -4
right_child=6 2 3 4 8 12 -8 -9 9 -11 -12 -13 -14 -15 -16 -17 -18 -19 -20 20 21 -23 24 -25 25 26 27 -29 -30 -31
leaf_value=0.1415968944637174 -0.06011154222373271 0.022880179171333698 0.010420678386268242 -0.023133974040761993 0.0080126705385677698 -0.024761155919521494 -0.0093023702680984088 0.0022026359626062171 0.049764133256850321 -0.043026213747163693 -0.04814231486757712 -0.069089013772469218 0.0073948230782664966 -0.068604939560102482 -0.020909674094036261 -0.055618692778281353 -0.087419041206147519 0.0014749678130708914 -0.021308512967005418 -0.027002153768377269 0.022915662294451369 -0.0027453055470438859 0.038442572414397913 0.032369323949823836 -0.0055004372602741229 0.029870940653136776 -0.014761357469751712 0.013894403818584625 -0.14036092435121333 -0.029178582287928686
leaf_weight=7587 74348 213510 372156 156461 226942 149894 284791 679564 27053 80001 51017 20956 135892 16824 165762 110622 8182 386574 84368 61751 137719 261525 100410 49377 110607 240735 87271 655474 3413 39214
leaf_count=7587 74348 213510 372156 156461 226942 149894 284791 679564 27053 80001 51017 20956 135892 16824 165762 110622 8182 386574 84368 61751 137719 261525 100410 49377 110607 240735 87271 655474 3413 39214
internal_value=-1.90111e-07 0.00195677 -0.00442136 -0.00909162 -0.0139783 0.00866827 -0.0201056 0.0113481 -0.00826912 -0.0127167 -0.00948717 -0.00666901 -0.0094709 -0.00474202 -0.00311899 -0.0365887 0.00282386 0.00909079 -0.0394903 0.00433676 0.0016709 0.00610628 0.0163007 0.0469173 0.0148448 0.0126858 0.0152621 0.0105274 -0.00953643 0.00664586
internal_weight=5e+06 4.55649e+06 2.33627e+06 1.73618e+06 1.32482e+06 2.22022e+06 443507 1.93444e+06 1.05773e+06 830790 750789 699772 285786 678816 661992 267083 496230 600084 158716 488048 460995 399244 1.25487e+06 56964 1.19791e+06 1.0975e+06 983480 742745 114020 411370
internal_count=5000000 4556493 2336269 1736185 1324815 2220224 443507 1934438 1057732 830790 750789 699772 285786 678816 661992 267083 496230 600084 158716 488048 460995 399244 1254874 56964 1197910 1097500 983480 742745 114020 411370
cat_boundaries=0 1 2 3 4 5 6
cat_threshold=448 122880 7174 2 6 4120
is_linear=0
shrinkage=0.1


Tree=56
num_leaves=31
num_cat=7
split_feature=85 76 79 88 73 75 75 2 74 0 75 72 72 49 45 48 71 72 74 26 70 75 75 0 75 23 10 72 48 48
split_gain=18408.1 21932.4 18328.1 15214.1 17753.1 15236.9 13044.6 12611.4 12474.2 11563.1 13663 10033.4 8213.84 7773.65 7543.83 7330.17 8281.81 7192.62 6696.23 6170.33 6112.58 5791.77 5702.79 6706.75 5632.79 5435.74 5299.92 5763.14 5514.13 5254.86
threshold=0.75000000000000011 0 1.0500000119209292 0.65000000596046459 129.87249755859378 1 2 11.650000095367433 58.500000000000007 15.750000000000002 3 36.37919998168946 35.097499847412116 0.65000000596046459 1.0000000180025095e-35 1.1500000357627871 1.6500000357627871 36.961700439453132 907.50000000000011 1.0000000180025095e-35 0.94999998807907116 4 5 3.8500000238418584 6 3.2500000000000004 -1.0000000180025095e-35 32.093299865722663 4.6499998569488534 2.0499999523162846
decision_type=8 1 8 8 2 1 1 8 2 2 1 2 2 10 8 8 8 2 2 10 8 1 1 2 1 8 8 2 10 10
left_child=-1 2 -2 -4 -5 29 15 8 24 17 12 14 -11 -10 -9 -3 -17 21 20 -12 -15 -8 23 -19 25 -7 -18 -28 -29 -6
right_child=1 6 3 4 5 7 9 11 13 10 19 -13 -14 18 -16 16 26 22 -20 -21 -22 -23 -24 -25 -26 -27 27 28 -30 -31
leaf_value=0.014471235164550884 0.008404254850575766 0.011315067757425861 0.0080287484703798519 0.024597180465630145 -0.00077609042299729182 -0.006947274662473385 0.11621033688269014 -0.032805163376773416 -0.013759787998840135 -0.0062305298596215478 0.0072766409919443418 -0.098636161264942207 -0.062595344131226346 -0.069144321557070121 -0.1141473736145121 -0.022451601412691591 0.016462748176260023 0.034784630664915495 -0.13958903289168403 0.040951514156056044 -0.033228301490172828 0.038316701176103946 0.042241455658799318 -0.010249757194678749 0.0049772768106865328 -0.045131801788610648 0.02322654905454347 -0.0045014302025976572 -0.033062541652815552 -0.023041871075078241
leaf_weight=747571 415288 253891 238087 85624 310990 89307 10276 107298 89986 67272 649548 41210 41993 71377 12757 271927 130143 49330 7809 59387 140979 133856 55030 100321 137741 63995 57346 312614 86246 160801
leaf_count=747571 415288 253891 238087 85624 310990 89307 10276 107298 89986 67272 649548 41210 41993 71377 12757 271927 130143 49330 7809 59387 140979 133856 55030 100321 137741 63995 57346 312614 86246 160801
internal_value=-1.91352e-07 -0.00254425 -0.0102625 -0.0152384 -0.0194355 -0.0224902 0.00413806 -0.0312301 -0.0245696 0.0115234 0.00502421 -0.0560624 -0.0278902 -0.0385233 -0.0414486 -0.00361153 -0.00802709 0.0267687 -0.0486447 0.0100974 -0.0453004 0.0438809 0.0147187 0.00459478 -0.00969968 -0.0228857 -0.00133753 -0.00641546 -0.0106772 -0.00836478
internal_weight=5e+06 4.25243e+06 1.97325e+06 1.55796e+06 1.31987e+06 1.23425e+06 2.27918e+06 762459 601194 1.16701e+06 818200 161265 109265 310151 120055 1.11217e+06 858276 348813 220165 708935 212356 144132 204681 149651 291043 153302 586349 456206 398860 471791
internal_count=5000000 4252429 1973249 1557961 1319874 1234250 2279180 762459 601194 1167013 818200 161265 109265 310151 120055 1112167 858276 348813 220165 708935 212356 144132 204681 149651 291043 153302 586349 456206 398860 471791
cat_boundaries=0 1 2 3 4 5 6 7
cat_threshold=14680575 1984 7238 24 32 24 14
is_linear=0
shrinkage=0.1


Tree=57
num_leaves=31
num_cat=7
split_feature=74 73 91 76 82 75 12 72 3 74 49 82 22 46 15 72 75 0 75 69 48 76 85 0 71 2 75 72 56 75
split_gain=17858.6 20056.9 12347.1 13474.1 12470.8 11037.6 15620.9 11217.8 9702.33 9015.33 9126.72 7488.42 6370.03 6309.03 5921.97 5460.45 6122.56 7244.96 5440.57 5166.68 5707.04 5098.66 6490.39 4828.24 4772.71 4676.39 5866.04 5014.74 4640.13 4518.24
threshold=878.50000000000011 141.68669891357425 1.1500000357627871 0 1.6500000357627871 1 3.2500000000000004 30.90164947509766 13.550000190734865 143.50000000000003 0.75000000000000011 2.7500000000000004 15.449999809265138 1.0000000180025095e-35 9.8499999046325701 30.90164947509766 2 20.650000572204593 3 1.2500000000000002 1.3499999642372134 4 2.6499999761581425 34.850000381469734 4.5499999523162851 17.050000190734867 5 35.097499847412116 2.7500000000000004 6
decision_type=2 2 8 1 8 1 8 2 8 2 10 8 10 8 10 2 1 2 1 8 10 1 8 2 10 10 1 2 8 1
left_child=1 2 -1 13 -5 6 24 12 9 19 -11 28 -8 23 -7 -16 -17 -18 -10 20 -9 -13 -23 25 -6 -4 -27 -28 -3 -24
right_child=-2 11 3 4 5 14 7 8 18 10 -12 21 -14 -15 15 16 17 -19 -20 -21 -22 22 29 -25 -26 26 27 -29 -30 -31
leaf_value=0.01339947126287977 -0.040025611249993945 0.0030806912883766979 0.0200230010304661 0.0086203070360887889 -0.001984241818674199 0.025796281965382303 0.08635264455542814 -0.008314847174259057 -0.053013733253629319 -0.0095007945705514515 -0.069707877907148469 -0.0065162270743765009 5.5212378967228142e-05 0.04435116843074724 0.023500399446875604 0.0046370671312015921 -0.0048178396644714379 -0.032385591758638525 -0.12730307161708071 -0.0074831980243585602 -0.061451052115930174 -0.012881561263491421 -0.026756471132850481 0.12946653069116407 0.034887976954925057 0.0079052005347710324 -0.0072040329952906788 -0.072014647522686298 -0.021494905918661558 -0.060764236058477472
leaf_weight=986374 109043 267084 246082 705074 220750 80361 10616 37163 52954 38102 74228 117750 44027 60863 74651 392391 359262 129764 12127 206738 44317 109993 74662 3388 41743 256104 36786 17675 107853 82075
leaf_count=986374 109043 267084 246082 705074 220750 80361 10616 37163 52954 38102 74228 117750 44027 60863 74651 392391 359262 129764 12127 206738 44317 109993 74662 3388 41743 256104 36786 17675 107853 82075
internal_value=-1.31868e-07 0.000892229 0.00363771 0.000576273 -0.0026699 -0.00704572 -0.0160086 -0.0260429 -0.0310732 -0.0252546 -0.0492858 -0.0140443 0.016821 0.0137734 -0.000276348 -0.00246785 -0.00466721 -0.0121327 -0.0668843 -0.0158886 -0.0372156 -0.0238505 -0.0315014 0.0104506 0.00387937 0.00972621 0.00156736 -0.0282328 -0.00398863 -0.0445701
internal_weight=5e+06 4.89096e+06 4.13154e+06 3.14517e+06 2.52427e+06 1.81919e+06 782765 520272 465629 400548 112330 759417 54643 620898 1.03643e+06 956068 881417 489026 65081 288218 81480 384480 266730 560035 262493 556647 310565 54461 374937 156737
internal_count=5000000 4890957 4131540 3145166 2524268 1819194 782765 520272 465629 400548 112330 759417 54643 620898 1036429 956068 881417 489026 65081 288218 81480 384480 266730 560035 262493 556647 310565 54461 374937 156737
cat_boundaries=0 1 2 3 4 5 6 7
cat_threshold=122880 6158 896 2056 63744 2016 1008
is_linear=0
shrinkage=0.1


Tree=58
num_leaves=31
num_cat=8
split_feature=75 88 91 74 76 85 72 74 0 73 72 16 75 73 75 72 75 76 75 72 9 72 75 8 22 1 72 48 74 71
split_gain=17140.8 15322.1 12933.6 12369.4 10138.7 7914.82 7606.05 7387.57 7231.95 6468.42 6088.09 7699.68 6028.81 5644.3 5583.02 8714.54 6053.03 5262.27 5177.17 5067.65 4838.68 5690.29 7204.04 5457.8 4808.67 5778.12 5486.41 4719.91 4615.45 4585.13
threshold=0 3.1499999761581425 3.6499999761581425 131.00000000000003 1 4.0499999523162851 26.891649246215824 878.50000000000011 13.34999990463257 140.11250305175784 37.670000076293952 0.65000000596046459 2 135.22000122070315 3 37.019998550415046 4 5 6 30.03750038146973 1.4499999880790713 33.418348312377937 7 12.650000095367433 2.0499999523162846 -12.849999904632567 38.379999160766609 3.3500000238418584 165.50000000000003 6.4500000476837167
decision_type=1 10 10 2 1 10 2 2 2 2 2 8 1 2 1 2 1 1 1 2 8 2 1 8 8 8 2 10 2 8
left_child=-1 2 3 5 20 8 -6 10 9 13 11 -5 24 19 -10 -16 -17 28 -12 -2 -3 -22 23 -23 25 -11 -26 -13 -4 -8
right_child=1 4 17 7 6 -7 29 -9 14 12 18 27 -14 -15 15 16 -18 -19 -20 -21 21 22 -24 -25 26 -27 -28 -29 -30 -31
leaf_value=-0.019263950885572031 0.36675181531198497 0.022527369473810378 -0.021031458444393861 0.037573281560358725 0.02098461384610166 -0.012082615862054953 -0.038342221291815304 -0.029251170504133995 0.015161185958325727 -0.093162772107933417 0.0048173658356224771 0.0049449147140790328 0.02498663860775352 0.039966485105119902 0.0085147653996537447 -0.0062107725935988782 -0.04730064745038947 -0.0046539268798586973 -0.018491568326468848 0.015666891530684148 0.017816012469272481 -0.030177240673187607 -0.0040363456364644673 -0.11301904166167825 0.02269902775864106 0.016400469786957621 -0.031261099239905749 -0.020096001985968909 -0.069596498545828528 0.014204919944902489
leaf_weight=422828 412 64661 108108 67674 28194 140259 206584 87900 518898 4997 154061 790560 171742 211504 461819 132277 49176 224234 249779 195400 72427 66072 209002 9041 25718 131046 70483 83193 23894 18057
leaf_count=422828 412 64661 108108 67674 28194 140259 206584 87900 518898 4997 154061 790560 171742 211504 461819 132277 49176 224234 249779 195400 72427 66072 209002 9041 25718 131046 70483 83193 23894 18057
internal_value=-1.71048e-07 0.00177941 0.00418375 0.00600806 -0.0121433 0.0108707 -0.0279727 -0.00116373 0.0125021 0.0197474 0.000671514 0.00507755 0.0107815 0.0286399 0.00744418 0.00121898 -0.0173496 -0.0139801 -0.00959978 0.0164056 -0.00264075 -0.00720521 -0.0135837 -0.0401432 0.000275901 0.0123761 -0.0168356 0.00256068 -0.0298201 -0.0341184
internal_weight=5e+06 4.57717e+06 3.90313e+06 3.5469e+06 674038 2.11373e+06 252835 1.43317e+06 1.97347e+06 811302 1.34527e+06 941427 403986 407316 1.16217e+06 643272 181453 356236 403840 195812 421203 356542 284115 75113 232244 136043 96201 873753 132002 224641
internal_count=5000000 4577172 3903134 3546898 674038 2113731 252835 1433167 1973472 811302 1345267 941427 403986 407316 1162170 643272 181453 356236 403840 195812 421203 356542 284115 75113 232244 136043 96201 873753 132002 224641
cat_boundaries=0 1 2 3 4 5 6 7 8
cat_threshold=2 524032 4124 1408 576 15728895 2496 6156
is_linear=0
shrinkage=0.1


Tree=59
num_leaves=31
num_cat=9
split_feature=76 38 74 72 75 11 75 0 75 72 75 75 23 76 47 35 29 87 75 11 55 76 10 72 18 49 14 88 3 14
split_gain=15667.8 14189.9 11775.5 11878.5 11313 9965.07 9202.06 10049.1 13873.6 10709.5 9336.96 7053.71 7766.67 8798.46 7013.23 5940.88 5940.12 5607.59 5566.24 5526.59 5405.35 5321.9 5279.69 5173.94 5166.22 5123.39 5116.3 4918.33 4867.49 6432.61
threshold=0 1.0000000180025095e-35 396.50000000000006 41.162500381469734 1 0.65000000596046459 2 18.44999980926514 3 32.438299179077156 4 5 22.349999427795414 6 1.0000000180025095e-35 1.0000000180025095e-35 1.0000000180025095e-35 1.0000000180025095e-35 7 16.050000190734867 2.0499999523162846 8 7.2500000000000009 37.649148941040046 4.8500001430511483 3.8500000238418584 -3.9500000476837154 2.1499999761581425 2.8500000238418584 13.449999809265138
decision_type=1 8 2 2 1 8 1 2 1 2 1 1 10 1 10 10 10 10 1 8 8 1 10 2 8 10 8 8 10 8
left_child=1 4 3 5 14 -2 15 10 9 -9 22 -10 13 -13 16 -7 17 20 -3 -11 25 -12 -8 -4 -24 26 -1 -5 -6 -30
right_child=2 18 23 27 28 6 7 8 11 19 21 12 -14 -15 -16 -17 -18 -19 -20 -21 -22 -23 24 -25 -26 -27 -28 -29 29 -31
leaf_value=-0.073163275542143621 0.030650726504016193 -0.018297035216037042 -0.0067077121454643717 0.0040888057966813789 0.025747415132093894 -0.0020671624614698727 0.027443350664897351 0.010940031803432518 0.017037910704030292 -0.040542957597384674 0.020581767705155917 0.034057836321871898 -0.010392642785441929 -0.0025665530945713499 -0.060925482098136842 -0.040354169462176855 -0.057606491839908215 -0.058378503667169096 -0.06200958403210774 -0.11002950859965802 -0.024691641546576864 0.047042350879720723 0.03820334061460702 -0.03413145554927554 -0.00099046531834252687 -0.086212830529111564 0.005478906744733756 -0.012550724557323626 -0.029377451248286886 0.0029202794403564263
leaf_weight=8579 189351 52277 381737 297990 77327 424846 123606 35447 427129 44547 174078 112174 319424 157949 35392 44801 29949 23957 65864 15404 133720 134999 37802 83921 304789 6665 231665 439829 70059 514723
leaf_count=8579 189351 52277 381737 297990 77327 424846 123606 35447 427129 44547 174078 112174 319424 157949 35392 44801 29949 23957 65864 15404 133720 134999 37802 83921 304789 6665 231665 439829 70059 514723
internal_value=-1.6494e-07 -0.0096949 0.00323204 0.00534216 -0.00625327 0.00857947 0.00680636 0.00992323 0.00383073 -0.0326301 0.0186626 0.00725222 0.000162282 0.0126436 -0.0181192 -0.00571935 -0.0146331 -0.0114521 -0.0426737 -0.0583971 -0.00849849 0.0321404 0.00972624 -0.01165 0.00333424 0.000271333 0.00267063 -0.00583036 0.00216872 -0.000949106
internal_weight=5e+06 1.25018e+06 3.74982e+06 3.28416e+06 1.13204e+06 2.54635e+06 2.357e+06 1.88735e+06 1.11207e+06 95398 775274 1.01668e+06 589547 270123 469927 469647 434535 404586 118141 59951 380629 309077 466197 465658 342591 246909 240244 737819 662109 584782
internal_count=5000000 1250177 3749823 3284165 1132036 2546346 2356995 1887348 1112074 95398 775274 1016676 589547 270123 469927 469647 434535 404586 118141 59951 380629 309077 466197 465658 342591 246909 240244 737819 662109 584782
cat_boundaries=0 1 2 3 4 5 6 7 8 9
cat_threshold=252 62 4102 2072 3080 384 261120 4546 15728899
is_linear=0
shrinkage=0.1


Tree=60
num_leaves=31
num_cat=6
split_feature=79 76 88 74 75 76 46 73 49 48 71 72 82 16 48 71 73 72 82 1 75 2 75 72 75 88 39 72 10 73
split_gain=14625.2 16844.5 15546.3 15961.6 13603.9 8309.75 8163.46 7716.53 6769.95 6412.26 11003.8 5126.09 5030.81 5003.68 4774.38 4762.83 4473.94 5349.11 4471.45 4379.35 7341.25 6324.95 5952.98 4792.16 6277.94 4290.3 4279.58 4273.31 6474.59 5160.19
threshold=1.0500000119209292 0 0.65000000596046459 49.500000000000007 1 2 1.0000000180025095e-35 139.92665100097659 0.94999998807907116 0.55000001192092907 1.0500000119209292 34.837501525878913 0.55000001192092907 2.0499999523162846 4.9500000476837167 6.5499999523162851 139.17414855957034 26.891649246215824 0.55000001192092907 15.34999990463257 3 23.750000000000004 4 40.964998245239265 5 2.2500000000000004 1.0000000180025095e-35 36.851650238037116 -1.2499999999999998 138.67330169677737
decision_type=8 1 8 2 1 1 8 2 10 10 8 2 8 8 10 10 2 2 8 8 1 10 1 2 1 10 8 2 8 2
left_child=26 6 -3 7 9 13 19 14 -7 -5 18 -10 -9 -6 -4 -12 17 -16 -11 22 -21 23 -2 24 -22 -13 -1 29 -29 -24
right_child=1 2 3 4 5 8 -8 12 11 10 15 25 -14 -15 16 -17 -18 -19 -20 20 21 -23 27 -25 -26 -27 -28 28 -30 -31
leaf_value=0.014358886961945861 0.044970218027441736 0.01170606999412179 0.0090097413074020968 -0.0079525901408486182 0.031460658091028507 -0.0056958832221283996 0.037282076074539226 0.022213817016962987 -0.0085142671415607916 9.1403997583102867e-05 -0.026334308446556782 -0.033090103637597061 -0.01359989552575679 -0.0039120124582436846 0.014748435005437578 0.033724370655298999 0.024501876502945028 -0.036083333205379889 -0.0641689329858883 0.013875195199125329 0.028913302249955659 -0.036270949392452255 0.012457490228980595 -0.042622344501067402 -0.0093182258837260952 -0.074175350710172006 -0.011154929427884852 0.019077090772145606 -0.021613442342798449 0.059992347677885631
leaf_weight=755982 54300 432760 664398 109746 43194 185149 92969 43047 67823 11881 236520 125766 441517 539155 28941 13985 26529 72719 122218 220000 64499 71070 133264 25556 128516 31854 72005 73450 83627 27560
leaf_count=755982 54300 432760 664398 109746 43194 185149 92969 43047 67823 11881 236520 125766 441517 539155 28941 13985 26529 72719 122218 220000 64499 71070 133264 25556 128516 31854 72005 73450 83627 27560
internal_value=-1.41273e-07 -0.00240952 -0.0059181 -0.0086771 -0.0157185 -0.00896994 0.00909794 -0.000477149 -0.0198646 -0.0292727 -0.0353571 -0.0315018 -0.0104183 -0.00128833 0.00560059 -0.0229814 -0.0120689 -0.0216123 -0.0584755 0.0061267 0.000104353 -0.0103556 0.0143729 -0.00192945 0.00345846 -0.0413932 0.0121401 0.00914491 -0.00258634 0.0206034
internal_weight=5e+06 4.17201e+06 3.1972e+06 2.76444e+06 1.48729e+06 992941 974811 1.27715e+06 410592 494350 384604 225443 484564 582349 792587 250505 128189 101660 134099 881842 509641 289641 372201 218571 193015 157620 827987 317901 157077 160824
internal_count=5000000 4172013 3197202 2764442 1487291 992941 974811 1277151 410592 494350 384604 225443 484564 582349 792587 250505 128189 101660 134099 881842 509641 289641 372201 218571 193015 157620 827987 317901 157077 160824
cat_boundaries=0 1 2 3 4 5 6
cat_threshold=126976 6150 8261376 896 1008 96
is_linear=0
shrinkage=0.1


Tree=61
num_leaves=31
num_cat=8
split_feature=85 74 73 11 75 8 75 15 49 72 0 20 76 19 17 10 72 75 8 7 72 75 0 75 23 76 88 72 75 72
split_gain=14043.2 12941.6 13164 9386.46 12114.9 8039.16 7329.67 7255.66 7514.6 7219.33 15981.9 9970.3 6811.03 6809.57 5796.92 5187.46 5077.75 5074.56 6750.97 5125.47 4921.08 5895.9 7173.12 7605.39 5403.61 5149.71 4780.83 4636.71 4561.52 4317.73
threshold=1.5500000119209292 249.50000000000003 141.52664947509768 2.2500000000000004 0 9.6500000953674334 1 1.0000000180025095e-35 0.75000000000000011 30.90164947509766 17.050000190734867 18.050000190734867 2 14.650000095367433 9.4499998092651385 13.050000190734865 32.232500076293952 3 4.6499998569488534 6.4500000476837167 30.90164947509766 4 20.349999427795414 5 25.250000000000004 6 4.1499998569488534 32.94585037231446 7 36.436649322509773
decision_type=8 2 2 8 1 10 1 8 10 2 2 10 1 10 8 8 2 1 8 10 2 1 2 1 10 1 10 2 1 2
left_child=27 2 3 -2 9 -6 14 -8 -9 11 13 -5 -4 26 -3 -15 -10 19 -19 -18 -7 22 -22 24 25 -24 -11 -1 -29 -30
right_child=1 6 12 4 5 20 7 8 16 10 -12 -13 -14 15 -16 -17 17 18 -20 -21 21 -23 23 -25 -26 -27 -28 28 29 -31
leaf_value=0.027145328464258718 0.020911931534240473 0.027565268681197755 -0.037083562511287825 0.062622822403711267 0.028358251140056787 0.02287514359069821 -0.0052284710792409777 -0.0092624905453583348 0.022692133970592956 -0.0060200518861320031 -0.11487455063685198 -0.020446745402031036 -0.0089557907884263536 -0.023870508794226176 -0.010586482879979424 -0.11068158108274849 -0.010671238817726258 -0.053994305119666269 -0.13121084490440268 -0.057397369888863785 0.0011339252510556873 0.0073884088873264189 0.010198453755925575 -0.083041559783444699 -0.050950016413858268 -0.031815351154939962 -0.038182051334939668 0.011569179766436411 0.0082921102881384889 -0.0076779611470859646
leaf_weight=115380 253395 46005 110008 28790 135871 111882 112483 71984 9534 377592 15959 29005 395899 16226 296527 11955 38685 37591 16203 59709 377825 653183 74673 19001 34633 47868 52665 772289 339361 337819
leaf_count=115380 253395 46005 110008 28790 135871 111882 112483 71984 9534 377592 15959 29005 395899 16226 296527 11955 38685 37591 16203 59709 377825 653183 74673 19001 34633 47868 52665 772289 339361 337819
internal_value=-1.11455e-07 -0.00357705 -0.000503376 0.00278643 0.000475094 0.00519745 -0.015834 -0.0260954 -0.0361397 -0.012435 -0.0165005 0.0209335 -0.015073 -0.0130759 -0.00546221 -0.0606977 -0.048103 -0.0525381 -0.0772379 -0.0390224 0.00281179 0.000952319 -0.00663604 -0.0232999 -0.0160713 -0.0062151 -0.0099568 0.00785197 0.00631619 0.000325252
internal_weight=5e+06 3.43515e+06 2.74643e+06 2.24052e+06 1.98713e+06 1.45494e+06 688721 346189 233706 532192 474397 57795 505907 458438 342532 28181 161722 152188 53794 98394 1.31906e+06 1.20718e+06 554000 176175 157174 122541 430257 1.56485e+06 1.44947e+06 677180
internal_count=5000000 3435151 2746430 2240523 1987128 1454936 688721 346189 233706 532192 474397 57795 505907 458438 342532 28181 161722 152188 53794 98394 1319065 1207183 554000 176175 157174 122541 430257 1564849 1449469 677180
cat_boundaries=0 1 2 3 4 5 6 7 8
cat_threshold=4110 1008 126 3080 2160 96 523264 7616
is_linear=0
shrinkage=0.1


Tree=62
num_leaves=31
num_cat=4
split_feature=91 76 82 74 48 71 47 75 48 71 72 48 72 88 75 85 73 74 48 23 52 0 88 81 42 34 84 0 23 75
split_gain=13382.9 13897.9 13331.6 12240 11646.6 12785.4 10272.3 8166.91 7378.06 6650.64 6287.1 6141.66 5093.35 6633.6 4794.27 4518.83 4471.43 4415.04 4245.23 4155.46 3780.92 3936.7 3696.05 3692.69 3552.73 3369.47 3386.57 3339.12 3552.55 9515.15
threshold=1.1500000357627871 0 0.55000001192092907 18.500000000000004 0.65000000596046459 0.75000000000000011 1.0000000180025095e-35 1 4.0499999523162851 7.8500001430511483 33.588350296020515 5.4500000476837167 30.90164947509766 2.2500000000000004 2 2.1499999761581425 131.31250000000003 322.00000000000006 1.3499999642372134 20.44999980926514 2.9500000476837163 4.2500000000000009 4.2500000000000009 1.0000000180025095e-35 1.0000000180025095e-35 1.0000000180025095e-35 1.0000000180025095e-35 34.850000381469734 22.250000000000004 3
decision_type=8 1 8 2 10 10 8 1 8 10 2 10 2 10 1 10 2 2 10 10 8 2 10 10 10 8 10 2 10 1
left_child=16 6 -3 8 23 7 10 -6 20 12 19 17 -7 15 -8 -14 -1 27 -9 -2 21 -4 24 25 -18 26 -5 28 -12 -30
right_child=1 2 3 4 5 9 14 18 -10 -11 11 -13 13 -15 -16 -17 22 -19 -20 -21 -22 -23 -24 -25 -26 -27 -28 -29 29 -31
leaf_value=0.027055321258586035 0.034209605571448864 0.014258781504815427 0.036599028768457491 0.0088877934467069507 -0.012969212978466272 0.014588450265060152 0.049024836134656621 -0.033409052951660349 -0.018203307577423715 0.035177737962505611 0.00872218211892937 -0.023383219467404331 -0.0080445357633726032 -0.034641028752918038 0.011982540285166746 -0.028403138032894189 0.0099057646896674335 -0.012202759090871332 -0.064286216929996962 0.0057191815448571718 -0.0065761038165660611 0.0082996677545646904 -0.031008079796464291 -0.030310533919859457 -0.010975140387958339 -0.03101040807293385 -0.051925178402093347 0.10499582346500952 0.0080814186254242783 -0.033052259995562772
leaf_weight=126745 89826 248540 59687 287115 80856 51733 70019 77434 143835 26387 563053 109838 466027 180425 69777 142322 938893 190426 104779 119036 133600 278612 24756 34855 89226 25387 9459 3306 170028 84018
leaf_count=126745 89826 248540 59687 287115 80856 51733 70019 77434 143835 26387 563053 109838 466027 180425 69777 142322 938893 190426 104779 119036 133600 278612 24756 34855 89226 25387 9459 3306 170028 84018
internal_value=-1.26667e-07 -0.00287493 -0.00764306 -0.0102321 -0.0151423 -0.0201158 0.00475452 -0.0394254 0.00162413 -0.0142561 0.00204329 -0.000925419 -0.015808 -0.0178016 0.0305401 -0.0128074 0.00931035 0.00151487 -0.0511617 0.0179722 0.00766754 0.0132926 0.00717421 0.000607943 0.0080936 0.00395513 0.00694821 0.0046989 0.0042931 -0.00552328
internal_weight=5e+06 3.82038e+06 2.35105e+06 2.10251e+06 1.48678e+06 1.12996e+06 1.46933e+06 263069 615734 866894 1.32953e+06 1.12067e+06 840507 788774 139796 608349 1.17962e+06 1.01083e+06 182213 208862 471899 338299 1.05288e+06 356816 1.02812e+06 321961 296574 820405 817099 254046
internal_count=5000000 3820380 2351053 2102513 1486779 1129963 1469327 263069 615734 866894 1329531 1120669 840507 788774 139796 608349 1179620 1010831 182213 208862 471899 338299 1052875 356816 1028119 321961 296574 820405 817099 254046
cat_boundaries=0 1 2 3 4
cat_threshold=261120 960 1400 896
is_linear=0
shrinkage=0.1


Tree=63
num_leaves=31
num_cat=7
split_feature=75 91 79 76 36 30 45 13 70 81 78 28 32 0 12 26 75 0 72 74 76 84 28 75 72 75 75 23 8 6
split_gain=12473.5 11313.8 10491.5 9969.62 10714.4 7830.04 7719.95 7705.26 7512.45 7013.09 6398.78 7456.25 6179.39 5965.53 6744.43 5833.58 5715.34 6892.53 7416.75 6759.66 5795.38 5648.25 5427.3 5147.28 5605.95 5139.85 5129.93 6469.01 5708.89 4991.62
threshold=0 4.1499998569488534 3.5499999523162846 1 1.0000000180025095e-35 1.0000000180025095e-35 1.0000000180025095e-35 6.2500000000000009 2.6499999761581425 1.0000000180025095e-35 1.0000000180025095e-35 1.0000000180025095e-35 1.0000000180025095e-35 18.94999980926514 23.44999980926514 1.0000000180025095e-35 2 18.349999427795414 36.436649322509773 94.000000000000014 3 1.0000000180025095e-35 1.0000000180025095e-35 4 39.673351287841804 5 6 22.550000190734867 21.050000190734867 -13.15000009536743
decision_type=1 10 10 1 10 10 10 10 8 10 10 10 10 2 10 10 1 2 2 2 1 10 10 1 2 1 1 10 8 8
left_child=-1 2 3 4 5 6 10 9 25 21 11 12 13 14 15 29 17 18 20 -18 -9 -5 26 24 -11 -3 -19 28 -28 -2
right_child=1 8 -4 7 -6 -7 -8 16 -10 23 -12 -13 -14 -15 -16 -17 19 22 -20 -21 -22 -23 -24 -25 -26 -27 27 -29 -30 -31
leaf_value=-0.016433235627131625 -0.12383823713096805 -0.047662596486963082 -0.012411155025453676 0.021943831591051434 -0.036929837195447325 -0.037588191802452708 -0.032580946564687206 0.10827765022698102 -0.0012386585349797464 -0.0011707878380599968 -0.031062925784524794 -0.064973435738282237 -0.062906917760443409 -0.0063911681179784161 0.048429255444698283 -0.084567882487102175 0.005568048402712248 0.0072994421979313412 0.012411723505391924 -0.013392568628998994 0.03595117163270866 -0.028210392367322847 0.028341755667417159 0.083939111971610469 -0.069783163544388446 -0.015065924245091195 0.02090488835508034 -0.028822959453516379 -0.017517044120831975 0.012815803714455759
leaf_weight=422828 2688 80245 394767 603501 89043 53827 60932 13121 217699 33175 47966 14274 12089 183584 52782 6331 476037 634631 223226 310780 71222 23322 89083 4650 18576 121851 85134 103179 70859 478598
leaf_count=422828 2688 80245 394767 603501 89043 53827 60932 13121 217699 33175 47966 14274 12089 183584 52782 6331 476037 634631 223226 310780 71222 23322 89083 4650 18576 121851 85134 103179 70859 478598
internal_value=-1.09385e-07 0.00151798 0.00309782 0.004725 -0.00381837 -0.000589374 0.0017284 0.0078264 -0.0141278 0.0170387 0.0043471 0.00661069 0.00799886 0.00918284 0.0144736 0.0107981 0.00479648 0.00889225 0.021957 -0.00192106 0.0472199 0.0200778 0.00480406 -0.0167369 -0.0257942 -0.028012 0.00245812 -0.00939667 0.00345193 0.0120526
internal_weight=5e+06 4.57717e+06 4.15738e+06 3.76261e+06 1.00211e+06 913071 859244 2.7605e+06 419795 683224 798312 750346 736072 723983 540399 487617 2.07727e+06 1.29046e+06 307569 786817 84343 626823 982886 56401 51751 202096 893803 259172 155993 481286
internal_count=5000000 4577172 4157377 3762610 1002114 913071 859244 2760496 419795 683224 798312 750346 736072 723983 540399 487617 2077272 1290455 307569 786817 84343 626823 982886 56401 51751 202096 893803 259172 155993 481286
cat_boundaries=0 1 2 3 4 5 6 7
cat_threshold=2 252 992 522240 7180 7172 896
is_linear=0
shrinkage=0.1


Tree=64
num_leaves=31
num_cat=10
split_feature=74 72 14 75 84 27 33 75 23 0 76 75 75 76 72 12 0 72 72 44 75 0 75 74 4 72 13 76 75 73
split_gain=11533.1 12344.6 10441.1 11576.6 9599.66 10118.9 10256.8 11157.6 9023.97 8229.66 8534.87 8239.92 8026.24 9859.21 7677.3 9018 7562.42 13218.4 9693.95 7464.39 7027.31 6606.17 6547.08 6372.29 7323.05 6248.93 6246.14 5867.74 5757.88 5597.62
threshold=878.50000000000011 38.379999160766609 1.8499999642372134 0 1.0000000180025095e-35 1.0000000180025095e-35 1.0000000180025095e-35 1 21.750000000000004 20.150000572204593 2 3 4 5 30.03750038146973 20.849999427795414 13.050000190734865 35.059200286865241 30.90164947509766 1.0000000180025095e-35 6 4.8500001430511483 7 202.50000000000003 -0.84999999403953541 26.891649246215824 13.750000000000002 8 9 142.9716491699219
decision_type=2 2 8 1 10 10 10 1 8 2 1 1 1 1 2 8 2 2 2 10 1 2 1 2 8 2 10 1 1 2
left_child=1 2 -1 16 5 6 7 21 -9 10 -5 14 13 -6 -11 -16 18 25 -4 -12 -10 29 27 -20 -25 -18 -19 -7 -8 -3
right_child=-2 4 3 9 12 22 28 8 20 11 19 -13 -14 -15 15 -17 17 26 23 -21 -22 -23 -24 24 -26 -27 -28 -29 -30 -31
leaf_value=0.023125503824567312 -0.032165213220016801 0.042065630947142718 0.1106906655976434 0.034027329915498797 0.035973095465154085 0.034070664192167185 -0.0023874691412036726 -0.0023200418419759916 -0.025781124199937319 0.021443949468180463 0.012155330944608187 0.0039162996557323059 -0.050365741580045212 -0.038275004658313072 -0.022084180314462579 -0.10258661233693352 0.020823699766932144 -0.070402895890322489 0.00096764721933983967 -0.018503289919236773 -0.12027011167147086 0.0040948841828807019 -0.061632210511108204 0.033027687247996006 -0.03059023511568747 -0.029508316813094751 -0.19868007010073138 -0.046367320317139769 -0.056108492598509412 0.00077251530087228671
leaf_weight=269698 109043 111299 7401 161780 32248 18485 32296 779599 97374 33081 767172 991378 86165 40127 102103 16111 35377 20765 516530 88582 8556 267780 48162 20887 135309 81480 4645 17784 52221 46562
leaf_count=269698 109043 111299 7401 161780 32248 18485 32296 779599 97374 33081 767172 991378 86165 40127 102103 16111 35377 20765 516530 88582 8556 267780 48162 20887 135309 81480 4645 17784 52221 46562
internal_value=-6.71838e-08 0.000717049 0.00428312 0.00257932 -0.00636066 -0.00385567 -0.00182203 0.000354459 -0.00604107 0.00642333 0.0129641 0.000598882 -0.029747 -0.00519201 -0.0211377 -0.0330556 -0.00751782 -0.0284848 -0.00313213 0.00898165 -0.0334268 0.0136599 -0.0374728 -0.00438435 -0.0220831 -0.0142709 -0.0938522 -0.00537289 -0.0355873 0.029886
internal_weight=5e+06 4.89096e+06 3.2523e+06 2.9826e+06 1.63866e+06 1.48012e+06 1.39569e+06 1.31117e+06 885529 2.16021e+06 1.01753e+06 1.14267e+06 158540 72375 151295 118214 822394 142267 680127 855754 105930 425641 84431 672726 156196 116857 25410 36269 84517 157861
internal_count=5000000 4890957 3252299 2982601 1638658 1480118 1395687 1311170 885529 2160207 1017534 1142673 158540 72375 151295 118214 822394 142267 680127 855754 105930 425641 84431 672726 156196 116857 25410 36269 84517 157861
cat_boundaries=0 1 2 3 4 5 6 7 8 9 10
cat_threshold=4110 7296 129024 2096 984 262016 836 504 524160 496
is_linear=0
shrinkage=0.1


Tree=65
num_leaves=31
num_cat=7
split_feature=88 76 82 74 75 76 73 23 75 7 75 48 69 75 22 11 72 0 47 71 18 73 48 22 73 46 75 12 72 1
split_gain=11329.6 12751.7 12098.9 11104.9 11314.7 7545.73 7427.19 7398.48 6867.21 5711.27 6248.12 5445.61 9287.06 4642.18 6787.98 4530.44 4245.79 4728.29 4049.64 3868.22 3966.99 3742.3 3712.7 3427.49 3405.29 3349.47 3271.02 3281.85 5308.9 3799.05
threshold=0.84999999403953563 0 1.1500000357627871 58.500000000000007 1 2 141.52664947509768 15.750000000000002 3 3.0499999523162846 4 0.45000000298023229 0.94999998807907116 5 3.6499999761581425 9.0500001907348651 36.613349914550788 12.250000000000002 1.0000000180025095e-35 5.8500001430511483 1.0500000119209292 139.92665100097659 1.7500000000000002 8.4499998092651385 141.04750061035159 1.0000000180025095e-35 6 14.150000095367433 30.90164947509766 20.94999980926514
decision_type=8 1 8 2 1 1 2 10 1 8 1 10 8 1 10 8 2 2 8 10 8 2 10 10 2 8 1 8 2 10
left_child=-1 18 -3 6 11 13 9 8 15 -4 21 -5 22 -6 -15 -7 25 -18 -2 20 -14 -11 -13 -12 -22 -16 27 -25 -29 -30
right_child=1 2 3 4 5 7 -8 -9 -10 10 23 12 19 14 16 -17 17 -19 -20 -21 24 -23 -24 26 -26 -27 -28 28 29 -31
leaf_value=0.010680009998981391 0.0088221878758548405 0.0071827988790529873 0.021882073495185651 -0.0028619611480963283 -0.0072414254197766086 0.10187314387397937 -0.018724718908328265 -0.0074058989712505853 0.0061991180504628613 -0.010709857525961071 0.022518584879055489 -0.036837775224545781 -0.0054385017130883914 0.0012513430174823769 -0.023444926076231606 0.031264907642592696 -0.055882113368478065 -0.14801682688547974 0.037169747590920857 0.020205847253997093 -0.024471013426331366 -0.050041297786184803 -0.06919453187924747 0.0025639141930768354 -0.059873926550238779 -0.091130672418329853 0.0051002380839093855 0.016697725406389929 -0.030969309648617462 -0.13161065188798415
leaf_weight=828646 534935 723664 129169 100864 160102 12598 201588 369365 142465 176525 84035 94263 98610 42317 57038 32608 24793 7184 55636 23171 188700 28033 56848 106650 31739 8386 581657 25326 69119 3966
leaf_count=828646 534935 723664 129169 100864 160102 12598 201588 369365 142465 176525 84035 94263 98610 42317 57038 32608 24793 7184 55636 23171 188700 28033 56848 106650 31739 8386 581657 25326 69119 3966
internal_value=-1.19105e-07 -0.00212174 -0.00436714 -0.00729257 -0.0134296 -0.00607583 -0.000959254 0.000808952 0.0169771 0.00201407 -0.000372528 -0.0240335 -0.0283626 -0.0188667 -0.0321865 0.0509307 -0.0467173 -0.0765812 0.0114925 -0.0192453 -0.0221104 -0.0160991 -0.0490104 0.00332212 -0.0295684 -0.0321208 0.00127165 -0.00958794 -0.0227581 -0.0364307
internal_weight=5e+06 4.17135e+06 3.58078e+06 2.85712e+06 1.45105e+06 856856 1.40607e+06 557036 187671 1.20448e+06 1.07531e+06 594195 493331 299820 139718 45206 97401 31977 590571 342220 319049 204558 151111 870753 220439 65424 786718 205061 98411 73085
internal_count=5000000 4171354 3580783 2857119 1451051 856856 1406068 557036 187671 1204480 1075311 594195 493331 299820 139718 45206 97401 31977 590571 342220 319049 204558 151111 870753 220439 65424 786718 205061 98411 73085
cat_boundaries=0 1 2 3 4 5 6 7
cat_threshold=57344 7174 12583039 480 4102 960 2072
is_linear=0
shrinkage=0.1


Tree=66
num_leaves=31
num_cat=10
split_feature=79 76 75 74 72 12 75 0 75 75 72 20 75 72 23 23 12 72 1 75 75 8 23 0 78 75 36 23 73 75
split_gain=10784.7 11625.5 8539.91 8247.58 9160.64 7285.36 6218.61 6722.61 7914.88 7276.47 6363.86 5499.04 12913.1 6570.87 5575.02 5296.81 10224.6 6549.42 7010.77 5505.19 5256.1 12542.3 7846.13 5767.49 5114.2 4927.82 4841.57 4608.34 4516.74 4497.03
threshold=0.65000000596046459 0 1 473.50000000000006 37.846700668334968 2.0499999523162846 2 18.94999980926514 3 4 32.093299865722663 -1.0000000180025095e-35 5 42.566650390625007 7.8500001430511483 2.8500000238418584 9.2500000000000018 30.90164947509766 17.150000572204593 6 7 9.0500001907348651 13.250000000000002 12.84999990463257 1.0000000180025095e-35 8 1.0000000180025095e-35 33.549999237060554 140.11250305175784 9
decision_type=8 1 1 2 2 8 1 2 1 1 2 8 1 2 10 8 8 2 10 1 1 10 10 2 10 1 10 8 2 1
left_child=-1 2 15 4 5 -3 26 9 10 -8 -9 24 13 14 -13 16 -2 -17 19 -19 21 -14 -22 -23 25 -6 -7 -10 -21 -24
right_child=1 3 -4 -5 11 6 7 8 27 -11 -12 12 20 -15 -16 17 -18 18 -20 28 22 23 29 -25 -26 -27 -28 -29 -30 -31
leaf_value=0.014254091424642016 -0.018513019302777978 0.026929199123700037 -0.0030222078712892689 -0.014563126713316983 -0.009750204867398974 -0.0032090876343513737 0.0073595686364177479 0.0075828713400850067 0.0044932689148760039 0.030443967716876377 -0.05066350207336711 -0.031366251363238791 -0.0038361183523293583 -0.135599516307534 -0.17791560048766367 0.026739826267345463 0.045344535536620434 -0.017094156260803507 -0.093690699357167659 -0.040438914908920744 0.022001592543428473 -0.035566254076588859 -0.017821476885453817 -0.10094474278509856 -0.035403254683311736 0.022976936807524918 -0.044346680424352594 0.06362279908380683 -0.10781678620213411 0.0023777644355319908
leaf_weight=479848 154618 167679 618560 299164 64293 310597 347625 30910 794339 224894 47712 45473 212904 8394 2753 18734 29927 136396 18561 78512 133600 51585 180771 18273 23440 161748 31512 13403 11393 282382
leaf_count=479848 154618 167679 618560 299164 64293 310597 347625 30910 794339 224894 47712 45473 212904 8394 2753 18734 29927 136396 18561 78512 133600 51585 180771 18273 23440 161748 31512 13403 11393 282382
internal_value=-1.06383e-07 -0.0015133 -0.0106383 0.00130525 0.00281027 0.0069924 0.00513621 0.00798171 0.0025261 0.0164281 -0.0277606 -0.004134 -0.00764978 -0.053935 -0.0397321 -0.0211503 -0.00815747 -0.0302474 -0.0346074 -0.0297614 -0.00466943 -0.0158996 0.000652001 -0.0526675 0.00905834 0.0136689 -0.00699811 0.00547435 -0.0489718 -0.00550644
internal_weight=5e+06 4.52015e+06 1.0667e+06 3.45345e+06 3.15429e+06 1.96867e+06 1.80099e+06 1.45888e+06 886364 572519 78622 1.18562e+06 936135 56620 48226 448141 184545 263596 244862 226301 879515 282762 596753 69858 249481 226041 342109 807742 89905 463153
internal_count=5000000 4520152 1066701 3453451 3154287 1968671 1800992 1458883 886364 572519 78622 1185616 936135 56620 48226 448141 184545 263596 244862 226301 879515 282762 596753 69858 249481 226041 342109 807742 89905 463153
cat_boundaries=0 1 2 3 4 5 6 7 8 9 10
cat_threshold=252 62 4102 2072 3080 6 48 6168 2 1120
is_linear=0
shrinkage=0.1


Tree=67
num_leaves=31
num_cat=9
split_feature=85 74 73 11 75 73 4 21 75 72 16 75 4 8 73 72 73 22 91 88 0 48 76 75 75 76 73 86 75 75
split_gain=10396.3 10762.8 9015.93 7434.77 9220.75 8016.16 6385.69 5528.54 5329.89 5756.34 6015.75 7321.44 7234.98 6037.97 4745.83 13984 6263.47 7520.01 6758.96 5144.14 4441.09 4389.69 4558.46 4353.55 4223.55 4080.08 5059.69 8594.17 5372.23 4030.9
threshold=0.75000000000000011 249.50000000000003 142.22499847412112 2.4500000476837163 0 140.11250305175784 8.4499998092651385 1.4499999880790713 1 32.232500076293952 -0.15000000223517415 2 -1.6500000357627866 7.0499999523162851 137.504997253418 34.788349151611335 129.87249755859378 18.550000190734867 3.1499999761581425 3.4500000476837163 16.150000572204593 1.5500000119209292 3 4 5 6 144.7174987792969 -2.5499999523162837 7 8
decision_type=8 2 2 8 1 2 8 8 1 2 8 1 8 8 2 2 2 10 10 10 2 10 1 1 1 1 2 8 1 1
left_child=-1 2 3 23 5 14 -6 -7 -3 -10 24 12 -12 -13 16 -16 17 -5 19 20 -18 -15 -23 -2 -11 -4 28 -28 -27 -8
right_child=1 8 25 4 6 7 29 -9 9 10 11 13 -14 21 15 -17 18 -19 -20 -21 -22 22 -24 -25 -26 26 27 -29 -30 -31
leaf_value=0.01087534310773406 -0.00060049725933052588 0.0017503448035412338 9.3815861959927989e-05 0.044828165958685579 0.024319783776386421 -0.0010172464361684059 0.010063546900848465 -0.052439552648133395 0.038699636134808896 -0.025730621659227931 0.0093091394574230726 0.0031868632765148751 -0.058604014282384945 -0.014161579961474611 0.091487700944890019 -0.0018692921734384999 -0.0012802083523657769 -0.026809005202327232 -0.046798934590698768 -0.044896206709730886 -0.057768843703539609 -0.022902166434179857 -0.063243830142342222 0.022456970747968808 0.012249212374713951 -0.0091189056620642611 0.093036211795851545 -0.012739691917244675 -0.041650023416499322 -0.00050589004114110934
leaf_weight=747571 117520 219219 142810 40245 143976 30510 499763 66432 18533 42125 19159 110477 86552 171772 18772 110446 246650 23044 57470 35781 14750 68832 47268 270114 95962 88416 9555 39169 119259 1297848
leaf_count=747571 117520 219219 142810 40245 143976 30510 499763 66432 18533 42125 19159 110477 86552 171772 18772 110446 246650 23044 57470 35781 14750 68832 47268 270114 95962 88416 9555 39169 119259 1297848
internal_value=-9.26491e-08 -0.00191198 0.000657719 0.00255227 0.000616136 -0.00975182 0.00405562 -0.0362557 -0.0117613 -0.0162443 -0.0178303 -0.0228963 -0.0462911 -0.0166864 -0.00505621 0.011693 -0.0102347 0.0187445 -0.0154062 -0.00933534 -0.00446769 -0.0243137 -0.039334 0.0154671 0.000662058 -0.013453 -0.0209975 0.00800345 -0.0278026 0.00243263
internal_weight=5e+06 4.25243e+06 3.37253e+06 2.97332e+06 2.58569e+06 644100 1.94159e+06 96942 879899 660680 642147 504060 105711 398349 547158 129218 417940 63289 354651 297181 261400 287872 116100 387634 138087 399209 256399 48724 207675 1.79761e+06
internal_count=5000000 4252429 3372530 2973321 2585687 644100 1941587 96942 879899 660680 642147 504060 105711 398349 547158 129218 417940 63289 354651 297181 261400 287872 116100 387634 138087 399209 256399 48724 207675 1797611
cat_boundaries=0 1 2 3 4 5 6 7 8 9
cat_threshold=4110 448 4102 1047552 2 2 130304 496 384
is_linear=0
shrinkage=0.1


Tree=68
num_leaves=31
num_cat=5
split_feature=85 72 79 74 71 76 81 28 90 78 35 84 41 23 26 31 0 75 3 73 75 8 75 23 72 87 75 0 72 0
split_gain=10062.9 9285.35 9339.7 8657.42 8507.04 6682.38 7280.67 8604.39 9457.37 7742.26 7234.36 6396.33 5722.19 6426.95 6913.27 6289.24 5554.35 5573.82 5533.6 6015.16 5228.27 5406.63 5221.94 5029.12 4957.27 4857.63 4760.69 6415.11 4568.97 5624.58
threshold=3.3500000238418584 32.94585037231446 3.2500000000000004 59.500000000000007 2.2500000000000004 0 1.0000000180025095e-35 1.0000000180025095e-35 1.0000000180025095e-35 1.0000000180025095e-35 1.0000000180025095e-35 1.0000000180025095e-35 1.0000000180025095e-35 20.349999427795414 1.0000000180025095e-35 1.0000000180025095e-35 12.84999990463257 1 -13.050000190734862 143.1683044433594 2 15.650000095367433 3 14.550000190734865 37.095001220703132 1.0000000180025095e-35 4 14.650000095367433 38.602500915527351 4.2500000000000009
decision_type=10 2 10 2 8 1 8 8 10 10 10 10 10 10 10 10 2 1 8 2 1 8 1 10 2 10 1 2 2 2
left_child=1 23 3 16 -2 26 7 8 9 10 11 12 13 14 15 18 17 28 19 -7 21 -8 -18 -1 -24 -20 27 -5 -3 -30
right_child=4 2 -4 5 -6 6 20 -9 -10 -11 -12 -13 -14 -15 -16 -17 22 -19 25 -21 -22 -23 24 -25 -26 -27 -28 -29 29 -31
leaf_value=0.034228480015009256 -0.024037760449159756 0.017142296595033253 -0.014176428716716745 0.056802840436329806 -0.0017633561369298171 0.015862299458120215 -0.034092215027246492 -0.036747825639859018 -0.052167244932878866 -0.060016025688895372 -0.03165483823051822 -0.063543635031969817 -0.026705478968110659 -0.0106493183429636 -0.083405671262841777 -0.058138871805249952 0.0064003097437439153 0.030099333743509024 0.013239136359711433 -0.15261276736094365 -0.011743805343691823 -0.10850969047785684 -0.0042302948080772491 0.0090793895218840501 -0.045704585146500554 -0.072415447602920222 -0.00084785463548887408 0.010696341956328051 0.0060776060821269148 -0.035545628557721358
leaf_weight=115974 294631 293737 395708 34965 410149 4222 49741 72769 35534 20972 62995 14172 57169 192430 7908 13118 640778 172793 789298 4255 100523 12147 128988 252929 37111 6677 359473 220386 157557 40891
leaf_count=115974 294631 293737 395708 34965 410149 4222 49741 72769 35534 20972 62995 14172 57169 192430 7908 13118 640778 172793 789298 4255 100523 12147 128988 252929 37111 6677 359473 220386 157557 40891
internal_value=-1.06814e-07 0.00181713 0.00039195 0.00202476 -0.0110751 -0.00216221 -0.00587981 -0.00335197 -0.00134147 0.000197921 0.00129388 0.00319941 0.00407924 0.00580821 0.00964468 0.0105447 0.00788128 0.0146481 0.0116647 -0.0687032 -0.0258264 -0.0486906 0.00230449 0.0169856 -0.013496 0.0125206 0.00656868 0.017009 0.00922277 -0.00249903
internal_weight=5e+06 4.29522e+06 3.92632e+06 3.53061e+06 704780 2.05875e+06 1.44393e+06 1.28152e+06 1.20875e+06 1.17322e+06 1.15224e+06 1.08925e+06 1.07508e+06 1.01791e+06 825478 817570 1.47186e+06 664978 804452 8477 162411 61888 806877 368903 166099 795975 614824 255351 492185 198448
internal_count=5000000 4295220 3926317 3530609 704780 2058754 1443930 1281519 1208750 1173216 1152244 1089249 1075077 1017908 825478 817570 1471855 664978 804452 8477 162411 61888 806877 368903 166099 795975 614824 255351 492185 198448
cat_boundaries=0 1 2 3 4 5
cat_threshold=654336 4126 2108 4032 496
is_linear=0
shrinkage=0.1


Tree=69
num_leaves=31
num_cat=7
split_feature=82 76 85 74 91 74 68 0 72 48 71 28 75 8 75 16 73 10 23 75 73 72 75 23 75 51 76 72 72 23
split_gain=9356.66 8804.57 9064.69 7669.95 6486.39 6317.33 5044.81 5011.34 5000.49 4726.27 5548.37 3834.5 3807.38 3778.7 6363.79 5852.08 4080.34 3624.9 3533.38 3527.04 3353.67 5370.46 3329.03 3320.79 4208.24 3252.08 3255.03 3220.66 3173.07 3744.62
threshold=4.3500001430511483 0 1.9499999880790713 18.500000000000004 1.3499999642372134 388.50000000000006 1.7500000000000002 13.34999990463257 30.90164947509766 0.75000000000000011 0.55000001192092907 1.0000000180025095e-35 1 3.8500000238418584 2 15.050000190734865 139.94915008544925 2.2500000000000004 13.750000000000002 3 138.28914642333987 34.745000839233406 4 21.849999427795414 5 1.0500000119209292 6 33.159149169921882 31.834149360656742 12.84999990463257
decision_type=10 1 10 2 8 2 8 2 2 10 8 8 1 8 1 8 2 10 10 1 2 2 1 10 1 10 1 2 2 10
left_child=1 11 3 7 28 8 19 22 18 25 -11 23 -13 -10 -15 16 20 -8 -4 -2 -16 -22 -3 -1 -25 -6 -27 -19 29 -5
right_child=6 2 5 4 9 -7 17 -9 13 10 -12 12 -14 14 15 -17 -18 27 -20 -21 21 -23 -24 24 -26 26 -28 -29 -30 -31
leaf_value=0.016457897662672787 -0.050266403863153911 0.040619024580024171 0.11565874722656871 0.092562170676287969 0.0093790334266883775 -0.034639336059297324 0.015184754189700504 0.0039768670985993373 0.0041932680708046443 -0.026708454643713599 -0.0053218539049601152 -0.0011729217418542806 0.057009615562171129 -0.0042263820543143697 -0.016939417114756893 -0.058758460369684254 -0.038495750055090927 0.01023669307960578 0.012751317788281849 -0.016116385411447633 0.1547945129938389 0.007316825785338015 0.015437909520848756 0.011374054798237393 -0.020920403914424762 0.004165044614513027 -0.027665757318092954 -0.020293005168968908 0.0052957301904217758 0.014582937043865483
leaf_weight=320295 56206 66172 3480 9005 323439 85364 56554 413277 181835 140676 880987 16345 36094 397470 110681 41696 65441 44452 80937 65531 2675 32097 254278 107292 64658 76169 55550 155185 836680 19479
leaf_count=320295 56206 66172 3480 9005 323439 85364 56554 413277 181835 140676 880987 16345 36094 397470 110681 41696 65441 44452 80937 65531 2675 32097 254278 107292 64658 76169 55550 155185 836680 19479
internal_value=-9.13513e-08 0.00123689 -0.000358336 0.00233243 -0.000462677 -0.00862052 -0.0151284 0.0112541 -0.0061966 -0.00449073 -0.00826664 0.0131781 0.038885 -0.00854983 -0.0121143 -0.0245255 -0.0177584 -0.00716407 0.0169936 -0.0318889 -0.00842848 0.0186622 0.0206395 0.0104398 -0.000770118 0.00398482 -0.00926078 -0.0134951 0.00641314 0.0392355
internal_weight=5e+06 4.62207e+06 4.07739e+06 3.07571e+06 2.34198e+06 1.00168e+06 377928 733727 916312 1.47682e+06 1.02166e+06 544684 52439 831895 650060 252590 210894 256191 84417 121737 145453 34772 320450 492245 171950 455158 131719 199637 865164 28484
internal_count=5000000 4622072 4077388 3075712 2341985 1001676 377928 733727 916312 1476821 1021663 544684 52439 831895 650060 252590 210894 256191 84417 121737 145453 34772 320450 492245 171950 455158 131719 199637 865164 28484
cat_boundaries=0 1 2 3 4 5 6 7
cat_threshold=57344 6150 2016 7174 4032 896 8330752
is_linear=0
shrinkage=0.1


Tree=70
num_leaves=31
num_cat=7
split_feature=82 76 41 79 46 88 73 75 24 21 9 72 75 0 72 48 70 75 23 75 75 73 75 74 23 72 10 22 81 90
split_gain=8785.41 9825.36 11248.8 9391.47 8627.75 8376.58 7059.82 7051.31 5986.94 6562.92 5200.54 5688.53 6537.45 6615.35 5408.59 4737.58 6420.91 4726.79 4661.06 9924.02 7206.8 5042.93 4553.55 4461.42 4383.14 6159.62 4293.56 4131.21 4117.27 3874.92
threshold=0.45000000298023229 0 1.0000000180025095e-35 0.75000000000000011 1.0000000180025095e-35 1.7500000000000002 142.22499847412112 1 0.75000000000000011 4.8500001430511483 -1.9499999880790708 33.70579910278321 2 18.750000000000004 42.466650009155281 0.55000001192092907 0.65000000596046459 3 21.349999427795414 4 5 142.61585235595706 6 573.00000000000011 14.34999990463257 40.420000076293952 8.8499999046325701 20.349999427795414 1.0000000180025095e-35 1.0000000180025095e-35
decision_type=8 1 8 8 8 8 2 1 2 8 8 2 1 2 2 10 8 1 10 1 1 2 1 2 10 2 8 10 10 10
left_child=-1 4 3 -3 8 28 15 -4 10 -10 -2 27 13 14 23 -7 17 -17 20 -20 24 -21 -6 26 25 -14 -13 -12 29 -5
right_child=1 2 7 5 22 6 -8 -9 9 -11 11 12 18 -15 -16 16 -18 -19 19 21 -22 -23 -24 -25 -26 -27 -28 -29 -30 -31
leaf_value=0.015218885250514021 0.018349159604553751 0.012058482785053323 -0.0023723645362501724 0.0057095772459208743 0.048546507605322482 0.0069620571448113754 -0.032220842888156145 -0.03532148717246545 -0.045011102645855505 0.038922354861123012 0.026535988973463761 -0.004295543212757295 0.15768097989585533 -0.14368583717848005 -0.071257577756348028 -0.052356073944725183 -0.0069414703729838061 -0.016564395339851871 0.0028543711828256813 -0.026339559832515583 0.00016108504434306768 -0.13544333297052277 0.014253787992344953 -0.081902206750925508 0.019114364298311568 0.037045826818779298 -0.058611970727010326 0.0010459776000216795 -0.021580294634828492 -0.033549507536475863
leaf_weight=352562 154608 366898 100327 767867 58272 183171 131810 184237 10666 73600 115369 164558 5843 4230 17075 55300 829235 110946 272615 138639 429188 4370 115459 8829 79421 15357 15965 141648 65943 25992
leaf_count=352562 154608 366898 100327 767867 58272 183171 131810 184237 10666 73600 115369 164558 5843 4230 17075 55300 829235 110946 272615 138639 429188 4370 115459 8829 79421 15357 15965 141648 65943 25992
internal_value=-8.05639e-08 -0.00115462 -0.00485311 -0.00273861 0.00456159 -0.00524015 -0.0102724 -0.0237061 0.00233231 0.0282984 0.000936612 -0.000968495 -0.00396005 -0.0198903 -0.0173545 -0.00781791 -0.0105375 -0.0284743 -0.000410329 -0.00833784 0.00580863 -0.0296714 0.0257597 -0.0124938 0.0298946 0.0702945 -0.00909915 0.0124879 0.00242975 0.00442418
internal_weight=5e+06 4.64744e+06 2.82173e+06 2.53716e+06 1.82571e+06 2.17026e+06 1.31046e+06 284564 1.65198e+06 84266 1.56772e+06 1.41311e+06 1.15609e+06 210657 206427 1.17865e+06 995481 166246 945433 415624 529809 143009 173731 189352 100621 21200 180523 257017 859802 793859
internal_count=5000000 4647438 2821726 2537162 1825712 2170264 1310462 284564 1651981 84266 1567715 1413107 1156090 210657 206427 1178652 995481 166246 945433 415624 529809 143009 173731 189352 100621 21200 180523 257017 859802 793859
cat_boundaries=0 1 2 3 4 5 6 7
cat_threshold=261632 4544 14 6150 896 416 1136
is_linear=0
shrinkage=0.1


Tree=71
num_leaves=31
num_cat=5
split_feature=91 88 74 72 8 75 76 39 34 23 30 81 27 87 90 84 45 75 1 73 72 78 26 75 1 23 75 10 0 8
split_gain=8463.67 8315.39 8160.95 7406.47 6665.44 10877.3 6655.05 7903.84 7249.04 8288.47 11433.7 13434.7 14464.1 12897.7 12049.2 10214.3 9188.14 8312.33 6392.72 5971.88 5925.56 5894.28 5563.66 5555 5184.09 6631.03 6079.62 5113.4 4873.01 6795.2
threshold=3.3500000238418584 4.5499999523162851 733.00000000000011 26.891649246215824 4.0499999523162851 0 1 1.0000000180025095e-35 1.0000000180025095e-35 19.94999980926514 1.0000000180025095e-35 1.0000000180025095e-35 1.0000000180025095e-35 1.0000000180025095e-35 1.0000000180025095e-35 1.0000000180025095e-35 1.0000000180025095e-35 2 2.2500000000000004 129.87249755859378 36.24749946594239 1.0000000180025095e-35 1.0000000180025095e-35 3 -12.849999904632567 -2.4500000476837154 4 11.84999990463257 16.550000190734867 20.849999427795414
decision_type=10 10 2 2 8 1 1 10 10 10 10 10 10 10 10 10 10 1 10 2 2 10 10 1 10 8 1 8 2 8
left_child=1 2 6 -2 -5 27 -1 8 9 10 11 12 13 14 15 16 17 18 -8 -19 -13 22 24 -9 -21 -26 -27 -6 29 -28
right_child=3 -3 -4 4 5 -7 7 23 -10 -11 -12 20 -14 -15 -16 -17 -18 19 -20 21 -22 -23 -24 -25 25 26 28 -29 -30 -31
leaf_value=0.012357114381782545 0.02312887984686678 -0.017924331828977319 -0.019717273603126383 0.0034651620116641873 -0.030207769381098072 -0.0094099903834415216 0.079651862092742429 0.013095651019841177 -0.017301687559212683 -0.0047208494219960016 -0.027515077400338747 0.0023176970694438978 -0.051281254556826777 -0.047663263960692683 -0.052481800084949362 -0.061625557477842242 -0.016170110387217333 0.063453180855678679 0.028468078456852064 -0.04251593576455677 -0.045253351608872137 -0.071667131323726638 -0.074224754706271504 -0.020907900885956454 0.037242926742507891 -0.0082614933218683306 0.016081454225679189 -0.071704588784391968 0.0013689722666624738 0.051418434914290059
leaf_weight=706182 61482 205897 156536 176113 102107 335219 27442 60390 162648 729060 88134 45445 36173 34841 27023 17308 86542 24230 220255 15845 61782 8103 7130 234915 121972 123321 816885 41872 206846 58302
leaf_count=706182 61482 205897 156536 176113 102107 335219 27442 60390 162648 729060 88134 45445 36173 34841 27023 17308 86542 24230 220255 15845 61782 8103 7130 234915 121972 123321 816885 41872 206846 58302
internal_value=-8.06677e-08 0.00168301 0.00267314 -0.0100574 -0.013171 -0.019285 0.00356708 0.00163604 0.00321312 0.00442354 0.0077116 0.0093124 0.0113258 0.0125868 0.0137787 0.0148112 0.0155817 0.0172672 0.0341373 0.0142446 -0.0250918 0.013367 0.0138773 -0.0139544 0.0143449 0.0150237 0.0127753 -0.0422729 0.0151728 0.0184355
internal_weight=5e+06 4.28321e+06 4.07731e+06 716793 655311 479198 3.92077e+06 3.21459e+06 2.91929e+06 2.75664e+06 2.02758e+06 1.93944e+06 1.83222e+06 1.79604e+06 1.7612e+06 1.73418e+06 1.71687e+06 1.63033e+06 247697 1.38263e+06 107227 1.3584e+06 1.3503e+06 295305 1.34317e+06 1.32733e+06 1.20535e+06 143979 1.08203e+06 875187
internal_count=5000000 4283207 4077310 716793 655311 479198 3920774 3214592 2919287 2756639 2027579 1939445 1832218 1796045 1761204 1734181 1716873 1630331 247697 1382634 107227 1358404 1350301 295305 1343171 1327326 1205354 143979 1082033 875187
cat_boundaries=0 1 2 3 4 5
cat_threshold=6158 63488 2432 192 2
is_linear=0
shrinkage=0.1


Tree=72
num_leaves=31
num_cat=6
split_feature=73 22 75 74 10 7 72 12 0 45 75 0 16 72 7 75 71 25 76 37 4 0 74 75 22 75 73 17 86 74
split_gain=7977.21 8221.42 12010.5 10645.8 8333.32 8027.09 7933.3 8733.63 6728.45 6025.36 5232.85 7034.74 6797.31 7075.95 5980.08 5203.38 4992.4 4981.49 6420.9 4880.39 4828.98 4335.99 4349.76 4230.06 4103.33 4125.67 7449 6929.19 6192.97 3863.89
threshold=142.07500457763675 2.0499999523162846 0 396.50000000000006 10.050000190734865 6.8500001430511483 38.085000991821296 6.4500000476837167 9.8499999046325701 1.0000000180025095e-35 1 15.650000095367433 12.84999990463257 37.095001220703132 14.750000000000002 2 3.8500000238418584 1.0000000180025095e-35 3 1.0000000180025095e-35 1.0500000119209292 25.750000000000004 428.00000000000006 4 27.849999427795414 5 144.7174987792969 7.2500000000000009 -4.7499999999999991 878.50000000000011
decision_type=2 10 1 2 10 8 2 10 2 10 1 2 8 2 8 1 10 10 1 10 10 2 2 1 8 1 2 8 8 2
left_child=1 4 3 6 16 -4 7 -3 23 19 11 -7 29 21 -15 -16 -1 -13 -19 -9 -5 22 -14 -8 25 27 -27 -2 -28 -12
right_child=24 2 5 20 -6 10 8 9 -10 -11 12 17 13 14 15 -17 -18 18 -20 -21 -22 -23 -24 -25 -26 26 28 -29 -30 -31
leaf_value=0.0050341256185157781 0.063635444521621565 0.0092980828939141971 0.023697268075744737 -0.0091010202136377217 0.054730556961094079 0.031666555781866577 -0.07142818563461599 -0.0052595875146123515 -0.11198500321324312 -0.047896781374781962 0.0090175599998929268 0.0017202005384798662 0.00043899015252623274 -0.0094477460638780503 -0.017156887659448464 -0.070437346442152715 0.031303475720216016 -0.0044129361047274751 0.038803365374577625 -0.047403602260968548 -0.063086904345745598 -0.039700807799363608 -0.029466426859665981 -0.015383505568319231 -0.089856813376056777 -0.021663096183014971 0.096428283613835139 -0.0040124018279969909 0.003648214941014292 -0.045593458253591207
leaf_weight=473882 16567 316194 174313 24274 42995 96690 16044 343639 9618 43643 401336 1236417 584172 88476 31879 43186 85380 57489 85524 29866 52199 32131 53054 83716 6528 330024 8651 175999 42726 13388
leaf_count=473882 16567 316194 174313 24274 42995 96690 16044 343639 9618 43643 401336 1236417 584172 88476 31879 43186 85380 57489 85524 29866 52199 32131 53054 83716 6528 330024 8651 175999 42726 13388
internal_value=-7.52239e-08 0.00144754 -0.000265638 -0.0102255 0.0123061 0.00289341 -0.00698369 -0.00323658 -0.0321068 -0.0127377 0.00156202 0.00559164 -0.00320564 -0.00841414 -0.0270613 -0.0478216 0.00904455 0.00376398 0.0214335 -0.00862948 -0.0459507 -0.00385817 -0.00205087 -0.0244056 -0.0110213 -0.0101246 -0.0161486 0.00180744 0.0192708 0.00725462
internal_weight=5e+06 4.4195e+06 3.81725e+06 919193 602257 2.89806e+06 842720 733342 109378 417148 2.72374e+06 1.47612e+06 1.24762e+06 832898 163541 75065 559262 1.37943e+06 143013 373505 76473 669357 637226 99760 580495 573967 381401 192566 51377 414724
internal_count=5000000 4419505 3817248 919193 602257 2898055 842720 733342 109378 417148 2723742 1476120 1247622 832898 163541 75065 559262 1379430 143013 373505 76473 669357 637226 99760 580495 573967 381401 192566 51377 414724
cat_boundaries=0 1 2 3 4 5 6
cat_threshold=4110 960 1024 14680191 4 480
is_linear=0
shrinkage=0.1


Tree=73
num_leaves=31
num_cat=7
split_feature=76 75 19 72 75 6 75 23 12 23 8 75 0 23 72 81 72 72 48 75 72 1 12 74 23 4 74 0 75 10
split_gain=7728.28 6998.36 7688.39 7296.33 10090.9 7124.37 6987.02 6663.24 11088.1 5907.71 5778.51 11183.8 10516.4 6338.78 5441.41 5285.2 5005.32 4795.88 4756.03 4486.96 4443.1 4441.5 5418.91 4394.78 4270.78 4250.94 4161.16 4118.89 4099.54 3934.22
threshold=0 1 1.4499999880790713 37.249149322509773 2 11.050000190734865 3 4.6499998569488534 11.050000190734865 7.8500001430511483 1.6500000357627871 4 13.34999990463257 12.84999990463257 42.385799407958991 1.0000000180025095e-35 42.385799407958991 30.90164947509766 6.1499998569488534 5 43.364999771118171 17.550000190734867 21.750000000000004 199.50000000000003 21.349999427795414 2.4500000476837163 669.00000000000011 -12.849999904632567 6 9.4499998092651385
decision_type=1 1 10 2 1 8 1 8 8 10 8 1 2 10 2 10 2 2 10 1 2 10 10 2 10 10 2 2 1 8
left_child=6 -2 5 18 9 15 7 8 -1 14 -6 12 16 -13 -5 27 26 -9 23 24 -14 22 -19 29 -15 -8 -12 -3 -18 -4
right_child=1 2 3 4 10 -7 25 17 -10 -11 11 13 20 19 -16 -17 28 21 -20 -21 -22 -23 -24 -25 -26 -27 -28 -29 -30 -31
leaf_value=-0.015050172226415035 -0.011810878115122528 -0.065647668261311923 0.020133891390170241 -0.02878645213768101 0.022963939422401519 0.067763657992446921 0.023596037607852418 0.022839705217038663 0.046107934529580417 -0.19682540806629556 -0.0027743815179555546 0.018746689227575063 -0.064059158006552569 0.021516200359299572 -0.16699962969539997 -0.022595323234373237 -0.14806417216043447 -0.037426111438722029 -0.015953350308430109 -0.01125310171324849 -0.19496017491624529 -0.087492304752011141 0.011417836547750014 -0.0010463615702204965 -0.004531906640009342 -0.0036376524832624282 -0.13335021305718214 0.017872406160221992 -0.032833547249756213 0.0066681844306099016
leaf_weight=185958 335021 6005 268970 19356 77113 24987 64029 15782 35267 3075 139542 151900 32742 105226 3340 38307 3244 152827 101805 361613 2816 14616 26679 586991 156647 546638 2484 353552 61181 1122287
leaf_count=185958 335021 6005 268970 19356 77113 24987 64029 15782 35267 3075 139542 151900 32742 105226 3340 38307 3244 152827 101805 361613 2816 14616 26679 586991 156647 546638 2484 353552 61181 1122287
internal_value=-9.57099e-08 0.00201687 0.0032955 0.00162107 -0.00488515 0.0159684 -0.00766332 -0.0174098 -0.00530054 -0.0667238 -0.00342847 -0.0054289 -0.0241954 0.000428679 -0.0491262 0.0127155 -0.0155451 -0.030173 0.0051252 -0.00403413 -0.0744258 -0.0344829 -0.0301667 0.00620995 0.00593454 -0.000782162 -0.00505812 0.0164775 -0.0386638 0.00927149
internal_weight=5e+06 3.9582e+06 3.62318e+06 3.20033e+06 1.12028e+06 422851 1.0418e+06 431129 221225 25771 1.09451e+06 1.0174e+06 242009 775386 22696 397864 206451 209904 2.08005e+06 623486 35558 194122 179506 1.97825e+06 261873 610667 142026 359557 64425 1.39126e+06
internal_count=5000000 3958204 3623183 3200332 1120279 422851 1041796 431129 221225 25771 1094508 1017395 242009 775386 22696 397864 206451 209904 2080053 623486 35558 194122 179506 1978248 261873 610667 142026 359557 64425 1391257
cat_boundaries=0 1 2 3 4 5 6 7
cat_threshold=124 2 4 62 6168 384 4096
is_linear=0
shrinkage=0.1


Tree=74
num_leaves=31
num_cat=2
split_feature=88 76 79 47 49 68 49 71 72 24 73 5 22 75 74 85 0 74 87 33 90 28 78 41 0 30 73 73 72 73
split_gain=7666.73 7908.19 8091.94 6652.5 6107.53 9105.77 7156.39 5232.03 5060.59 8098.71 16058.5 5680.51 5196.95 4911.32 4853.67 4324.21 4267.18 4247.88 3867.53 4429.6 4691.15 4554.26 4054.87 3926.97 4078.07 4253.59 3657.32 8675.16 7088.32 4111.56
threshold=0.55000001192092907 0 1.9499999880790713 1.0000000180025095e-35 0.45000000298023229 0.94999998807907116 1.6500000357627871 7.2500000000000009 36.436649322509773 1.0000000180025095e-35 137.68579864501956 15.550000190734865 2.4500000476837163 1 531.00000000000011 0.45000000298023229 33.45000076293946 149.50000000000003 1.0000000180025095e-35 1.0000000180025095e-35 1.0000000180025095e-35 1.0000000180025095e-35 1.0000000180025095e-35 1.0000000180025095e-35 18.150000572204593 1.0000000180025095e-35 139.94915008544925 137.42579650878909 34.689199447631843 129.87249755859378
decision_type=8 1 8 8 10 10 10 10 2 2 2 8 10 1 2 8 2 2 10 10 10 10 10 10 2 10 2 2 2 2
left_child=-1 3 18 8 -4 6 -6 15 9 12 -11 -12 -2 -5 -10 -7 -14 26 19 20 21 22 23 24 25 -3 27 29 -29 -17
right_child=1 2 4 13 5 7 -8 -9 14 10 11 -13 16 -15 -16 17 -18 -19 -20 -21 -22 -23 -24 -25 -26 -27 -28 28 -30 -31
leaf_value=0.0115945906972823 0.041452722935943209 0.018384902805480052 0.0053590647428423547 0.04644617891656818 -0.015256492137756414 0.013503946456682778 -0.045760374797505707 0.024435050829460618 -0.0023733687166959346 0.014605831967991315 0.19173793838688608 0.072361262687277203 0.0011041124474341565 0.011070579355206547 -0.032565316847417494 0.013006140564328722 0.059509599533486217 -0.024580850766777088 -0.019754940162540691 -0.025103373987564764 -0.038634532494996571 -0.041020429264259119 -0.054694219050601567 -0.021100507815785773 -0.00058820926591567546 -0.06898156436115592 -0.017038063766610236 0.11065109202265351 0.015092712077844761 -0.017383507190817136
leaf_weight=511897 34432 441142 224714 52578 200822 76197 124647 48601 852584 70661 7140 9024 923930 154773 56793 56413 12681 188020 71400 47138 22263 18445 9744 37601 178830 5644 241035 8407 101269 211175
leaf_count=511897 34432 441142 224714 52578 200822 76197 124647 48601 852584 70661 7140 9024 923930 154773 56793 56413 12681 188020 71400 47138 22263 18445 9744 37601 178830 5644 241035 8407 101269 211175
internal_value=-1.26933e-07 -0.00132258 -0.00539225 0.00300707 -0.00982515 -0.0125405 -0.0269388 -0.00750766 0.00121141 0.0059139 0.0351749 0.125093 0.00329755 0.0200435 -0.00425894 -0.00926678 0.00189488 -0.0114186 0.00249808 0.00458648 0.0065475 0.00800234 0.009346 0.0102869 0.0121733 0.0172813 -0.00741607 -0.00126855 0.0224176 -0.0109768
internal_weight=5e+06 4.4881e+06 2.31351e+06 2.1746e+06 1.4813e+06 1.25659e+06 325469 931117 1.96724e+06 1.05787e+06 86825 16164 971043 207351 909377 882516 936611 806319 832207 760807 713669 691406 672961 663217 625616 446786 618299 377264 109676 267588
internal_count=5000000 4488103 2313507 2174596 1481300 1256586 325469 931117 1967245 1057868 86825 16164 971043 207351 909377 882516 936611 806319 832207 760807 713669 691406 672961 663217 625616 446786 618299 377264 109676 267588
cat_boundaries=0 1 2
cat_threshold=1048064 112
is_linear=0
shrinkage=0.1


Tree=75
num_leaves=31
num_cat=7
split_feature=91 74 73 73 72 75 49 15 17 3 72 79 76 82 23 0 75 75 0 75 14 72 75 7 16 74 23 72 83 76
split_gain=7415.3 7255.58 7050.1 7038.35 8893.51 6922.27 6712.12 6867.57 6549.21 6413.33 5693.45 6153.51 5563.32 4791.29 4690.53 4534.45 6954.72 4533.13 4366.5 4573.96 4337.19 4325.7 4865.12 6223.22 5713.87 4243.8 3946.37 3676.06 4481.15 4034.38
threshold=0.55000001192092907 147.50000000000003 140.11250305175784 136.692497253418 34.47669982910157 0 0.55000001192092907 -0.45000000298023218 8.4499998092651385 16.650000572204593 31.308349609375004 5.0499999523162851 1 5.9500000476837167 17.349999427795414 3.8500000238418584 2 3 13.050000190734865 4 13.050000190734865 32.093299865722663 5 6.6499998569488534 8.4499998092651385 878.50000000000011 1.6500000357627871 35.977499008178718 10.84999990463257 6
decision_type=8 2 2 2 2 1 10 8 8 8 2 10 1 10 10 2 1 1 2 1 10 2 1 8 8 2 8 2 8 1
left_child=-1 2 3 10 9 8 -7 -8 -3 -5 14 13 -4 27 -2 17 20 26 -6 -20 -17 -9 23 25 -25 -23 -14 29 -29 -12
right_child=1 5 12 4 18 6 7 21 -10 -11 11 -13 15 -15 -16 16 -18 -19 19 -21 -22 22 -24 24 -26 -27 -28 28 -30 -31
leaf_value=0.011292026068943181 0.061011835797325345 0.029424534143201338 0.0048312568423073089 0.13554148742405681 0.021139288149398583 0.0033244546863723011 0.00068972020278605011 0.0080317985530949931 -0.0026714619240698631 0.032139902951332171 0.0096322434043522882 -0.03385767605006771 2.3130599820358842e-05 -0.044431017539783374 0.011591306981012892 -0.027531646498429693 -0.008838055835927474 0.026058104201155497 -0.081306308427820925 0.0056463345220260424 -0.076647548297373538 -0.026950942550941721 -0.019185540671110717 -0.049972559049919089 -0.14363136561457751 -0.12401811138419397 -0.037193581891941371 0.080488370078887511 0.010030276001254447 -0.0046945771914840709
leaf_weight=520947 22502 71707 402014 9744 264632 199078 157072 40754 560608 15604 284846 56592 174390 23640 131059 91259 360869 55685 6148 343824 22390 110236 326514 18398 10084 4696 34056 12241 34376 634035
leaf_count=520947 22502 71707 402014 9744 264632 199078 157072 40754 560608 15604 284846 56592 174390 23640 131059 91259 360869 55685 6148 343824 22390 110236 326514 18398 10084 4696 34056 12241 34376 634035
internal_value=-1.02737e-07 -0.00131346 0.00154126 0.00537176 0.0138402 -0.00698789 -0.0127915 -0.0175963 0.000968335 0.0718884 0.000852919 -0.0017874 -0.00463517 4.74542e-05 0.0188331 -0.00978725 -0.015633 0.000714324 0.0114462 0.00411667 -0.0372047 -0.0232206 -0.0259309 -0.0412841 -0.0831323 -0.030917 -0.00605706 0.0011365 0.0285316 -0.00025332
internal_weight=5e+06 4.47905e+06 2.97991e+06 1.83924e+06 639952 1.49915e+06 866832 667754 632315 25348 1.19929e+06 1.04573e+06 1.14066e+06 989138 153561 738649 474518 264131 614604 349972 113649 510682 469928 143414 28482 114932 208446 965498 46617 918881
internal_count=5000000 4479053 2979906 1839243 639952 1499147 866832 667754 632315 25348 1199291 1045730 1140663 989138 153561 738649 474518 264131 614604 349972 113649 510682 469928 143414 28482 114932 208446 965498 46617 918881
cat_boundaries=0 1 2 3 4 5 6 7
cat_threshold=496 65280 6174 4110 4102 4102 520192
is_linear=0
shrinkage=0.1


Tree=76
num_leaves=31
num_cat=8
split_feature=82 73 74 11 75 70 72 0 22 75 11 72 23 76 0 72 23 71 72 72 73 72 26 75 72 72 75 75 75 75
split_gain=7160.63 7234.52 6979.7 6523.71 8873.57 5537.93 5173.75 5212.53 4582.81 5521.72 8277.12 7199.3 5249.64 4697.45 4548.08 5630.64 4126.52 4492.27 4034.02 3962.79 5185.95 4109.54 3885.96 3933.89 4001.99 3817.14 3755.1 3746.63 3717.9 3614.52
threshold=1.8499999642372134 142.61585235595706 749.50000000000011 1.0000000180025095e-35 0 4.6499998569488534 41.828350067138679 4.8500001430511483 8.0500001907348651 1 11.84999990463257 36.241651535034187 21.750000000000004 2 12.84999990463257 35.185850143432624 24.750000000000004 1.1500000357627871 33.92250061035157 30.90164947509766 137.77420043945315 35.225851058959968 1.0000000180025095e-35 3 30.03750038146973 37.095001220703132 4 5 6 7
decision_type=8 2 2 8 1 8 2 2 10 1 8 2 10 1 2 2 8 10 2 2 2 2 8 1 2 2 1 1 1 1
left_child=18 2 3 29 5 6 14 -8 -6 10 25 19 13 -11 -5 -16 17 28 -1 -12 -21 -22 23 -14 -25 -10 -15 -20 -3 -2
right_child=1 16 -4 4 8 -7 7 -9 9 12 11 -13 22 26 15 -17 -18 -19 27 20 21 -23 -24 24 -26 -27 -28 -29 -30 -31
leaf_value=0.017349451260314615 -0.0022414929357812904 -0.069792740905299119 -0.026966298491710602 -0.012572558830504649 0.012928776727955754 0.00919063797166241 -0.05754758144326752 -0.25734145235937139 0.011672773536170196 0.023250074208208467 0.01290372157779447 -0.063654250968972745 0.0011274551397576602 0.016917977674350351 -0.031623373285255212 -0.1325034632126508 -0.088098666925177149 -0.008140032191560018 0.0093845989268141958 -0.030952892443547261 0.050889814636510593 -0.018148890659583885 0.01819294837678145 0.015149648873340339 -0.01841945899094664 -0.016146934139673868 -0.0013293738638933579 -0.0013107799481709157 -0.020981442433845365 0.022026694549325918
leaf_weight=245828 90845 24104 102149 400191 279080 91660 10930 1483 165724 164885 39485 36684 370879 159181 38585 6459 8279 182242 585775 137647 15366 19645 74516 40799 274146 70219 386809 742908 44310 189187
leaf_count=245828 90845 24104 102149 400191 279080 91660 10930 1483 165724 164885 39485 36684 370879 159181 38585 6459 8279 182242 585775 137647 15366 19645 74516 40799 274146 70219 386809 742908 44310 189187
internal_value=-1.06031e-07 -0.00256578 -0.00125163 -0.000394459 -0.00185769 -0.0132449 -0.0177387 -0.0814173 0.000940978 -0.000769437 -0.0100253 -0.0227496 0.00228047 0.00845829 -0.0159634 -0.0460889 -0.0186367 -0.0163425 0.00558176 -0.0156764 -0.0222123 0.0121516 -0.00349542 -0.00585189 -0.0140704 0.00339335 0.00399077 0.00340454 -0.0381922 0.0141546
internal_weight=5e+06 3.42549e+06 3.16655e+06 3.0644e+06 2.78437e+06 549308 457648 12413 2.23506e+06 1.95598e+06 484770 248827 1.47122e+06 710875 445235 45044 258935 250656 1.57451e+06 212143 172658 35011 760340 685824 314945 235943 545990 1.32868e+06 68414 280032
internal_count=5000000 3425489 3166554 3064405 2784373 549308 457648 12413 2235065 1955985 484770 248827 1471215 710875 445235 45044 258935 250656 1574511 212143 172658 35011 760340 685824 314945 235943 545990 1328683 68414 280032
cat_boundaries=0 1 2 3 4 5 6 7 8
cat_threshold=4102 2072 65024 384 896 6592 6150 2
is_linear=0
shrinkage=0.1


Tree=77
num_leaves=31
num_cat=6
split_feature=91 88 74 79 68 76 75 0 85 23 72 47 39 75 35 75 75 75 0 30 81 26 84 23 28 90 33 4 23 74
split_gain=6828.18 6388.09 6292.53 5332.89 4819.1 4670.29 4950.72 5528.2 4567.26 4604.57 5543.98 4301.18 5105.23 4654.41 4096.37 3927.36 3861.3 3829.92 4473.73 3712.61 4456.4 5270.18 4744.55 4517.83 4916.67 4741.12 3950.4 3644.79 3466.8 3427.31
threshold=4.6499998569488534 4.2500000000000009 58.500000000000007 2.6499999761581425 2.4500000476837163 0 1 21.849999427795414 5.2500000000000009 17.750000000000004 30.90164947509766 1.0000000180025095e-35 1.0000000180025095e-35 2 1.0000000180025095e-35 3 4 5 15.050000190734865 1.0000000180025095e-35 1.0000000180025095e-35 1.0000000180025095e-35 1.0000000180025095e-35 21.849999427795414 1.0000000180025095e-35 1.0000000180025095e-35 1.0000000180025095e-35 7.2500000000000009 24.44999980926514 1175.0000000000002
decision_type=10 10 2 10 8 1 1 2 10 10 2 8 10 1 10 1 1 1 2 10 10 10 10 10 10 10 10 8 10 2
left_child=1 2 8 5 -2 11 -7 17 9 10 -1 12 14 -13 19 27 -9 -8 -19 20 21 22 23 24 25 26 -4 -12 -18 -5
right_child=4 -3 3 29 -6 6 7 16 -10 -11 15 13 -14 -15 -16 -17 28 18 -20 -21 -22 -23 -24 -25 -26 -27 -28 -29 -30 -31
leaf_value=0.10430362294315408 -0.026144000725342488 -0.012966954843378281 0.012405821425870866 -0.012499941565013349 -0.0028397138171349953 -0.0015883569217771034 0.01179664630372809 0.009724696689669474 -0.018359128470889229 0.0012757010486156833 0.04212526814682635 0.0039538422594873985 -0.027984556155820951 -0.037478642258323931 -0.02936057735583586 0.0066183993002226207 -0.0023952673255008992 0.073030588159420221 0.025429507629614229 -0.026224081006397809 -0.026403313558821737 -0.049495987753996794 -0.051294017377599123 -0.012496176520092564 -0.071168416054460684 -0.061053069201203125 -0.058258612006846747 0.014974996738230729 -0.049366298703917344 -0.086434657803673862
leaf_weight=6396 160904 304771 667670 280868 197838 501716 157490 146880 72127 749609 59144 42979 70085 73451 45411 712060 44485 25184 91404 46214 49146 17634 14317 105438 7433 9111 8006 301521 24295 6413
leaf_count=6396 160904 304771 667670 280868 197838 501716 157490 146880 72127 749609 59144 42979 70085 73451 45411 712060 44485 25184 91404 46214 49146 17634 14317 105438 7433 9111 8006 301521 24295 6413
internal_value=-1.00024e-07 0.0010273 0.00201083 -0.00135439 -0.0132922 0.000356719 0.0053932 0.0125454 0.00632279 0.00729627 0.0114784 -0.00395954 -0.00191987 -0.0221871 -3.73706e-05 0.010925 0.00056827 0.0219701 0.0357087 0.00140224 0.00285512 0.00458839 0.00576296 0.00678706 0.00972426 0.0106023 0.0115685 0.0194267 -0.018984 -0.0141504
internal_weight=5e+06 4.64126e+06 4.33649e+06 2.43563e+06 358742 2.14835e+06 991454 489738 1.90086e+06 1.82873e+06 1.07912e+06 1.1569e+06 1.04046e+06 116430 970380 1.07272e+06 215660 274078 116588 924969 878755 829609 811975 797658 692220 684787 675676 360665 68780 287281
internal_count=5000000 4641258 4336487 2435630 358742 2148349 991454 489738 1900857 1828730 1079121 1156895 1040465 116430 970380 1072725 215660 274078 116588 924969 878755 829609 811975 797658 692220 684787 675676 360665 68780 287281
cat_boundaries=0 1 2 3 4 5 6
cat_threshold=14680575 7686 4544 4000 384 280
is_linear=0
shrinkage=0.1


Tree=78
num_leaves=31
num_cat=6
split_feature=72 22 75 8 8 75 74 23 0 72 70 70 74 74 27 11 75 76 89 74 13 23 72 72 0 76 72 35 26 75
split_gain=6586.86 7269.9 8802.63 5839.79 5685.27 6532.73 7143.05 6333.2 6157.17 8792.5 5585.52 5025.72 4673.3 4614.89 4602.73 4294.64 4235.53 5496.27 4131.36 4026.25 3796.6 3631.34 7761.64 6371.04 4158.13 3440.11 3410.09 3353.89 5198 8446.37
threshold=41.927499771118171 2.4500000476837163 0 11.050000190734865 4.6499998569488534 1 197.50000000000003 21.550000190734867 16.150000572204593 35.225851058959968 1.2500000000000002 1.9499999880790713 396.50000000000006 331.50000000000006 1.0000000180025095e-35 15.750000000000002 2 3 31.44999980926514 878.50000000000011 13.750000000000002 13.250000000000002 32.438299179077156 30.90164947509766 14.050000190734865 4 36.589200973510749 1.0000000180025095e-35 1.0000000180025095e-35 5
decision_type=2 10 1 10 8 1 2 10 2 2 8 10 2 2 10 8 1 1 10 2 10 10 2 2 2 1 2 8 10 1
left_child=1 3 12 11 -4 6 8 16 10 -10 -6 20 21 27 18 -11 -7 -18 -9 -8 -1 23 -23 -3 -24 -16 -26 28 -2 -30
right_child=13 2 4 -5 5 7 19 14 9 15 -12 -13 -14 -15 25 -17 17 -19 -20 -21 -22 22 24 -25 26 -27 -28 -29 29 -31
leaf_value=0.0016572811640499013 -0.0019413057555585124 0.10035023857575812 0.01726427009972227 0.056735599460719932 -0.010328343969239647 0.028093308481898668 -0.019596160665497526 -0.0050749804544491023 -0.0058511616311516567 -0.040051317636486901 0.011051108514564178 0.024929169109282518 -0.058573645515306853 -0.038358453043721492 0.031874360374955932 -0.1155665440713699 0.024511711006166156 0.0035687747974904962 0.027698812864891897 -0.085187277350726842 0.072743113476316817 -0.010715652492469536 -0.06872977937825199 -0.009867790576326467 -0.17255955209454316 -0.0059471490220261844 -0.60260787178941366 -0.025932267194645892 -0.0762706255032643 0.0020814759940044284
leaf_weight=326896 771844 5342 221284 28571 186666 110485 196744 916268 135232 29040 353837 158042 22792 46094 67381 10168 152390 705086 40148 9826 7690 28642 9072 287374 3388 37394 195 76645 25274 30190
leaf_count=326896 771844 5342 221284 28571 186666 110485 196744 916268 135232 29040 353837 158042 22792 46094 67381 10168 152390 705086 40148 9826 7690 28642 9072 287374 3388 37394 195 76645 25274 30190
internal_value=-9.14145e-08 0.00175784 0.000129554 0.0127821 0.0018047 0.000645319 -0.00633687 0.0038162 -0.00160446 -0.0179399 0.00366758 0.0102329 -0.0147619 -0.00749397 -0.00151942 -0.059635 0.00966577 0.00729098 -0.00369922 -0.0227162 0.00329109 -0.0117727 -0.0395325 -0.00785634 -0.104754 0.0183784 -0.195964 -0.00592014 -0.00406614 -0.0336356
internal_weight=5e+06 4.04995e+06 3.52875e+06 521199 3.17195e+06 2.95066e+06 921513 2.02915e+06 714943 174440 540503 492628 356805 950047 1.06119e+06 39208 967961 857476 956416 206570 334586 334013 41297 292716 12655 104775 3583 903953 827308 55464
internal_count=5000000 4049953 3528754 521199 3171949 2950665 921513 2029152 714943 174440 540503 492628 356805 950047 1061191 39208 967961 857476 956416 206570 334586 334013 41297 292716 12655 104775 3583 903953 827308 55464
cat_boundaries=0 1 2 3 4 5 6
cat_threshold=6 6168 384 130048 1048320 7174
is_linear=0
shrinkage=0.1


Tree=79
num_leaves=31
num_cat=11
split_feature=85 76 75 0 71 48 58 68 48 75 72 10 24 0 76 75 6 75 23 12 75 72 76 76 22 76 0 76 84 21
split_gain=6196.05 7315.92 6186.78 8761.97 8481.08 7411.55 7414.35 6310.98 7100.56 6041.82 8817.63 9948.36 5844.74 5636.17 4878.99 6942.37 5756.07 4456.28 4656 5090.74 4364.33 4600.29 4103.37 3980.46 3789.2 3686.83 3670.67 3440.67 3409.24 3235.03
threshold=0.45000000298023229 0 1 13.34999990463257 5.8500001430511483 5.2500000000000009 2.6499999761581425 1.1500000357627871 1.2500000000000002 2 36.436649322509773 15.750000000000002 1.0000000180025095e-35 23.44999980926514 3 4 17.150000572204593 5 3.0499999523162846 9.2500000000000018 6 40.792499542236335 7 8 15.949999809265138 9 18.050000190734867 10 1.0000000180025095e-35 4.8500001430511483
decision_type=8 1 1 2 10 10 8 8 10 1 2 8 2 2 1 1 8 1 8 8 1 2 1 1 10 1 2 1 10 8
left_child=-1 17 4 14 5 7 -7 8 -3 10 13 20 -11 23 16 -16 29 18 19 -2 21 24 -9 -5 -12 -14 -13 -10 -18 -4
right_child=1 2 3 9 -6 6 -8 22 27 12 11 26 25 -15 15 -17 28 -19 -20 -21 -22 -23 -24 -25 -26 -27 -28 -29 -30 -31
leaf_value=0.011508077253443369 -0.014583401165970976 -0.001927992092550045 0.011641807400589812 0.0183511109924656 0.02132991940401428 -0.069046435115092758 -0.013228812215121406 -0.0090831066496246098 -0.0087270974191128031 0.0017484340181459683 0.073477291167075479 -0.050287702302993322 -0.00022228156730505139 -0.034501344088577156 0.016252712472541529 0.055680483553538745 0.046839360754779957 -0.0036451272629669826 -0.030560863378342757 0.036988791542020047 -0.042743858606663701 -0.031673047938657752 0.0057865193042279444 -0.0056022630222174047 0.0029741770769466536 0.037181315390664951 -0.1142101525572862 -0.034382423842946978 -0.16024416263577934 -0.012760271094582538
leaf_weight=427816 108962 264483 99121 118303 120570 35324 72929 273784 78517 1119478 11320 23800 39121 43059 269594 53524 34058 417897 169562 23219 32694 23014 576023 167713 23342 80774 14430 156534 814 120221
leaf_count=427816 108962 264483 99121 118303 120570 35324 72929 273784 78517 1119478 11320 23800 39121 43059 269594 53524 34058 417897 169562 23219 32694 23014 576023 167713 23342 80774 14430 156534 814 120221
internal_value=-8.06791e-08 -0.00107689 0.000651967 0.00399009 -0.00415878 -0.0062672 -0.0314426 -0.00424746 -0.0131675 0.000369884 -0.00944881 -0.0316527 0.00399577 -0.000772003 0.0146316 0.0227854 0.00426675 -0.0103321 -0.0195927 -0.0055242 -0.0135624 0.00298621 0.000995904 0.00430587 0.0259993 0.0249798 -0.0744154 -0.0258143 0.0420055 -0.00173293
internal_weight=5e+06 4.57218e+06 3.85254e+06 2.27438e+06 1.57816e+06 1.45759e+06 108253 1.34934e+06 499534 1.69705e+06 457675 128600 1.23937e+06 329075 577332 323118 254214 719640 301743 132181 90370 57676 849807 286016 34662 119895 38230 235051 34872 219342
internal_count=5000000 4572184 3852544 2274380 1578164 1457594 108253 1349341 499534 1697048 457675 128600 1239373 329075 577332 323118 254214 719640 301743 132181 90370 57676 849807 286016 34662 119895 38230 235051 34872 219342
cat_boundaries=0 1 2 3 4 5 6 7 8 9 10 11
cat_threshold=120 7174 56 15728647 24 62 32 918400 520192 15728647 122880
is_linear=0
shrinkage=0.1


Tree=80
num_leaves=31
num_cat=6
split_feature=72 79 76 91 74 8 22 74 75 72 73 74 75 72 3 74 73 16 0 6 72 7 0 75 0 80 75 72 82 76
split_gain=6175.02 7037.26 5670.17 6582.32 5791.15 5520.03 4511.6 4134.87 4016.75 5198.7 4621.58 5412.87 3976.62 3971.44 3964.54 3927.46 3798.42 3788.89 3704.73 3597.2 3419.73 3217.22 3097.95 4164.81 3098.82 3558.34 3013.5 2998.35 2989.19 4226.32
threshold=32.232500076293952 4.2500000000000009 0 2.3500000238418584 18.500000000000004 2.4500000476837163 14.650000095367433 542.00000000000011 1 37.670000076293952 134.46669769287112 907.50000000000011 2 34.090850830078132 -0.25000000745058054 322.00000000000006 142.9716491699219 4.2500000000000009 12.650000095367433 1.6500000357627871 33.627500534057624 12.84999990463257 11.84999990463257 3 4.2500000000000009 -13.749999999999998 4 30.90164947509766 1.8499999642372134 5
decision_type=2 10 1 10 2 8 10 2 1 2 2 2 1 2 8 2 2 10 2 8 2 10 2 1 2 8 1 2 10 1
left_child=6 2 -2 4 18 -3 27 16 14 10 13 20 21 -10 17 22 19 -6 26 -5 -12 -7 23 -11 25 -25 -4 -1 -29 -30
right_child=1 5 3 7 8 12 -8 -9 9 15 11 -13 -14 -15 -16 -17 -18 -19 -20 -21 -22 -23 -24 24 -26 -27 -28 28 29 -31
leaf_value=0.077399929311832427 0.010048894178445686 0.0082072466968179901 0.036511721782642129 0.0122440770537353 0.024089605673007417 -0.030338015226944383 0.006938590531011566 -0.042958057098382699 0.0014172606871792315 0.026392624369330393 0.10129285594694477 -0.02743444691735827 -0.012708551675783303 -0.020904684580743186 0.0030952626599579898 -0.035072779827820415 -0.03013099159491326 0.13218290917589742 0.0023757431643763884 -0.0087163857448571951 0.0066346055458433367 -0.080996558281164532 -0.022619515577624726 -0.067898187426991885 -0.025575305475680866 -0.00045035004529421578 0.011972903361275874 0.036379493576551215 -0.095108275959867483 0.026957462673308411
leaf_weight=13505 508694 79723 62442 96480 12563 77172 271976 35466 155385 38994 3841 48656 167946 163648 799558 66622 69704 4371 404455 540961 600345 14968 127142 8089 77899 236869 252147 48343 4557 7479
leaf_count=13505 508694 79723 62442 96480 12563 77172 271976 35466 155385 38994 3841 48656 167946 163648 799558 66622 69704 4371 404455 540961 600345 14968 127142 8089 77899 236869 252147 48343 4557 7479
internal_value=-6.68516e-08 -0.000958065 0.000133231 -0.0011922 0.000855562 -0.0148135 0.0128914 -0.00963858 -0.00155272 -0.00457925 -0.000168253 0.00465238 -0.02187 -0.0100328 0.0041093 -0.012295 -0.00796748 0.0519906 0.00870623 -0.00554391 0.00723638 -0.0385632 -0.00919168 -0.0044736 -0.00820212 -0.00267761 0.0168451 0.0348046 0.0252773 -0.019315
internal_weight=5e+06 4.65414e+06 4.31433e+06 3.80564e+06 3.06303e+06 339809 345860 742611 2.34398e+06 1.52749e+06 971875 652842 260086 319033 816492 555615 707145 16934 719044 637441 604186 92140 488993 361851 322857 244958 314589 73884 60379 12036
internal_count=5000000 4654140 4314331 3805637 3063026 339809 345860 742611 2343982 1527490 971875 652842 260086 319033 816492 555615 707145 16934 719044 637441 604186 92140 488993 361851 322857 244958 314589 73884 60379 12036
cat_boundaries=0 1 2 3 4 5 6
cat_threshold=57344 2496 6158 544 4032 8389631
is_linear=0
shrinkage=0.1


Tree=81
num_leaves=31
num_cat=9
split_feature=88 76 75 75 23 75 75 72 15 72 73 65 48 29 49 23 12 3 24 72 73 1 75 76 23 72 75 73 23 75
split_gain=5996.94 6139.08 5148.36 4928.84 7562.37 6840.95 5564.38 5162.85 5708.45 6583.92 5312.08 5028.89 8549.36 4703.15 4440.49 4268.76 5988.41 4212.61 4029.62 4023.11 3933.62 4350 4367.35 3830.79 4312.29 4101.8 6321.2 3799.95 3581.65 5563.37
threshold=0.45000000298023229 0 1 2 14.150000095367433 3 4 33.159149169921882 -0.84999999403953541 36.436649322509773 137.9433517456055 1.5500000119209292 2.0499999523162846 1.0000000180025095e-35 1.9499999880790713 2.6499999761581425 9.2500000000000018 2.4500000476837163 1.0000000180025095e-35 36.527500152587898 129.97499847412112 16.44999980926514 5 6 3.0499999523162846 40.354150772094734 7 144.04920196533206 21.849999427795414 8
decision_type=8 1 1 1 10 1 1 2 10 2 2 10 10 8 10 8 8 8 2 2 2 8 1 1 8 2 1 2 10 1
left_child=-1 2 15 11 6 19 7 -5 -9 10 -10 12 14 27 -3 16 -2 -4 -12 -6 -17 22 -22 -8 -25 26 -26 28 -7 -30
right_child=1 3 17 4 5 13 23 8 9 -11 18 -13 -14 -15 -16 20 -18 -19 -20 -21 21 -23 -24 24 25 -27 -28 -29 29 -31
leaf_value=0.011553447991567255 -0.010969667793622597 0.0019970207151032977 0.019978294510675582 0.041918231821912982 -0.012206361511860789 0.0084669507368436269 0.011738766793591739 0.019373029187123417 -0.0020261350728909694 -0.02208432602852517 0.030484207981183432 0.0026019689039262365 -0.028989085174094393 0.020439517755139511 -0.028818980025365062 0.015306993940896324 0.034052552191703479 -0.0041935968596172263 0.15146156297660376 -0.053655393584821603 -0.03649082852529318 -0.06047854116917848 -0.010125682673568986 0.11117166014458763 0.11847320382693637 0.013754171698342622 0.034779968515090437 -0.037352246798225387 0.0016405691071114071 -0.019504227316620677
leaf_weight=412225 179798 325245 80967 35734 150238 415676 148388 136850 133543 131536 37261 544242 178061 128066 54612 26181 35352 658285 2973 27741 106439 31142 153389 7022 10846 68669 53719 26285 537621 161894
leaf_count=412225 179798 325245 80967 35734 150238 415676 148388 136850 133543 131536 37261 544242 178061 128066 54612 26181 35352 658285 2973 27741 106439 31142 153389 7022 10846 68669 53719 26285 537621 161894
internal_value=-5.93477e-08 -0.00103818 -0.00694566 0.00122697 0.00394703 -0.000305898 0.0119782 0.0053563 0.00240162 -0.00520545 0.00757057 -0.00423716 -0.0109087 0.00226814 -0.00243339 -0.0144443 -0.00357192 -0.00154614 0.0394236 -0.0186658 -0.0218204 -0.025161 -0.020928 0.0229409 0.0347908 0.0307678 0.048863 0.000229451 0.00111525 -0.00325339
internal_weight=5e+06 4.58778e+06 1.27155e+06 3.31622e+06 2.21406e+06 1.44752e+06 766541 477897 442163 305313 173777 1.10216e+06 557918 1.26954e+06 379857 532301 215150 739252 40234 177979 317151 290970 259828 288644 140256 133234 64565 1.14148e+06 1.11519e+06 699515
internal_count=5000000 4587775 1271553 3316222 2214062 1447521 766541 477897 442163 305313 173777 1102160 557918 1269542 379857 532301 215150 739252 40234 177979 317151 290970 259828 288644 140256 133234 64565 1141476 1115191 699515
cat_boundaries=0 1 2 3 4 5 6 7 8 9
cat_threshold=254 62 7170 28 12 14 16252929 288 896
is_linear=0
shrinkage=0.1


Tree=82
num_leaves=31
num_cat=6
split_feature=82 74 73 18 75 88 7 75 0 76 72 73 27 76 75 72 12 73 73 72 19 72 85 1 79 75 11 7 89 72
split_gain=5871.55 6023.52 5501.03 5331.47 5407.04 4803.2 4090.45 3859.33 4058.25 3564.28 3338.97 4237.5 7055.75 3327.02 3276.91 3469.38 5982.48 3226.21 4417.92 7079.5 3758.21 4239.74 3453.57 3261.31 3196.9 3142.92 3116.8 3023.6 2902.6 2859.85
threshold=0.45000000298023229 249.50000000000003 141.52664947509768 1.2500000000000002 0 1.8499999642372134 6.6499998569488534 1 20.349999427795414 2 36.775800704956062 137.86834716796878 1.0000000180025095e-35 3 4 31.625000000000004 21.050000190734867 140.11250305175784 137.77420043945315 34.879999160766609 6.8500001430511483 30.90164947509766 1.3499999642372134 17.150000572204593 2.7500000000000004 5 16.94999980926514 12.650000095367433 32.850000381469734 41.162500381469734
decision_type=8 2 2 8 1 10 10 1 2 1 2 2 8 1 1 2 8 2 2 2 8 2 8 10 10 1 10 8 10 2
left_child=-1 2 3 27 29 24 -6 17 10 -4 11 -9 -13 -7 15 -10 25 18 20 -20 -8 -22 -23 -21 -3 26 -17 -2 -16 -5
right_child=1 5 9 4 6 13 7 8 14 -11 -12 12 -14 -15 28 16 -18 -19 19 23 21 22 -24 -25 -26 -27 -28 -29 -30 -31
leaf_value=0.012441686455775921 0.014872149334543375 -0.0022813141786672225 0.0037485088481709152 -0.0092077474207409703 0.014824550676748444 -0.012966769501114091 0.015663771020200227 0.010064347854642473 0.012347347625785508 -0.012348213121414488 0.0017059042099659676 0.023430118708499963 0.10476005949205627 -0.040412411499637542 0.0015953501642929299 -0.02958570914586145 -0.059013174009300756 -0.029587621129807284 0.079424403068650049 0.0098646889865188891 0.013864321443511711 0.00037959441989440367 -0.027917590159555489 -0.068946929942292637 -0.024820352672995375 -0.002033859679818434 -0.14496263677473339 0.0821741149079903 0.046403762370898223 -0.078914518573975245
leaf_weight=352562 242774 712363 198115 328512 265280 144243 51393 322302 43389 450049 311743 77599 12367 63675 790383 13515 30720 53739 14860 64364 45161 60240 151852 5717 69028 93640 2832 6864 14726 5993
leaf_count=352562 242774 712363 198115 328512 265280 144243 51393 322302 43389 450049 311743 77599 12367 63675 790383 13515 30720 53739 14860 64364 45161 60240 151852 5717 69028 93640 2832 6864 14726 5993
internal_value=-3.33159e-08 -0.000943882 0.00092833 0.00272784 0.00146218 -0.00786669 0.00310569 0.00166681 0.00382644 -0.00742829 0.00951544 0.0154207 0.03461 -0.0213746 -0.000337364 -0.0123733 -0.0199972 -0.0066043 -0.00346641 0.0167294 -0.00902438 -0.0139565 -0.0198804 0.00343547 -0.00427241 -0.00909977 -0.0495436 0.0167227 0.0024149 -0.0104563
internal_weight=5e+06 4.64744e+06 3.65813e+06 3.00996e+06 2.76033e+06 989309 2.42582e+06 2.16054e+06 1.71322e+06 648164 724011 412268 89966 207918 989205 184096 140707 447326 393587 84941 308646 257253 212092 70081 781391 109987 16347 249638 805109 334505
internal_count=5000000 4647438 3658129 3009965 2760327 989309 2425822 2160542 1713216 648164 724011 412268 89966 207918 989205 184096 140707 447326 393587 84941 308646 257253 212092 70081 781391 109987 16347 249638 805109 334505
cat_boundaries=0 1 2 3 4 5 6
cat_threshold=6 6152 64256 1048320 1072 16
is_linear=0
shrinkage=0.1


Tree=83
num_leaves=31
num_cat=5
split_feature=79 76 82 74 75 13 73 73 17 5 73 73 72 85 82 46 72 73 88 1 16 72 75 10 72 75 1 75 13 8
split_gain=5527.02 6223.93 5735.16 5591.98 5449.09 4198.43 4005.44 10500.6 5599 4370.13 3898.85 5249.29 3696.01 3681.67 3601.46 3517.18 3387.78 3237.33 3573.11 2890.28 3649.64 3649.54 3795.1 3705.32 3860.51 2875.63 3767.31 2936.84 3666.79 2827.93
threshold=0.65000000596046459 0 0.75000000000000011 58.500000000000007 1 1.6500000357627871 144.7174987792969 143.25830078125003 -0.25000000745058054 -0.45000000298023218 140.09915161132815 134.58415222167972 26.891649246215824 1.8499999642372134 2.5499999523162846 1.0000000180025095e-35 37.095001220703132 129.97499847412112 0.65000000596046459 22.550000190734867 25.94999980926514 33.781700134277351 2 -4.3500001430511466 43.315851211547859 3 8.6500000953674334 4 13.34999990463257 13.050000190734865
decision_type=8 1 8 2 1 8 2 2 8 8 2 2 2 8 10 8 2 2 8 8 10 2 1 8 2 1 8 1 10 8
left_child=-1 15 -3 10 6 -6 7 8 -5 -10 11 12 -4 -9 -14 19 -7 -11 -19 21 -21 -2 -23 -24 29 -18 -27 28 -28 -25
right_child=1 2 3 4 5 16 -8 13 9 17 -12 -13 14 -15 -16 -17 25 18 -20 20 -22 22 23 24 -26 26 27 -29 -30 -31
leaf_value=0.010204305866971167 0.026828813127052004 0.0071073959858518575 0.018380152584605815 0.0017723298877621082 0.023095624232045617 -0.0017878501908016782 0.056944164974827009 -0.032313553232397561 0.0049382438925620869 0.018742805738939012 -0.0071957296524191947 0.010984013315098982 -0.0023927554713081499 -0.11523513609047918 -0.024966098979990452 0.023977736530223306 -0.032206083396714727 -0.0029237418118406673 -0.03410725820275276 -0.0095266353977384397 0.019389422471422821 0.020528481862049329 0.025360351135418215 0.0030532384187815804 -0.035928143332859111 0.021762616163412612 -0.00086757819086059082 -0.0041961322864307359 -0.039083445655749047 -0.027158764788605929
leaf_weight=479848 86488 477653 64518 138190 51579 634924 7161 8513 51028 14831 524376 474864 321094 14431 90627 96543 69584 43591 233963 240140 53345 117986 51413 298954 33010 33893 38313 141734 72842 34564
leaf_count=479848 86488 477653 64518 138190 51579 634924 7161 8513 51028 14831 524376 474864 321094 14431 90627 96543 69584 43591 233963 240140 53345 117986 51413 298954 33010 33893 38313 141734 72842 34564
internal_value=-4.27873e-08 -0.00108331 -0.00307687 -0.00468231 -0.00886753 -0.00472019 -0.0173194 -0.0183738 -0.015225 -0.0220648 -0.00027273 0.00354416 -0.00387421 -0.0844684 -0.00736154 0.00582354 -0.00616755 -0.0267774 -0.0292098 0.00391001 -0.00427074 0.00776745 0.00469132 0.000219944 -0.0033065 -0.0139707 -0.00954466 -0.0137409 -0.0259088 -7.777e-05
internal_weight=5e+06 4.52015e+06 3.50771e+06 3.03006e+06 1.55458e+06 1.04287e+06 511708 504547 481603 343413 1.47548e+06 951103 476239 22944 411721 1.01244e+06 991290 292385 277554 915900 293485 622415 535927 417941 366528 356366 286782 252889 111155 333518
internal_count=5000000 4520152 3507709 3030056 1554577 1042869 511708 504547 481603 343413 1475479 951103 476239 22944 411721 1012443 991290 292385 277554 915900 293485 622415 535927 417941 366528 356366 286782 252889 111155 333518
cat_boundaries=0 1 2 3 4 5
cat_threshold=126976 6150 992 24 1568
is_linear=0
shrinkage=0.1


Tree=84
num_leaves=31
num_cat=6
split_feature=91 74 72 20 75 11 74 72 1 18 21 69 74 68 9 0 75 75 72 75 76 1 73 23 23 72 23 80 9 75
split_gain=5297.14 5385.96 5768.56 5973.5 6119.36 5617.54 5198.16 5132.66 9475.16 5186.8 4764.31 4626.69 4559.99 4380.51 4492.4 4004.81 13382.3 5256.59 4976.23 5200.2 4945.59 4261.1 3956.55 4199.44 3930.93 3732.37 3416.17 3277.72 5100.49 3740.09
threshold=0.84999999403953563 878.50000000000011 38.085000991821296 3.0499999523162846 0 7.8500001430511483 326.00000000000006 30.90164947509766 16.650000572204593 19.650000572204593 14.84999990463257 1.3499999642372134 143.50000000000003 1.1500000357627871 12.84999990463257 4.2500000000000009 1 2 41.927499771118171 3 4 10.050000190734865 139.97914886474612 -2.1499999761581416 26.650000572204593 35.43499946594239 6.4500000476837167 -7.3500001430511466 -3.5499999523162837 5
decision_type=8 2 2 10 1 10 2 2 10 10 10 10 2 8 8 2 1 1 2 1 1 10 2 8 10 2 8 8 10 1
left_child=-1 2 3 13 5 -5 15 9 12 -7 11 -6 -9 14 -2 17 18 22 -17 -20 24 -21 -4 27 -18 -10 -14 28 -24 -29
right_child=1 -3 6 4 10 7 -8 8 25 -11 -12 -13 26 -15 -16 16 20 -19 19 21 -22 -23 23 -25 -26 -27 -28 29 -30 -31
leaf_value=0.0071872092057070876 -0.0024308226924621801 -0.027028359510918927 0.04264129945913233 0.00055619565921850281 0.0026584136854335633 0.029474450798407676 -0.028638487950699884 -0.012492163821493254 -0.07687950880085824 -0.033313836677088329 0.00051163738753414942 0.025097857561531864 -0.0075542681324646645 0.027990647410226766 0.065540967262654154 -0.035191347456322318 0.0046699746278544702 0.034242437330404295 -0.062044922316722512 -0.15758508016342876 -0.014159681129062827 -0.53384796808706603 -0.032058579232259382 -0.012163021686484383 -0.029259070720810323 -0.20489580774170524 -0.069106080430605787 0.033396275711918902 0.062989223288853688 0.0010074506032661365
leaf_weight=850934 125230 80870 20109 335654 193440 38655 95532 177457 13765 19945 1373687 175022 13277 141501 10542 45148 411128 48025 12576 5064 338570 320 34619 219648 37240 2729 28102 64044 6746 80421
leaf_count=850934 125230 80870 20109 335654 193440 38655 95532 177457 13765 19945 1373687 175022 13277 141501 10542 45148 411128 48025 12576 5064 338570 320 34619 219648 37240 2729 28102 64044 6746 80421
internal_value=-4.16871e-08 -0.00147408 -0.000966095 0.00179011 0.000166454 -0.00828306 -0.00611072 -0.0183774 -0.0249715 0.00810393 0.00322 0.0133173 -0.0194627 0.0156785 0.00284684 -0.00448483 -0.00859059 0.00288424 -0.0528939 -0.0974243 -0.00503697 -0.179615 -0.000655138 -0.00280237 0.0018519 -0.0980603 -0.0493564 0.00826177 -0.0165577 0.0153684
internal_weight=5e+06 4.14907e+06 4.0682e+06 2.64901e+06 2.37173e+06 629584 1.41919e+06 293930 235330 58600 1.74215e+06 368462 218836 277273 135772 1.32366e+06 850046 473612 63108 17960 786938 5384 425587 405478 448368 16494 41379 185830 41365 144465
internal_count=5000000 4149066 4068196 2649006 2371733 629584 1419190 293930 235330 58600 1742149 368462 218836 277273 135772 1323658 850046 473612 63108 17960 786938 5384 425587 405478 448368 16494 41379 185830 41365 144465
cat_boundaries=0 1 2 3 4 5 6
cat_threshold=4110 4110 6158 8 524160 2060
is_linear=0
shrinkage=0.1


Tree=85
num_leaves=31
num_cat=6
split_feature=88 48 71 75 23 75 71 75 23 72 11 48 49 48 53 74 72 10 73 72 75 19 76 72 75 73 72 0 73 9
split_gain=5028.44 4411.21 6307.99 6763.49 5693.64 5253.16 4605.89 4585.13 4482.38 4417.03 5959.48 4080.09 3687.85 4082.72 3545.01 3326.96 3224.72 3120.02 3061.65 3054.05 3651.38 2943.26 2794.04 2655.12 3591.44 3069.69 4264.97 2639.86 2635.77 3808.09
threshold=1.9499999880790713 0.35000000894069677 1.2500000000000002 0 12.84999990463257 1 4.7500000000000009 2 3.2500000000000004 26.048299789428714 15.449999809265138 5.2500000000000009 1.6500000357627871 2.1499999761581425 2.7500000000000004 476.50000000000006 42.974149703979499 7.8500001430511483 143.1683044433594 35.097499847412116 3 21.650000572204593 4 38.316650390625007 5 135.22000122070315 33.951650619506843 15.84999990463257 141.04750061035159 8.0500001907348651
decision_type=8 10 10 1 10 1 10 1 8 2 8 8 8 10 10 2 2 8 2 2 1 8 1 2 1 2 2 2 2 10
left_child=15 -2 3 12 5 6 11 9 -7 21 16 28 13 -3 -13 23 -11 18 -14 -12 -21 -6 -10 25 -25 26 -1 -27 -4 -30
right_child=1 2 4 -5 7 8 -8 -9 22 10 19 14 17 -15 -16 -17 -18 -19 -20 20 -22 -23 -24 24 -26 27 -28 -29 29 -31
leaf_value=0.010769376457387327 0.010431595501123049 -0.0076067380498650063 0.0047834225361080163 -0.0030265271781183454 0.048289001223901319 0.070204694916944407 0.018278205257249883 -0.0020400707872654678 0.032810730054102503 -0.0086350294425241014 -0.040062235592567351 -0.074146717094990211 -0.01440584846677025 -0.059260413135109213 -0.01443190948906959 -0.0091805245391668889 -0.1048534355718819 -0.0472388031880039 -0.075714256361531604 -0.33975435125338616 -0.085655290142786167 -0.025488782782112446 0.0058291240074712708 0.008714984603846513 -0.0060809141148504813 0.020981644051044395 -0.0074963442899141424 0.0065941623370577469 -0.0084344931011981466 -0.091566856285238585
leaf_weight=310043 244786 192549 360576 511914 15286 16736 133791 933122 61155 121479 49166 12697 90104 16623 45810 171512 3586 72590 8955 598 8802 8367 103064 295273 369131 267098 217516 244059 107805 5807
leaf_count=310043 244786 192549 360576 511914 15286 16736 133791 933122 61155 121479 49166 12697 90104 16623 45810 171512 3586 72590 8955 598 8802 8367 103064 295273 369131 267098 217516 244059 107805 5807
internal_value=-3.90217e-08 -0.0024561 -0.00355127 -0.0105342 -0.000415275 0.00579311 0.00169044 -0.00502875 0.0209026 -0.0184818 -0.0237217 -0.00247569 -0.0206256 -0.0117117 -0.027391 0.00409468 -0.0113939 -0.0314893 -0.0199482 -0.0500472 -0.102273 0.0221909 0.0158794 0.00543155 0.000494687 0.00858937 0.0032383 0.0141121 0.000598451 -0.0126836
internal_weight=5e+06 3.12537e+06 2.88058e+06 892735 1.98785e+06 847441 666486 1.14041e+06 180955 207284 183631 532695 380821 209172 58507 1.87463e+06 125065 171649 99059 58566 9400 23653 164219 1.70312e+06 664404 1.03872e+06 527559 511157 474188 113612
internal_count=5000000 3125368 2880582 892735 1987847 847441 666486 1140406 180955 207284 183631 532695 380821 209172 58507 1874632 125065 171649 99059 58566 9400 23653 164219 1703120 664404 1038716 527559 511157 474188 113612
cat_boundaries=0 1 2 3 4 5 6
cat_threshold=7174 6158 4126 4100 65408 7552
is_linear=0
shrinkage=0.1


Tree=86
num_leaves=31
num_cat=4
split_feature=91 72 79 76 75 1 23 11 0 13 0 70 54 53 27 23 1 14 23 8 75 74 68 9 85 75 73 74 88 73
split_gain=4844.47 5122.46 4845.33 4463.57 4987.85 5428.55 5028.76 4821.5 6393.35 3772.52 4733.56 3651 4416.37 3627.89 3515.03 3482.09 3403.4 3682.55 3724.5 3385.23 3962.95 3206.38 3087.74 3084.34 3054.98 3032.56 4581.81 2860.18 2854.7 2811.25
threshold=5.2500000000000009 32.093299865722663 2.8500000238418584 0 1 13.449999809265138 21.849999427795414 13.250000000000002 8.2500000000000018 23.94999980926514 18.44999980926514 1.4499999880790713 2.3500000238418584 2.1499999761581425 1.0000000180025095e-35 15.150000095367433 1.4499999880790713 15.650000095367433 10.84999990463257 1.6500000357627871 2 376.00000000000006 0.84999999403953563 10.650000095367433 4.8500001430511483 3 141.24000549316409 1099.0000000000002 5.1499998569488534 139.87329864501956
decision_type=10 2 10 1 1 8 10 10 2 8 2 8 10 8 10 10 10 10 10 8 1 2 10 10 10 1 2 2 10 2
left_child=1 15 3 4 6 7 9 22 14 11 -11 12 16 -2 -9 -1 -3 -18 -19 -4 21 23 -6 -21 27 -7 -27 28 -5 -25
right_child=13 2 19 24 5 25 -8 8 -10 10 -12 -13 -14 -15 -16 -17 17 18 -20 20 -22 -23 -24 29 -26 26 -28 -29 -30 -31
leaf_value=0.03356542564840078 -0.032267162555766643 0.027603884599668945 0.0070393075575596936 0.0057421430099265751 -0.023197197012507775 -0.011665559379577977 -0.011043343631737786 0.045761871525358593 -0.0026674468433006628 0.059753801024436184 0.011490836883752742 0.013716600964047974 -0.038241715829034933 -0.0059489089944629748 -0.14617901285916654 0.0075425946142741026 -0.020902147592257239 0.039184027972682792 -0.0028384609906340506 -0.011944212526141189 -0.0054915701773951301 -0.072494339964455298 -0.003905524054403052 -0.031513822889892171 -0.013225455530864181 -0.032517932502439326 -0.15406777337567437 -0.032978543732407731 -0.017598490573712475 -0.099472135907794523
leaf_weight=67870 72541 39583 119357 2119235 115853 102807 199693 46699 99918 28120 73278 206028 32941 188427 974 212149 81419 27201 93902 118022 347919 12653 292270 34204 98009 84737 3219 19838 53729 7405
leaf_count=67870 72541 39583 119357 2119235 115853 102807 199693 46699 99918 28120 73278 206028 32941 188427 974 212149 81419 27201 93902 118022 347919 12653 292270 34204 98009 84737 3219 19838 53729 7405
internal_value=-1.12963e-07 0.000730331 -9.35581e-05 0.00125535 -0.00292952 -0.00877663 0.00265085 -0.00378037 0.0117089 0.00734577 0.0248753 0.00365101 -0.0038888 -0.0132646 0.0418404 0.0138499 0.00078528 -0.00445643 0.00660023 -0.00814924 -0.0116341 -0.0240371 -0.00938181 -0.0201976 0.00404788 -0.0233317 -0.0369622 0.00481994 0.00516502 -0.0436081
internal_weight=5e+06 4.73903e+06 4.45901e+06 3.81945e+06 1.52864e+06 746477 782165 555714 147591 582472 101398 481074 275046 260968 47673 280019 242105 202522 121103 639560 520203 172284 408123 159631 2.29081e+06 190763 87956 2.1928e+06 2.17296e+06 41609
internal_count=5000000 4739032 4459013 3819453 1528642 746477 782165 555714 147591 582472 101398 481074 275046 260968 47673 280019 242105 202522 121103 639560 520203 172284 408123 159631 2290811 190763 87956 2192802 2172964 41609
cat_boundaries=0 1 2 3 4
cat_threshold=8388863 8064 6158 64
is_linear=0
shrinkage=0.1


Tree=87
num_leaves=31
num_cat=8
split_feature=69 48 23 75 75 71 48 51 73 1 75 72 78 30 87 27 21 75 23 73 23 72 35 75 13 76 75 72 49 75
split_gain=4549.63 9214.5 6498.01 6115.79 5882.12 5029.96 5510.93 7025.44 5096.25 4973.94 4465.21 4200.44 6370.68 5607.18 5110.47 4572.45 4540.48 4404.29 7761.9 3594.1 3540.66 3361.92 3346.24 3229.74 3687.3 3162.79 4047.35 4762.72 3137.25 3016.73
threshold=0.75000000000000011 0.94999998807907116 19.94999980926514 0 1 7.0499999523162851 5.5499999523162851 2.8500000238418584 129.38750457763675 9.4499998092651385 2 38.379999160766609 1.0000000180025095e-35 1.0000000180025095e-35 1.0000000180025095e-35 1.0000000180025095e-35 3.4500000476837163 3 0.84999999403953563 142.79664611816409 9.0500001907348651 36.902500152587898 1.0000000180025095e-35 4 11.650000095367433 5 6 36.37919998168946 1.0500000119209292 7
decision_type=10 10 10 1 1 10 10 10 2 8 1 2 10 10 10 10 10 1 8 2 10 2 10 1 8 1 1 2 10 1
left_child=1 28 4 19 9 6 8 -8 -6 -2 -3 16 13 14 15 17 29 20 -19 -4 22 -5 -13 24 -18 -11 -27 -28 -1 -10
right_child=2 10 3 21 5 -7 7 -9 11 25 -12 12 -14 -15 -16 -17 23 18 -20 -21 -22 -23 -24 -25 -26 26 27 -29 -30 -31
leaf_value=0.0065018662924054811 0.045941423484306187 -0.025694430102262012 -0.0004145313264554325 -0.015884820359879159 0.047620102847545538 0.023601734304833834 -0.07550312446506563 -0.0091642295772646123 0.012394389657471489 0.023379045185539883 -0.0071666365607388656 0.028211210428866696 -0.03357849493453071 -0.035414677663762321 -0.046718003816978403 -0.048559684975374218 -0.0041810751547935185 0.011560674818961057 -0.020881677960092344 -0.034877646887487283 0.0016067046439856708 -0.055224119279060617 -0.037757860687885475 0.0054959071494708918 -0.049495358255532328 0.025485099888761343 0.015078441077301176 -0.018037955582738879 -0.012504527359436383 0.040537622907784961
leaf_weight=476683 46619 229216 996021 158264 24917 105812 18084 136163 197483 138796 300781 138238 66096 44100 21193 16538 183934 157322 138821 31209 124610 25180 8142 799783 19900 66439 77514 98758 106193 47191
leaf_count=476683 46619 229216 996021 158264 24917 105812 18084 136163 197483 138796 300781 138238 66096 44100 21193 16538 183934 157322 138821 31209 124610 25180 8142 799783 19900 66439 77514 98758 106193 47191
internal_value=-1.051e-07 -0.00563771 0.00161392 -0.00446521 0.00436378 0.00231802 0.0012669 -0.0169418 0.00267951 0.0151068 -0.0151803 0.00210916 -0.00400216 -0.000989856 0.00152002 0.00327154 0.00560992 0.00478297 -0.00364699 -0.00146157 0.013995 -0.0212835 0.0245419 0.00263207 -0.00860462 0.0113393 0.00445309 -0.00347513 0.00303913 0.0178246
internal_weight=5e+06 1.11287e+06 3.88713e+06 1.21067e+06 2.67645e+06 2.24833e+06 2.14252e+06 154247 1.98827e+06 428126 529997 1.96335e+06 715060 648964 604864 583671 1.24829e+06 567133 296143 1.02723e+06 270990 183444 146380 1.00362e+06 203834 381507 242711 176272 582876 244674
internal_count=5000000 1112873 3887127 1210674 2676453 2248327 2142515 154247 1988268 428126 529997 1963351 715060 648964 604864 583671 1248291 567133 296143 1027230 270990 183444 146380 1003617 203834 381507 242711 176272 582876 244674
cat_boundaries=0 1 2 3 4 5 6 7 8
cat_threshold=1984 928 7174 7232 6 262016 384 4102
is_linear=0
shrinkage=0.1


Tree=88
num_leaves=31
num_cat=6
split_feature=76 79 73 74 18 75 23 67 5 48 75 13 23 75 72 73 5 18 18 72 73 73 86 75 14 73 85 76 89 0
split_gain=4866.49 4927.16 4642.99 4802.43 4950.37 5104.07 3752.18 3719.7 3433.36 3188.11 3104.87 4888.88 3575.21 3364.69 3325.45 5739 3594.98 3350.25 2770.53 5315.57 3199.75 2399.27 4560.5 4182 3904.73 3763.37 3309.62 3761.96 2835.38 2637.74
threshold=0 1.3499999642372134 141.9591979980469 553.50000000000011 1.2500000000000002 1 7.0499999523162851 1.3499999642372134 11.650000095367433 0.65000000596046459 2 12.250000000000002 20.349999427795414 3 34.80999946594239 138.0100021362305 14.750000000000002 16.050000190734867 14.750000000000002 27.989149093627933 129.38750457763675 144.46170043945315 2.8500000238418584 4 17.849999427795414 143.25830078125003 1.9499999880790713 5 -5.5499999523162833 4.2500000000000009
decision_type=1 8 2 2 8 1 10 8 8 10 1 8 8 1 2 2 8 8 10 2 2 2 8 1 8 2 8 1 8 2
left_child=-1 -2 3 4 8 7 -7 9 -3 -6 11 -8 13 -12 15 -13 -16 -18 20 -20 -9 23 -23 24 -4 29 -27 -28 -29 -25
right_child=1 2 21 -5 5 6 10 18 -10 -11 12 14 -14 -15 16 -17 17 -19 19 -21 -22 22 -24 25 -26 26 27 28 -30 -31
leaf_value=0.0082645867938542159 0.0048991986237635378 0.0094195438287123286 0.0057877249194502548 -0.017473118886862714 0.00030559840256257661 0.01323538653335711 0.0021111527421682442 0.064218383889727157 0.067412406891518728 -0.034099519802336095 0.0031178097519518047 -0.013697106397841052 -0.003260786464312387 0.021951769847870624 -0.01828520082182751 0.071516465340690547 -0.034401498497049425 -0.099094336029948937 -0.0017840515452183039 -0.077253185841388489 -0.0039302647030389892 0.040125411945076572 -0.013816442363548995 -0.0084215686012310137 -0.027329404803919502 -0.019620309117483931 -0.028551776605993524 -0.18709059517537557 -0.081588038895159809 -0.047598746872684727
leaf_weight=623598 1022495 289379 101922 181155 36341 194559 229762 7066 10582 104039 443356 140100 795437 120667 60716 8376 21150 12880 24557 15054 276171 22683 50718 75689 54716 21573 13204 3002 16819 22234
leaf_count=623598 1022495 289379 101922 181155 36341 194559 229762 7066 10582 104039 443356 140100 795437 120667 60716 8376 21150 12880 24557 15054 276171 22683 50718 75689 54716 21573 13204 3002 16819 22234
internal_value=-7.97045e-08 -0.00117774 -0.0030304 -0.00169535 -0.000670968 -0.00213286 3.1429e-05 -0.0116031 0.0114654 -0.0251929 -0.0013705 -0.00834897 0.00105751 0.00714759 -0.0182306 -0.00888994 -0.0328682 -0.0588871 -0.00569444 -0.0304658 -0.00223014 -0.0133997 0.00285313 -0.0172585 -0.00578022 -0.0290443 -0.0500829 -0.0699821 -0.0975178 -0.017317
internal_weight=5e+06 4.3764e+06 3.35391e+06 2.97135e+06 2.79019e+06 2.49023e+06 2.027e+06 463228 299961 140380 1.83244e+06 472984 1.35946e+06 564023 243222 148476 94746 34030 322848 39611 283237 382560 73401 309159 156638 152521 54598 33025 19821 97923
internal_count=5000000 4376402 3353907 2971347 2790192 2490231 2027003 463228 299961 140380 1832444 472984 1359460 564023 243222 148476 94746 34030 322848 39611 283237 382560 73401 309159 156638 152521 54598 33025 19821 97923
cat_boundaries=0 1 2 3 4 5 6
cat_threshold=57344 4102 2072 1120 1008 990208
is_linear=0
shrinkage=0.1


Tree=89
num_leaves=31
num_cat=11
split_feature=76 75 12 75 0 72 75 2 75 40 39 0 23 45 87 36 23 9 75 72 76 0 72 75 76 1 0 76 1 75
split_gain=4491.52 4034.74 5063.71 4294.78 7904.49 4395.55 4090.89 3957.91 4440.66 3901.42 3862.14 4165.47 4990.86 4748.51 3847.75 3691.71 3464.48 3453.9 3411.81 3406.11 3594.16 3348.16 3323.25 4158.04 3288.94 3252.22 3222.55 3274.05 3220.88 3146.11
threshold=0 1 4.0499999523162851 2 15.84999990463257 42.385799407958991 3 11.449999809265138 4 1.0000000180025095e-35 1.0000000180025095e-35 20.349999427795414 16.44999980926514 1.0000000180025095e-35 1.0000000180025095e-35 1.0000000180025095e-35 16.349999427795414 23.44999980926514 5 37.249149322509773 6 -12.849999904632567 36.902500152587898 7 8 5.8500001430511483 21.050000190734867 9 33.95000076293946 10
decision_type=1 1 10 1 2 2 1 10 1 10 10 2 8 10 10 10 10 10 1 2 1 2 2 1 1 10 2 1 10 1
left_child=9 -2 14 5 19 10 25 -8 -9 -1 11 13 -13 15 16 17 21 -4 -12 20 -5 -3 26 -24 -15 -7 27 -6 -28 -16
right_child=1 2 3 4 22 6 7 8 -10 -11 18 12 -14 24 29 -17 -18 -19 -20 -21 -22 -23 23 -25 -26 -27 28 -29 -30 -31
leaf_value=-0.004523583296011823 -0.0088955979596940359 -0.056128991144816877 0.0045233149178615841 0.090870833986814226 0.037615453004206469 -0.072618300554308179 -0.007041813751963096 -0.025183671874524624 -0.1078513493601939 -0.028205597724622083 -0.0053606381746263126 -0.10364609591227941 -0.012366451374930948 0.0075545115546227434 0.080108994591936086 -0.025284123514462381 -0.072911815745275541 0.051451226034683988 -0.039333747570192812 0.013113184968821759 0.028952385105217346 0.013671995551430697 0.00016318663953194217 -0.019549561451384426 -0.040697047436751378 -0.28737294742577768 0.00067982014531837748 0.0085327287094669694 0.060545050026935256 -0.018979251414607531
leaf_weight=757450 352453 6948 871699 11221 50523 3169 85620 23581 8971 76599 75986 6291 125199 21368 3377 41113 4739 15971 48385 190431 57003 628236 390651 147359 41680 907 718926 165529 9101 59514
leaf_count=757450 352453 6948 871699 11221 50523 3169 85620 23581 8971 76599 75986 6291 125199 21368 3377 41113 4739 15971 48385 190431 57003 628236 390651 147359 41680 907 718926 165529 9101 59514
internal_value=-7.07765e-08 0.001341 0.00228711 0.000555051 0.00385133 -0.00363344 -0.0217297 -0.0183246 -0.0480069 -0.00669846 -0.00186041 -9.14613e-06 -0.0167336 0.00220807 0.00995332 0.00401083 0.0122729 0.00536764 -0.0185811 0.0199818 0.0391539 0.0129085 0.00103626 -0.00523642 -0.0243491 -0.120111 0.00461093 0.0153358 0.00142819 -0.0136489
internal_weight=5e+06 4.16595e+06 3.8135e+06 3.11068e+06 1.74074e+06 1.36994e+06 122248 118172 32552 834049 1.24769e+06 1.12332e+06 131490 991831 702814 928783 639923 887670 124371 258655 68224 635184 1.48209e+06 538010 63048 4076 944079 216052 728027 62891
internal_count=5000000 4165951 3813498 3110684 1740744 1369940 122248 118172 32552 834049 1247692 1123321 131490 991831 702814 928783 639923 887670 124371 258655 68224 635184 1482089 538010 63048 4076 944079 216052 728027 62891
cat_boundaries=0 1 2 3 4 5 6 7 8 9 10 11
cat_threshold=120 2 7196 4100 1024 1048 1047552 896 261120 522240 48
is_linear=0
shrinkage=0.1


Tree=90
num_leaves=31
num_cat=3
split_feature=74 49 71 74 73 9 48 72 55 72 73 72 26 72 1 55 79 75 13 0 75 75 85 12 22 0 91 72 73 73
split_gain=4607.59 3937.1 4813.44 3873.91 3462.8 3366.61 3997.2 3728.22 3583.55 3323.84 4734.99 5373.96 4792.83 4988.44 4372.93 3178.56 3538.57 3116.81 6104.04 4938.29 6074.53 4150.22 3107.41 2909.32 2829.02 2783.42 2587.8 2537.62 2512.17 2325.48
threshold=64.500000000000014 0.35000000894069677 0.35000000894069677 1099.0000000000002 141.52664947509768 4.0499999523162851 6.3500001430511483 30.90164947509766 4.4500000476837167 37.670000076293952 137.86834716796878 34.788349151611335 1.0000000180025095e-35 36.775800704956062 17.44999980926514 3.3500000238418584 5.5499999523162851 0 12.050000190734865 4.0499999523162851 1 2 4.4500000476837167 1.0500000119209292 18.250000000000004 9.0500001907348651 6.8500001430511483 32.94585037231446 144.7174987792969 143.1683044433594
decision_type=2 10 10 2 2 10 10 2 8 2 2 2 8 2 8 10 10 1 8 2 1 1 10 8 10 2 10 2 2 2
left_child=4 -2 -3 9 5 -1 7 24 -8 10 26 14 23 -14 -12 16 22 18 -11 28 25 -20 -9 -13 -7 -21 27 -4 29 -19
right_child=1 2 3 -5 -6 6 8 15 -10 17 11 12 13 -15 -16 -17 -18 19 21 20 -22 -23 -24 -25 -26 -27 -28 -29 -30 -31
leaf_value=0.01502613258994712 0.0065585257760365492 -0.018017060736319212 0.008685945257973263 -0.040018553434941581 -0.0054437321766015248 0.061087059531407376 -0.04233738035917145 0.0075405463661560243 -0.0035817146630952035 0.034591004415250697 0.097427061630829315 0.023940903306322411 0.079041824480923284 0.0040491628126438301 0.013923832753933905 -0.0053035775261265098 -0.028320593262579963 -0.00048270208136503656 -0.040631784736579996 -0.079085386343634073 -0.02076424954344629 -0.00011021887940662241 -0.017157377921176793 -0.00070321215619257931 0.015653897519872683 -0.23174121160459793 -0.057164490895900338 -0.0059457676214438185 0.042433227573040577 -0.026207403451474327
leaf_weight=275549 369462 238329 144374 27796 398629 16308 33577 1138215 82430 44188 12016 56224 17660 17821 13118 343823 30032 172899 30285 9094 184585 152557 53329 323685 85877 1375 9028 662222 11408 44105
leaf_count=275549 369462 238329 144374 27796 398629 16308 33577 1138215 82430 44188 12016 56224 17660 17821 13118 343823 30032 172899 30285 9094 184585 152557 53329 323685 85877 1375 9028 662222 11408 44105
internal_value=-6.61127e-08 -0.00298486 -0.00460764 -0.00295556 0.0030873 0.00473883 0.00314953 0.00439815 -0.0147991 -0.00241524 0.000589369 0.00894346 0.00622661 0.0413753 0.0538448 0.00319009 0.0055807 -0.00821731 0.00123657 -0.0132855 -0.0249717 -0.00682423 0.00643516 0.00294395 0.0229047 -0.0990406 -0.00392273 -0.00332681 -0.00330656 -0.00571112
internal_weight=5e+06 2.54223e+06 2.17277e+06 1.93444e+06 2.45777e+06 2.05914e+06 1.78359e+06 1.66758e+06 116007 1.90664e+06 1.25615e+06 440524 415390 35481 25134 1.5654e+06 1.22158e+06 650496 227030 423466 195054 182842 1.19154e+06 379909 102185 10469 815624 806596 228412 217004
internal_count=5000000 2542231 2172769 1934440 2457769 2059140 1783591 1667584 116007 1906644 1256148 440524 415390 35481 25134 1565399 1221576 650496 227030 423466 195054 182842 1191544 379909 102185 10469 815624 806596 228412 217004
cat_boundaries=0 1 2 3
cat_threshold=480 4102 32
is_linear=0
shrinkage=0.1


Tree=91
num_leaves=31
num_cat=5
split_feature=76 42 37 33 30 0 81 26 87 90 29 84 9 90 25 23 75 72 68 3 80 23 24 75 75 46 88 0 75 24
split_gain=4189.69 4638.73 5527.52 5276.53 5195.9 6606.53 9294.8 13234.4 10098 9764.79 9308.43 8229.92 7118.85 6451.9 6393.36 6579.95 6273.28 5154.43 5043.91 4966.29 4365.17 4314.64 4100.54 4958.92 3944.34 3872.58 3835.88 3738.62 4906.09 3694.23
threshold=0 1.0000000180025095e-35 1.0000000180025095e-35 1.0000000180025095e-35 1.0000000180025095e-35 18.349999427795414 1.0000000180025095e-35 1.0000000180025095e-35 1.0000000180025095e-35 1.0000000180025095e-35 1.0000000180025095e-35 1.0000000180025095e-35 22.150000572204593 1.0000000180025095e-35 1.0000000180025095e-35 -3.0499999523162837 1 36.013349533081062 1.0500000119209292 -13.050000190734862 -13.749999999999998 9.4499998092651385 1.0000000180025095e-35 2 3 1.0000000180025095e-35 2.4500000476837163 3.6499999761581425 4 1.0000000180025095e-35
decision_type=1 8 10 10 10 2 10 10 10 10 10 10 8 10 10 10 1 2 8 10 10 8 2 1 1 8 10 2 1 2
left_child=25 2 3 4 5 6 7 8 9 10 11 12 14 -8 15 19 -7 -15 -17 20 -2 -18 23 -6 -3 -1 -20 28 -21 -5
right_child=1 24 -4 29 22 16 13 -9 -10 -11 -12 -13 -14 17 -16 18 21 -19 26 27 -22 -23 -24 -25 -26 -27 -28 -29 -30 -31
leaf_value=0.0032143627940918401 -0.061039371961223915 0.0015964655422527965 -0.016382990466574803 -0.027797502949436323 -0.06312266760005443 0.00042604396132615266 -0.051510794858080279 -0.05017957212266845 -0.044805919040787845 -0.050286010234188543 -0.065923772583021414 -0.058057662419409274 0.038172873879902772 0.028948273800468785 -0.077679220021430018 -3.2007115611856772e-05 -0.24244119041458656 -0.025705271189901797 0.015367704984451178 0.14228409324613595 0.061050462663081756 -0.017292789805613041 0.0050505851284701571 -0.011311379093661639 -0.01996126288702068 0.022217632035255667 -0.0007243767050713869 -0.067993099097174575 0.035391347707323571 0.0060627740436729211
leaf_weight=1130039 10120 131721 205928 106909 31831 652414 45111 39341 34942 26937 15846 17058 96268 29357 8238 464028 854 41864 842700 4434 4121 255246 44969 44037 238642 118480 179720 3351 129372 46122
leaf_count=1130039 10120 131721 205928 106909 31831 652414 45111 39341 34942 26937 15846 17058 96268 29357 8238 464028 854 41864 842700 4434 4121 255246 44969 44037 238642 118480 179720 3351 129372 46122
internal_value=-7.17958e-08 -0.00167002 -0.000506214 0.00052348 0.0014408 0.002287 0.00550897 0.00720943 0.00843837 0.00947071 0.0103774 0.0110646 0.0117414 -0.02192 0.0101956 0.0106375 -0.00478033 -0.00317731 0.00861472 0.030498 -0.0257095 -0.0180429 -0.0188767 -0.033059 -0.0122947 0.00501767 0.0125391 0.036334 0.0389468 -0.0175924
internal_weight=5e+06 3.75148e+06 3.38112e+06 3.17519e+06 3.02216e+06 2.90132e+06 1.99281e+06 1.87648e+06 1.83714e+06 1.80219e+06 1.77526e+06 1.75941e+06 1.74235e+06 116332 1.64608e+06 1.63785e+06 908514 71221 1.48645e+06 151398 14241 256100 120837 75868 370363 1.24852e+06 1.02242e+06 137157 133806 153031
internal_count=5000000 3751481 3381118 3175190 3022159 2901322 1992808 1876476 1837135 1802193 1775256 1759410 1742352 116332 1646084 1637846 908514 71221 1486448 151398 14241 256100 120837 75868 370363 1248519 1022420 137157 133806 153031
cat_boundaries=0 1 2 3 4 5
cat_threshold=129024 1920 7174 4544 3104
is_linear=0
shrinkage=0.1


Tree=92
num_leaves=31
num_cat=5
split_feature=74 91 72 73 76 72 23 12 6 75 0 0 75 1 23 74 16 75 4 74 24 23 75 73 13 73 73 7 74 4
split_gain=4181.4 3380.75 3376.92 3353.88 3875.79 3705.56 3637.45 7358.4 5097.99 5076.43 4779.62 4169.28 4086.86 4055.24 3487.77 3403.43 3341.18 3630 3904.74 4619.15 3326.69 3460.07 4068.67 3170.57 3098.45 3071.48 5436.4 3234.28 3351.14 3066.43
threshold=249.50000000000003 6.2500000000000009 37.670000076293952 129.97499847412112 0 44.835000991821296 8.0500001907348651 13.650000095367433 12.449999809265138 1 3.2500000000000004 7.6499998569488534 2 17.550000190734867 12.650000095367433 18.500000000000004 -1.9499999880790708 3 -2.5499999523162837 907.50000000000011 1.0000000180025095e-35 25.050000190734867 4 141.20420074462893 13.050000190734865 143.25830078125003 144.7174987792969 -3.4500000476837154 208.50000000000003 1.0500000119209292
decision_type=2 10 2 2 1 2 8 8 8 1 2 2 1 10 10 2 8 1 8 2 2 10 1 2 8 2 2 8 2 8
left_child=1 3 16 14 5 20 7 8 10 24 12 -10 -6 -9 -1 -14 -2 18 -18 -20 21 -5 -23 -11 -8 -17 27 28 -27 -19
right_child=2 -3 -4 4 6 -7 9 13 11 23 -12 -13 15 -15 -16 25 17 29 19 -21 -22 22 -24 -25 -26 26 -28 -29 -30 -31
leaf_value=0.048933616818831127 0.021556702507811682 -0.013471745205080061 -0.015484102164694228 0.0081496761460967872 0.035210008417894713 -0.034387239040422894 -0.012087484466410101 0.035989840826658182 0.081279011517224165 0.00018308684960600756 -0.011302128266336954 0.013220273129748706 0.0172824985946834 -0.21221670809339355 0.0096193638192203345 0.0012052036254657566 0.022387622393514675 0.034579462222568726 -0.019277867621590852 -0.099142495491269356 0.023962990065275146 -0.035189222025605101 0.00038646430305149497 -0.012232098155738905 -0.044795412592848638 -0.069705037331471278 0.031721618441422787 -0.01790790591637682 -0.2738954549076803 -0.0020126251579414807
leaf_weight=26005 54493 144705 257478 828553 42001 22163 91365 75992 13527 1139192 264092 26902 116620 664 170618 286960 21181 23815 129464 7671 103876 39183 178836 251025 42405 14772 11614 17140 850 596838
leaf_count=26005 54493 144705 257478 828553 42001 22163 91365 75992 13527 1139192 264092 26902 116620 664 170618 286960 21181 23815 129464 7671 103876 39183 178836 251025 42405 14772 11614 17140 850 596838
internal_value=-4.75508e-08 0.00152766 -0.00547413 0.00210425 0.00140352 0.00611403 -0.000902688 0.00425176 0.00139693 -0.00384906 -0.000457907 0.0359918 0.00538724 0.0338399 0.014819 0.00259017 -0.00238179 -0.00405641 -0.0175721 -0.0237453 0.00689433 0.0052002 -0.0060089 -0.00205865 -0.0224542 -0.00258099 -0.0270646 -0.0479041 -0.0808151 -0.000608545
internal_weight=5e+06 3.90906e+06 1.09094e+06 3.76436e+06 3.56773e+06 1.17261e+06 2.39512e+06 871134 794478 1.52399e+06 754049 40429 489957 76656 196623 447956 833462 778969 158316 137135 1.15045e+06 1.04657e+06 218019 1.39022e+06 133770 331336 44376 32762 15622 620653
internal_count=5000000 3909060 1090940 3764355 3567732 1172611 2395121 871134 794478 1523987 754049 40429 489957 76656 196623 447956 833462 778969 158316 137135 1150448 1046572 218019 1390217 133770 331336 44376 32762 15622 620653
cat_boundaries=0 1 2 3 4 5
cat_threshold=261120 4110 3680 4102 4216
is_linear=0
shrinkage=0.1


Tree=93
num_leaves=31
num_cat=3
split_feature=85 76 72 50 70 48 50 73 73 73 74 2 75 72 72 72 73 1 79 72 48 73 82 72 73 9 75 29 23 24
split_gain=4038.6 4284.73 4919.67 4603.33 6066.65 4930.11 4438.94 3939.95 5041.96 5536.34 5274.54 4271.04 4723.83 4173.57 4297.95 4151.61 4877.35 3790.65 3578.06 4855.27 3456.08 3241.29 3149.59 3158.26 3148.37 3124.07 3635.97 6894.79 5415 4743.18
threshold=0.35000000894069677 0 45.113349914550788 0.55000001192092907 0.65000000596046459 1.5500000119209292 1.5500000119209292 140.11250305175784 134.46669769287112 129.87249755859378 139.00000000000003 1.4499999880790713 1 35.44585037231446 34.495000839233406 34.47669982910157 139.12249755859378 8.2500000000000018 2.1499999761581425 31.958350181579593 6.9500000476837167 131.59835052490237 1.8499999642372134 30.90164947509766 144.7174987792969 -10.349999904632567 2 1.0000000180025095e-35 15.550000190734865 1.0000000180025095e-35
decision_type=8 1 2 10 10 10 8 2 2 2 2 8 1 2 2 2 2 10 10 2 10 2 10 2 2 8 1 8 10 2
left_child=-1 20 3 5 6 -3 -5 8 9 -6 15 24 -13 14 18 16 -10 -15 22 -20 21 -2 -11 -24 -9 -23 -27 28 -28 -30
right_child=1 2 -4 4 7 -7 -8 11 10 13 -12 12 -14 17 -16 -17 -18 -19 19 -21 -22 25 23 -25 -26 26 27 -29 29 -31
leaf_value=0.01070169978430241 0.012136176728921066 0.0072640704745070145 0.041108693367975208 -0.0098947758568109709 0.013245854979290421 -0.031532803888890626 -0.033765714948242577 -0.0013480398987133851 0.021299934267957163 0.00078305593559868799 -0.0092095333476403373 -0.049143793505082578 -0.01291710245585388 0.090065221356982306 -0.044750784823990149 0.0090945338946120998 0.09530203200176296 -0.00068486490113266456 0.0027469246716153879 -0.058206596299334792 -0.016035707261439068 0.03548343282496487 0.067619441136186592 -0.039661229981088356 0.051913021806174069 -0.004332006596961647 0.012850396202648466 0.028199525552532786 -0.0046014621254648882 0.029812317272430829
leaf_weight=329401 329696 438498 24033 205737 91953 35398 125371 143770 32390 149943 149652 40751 308131 6747 49105 318290 12284 14483 21263 33908 99984 26581 2975 35361 12027 779680 322164 110911 707058 42455
leaf_count=329401 329696 438498 24033 205737 91953 35398 125371 143770 32390 149943 149652 40751 308131 6747 49105 318290 12284 14483 21263 33908 99984 26581 2975 35361 12027 779680 322164 110911 707058 42455
internal_value=-4.27186e-08 -0.000754799 -0.00389356 -0.004379 -0.00674157 0.00436611 -0.0189333 -0.00390483 -4.15032e-06 -0.00833267 0.00658791 -0.0110028 -0.0171503 -0.0146561 -0.0177629 0.0131013 0.0416483 0.028156 -0.0123193 -0.034715 0.00216794 0.00295296 -0.00575677 -0.0313359 0.00276353 0.00143063 0.000969354 0.00446454 0.00200818 -0.00265215
internal_weight=5e+06 4.6706e+06 2.25207e+06 2.22804e+06 1.75414e+06 473896 331108 1.42303e+06 918354 405738 512616 504679 348882 313785 292555 362964 44674 21230 243450 55171 2.41853e+06 2.31854e+06 188279 38336 155797 1.98885e+06 1.96227e+06 1.18259e+06 1.07168e+06 749513
internal_count=5000000 4670599 2252070 2228037 1754141 473896 331108 1423033 918354 405738 512616 504679 348882 313785 292555 362964 44674 21230 243450 55171 2418529 2318545 188279 38336 155797 1988849 1962268 1182588 1071677 749513
cat_boundaries=0 1 2 3
cat_threshold=2096640 4110 7174
is_linear=0
shrinkage=0.1


Tree=94
num_leaves=31
num_cat=8
split_feature=91 74 72 23 75 75 4 23 75 75 0 35 24 29 12 23 23 72 73 23 75 0 73 17 76 0 75 13 75 23
split_gain=3960.3 3894.43 3297.73 4922.62 3582.35 3375.76 9468.62 4236.2 4063.08 3555.89 7218.42 3931.2 4167.22 4175.26 3330.16 3114.38 3100.49 4592.05 3071.2 3058.56 3456.71 3044.02 2983.29 2890.71 2722.49 2692.88 3219.85 3042.64 2692.25 3125.82
threshold=0.55000001192092907 388.50000000000006 41.828350067138679 0.84999999403953563 0 1 9.6500000953674334 13.050000190734865 2 3 6.4500000476837167 1.0000000180025095e-35 1.0000000180025095e-35 1.0000000180025095e-35 6.2500000000000009 -3.8500000238418575 13.050000190734865 32.438299179077156 141.071647644043 -1.8499999642372129 4 13.34999990463257 129.87249755859378 2.2500000000000004 5 6.4500000476837167 6 13.34999990463257 7 22.44999980926514
decision_type=8 2 2 10 1 1 8 8 1 1 2 8 2 10 8 10 10 2 2 8 1 2 2 8 1 2 1 8 1 10
left_child=-1 2 3 -2 16 7 9 -4 25 10 11 12 13 19 -6 -11 22 -18 -3 -7 -21 -19 -5 -22 -9 -8 27 -27 -16 -30
right_child=1 18 5 4 14 6 8 24 -10 15 -12 -13 -14 -15 28 -17 17 21 -20 20 23 -23 -24 -25 -26 26 -28 -29 29 -31
leaf_value=0.0082522596652184442 0.016517184883736654 -0.0065440912942843557 0.020294980307298077 0.048095497292289326 0.012636821206248301 0.010084701594247738 0.037321339065022288 -0.021629696390421595 -0.32343301713261791 0.084352545187322353 -0.11092940175223275 -0.048691665988547725 -0.053468661605909608 -0.063189937542918365 -0.0086002175512429023 0.0049436177493307676 -0.011812653921633397 -0.049132974321323269 -0.033543312115429803 -0.00058954710132041836 -0.033002657620917648 -0.15095237208639811 -0.0070624256388305759 -0.13922573474991629 0.0015005258689515734 -0.021350454907539396 -0.097932208899255593 -0.069582109946654411 0.0053712253836832088 -0.0027578333753182208
leaf_weight=520947 208788 515144 94045 10125 261635 140036 4072 68153 506 5118 7120 22773 16736 10572 272541 141163 28839 8838 45884 56144 21919 4397 310955 2901 200777 39464 10302 19563 1144093 806450
leaf_count=520947 208788 515144 94045 10125 261635 140036 4072 68153 506 5118 7120 22773 16736 10572 272541 141163 28839 8838 45884 56144 21919 4397 310955 2901 200777 39464 10302 19563 1144093 806450
internal_value=-5.17332e-08 -0.000959857 0.000155946 0.00169603 0.000609435 -0.00530923 -0.0106516 0.00202648 -0.0436847 -0.00490047 -0.011537 -0.0089269 -0.00527997 -0.00179731 0.00196535 0.00772141 -0.00866763 -0.0341931 -0.00875224 0.00113953 -0.0143321 -0.0829599 -0.00532306 -0.0453999 -0.00436195 -0.0417065 -0.0463541 -0.0373293 0.000709433 0.00201026
internal_weight=5e+06 4.47905e+06 3.91802e+06 3.05666e+06 2.84787e+06 861364 498389 362975 73907 424482 278201 271081 248308 231572 2.48472e+06 146281 363154 42074 561028 221000 80964 13235 321080 24820 268930 73401 69329 59027 2.22308e+06 1.95054e+06
internal_count=5000000 4479053 3918025 3056661 2847873 861364 498389 362975 73907 424482 278201 271081 248308 231572 2484719 146281 363154 42074 561028 221000 80964 13235 321080 24820 268930 73401 69329 59027 2223084 1950543
cat_boundaries=0 1 2 3 4 5 6 7 8
cat_threshold=6 1984 2104 4110 4104 12582975 48 4104
is_linear=0
shrinkage=0.1


Tree=95
num_leaves=31
num_cat=7
split_feature=88 74 76 75 21 7 75 23 9 9 73 69 0 74 23 72 75 75 72 26 76 23 73 11 0 75 23 13 65 72
split_gain=3762.33 4131.93 3920.88 3135.91 4408.4 5575.75 4126.02 5572.48 5399.37 4652.26 4376.99 4062.61 3187.19 3167.9 3120.75 3094 3065.85 3027.45 2914.52 2698.29 3758.58 2870.92 3998.16 3194.74 2786.91 2644.86 3564.7 3875.59 2608.94 2891.03
threshold=0.35000000894069677 878.50000000000011 0 1 4.6499998569488534 12.650000095367433 2 14.150000095367433 8.8499999046325701 7.0499999523162851 141.24000549316409 1.7500000000000002 8.8499999046325701 48.500000000000007 -3.4500000476837154 39.460000991821296 3 4 39.744998931884773 1.0000000180025095e-35 5 23.44999980926514 142.79664611816409 18.750000000000004 21.349999427795414 6 3.6499999761581425 11.650000095367433 1.5500000119209292 37.249149322509773
decision_type=8 2 1 1 10 8 1 10 8 8 2 10 2 2 10 2 1 1 2 10 1 10 2 10 2 1 8 8 10 2
left_child=-1 2 25 -4 5 11 7 9 -8 -6 13 14 -7 -10 -5 -13 -12 -15 -11 21 -21 -9 23 24 -23 26 27 -2 -28 -30
right_child=1 -3 3 4 6 12 8 19 10 18 16 15 -14 17 -16 -17 -18 -19 -20 20 -22 22 -24 -25 -26 -27 28 -29 29 -31
leaf_value=0.010518931641500147 -0.0088722004292325594 -0.021117297632613073 -0.0084279952949464273 0.021270199935155977 0.075883987387059315 0.070693191234650135 0.0042879723860182253 0.0047481805121262618 -0.00090928308298443409 0.035687505925897443 -0.017383331418230515 0.030442383741439996 0.012778538719400493 -0.0063247010752694819 -0.005241327283738737 0.0080197626436005719 -0.06586878927754837 -0.025221228736548258 0.0055062881619152276 -0.0097180921650742522 0.025483555955110416 0.020505448249406807 -0.058126504665062931 -0.00088329786344874112 -0.033185493470511744 -0.0018993003417223098 -0.049015742480977953 0.040039965559504898 -0.0087335304919208441 -0.042076704536461798
leaf_weight=318368 121999 97208 323626 53624 14352 22441 492728 685322 399564 49326 33549 96437 16481 211209 258145 170053 21351 141658 91068 43657 99351 11685 13658 546147 55998 426861 33364 18680 96493 35597
leaf_count=318368 121999 97208 323626 53624 14352 22441 492728 685322 399564 49326 33549 96437 16481 211209 258145 170053 21351 141658 91068 43657 99351 11685 13658 546147 55998 426861 33364 18680 96493 35597
internal_value=-1.36682e-07 -0.000715472 -0.000282872 0.000992952 0.00185721 0.00953392 0.000229415 0.00361212 -0.00396121 0.0216539 -0.00899587 0.00706799 0.04617 -0.00700696 -0.000681367 0.016134 -0.0362548 -0.0139116 0.0161102 0.00169439 0.0147384 0.000273471 -0.00461366 -0.00342298 -0.0239161 -0.00698646 -0.0140795 -0.00237742 -0.0240302 -0.0177192
internal_weight=5e+06 4.68163e+06 4.58442e+06 3.85143e+06 3.5278e+06 617181 2.91062e+06 1.61056e+06 1.30006e+06 154746 807331 578259 38922 752431 311769 266490 54900 352867 140394 1.45582e+06 143008 1.31281e+06 627488 613830 67683 732994 306133 140679 165454 132090
internal_count=5000000 4681632 4584424 3851430 3527804 617181 2910623 1610564 1300059 154746 807331 578259 38922 752431 311769 266490 54900 352867 140394 1455818 143008 1312810 627488 613830 67683 732994 306133 140679 165454 132090
cat_boundaries=0 1 2 3 4 5 6 7
cat_threshold=120 2 992 1024 1040 15728647 62
is_linear=0
shrinkage=0.1


Tree=96
num_leaves=31
num_cat=7
split_feature=82 54 74 75 0 75 76 23 75 72 59 6 23 15 68 8 73 73 76 46 75 73 23 72 73 72 73 75 73 72
split_gain=3560.12 3573.74 3427.05 2994.91 4387.37 5669.79 7018.67 4001.49 3600.99 3477.64 3849.73 3292.26 3608.72 4366.11 3803.67 3275.35 2935.78 5553.34 3296.92 3019.57 2639.69 2574.03 2573.65 3459.38 3776.86 4303.45 4146.48 3134.87 3089.37 4979.95
threshold=5.2500000000000009 4.2500000000000009 69.500000000000014 0 13.34999990463257 1 2 20.44999980926514 3 34.215799331665046 3.1499999761581425 18.550000190734867 3.2500000000000004 13.449999809265138 1.1500000357627871 12.84999990463257 143.1683044433594 144.46170043945315 4 1.0000000180025095e-35 5 141.52664947509768 19.250000000000004 30.90164947509766 134.46669769287112 34.47669982910157 139.17414855957034 6 132.01335144042972 35.32085037231446
decision_type=10 10 2 1 2 1 1 10 1 2 8 10 8 8 10 8 2 2 1 8 1 2 10 2 2 2 2 1 2 2
left_child=2 -2 21 7 5 6 -5 -4 -6 -10 -11 12 13 15 -14 16 -7 18 -18 -20 -8 22 23 -1 28 26 -26 -27 -25 -30
right_child=1 -3 3 4 8 11 20 -9 9 10 -12 -13 14 -15 -16 -17 17 -19 19 -21 -22 -23 -24 24 25 27 -28 -29 29 -31
leaf_value=0.045846138753644468 -0.02229838829247939 0.0027129290635915311 0.015075653159410202 0.00081309791766033665 -0.039890466918665921 0.0016678580461075487 0.071821813519352309 -0.0018941790544451853 0.0050309459367632132 -0.010354848265295417 -0.042140496332654577 0.062484007327441388 -0.021440636127969363 0.064477608030700947 -0.00319554326542878 0.063795380268401466 0.0090201994710680643 0.0410408656828282 -0.048961363613290232 -0.20523562050795638 0.028061059442927375 -0.0042798198197471111 0.00028083362823149084 0.0066716792251377381 0.032792736781635218 0.020267924907329572 0.14908624974394646 0.0053667884589683607 -0.020165818252062283 0.023047525558532039
leaf_weight=23262 138662 97156 212268 140504 40892 448864 18215 402306 131418 364138 42557 7420 194328 10734 277338 7931 10639 10784 30882 1288 56825 375871 780981 213003 38402 188179 3332 565328 133146 33347
leaf_count=23262 138662 97156 212268 140504 40892 448864 18215 402306 131418 364138 42557 7420 194328 10734 277338 7931 10639 10784 30882 1288 56825 375871 780981 213003 38402 188179 3332 565328 133146 33347
internal_value=-1.44894e-07 -0.0119938 0.00059352 -0.00205803 -0.00412115 -0.000709107 0.0140014 0.00396697 -0.0112856 -0.00911095 -0.0136809 -0.00387931 -0.00437534 0.00136048 -0.0107126 3.30632e-05 -0.000973389 -0.0230949 -0.0392514 -0.055201 0.0386916 0.00330641 0.00474728 0.00765897 0.00690279 0.0108198 0.0420775 0.0090885 -0.00130527 -0.0115106
internal_weight=5e+06 235818 4.76418e+06 2.40933e+06 1.79476e+06 1.21575e+06 215544 614574 579005 538113 406695 1.00021e+06 992788 521122 471666 510388 502457 53593 42809 32170 75040 2.35485e+06 1.97898e+06 1.198e+06 1.17474e+06 795241 41734 753507 379496 166493
internal_count=5000000 235818 4764182 2409331 1794757 1215752 215544 614574 579005 538113 406695 1000208 992788 521122 471666 510388 502457 53593 42809 32170 75040 2354851 1978980 1197999 1174737 795241 41734 753507 379496 166493
cat_boundaries=0 1 2 3 4 5 6 7
cat_threshold=448 560 15728767 4110 260096 32 3840
is_linear=0
shrinkage=0.1


Tree=97
num_leaves=31
num_cat=5
split_feature=82 76 79 75 22 45 9 71 0 73 72 47 72 67 48 49 39 28 74 72 47 14 75 0 73 76 75 16 0 4
split_gain=3441.19 4192.55 4316.63 4029.04 4790.4 5489.17 4905.65 4743.81 4707.93 4243.31 3730.44 3706.31 3206.17 2980.43 2912.65 2821.66 2766.15 2745.82 2673.68 2648.61 2327.93 2232.97 2230 2239.08 2599.27 2212.79 3048.16 2281.09 2200.08 4130.9
threshold=0.45000000298023229 0 0.45000000298023229 1 8.4499998092651385 1.0000000180025095e-35 13.050000190734865 7.7500000000000009 17.94999980926514 140.11250305175784 45.113349914550788 1.0000000180025095e-35 44.199998855590827 0.84999999403953563 0.75000000000000011 0.84999999403953563 1.0000000180025095e-35 1.0000000180025095e-35 123.50000000000001 34.788349151611335 1.0000000180025095e-35 13.550000190734865 2 6.8500001430511483 140.77750396728518 3 4 14.449999809265138 3.2500000000000004 6.6499998569488534
decision_type=8 1 8 1 8 10 8 10 2 2 2 8 2 8 8 10 8 10 2 2 10 8 1 2 2 1 1 8 2 8
left_child=-1 11 -3 -4 6 9 7 10 17 16 13 12 14 15 -2 -5 20 19 -16 -8 -6 28 -21 -24 -25 -11 -27 -28 29 -15
right_child=1 2 3 4 5 -7 8 -9 -10 25 -12 -13 -14 21 18 -17 -18 -19 -20 22 -22 -23 23 24 -26 26 27 -29 -30 -31
leaf_value=0.0095247373355693797 0.017787128145943919 0.0099110071075257655 0.0025561753390027507 -0.00346520969866804 -0.0017571789312887558 -0.031647196358432272 0.051679079310693099 0.039481666776538957 -0.21388296002638529 -0.0043988633739388636 0.048733411002031858 0.018102731897970379 -0.02381996440303915 -0.00064526557865630105 0.0047846164070624829 -0.025650325684778964 -0.026622943249263422 -0.054612173532776968 -0.0045715392077634595 0.036306955704077305 -0.031713274306528899 0.026625225113695628 0.033940907822523361 -0.00032751640478488126 -0.074575671241196448 -0.013986571439207372 -0.02732669448111933 -0.06319643197245077 -0.011629350985134502 0.06762601332023685
leaf_weight=352562 117009 240940 694127 106185 639312 114467 26414 24750 860 61448 12785 154487 47200 405094 824850 124605 53419 4584 485034 28879 27039 25769 13791 24388 5845 86668 44439 29497 214492 9061
leaf_count=352562 117009 240940 694127 106185 639312 114467 26414 24750 860 61448 12785 154487 47200 405094 824850 124605 53419 4584 485034 28879 27039 25769 13791 24388 5845 86668 44439 29497 214492 9061
internal_value=-1.11306e-07 -0.000722681 -0.00292873 -0.00404238 -0.00624039 -0.0109693 -0.00137905 -0.00370723 0.0191277 -0.00845616 -0.00489758 0.00336661 0.00182227 -0.00567218 0.00267048 -0.0154431 -0.00472797 0.0210564 0.00132015 0.0245489 -0.00297273 -0.00222631 0.0147191 0.000549502 -0.014682 -0.0205409 -0.026715 -0.0416314 -0.00340897 0.000848393
internal_weight=5e+06 4.64744e+06 3.01886e+06 2.77792e+06 2.08379e+06 1.05629e+06 1.0275e+06 922741 104761 941822 897991 1.62858e+06 1.47409e+06 885206 1.42689e+06 230790 719770 103901 1.30988e+06 99317 666351 654416 72903 44024 30233 222052 160604 73936 628647 414155
internal_count=5000000 4647438 3018858 2777918 2083791 1056289 1027502 922741 104761 941822 897991 1628580 1474093 885206 1426893 230790 719770 103901 1309884 99317 666351 654416 72903 44024 30233 222052 160604 73936 628647 414155
cat_boundaries=0 1 2 3 4 5
cat_threshold=261120 448 1572 896 1536
is_linear=0
shrinkage=0.1


Tree=98
num_leaves=31
num_cat=5
split_feature=72 79 85 58 88 74 48 14 76 48 59 90 23 75 4 23 76 73 7 75 12 23 71 10 1 11 75 0 72 73
split_gain=3265.63 3675.98 3454.5 3707.69 4374.77 3749.84 3298.26 3557.72 3514.99 3043.1 3029.53 2934.07 2850.15 2631.41 3358.87 2931.85 4020.72 3781.7 2765.83 2747.08 3614.8 2554.98 3822.37 2642.45 2494.93 2456.2 2393.79 2282.38 2937.42 2238.9
threshold=32.093299865722663 4.5499999523162851 5.1499998569488534 3.4500000476837163 5.0499999523162851 197.50000000000003 2.4500000476837163 14.84999990463257 0 5.8500001430511483 5.3500001430511483 1.0000000180025095e-35 15.150000095367433 1 2.2500000000000004 4.0499999523162851 2 143.45414733886722 9.0500001907348651 3 14.650000095367433 17.750000000000004 1.2500000000000002 23.349999427795414 33.95000076293946 15.550000190734865 4 5.0499999523162851 36.24749946594239 144.25834655761722
decision_type=2 10 10 8 10 2 8 8 1 10 8 10 10 1 8 10 1 2 10 1 8 10 10 8 10 8 1 2 2 2
left_child=12 2 3 4 5 9 8 -8 -5 21 -3 -10 -1 14 -7 17 -17 18 -15 20 -18 22 23 -2 29 -12 -9 -21 -29 -23
right_child=1 10 -4 6 -6 13 7 26 11 -11 25 -13 -14 15 -16 16 19 -19 -20 27 -22 24 -24 -25 -26 -27 -28 28 -30 -31
leaf_value=0.027407994185287655 0.00026651986577686453 -0.016950017622543206 -0.014233676347004592 -0.036005177317579178 -0.020231246329566254 0.041913426562466848 0.0086597071201548678 -0.0037610761367425725 -0.0057289279824609103 -0.025243276057481296 0.019998751417127158 -0.043021725741024211 0.0047462547511088731 -0.0010405138890476741 0.00085666697889601499 -0.037713070385130353 0.012997035428977398 -0.077405971314658026 0.038801922669131635 0.0032506049827364216 -0.027800538240849007 0.0012320264307057105 0.012458074439377659 0.033644971238053621 0.060041088000073795 -0.024421481951255972 -0.033880398522084125 -0.020684757979450838 -0.074329592679845194 -0.043699680291855253
leaf_weight=70927 544499 227237 163107 54926 86852 20647 220536 95191 281681 33247 45608 22805 255134 236050 570773 59848 82349 6158 18812 26404 29497 895303 793770 24798 7135 17121 36502 48958 12896 11229
leaf_count=70927 544499 227237 163107 54926 86852 20647 220536 95191 281681 33247 45608 22805 255134 236050 570773 59848 82349 6158 18812 26404 29497 895303 793770 24798 7135 17121 36502 48958 12896 11229
internal_value=-9.60857e-08 -0.0006751 4.61477e-05 0.000597963 0.00193264 0.00249511 -0.00598356 0.00089339 -0.0127231 0.00479214 -0.0115796 -0.00852176 0.00967579 -0.00227489 0.00228996 -0.00745691 -0.0149742 2.9356e-05 0.00190036 -0.00817109 0.00223734 0.00523075 0.00797341 0.00172045 0.00113907 0.00787487 -0.0121123 -0.0213601 -0.0318692 0.000675468
internal_weight=5e+06 4.67394e+06 4.38397e+06 4.22087e+06 3.50922e+06 3.42237e+06 711641 352229 359412 2.30998e+06 289966 304486 326061 1.11239e+06 591420 520972 259952 261020 254862 200104 111846 2.27673e+06 1.36307e+06 569297 913667 62729 131693 88258 61854 906532
internal_count=5000000 4673939 4383973 4220866 3509225 3422373 711641 352229 359412 2309981 289966 304486 326061 1112392 591420 520972 259952 261020 254862 200104 111846 2276734 1363067 569297 913667 62729 131693 88258 61854 906532
cat_boundaries=0 1 2 3 4 5
cat_threshold=496 4032 8388735 48 1984
is_linear=0
shrinkage=0.1


Tree=99
num_leaves=31
num_cat=7
split_feature=76 85 82 74 73 20 75 65 48 22 10 70 75 72 76 75 20 1 0 6 73 73 72 9 74 72 84 75 75 23
split_gain=3212.32 3468.48 3477.74 3393.29 3287.13 3518.25 5186.02 4235.44 3743.67 3208.68 2613.25 2611.03 2525.09 2768.44 3406.31 3337.38 2925.63 2419.32 2406.23 2321.33 2545.02 3296.96 6648.23 3009.13 2684.6 2494.61 2759.53 2178.41 2095.02 2065.75
threshold=0 1.0500000119209292 0.35000000894069677 669.00000000000011 142.61585235595706 2.0499999523162846 1 1.3499999642372134 1.2500000000000002 13.050000190734865 7.6499998569488534 6.2500000000000009 2 32.093299865722663 3 4 24.050000190734867 20.44999980926514 20.349999427795414 -1.6500000357627866 140.11250305175784 137.77420043945315 34.879999160766609 15.750000000000002 8.5000000000000018 35.73249816894532 1.0000000180025095e-35 5 6 21.150000572204593
decision_type=1 8 8 2 2 10 1 8 10 10 10 8 1 2 1 1 10 10 2 8 2 2 2 10 2 2 10 1 1 10
left_child=-1 -2 -3 4 5 28 7 8 -7 18 -10 19 29 -14 15 -15 -16 -17 27 -9 21 25 -23 -22 -24 -21 -27 -8 -4 -11
right_child=1 2 3 -5 -6 6 9 11 10 12 -12 -13 13 14 16 17 -18 -19 -20 20 23 22 24 -25 -26 26 -28 -29 -30 -31
leaf_value=0.0067145933542656607 0.00413358153290448 0.011615293607404389 -0.0040184665968334499 -0.019422722504112869 -0.013255440525946042 -0.0062967628077593794 0.0049332892806843581 0.029194123650870252 -0.017283844738687954 0.01927366910357638 -0.044266779031371772 0.01423128638330837 0.010788756930419953 -0.010111586753181067 0.0008028031510279144 -0.033308157904618933 -0.017290632848726919 -0.12395538798953867 -0.092422061363586536 -0.013489478917894027 -0.02135599922591002 0.076909947143866467 0.030855401071803137 -0.1380406171265906 -0.010262358605500121 0.035147548956465324 -0.044459382247994041 0.024336759723570009 0.01196090987802192 0.0012568874331386291
leaf_weight=623598 1025009 165600 116875 124632 264036 108205 183262 16909 70981 76229 72607 64516 99659 159868 449393 54337 111550 3113 2266 258920 78666 13177 21453 2274 61113 21067 5489 84559 275325 385312
leaf_count=623598 1025009 165600 116875 124632 264036 108205 183262 16909 70981 76229 72607 64516 99659 159868 449393 54337 111550 3113 2266 258920 78666 13177 21453 2274 61113 21067 5489 84559 275325 385312
internal_value=-1.08755e-07 -0.000956907 -0.00251381 -0.00324826 -0.00258973 -0.00158293 -0.00301515 -0.00962099 -0.0203431 0.000249254 -0.0309281 -0.0046546 -0.00175567 -0.00490376 -0.0069133 -0.017542 -0.00279524 -0.0382133 0.0101924 -0.00719796 -0.00852944 -0.00511008 0.0109483 -0.0246342 0.000421207 -0.0104957 0.0186932 0.0110606 0.00719928 0.00423248
internal_weight=5e+06 4.3764e+06 3.35139e+06 3.18579e+06 3.06116e+06 2.79712e+06 2.40492e+06 795377 251793 1.60955e+06 143588 543584 1.33946e+06 877920 778261 217318 560943 57450 270087 479068 462159 381219 95743 80940 82566 285476 26556 267821 392200 461541
internal_count=5000000 4376402 3351393 3185793 3061161 2797125 2404925 795377 251793 1609548 143588 543584 1339461 877920 778261 217318 560943 57450 270087 479068 462159 381219 95743 80940 82566 285476 26556 267821 392200 461541
cat_boundaries=0 1 2 3 4 5 6 7
cat_threshold=57344 6158 384 8388735 1600 1040 2
is_linear=0
shrinkage=0.1


Tree=100
num_leaves=31
num_cat=5
split_feature=91 76 44 36 32 81 28 87 78 90 0 27 30 25 75 0 90 75 75 34 46 38 47 75 48 31 29 24 73 72
split_gain=3110.35 3398.83 4016.15 4847.86 3940.81 4202.57 7426.62 7271.09 6571.68 5810.09 5557.91 7261.56 6547.16 5358 5163.25 4788.86 4631.08 3876.37 3730.62 3594.83 3499.9 3250.48 3182.62 2985.69 2980.78 2965.57 2961.98 2905.33 2889.79 4231.79
threshold=0.35000000894069677 0 1.0000000180025095e-35 1.0000000180025095e-35 1.0000000180025095e-35 1.0000000180025095e-35 1.0000000180025095e-35 1.0000000180025095e-35 1.0000000180025095e-35 1.0000000180025095e-35 18.94999980926514 1.0000000180025095e-35 1.0000000180025095e-35 1.0000000180025095e-35 1 -2.4500000476837154 1.0000000180025095e-35 2 3 1.0000000180025095e-35 1.0000000180025095e-35 1.0000000180025095e-35 1.0000000180025095e-35 4 0.84999999403953563 1.0000000180025095e-35 1.0000000180025095e-35 1.0000000180025095e-35 139.29000091552737 35.225851058959968
decision_type=8 1 10 10 10 10 8 10 10 10 2 10 10 10 1 2 10 1 1 10 8 10 10 1 8 10 8 2 2 2
left_child=-1 20 3 4 5 6 7 8 9 10 11 12 13 14 15 -3 -7 -4 -12 21 24 22 25 -8 -2 -16 -5 -6 -17 -30
right_child=1 2 17 26 27 16 23 -9 -10 -11 18 -13 -14 -15 19 28 -18 -19 -20 -21 -22 -23 -24 -25 -26 -27 -28 -29 29 -31
leaf_value=0.0095676001544323375 0.011865369746254567 0.024347107656336079 -0.0010123649049243904 -0.02774849231757065 -0.030222911177688508 -0.038315291290900583 -0.0034049942679541287 -0.036822397708461928 -0.045385749011194784 -0.042378335142373609 -0.02111928467598477 -0.070820243902258259 -0.061586161207625306 -0.077813387609307838 0.019471155563010951 0.0055281417209499754 -0.00158776934549071 -0.02533871596817143 0.00047840007755377707 -0.051285083352291518 0.015227639866970444 -0.03473431697858325 -0.015777244504359061 -0.051390010803377885 -0.00042197005512384578 -0.080161023443409307 -0.0001383942056663076 0.004550068416934702 0.090008944625132981 -0.012427740217216434
leaf_weight=318157 224942 91404 116734 109866 74072 56457 20289 45273 26839 26108 101663 11454 12957 6935 664645 300488 87606 149273 374806 7850 193255 12049 27356 35966 1614258 3001 60115 35564 4122 186496
leaf_count=318157 224942 91404 116734 109866 74072 56457 20289 45273 26839 26108 101663 11454 12957 6935 664645 300488 87606 149273 374806 7850 193255 12049 27356 35966 1614258 3001 60115 35564 4122 186496
internal_value=-9.1111e-08 -0.000650268 -0.00301016 -0.00170946 -0.000459637 0.000503617 0.00171544 0.00277375 0.00373848 0.00445842 0.00513579 0.00845844 0.00914777 0.00985042 0.010319 0.00333011 -0.015981 -0.0146644 -0.00413028 0.0160134 0.00242596 0.0167608 0.0176535 -0.0340934 0.00108082 0.0190233 -0.017984 -0.0189432 -0.000581477 -0.0102126
internal_weight=5e+06 4.68184e+06 2.64939e+06 2.38338e+06 2.2134e+06 2.10376e+06 1.9597e+06 1.90345e+06 1.85817e+06 1.83133e+06 1.80523e+06 1.32876e+06 1.3173e+06 1.30435e+06 1.29741e+06 582510 144063 266007 476469 714901 2.03246e+06 707051 695002 56255 1.8392e+06 667646 169981 109636 491106 190618
internal_count=5000000 4681843 2649388 2383381 2213400 2103764 1959701 1903446 1858173 1831334 1805226 1328757 1317303 1304346 1297411 582510 144063 266007 476469 714901 2032455 707051 695002 56255 1839200 667646 169981 109636 491106 190618
cat_boundaries=0 1 2 3 4 5
cat_threshold=523776 4122 4546 4212 960
is_linear=0
shrinkage=0.1


Tree=101
num_leaves=31
num_cat=6
split_feature=75 0 5 15 72 75 72 73 12 76 73 27 8 72 73 76 23 72 75 75 72 81 23 72 23 29 72 21 72 23
split_gain=3159.03 6646.58 6834.82 5361.41 5350.53 8437.34 4596.91 4633.71 4253 3924.43 3567.69 12289.8 4407.99 3657.42 3575.74 3341.5 3308.36 3970.56 3203.58 3201.77 3184.35 3133.25 3124.42 3122.48 3081.64 3033.36 2978.38 2937.7 8637.41 4927.93
threshold=0 6.8500001430511483 11.650000095367433 14.750000000000002 37.249149322509773 1 35.170000076293952 136.97330474853518 14.150000095367433 2 137.86834716796878 1.0000000180025095e-35 15.650000095367433 34.689199447631843 131.59835052490237 3 12.84999990463257 32.438299179077156 4 5 32.880001068115241 1.2500000000000002 18.250000000000004 42.100000381469734 26.44999980926514 1.0000000180025095e-35 36.37919998168946 -0.35000000894069666 41.828350067138679 4.0499999523162851
decision_type=1 2 10 8 2 1 2 2 10 1 2 8 8 2 2 1 10 2 1 1 2 10 10 2 10 10 2 8 2 8
left_child=16 2 3 6 10 8 15 -8 18 24 14 13 26 22 -3 -2 20 -18 -6 -16 -1 -21 -12 -20 -7 -5 -13 -22 -29 -30
right_child=1 4 -4 25 5 9 7 -9 -10 -11 11 12 -14 -15 19 -17 17 -19 23 21 27 -23 -24 -25 -26 -27 -28 28 29 -31
leaf_value=0.021365919666055926 0.022920875298722485 0.006065414514643248 0.063705153672476353 0.046385944579298607 -0.011568049859753085 0.0077398452521792171 0.043103555629871559 0.0068175955278039256 -0.080513311440746305 -0.0084603807301030232 0.10002376914005745 0.12898234565401301 0.034367255429743691 0.0023815327566161326 0.0021732179861951094 -0.021492835229735708 -0.010470178532205929 -0.07254876922483286 -0.034511535249334251 -0.0069860182853547616 0.0019424679705389283 -0.040570097741445571 0.016741382687780443 -0.11044597729154707 -0.018648527246064635 -0.12901481032827963 0.044857830413115578 -0.0079559654335847017 -0.057333737871138095 -0.21149922137814545
leaf_weight=45921 20861 573676 22331 41432 71637 343780 37331 614369 15203 608785 6995 10632 35131 485177 507684 89973 29853 15733 32155 568083 291017 29208 12653 6512 50793 1010 6966 405402 17342 2355
leaf_count=45921 20861 573676 22331 41432 71637 343780 37331 614369 15203 608785 6995 10632 35131 485177 507684 89973 29853 15733 32155 568083 291017 29208 12653 6512 50793 1010 6966 405402 17342 2355
internal_value=-1.02356e-07 0.00110313 0.00913345 0.00761957 -0.00087113 -0.00648337 0.00569419 0.00889615 -0.0309265 -0.00342551 0.001962 0.00889266 0.0548309 0.00409441 -0.000339974 -0.0131332 -0.00572694 -0.0318952 -0.0240949 -0.00366549 -0.0041616 -0.00862816 0.0463912 -0.0472876 0.00434279 0.0422119 0.0956825 -0.00579855 -0.0110979 -0.075766
internal_weight=5e+06 4.19238e+06 827307 804976 3.36507e+06 1.12886e+06 762534 651700 125507 1.00336e+06 2.2362e+06 557554 52729 504825 1.67865e+06 110834 807623 45586 110304 1.10498e+06 762037 597291 19648 38667 394573 42442 17598 716116 425099 19697
internal_count=5000000 4192377 827307 804976 3365070 1128865 762534 651700 125507 1003358 2236205 557554 52729 504825 1678651 110834 807623 45586 110304 1104975 762037 597291 19648 38667 394573 42442 17598 716116 425099 19697
cat_boundaries=0 1 2 3 4 5 6
cat_threshold=6 4120 65408 523776 16 960
is_linear=0
shrinkage=0.1


Tree=102
num_leaves=31
num_cat=9
split_feature=74 72 23 68 0 75 72 75 10 75 72 73 72 49 71 75 76 11 76 22 1 1 75 23 12 75 75 73 81 28
split_gain=3126.98 2966.52 4735.27 3264.94 4828.79 5253.06 5291.69 5208.82 4488.11 3574.65 3247 4005 3196.47 3136.16 3131.16 3088.43 3067.2 2794.17 2646.2 2588.43 2586.08 2403.04 2364.16 3963.9 2854.72 2817.16 2583.26 3764.16 3090.81 3342.78
threshold=1099.0000000000002 41.927499771118171 -3.4500000476837154 0.65000000596046459 15.84999990463257 0 35.059200286865241 1 15.150000095367433 2 42.923349380493171 141.52664947509768 26.048299789428714 0.55000001192092907 4.1499998569488534 3 4 16.349999427795414 5 21.94999980926514 15.949999809265138 32.549999237060554 6 20.650000572204593 23.44999980926514 7 8 144.7174987792969 1.0000000180025095e-35 1.0000000180025095e-35
decision_type=2 2 10 8 2 1 2 1 8 1 2 2 2 10 10 1 1 10 1 10 8 10 1 8 8 1 1 2 10 8
left_child=1 2 -1 9 7 6 12 14 -8 -4 -3 16 -6 -11 -5 -10 -12 -14 -15 -7 -18 -21 -13 26 25 -25 -24 28 29 -28
right_child=-2 10 3 4 5 19 8 -9 15 13 11 22 17 18 -16 -17 20 -19 -20 21 -22 -23 23 24 -26 -27 27 -29 -30 -31
leaf_value=0.027060929450252982 -0.028025922473917681 -0.014374408650765631 0.002697256206161229 -0.00024935923099936563 0.022459592472403579 0.0064957102215176046 -0.025524499101081535 0.014365029716147419 -0.074676839054911778 0.0017429475921122714 -0.0016076581957285491 0.016240273646382895 0.00070968594823139167 -0.0083933633576458791 0.013925122137253687 -0.23299243803739877 0.049694095083062009 -0.027968718041749597 -0.027695252564624562 -0.0034921449900491837 -0.0066254739716507666 0.027730033772221344 0.0090900080829463444 -0.0060240774837383056 -0.094986021111163402 -0.067321315068025495 -0.0057697071541660538 0.017950464953287764 -0.042595366908077997 -0.049275047019825359
leaf_weight=70717 39497 258066 337469 889270 30698 499630 43208 527015 13366 130117 38572 52377 69714 159974 188959 1355 35242 66268 127778 829512 10607 25406 123050 25505 6732 10614 291111 50455 28914 18802
leaf_count=70717 39497 258066 337469 889270 30698 499630 43208 527015 13366 130117 38572 52377 69714 159974 188959 1355 35242 66268 127778 829512 10607 25406 123050 25505 6732 10614 291111 50455 28914 18802
internal_value=-9.54058e-08 0.000223055 0.0014133 0.000952933 0.00235497 -0.00157114 -0.0157345 0.00621728 -0.0417714 -0.00495787 -0.00480135 -0.0012312 -0.00668641 -0.0111399 0.00223469 -0.0894581 0.0191779 -0.0132661 -0.0169657 0.000777512 0.0366568 -0.0025643 -0.00406706 -0.00598308 -0.0352004 -0.0240573 -0.00353948 -0.00753164 -0.0113264 -0.00840912
internal_weight=5e+06 4.9605e+06 4.01046e+06 3.93974e+06 3.1844e+06 1.57916e+06 224609 1.60524e+06 57929 755338 950047 691981 166680 417869 1.07823e+06 14721 84421 135982 287752 1.35455e+06 45849 854918 607560 555183 42851 36119 512332 389282 338827 309913
internal_count=5000000 4960503 4010456 3939739 3184401 1579157 224609 1605244 57929 755338 950047 691981 166680 417869 1078229 14721 84421 135982 287752 1354548 45849 854918 607560 555183 42851 36119 512332 389282 338827 309913
cat_boundaries=0 1 2 3 4 5 6 7 8 9
cat_threshold=6174 5134 992 2064 2096128 8376320 128 6912 352
is_linear=0
shrinkage=0.1


Tree=103
num_leaves=31
num_cat=7
split_feature=74 72 0 23 75 1 75 75 0 75 13 48 52 76 73 73 72 73 44 0 91 72 75 9 21 15 73 72 76 81
split_gain=2828.24 2966.76 5104.99 3745.41 3623.54 4700.31 7104.03 4125.81 4186.58 5167.17 3504.5 3224.63 3830.89 3466.16 3593.99 4657.06 5735.42 8606.66 4302.48 4030.89 3792.57 3588.84 3430.82 3379.53 4870.92 3370.65 3157.57 3078.98 3473.69 3075.4
threshold=669.00000000000011 40.00164985656739 -6.6499998569488517 1.2500000000000002 0 10.650000095367433 1 2 4.2500000000000009 3 17.750000000000004 6.3500001430511483 3.3500000238418584 4 129.87249755859378 134.46669769287112 34.879999160766609 138.99334716796878 1.0000000180025095e-35 16.849999427795414 2.7500000000000004 36.073350906372077 5 14.449999809265138 8.4499998092651385 16.550000190734867 144.7174987792969 35.269151687622077 6 1.0000000180025095e-35
decision_type=2 2 2 10 1 8 1 1 2 1 8 10 10 1 2 2 2 2 10 2 10 2 1 8 10 10 2 2 1 8
left_child=1 2 -1 -4 -3 7 10 -6 -9 -10 26 13 -13 -5 -15 18 17 -17 21 -19 -18 23 -20 25 -25 27 -7 28 -16 -11
right_child=-2 4 3 11 5 6 -8 8 9 29 -12 12 -14 14 15 16 20 19 22 -21 -22 -23 -24 24 -26 -27 -28 -29 -30 -31
leaf_value=0.10155947763219227 -0.01104164270903385 0.0026502110606502378 0.012901502974854571 0.0061455754068575168 0.021079651677085167 -0.010599548770937176 -0.36008030623855314 -0.0028707922370973752 -0.017181047737364268 -0.06736116483716631 -0.049305476051676497 -0.056571790180179188 -0.0075408846400332775 0.016778772220660206 -0.0094700887141039164 0.010784472417357846 0.0011129803297205588 0.13731348147132977 -0.013406312233167081 0.042927673481964156 -0.018068658820268171 0.066793310040423576 -0.05776778246813679 0.042203933605579239 -0.0037519417473499492 0.015500819612073741 -0.082309020300622301 0.030926895504952534 -0.036815181730015592 -0.20838227924673541
leaf_weight=5140 221700 514127 281275 1076453 59157 124501 613 405093 63786 10101 36156 18239 126163 109321 87877 181199 890046 7744 43348 10884 116578 6777 29175 24463 403209 29164 6459 10825 98601 1826
leaf_count=5140 221700 514127 281275 1076453 59157 124501 613 405093 63786 10101 36156 18239 126163 109321 87877 181199 890046 7744 43348 10884 116578 6777 29175 24463 403209 29164 6459 10825 98601 1826
internal_value=-1.61138e-07 0.000512133 0.00197262 0.00182848 -0.00373906 -0.00838069 -0.0230032 -0.00383864 -0.00690481 -0.0284892 -0.0217439 0.000876037 -0.0137338 0.001551 -0.000862568 -0.00185674 0.00196354 0.0174387 -0.0081408 0.0821656 -0.00110846 -0.00560367 -0.0312621 -0.00635371 -0.00112325 -0.0162312 -0.0141363 -0.0209216 -0.0239314 -0.0888767
internal_weight=5e+06 4.7783e+06 3.55648e+06 3.55134e+06 1.22182e+06 707692 167729 539963 480806 75713 167116 3.27007e+06 144402 3.12566e+06 2.04921e+06 1.93989e+06 1.20645e+06 199827 733439 18628 1.00662e+06 660916 72523 654139 427672 226467 130960 197303 186478 11927
internal_count=5000000 4778300 3556481 3551341 1221819 707692 167729 539963 480806 75713 167116 3270066 144402 3125664 2049211 1939890 1206451 199827 733439 18628 1006624 660916 72523 654139 427672 226467 130960 197303 186478 11927
cat_boundaries=0 1 2 3 4 5 6 7
cat_threshold=3968 120 96 24 522240 1000 3671808
is_linear=0
shrinkage=0.1


Tree=104
num_leaves=31
num_cat=8
split_feature=69 0 75 75 72 13 72 49 75 26 75 0 72 72 0 76 81 75 72 21 48 23 12 26 76 72 75 81 33 19
split_gain=2829.92 4908.96 5943.51 5284.65 6998.97 5624.31 6753.24 4690.16 3867.87 3690.06 3503.28 3407.34 3363.02 3264.39 6092.91 3251.39 3149.71 3146.68 2976.68 2972.43 2952.19 2810.61 2938.87 4932.3 4439.48 2779.49 3311.87 2708.13 2768.94 2676
threshold=0.65000000596046459 12.84999990463257 0 1 40.964998245239265 15.750000000000002 35.059200286865241 1.0500000119209292 2 1.0000000180025095e-35 3 23.94999980926514 26.286649703979496 41.475000381469734 6.4500000476837167 4 1.0000000180025095e-35 5 30.90164947509766 22.44999980926514 1.9499999880790713 3.0499999523162846 18.44999980926514 1.0000000180025095e-35 6 34.80999946594239 7 1.0000000180025095e-35 1.0000000180025095e-35 -1.0000000180025095e-35
decision_type=10 2 1 1 2 8 2 10 1 10 1 2 2 2 2 1 10 1 2 10 10 10 10 10 1 2 1 10 8 8
left_child=7 2 13 9 5 8 12 20 19 -3 11 16 -7 18 27 -9 -8 -14 -2 -5 -1 -4 24 -24 -23 -10 -27 28 -15 -20
right_child=1 3 21 4 -6 6 10 15 25 -11 -12 -13 17 14 -16 -17 -18 -19 29 -21 -22 22 23 -25 -26 26 -28 -29 -30 -31
leaf_value=0.0026202636788279078 0.069597737415818595 -0.0004329981557037249 0.028952253967679531 0.029064230069394799 -0.049446668588378206 0.017099056112036302 -0.02332928334328126 -0.0043429891974596244 0.006547020528517568 0.016107184243684132 -0.16036470280424378 -0.10822391459016628 -0.0090928107353411072 -0.00031974349401485571 -0.091942929608924542 -0.021844084986033328 -0.082019894962605658 -0.055897470711010824 0.014504835062733241 -0.029082741987835888 -0.043828182271897935 0.016957017118563227 0.03652001555016935 -0.14322988581890389 -0.0015684088056703118 -0.0098330625629323501 -0.070168183212986679 -0.040573479845258768 -0.042761311675507264 0.00051941246949059096
leaf_weight=515217 6772 1365285 89928 69003 41120 45809 70801 221935 123402 149668 2330 6130 157032 224857 8563 203504 10500 15802 167121 10075 14057 255305 55164 1570 262216 104799 9954 21108 16500 754473
leaf_count=515217 6772 1365285 89928 69003 41120 45809 70801 221935 123402 149668 2330 6130 157032 224857 8563 203504 10500 15802 167121 10075 14057 255305 55164 1570 262216 104799 9954 21108 16500 754473
internal_value=-2.37979e-07 0.00115551 0.00492468 -0.00206404 -0.00948262 -0.00685613 -0.0164723 -0.00489736 0.00249242 0.00120106 -0.0395674 -0.0363257 -0.00699091 0.000722084 -0.00893336 -0.0127151 -0.0309092 -0.0133759 0.00354091 0.0216532 0.00138664 0.0125136 0.00993953 0.0315458 0.00757091 -0.00387057 -0.0150737 -0.00622515 -0.0032212 0.00305552
internal_weight=5e+06 4.04529e+06 1.86358e+06 2.18171e+06 666757 625637 308404 954713 317233 1.51495e+06 89761 87431 218643 1.19939e+06 271028 425439 81301 172834 928366 79078 529274 664183 574255 56734 517521 238155 114753 262465 241357 921594
internal_count=5000000 4045287 1863577 2181710 666757 625637 308404 954713 317233 1514953 89761 87431 218643 1199394 271028 425439 81301 172834 928366 79078 529274 664183 574255 56734 517521 238155 114753 262465 241357 921594
cat_boundaries=0 1 2 3 4 5 6 7 8
cat_threshold=4110 1984 32 2096 2096640 2104 7405440 2072
is_linear=0
shrinkage=0.1


Tree=105
num_leaves=31
num_cat=7
split_feature=74 75 0 76 76 75 72 90 88 0 72 75 5 23 13 73 73 76 85 13 23 9 7 8 19 74 75 72 23 0
split_gain=2882.04 2754.79 5736.17 5064.32 3124.52 4277.83 3173.68 3288.84 2784.98 2933.18 4270.71 4213.38 3326.87 2745.63 2565.27 2557.07 4045.07 3812.99 3072.89 2684.39 2555.04 2494.17 2478.96 2293.43 3076.77 2964.87 2279.19 2206.53 2120.23 5470.95
threshold=64.500000000000014 0 12.449999809265138 1 2 3 33.750799179077156 1.2500000000000002 0.45000000298023229 4.0499999523162851 37.401651382446296 4 9.6500000953674334 14.34999990463257 15.449999809265138 143.1683044433594 144.16750335693362 5 1.6500000357627871 -3.1499999761581416 -2.7499999999999996 19.849999427795414 -3.4500000476837154 -0.55000001192092884 6.6499998569488534 907.50000000000011 6 36.613349914550788 17.750000000000004 20.849999427795414
decision_type=2 1 2 1 1 1 2 10 8 2 2 1 10 8 8 2 2 1 10 10 10 8 10 10 8 2 1 2 10 2
left_child=28 2 3 21 13 6 -6 14 -3 12 -11 -12 15 -4 -8 20 17 -17 -18 22 26 -2 -19 24 -22 -25 -10 -16 29 -1
right_child=1 8 4 -5 5 -7 7 -9 9 10 11 -13 -14 -15 27 16 18 19 -20 -21 23 -23 -24 25 -26 -27 -28 -29 -30 -31
leaf_value=0.005529875549948055 -1.526857845502995e-05 0.008329392159268206 0.031798433208624306 0.036727963940757551 0.0080544330281201188 -0.0025789479760041068 -0.0066432847157570909 -0.10985090575086583 -0.0057288952447247816 -0.007688506360052705 -0.081038455733908568 -0.022008920002038346 0.066583413121776375 0.0020614893756401879 -0.028124882344830029 -0.0068693252117406388 0.050811651559703623 -0.13403117725849412 -0.036555605515892445 -0.039063133950940951 0.0036296461759297532 0.039518596016801244 0.0081735418638727072 -0.0077132538505072113 0.077029209811646696 -0.066283831890380812 0.022897786223843031 -0.071953735400382038 -0.0011074672039111445 -0.052160185086573087
leaf_weight=1442052 130742 127816 33695 74617 25489 500500 36541 5087 44033 482364 13541 112682 7021 395408 40098 18846 10750 7432 6436 12796 95301 18177 1468 234756 6075 8973 75489 16098 999089 16628
leaf_count=1442052 130742 127816 33695 74617 25489 500500 36541 5087 44033 482364 13541 112682 7021 395408 40098 18846 10750 7432 6436 12796 95301 18177 1468 234756 6075 8973 75489 16098 999089 16628
internal_value=-2.77417e-07 -0.00236091 0.000917138 0.0154661 -0.00217163 -0.00668958 -0.0233722 -0.0315631 -0.00566656 -0.00723864 -0.0119737 -0.0283497 -0.00179506 0.00439646 -0.0272687 -0.00271413 -0.0225635 -0.0397983 0.0180934 -0.0683669 -0.000247928 0.0048099 -0.110575 -0.00461203 0.00802815 -0.00986956 0.0123529 -0.0406802 0.00244148 0.00487225
internal_weight=5e+06 2.54223e+06 1.27645e+06 223536 1.05292e+06 623813 123313 97824 1.26578e+06 1.13796e+06 608587 126223 529376 429103 92737 522355 57728 40542 17186 21696 464627 148919 8900 345105 101376 243729 119522 56196 2.45777e+06 1.45868e+06
internal_count=5000000 2542231 1276452 223536 1052916 623813 123313 97824 1265779 1137963 608587 126223 529376 429103 92737 522355 57728 40542 17186 21696 464627 148919 8900 345105 101376 243729 119522 56196 2457769 1458680
cat_boundaries=0 1 2 3 4 5 6 7
cat_threshold=1008 15728767 981120 48 4102 10484736 2
is_linear=0
shrinkage=0.1


Tree=106
num_leaves=31
num_cat=7
split_feature=75 0 5 14 72 75 48 55 3 76 76 75 73 26 72 9 73 55 76 74 23 72 48 34 73 72 23 75 23 0
split_gain=2743.95 5087.73 5429.3 4457.31 3995.75 6212.92 3636.94 4920.61 3538.31 3484.26 3244.77 3110.14 3108.07 10323 4239.47 4207.24 2906.96 2860.97 2787.46 2717.57 2876.29 3254.51 2668.16 2591.12 2506.94 2469.35 2445.17 2387.27 2361.73 2341.52
threshold=0 7.0499999523162851 11.650000095367433 14.650000095367433 37.249149322509773 1 1.8499999642372134 1.9499999880790713 -1.6500000357627866 2 3 4 137.86834716796878 1.0000000180025095e-35 36.775800704956062 16.650000572204593 131.50415039062503 3.0499999523162846 5 639.50000000000011 13.550000190734865 30.03750038146973 6.9500000476837167 1.0000000180025095e-35 129.87249755859378 34.689199447631843 26.44999980926514 6 17.849999427795414 14.650000095367433
decision_type=1 2 8 8 2 1 8 8 10 1 1 1 2 8 2 8 2 10 1 2 10 2 10 10 2 2 10 1 10 2
left_child=19 2 3 6 12 9 7 8 11 29 26 -2 16 23 15 -15 -3 -5 -9 20 24 -22 -18 25 -1 28 -7 -28 -14 -6
right_child=1 4 -4 17 5 10 -8 18 -10 -11 -12 -13 13 14 -16 -17 22 -19 -20 -21 21 -23 -24 -25 -26 -27 27 -29 -30 -31
leaf_value=0.042869538826902656 0.087651791220604847 0.0054722450689716909 0.053572730194531827 0.045037711310188487 -0.054749169079699914 0.0071012139589875459 0.012585892710225702 -0.039853557950920444 0.00061091229844815304 -0.018637734764337808 -0.007607128889228456 0.019119561006843984 0.089309006301861324 0.10796992540282183 -0.0027053404033940357 0.041277842920072388 -0.0027438247747243179 -0.036869864854833727 -0.0081421473559361128 -0.031525815445801519 -0.0063817336092160271 -0.06499134197190258 -0.041166959471751606 0.029834234169615698 -0.0033920048349779701 0.00035530542135215308 -0.13655122557591612 -0.012493325421978828 0.012483207153339424 -0.20884957752960276
leaf_weight=11908 7563 556626 25297 41643 22607 342344 335800 37480 237158 97244 604611 52931 6008 14889 11688 25937 1095556 4751 106423 37772 23059 16082 18376 35516 718802 448124 1592 49201 11981 1031
leaf_count=11908 7563 556626 25297 41643 22607 342344 335800 37480 237158 97244 604611 52931 6008 14889 11688 25937 1095556 4751 106423 37772 23059 16082 18376 35516 718802 448124 1592 49201 11981 1031
internal_value=-2.61393e-07 0.00102794 0.00794078 0.00653944 -0.000727586 -0.0056029 0.00474239 -0.00122255 0.00611747 -0.0270128 -0.00300868 0.0277052 0.00172383 0.0082136 0.0503974 0.0656 -0.000428901 0.0366499 -0.0164048 -0.00533761 -0.00405278 -0.0304629 -0.00337767 0.00379751 -0.0026381 0.00181362 0.00406335 -0.016411 0.0381416 -0.0614445
internal_weight=5e+06 4.19238e+06 849046 823749 3.34333e+06 1.11863e+06 777355 441555 297652 120882 997748 60494 2.2247e+06 554143 52514 40826 1.67056e+06 46394 143903 807623 769851 39141 1.11393e+06 501629 730710 466113 393137 50793 17989 23638
internal_count=5000000 4192377 849046 823749 3343331 1118630 777355 441555 297652 120882 997748 60494 2224701 554143 52514 40826 1670558 46394 143903 807623 769851 39141 1113932 501629 730710 466113 393137 50793 17989 23638
cat_boundaries=0 1 2 3 4 5 6 7
cat_threshold=6 4120 12583039 65408 3104 508 32
is_linear=0
shrinkage=0.1


Tree=107
num_leaves=31
num_cat=4
split_feature=74 72 88 16 74 2 24 72 73 3 73 76 82 66 48 49 2 75 73 90 72 3 72 75 23 75 23 74 73 91
split_gain=2738.5 2949.56 2731.66 2427.04 2503.01 2398.91 2378.32 4489.89 9777.11 4396.73 2708.73 2559.56 3145.68 2417.53 5030.49 2570.3 2334.84 2836.99 2558.52 2188.75 2162.64 2124.82 2064.79 2009.63 1998.64 2154.52 2018.08 2018.89 1970.31 2314.3
threshold=352.00000000000006 37.670000076293952 1.9499999880790713 -2.8500000238418575 1042.5000000000002 -6.6499998569488517 0.75000000000000011 36.37919998168946 136.692497253418 14.84999990463257 142.9716491699219 0 0.84999999403953563 1.3499999642372134 1.7500000000000002 1.9499999880790713 25.050000190734867 1 144.7174987792969 1.0000000180025095e-35 44.835000991821296 31.44999980926514 43.591650009155281 2 6.6499998569488534 3 16.349999427795414 50.500000000000007 137.86834716796878 2.9500000476837163
decision_type=2 2 8 8 2 8 2 2 2 8 2 1 8 8 10 10 10 1 2 10 2 8 2 1 8 1 8 2 2 10
left_child=2 3 -1 -2 5 -5 11 8 -8 -10 -9 16 -13 14 15 -14 17 -4 20 -3 24 -18 -12 -6 -19 26 27 -26 -7 -30
right_child=1 19 6 4 23 28 7 10 9 -11 22 12 13 -15 -16 -17 21 18 -20 -21 -22 -23 -24 -25 25 -27 -28 -29 29 -31
leaf_value=0.0042708680840377418 0.022506099573415914 -0.016133313469150999 -0.0025485774517366839 0.087602932714142948 -0.10967868975239209 -0.0091370758466797833 0.0082120772924934252 -0.014133496215558755 0.15206061373032609 0.053022764464314469 0.089408816563679619 0.006119896150074986 -0.0011829662834047176 -0.0031194970299306224 -0.026814363693543133 -0.034348362626987712 -0.01133091655134949 0.028476568620664767 -0.037243067848397274 -0.062720003082648149 -0.03076277980124947 0.016507112889644793 -0.010855289161755505 -0.022688473547543615 0.018599550727041982 0.0044588208204057083 0.015121234716220584 0.083397406490295242 0.0062960096806921224 -0.022026806158881102
leaf_weight=1579204 35092 94065 267968 2917 2861 283325 67301 65509 7008 12439 4772 257008 255683 957920 151517 25718 168825 70582 10842 11296 11490 32735 3606 35803 9502 221364 75796 9734 235235 32883
leaf_count=1579204 35092 94065 267968 2917 2861 283325 67301 65509 7008 12439 4772 257008 255683 957920 151517 25718 168825 70582 10842 11296 11490 32735 3606 35803 9502 221364 75796 9734 235235 32883
internal_value=-2.58563e-07 -0.00564462 0.000970089 -0.00304742 -0.00455955 -0.0028438 -0.000969615 0.010829 0.0262585 0.0887124 -0.00728621 -0.00171972 -0.00404406 -0.00592225 -0.0121239 -0.00421404 0.00263852 0.0054504 0.010687 -0.021128 0.0119914 -0.00680979 0.0462538 -0.0291597 0.0132608 0.00986649 0.0224601 0.0513892 -0.00332224 0.00282239
internal_weight=5e+06 733477 4.26652e+06 628116 593024 554360 2.68732e+06 160635 86748 19447 73887 2.52668e+06 1.64785e+06 1.39084e+06 432918 281401 878838 677278 409310 105361 398468 201560 8378 38664 386978 316396 95032 19236 551443 268118
internal_count=5000000 733477 4266523 628116 593024 554360 2687319 160635 86748 19447 73887 2526684 1647846 1390838 432918 281401 878838 677278 409310 105361 398468 201560 8378 38664 386978 316396 95032 19236 551443 268118
cat_boundaries=0 1 2 3 4
cat_threshold=520192 7170 6 416
is_linear=0
shrinkage=0.1


Tree=108
num_leaves=31
num_cat=11
split_feature=76 75 23 66 48 56 20 72 75 23 13 76 75 0 72 75 76 21 76 75 75 73 28 73 72 56 23 75 23 0
split_gain=2641.85 2429.7 5438.18 3347.99 2844.31 2927.36 2834.72 3431.97 2765.39 2894.09 2717.14 2572.41 2486.64 3550.85 3867.47 3710.51 3603.86 3510.34 3454.48 3066.22 2772.27 2540.29 8136.9 2347.09 2264.27 3019.25 2760.96 3406.83 2667.32 2140.65
threshold=0 1 6.2500000000000009 1.2500000000000002 2.0499999523162846 2.3500000238418584 14.650000095367433 27.989149093627933 2 -5.8500001430511466 16.050000190734867 3 4 21.050000190734867 37.249149322509773 5 6 19.550000190734867 7 8 9 137.86834716796878 1.0000000180025095e-35 144.04920196533206 30.03750038146973 3.0499999523162846 24.44999980926514 10 28.650000572204593 13.750000000000002
decision_type=1 1 10 8 10 8 10 2 1 8 8 1 1 2 2 1 1 10 1 1 1 2 10 2 2 8 8 1 10 2
left_child=-1 3 8 4 5 -2 11 -8 -3 -10 -9 -5 17 14 15 21 -16 -4 29 -15 -18 -14 -23 -22 -21 26 -26 28 -28 -17
right_child=1 2 12 6 -6 -7 7 10 9 -11 -12 -13 13 19 16 18 20 -19 -20 24 23 22 -24 -25 25 -27 27 -29 -30 -31
leaf_value=-0.0060787365271842775 1.3179458375897098e-05 0.048759746870992174 0.022227831237403361 -0.0064378087269539438 -0.023773394616179645 -0.0258772539022631 0.00023363454684450464 -0.032252119565756521 0.066983051745655081 0.0098380189841272437 -0.11733468569736626 0.007050749424652324 -0.0049688616985920529 -0.038316876641032248 0.0037110556741439941 0.054114819557441587 -0.0052298438509529822 0.0028385472632578494 0.0063316099046195661 0.013401026052380652 -0.02105781859369095 0.0030357497141807813 0.08742182786012978 -0.087094569284084253 0.0018908402379283194 -0.025421237237745753 -0.04417002291834423 -0.010080375340228771 -0.17197468240732264 0.019762319791367593
leaf_weight=625553 220994 20672 109466 210218 115949 54427 25239 13136 9080 369953 5255 431768 362539 31064 278295 21626 227112 635174 337945 54064 108539 114529 12693 5663 250152 83955 14035 136535 1848 112522
leaf_count=625553 220994 20672 109466 210218 115949 54427 25239 13136 9080 369953 5255 431768 362539 31064 278295 21626 227112 635174 337945 54064 108539 114529 12693 5663 250152 83955 14035 136535 1848 112522
internal_value=-2.58794e-07 0.000868985 0.00221587 -0.00325481 -0.0106345 -0.00510313 0.000957664 -0.0237076 0.0131503 0.0112067 -0.0565634 0.00263394 0.000707616 -0.00101511 0.00142645 0.00539552 -0.00473495 0.0056888 0.0117216 -0.00776966 -0.0116213 -0.000702531 0.011455 -0.0243303 -0.0060135 -0.00817101 -0.00457352 -0.015183 -0.0590031 0.0252984
internal_weight=5e+06 4.37445e+06 3.29746e+06 1.07699e+06 391370 275421 685616 43630 399705 379033 18391 641986 2.89776e+06 2.15312e+06 1.58146e+06 961854 619609 744640 472093 571653 341314 489761 127222 114202 540589 486525 402570 152418 15883 134148
internal_count=5000000 4374447 3297461 1076986 391370 275421 685616 43630 399705 379033 18391 641986 2897756 2153116 1581463 961854 619609 744640 472093 571653 341314 489761 127222 114202 540589 486525 402570 152418 15883 134148
cat_boundaries=0 1 2 3 4 5 6 7 8 9 10 11
cat_threshold=112 4102 992 395136 384 3080 65408 1041408 24 3648 32
is_linear=0
shrinkage=0.1


Tree=109
num_leaves=31
num_cat=5
split_feature=74 76 91 0 48 48 72 83 73 23 82 71 11 72 75 0 73 87 0 48 75 81 30 73 3 71 75 86 88 75
split_gain=2597.78 3520.33 2988.69 2938.51 2790.49 2771.51 2425.92 2401.86 2319.07 2287.12 2286.1 2513.31 2213.11 2647.29 4751.62 3862.55 5004.94 3236.89 2822.51 2776.07 2654.78 2571.48 2370.88 3186 2232.69 2144.59 2039.49 1947.06 1876.91 1827.7
threshold=16.500000000000004 0 1.8499999642372134 4.2500000000000009 5.9500000476837167 0.45000000298023229 32.093299865722663 5.0499999523162851 142.4674987792969 13.250000000000002 0.65000000596046459 0.35000000894069677 -10.349999904632567 36.902500152587898 1 6.0499999523162851 138.67330169677737 1.0000000180025095e-35 17.050000190734867 0.94999998807907116 2 1.0000000180025095e-35 1.0000000180025095e-35 142.9716491699219 8.4499998092651385 8.9499998092651385 3 5.0499999523162851 6.4500000476837167 4
decision_type=2 1 8 2 8 10 2 10 2 10 8 8 8 2 1 2 2 10 2 10 1 10 10 2 10 10 1 10 10 1
left_child=3 12 6 7 8 -4 9 27 28 -3 -7 -12 -2 15 17 16 20 18 -15 -17 -14 -18 -16 -24 -19 29 -10 -1 -5 -13
right_child=1 2 5 4 -6 10 -8 -9 26 -11 11 25 13 14 22 19 21 24 -20 -21 -22 -23 23 -25 -26 -27 -28 -29 -30 -31
leaf_value=0.011643543204132306 0.038636066544559221 0.057744460634280542 0.0031231306283279071 0.0051169144194810924 -0.014227790900467885 0.0039719596078591742 -0.00041015002690578882 0.080504538573834147 -0.002514667163791986 0.0077958664953620554 -0.024633375261311683 0.0013336659827809798 0.011352853594309565 -0.01044359407559883 0.0011242320548074261 0.022589502342294041 0.085788382274272337 -0.044227971967738644 -0.13944924075489454 0.001837263493830596 0.079860321475835161 0.26252503364713509 0.017386827629877446 0.11047568860890909 -0.15062543327751657 0.029261079196303524 -0.047649634496699012 0.078592543662771339 -0.026982985995543669 -0.010728970639493811
leaf_weight=191226 17594 13644 256899 915593 98462 134664 1127780 5444 26914 27940 103879 148691 42848 121403 289355 74579 6628 16131 1720 475159 6509 940 26230 4276 2247 14991 15937 4445 18585 809287
leaf_count=191226 17594 13644 256899 915593 98462 134664 1127780 5444 26914 27940 103879 148691 42848 121403 289355 74579 6628 16131 1720 475159 6509 940 26230 4276 2247 14991 15937 4445 18585 809287
internal_value=-2.32978e-07 -0.00133491 -0.00330751 0.00389252 0.00181783 -0.00631134 0.00046446 0.0149872 0.00343486 0.0241843 -0.0083119 -0.00984804 0.00345802 0.00287855 -0.00283049 0.00722023 0.0320167 -0.0180879 -0.0122458 0.00465257 0.0204058 0.10774 0.00391956 0.030435 -0.0572367 -0.00826949 -0.0193128 0.0131644 0.0044783 -0.00885679
internal_weight=5e+06 3.72339e+06 2.63778e+06 1.27661e+06 1.07549e+06 1.46841e+06 1.16936e+06 201115 977029 41584 1.21151e+06 1.07685e+06 1.08562e+06 1.06802e+06 461362 606663 56925 141501 123123 549738 49357 7568 319861 30506 18378 972969 42851 195671 934178 957978
internal_count=5000000 3723394 2637775 1276606 1075491 1468411 1169364 201115 977029 41584 1211512 1076848 1085619 1068025 461362 606663 56925 141501 123123 549738 49357 7568 319861 30506 18378 972969 42851 195671 934178 957978
cat_boundaries=0 1 2 3 4 5
cat_threshold=260096 6150 4102 3968 384
is_linear=0
shrinkage=0.1


Tree=110
num_leaves=31
num_cat=7
split_feature=74 88 23 72 75 75 23 72 22 75 0 72 76 1 70 8 72 75 24 26 73 73 72 72 84 73 75 23 73 76
split_gain=2497.52 2573.81 2368.51 3639.68 3803.96 2816.89 2603.47 2630.34 2478.36 4486.79 3848.77 2995.23 3023.21 2939.54 2901.23 3189.06 2735.07 2637.57 2427.39 2280.64 2249.69 3014.55 3831.91 2390.56 3709.89 2139.29 2126.53 2405.17 2096.38 2011.57
threshold=249.50000000000003 1.8499999642372134 22.44999980926514 26.891649246215824 0 1 13.550000190734865 36.775800704956062 14.250000000000002 2 20.550000190734867 44.01414871215821 3 13.650000095367433 1.3499999642372134 19.550000190734867 35.225851058959968 4 0.75000000000000011 1.0000000180025095e-35 139.94915008544925 137.42579650878909 34.788349151611335 35.73249816894532 1.0000000180025095e-35 143.05250549316409 5 17.849999427795414 136.15579986572268 6
decision_type=2 10 10 2 1 1 10 2 10 1 2 2 1 10 10 10 2 1 2 8 2 2 2 2 10 2 1 10 2 1
left_child=2 -2 3 -1 6 25 -5 -8 10 11 14 12 26 -11 15 18 -15 -18 -6 -20 21 23 -23 -16 28 -4 27 -10 -25 -22
right_child=1 -3 5 4 8 -7 7 -9 9 13 -12 -13 -14 16 20 -17 17 -19 19 -21 29 22 -24 24 -26 -27 -28 -29 -30 -31
leaf_value=0.031642089186458881 -0.0018062995817156855 -0.013961604842620007 -0.0002985045966657177 0.040930797997426042 -0.0049628987476564483 -0.017144738674479739 0.02484065717581279 0.0040548539944040285 -0.0088310738557268731 -0.0042737341505771406 -0.079655800916249866 -0.044525082370941542 0.0050547938477966715 -0.035116493201785469 0.0030292628847273487 0.02472033923738326 -0.088115469473763239 -0.32703717251909176 -0.016110978360673617 0.036560378485738704 0.014176133137454772 0.067864444409081556 0.017009346322067544 0.086085527623202873 -0.031625378554164765 -0.038926496062978183 -0.0010445288084448676 -0.03940544929220198 0.028503256113181746 -0.0008796561565777238
leaf_weight=42250 873338 217602 726220 28352 658421 127648 81540 240288 78726 30139 5654 15856 395103 35282 340645 42400 5112 503 11764 27293 108523 16490 145998 8000 8748 14626 158461 38221 30153 486644
leaf_count=42250 873338 217602 726220 28352 658421 127648 81540 240288 78726 30139 5654 15856 395103 35282 340645 42400 5112 503 11764 27293 108523 16490 145998 8000 8748 14626 158461 38221 30153 486644
internal_value=-2.03343e-07 -0.00423083 0.00118048 0.00249603 0.00208533 -0.00342522 0.0118802 0.00932125 0.000790047 -0.00404347 0.0027263 -0.00156715 -0.000551316 -0.0279662 0.00297339 -0.00190737 -0.0454331 -0.110258 -0.00352608 0.0206957 0.00612669 0.0107372 0.0221703 0.00594352 0.02711 -0.0010611 -0.00859377 -0.0188219 0.0405772 0.00186585
internal_weight=5e+06 1.09094e+06 3.90906e+06 3.04057e+06 2.99832e+06 868494 350180 321828 2.64814e+06 757403 1.89073e+06 686367 670511 71036 1.88508e+06 739878 40897 5615 697478 39057 1.1452e+06 550034 162488 387546 46901 740846 275408 116947 38153 595167
internal_count=5000000 1090940 3909060 3040566 2998316 868494 350180 321828 2648136 757403 1890733 686367 670511 71036 1885079 739878 40897 5615 697478 39057 1145201 550034 162488 387546 46901 740846 275408 116947 38153 595167
cat_boundaries=0 1 2 3 4 5 6 7
cat_threshold=896 960 3184 15728767 4104 2096 61440
is_linear=0
shrinkage=0.1


Tree=111
num_leaves=31
num_cat=5
split_feature=79 76 72 73 72 75 13 23 73 24 73 0 73 55 48 14 69 23 75 49 75 22 5 89 23 64 48 85 76 11
split_gain=2486.88 2886.29 2906.28 2701.1 3307.24 6743.06 5096.68 5159.32 4934.7 3784.12 3175.97 2743.81 2661.53 2657.27 2552.11 2452.06 2935.26 2871.18 2608.24 2345.9 2293.93 3625.72 3067.64 2813.62 2709.85 2656 3099.34 2534.5 2468.09 2453.42
threshold=0.35000000894069677 0 45.113349914550788 141.04750061035159 36.902500152587898 1 11.650000095367433 6.2500000000000009 139.94915008544925 0.75000000000000011 136.97330474853518 4.0499999523162851 144.7174987792969 1.8499999642372134 2.0499999523162846 21.750000000000004 1.2500000000000002 16.849999427795414 2 3.0499999523162846 3 8.6500000953674334 10.650000095367433 8.2500000000000018 4.6499998569488534 6.5499999523162851 7.5499999523162851 1.3499999642372134 4 0.65000000596046459
decision_type=8 1 2 2 2 1 10 10 2 2 2 2 2 8 10 8 10 8 1 8 1 10 8 10 8 10 10 8 1 10
left_child=-1 2 3 4 6 8 9 10 -6 -2 -8 -10 13 19 -15 16 18 -17 -9 -5 25 22 23 29 -24 26 27 -3 -29 -22
right_child=1 20 -4 12 5 -7 7 15 11 -11 -12 -13 -14 14 -16 17 -18 -19 -20 -21 21 -23 24 -25 -26 -27 -28 28 -30 -31
leaf_value=0.0098415342068996423 -0.023172835708808931 0.0057106837108568571 0.041246607688941173 -0.00477205754553503 0.071834953517995279 -0.0023496108009055921 0.047085694303414 0.035815538020484601 0.028560788280289618 0.041216903854236653 -0.0045762426428448619 -0.028140767304242083 0.019895631465616008 -0.045964272563536274 -0.014342038660743326 0.022761324760294625 -0.0028685861953950398 -0.0028565394942354251 -0.031649891910349753 -0.053662700731463703 0.012094845552407651 0.00063015897283500615 0.054923536938108919 0.031808893679341463 0.016527522523811105 0.020735587991568279 -0.045695915335480397 -0.015376365815880639 -0.00201844795461583 -0.0040150735400048335
leaf_weight=244207 184161 206427 13785 141092 22782 204119 33600 6168 36219 9603 18425 11165 21709 47601 55024 52296 127092 267710 79688 10548 177803 2039855 23867 38776 79970 43075 18072 225481 357826 201854
leaf_count=244207 184161 206427 13785 141092 22782 204119 33600 6168 36219 9603 18425 11165 21709 47601 55024 52296 127092 267710 79688 10548 177803 2039855 23867 38776 79970 43075 18072 225481 357826 201854
internal_value=-2.66008e-07 -0.000505636 -0.00443318 -0.00490703 -0.0025991 0.00684387 -0.00592506 -0.00126906 0.0335841 -0.0199817 0.0287893 0.0152003 -0.0137133 -0.0165828 -0.0290095 -0.00420325 -0.0125183 0.00132998 -0.0268026 -0.00817287 0.0010396 0.00253361 0.00996808 0.00615024 0.0253529 -0.00345908 -0.00474926 -0.00381225 -0.00718233 0.00352961
internal_weight=5e+06 4.75579e+06 1.34279e+06 1.329e+06 1.05303e+06 274285 778743 584979 70166 193764 52025 47384 275974 254265 102625 532954 212948 320006 85856 151640 3.41301e+06 2.56212e+06 522270 418433 103837 850881 807806 789734 583307 379657
internal_count=5000000 4755793 1342787 1329002 1053028 274285 778743 584979 70166 193764 52025 47384 275974 254265 102625 532954 212948 320006 85856 151640 3413006 2562125 522270 418433 103837 850881 807806 789734 583307 379657
cat_boundaries=0 1 2 3 4 5
cat_threshold=254 6146 896 6146 1967872
is_linear=0
shrinkage=0.1


Tree=112
num_leaves=31
num_cat=10
split_feature=85 72 75 0 75 75 69 23 0 23 61 76 7 72 72 72 23 75 10 72 21 75 71 73 3 76 33 75 75 75
split_gain=2413.83 2514.8 2682.82 4913.74 6881.43 4926.9 4618.21 3568.11 3427.32 3258.87 3234.5 3137.18 3041.01 2485.2 2462.89 2380.23 2412.71 2349.49 2343.04 2334.23 2645.53 2806.98 2754.33 2530.3 2283.44 2222.45 3291.47 2883.53 2321.85 2196.99
threshold=0.35000000894069677 32.232500076293952 0 16.150000572204593 1 2 1.2500000000000002 19.250000000000004 9.4499998092651385 1.6500000357627871 2.8500000238418584 3 20.849999427795414 34.859149932861335 36.125000000000007 36.436649322509773 8.6500000953674334 4 9.8499999046325701 41.828350067138679 8.0500001907348651 5 3.5499999523162846 144.7174987792969 -3.0499999523162837 6 1.0000000180025095e-35 7 8 9
decision_type=8 2 1 2 1 1 8 10 2 10 8 1 10 2 2 2 8 1 8 2 10 1 8 2 8 1 10 1 1 1
left_child=-1 -2 7 5 14 8 9 -3 -4 -7 25 12 -10 -12 18 -13 -17 -15 -5 20 21 -8 -23 -21 -25 26 -6 -27 -28 -22
right_child=1 2 3 4 10 6 19 -9 11 -11 13 15 -14 17 -16 16 -18 -19 -20 23 29 22 -24 24 -26 27 28 -29 -30 -31
leaf_value=0.0082733189723030089 0.0077457332586821585 0.021583025442466534 0.032069991769827437 -0.0096933448163349697 -0.0028114551885995982 0.00079155675828008771 -0.0028891511333415097 0.0014705684146044382 -0.0097625736992921729 -0.012481274910228062 -0.0053018404393066522 0.04724286454198922 0.033020707601160722 -0.074628046646069118 -0.13089718141920356 0.071318840045856507 0.0073763594969505769 -0.023240664614728845 -0.074024557125982299 -0.0077716631260747087 -0.017397210312588163 0.0077004941348628592 0.025417219602613644 0.058727945628890367 0.0035163639959297117 -0.0066620828066563942 -0.062132610546890003 -0.034075753286872588 0.030730862271040285 0.0015901984066329891
leaf_weight=329401 336363 102478 64897 10186 536001 288929 149841 633449 120256 514207 88514 22782 19277 9691 3955 6299 93396 108231 12746 331247 71842 289073 125998 10789 24504 200691 2862 47435 43426 401234
leaf_count=329401 336363 102478 64897 10186 536001 288929 149841 633449 120256 514207 88514 22782 19277 9691 3955 6299 93396 108231 12746 331247 71842 289073 125998 10789 24504 200691 2862 47435 43426 401234
internal_value=-2.42524e-07 -0.000583748 -0.00123017 -0.00235531 -0.00805948 3.86754e-05 -0.00165794 0.00427117 0.011496 -0.00770636 -0.0067639 0.00640044 -0.00385163 -0.0179661 -0.0579972 0.018079 0.0114164 -0.0274721 -0.0454497 0.00180064 0.00422318 0.00884311 0.0130782 -0.00505964 0.0203944 -0.00397918 -0.000602031 -0.011904 0.0249823 -0.00129359
internal_weight=5e+06 4.6706e+06 4.33424e+06 3.59831e+06 1.06374e+06 2.53457e+06 2.20766e+06 735927 326907 803136 1.03685e+06 262010 139533 206436 26887 122477 99695 117922 22932 1.40453e+06 1.03799e+06 564912 415071 366540 35293 830415 582289 248126 46288 473076
internal_count=5000000 4670599 4334236 3598309 1063738 2534571 2207664 735927 326907 803136 1036851 262010 139533 206436 26887 122477 99695 117922 22932 1404528 1037988 564912 415071 366540 35293 830415 582289 248126 46288 473076
cat_boundaries=0 1 2 3 4 5 6 7 8 9 10
cat_threshold=384 4110 608 12583039 2064 2 2096640 1600 16 6
is_linear=0
shrinkage=0.1


Tree=113
num_leaves=31
num_cat=6
split_feature=85 53 72 75 0 23 75 71 49 48 12 1 75 10 72 22 75 73 23 72 8 75 22 12 76 72 73 25 23 74
split_gain=2374.25 2907 2646.39 2667.78 3901.35 3411.11 3492.76 3576.47 4224.62 3480.38 3231.32 2888.72 2876.38 3852.36 2708.65 4061.07 3451.09 2881.73 2875.12 2503.2 2492.86 2460.38 2481.67 2385.06 2374.89 3377.19 3599.3 6231.66 2208.88 2178.77
threshold=5.2500000000000009 2.0499999523162846 32.94585037231446 0 13.34999990463257 19.250000000000004 1 1.3499999642372134 1.7500000000000002 2.3500000238418584 14.750000000000002 20.650000572204593 2 19.650000572204593 38.379999160766609 -0.45000000298023218 3 140.40999603271487 7.6499998569488534 43.281700134277351 4.8500001430511483 4 18.250000000000004 26.050000190734867 5 36.775800704956062 137.86834716796878 1.0000000180025095e-35 29.849999427795414 498.00000000000006
decision_type=10 8 2 1 2 10 1 8 10 10 8 10 1 8 2 8 1 2 10 2 8 1 10 10 1 2 2 8 10 2
left_child=2 -2 21 4 14 6 -5 8 9 23 -6 -12 13 28 17 -16 18 24 19 -17 -3 22 -1 -8 -4 26 -26 -28 -7 -29
right_child=1 20 3 5 10 12 7 -9 -10 -11 11 -13 -14 -15 15 16 -18 -19 -20 -21 -22 -23 -24 -25 25 -27 27 29 -30 -31
leaf_value=0.029174769828612657 -0.028693177745668319 0.015661806514364461 -0.0058687126963413543 0.03164645881521351 -0.0085506799263402791 -0.0069133638520696601 0.0030999072967213392 0.008143648505929392 -0.014041078098029262 -0.040370289942110428 -0.031006146189746311 -0.11384296914459953 -0.0009649753620552654 -0.054461862803914012 0.001814726362489258 -0.030418986946892157 -0.011867992082851418 0.026156098516129989 -0.1785672004041578 -0.12179735506795307 -0.010059990636500125 0.0026683346574206093 0.002287792371453129 0.036385358169966985 0.0039107722294643059 -0.015185290218487352 0.020600376689175554 0.16550579987066688 -0.17891759097781454 0.035287312698023467
leaf_weight=87487 59660 50515 326815 45904 117323 87999 530447 848913 193824 17885 50454 4593 1141406 22793 231399 29496 213460 46075 1562 3337 148278 293998 56498 22438 227034 63152 70416 4243 753 1843
leaf_count=87487 59660 50515 326815 45904 117323 87999 530447 848913 193824 17885 50454 4593 1141406 22793 231399 29496 213460 46075 1562 3337 148278 293998 56498 22438 227034 63152 70416 4243 753 1843
internal_value=-2.56013e-07 -0.00933382 0.000508499 -0.00024517 -0.00384752 0.00147564 0.00444947 0.0036755 -0.00128535 0.00304629 -0.0179292 -0.0379179 -0.00246289 -0.0177889 -0.00185609 -0.00771226 -0.0166067 0.00193877 -0.0459991 -0.0397063 -0.00352386 0.00791396 0.0186233 0.00445075 0.000329813 0.00585432 0.0102319 0.028991 -0.0083727 0.126072
internal_weight=5e+06 258453 4.74155e+06 4.30356e+06 1.3912e+06 2.91236e+06 1.65941e+06 1.61351e+06 764594 570770 172370 55047 1.25295e+06 111545 1.21883e+06 479254 247855 739578 34395 32833 198793 437983 143985 552885 693503 366688 303536 76502 88752 6086
internal_count=5000000 258453 4741547 4303564 1391202 2912362 1659411 1613507 764594 570770 172370 55047 1252951 111545 1218832 479254 247855 739578 34395 32833 198793 437983 143985 552885 693503 366688 303536 76502 88752 6086
cat_boundaries=0 1 2 3 4 5 6
cat_threshold=30 256 6176 4 60 8389119
is_linear=0
shrinkage=0.1


Tree=114
num_leaves=31
num_cat=7
split_feature=74 72 23 2 76 79 0 75 72 23 75 23 10 73 72 73 76 48 75 1 59 48 82 24 75 67 8 75 28 73
split_gain=2405.86 2794.86 4566.76 2928.2 2420.07 2507.93 2387.07 4655.22 2774.15 2761.89 2637.62 2890.79 2566.64 2371.13 2323.93 3241.47 2485.88 2286.59 2243.1 2166.81 2147.53 2190.49 2066.86 2204.84 3021.1 3086.5 2618.74 3668.25 2305.86 2269.34
threshold=669.00000000000011 41.475000381469734 -3.8500000238418575 -6.6499998569488517 0 2.5499999523162846 22.849999427795414 1 33.781700134277351 12.449999809265138 2 24.44999980926514 22.349999427795414 141.5683517456055 42.974149703979499 141.5683517456055 3 0.15000000223517421 4 16.750000000000004 2.2500000000000004 4.3500001430511483 0.65000000596046459 1.0000000180025095e-35 5 0.84999999403953563 12.250000000000002 6 1.0000000180025095e-35 139.94915008544925
decision_type=2 2 10 8 1 8 2 1 2 10 1 10 8 2 2 2 1 10 1 8 8 8 8 2 1 8 10 1 10 2
left_child=1 2 -1 -4 6 -6 7 9 -9 -5 -8 -12 -13 -10 18 16 19 -7 -3 -16 21 -17 -19 24 -24 -26 28 -28 -25 -27
right_child=-2 14 3 4 5 17 10 8 13 -11 11 12 -14 -15 15 20 -18 22 -20 -21 -22 -23 23 26 25 29 27 -29 -30 -31
leaf_value=0.034081064733155086 -0.010183883781497637 -0.0013989918664171663 0.085779216511232714 0.11875713023956339 0.0032638416865555485 0.011446605106946102 0.0035913388492815356 0.017314962401238407 0.00090822185999737753 0.024624659522840972 0.00067840374553999612 -0.044160525738009722 0.0043213435377603276 0.041529558910891225 0.045652621904509506 0.0043195206711073748 0.00015593357229172532 0.0066260610001551493 -0.018431602791527116 -0.011277989305598243 -0.010468596411047283 -0.023687481629155648 -0.0017853928716515329 0.0030926594558558351 -0.026079708272824177 -0.0046689553959754449 0.010001938652424642 -0.034042778054799584 0.04750867761729731 -0.023192235218177853
leaf_weight=43081 221700 132945 4102 3214 1014112 99415 305995 147384 563053 103208 62258 39690 15064 14746 34079 302033 42025 154787 184812 8317 254816 30771 533997 23123 126113 341404 60618 27470 23636 82032
leaf_count=43081 221700 132945 4102 3214 1014112 99415 305995 147384 563053 103208 62258 39690 15064 14746 34079 302033 42025 154787 184812 8317 254816 30771 533997 23123 126113 341404 60618 27470 23636 82032
internal_value=-2.27291e-07 0.000472266 0.00170845 0.00133609 0.00124351 -0.000563026 0.00482411 0.0079351 0.00506861 0.0274649 -0.00129178 -0.0140606 -0.0308221 0.00194492 -0.00425929 -0.00092742 0.0173956 -0.00319843 -0.011306 0.0344762 -0.00355981 0.00173 -0.00425869 -0.00564151 -0.00714221 -0.0123472 0.00641711 -0.00373601 0.0255443 -0.00825746
internal_weight=5e+06 4.7783e+06 3.7885e+06 3.74542e+06 3.74132e+06 2.48671e+06 1.25461e+06 831605 725183 106422 423007 117012 54754 577799 989798 672041 84421 1.4726e+06 317757 42396 587620 332804 1.37318e+06 1.21839e+06 1.08355e+06 549549 134847 88088 46759 423436
internal_count=5000000 4778300 3788502 3745421 3741319 2486707 1254612 831605 725183 106422 423007 117012 54754 577799 989798 672041 84421 1472595 317757 42396 587620 332804 1373180 1218393 1083546 549549 134847 88088 46759 423436
cat_boundaries=0 1 2 3 4 5 6 7
cat_threshold=261120 96 3968 14680575 3968 1008 4032
is_linear=0
shrinkage=0.1


Tree=115
num_leaves=31
num_cat=7
split_feature=74 72 23 73 75 76 88 12 0 73 73 72 73 82 76 72 85 75 72 3 76 86 75 72 87 73 72 84 32 75
split_gain=2267.37 2317.69 2249.88 3001.2 2999.18 2754.21 2595.07 2493.98 3363.22 2771.64 6172.14 3829.26 4291.97 3706.2 4663.35 4566.09 3985.75 3408.83 3235.74 3332.07 2869.18 2682.49 2596.89 2595.41 2570.22 2437.6 2420.66 2340.79 2565.58 2277.61
threshold=352.00000000000006 37.670000076293952 22.250000000000004 129.38750457763675 0 1 0.65000000596046459 1.8499999642372134 -4.2499999999999991 139.94915008544925 135.9633483886719 34.879999160766609 138.99334716796878 1.8499999642372134 2 35.502500534057624 1.3499999642372134 3 41.927499771118171 4.6499998569488534 4 14.34999990463257 5 41.475000381469734 0.75000000000000011 143.05250549316409 37.095001220703132 1.0000000180025095e-35 1.0000000180025095e-35 6
decision_type=2 2 10 2 1 1 8 8 2 2 2 2 2 8 1 2 8 1 2 10 1 10 1 2 8 2 2 10 10 1
left_child=2 -2 3 -1 5 -5 -6 22 -9 10 13 12 -12 -10 -15 16 -16 18 -11 29 -14 24 -8 -24 -18 -4 -7 28 -25 -20
right_child=1 -3 25 4 6 26 7 8 9 17 11 -13 20 14 15 -17 21 -19 19 -21 -22 -23 23 27 -26 -27 -28 -29 -30 -31
leaf_value=0.023446470326914218 -0.0028338967408248223 -0.018861235426562629 -0.0026880446279999343 0.018201833922825979 0.0087366722865123599 0.012646803350712086 0.034337797814416308 0.066905729816056012 0.0043735977066044823 -0.019530717123186353 0.014078797680873834 0.0042638462883848576 0.021807959836196114 -0.0011413678960237985 -0.0072648603516344366 0.029485356294903561 -0.047433282974564304 -0.0056729369866212291 -0.007043771366910122 -0.17843489798430212 0.094084241128835844 -0.0063080468135484806 0.010207949377418993 0.0017840109595967835 0.0035401928598391068 -0.039806452216657601 -0.0016883442442756887 -0.035636689467487014 -0.038351128077724665 -0.10776288201979907
leaf_weight=64683 628116 105361 939080 180082 308098 190366 28166 6864 211423 72778 61121 373099 9245 215536 76673 16244 100489 494467 5482 2502 13598 25233 263787 227332 10972 18032 309002 21241 17127 3801
leaf_count=64683 628116 105361 939080 180082 308098 190366 28166 6864 211423 72778 61121 373099 9245 215536 76673 16244 100489 494467 5482 2502 13598 25233 263787 227332 10972 18032 309002 21241 17127 3801
internal_value=-2.12935e-07 -0.00513616 0.00088273 0.00211768 0.00169249 0.00759989 0.000127805 -0.00104728 -0.00295134 -0.00323462 -0.000316774 0.00860599 0.0279005 -0.00652824 -0.0117061 -0.0216222 -0.0255141 -0.00884644 -0.027399 -0.076013 0.0648834 -0.0357503 0.00475563 0.0031813 -0.0424156 -0.00338736 0.00377634 -0.00379464 -0.00102789 -0.0484077
internal_weight=5e+06 733477 4.26652e+06 3.30941e+06 3.24473e+06 679450 2.56528e+06 2.25718e+06 1.69953e+06 1.69266e+06 1.11363e+06 457063 83964 656570 445147 229611 213367 579030 84563 11785 22843 136694 557653 529487 111461 957112 499368 265700 244459 9283
internal_count=5000000 733477 4266523 3309411 3244728 679450 2565278 2257180 1699527 1692663 1113633 457063 83964 656570 445147 229611 213367 579030 84563 11785 22843 136694 557653 529487 111461 957112 499368 265700 244459 9283
cat_boundaries=0 1 2 3 4 5 6 7
cat_threshold=928 65408 2096128 4102 1047552 1040 4096
is_linear=0
shrinkage=0.1


Tree=116
num_leaves=31
num_cat=5
split_feature=91 54 74 76 73 1 42 36 33 81 29 87 23 26 78 90 84 31 27 72 72 75 73 75 73 72 75 75 23 2
split_gain=2313.17 2562.54 2319.92 2507.66 2245.19 2356.03 2200.06 2540 3261.71 3052.49 5382.61 5314.33 5240.14 7919.88 6128.86 5353.35 4850.62 4781.46 4585.68 3712.22 3613.44 8244.54 5383.51 4795.8 5074.85 4353.76 3488.24 3450.02 3207.95 3269.87
threshold=6.2500000000000009 2.0499999523162846 7.5000000000000009 0 129.87249755859378 7.2500000000000009 1.0000000180025095e-35 1.0000000180025095e-35 1.0000000180025095e-35 1.0000000180025095e-35 1.0000000180025095e-35 1.0000000180025095e-35 17.849999427795414 1.0000000180025095e-35 1.0000000180025095e-35 1.0000000180025095e-35 1.0000000180025095e-35 1.0000000180025095e-35 1.0000000180025095e-35 36.241651535034187 36.851650238037116 1 138.946647644043 2 139.29000091552737 35.225851058959968 3 4 -2.4500000476837154 -12.849999904632567
decision_type=10 10 2 1 2 10 8 10 10 8 10 10 10 10 10 10 10 10 10 2 2 1 2 1 2 2 1 1 8 10
left_child=2 -2 -1 -4 5 -5 7 8 9 10 11 12 13 14 15 16 17 18 20 -11 23 22 -22 24 -6 -26 -14 -12 29 -23
right_child=1 -3 3 4 6 -7 -8 -9 -10 19 27 -13 26 -15 -16 -17 -18 -19 -20 -21 21 28 -24 -25 25 -27 -28 -29 -30 -31
leaf_value=0.0056915521631342551 -0.034008064132051943 -0.0044897607588443612 0.0037893470916448946 0.079771857206066166 -0.00051944028802572439 0.0090327744712835594 -0.010562851171367644 -0.013173090894058374 -0.017672258903136034 0.004285988027576358 -0.054749032573032069 -0.029982100886521246 -0.00068581780757037876 -0.055933923984641525 -0.054186399331330383 -0.04725280463831566 -0.056253893472234487 -0.050515542565625376 -0.065200053159291699 -0.023372252701907362 0.10578180771333429 -0.023128093236392248 0.027947291240779732 0.010925850589706139 0.088782526299435158 -0.050449116526915631 -0.01795714881689801 -0.0079069874069433027 0.0034973624795566387 0.031596705510485858
leaf_weight=703834 39540 114787 1018936 4935 224507 102483 299569 175356 108760 83323 26833 50936 475553 20399 16291 17644 11593 13509 8222 116204 9298 12627 200694 455087 2408 33361 155061 37987 379569 80694
leaf_count=703834 39540 114787 1018936 4935 224507 102483 299569 175356 108760 83323 26833 50936 475553 20399 16291 17644 11593 13509 8222 116204 9298 12627 200694 455087 2408 33361 155061 37987 379569 80694
internal_value=-1.82284e-07 -0.0120526 0.000383669 -0.000518314 -0.00192382 0.0122827 -0.00242989 -0.00153281 -0.000729371 2.83838e-05 0.00108761 0.0019368 0.00270496 0.00594647 0.00680781 0.00749346 0.0081682 0.00869416 0.00926286 -0.0118221 0.00970072 0.0149038 0.0313921 0.0047339 -0.00609277 -0.0410759 -0.00493294 -0.0273075 0.00758113 0.024192
internal_weight=5e+06 154327 4.84567e+06 4.14184e+06 3.1229e+06 107418 3.01548e+06 2.71592e+06 2.54056e+06 2.4318e+06 2.23227e+06 2.16745e+06 2.11652e+06 1.4859e+06 1.4655e+06 1.44921e+06 1.43157e+06 1.41998e+06 1.40647e+06 199527 1.39824e+06 682882 209992 715363 260276 35769 630614 64820 472890 93321
internal_count=5000000 154327 4845673 4141839 3122903 107418 3015485 2715916 2540560 2431800 2232273 2167453 2116517 1485903 1465504 1449213 1431569 1419976 1406467 199527 1398245 682882 209992 715363 260276 35769 630614 64820 472890 93321
cat_boundaries=0 1 2 3 4 5
cat_threshold=129024 7424 5122 1922 7174
is_linear=0
shrinkage=0.1


Tree=117
num_leaves=31
num_cat=6
split_feature=23 75 75 72 10 73 24 75 72 73 0 35 7 12 81 28 41 7 28 76 75 72 72 75 11 0 24 23 12 0
split_gain=2256.58 4803.1 3997.52 4553.98 5187.24 4739.04 5120.72 4108.11 3779.37 3323.22 3961.6 3502.4 2905.75 2785.57 2682.66 3489.83 2854.24 2594.11 3440.18 2604.8 2559.42 4026.15 2518.01 4061.45 5083.32 3523.14 3495.53 2698.59 4550.42 3177.2
threshold=3.0499999523162846 0 1 36.125000000000007 6.6499998569488534 137.9433517456055 1.0000000180025095e-35 2 35.204200744628913 141.04750061035159 7.0499999523162851 1.0000000180025095e-35 6.0499999523162851 13.050000190734865 1.0000000180025095e-35 1.0000000180025095e-35 1.0000000180025095e-35 7.6499998569488534 0.75000000000000011 3 4 41.828350067138679 37.249149322509773 5 14.150000095367433 16.94999980926514 1.0000000180025095e-35 11.84999990463257 16.650000572204593 20.150000572204593
decision_type=10 1 1 2 8 2 2 1 2 2 2 8 8 10 10 10 8 10 10 1 1 2 2 1 8 2 2 8 8 2
left_child=1 -1 3 5 20 -2 8 -6 -7 13 11 14 -8 -3 15 16 -11 18 19 -4 21 -5 -19 24 -24 26 -26 28 -25 -30
right_child=2 9 17 4 7 6 12 -9 -10 10 -12 -13 -14 -15 -16 -17 -18 22 -20 -21 -22 -23 23 27 25 -27 -28 -29 29 -31
leaf_value=0.030941813940526974 -0.0064234028806722703 0.0062280574080395062 0.013295008557363725 -0.026076025628734407 -0.11964741731536899 0.043561312477109433 0.21834561292772181 -0.03536872065171421 -0.0019422564787178619 0.0062646593254138769 -0.085091869787085023 -0.038937595856651838 0.064380733389261854 0.049688641563689885 -0.03500161893413925 -0.050117762311589757 -0.040010931489093175 0.0018691758260423689 0.065332018861131366 -0.010324536360917883 -0.0043654906773294005 -0.16236757528458409 -0.0044235245831799486 0.0015991746866620641 -0.016731053281929989 -0.072092263876921706 -0.08901113837495031 -0.0028036660257678898 0.054791135072489422 -0.36569717238960758
leaf_weight=63598 526404 515508 196330 25830 6475 26092 1666 53952 60752 269187 6082 26026 4639 15182 21360 12452 14023 1915532 10783 61252 134443 2366 160106 64628 67084 19087 7432 686617 24931 181
leaf_count=63598 526404 515508 196330 25830 6475 26092 1666 53952 60752 269187 6082 26026 4639 15182 21360 12452 14023 1915532 10783 61252 134443 2366 160106 64628 67084 19087 7432 686617 24931 181
internal_value=-1.77374e-07 0.00440505 -0.00102468 -0.00715548 -0.0194074 -0.00274435 0.0180467 -0.0444252 0.0117291 0.00248646 -0.00509073 -0.00367237 0.105064 0.00747138 -0.000777263 0.00169526 0.00397335 0.000582681 0.00999503 0.00767849 -0.0101123 -0.0374993 -0.000274849 -0.00426192 -0.0152459 -0.033759 -0.02394 -0.000672216 0.0156358 0.0517604
internal_weight=5e+06 943418 4.05658e+06 842619 223066 619553 93149 60427 86844 879820 349130 343048 6305 530690 317022 295662 283210 3.21396e+06 268365 257582 162639 28196 2.9456e+06 1.03007e+06 253709 93603 74516 776357 89740 25112
internal_count=5000000 943418 4056582 842619 223066 619553 93149 60427 86844 879820 349130 343048 6305 530690 317022 295662 283210 3213963 268365 257582 162639 28196 2945598 1030066 253709 93603 74516 776357 89740 25112
cat_boundaries=0 1 2 3 4 5 6
cat_threshold=1520 4110 4 131008 4 2096
is_linear=0
shrinkage=0.1


Tree=118
num_leaves=31
num_cat=5
split_feature=91 74 73 73 72 73 72 80 0 73 75 76 74 85 72 73 15 79 2 74 75 76 24 48 73 88 76 24 72 46
split_gain=2202.18 2357.5 2611.17 2165.02 3541.3 3279.03 2788.74 2623.79 2119.34 3177.69 2009.98 1999.07 3297.95 3003.7 1919.56 2949.52 2430.1 2274.54 1913.81 2043.83 2438.73 1824.31 1798.85 1877.61 2121.54 1795.43 1697.69 2217.1 2002.48 1850.66
threshold=0.35000000894069677 131.00000000000003 142.22499847412112 134.46669769287112 34.879999160766609 131.59835052490237 36.073350906372077 8.0500001907348651 18.94999980926514 138.99334716796878 0 1 34.500000000000007 1.6500000357627871 37.649148941040046 140.09915161132815 -2.5499999523162837 5.2500000000000009 -6.6499998569488517 907.50000000000011 2 3 1.0000000180025095e-35 1.0500000119209292 135.43164825439456 1.0500000119209292 4 0.75000000000000011 43.652500152587898 1.0000000180025095e-35
decision_type=8 2 2 2 2 2 2 8 2 2 1 1 2 10 2 2 8 10 8 2 1 1 2 10 2 10 1 2 2 8
left_child=-1 2 3 5 8 -2 11 -8 9 22 -3 -7 25 -14 15 16 -12 18 -18 -20 -21 -11 23 -5 -25 -13 27 -4 -29 -28
right_child=1 10 26 4 -6 6 7 -9 -10 21 14 12 13 -15 -16 -17 17 -19 19 20 -22 -23 -24 24 -26 -27 29 28 -30 -31
leaf_value=0.0080504227878203348 0.0033200050042350819 0.007825162156017744 -0.0010887212878374325 0.043353210928121166 0.0024086518105746199 -0.0014993874257209325 0.12132059816144099 0.01264617570571133 0.0049259809931639148 0.095508974531500812 0.020301820182692137 -0.00085262226557252538 -0.024817902396584626 -0.078719903962396517 -0.0098359020739506031 0.02112829012189223 0.075564562796864854 -0.03219406064944793 -0.0025606846173211739 -0.0066371310058816737 -0.047071246723766724 0.029362264804589783 0.062414648552162444 0.026763885975038877 -0.0053527324596324838 -0.023499134036079367 -0.011079775971762157 0.1335691824580641 -0.0039852384208311758 -0.04955772480249479
leaf_weight=318157 507202 143082 107273 18478 1577761 145626 2857 9990 101911 8981 41533 101455 52223 12890 477930 51506 3047 28572 890165 42380 23018 7832 8474 35506 48888 53452 161982 2375 1909 13545
leaf_count=318157 507202 143082 107273 18478 1577761 145626 2857 9990 101911 8981 41533 101455 52223 12890 477930 51506 3047 28572 890165 42380 23018 7832 8474 35506 48888 53452 161982 2375 1909 13545
internal_value=-1.84729e-07 -0.000547268 0.00114803 0.00211433 0.00409875 -0.00193616 -0.00897972 0.0368139 0.015689 0.0242477 -0.00351749 -0.0105887 -0.0166038 -0.0354885 -0.00455908 -0.00222446 -0.00339369 -0.00439062 -0.00356192 -0.00381423 -0.0208769 0.0647701 0.0181289 0.0144809 0.00815928 -0.008667 -0.00791808 0.00172837 0.0722733 -0.0140482
internal_weight=5e+06 4.68184e+06 2.98061e+06 2.69353e+06 1.80783e+06 885695 378493 12847 230070 128159 1.70123e+06 365646 220020 65113 1.55815e+06 1.08022e+06 1.02872e+06 987182 958610 955563 65398 16813 111346 102872 84394 154907 287084 111557 4284 175527
internal_count=5000000 4681843 2980610 2693526 1807831 885695 378493 12847 230070 128159 1701233 365646 220020 65113 1558151 1080221 1028715 987182 958610 955563 65398 16813 111346 102872 84394 154907 287084 111557 4284 175527
cat_boundaries=0 1 2 3 4 5
cat_threshold=128 523264 3920 12583935 130816
is_linear=0
shrinkage=0.1


Tree=119
num_leaves=31
num_cat=3
split_feature=23 75 72 0 75 0 7 15 48 57 15 72 6 4 75 72 12 74 8 22 86 0 73 9 0 83 80 23 72 21
split_gain=2036.93 3008.47 3351.32 3460.86 2941.88 2748.82 4565.11 3478.32 3205.19 3875.34 2612.14 3190.5 2600.3 2566.91 2549.93 4464.76 3940.11 3885.06 3341.93 2946.04 2470.8 2537.92 2456.99 2612.7 3475.14 3107.24 2439.61 2315.76 2229.11 2124.46
threshold=-3.4500000476837154 0 39.460000991821296 8.2500000000000018 1 7.0499999523162851 13.449999809265138 15.050000190734865 1.8499999642372134 2.1499999761581425 1.4499999880790713 42.466650009155281 8.2500000000000018 9.8499999046325701 2 42.385799407958991 10.250000000000002 396.50000000000006 12.84999990463257 7.2500000000000009 -6.4500000476837149 2.4500000476837163 144.7174987792969 -2.2499999999999996 -7.5499999523162833 -6.9500000476837149 -6.0499999523162833 12.84999990463257 33.781700134277351 24.250000000000004
decision_type=10 1 2 2 1 2 8 8 8 10 8 2 10 8 1 2 10 2 10 8 10 2 2 10 2 10 10 10 2 10
left_child=4 2 27 10 -1 6 7 8 9 -3 -4 -12 -9 -11 15 16 -7 -18 -17 -16 22 -22 23 25 -25 26 -6 -2 -29 -21
right_child=1 5 3 -5 20 14 -8 12 -10 13 11 -13 -14 -15 19 18 17 -19 -20 29 21 -23 -24 24 -26 -27 -28 28 -30 -31
leaf_value=0.036413897396349454 -0.0017344502718622701 0.0038395996273451211 -0.013944380994027559 -0.22135223523279351 -0.034204074287608598 0.004558522215573557 0.047973743526448724 0.054755765464126027 0.010680297860072343 -0.020389182380833214 -0.03234179099845929 -0.12868203688308943 0.0024935689415098248 0.045220116891940977 0.028699463884557158 -0.024663093376703735 -0.0071235892546639736 -0.044944371054194909 -0.10257799093139515 0.0024519429154557654 0.02106035563594523 -0.060854416754566168 0.055667405714562024 0.11851665550578649 0.0063978004505749007 0.013146588219371992 0.027204216358612046 -0.013825024377064905 -0.06801929094294433 -0.0040640826890410283
leaf_weight=33577 504300 270460 81722 876 57977 348094 25004 23337 302113 123019 14601 4496 16080 6267 37730 41411 465338 28844 6349 1704001 83381 3962 6383 3218 19616 26695 7282 35878 9626 708363
leaf_count=33577 504300 270460 81722 876 57977 348094 25004 23337 302113 123019 14601 4496 16080 6267 37730 41411 465338 28844 6349 1704001 83381 3962 6383 3218 19616 26695 7282 35878 9626 708363
internal_value=-1.50767e-07 -0.000455437 -0.00676843 -0.023445 0.00894776 0.000546162 0.00594785 0.00453028 0.00290693 -0.0029679 -0.0217255 -0.0550231 0.0334356 -0.0172088 -0.000693072 -0.00527731 -0.00359082 -0.00933108 -0.0350208 0.000972244 0.00452293 0.0173446 -0.00471886 -0.00807675 0.0221987 -0.0155948 -0.0273518 -0.00368395 -0.0252894 0.000538587
internal_weight=5e+06 4.75791e+06 651499 101695 242091 4.10641e+06 766280 741276 701859 399746 100819 19097 39417 129286 3.34013e+06 890036 842276 494182 47760 2.45009e+06 208514 87343 121171 114788 22834 91954 65259 549804 45504 2.41236e+06
internal_count=5000000 4757909 651499 101695 242091 4106410 766280 741276 701859 399746 100819 19097 39417 129286 3340130 890036 842276 494182 47760 2450094 208514 87343 121171 114788 22834 91954 65259 549804 45504 2412364
cat_boundaries=0 1 2 3
cat_threshold=6 3480 6168
is_linear=0
shrinkage=0.1


Tree=120
num_leaves=31
num_cat=2
split_feature=74 76 72 73 73 13 73 2 13 83 88 72 73 28 72 9 74 11 23 72 90 72 54 73 72 75 21 73 72 85
split_gain=2073.49 2139.23 2103.8 2123.21 2084.96 2269.69 3029.84 2539.41 2072.73 2063.92 2025.4 2013.71 2612.2 5990.76 7776.42 3317.14 2405.23 2333.32 2249.03 2104.13 3096.07 1980.66 1936.35 1928.91 1886.54 2225.08 3065.38 2139.02 1815.82 2029.87
threshold=1099.0000000000002 0 45.113349914550788 141.81670379638675 144.7174987792969 -3.5499999523162837 143.1683044433594 -5.9500000476837149 0.45000000298023229 -5.6499998569488517 6.1499998569488534 38.085000991821296 137.86834716796878 1.0000000180025095e-35 36.775800704956062 15.84999990463257 326.00000000000006 -10.349999904632567 20.349999427795414 35.977499008178718 1.0000000180025095e-35 43.490848541259773 2.2500000000000004 140.32749938964847 33.87249946594239 1 17.050000190734867 134.74500274658206 43.138349533081062 0.75000000000000011
decision_type=2 1 2 2 2 10 2 8 10 10 10 2 2 10 2 8 2 8 10 2 10 2 10 2 2 1 8 2 2 10
left_child=1 2 3 28 5 6 9 8 -7 -5 11 12 24 18 15 -15 17 -13 19 20 -14 -8 -12 -16 25 26 -3 -26 29 -1
right_child=-2 10 -4 4 -6 7 21 -9 -10 -11 22 16 13 14 23 -17 -18 -19 -20 -21 -22 -23 -24 -25 27 -27 -28 -29 -30 -31
leaf_value=0.00094637573537134732 -0.022821781137731759 0.023670186055616053 0.037271396620463984 -0.036191029528839597 0.016370208584687126 0.010232679672967863 -0.15895679861192111 -0.018060947608627455 0.11967213270627142 0.093994100768399494 -0.032636583883023498 0.027477498554947934 0.01620459932940586 0.10653532653176052 -0.0077143531429528858 0.043165464518986688 -0.017074705887290136 -0.00096818528498455168 -0.0029297878134106462 0.0046725393271217939 0.089361776872879328 -0.05067436299148062 -0.0036650845770454313 0.049550318621900062 -0.0068989634759032987 0.001359040152056702 -0.00066473797570192224 0.0025299955619371142 0.022934359564530861 -0.0079998009530342033
leaf_weight=592990 39497 127452 12580 9586 19368 7939 3375 116366 2213 1395 31852 29605 146341 14746 28544 18781 91571 1110722 213332 300792 6023 3382 83670 7409 419365 438379 87165 564400 27985 443175
leaf_count=592990 39497 127452 12580 9586 19368 7939 3375 116366 2213 1395 31852 29605 146341 14746 28544 18781 91571 1110722 213332 300792 6023 3382 83670 7409 419365 438379 87165 564400 27985 443175
internal_value=-1.284e-07 0.000181584 -0.00341484 -0.00383175 -0.0144369 -0.018573 -0.0520727 -0.0138764 0.034089 -0.0196526 0.00138069 0.00179841 0.00350148 0.00844962 0.0363929 0.0710371 -0.00148183 -0.000229683 0.00553659 0.0095223 0.0190965 -0.104759 -0.0116532 0.00408644 0.00127655 0.00544362 0.0137861 -0.00148944 -0.0022011 -0.00287997
internal_weight=5e+06 4.9605e+06 1.24035e+06 1.22777e+06 163624 144256 17738 126518 10152 10981 3.72015e+06 3.60463e+06 2.37273e+06 735968 69480 33527 1.2319e+06 1.14033e+06 666488 453156 152364 6757 115522 35953 1.63676e+06 652996 214617 983765 1.06415e+06 1.03616e+06
internal_count=5000000 4960503 1240354 1227774 163624 144256 17738 126518 10152 10981 3720149 3604627 2372729 735968 69480 33527 1231898 1140327 666488 453156 152364 6757 115522 35953 1636761 652996 214617 983765 1064150 1036165
cat_boundaries=0 1 2
cat_threshold=252 60
is_linear=0
shrinkage=0.1


Tree=121
num_leaves=31
num_cat=4
split_feature=23 75 75 74 72 75 0 72 6 73 0 35 72 79 76 23 14 72 72 2 72 24 29 40 25 31 5 73 0 23
split_gain=2003.27 3636.5 3509.87 3710.31 3404.54 3022.36 2862.99 3545.14 2370.82 2238.23 3643.49 2898.54 2124 2936.27 2249.4 2789.58 2163.54 2150.82 2123.85 2094 2760.39 2085.75 3456.92 2438.61 2299.7 2061.64 2060.48 2015.22 1965.32 2013.69
threshold=1.6500000357627871 0 1 396.50000000000006 42.385799407958991 2 15.84999990463257 26.048299789428714 1.4499999880790713 141.04750061035159 8.6500000953674334 1.0000000180025095e-35 30.90164947509766 3.3500000238418584 3 8.4499998092651385 12.650000095367433 33.418348312377937 36.559150695800788 1.6500000357627871 36.013349533081062 1.0000000180025095e-35 1.0000000180025095e-35 1.0000000180025095e-35 1.0000000180025095e-35 1.0000000180025095e-35 0.84999999403953563 143.1683044433594 34.850000381469734 20.349999427795414
decision_type=10 1 1 2 2 1 2 2 10 2 2 8 2 8 1 10 8 2 2 10 2 2 10 8 8 10 10 2 2 10
left_child=1 -1 3 4 6 -6 12 -8 -4 -3 11 21 13 -2 15 16 17 -14 -9 -5 -21 22 23 24 25 -11 -7 -25 29 -10
right_child=2 9 8 19 5 26 7 18 28 10 -12 -13 14 -15 -16 -17 -18 -19 -20 20 -22 -23 -24 27 -26 -27 -28 -29 -30 -31
leaf_value=0.034036113731901602 0.097962579101135261 0.0080027601704379114 0.022553753103065437 -0.0024193314998221926 -0.021684269160391335 -0.059096753321924426 0.01480750741421558 -0.029505959208174087 0.0024795574122219565 0.0097443566243546349 -0.14042421593318694 -0.036025636085310293 -0.056432287398585551 0.0075175886170030584 0.00058250822302836479 -0.040879228828682099 0.022553495931056985 -0.0071750069341840767 -0.11978632940340812 -0.020774966201633466 -0.066687107082871247 -0.032024153845628768 -0.051690263499565792 -0.019860069292693419 -0.058444925664132397 -0.053442684848110891 -0.18819609717994398 -0.12625627310846357 0.065399679735859029 -0.0025841791657384046
leaf_weight=40057 5013 406798 49015 25346 33020 3802 20287 55153 1823788 240370 1923 23660 10167 12640 630945 29538 21084 69206 2735 37222 20203 18620 11262 9727 5259 5277 1832 2179 4644 1379228
leaf_count=40057 5013 406798 49015 25346 33020 3802 20287 55153 1823788 240370 1923 23660 10167 12640 630945 29538 21084 69206 2735 37222 20203 18620 11262 9727 5259 5277 1832 2179 4644 1379228
internal_value=-1.1529e-07 0.00470897 -0.000850926 -0.00610381 -0.00423139 -0.0332616 -0.00292166 -0.0211648 0.000726875 0.00308827 -0.00319296 -0.00235879 -0.00108995 0.0332017 -0.00188548 -0.0138631 -0.00592077 -0.0134844 -0.0337714 -0.0263605 -0.0369276 0.000362684 0.00256298 0.00488783 0.00698617 0.00838697 -0.100897 -0.0393324 0.000393349 0.000299098
internal_weight=5e+06 765132 4.23487e+06 978193 895422 38654 856768 78175 3.25668e+06 725075 318277 316354 778593 17653 760940 129995 100457 79373 57888 82771 57425 292694 274074 262812 250906 245647 5634 11906 3.20766e+06 3.20302e+06
internal_count=5000000 765132 4234868 978193 895422 38654 856768 78175 3256675 725075 318277 316354 778593 17653 760940 129995 100457 79373 57888 82771 57425 292694 274074 262812 250906 245647 5634 11906 3207660 3203016
cat_boundaries=0 1 2 3 4
cat_threshold=1520 4110 4104 248
is_linear=0
shrinkage=0.1


Tree=122
num_leaves=31
num_cat=8
split_feature=70 49 0 75 75 72 8 75 4 75 73 72 11 72 22 76 79 12 25 76 23 24 30 72 73 75 21 25 89 75
split_gain=2018.04 3236.54 2974.22 3923.47 3805.44 4278.99 3467.59 2743.09 2381.12 2225.61 2188.06 2167.08 2167.02 3428.96 2141.18 1993.78 1992.12 1967.9 3885.92 2656.58 2798.69 2580.76 2154 1974.11 1845.25 1911.51 1837.1 2131.36 2341.45 1878.45
threshold=0.65000000596046459 0.55000001192092907 12.84999990463257 0 1 36.125000000000007 13.650000095367433 2 17.250000000000004 3 142.4674987792969 30.90164947509766 14.650000095367433 26.891649246215824 -4.2499999999999991 4 3.2500000000000004 18.44999980926514 1.0000000180025095e-35 5 6.2500000000000009 1.0000000180025095e-35 1.0000000180025095e-35 43.773349761962898 144.7174987792969 6 24.250000000000004 1.0000000180025095e-35 31.250000000000004 7
decision_type=10 10 2 1 1 2 8 1 8 1 2 2 10 2 8 1 8 8 10 1 10 2 8 2 2 1 8 10 10 1
left_child=1 -1 3 11 24 12 -7 -8 14 -3 -9 16 -6 -14 -5 -11 -2 19 22 21 -21 -16 -19 -23 26 -26 29 28 -28 -4
right_child=2 9 4 8 5 6 7 10 -10 15 -12 -13 13 -15 17 -17 -18 18 -20 20 -22 23 -24 -25 25 -27 27 -29 -30 -31
leaf_value=0.0037184024877477992 0.13896891378309983 -0.00010088941353241868 0.010559766147472397 0.084508235275836743 0.0029951167909608931 -0.017864592238807743 -0.28323525957401935 -0.053081925829778422 0.05283202368834547 -0.021872232975074367 -0.22504581198790824 0.00019671860883313503 0.0087651813233278631 -0.022267484003386007 0.012316964463458391 -0.0073726854958192437 0.02109993804262927 0.034247190063856861 -0.12796304750264234 0.013650926553085616 -0.0040803251333784273 0.059175105368246231 -0.11614403089381198 -0.02197392994101326 -0.091296733632756227 -0.01443411361030838 -0.006975849163045467 0.01526725414233486 0.017582030384896166 0.00097251978777195621
leaf_weight=338343 2059 209983 268799 3762 160862 53396 552 20957 12807 151329 767 1191296 50401 121297 174890 254104 4723 52371 1573 139170 247018 20476 970 3512 3961 17541 543148 55604 41813 852516
leaf_count=338343 2059 209983 268799 3762 160862 53396 552 20957 12807 151329 767 1191296 50401 121297 174890 254104 4723 52371 1573 139170 247018 20476 970 3512 3961 17541 543148 55604 41813 852516
internal_value=-1.01176e-07 -0.00413806 0.000975278 0.00392251 -0.00151878 -0.0102281 -0.031691 -0.0648333 0.0101356 -0.00845739 -0.0591262 0.00051761 -0.00534461 -0.013158 0.00928638 -0.0127851 0.0568847 0.0088442 0.0269442 0.00714534 0.0023094 0.016535 0.0315123 0.0472944 0.000474907 -0.0286426 0.00083026 -0.00344202 -0.00522045 0.00327085
internal_weight=5e+06 953759 4.04624e+06 1.85463e+06 2.19161e+06 408232 75672 22276 656549 615416 21724 1.19808e+06 332560 171698 643742 405433 6782 639980 54914 585066 386188 198878 53341 23988 1.78338e+06 21502 1.76188e+06 640565 584961 1.12132e+06
internal_count=5000000 953759 4046241 1854627 2191614 408232 75672 22276 656549 615416 21724 1198078 332560 171698 643742 405433 6782 639980 54914 585066 386188 198878 53341 23988 1783382 21502 1761880 640565 584961 1121315
cat_boundaries=0 1 2 3 4 5 6 7 8
cat_threshold=4110 2016 4100 960 8389116 65408 96 384
is_linear=0
shrinkage=0.1


Tree=123
num_leaves=31
num_cat=6
split_feature=74 91 59 48 11 75 75 57 50 72 73 72 48 90 0 75 75 33 26 29 73 72 12 72 18 73 76 91 75 0
split_gain=1955.23 2094.49 2076.99 3138.11 2057.92 2272.93 2036.17 1746.71 1711.87 1620.47 2437.1 2658.6 2476.5 2412.34 2226.95 3074.3 2473.38 2835.6 2109.52 1836.89 2978 3127.84 2112.07 1810.03 1806.39 1763.36 2876.06 2397.96 2101.11 1926.9
threshold=64.500000000000014 2.8500000238418584 2.3500000238418584 4.5499999523162851 7.2500000000000009 0 1 3.4500000476837163 2.1499999761581425 39.460000991821296 134.74500274658206 33.87249946594239 0.55000001192092907 1.0000000180025095e-35 11.650000095367433 2 3 1.0000000180025095e-35 1.0000000180025095e-35 1.0000000180025095e-35 139.12249755859378 36.559150695800788 7.2500000000000009 35.300849914550788 -2.2499999999999996 139.56915283203128 4 1.0500000119209292 5 1.2500000000000002
decision_type=2 10 8 10 8 1 1 8 10 2 2 2 10 8 2 1 1 10 10 10 2 2 8 2 8 2 1 10 1 2
left_child=9 2 3 7 6 -6 -3 -2 -5 10 11 -1 -12 14 16 -16 17 18 -11 25 23 22 -22 -21 -18 29 27 -27 -28 -14
right_child=1 4 -4 8 5 -7 -8 -9 -10 13 12 -13 19 -15 15 -17 24 -19 -20 20 21 -23 -24 -25 -26 26 28 -29 -30 -31
leaf_value=0.0038579702939135693 0.0022987547285808342 -0.012284425799188882 -0.0059409894897642914 -0.074559881736337791 -0.036428779175653223 -0.010258996623603958 0.011690965215084894 -0.017713923066910758 -0.017721679029311658 0.028632558531433122 0.02415986619312227 -0.0080220573135222333 0.044532103660017482 -0.018159546878660483 -0.0019498568634822343 -0.030032523860291351 0.012021341553650389 -0.037852399715441971 -0.048700450158899677 0.030433002244459113 0.17291935522524635 0.013842760009685567 0.059624685028583417 -0.013274737846168934 -0.0050078336524398241 -0.0023706554967311364 0.01650011352880644 -0.035281993642754861 -0.004006261497750194 0.0069688209264744108
leaf_weight=557570 1533465 68957 580537 6299 41874 160015 72819 44889 33376 78206 79880 284484 14125 81328 235918 46690 92777 7828 3694 14449 1840 20324 15564 27522 189567 50678 86870 39312 117592 411551
leaf_count=557570 1533465 68957 580537 6299 41874 160015 72819 44889 33376 78206 79880 284484 14125 81328 235918 46690 92777 7828 3694 14449 1840 20324 15564 27522 189567 50678 86870 39312 117592 411551
internal_value=-1.72408e-07 -0.00194453 -0.000809708 0.00103136 -0.00920448 -0.0156892 2.97745e-05 0.00172959 -0.0267456 0.00201101 0.00368983 -0.000155641 0.0073707 -0.0019163 0.000101529 -0.00659056 0.00518452 0.0196464 0.0251445 0.00569394 0.0200992 0.0404874 0.0716025 0.00177215 0.000587858 0.00409966 -0.00185008 -0.0167461 0.00470669 0.00821527
internal_weight=5e+06 2.54223e+06 2.19857e+06 1.61803e+06 343665 201889 141776 1.57835e+06 39675 2.45777e+06 1.72176e+06 842054 879707 736008 654680 282608 372072 89728 81900 799827 79699 37728 17404 41971 282344 720128 294452 89990 204462 425676
internal_count=5000000 2542231 2198566 1618029 343665 201889 141776 1578354 39675 2457769 1721761 842054 879707 736008 654680 282608 372072 89728 81900 799827 79699 37728 17404 41971 282344 720128 294452 89990 204462 425676
cat_boundaries=0 1 2 3 4 5 6
cat_threshold=6158 7234 1984 4032 255 316
is_linear=0
shrinkage=0.1


Tree=124
num_leaves=31
num_cat=7
split_feature=68 48 23 75 75 72 0 5 86 22 75 24 83 74 76 48 57 17 3 16 76 6 72 86 75 0 22 75 50 71
split_gain=1896.61 2348.45 2191.92 2789.8 2759.98 2710.96 2677.23 4238.21 3883.5 3345.72 2613.07 4174.25 2424.9 2348.6 2337.72 2317.33 5304.89 4501.61 2731.45 3578.7 2487.51 2299.96 2281.12 2188.32 2317.08 2250.3 2172.69 2305.03 2163.95 2024.3
threshold=0.55000001192092907 0.45000000298023229 20.349999427795414 0 1 32.826700210571296 4.4500000476837167 8.2500000000000018 5.6499998569488534 -3.0499999523162837 2 0.75000000000000011 7.0499999523162851 376.00000000000006 3 1.6500000357627871 1.7500000000000002 9.8499999046325701 -1.4499999880790708 3.6499999761581425 4 2.4500000476837163 40.964998245239265 2.2500000000000004 5 9.6500000953674334 5.2500000000000009 6 1.1500000357627871 2.2500000000000004
decision_type=10 10 10 1 1 2 2 8 10 8 1 2 10 2 1 10 8 8 10 10 1 10 2 8 1 2 8 1 10 8
left_child=1 -1 3 -2 -4 -5 7 8 12 -8 11 -11 15 22 -9 16 17 18 19 -7 -18 -19 26 -24 25 -25 -12 -28 -17 -29
right_child=2 -3 4 5 -6 6 9 14 -10 10 13 -13 -14 -15 -16 28 20 21 -20 -21 -22 -23 23 24 -26 -27 27 29 -30 -31
leaf_value=0.0037912010269776663 0.01263279394294595 -0.0080311598824530286 -0.00082663450124122401 0.012980590813110815 -0.01466429953812827 0.0048868635243693968 -0.12951778761918548 0.053514512611750678 0.043155042559325257 -0.023376012709624056 0.016789454705196525 0.077267277271758764 0.067193054407703665 -0.011191245107722875 -0.060495641446775598 -0.01373069580972977 -0.031297437573505858 0.078309092206423236 -0.0087829376760862592 0.054878604292181644 -0.006849967068052569 0.020260472907197982 0.060853656480679676 -0.053328412386088514 -0.0070843836610352973 -0.27692797411063347 -0.0085922391121967829 -0.00031491822685155948 0.0097566748453998542 0.010047881539431106
leaf_weight=240486 240815 557644 1058837 188413 166843 78528 2050 23808 24326 83876 100868 4334 5778 188868 1939 43690 68171 11557 116338 17513 106883 16672 4650 4592 278906 499 187549 482076 383948 309543
leaf_count=240486 240815 557644 1058837 188413 166843 78528 2050 23808 24326 83876 100868 4334 5778 188868 1939 43690 68171 11557 116338 17513 106883 16672 4650 4592 278906 499 187549 482076 383948 309543
internal_value=-1.68527e-07 -0.00446894 0.000848659 0.00231437 -0.00271038 0.00140592 0.000549679 0.00493871 0.00375994 -0.00184526 -0.00168623 -0.018429 0.00263127 -0.000737893 0.0449257 0.00218892 -0.00312814 0.00650791 0.00152113 0.0140028 -0.0163727 0.0440257 0.000704586 -0.00719235 -0.00830649 -0.0750973 0.00281509 0.00137554 0.00735707 0.00373715
internal_weight=5e+06 798130 4.20187e+06 2.97619e+06 1.22568e+06 2.73538e+06 2.54696e+06 899151 873404 1.64781e+06 1.64576e+06 88210 849078 1.55755e+06 25747 843300 415662 240608 212379 96041 175054 28229 1.36868e+06 288647 283997 5091 1.08004e+06 979168 427638 791619
internal_count=5000000 798130 4201870 2976190 1225680 2735375 2546962 899151 873404 1647811 1645761 88210 849078 1557551 25747 843300 415662 240608 212379 96041 175054 28229 1368683 288647 283997 5091 1080036 979168 427638 791619
cat_boundaries=0 1 2 3 4 5 6 7
cat_threshold=896 1984 2 16646151 1020 4100 12
is_linear=0
shrinkage=0.1


Tree=125
num_leaves=31
num_cat=4
split_feature=76 48 45 73 23 72 91 81 72 75 22 11 47 65 4 0 28 21 5 48 52 49 73 73 89 45 75 87 0 75
split_gain=2031.43 2546.93 2464.02 2338.15 2902.92 2563.5 2736.42 2685.54 2564.91 2327.96 3600.58 4213.81 3270.37 3044.45 2966.94 2872.04 2832.1 2696.6 2816.29 2331.55 2906.46 2671.33 2312.22 2262.18 2251.65 2352.91 2215.81 2137.14 1988 1972.26
threshold=0 0.75000000000000011 1.0000000180025095e-35 143.05250549316409 -3.4500000476837154 43.652500152587898 1.4499999880790713 0.75000000000000011 42.466650009155281 1 12.84999990463257 17.750000000000004 1.0000000180025095e-35 1.0500000119209292 15.449999809265138 15.150000095367433 1.0000000180025095e-35 5.4500000476837167 10.050000190734865 1.8499999642372134 1.3499999642372134 2.2500000000000004 141.24000549316409 129.87249755859378 -2.7499999999999996 1.0000000180025095e-35 2 3.7500000000000004 11.449999809265138 3
decision_type=1 8 8 2 8 2 8 10 2 1 8 8 10 8 10 2 10 10 8 8 8 10 2 2 8 8 1 10 2 1
left_child=1 -1 -3 4 26 6 -5 8 -8 15 11 13 22 14 17 -6 -13 18 -11 21 -21 23 27 -15 25 -10 -2 -12 -16 -4
right_child=3 2 29 5 9 -7 7 -9 24 10 12 16 -14 19 28 -17 -18 -19 -20 20 -22 -23 -24 -25 -26 -27 -28 -29 -30 -31
leaf_value=0.015014341664431722 0.080091931564429106 0.00028553054310390894 0.030472703361574052 -0.0031278193653743653 0.02389833384895191 0.0023817375190889243 0.053233399857630453 0.046662964283351815 -0.0678993858782629 -0.010800041938412303 -0.0039246836296694511 0.02140311549277548 -0.02645927700072578 0.081317456125056961 0.056028065546600531 0.0015120277192456131 -0.067983883894324179 -0.024519986718384717 0.018230110499171837 -0.015066554526595007 0.010430545939488917 -0.026638734712786785 -0.028324973811317846 -0.00136468620294267 -0.031694350658605666 -0.25833196107330675 0.010900136538962725 -0.04738884436881511 0.0042030078728200089 0.0056787707449916132
leaf_weight=156058 4780 1365501 48483 58281 62242 85151 3105 4164 11674 194354 657009 109598 89071 3335 9720 723138 3663 114637 40357 51167 354149 43836 44057 425378 61249 687 137757 11511 31035 94853
leaf_count=156058 4780 1365501 48483 58281 62242 85151 3105 4164 11674 194354 657009 109598 89071 3335 9720 723138 3663 114637 40357 51167 354149 43836 44057 425378 61249 687 137757 11511 31035 94853
internal_value=-1.64401e-07 0.00285267 0.00159481 -0.00142431 -0.000713313 -0.0112846 -0.019647 -0.0315506 -0.035796 -0.00138273 -0.00306254 3.15212e-05 -0.0083936 -0.00161926 -0.0089699 0.00328612 0.0185122 -0.0119486 -0.0058085 0.00164719 0.0072118 -0.00312571 -0.00613542 -0.000721494 -0.0395514 -0.0784833 0.0132269 -0.00467308 0.0165632 0.0140678
internal_weight=5e+06 1.6649e+06 1.50884e+06 3.3351e+06 3.11079e+06 224311 139160 80879 76715 2.96826e+06 2.18288e+06 1.38123e+06 801648 1.26797e+06 390103 785380 113261 349348 234711 877865 405316 472549 712577 428713 73610 12361 142537 668520 40755 143336
internal_count=5000000 1664895 1508837 3335105 3110794 224311 139160 80879 76715 2968257 2182877 1381229 801648 1267968 390103 785380 113261 349348 234711 877865 405316 472549 712577 428713 73610 12361 142537 668520 40755 143336
cat_boundaries=0 1 2 3 4
cat_threshold=130560 448 3120 1136
is_linear=0
shrinkage=0.1


Tree=126
num_leaves=31
num_cat=5
split_feature=72 79 5 85 58 82 48 56 74 76 54 16 87 48 23 13 75 71 0 75 72 76 25 75 32 72 23 12 5 6
split_gain=1968.73 2647.24 2403.05 2379.76 2571.38 2872.7 2792.99 2483.31 2713.09 2147.61 2122.69 2103.43 2053.69 1986.57 2005.43 2711.4 3691.18 2960.85 2498.84 1915.63 2148.16 1891.41 2768.85 2521.16 2267.05 1907.75 1868.71 3239.36 1970.26 1849.2
threshold=26.286649703979496 4.6499998569488534 1.4499999880790713 5.8500001430511483 3.4500000476837163 5.8500001430511483 2.2500000000000004 4.0499999523162851 352.00000000000006 0 4.1499998569488534 16.150000572204593 1.0000000180025095e-35 5.3500001430511483 17.750000000000004 22.44999980926514 1 1.0500000119209292 14.34999990463257 2 36.013349533081062 3 1.0000000180025095e-35 4 1.0000000180025095e-35 37.344999313354499 4.6499998569488534 12.449999809265138 11.250000000000002 20.550000190734867
decision_type=2 10 8 10 8 10 8 8 2 1 8 8 10 10 10 8 1 10 2 1 2 1 8 1 10 2 10 8 8 8
left_child=-1 3 -3 4 5 7 9 8 10 -6 13 -8 -11 14 15 17 -17 26 -18 20 -10 23 24 -16 -23 -25 27 28 -2 -28
right_child=1 2 -4 -5 6 -7 11 -9 19 12 -12 -13 -14 -15 21 16 18 -19 -20 -21 -22 22 -24 25 -26 -27 29 -29 -30 -31
leaf_value=0.014983613159080504 0.0017779183019900929 0.010087606869357668 -0.013411211192945771 -0.013426383540925353 -0.033799067729979211 -0.020173967082144362 0.0061093832237622062 -0.011667984499986055 -0.00049517684746914819 -0.0061397754572438921 -0.01062881227460563 -0.008325980147461564 -0.03708059254898876 -0.016770442000306748 -0.038627025049196517 0.070668325798006873 0.045389811371254703 0.0095288659201635973 0.00014410527334485253 0.0010524817361362991 -0.01947577454471941 0.00085493625685814374 0.022840256020159651 0.0023213053867676358 0.023957540111520417 -0.014765243429999804 -0.00664591621731591 0.04414445407546843 0.050761601746534268 0.018378789196863251
leaf_weight=86178 217910 52688 250045 122385 37333 58499 277450 125344 114632 290126 96663 158670 23165 43458 20536 14728 17856 974173 38578 381293 124267 661932 72631 231627 45388 91024 308623 21612 8533 32653
leaf_count=86178 217910 52688 250045 122385 37333 58499 277450 125344 114632 290126 96663 158670 23165 43458 20536 14728 17856 974173 38578 381293 124267 661932 72631 231627 45388 91024 308623 21612 8533 32653
internal_value=-1.22534e-07 -0.000262905 -0.00932145 0.000331817 0.000706936 0.00181031 -0.00448491 0.00216329 0.00265607 -0.01113 0.00394076 0.000857482 -0.0084273 0.00444351 0.0047778 0.00701304 0.0261031 0.00614417 0.0144575 -0.00334678 -0.0103678 0.00152453 0.00424663 -0.00466189 0.00233741 -0.00249895 0.000549207 0.00715416 0.00362376 -0.00425157
internal_weight=5e+06 4.91382e+06 302733 4.61109e+06 4.4887e+06 3.70196e+06 786744 3.64346e+06 3.51812e+06 350624 2.89792e+06 436120 313291 2.80126e+06 2.7578e+06 1.63467e+06 71162 1.5635e+06 56434 620192 238899 1.12314e+06 779951 343187 707320 322651 589331 248055 226443 341276
internal_count=5000000 4913822 302733 4611089 4488704 3701960 786744 3643461 3518117 350624 2897925 436120 313291 2801262 2757804 1634666 71162 1563504 56434 620192 238899 1123138 779951 343187 707320 322651 589331 248055 226443 341276
cat_boundaries=0 1 2 3 4 5
cat_threshold=480 3328 62 14680191 6196
is_linear=0
shrinkage=0.1


Tree=127
num_leaves=31
num_cat=7
split_feature=76 74 91 75 0 76 23 75 71 73 23 15 74 5 72 73 73 72 89 47 85 76 49 76 72 75 12 81 91 82
split_gain=1799.68 1968.82 2212.93 1976.28 3840.8 2912.71 3368.82 2834.64 2307.74 2130.47 2875.13 2485.46 2400.91 2283.46 2183.97 7020.58 3209.36 5114.81 2584.79 2213.54 2179.23 2118.59 2208.4 1972.23 1960.87 2520.42 2375.45 1983.32 1967.42 1902.81
threshold=0 16.500000000000004 0.65000000596046459 1 9.4499998092651385 2 15.750000000000002 3 8.2500000000000018 143.1683044433594 1.4499999880790713 10.84999990463257 197.50000000000003 3.4500000476837163 34.788349151611335 138.0100021362305 135.78419494628909 35.418300628662116 12.650000095367433 1.0000000180025095e-35 2.1499999761581425 4 1.2500000000000002 5 35.362499237060554 6 6.4500000476837167 1.0000000180025095e-35 1.5500000119209292 1.2500000000000002
decision_type=1 2 10 1 2 1 8 1 10 2 10 10 2 10 2 2 2 2 8 10 10 1 8 1 2 1 10 10 8 8
left_child=-1 2 -2 4 -3 7 -7 -6 9 10 11 -5 20 -13 15 19 17 -16 -19 29 -11 -22 -23 -17 27 26 -26 -18 -27 -12
right_child=1 3 -4 8 5 6 -8 -9 -10 12 14 13 -14 -15 16 23 24 18 -20 -21 21 22 -24 -25 25 28 -28 -29 -30 -31
leaf_value=0.0050257995844159541 0.0080482825098275781 0.028211694848725068 -0.00094339775352000454 0.001786785728236857 -0.022078408308264654 0.024316220695752146 0.0018288009981068398 -0.0020034482641974986 0.02276096138675468 -0.0012479849591547371 0.011566899430467091 0.075441275794250029 -0.045691496995498862 0.011038564757791176 -0.030135973604282076 0.012728747990327187 0.0035833839536165966 0.08970198150906783 -0.0010206534143814149 -0.024691631993217767 -0.0015660530153295991 -0.0072149667632354381 -0.075375407534367014 0.075893952128079645 -0.01582534033476074 0.0010880109787923839 -0.058943523945921665 0.056489985445435223 -0.0096840582093154753 -0.0041752040555943669
leaf_weight=623598 478469 51284 639573 463009 88348 76001 539663 344917 32422 81302 100908 8791 22872 14730 110788 7428 77653 5327 7651 41215 14459 7331 13520 14862 66885 271956 15794 7797 450271 321176
leaf_count=623598 478469 51284 639573 463009 88348 76001 539663 344917 32422 81302 100908 8791 22872 14730 110788 7428 77653 5327 7651 41215 14459 7331 13520 14862 66885 271956 15794 7797 450271 321176
internal_value=-1.10426e-07 -0.000716267 0.00290462 -0.0019587 0.00149057 0.000184136 0.0046047 -0.00609739 -0.00371711 -0.00412098 -0.00328204 0.00339774 -0.0160674 0.0351091 -0.00544907 6.57408e-05 -0.00808971 -0.0231782 0.0362177 -0.00257166 -0.010257 -0.0310005 -0.0513862 0.0548843 -0.0059923 -0.00752136 -0.0240592 0.00841092 -0.00562774 -0.000411725
internal_weight=5e+06 4.3764e+06 1.11804e+06 3.25836e+06 1.10021e+06 1.04893e+06 615664 433265 2.15815e+06 2.12572e+06 1.98624e+06 486530 139484 23521 1.49971e+06 485589 1.01412e+06 123766 12978 463299 116612 35310 20851 22290 890356 804906 82679 85450 722227 422084
internal_count=5000000 4376402 1118042 3258360 1100213 1048929 615664 433265 2158147 2125725 1986241 486530 139484 23521 1499711 485589 1014122 123766 12978 463299 116612 35310 20851 22290 890356 804906 82679 85450 722227 422084
cat_boundaries=0 1 2 3 4 5 6 7
cat_threshold=57344 480 12583039 32 204544 990208 6
is_linear=0
shrinkage=0.1


Tree=128
num_leaves=31
num_cat=7
split_feature=88 74 76 16 75 72 3 62 48 54 4 22 72 17 0 76 0 80 72 73 75 75 16 17 75 0 76 5 72 72
split_gain=1781.26 2144.45 1865.06 1663.44 2556.5 2615.02 2976.21 2836.8 4600.99 2829.45 2480.01 2332.86 2471.96 2165.81 2106.7 2116.51 2097.47 2185.36 2077.89 2043.62 2096.32 1845.2 2039.82 1821.12 1625.55 2533.9 2932.54 3129.56 1807.16 2008.67
threshold=0.35000000894069677 878.50000000000011 0 -1.6500000357627866 1 42.385799407958991 12.650000095367433 1.5500000119209292 2.2500000000000004 2.4500000476837163 11.050000190734865 8.6500000953674334 44.199998855590827 14.750000000000002 5.6499998569488534 2 18.349999427795414 8.2500000000000018 35.185850143432624 144.25834655761722 3 4 2.0499999523162846 19.349999427795414 5 17.94999980926514 6 21.250000000000004 36.775800704956062 42.731649398803718
decision_type=8 2 1 8 1 2 10 8 10 10 8 8 2 10 2 1 2 10 2 2 1 1 8 10 1 2 1 10 2 2
left_child=-1 2 -2 10 5 7 21 8 9 -5 -4 16 14 -9 15 -13 17 -6 -15 24 -21 -7 -23 -20 -16 26 27 -26 -28 -30
right_child=1 -3 3 4 11 6 -8 13 -10 -11 -12 12 -14 18 19 -17 -18 -19 23 20 -22 22 -24 -25 25 -27 28 -29 29 -31
leaf_value=0.0072378160727206049 -0.0042122912590474943 -0.015190030250211038 0.0069107432620949261 0.0018262469480559756 0.0060410647866725627 -0.010023475132499612 -0.12793308072981344 0.0055650900599548431 -0.025630992689418788 -0.026490008154675355 0.08206206268226407 0.090171479283559688 -0.02026543447658034 -0.0071137664972258305 -0.0030647390461836315 0.01445779596789093 -0.13107899689947661 0.026329220119125266 -0.042738228369053791 -0.0065996503225985385 -0.057268568627779598 -0.032578771212461416 -0.12917993621602211 -0.18345331921014918 -0.0040782724154791155 0.0012288608858732602 0.045784819450908371 0.035751215133352401 0.005199786724750001 0.036130169917841799
leaf_weight=318368 917722 97208 288696 255385 245613 57514 2564 391794 115289 40946 4459 5000 54672 55881 577410 14085 1051 67735 7672 27457 11617 13067 2625 1045 119353 1164257 28408 23634 55817 33656
leaf_count=318368 917722 97208 288696 255385 245613 57514 2564 391794 115289 40946 4459 5000 54672 55881 577410 14085 1051 67735 7672 27457 11617 13067 2625 1045 119353 1164257 28408 23634 55817 33656
internal_value=-8.57784e-08 -0.000492289 -0.000180639 0.000828434 0.000200563 -0.0042164 -0.0220327 -0.00266124 -0.00868091 -0.0020864 0.00805382 0.00191623 0.000721673 0.0027679 0.00127848 0.0343485 0.00995362 0.0104267 -0.0141974 0.00096934 -0.0216803 -0.0183236 -0.0487074 -0.0596073 0.00141128 0.00322481 0.0121329 0.00250488 0.0238092 0.0168345
internal_weight=5e+06 4.68163e+06 4.58442e+06 3.6667e+06 3.37355e+06 943782 75770 868012 411620 296331 293155 2.42976e+06 2.11537e+06 456392 2.06069e+06 19085 314399 313348 64598 2.04161e+06 39074 73206 15692 8717 2.00254e+06 1.42512e+06 260868 142987 117881 89473
internal_count=5000000 4681632 4584424 3666702 3373547 943782 75770 868012 411620 296331 293155 2429765 2115366 456392 2060694 19085 314399 313348 64598 2041609 39074 73206 15692 8717 2002535 1425125 260868 142987 117881 89473
cat_boundaries=0 1 2 3 4 5 6 7
cat_threshold=248 6150 522240 1920 6144 1048 15728647
is_linear=0
shrinkage=0.1


Tree=129
num_leaves=31
num_cat=4
split_feature=72 23 79 59 48 48 49 1 56 50 85 88 74 54 8 75 50 76 75 78 50 89 23 54 82 91 73 0 75 0
split_gain=1747.52 1947.85 1888.73 2084.86 3133.5 2606.34 2585.25 2647.34 2554.1 2272.51 2181.35 2169.36 2198.74 2017.33 2553.93 2002.58 1828.58 1720.92 1692.45 1642.92 1601.33 1525.32 1863.76 1507.64 1469 1466.63 1616.71 1897.79 1691.3 1480.06
threshold=30.90164947509766 11.449999809265138 4.5499999523162851 3.3500000238418584 5.3500001430511483 2.4500000476837163 1.9499999880790713 20.44999980926514 4.0499999523162851 2.3500000238418584 5.0499999523162851 5.1499998569488534 192.50000000000003 1.8499999642372134 4.6499998569488534 0 2.9500000476837163 1 2 1.0000000180025095e-35 1.4499999880790713 33.250000000000007 25.650000572204593 4.4500000476837167 6.2500000000000009 2.3500000238418584 130.98335266113284 11.84999990463257 3 13.34999990463257
decision_type=2 8 10 8 10 8 8 10 8 8 10 10 2 8 10 1 8 1 1 10 8 10 10 10 10 10 2 2 1 2
left_child=1 -1 3 4 8 16 -7 20 10 -6 11 12 21 -4 -15 -9 19 -18 -11 -5 -8 22 23 24 -2 26 27 -14 29 -28
right_child=2 -3 13 5 9 6 7 15 -10 18 -12 -13 25 14 -16 -17 17 -19 -20 -21 -22 -23 -24 -25 -26 -27 28 -29 -30 -31
leaf_value=0.074910621328248633 0.0063841279945138262 0.0079780924905660505 -0.021485402806012091 -0.0052750771894252407 -0.063095857686796028 -0.026475242713728638 -0.03262118126511198 -0.1102949490108939 -0.011428444882063855 0.0019485975582105618 -0.013409624075905575 -0.015412919466088044 0.075215211445093078 0.013428320153513175 -0.010208903251858917 -0.01075214923953681 -0.0079804405369579209 -0.041476736236119013 -0.026400745847191494 -0.031194187128016866 0.008626317190520023 0.047188998050296166 -0.0034606591619118078 -0.013259987901572082 -0.022294521001743235 -0.0098737268455169891 -0.0020508682383305553 0.0090406486522379287 0.0033833326351592427 -0.018182050598740545
leaf_weight=4457 1861458 177629 81514 332017 9548 31293 9708 2069 143411 43993 87336 65559 6091 65677 150359 72928 28809 32833 40389 26400 308768 8456 251458 41065 18034 149849 269903 15022 591902 72065
leaf_count=4457 1861458 177629 81514 332017 9548 31293 9708 2069 143411 43993 87336 65559 6091 65677 150359 72928 28809 32833 40389 26400 308768 8456 251458 41065 18034 149849 269903 15022 591902 72065
internal_value=-7.25098e-08 0.00961643 -0.000363514 0.000144468 0.00117408 -0.00433503 0.00118845 0.00338854 0.00164693 -0.0168557 0.00219232 0.00259896 0.00295839 -0.00808076 -0.00302296 -0.0135145 -0.00992039 -0.0258299 -0.0116236 -0.00718421 0.00736898 0.00479989 0.00463486 0.00569481 0.00610895 -0.000675952 0.000767296 0.0281317 0.00014864 -0.00545013
internal_weight=5e+06 182086 4.81791e+06 4.52036e+06 3.67554e+06 844825 424766 393473 3.58161e+06 93930 3.4382e+06 3.35086e+06 3.2853e+06 297550 216036 74997 420059 61642 84382 358417 318476 2.18047e+06 2.17202e+06 1.92056e+06 1.87949e+06 1.10483e+06 954983 21113 933870 341968
internal_count=5000000 182086 4817914 4520364 3675539 844825 424766 393473 3581609 93930 3438198 3350862 3285303 297550 216036 74997 420059 61642 84382 358417 318476 2180471 2172015 1920557 1879492 1104832 954983 21113 933870 341968
cat_boundaries=0 1 2 3 4
cat_threshold=6172 4189696 888 62
is_linear=0
shrinkage=0.1


Tree=130
num_leaves=31
num_cat=5
split_feature=71 49 23 0 75 75 75 73 0 72 87 4 0 73 72 75 84 9 86 48 54 23 12 72 76 82 72 74 22 73
split_gain=1673.16 2765.26 1905.17 4399.98 3452.7 2957.5 2821.75 2566.87 2170.12 4450.73 3133.29 2661.7 2650.77 2645.39 2687.97 2636.63 2589.2 2191.68 2155.08 2158.63 2318.2 2151.71 2032.81 1981 2751.43 3039.15 1946.03 1941.89 2315.69 1902.87
threshold=0.45000000298023229 0.45000000298023229 17.849999427795414 21.650000572204593 0 1 2 129.38750457763675 3.2500000000000004 36.24749946594239 1.0000000180025095e-35 7.4500000476837167 10.250000000000002 137.9433517456055 35.204200744628913 3 1.0000000180025095e-35 10.449999809265138 4.6499998569488534 1.4499999880790713 1.5500000119209292 1.6500000357627871 25.550000190734867 34.47669982910157 4 2.1499999761581425 30.90164947509766 531.00000000000011 -3.4500000476837154 131.27080535888675
decision_type=10 10 10 2 1 1 1 2 2 2 10 8 2 2 2 1 10 10 10 10 8 8 10 2 1 10 2 2 10 2
left_child=1 -1 3 4 7 -4 -5 -2 11 13 12 18 27 23 -15 -12 -16 -14 19 20 -9 -6 -23 24 -10 -26 -27 28 -11 -28
right_child=2 -3 5 6 21 -7 -8 8 9 10 15 -13 17 14 16 -17 -18 -19 -20 -21 -22 22 -24 -25 25 26 29 -29 -30 -31
leaf_value=0.0040702030992287976 0.032031759098997178 -0.0095865399925154395 -0.015198834530713343 0.0048547066234084354 0.024298771416155631 -0.00061085373439338829 -0.073013437711327109 0.0018729733117173316 0.010624878923061538 -0.11974643304237312 -0.14220283201764314 0.057986766605750008 -0.028427949984872816 0.04194342070533142 -0.0010178846140128871 -0.040519205853592644 0.084144982588584216 -0.10059898962520784 0.038031768755761586 0.0061709506597527747 -0.016357734914303697 0.0049310570006393887 0.034494333862158916 -0.012573950603759976 -0.0022442559942551458 0.032002513812446225 -0.095332382902730148 -0.059643192965111447 -0.0040569764391408195 -0.028792549831520926
leaf_weight=229778 23476 417954 153014 7369 64156 1513681 12638 175936 144574 1754 2962 8586 19873 26338 60461 18243 3794 5338 16162 367200 115566 1191714 23722 158818 82162 2794 7636 7017 127453 9831
leaf_count=229778 23476 417954 153014 7369 64156 1513681 12638 175936 144574 1754 2962 8586 19873 26338 60461 18243 3794 5338 16162 367200 115566 1191714 23722 158818 82162 2794 7636 7017 127453 9831
internal_value=-1.03576e-07 -0.00474191 0.000705603 0.00235384 0.00270451 -0.00195022 -0.044367 -0.000753647 -0.00131855 -0.0053224 -0.0186695 0.00265951 -0.0139225 -0.000411693 0.0150388 -0.054809 0.00401064 -0.0437089 0.00195561 0.00107044 -0.00535459 0.00645013 0.00550805 -0.00386082 0.00174169 -0.0107973 -0.0454865 -0.00840986 -0.00562747 -0.0578816
internal_weight=5e+06 647732 4.35227e+06 2.68557e+06 2.66557e+06 1.6667e+06 20007 1.38597e+06 1.3625e+06 679048 182640 683450 161435 496408 90593 21205 64255 25211 674864 658702 291502 1.27959e+06 1.21544e+06 405815 246997 102423 20261 136224 129207 17467
internal_count=5000000 647732 4352268 2685573 2665566 1666695 20007 1385974 1362498 679048 182640 683450 161435 496408 90593 21205 64255 25211 674864 658702 291502 1279592 1215436 405815 246997 102423 20261 136224 129207 17467
cat_boundaries=0 1 2 3 4 5
cat_threshold=4110 6174 288 4 4193280
is_linear=0
shrinkage=0.1


Tree=131
num_leaves=31
num_cat=6
split_feature=76 73 72 76 73 0 82 74 73 73 72 72 72 75 1 83 73 75 85 73 47 79 88 73 75 76 5 82 14 72
split_gain=1661.61 1848.93 2955.32 2415.34 2945.74 2214.18 1882.51 2014.01 2079.11 2308.72 2434.2 2524.57 2820.06 3461.05 2434.06 2140.28 2001.47 2860.78 1953.14 2053.62 1911.5 1798.3 1749.57 2198.07 1726.39 1723.27 1806.16 1713.22 1637.36 1635.68
threshold=0 140.11250305175784 38.316650390625007 1 139.78585052490237 -8.6500000953674299 7.1499998569488534 202.50000000000003 135.22000122070315 129.97499847412112 36.073350906372077 34.495000839233406 35.32085037231446 2 7.6499998569488534 11.250000000000002 133.8891525268555 3 2.4500000476837163 130.98335266113284 1.0000000180025095e-35 6.1499998569488534 2.9500000476837163 135.43164825439456 4 5 23.750000000000004 1.0500000119209292 11.050000190734865 37.846700668334968
decision_type=1 2 2 1 2 2 10 2 2 2 2 2 2 1 8 8 2 1 10 2 10 8 8 2 1 1 8 8 10 2
left_child=-1 2 5 -4 24 -2 7 8 9 -7 11 16 13 -13 28 -12 17 20 19 -9 -11 27 23 -10 -5 26 -19 -15 -14 -3
right_child=1 29 3 4 -6 6 -8 18 22 10 15 12 14 21 -16 -17 -18 25 -20 -21 -22 -23 -24 -25 -26 -27 -28 -29 -30 -31
leaf_value=0.0040822520693944283 0.081883672537940044 0.005752561730326863 -0.0033367182529002604 0.10764797777631359 0.014361673143663488 0.0099156171043616043 -0.023088868505435386 0.025332523976721123 0.044872297690547791 -0.010355310297854635 0.10607040964556425 0.00097165750037218337 0.028066257259393282 0.011754092733843827 -0.0064924314205280142 0.011404778147757881 0.014749641029075984 0.029823398164126682 -0.017691598711005656 -0.0031512095615621573 -0.05344222928315339 -0.046123350887209896 0.0017783923603072037 0.009530624362644945 0.042182413966470676 -0.0014140923771493563 0.00073248192687557986 -0.030091787974318038 0.13035649934714447 -0.0047897921757186039
leaf_weight=831245 3304 165438 38618 5384 49857 165311 34927 26287 18617 162474 3696 48097 12689 13469 44771 6750 76089 41843 90547 682393 10993 46123 412682 321561 16152 256707 43561 35759 1785 1332871
leaf_count=831245 3304 165438 38618 5384 49857 165311 34927 26287 18617 162474 3696 48097 12689 13469 44771 6750 76089 41843 90547 682393 10993 46123 412682 321561 16152 256707 43561 35759 1785 1332871
internal_value=-1.44423e-07 -0.000814177 0.000763306 0.0168124 0.027708 7.37467e-05 -3.19577e-05 0.00028733 0.00221191 -0.00084825 -0.0030592 -0.00368986 -0.0133216 -0.0209019 0.00503243 0.0448993 -0.000390232 -0.00262457 -0.00386169 -0.00209467 -0.0130851 -0.0319322 0.00615516 0.0114648 0.0586184 0.00267971 0.0149836 -0.0186426 0.0406812 -0.00362574
internal_weight=5e+06 4.16876e+06 2.67045e+06 110011 71393 2.56044e+06 2.55713e+06 2.5222e+06 1.72298e+06 970117 804806 794360 202693 143448 59245 10446 591667 515578 799227 708680 173467 95351 752860 340178 21536 342111 85404 49228 14474 1.49831e+06
internal_count=5000000 4168755 2670446 110011 71393 2560435 2557131 2522204 1722977 970117 804806 794360 202693 143448 59245 10446 591667 515578 799227 708680 173467 95351 752860 340178 21536 342111 85404 49228 14474 1498309
cat_boundaries=0 1 2 3 4 5 6
cat_threshold=61440 2034688 960 7170 7168 2031616
is_linear=0
shrinkage=0.1


Tree=132
num_leaves=31
num_cat=3
split_feature=79 76 72 74 51 49 73 23 72 73 91 72 72 8 75 23 74 6 90 73 72 72 86 80 89 48 47 73 49 75
split_gain=1663.86 1947.29 2409.19 2254.23 2226.59 3417.58 2128.41 2300.24 1987.17 2597.42 3073.46 2837.96 3568.17 1994.1 1967.03 2576.17 2493.01 2318.47 2312.86 1980.68 1926.26 3004.27 2756.98 1919.95 2011.47 1868.27 1821.34 1787.43 1757.67 1757.01
threshold=0.55000001192092907 0 44.199998855590827 18.500000000000004 3.1499999761581425 3.6499999761581425 143.1683044433594 -2.1499999761581416 42.466650009155281 143.75664520263675 1.4499999880790713 43.175001144409187 43.652500152587898 -2.5499999523162837 1 13.750000000000002 907.50000000000011 19.650000572204593 1.0000000180025095e-35 129.87249755859378 43.024999618530281 42.666648864746101 -6.4500000476837149 4.2500000000000009 5.8500001430511483 8.2500000000000018 1.0000000180025095e-35 144.46170043945315 1.4499999880790713 2
decision_type=8 1 2 2 8 10 2 8 2 2 10 2 2 10 1 8 2 8 8 2 2 2 8 8 8 10 8 2 10 1
left_child=-1 2 25 4 5 23 7 20 -8 10 13 -11 28 -10 -9 16 17 19 -17 -16 21 -5 -23 24 -3 26 -2 -14 -13 -28
right_child=1 3 -4 6 -6 -7 8 14 9 11 -12 12 27 -15 15 18 -18 -19 -20 -21 -22 22 -24 -25 -26 -27 29 -29 -30 -31
leaf_value=0.0062106942361322484 0.0018768252919548448 0.011410895255803027 -0.017216637648681254 0.0072233756293672629 -0.0058546235679113219 -0.029311971982253132 0.054025562241599913 -0.00099692974822464231 -0.069012952687915727 0.04032791237197772 -0.073473773441323803 -0.013934423119527264 -0.0031883948740539475 -0.0089752781755529296 0.048165240131674697 -0.014915638327668124 -0.043169589173613715 0.027060361160095959 -0.051957284674230803 -0.0059120736645270735 0.027435690678077371 -0.1421141324211169 -0.020278385244412528 0.0058334310579472061 0.050580459651067167 -0.019006513393643135 0.0027198794971799597 0.054796317432319767 -0.057364975730919171 0.022460533601622236
leaf_weight=397087 1727301 36580 64497 93252 219666 25533 3874 848990 6791 10959 15295 19701 17845 29846 6855 134442 16717 23080 19273 566564 40309 2474 7451 399693 20434 39833 91621 7572 17682 88783
leaf_count=397087 1727301 36580 64497 93252 219666 25533 3874 848990 6791 10959 15295 19701 17845 29846 6855 134442 16717 23080 19273 566564 40309 2474 7451 399693 20434 39833 91621 7572 17682 88783
internal_value=-9.99634e-08 -0.000535897 0.00179812 -0.00234845 0.00249046 0.00629174 -0.00414652 -0.00323561 -0.0165161 -0.0186903 -0.0358223 -0.00662801 -0.0148221 -0.0201038 -0.00431306 -0.00798389 -0.00508224 -0.00401483 -0.01956 -0.0052656 0.00889853 0.00165647 -0.0506483 0.00828223 0.0254494 0.00242784 0.0028754 0.0140859 -0.0344769 0.0124363
internal_weight=5e+06 4.60291e+06 2.01204e+06 2.59088e+06 701906 482240 1.88897e+06 1.75941e+06 129565 125691 51932 73759 62800 36637 1.61592e+06 766931 613216 596499 153715 573419 143486 103177 9925 456707 57014 1.94754e+06 1.9077e+06 25417 37383 180404
internal_count=5000000 4602913 2012035 2590878 701906 482240 1888972 1759407 129565 125691 51932 73759 62800 36637 1615921 766931 613216 596499 153715 573419 143486 103177 9925 456707 57014 1947538 1907705 25417 37383 180404
cat_boundaries=0 1 2 3
cat_threshold=523776 6080 7042
is_linear=0
shrinkage=0.1


Tree=133
num_leaves=31
num_cat=4
split_feature=75 0 4 89 77 72 75 13 6 75 15 72 3 72 73 14 73 78 30 9 23 72 76 74 90 3 72 85 23 14
split_gain=1595.26 3066.07 3499.16 3050.46 2447.32 2404.42 3746.27 2457.74 2260.15 2961.67 2651.47 2936.53 2431.66 2168.87 3423.24 3111.99 2118.09 7041.18 3061.95 2997.2 1997.32 2943.79 1947.05 1913.09 2006.75 1878.13 1842.76 2339.8 1966.84 1776.61
threshold=0 6.4500000476837167 10.250000000000002 8.2500000000000018 7.4500000476837167 37.095001220703132 1 13.550000190734865 10.050000190734865 2 15.84999990463257 40.964998245239265 18.650000572204593 35.170000076293952 136.54419708251956 13.050000190734865 137.86834716796878 1.0000000180025095e-35 1.0000000180025095e-35 16.550000190734867 11.250000000000002 36.589200973510749 3 639.50000000000011 1.0000000180025095e-35 10.050000190734865 26.891649246215824 7.0499999523162851 21.849999427795414 11.050000190734865
decision_type=1 2 10 10 10 2 1 10 10 1 8 2 8 2 2 10 2 10 10 8 10 2 1 2 10 10 2 10 10 10
left_child=20 2 3 4 13 16 7 -7 -8 10 11 -10 -12 15 29 22 26 18 -18 -19 23 -22 -2 -1 -25 -23 28 -28 -3 -15
right_child=1 5 -4 -5 -6 6 8 -9 9 -11 12 -13 -14 14 -16 -17 17 19 -20 -21 21 25 -24 24 -26 -27 27 -29 -30 -31
leaf_value=-0.0014169553547315776 0.024887906058424277 0.039579689221885206 0.046722864821655746 0.04388511653633289 0.04415080311170734 -0.01414277121245475 0.010129522268639951 -0.052490392264257585 0.0073876957815146096 -0.0012820123263425399 -0.025987707445912424 -0.026273379527650759 -0.086815032465685185 0.031335448239111711 0.0042088866457827695 0.031753013733431541 0.001130523876844041 0.075155725738913173 0.034276241908088929 0.024303848997122516 -0.0169261533593347 -0.078327823442109909 -0.022484144817411001 -0.01702278181223324 -0.095280334973275913 -0.28881569107838823 -0.00066060943218224782 -0.036227118818120733 0.0052661650875681547 0.10721213267447
leaf_weight=704339 9754 21994 20966 19967 15081 123254 132724 19335 58485 764191 41102 46540 7823 19729 602280 15222 444442 18057 29735 32365 63620 1519 78084 33930 3627 588 1579411 18716 69462 3658
leaf_count=704339 9754 21994 20966 19967 15081 123254 132724 19335 58485 764191 41102 46540 7823 19729 602280 15222 444442 18057 29735 32365 63620 1519 78084 33930 3627 588 1579411 18716 69462 3658
internal_value=-8.51309e-08 0.000783897 0.0064193 0.00531294 0.0042775 -0.00051387 -0.00413198 -0.0193413 -0.00206807 -0.00383134 -0.0164848 -0.00752862 -0.0357139 0.00345232 0.00566648 -0.00998959 0.00143631 0.00698693 0.00320905 0.0425148 -0.0040697 -0.0207775 -0.0172234 -0.00258956 -0.0245804 -0.137069 -0.000287104 -0.00107714 0.0135181 0.0432034
internal_weight=5e+06 4.19238e+06 784741 763775 743808 3.40764e+06 1.19345e+06 142589 1.05086e+06 918141 153950 105025 48925 728727 625667 103060 2.21418e+06 524599 474177 50422 807623 65727 87838 741896 37557 2107 1.68958e+06 1.59813e+06 91456 23387
internal_count=5000000 4192377 784741 763775 743808 3407636 1193454 142589 1050865 918141 153950 105025 48925 728727 625667 103060 2214182 524599 474177 50422 807623 65727 87838 741896 37557 2107 1689583 1598127 91456 23387
cat_boundaries=0 1 2 3 4
cat_threshold=6 4120 2080 261120
is_linear=0
shrinkage=0.1


Tree=134
num_leaves=31
num_cat=6
split_feature=1 23 75 0 76 23 12 24 75 72 75 23 23 72 91 54 76 88 74 81 6 73 0 4 86 83 72 75 14 26
split_gain=1556.75 1588.35 2687.14 3434.62 2556.39 2379.25 3031.17 2263.25 2112.4 2067.43 2072.18 2569.55 2086.56 1941.91 2278.34 1989.91 1888.44 1884.69 2002.19 1853.22 1761.49 1719.57 1718.57 2384.54 1853.17 1685.06 1575.11 1833.79 3102.01 1547.15
threshold=34.750000000000007 25.44999980926514 0 9.4499998092651385 1 3.2500000000000004 11.050000190734865 0.75000000000000011 2 36.241651535034187 3 18.750000000000004 9.0500001907348651 26.048299789428714 5.5499999523162851 1.8499999642372134 4 0.35000000894069677 249.50000000000003 1.0000000180025095e-35 13.250000000000002 141.20420074462893 12.84999990463257 12.050000190734865 7.0499999523162851 30.250000000000004 32.232500076293952 5 9.2500000000000018 1.0000000180025095e-35
decision_type=10 10 1 2 1 10 10 2 1 2 1 10 8 2 10 8 1 8 2 8 8 2 2 10 10 10 2 1 8 10
left_child=1 2 3 16 -5 6 22 25 -8 -6 11 -11 -12 -7 17 -16 -1 -15 -19 21 -17 -14 23 24 -4 29 -20 28 -28 -3
right_child=-2 7 5 4 9 13 8 -9 -10 10 12 -13 19 14 15 20 -18 18 26 -21 -22 -23 -24 -25 -26 -27 27 -29 -30 -31
leaf_value=0.058865271402928569 0.055765130852073574 -0.010440040499771281 0.0008405612198784531 0.0098731791853189851 0.0056005138101718104 0.021453199559934494 0.084113009359847016 0.021938469678943799 0.019490614417278649 0.01742023008608928 0.023257556851547401 -0.005697919887100597 -0.0043667970539635935 0.0093814469430737596 -0.040872279543606928 0.0034764712071624275 0.017694480601673421 -0.0015594728148292868 0.022543156552603732 -0.044493991227655426 -0.027385122663430062 -0.026299858850354803 -0.1082624148628296 0.0631816709252601 0.028706330089088829 0.0083463102727100291 -0.01854276938041248 -0.007665991470480295 -0.08938474811898485 0.014879968536789549
leaf_weight=14869 5001 415692 876007 396835 353142 32785 5647 29048 48088 71412 15177 147144 105383 128470 27046 44672 44484 1619723 14741 19461 31561 54094 1415 6332 24534 64395 55672 314597 6953 25620
leaf_count=14869 5001 415692 876007 396835 353142 32785 5647 29048 48088 71412 15177 147144 105383 128470 27046 44672 44484 1619723 14741 19461 31561 54094 1415 6332 24534 64395 55672 314597 6953 25620
internal_value=-7.63871e-08 -5.59086e-05 0.000561544 0.00455715 0.00335934 -0.000946269 0.00322319 -0.00520591 0.026301 -1.61825e-05 -0.00482265 0.00185573 -0.0123414 -0.00270846 -0.00306155 -0.0175683 0.0280214 -0.00236149 -0.00311141 -0.0153615 -0.00930045 -0.0118064 0.00185788 0.00202971 0.00159973 -0.00676509 -0.00952455 -0.0107777 -0.0264039 -0.00897011
internal_weight=5e+06 4.995e+06 4.46024e+06 1.222e+06 1.16265e+06 3.23824e+06 962023 534755 53735 765813 412671 218556 194115 2.27622e+06 2.24344e+06 103279 59353 2.14016e+06 2.01169e+06 178938 76233 159477 908288 906873 900541 505707 391963 377222 62625 441312
internal_count=5000000 4994999 4460244 1222001 1162648 3238243 962023 534755 53735 765813 412671 218556 194115 2276220 2243435 103279 59353 2140156 2011686 178938 76233 159477 908288 906873 900541 505707 391963 377222 62625 441312
cat_boundaries=0 1 2 3 4 5 6
cat_threshold=928 196480 4 384 458688 4102
is_linear=0
shrinkage=0.1


Tree=135
num_leaves=31
num_cat=5
split_feature=76 74 75 0 6 76 76 66 56 48 26 73 75 61 73 74 49 50 11 16 3 3 0 10 21 23 72 73 72 72
split_gain=1574.55 1620.98 1554.21 3029.58 2925.73 4034.79 2543.86 2979.18 3136.26 3118.51 2301.8 2087.45 2049.8 1946.5 1892.42 1873.84 1840.38 1776.14 1716.08 3839.11 2655.25 1743.05 2011.6 1706.07 2794.01 1679.5 1625.86 2808.91 1747.68 1625.81
threshold=0 1099.0000000000002 1 15.84999990463257 21.349999427795414 2 3 1.5500000119209292 3.1499999761581425 3.3500000238418584 1.0000000180025095e-35 144.7174987792969 4 2.2500000000000004 142.79664611816409 97.500000000000014 3.6499999761581425 2.3500000238418584 7.2500000000000009 11.250000000000002 6.2500000000000009 11.84999990463257 8.6500000953674334 18.44999980926514 16.849999427795414 14.34999990463257 36.658300399780281 137.68579864501956 34.996648788452156 43.591650009155281
decision_type=1 2 1 2 8 1 1 8 8 10 8 2 1 8 2 2 10 10 8 10 10 8 2 8 10 8 2 2 2 2
left_child=-1 2 6 4 5 -4 18 8 9 16 11 12 15 25 26 -7 23 -11 19 21 -21 -2 -23 -8 -25 -5 27 28 -12 -16
right_child=1 -3 3 13 -6 10 7 -9 -10 17 14 -13 -14 -15 29 -17 -18 -19 -20 20 -22 22 -24 24 -26 -27 -28 -29 -30 -31
leaf_value=-0.0046926953739596568 -0.007221107282539648 -0.020880955179900546 -0.0018251651533026929 0.020921889754130785 0.040814084821270996 0.011723290539349243 0.0004784227883145001 0.0058022877877871928 -0.021364524301219504 -0.051390175766334117 0.047424963875044815 -0.027185763087239447 0.0074499016308883356 -0.0052363653403773918 0.12216417757610371 0.04199900220341829 -0.037668091383714165 -0.012198567825610539 -0.0146595344747791 0.074536011065358246 -0.060400108568768068 0.070951740665673987 0.0045925048432731005 0.039224430387637108 -0.010088777141829614 0.0014184534734387171 0.0075407722314714768 0.10344602643337744 -0.016742028192799564 0.015588450206800615
leaf_weight=625553 277169 34622 359605 45959 25160 46553 434369 638823 88156 15977 11673 14861 332852 506494 3925 36449 11703 41861 198055 9679 1717 5960 19561 29856 18677 1123448 26466 5894 6670 2253
leaf_count=625553 277169 34622 359605 45959 25160 46553 434369 638823 88156 15977 11673 14861 332852 506494 3925 36449 11703 41861 198055 9679 1717 5960 19561 29856 18677 1123448 26466 5894 6670 2253
internal_value=-3.22762e-08 0.000671035 0.000842973 0.00242974 0.00720883 0.00621083 -0.00141399 0.000970085 -0.00384871 -0.00105362 0.0121372 0.00964062 0.0109566 -5.79269e-05 0.0310442 0.0250154 0.00151563 -0.0230247 -0.00736976 -0.00277323 0.0542056 -0.00491843 0.0200896 0.00246524 0.0202472 0.00218496 0.0246772 0.0433896 0.0240921 0.083298
internal_weight=5e+06 4.37445e+06 4.33982e+06 2.54826e+06 872361 847201 1.79156e+06 1.27942e+06 640599 552443 487596 430715 415854 1.6759e+06 56881 83002 494605 57838 512141 314086 11396 302690 25521 482902 48533 1.16941e+06 50703 24237 18343 6178
internal_count=5000000 4374447 4339825 2548262 872361 847201 1791563 1279422 640599 552443 487596 430715 415854 1675901 56881 83002 494605 57838 512141 314086 11396 302690 25521 482902 48533 1169407 50703 24237 18343 6178
cat_boundaries=0 1 2 3 4 5
cat_threshold=112 7174 14680079 918400 224
is_linear=0
shrinkage=0.1


Tree=136
num_leaves=31
num_cat=7
split_feature=23 0 86 8 1 73 14 1 75 72 22 76 0 5 12 70 0 83 76 72 75 76 75 22 0 0 75 72 73 72
split_gain=1553.62 2423.97 3902.04 3604.16 2588.23 2329.73 2305.17 2193.41 2128.77 2643.31 2394.51 2250.09 2024.57 4124.14 2712.18 2969.94 2049.23 2009.88 2051.17 1962.18 3165.12 2188.56 2887.86 2284.71 2185.58 2155.51 1996.72 1911.7 2201.08 3181.71
threshold=-3.4500000476837154 2.4500000476837163 -1.6500000357627866 1.0500000119209292 -4.3500001430511466 144.7174987792969 2.4500000476837163 -7.5499999523162833 0 38.085000991821296 14.949999809265138 1 9.0500001907348651 13.84999990463257 17.750000000000004 0.94999998807907116 2.8500000238418584 -4.5499999523162833 2 37.095001220703132 3 4 5 18.94999980926514 23.050000190734867 17.94999980926514 6 33.418348312377937 139.56915283203128 36.559150695800788
decision_type=10 2 10 10 10 2 10 8 1 2 8 1 2 8 8 8 2 10 1 2 1 1 1 8 2 2 1 2 2 2
left_child=1 2 3 5 -5 6 17 -4 9 10 11 -2 13 14 15 16 -10 18 -1 -14 -21 22 25 24 26 -22 -24 -17 29 -29
right_child=8 -3 7 4 -6 -7 -8 -9 12 -11 -12 -13 19 -15 -16 27 -18 -19 -20 20 21 -23 23 -25 -26 -27 -28 28 -30 -31
leaf_value=-0.029522321616736069 0.0076472406670670436 -0.039424335247859661 0.26816783199532773 0.16363337878454706 0.037135561909422472 0.047263331415846606 0.051362408482542588 0.039693727461714241 0.0056358257938619221 -0.012827904971856957 -0.018575473186604848 -0.0040023648574257255 0.0014490995849215005 0.048625291354326111 0.035547079836773077 -0.021414858967272382 -0.015035047574674118 0.015359139098308459 -0.0018566056381898125 -0.077803159625108267 -0.023099738785519838 0.00035403295188956229 0.027291136880453107 -0.015845567272579731 -0.12489519173376654 -0.094646636537290274 -0.0019822538527820106 0.0097501833175253263 0.0035772002758964836 0.042125095622821136
leaf_weight=38206 266138 10396 426 1881 11545 10379 7885 30810 77112 273316 73503 439713 1926250 21438 26446 22371 126857 40839 89724 5760 64080 602716 26361 132649 1378 4507 200137 118241 308095 40841
leaf_count=38206 266138 10396 426 1881 11545 10379 7885 30810 77112 273316 73503 439713 1926250 21438 26446 22371 126857 40839 89724 5760 64080 602716 26361 132649 1378 4507 200137 118241 308095 40841
internal_value=-2.88637e-08 0.00781457 0.00993415 0.0048114 0.0548581 0.00121885 -0.00148642 0.0428097 -0.00039765 -0.00436605 -0.00139858 0.000390119 0.000729796 0.00540348 0.00411648 0.00291793 -0.00722027 -0.00395555 -0.0101214 -0.000439318 -0.00394511 -0.00353202 -0.00899011 -0.00541155 0.000661969 -0.0277972 0.00142585 0.00714199 0.00850945 0.0180618
internal_weight=5e+06 242091 231695 200459 13426 187033 176654 31236 4.75791e+06 1.05267e+06 779354 705851 3.70524e+06 741401 719963 693517 203969 168769 127930 2.96384e+06 1.03759e+06 1.03183e+06 429112 360525 227876 68587 226498 489548 467177 159082
internal_count=5000000 242091 231695 200459 13426 187033 176654 31236 4757909 1052670 779354 705851 3705239 741401 719963 693517 203969 168769 127930 2963838 1037588 1031828 429112 360525 227876 68587 226498 489548 467177 159082
cat_boundaries=0 1 2 3 4 5 6 7
cat_threshold=14 2089984 2016 4096 16252991 48 256
is_linear=0
shrinkage=0.1


Tree=137
num_leaves=31
num_cat=3
split_feature=85 76 73 75 20 6 71 72 63 48 17 48 61 48 51 72 91 72 89 74 73 75 72 73 72 86 73 74 73 77
split_gain=1521.83 1698.27 1738.43 1732.55 2836.34 2468.71 1928.7 2001.91 1877.44 2372.11 1850.54 1761.2 2448.9 2697.99 1905.84 1702.14 1853.2 2855.61 4291.34 2831.07 1686.83 1861.18 1648.33 1573.47 2154.66 2017.97 2011.38 1614.75 1717.99 2024.98
threshold=0.65000000596046459 0 129.87249755859378 1 5.4500000476837167 13.250000000000002 2.1499999761581425 40.420000076293952 5.5499999523162851 7.5499999523162851 -2.8500000238418575 0.45000000298023229 1.3499999642372134 2.6499999761581425 2.5499999523162846 45.209999084472663 1.9499999880790713 33.418348312377937 14.449999809265138 542.00000000000011 144.7174987792969 2 44.199998855590827 139.56915283203128 43.387498855590827 9.4499998092651385 141.71585083007815 536.00000000000011 137.86834716796878 23.750000000000004
decision_type=8 1 2 1 8 8 10 2 10 10 8 10 10 8 10 2 10 2 8 2 2 1 2 2 2 8 2 2 2 8
left_child=-1 2 -2 8 5 6 10 -8 9 11 -5 -3 13 14 -13 16 -4 18 -18 23 22 -22 -6 27 26 -26 -25 28 -19 -30
right_child=1 3 15 4 20 -7 7 -9 -10 -11 -12 12 -14 -15 -16 -17 17 19 -20 -21 21 -23 -24 24 25 -27 -28 -29 29 -31
leaf_value=0.0045586258272529529 0.014448621403280893 0.0090102692724878339 -0.0032353429057521916 0.017401676785483149 0.0010861619344087951 0.036441087536724516 0.026772933434017449 0.0043851633777229832 0.012578073955877829 -0.043748763652363597 -0.0048928513861489168 -0.0035549556461740885 -0.00045200553850481963 -0.029524169998850019 -0.030311562438616803 0.038506990403239377 -0.11582639157167292 -0.0095838087123624686 -0.010820537374494649 -0.069331223842206829 0.0025552718230662397 -0.048185860398215617 -0.016000446536484431 -0.016143835066547846 0.03769022091148163 -0.020766845244101148 -0.056022407188682781 0.13159792500291634 0.048936247766695203 -0.005765118334566696
leaf_weight=638750 47321 89554 741882 49532 2043630 31402 78543 81269 66436 15438 149913 191815 364274 72103 30911 8835 6656 52753 9372 7856 13982 14964 58063 67408 12714 11027 15569 957 13446 13625
leaf_count=638750 47321 89554 741882 49532 2043630 31402 78543 81269 66436 15438 149913 191815 364274 72103 30911 8835 6656 52753 9372 7856 13982 14964 58063 67408 12714 11027 15569 957 13446 13625
internal_value=-4.19542e-08 -0.000667706 -0.00426354 0.000415212 0.00172008 0.009553 0.00720276 0.0153881 -0.00354605 -0.00494805 0.000643976 -0.00414794 -0.00593578 -0.0127112 -0.00726837 -0.00518395 -0.00558888 -0.013849 -0.0544267 -0.0105198 0.000283904 -0.0236918 0.000614114 -0.00805566 -0.0160258 0.0105386 -0.0236263 0.0024735 0.000925441 0.0214047
internal_weight=5e+06 4.36125e+06 1.00942e+06 3.35183e+06 2.5213e+06 390659 359257 159812 830531 764095 199445 748657 659103 294829 222726 962100 953265 211383 16028 195355 2.13064e+06 28946 2.10169e+06 187499 106718 23741 82977 80781 79824 27071
internal_count=5000000 4361250 1009421 3351829 2521298 390659 359257 159812 830531 764095 199445 748657 659103 294829 222726 962100 953265 211383 16028 195355 2130639 28946 2101693 187499 106718 23741 82977 80781 79824 27071
cat_boundaries=0 1 2 3
cat_threshold=252 6146 1800
is_linear=0
shrinkage=0.1


Tree=138
num_leaves=31
num_cat=6
split_feature=67 23 75 72 72 73 76 75 8 16 74 23 73 72 72 0 75 5 88 76 79 85 73 72 73 72 75 73 74 73
split_gain=1467.44 1934.86 2529.88 2294.24 2339.84 2644.48 2140.74 2057.09 2055.49 2553.18 2160.56 1867.53 1835.01 1653.23 1637.84 1719.48 1643.45 2653.31 1603.9 1652.76 1769.94 1989.25 2217.59 2580.91 4252.31 2397.44 2490.18 2702.66 1873.35 1928.3
threshold=0.55000001192092907 20.349999427795414 0 41.475000381469734 43.024999618530281 141.5683517456055 1 2 -0.35000000894069666 7.2500000000000009 733.00000000000011 13.550000190734865 129.38750457763675 36.241651535034187 43.106649398803718 -3.0499999523162837 3 8.8499999046325701 0.15000000223517421 4 0.75000000000000011 0.65000000596046459 134.46669769287112 34.879999160766609 138.99334716796878 35.502500534057624 5 131.50415039062503 43.500000000000007 134.58415222167972
decision_type=8 10 1 2 2 2 1 1 8 10 2 10 2 2 2 2 1 8 8 1 8 8 2 2 2 2 1 2 2 2
left_child=-1 2 11 8 -5 6 -6 -3 9 -4 12 -2 -10 -13 15 -7 -16 -18 -14 -20 -21 -22 25 24 -24 26 -23 -28 -25 -30
right_child=1 7 3 4 5 14 -8 -9 10 -11 -12 13 18 -15 16 -17 17 -19 19 20 21 22 23 28 -26 -27 27 -29 29 -31
leaf_value=-0.0040213530672022811 0.034820854768543262 -0.0010117075878168147 0.01015127665868034 -0.012342083428736921 -0.0077967174062417675 0.065251242752151453 0.03463540612075957 -0.013042553420452456 0.021878156100841439 0.070215623980452474 -0.016269869533974225 0.027326347104072682 0.018077033128511975 0.0044289481901666041 0.0032661907839256149 0.0064098712154271433 -0.0073721756433813958 -0.052132687387894242 0.0080323005918074512 0.009088626331990585 0.0082514130592819084 -0.023033797843915634 0.0057182506139658029 0.003642097029837007 0.059224501455336233 0.024133567718517809 0.0070180871886142832 -0.016108314424810734 0.072181216966960074 -0.0081449262066028549
leaf_weight=768059 30830 1051928 198953 221344 17558 6666 36823 164314 47170 7338 64077 38365 59280 177065 149436 19477 174198 14333 305769 184532 182776 121604 100630 274292 17425 19784 97832 104521 3015 340606
leaf_count=768059 30830 1051928 198953 221344 17558 6666 36823 164314 47170 7338 64077 38365 59280 177065 149436 19477 174198 14333 305769 184532 182776 121604 100630 274292 17425 19784 97832 104521 3015 340606
internal_value=-4.68865e-08 0.000729784 0.0020877 0.00122398 -0.00402698 0.000370966 0.0209403 -0.00263719 0.00280162 0.0122878 0.00178415 0.0118005 0.00240637 0.00850665 -0.00270113 0.0214134 -0.00456647 -0.0107745 0.00189949 0.00135236 -5.92294e-05 -0.00139633 -0.00302953 6.77043e-05 0.0136158 -0.00966087 -0.0117247 -0.0049271 -0.00252072 -0.00744013
internal_weight=5e+06 4.23194e+06 3.0157e+06 2.76944e+06 639835 418491 54381 1.21624e+06 2.1296e+06 206291 1.92331e+06 246260 1.85924e+06 215430 364110 26143 337967 188531 1.81207e+06 1.75279e+06 1.44702e+06 1.26248e+06 1.07971e+06 735968 118055 343741 323957 202353 617913 343621
internal_count=5000000 4231941 3015699 2769439 639835 418491 54381 1216242 2129604 206291 1923313 246260 1859236 215430 364110 26143 337967 188531 1812066 1752786 1447017 1262485 1079709 735968 118055 343741 323957 202353 617913 343621
cat_boundaries=0 1 2 3 4 5 6
cat_threshold=896 522240 1984 5216 253952 6146
is_linear=0
shrinkage=0.1


Tree=139
num_leaves=31
num_cat=3
split_feature=79 52 72 0 76 3 16 60 48 10 2 13 0 14 90 3 55 72 75 89 23 1 47 10 7 10 29 27 75 0
split_gain=1441.2 1991.96 1846.03 1832.69 1625.86 2281.5 5729.98 3517.58 3298.4 2728.5 3052.21 5192.09 3746.82 2703.04 5244.76 4678.57 3034.04 2744.55 2673.33 2477.25 2411.28 2384.82 3638.98 2395.12 2189.56 2101 2072.23 2031.18 2272.34 1952.1
threshold=6.0499999523162851 2.5499999523162846 30.90164947509766 13.750000000000002 0 1.8499999642372134 7.6499998569488534 2.4500000476837163 1.5500000119209292 8.4499998092651385 -2.7499999999999996 -0.65000000596046437 -5.8500001430511466 12.650000095367433 1.0000000180025095e-35 7.6499998569488534 3.2500000000000004 33.418348312377937 1 -0.15000000223517415 23.349999427795414 16.050000190734867 1.0000000180025095e-35 21.150000572204593 3.2500000000000004 10.84999990463257 1.0000000180025095e-35 1.0000000180025095e-35 2 25.550000190734867
decision_type=10 8 2 2 1 8 10 8 8 10 10 10 2 8 10 8 8 2 1 8 10 8 8 10 10 8 10 10 1 2
left_child=2 -2 3 -1 5 6 8 24 9 10 11 -4 -13 14 17 16 26 25 20 -19 29 22 23 -20 -8 -7 -15 -16 -29 -17
right_child=1 -3 4 -5 -6 13 7 -9 -10 -11 -12 12 -14 15 27 18 -18 19 21 -21 -22 -23 -24 -25 -26 -27 -28 28 -30 -31
leaf_value=0.058501122268806952 -0.029671780326165555 -0.0033457006991890327 -0.01981588733188858 0.0086850493167745287 0.0014200191833092977 -0.063899312924304924 0.062067291706215583 -0.00088116865276625716 0.010753596185311652 0.051488036414210597 -0.02558523984338168 0.085518474753522866 0.010348557656717444 0.028962446492868735 -0.0011545602158003021 0.0057503925017437195 -0.039958618555915773 0.0270860121352005 -0.0046292204959180105 -0.016230359631508127 -0.0091344751718274216 -0.019837921499042656 -0.041564182055343325 0.023483821375654898 0.0017359504227529748 -0.0033349312965420619 -0.097241948408352666 0.021035744215928104 0.093586297235939642 -0.070721420016258557
leaf_weight=7795 36770 131632 45630 140402 2915617 20199 31634 20109 135650 6896 86815 9482 22053 75006 19110 388787 7481 13980 226993 237476 171066 150612 23994 34974 7428 7995 1324 13335 6388 3367
leaf_count=7795 36770 131632 45630 140402 2915617 20199 31634 20109 135650 6896 86815 9482 22053 75006 19110 388787 7481 13980 226993 237476 171066 150612 23994 34974 7428 7995 1324 13335 6388 3367
internal_value=-4.1987e-08 -0.00909391 0.000316918 0.0113053 -3.07878e-05 -0.00242361 0.0046107 0.0331009 -0.000888968 -0.0101314 -0.0127228 0.00174825 0.0329508 -0.00425834 -0.0123573 -0.00187795 0.0208168 -0.0171394 -0.00378042 -0.0138221 0.000772261 -0.0096536 -0.00428999 -0.000875979 0.0505947 -0.046725 0.0267733 0.0220798 0.044592 0.00509381
internal_weight=5e+06 168402 4.8316e+06 148197 4.6834e+06 1.76778e+06 365697 59171 306526 170876 163980 77165 31535 1.40209e+06 318483 1.0836e+06 83811 279650 999793 251456 563220 436573 285961 261967 39062 28194 76330 38833 19723 392154
internal_count=5000000 168402 4831598 148197 4683401 1767784 365697 59171 306526 170876 163980 77165 31535 1402087 318483 1083604 83811 279650 999793 251456 563220 436573 285961 261967 39062 28194 76330 38833 19723 392154
cat_boundaries=0 1 2 3
cat_threshold=511 1920 5212
is_linear=0
shrinkage=0.1


Tree=140
num_leaves=31
num_cat=5
split_feature=74 73 24 82 71 2 88 72 73 73 88 80 10 72 72 90 74 75 76 76 73 23 72 72 80 75 72 73 76 1
split_gain=1425.3 1619.19 1549.2 1466.63 1465.73 1443.17 1383.06 1590.5 1835.19 2939.48 1920.07 1762.75 1739.21 1662.51 2750.32 2728.6 1451.13 1412.97 2459.05 1408.22 1406.33 1356.07 1314.55 1970.86 1739.73 1507.28 1820.92 2358.93 4145.36 2323.62
threshold=118.00000000000001 142.22499847412112 1.2500000000000002 1.8499999642372134 inf 25.94999980926514 6.3500001430511483 30.90164947509766 135.22000122070315 139.82914733886722 2.9500000476837163 16.250000000000004 21.050000190734867 42.974149703979499 41.927499771118171 1.0000000180025095e-35 90.500000000000014 0 1 2 139.55834960937503 -10.15000009536743 34.495000839233406 36.073350906372077 10.250000000000002 3 35.32085037231446 132.50000000000003 4 8.2500000000000018
decision_type=2 2 2 8 8 10 10 2 2 2 8 8 8 2 2 8 2 1 1 1 2 8 2 2 8 1 2 2 1 8
left_child=1 6 4 -2 5 -3 7 12 22 10 11 20 -1 14 -11 17 -13 18 -15 -16 -10 -19 -9 25 -25 -24 27 -27 -29 -28
right_child=3 2 -4 -5 -6 -7 -8 8 9 13 -12 16 -14 15 19 -17 -18 21 -20 -21 -22 -23 23 24 -26 26 29 28 -30 -31
leaf_value=0.031813680642071893 0.0019094622545573041 -0.0052336017960941707 0.03799790382884221 -0.003928402356094921 -0.090320426738927179 -0.057388699185581371 -0.0097685095025290339 0.00053984277329303671 0.02584618507437389 0.00082166871231975885 0.0042143110592983059 0.0087017097294830922 0.0058521236953869588 0.002310261856781072 -0.002797229988895528 -0.022231494960939922 0.040456401557699861 0.071880994931859746 0.050899219382616934 -0.025629077435968969 0.093921410313813444 0.0063794004553765285 0.0013605679903052894 0.089793555214890616 0.0058428075840050407 0.0034913013031179444 0.02667976180356009 -0.0073302416537629617 -0.05782547150261709 -0.018484425760744688
leaf_weight=36984 629995 282519 7924 1357906 2087 5407 94148 651868 66829 652215 360053 215457 85363 19091 46100 25407 15421 3236 22931 65278 3179 135747 68127 3561 8046 21149 18364 29781 35825 30002
leaf_count=36984 629995 282519 7924 1357906 2087 5407 94148 651868 66829 652215 360053 215457 85363 19091 46100 25407 15421 3236 22931 65278 3179 135747 68127 3561 8046 21149 18364 29781 35825 30002
internal_value=-1.45798e-08 0.00137159 -0.00562634 -0.0020783 -0.00681829 -0.00621303 0.00213977 0.00256768 0.00202237 0.0039984 0.00914146 0.0150375 0.0137 0.000494035 -0.00165841 0.00845669 0.0108227 0.0127643 0.0288306 -0.0161814 0.0289374 0.00790393 -0.001696 -0.00847951 0.0315987 -0.0107683 -0.0168824 -0.0255514 -0.0349137 -0.00133612
internal_weight=5e+06 3.0121e+06 297937 1.9879e+06 290013 287926 2.71416e+06 2.62001e+06 2.49767e+06 1.63094e+06 660939 300886 122347 970005 763593 206412 230878 181005 42022 111378 70008 138983 866723 214855 11607 203248 135121 86755 65606 48366
internal_count=5000000 3012099 297937 1987901 290013 287926 2714162 2620014 2497667 1630944 660939 300886 122347 970005 763593 206412 230878 181005 42022 111378 70008 138983 866723 214855 11607 203248 135121 86755 65606 48366
cat_boundaries=0 1 2 3 4 5
cat_threshold=7168 1048064 785920 960 2096128
is_linear=0
shrinkage=0.1


Tree=141
num_leaves=31
num_cat=6
split_feature=23 75 14 72 48 12 76 74 0 72 8 65 81 7 6 0 75 1 52 17 89 75 76 24 73 21 75 73 73 72
split_gain=1426.6 2629.62 2599.41 2591.77 2662.84 2407.67 1962.69 1953.56 1926.63 2868.71 1944.61 1922.12 1865.65 1796.25 1710.88 3204.97 1856.33 1651.59 1637.38 1590.95 1937.08 1563 1554.25 4392.09 2758.9 2074.42 2905.11 1987.3 1696.45 4105.72
threshold=2.0499999523162846 0 9.6500000953674334 38.602500915527351 6.4500000476837167 6.6499998569488534 1 396.50000000000006 18.150000572204593 32.438299179077156 16.650000572204593 1.9499999880790713 1.0000000180025095e-35 3.2500000000000004 6.8500001430511483 2.4500000476837163 2 3.4500000476837163 4.7500000000000009 -4.3500001430511466 5.4500000476837167 3 4 1.0000000180025095e-35 142.9716491699219 24.750000000000004 5 141.20420074462893 136.54419708251956 36.658300399780281
decision_type=10 1 10 2 10 8 1 2 2 2 8 8 10 10 10 2 1 8 10 10 10 1 1 2 2 10 1 2 2 2
left_child=2 3 6 4 7 11 -1 8 -2 -10 -11 -5 14 -4 19 -16 -17 -9 -6 -8 -21 -7 23 25 28 -3 -27 -24 -25 -30
right_child=1 22 13 5 18 21 12 17 9 10 -12 -13 -14 -15 15 16 -18 -19 -20 20 -22 -23 27 24 -26 26 -28 -29 29 -31
leaf_value=-0.0040908755776599545 0.00082893221582941868 0.0043810674253292005 0.060629423288422052 -0.028479576225181876 -0.057332619771326192 -0.14779499419024811 0.015165248418109685 0.0010147477549941567 -0.0058780462086001715 -0.052728465220126697 -0.18407082498697025 0.00014101225279492604 -0.012560170882280682 0.015715527223841962 0.064087452845028745 0.041746619736990995 -0.0097658238491552911 -0.02984875165807634 -0.015592566828416855 -0.00042988402119388145 0.044844922362412484 -0.04394097928027664 0.00036015474477923753 0.0035806106864152013 0.085518929763325424 -0.023332056740554982 -0.00042189307864010615 -0.0078244914984800205 0.064422446449022452 0.010890122864444221
leaf_weight=295061 666490 764775 11072 44159 12058 1586 129212 28755 24179 7720 1320 50073 46934 45484 15278 10696 20180 43671 42606 231635 9852 16382 1648482 46875 6413 68753 283731 361767 21383 43418
leaf_count=295061 666490 764775 11072 44159 12058 1586 129212 28755 24179 7720 1320 50073 46934 45484 15278 10696 20180 43671 42606 231635 9852 16382 1648482 46875 6413 68753 283731 361767 21383 43418
internal_value=-2.0922e-08 -0.000745655 0.00382652 -0.00540614 -0.00347084 -0.0196678 0.00228513 -0.00196084 -0.000342553 -0.0238467 -0.0719068 -0.0132712 0.00634149 0.0245083 0.0084698 0.026626 0.00808937 -0.0175951 -0.0247998 0.00620926 0.0014172 -0.0532147 0.000602708 0.00339423 0.0217348 0.00145574 -0.00489126 -0.00111276 0.018072 0.0285547
internal_weight=5e+06 4.1846e+06 815404 938999 826799 112200 758848 772135 699709 33219 9040 94232 463787 56556 416853 46154 30876 72426 54664 370699 241487 17968 3.2456e+06 1.23535e+06 118089 1.11726e+06 352484 2.01025e+06 111676 64801
internal_count=5000000 4184596 815404 938999 826799 112200 758848 772135 699709 33219 9040 94232 463787 56556 416853 46154 30876 72426 54664 370699 241487 17968 3245597 1235348 118089 1117259 352484 2010249 111676 64801
cat_boundaries=0 1 2 3 4 5 6
cat_threshold=4110 133108 1332 4 65408 2160
is_linear=0
shrinkage=0.1


Tree=142
num_leaves=31
num_cat=6
split_feature=74 91 75 22 0 86 67 12 6 72 75 75 8 23 22 76 11 72 72 73 28 72 1 5 75 8 19 78 0 76
split_gain=1393.62 1404.74 1370.83 2320.07 2915.25 2706.3 2709.6 2433.95 2271.65 2136.47 2072.86 1930.16 4505.19 1930 1852.55 2427.11 2122.41 1844.55 1724.48 1895.24 3719.31 1716.28 1926.66 1634.45 1631.38 3915.25 1620.35 1607.8 1541.24 1531.08
threshold=1042.5000000000002 0.25000000745058065 0 14.949999809265138 20.849999427795414 14.34999990463257 1.1500000357627871 14.449999809265138 18.650000572204593 36.775800704956062 1 2 16.44999980926514 21.150000572204593 4.2500000000000009 3 13.250000000000002 33.87249946594239 30.90164947509766 136.692497253418 1.0000000180025095e-35 26.048299789428714 13.650000095367433 9.6500000953674334 4 13.250000000000002 21.650000572204593 1.0000000180025095e-35 23.44999980926514 5
decision_type=2 8 1 8 2 10 8 10 8 2 1 1 8 10 10 1 8 2 2 2 10 2 8 8 1 10 10 10 2 1
left_child=1 -1 13 4 5 6 8 -6 14 10 21 -11 -13 -3 16 -16 23 -7 -12 24 27 26 -23 -4 25 -20 -5 -21 -27 -8
right_child=-2 2 3 9 7 17 29 -9 -10 11 18 12 -14 -15 15 -17 -18 -19 19 20 -22 22 -24 -25 -26 28 -28 -29 -30 -31
leaf_value=0.0078740144250363242 -0.017303389514114986 0.012771136470804273 -0.0048183402587838051 0.026904659028477551 -0.02493658171655562 0.03533339559470703 0.0075231413215448226 -0.14306253882588413 0.018293506229498213 -0.0063280446705358817 0.01292716313468862 -0.010372119662803055 -0.059592637466920742 0.00095147446807997008 -0.00051527270777857891 -0.017232048914095303 0.028220272117393169 0.0083486029947527594 0.0072591909130679784 -0.0008306222639629544 0.039732444045647859 9.1754220835696764e-05 -0.034502165588651795 0.020490355321279002 -0.0023928980515471546 -0.028631400643544549 -0.034184032268012504 0.033777660662426504 -0.11369231753000597 0.00058451320621048125
leaf_weight=225387 46117 177134 325593 14993 6670 31094 454492 2362 41189 305371 88698 77120 24505 627695 140193 228297 23469 136671 43456 225833 28011 23951 49109 27687 480529 62748 6112 14272 2205 1059037
leaf_count=225387 46117 177134 325593 14993 6670 31094 454492 2362 41189 305371 88698 77120 24505 627695 140193 228297 23469 136671 43456 225833 28011 23951 49109 27687 480529 62748 6112 14272 2205 1059037
internal_value=-5.63437e-08 0.000161025 -0.00020662 -0.000977767 0.000880826 0.00108838 0.000193987 -0.0558282 -0.00456768 -0.00415922 -0.00175528 -0.0103015 -0.0222386 0.00355281 -0.0058312 -0.0108726 -0.000900334 0.01335 -0.000346417 -0.00172013 0.00524936 -0.0159036 -0.0231614 -0.00283487 -0.00489301 -0.0159732 0.0092134 0.00122652 -0.031519 0.00266814
internal_weight=5e+06 4.95388e+06 4.7285e+06 3.92367e+06 2.47675e+06 2.46772e+06 2.29996e+06 9032 786428 1.44691e+06 1.03992e+06 406996 101625 804829 745239 368490 376749 167765 945752 857054 268116 94165 73060 353280 588938 108409 21105 240105 64953 1.51353e+06
internal_count=5000000 4953883 4728496 3923667 2476754 2467722 2299957 9032 786428 1446913 1039917 406996 101625 804829 745239 368490 376749 167765 945752 857054 268116 94165 73060 353280 588938 108409 21105 240105 64953 1513529
cat_boundaries=0 1 2 3 4 5 6
cat_threshold=384 4110 1600 523264 2064 8450055
is_linear=0
shrinkage=0.1


Tree=143
num_leaves=31
num_cat=6
split_feature=91 52 74 88 73 23 72 12 0 75 89 89 23 0 8 75 89 68 75 75 24 76 51 49 48 48 0 75 53 23
split_gain=1298.7 1534.66 1321.22 1586.31 1232.22 1212.62 1799.66 1770.51 2052.83 1762.7 1518.89 1483.89 1769.43 2964.37 2481.83 1931.46 1819.41 1784.04 1712.33 1569.8 1407.97 1553.48 2729.1 3589.5 1861.14 1582.93 1379.31 1315.46 1308.95 1452.61
threshold=6.8500001430511483 3.1499999761581425 249.50000000000003 1.1500000357627871 138.946647644043 26.050000190734867 26.286649703979496 23.650000572204593 22.050000190734867 0 25.250000000000004 22.349999427795414 18.750000000000004 21.650000572204593 23.44999980926514 1 18.550000190734867 1.0500000119209292 2 3 0.75000000000000011 4 1.9499999880790713 2.4500000476837163 2.3500000238418584 2.7500000000000004 18.550000190734867 5 1.6500000357627871 5.4500000476837167
decision_type=10 8 2 10 2 10 2 10 2 1 8 10 10 2 10 1 10 10 1 1 2 1 10 10 10 10 2 1 10 8
left_child=2 -2 5 -4 -3 6 -1 8 -7 -10 -9 12 13 14 16 -14 17 20 -16 -15 21 27 23 25 -24 28 -20 -8 29 -23
right_child=1 4 3 -5 -6 7 11 10 9 -11 -12 -13 15 19 18 -17 -18 -19 26 -21 -22 22 24 -25 -26 -27 -28 -29 -30 -31
leaf_value=0.022253162872815101 -0.027279380202682627 -0.014743285740103763 -0.00025698960967403939 -0.0085085801919320865 0.01081910387112202 0.025368897174866137 0.019834797052419566 -0.019701819837635297 -0.043390993244679786 -0.012032359633665429 0.0027149100238296033 0.0081068962076868856 -0.026014809911334341 -0.14312163406586739 0.061833519022313779 -0.002510812300694539 0.017291042463018918 0.003140127886114496 0.029507285028799398 -0.029312239031698037 0.015597425319817303 0.010989868548139225 -0.037962675669268094 -0.054609921900925756 -0.0082315985027541089 -0.053891613580668754 -0.0054893103112921941 -0.00091242874194632964 -0.01404038942275921 -0.0047324382535080195
leaf_weight=42182 37078 39175 746097 338758 36360 11204 36432 34421 23898 71749 248022 306190 37110 1292 9490 601673 73959 1617925 27633 17969 38212 114701 44515 13221 39952 5627 19009 189349 56297 120500
leaf_count=42182 37078 39175 746097 338758 36360 11204 36432 34421 23898 71749 248022 306190 37110 1292 9490 601673 73959 1617925 27633 17969 38212 114701 44515 13221 39952 5627 19009 189349 56297 120500
internal_value=-5.43887e-08 -0.0106173 0.000244584 -0.00283364 -0.00243841 0.0011228 0.00172588 -0.00416494 -0.0151294 -0.0198733 -1.69908e-05 0.00146903 0.000805882 0.0020388 0.0023515 -0.00387672 0.00185529 0.00135386 0.023132 -0.0370359 -0.00303293 -0.00418006 -0.00796348 -0.00362624 -0.0239002 -0.00135764 0.0152411 0.00243607 -0.000343542 0.00293489
internal_weight=5e+06 112613 4.88739e+06 1.08486e+06 75535 3.80253e+06 3.41324e+06 389294 106851 95647 282443 3.37106e+06 3.06487e+06 2.42608e+06 2.40682e+06 638783 2.35069e+06 2.27673e+06 56132 19261 658806 620594 394813 310346 84467 297125 46642 225781 291498 235201
internal_count=5000000 112613 4887387 1084855 75535 3802532 3413238 389294 106851 95647 282443 3371056 3064866 2426083 2406822 638783 2350690 2276731 56132 19261 658806 620594 394813 310346 84467 297125 46642 225781 291498 235201
cat_boundaries=0 1 2 3 4 5 6
cat_threshold=4220 6158 3328 6156 2095104 112
is_linear=0
shrinkage=0.1


Tree=144
num_leaves=31
num_cat=4
split_feature=75 5 83 0 16 0 72 78 23 72 73 82 76 14 31 86 6 2 53 72 23 75 0 74 73 88 82 76 74 74
split_gain=1310.62 2426.55 3811.63 2716.91 2245.33 1712.33 1834.82 3323.38 2386.55 3741.5 1983.77 2117.06 2020.43 1852.37 1787.37 1689.72 1628.52 1454.46 1478.5 1442.2 1414.49 1406.43 1402.38 1783.63 1393.86 1319.5 1308.88 1336.26 1315.82 1261.96
threshold=0 0.84999999403953563 0.25000000745058065 -3.0499999523162837 7.8500001430511483 12.84999990463257 34.495000839233406 0.75000000000000011 2.8500000238418584 41.828350067138679 139.12249755859378 2.1499999761581425 1 9.6500000953674334 1.0000000180025095e-35 -1.0000000180025095e-35 8.2500000000000018 -2.7499999999999996 2.4500000476837163 40.194999694824226 -4.6499998569488517 2 4.2500000000000009 412.00000000000006 145.15920257568362 2.8500000238418584 4.6499998569488534 3 69.500000000000014 249.50000000000003
decision_type=1 10 10 2 8 2 2 10 8 2 2 10 1 8 10 10 8 8 10 2 10 1 2 2 2 10 10 1 2 2
left_child=5 2 4 -3 15 6 7 10 16 13 11 -1 -13 22 19 20 24 -4 -19 -7 21 -2 -10 -24 -8 26 27 -5 -29 -27
right_child=1 3 17 25 -6 14 8 -9 9 -11 -12 12 -14 -15 -16 -17 -18 18 -20 -21 -22 -23 23 -25 -26 29 -28 28 -30 -31
leaf_value=0.0085406798854514056 0.081557897574546942 0.10056225505039013 0.080923602529876071 0.0057511224490881148 0.039944345457801719 -0.014920451389872601 -0.0026473786405740614 0.077660035611653674 0.0022173010773481466 -0.10670073636713728 0.081499926048123408 0.0031672800689540887 -0.043778078964612131 -0.044795966204650053 -0.078766953238056506 0.019763210896638607 0.037261845984963834 0.018388208609232841 0.056203318441807384 -0.60120614838032493 -0.0097230035623535396 0.0063985037698827702 -0.013577622011504751 -0.070593801843564438 0.063859303287157929 -0.0024996155675990851 -0.0090004289406489645 0.0026098312412296538 -0.0019297911193334582 -0.016059464707250632
leaf_weight=123984 2627 2687 4937 538123 15091 41240 404981 6335 62341 4347 3225 19628 17196 16269 5010 35779 10772 60582 12467 42 124404 44700 83203 5874 3176 586203 130539 1238015 1318488 77735
leaf_count=123984 2627 2687 4937 538123 15091 41240 404981 6335 62341 4347 3225 19628 17196 16269 5010 35779 10772 60582 12467 42 124404 44700 83203 5874 3176 586203 130539 1238015 1318488 77735
internal_value=-8.4075e-08 0.000710523 0.00936725 4.19117e-05 0.00270202 -0.00368881 -0.00255344 0.0065897 -0.00518931 -0.015106 0.00384495 0.00228758 -0.0187662 -0.0127316 -0.0223622 -6.39648e-06 -0.00111698 0.0283923 0.024842 -0.0155169 -0.00412526 0.010589 -0.00928647 -0.0173374 -0.00212987 -2.75382e-05 0.000808196 0.00122195 0.00026857 -0.00408723
internal_weight=5e+06 4.19238e+06 300587 3.89179e+06 222601 807623 761331 170368 590963 172034 164033 160808 36824 167687 46292 207510 418929 77986 73049 41282 171731 47327 151418 89077 408157 3.8891e+06 3.22516e+06 3.09463e+06 2.5565e+06 663938
internal_count=5000000 4192377 300587 3891790 222601 807623 761331 170368 590963 172034 164033 160808 36824 167687 46292 207510 418929 77986 73049 41282 171731 47327 151418 89077 408157 3889103 3225165 3094626 2556503 663938
cat_boundaries=0 1 2 3 4
cat_threshold=6 1047552 2048 63488
is_linear=0
shrinkage=0.1


Tree=145
num_leaves=31
num_cat=8
split_feature=1 23 11 72 68 79 76 0 75 73 75 1 75 0 75 5 86 72 76 8 72 75 81 74 75 73 72 81 73 85
split_gain=1231.54 1261.71 2871.11 2369.29 2083.22 1876.31 1963.85 1868.4 1852.04 1537.75 1642.39 1732.22 1437.77 2437.88 2854.26 2597.32 1960.5 2242.2 2521.05 1810.12 2386.81 2447.22 2966.39 1796.71 1667.51 1687.85 2200.07 2840.38 1637.6 2156.11
threshold=34.750000000000007 21.849999427795414 27.349999427795414 32.880001068115241 1.0500000119209292 2.4500000476837163 0 19.94999980926514 1 143.05250549316409 2 27.550000190734867 3 12.84999990463257 4 18.150000572204593 12.84999990463257 33.418348312377937 5 15.750000000000002 40.239200592041023 6 1.0000000180025095e-35 264.50000000000006 7 139.56915283203128 36.559150695800788 1.0000000180025095e-35 139.74584960937503 0.94999998807907116
decision_type=10 10 10 2 10 8 1 2 1 2 1 10 1 2 1 10 10 2 1 8 2 1 10 2 1 2 2 10 2 10
left_child=1 2 3 5 -5 -1 -7 -4 -3 -10 -11 -12 -6 16 15 -15 17 18 -14 -16 21 -21 23 -23 -19 26 -26 -28 29 -20
right_child=-2 8 7 4 12 6 -8 -9 9 10 11 -13 13 14 19 -17 -18 24 28 20 -22 22 -24 -25 25 -27 27 -29 -30 -31
leaf_value=0.020792531766857813 0.049599569667223661 -0.047851234284918942 0.04919738746336412 -0.0036268555940860408 0.0089604881800907001 0.01863046531344174 -0.0042697182912067129 0.01010090805524775 -0.0021107682474590045 0.0011350199723401816 -0.040179134795931104 -0.15755056444700677 0.019889180649500827 -0.031579218164752461 0.0023032353355501366 -0.18331758930205663 0.024419848873396544 -0.00050885189336077376 -0.015350616082762669 0.0038687575833146652 -0.03301546905315509 -0.0057023203367462241 -0.055535628236125373 -0.0482107108034249 0.0077304761706666787 0.0026591253983113596 0.039655782788711874 -0.015655831952805573 0.10535049287764564 -0.066417755475114373
leaf_weight=95746 5001 9119 18780 1180978 233751 55854 113591 35012 1097852 9672 10111 1436 12275 21032 300721 1192 41154 690002 20308 139290 35425 108344 15939 10948 206003 454530 49736 11415 838 13945
leaf_count=95746 5001 9119 18780 1180978 233751 55854 113591 35012 1097852 9672 10111 1436 12275 21032 300721 1192 41154 690002 20308 139290 35425 108344 15939 10948 206003 454530 49736 11415 838 13945
internal_value=-6.50453e-08 -4.97243e-05 0.000808749 0.000485101 -0.000196411 0.00960263 0.0032797 0.0237504 -0.00299209 -0.0026261 -0.02929 -0.0547282 0.00151527 0.000699351 -0.00450554 -0.0396999 0.00289514 0.00228802 -0.0191132 -0.00322401 -0.00858685 -0.00543451 -0.0150162 -0.00960352 0.00300609 0.00636663 0.0126747 0.0293308 -0.0327527 -0.0361409
internal_weight=5e+06 4.995e+06 3.86681e+06 3.81302e+06 3.54783e+06 265191 169445 53792 1.12819e+06 1.11907e+06 21219 11547 2.36685e+06 2.1331e+06 632891 22224 1.50021e+06 1.45905e+06 47366 610667 309946 274521 135231 119292 1.41169e+06 721684 267154 61151 35091 34253
internal_count=5000000 4994999 3866809 3813017 3547826 265191 169445 53792 1128190 1119071 21219 11547 2366848 2133097 632891 22224 1500206 1459052 47366 610667 309946 274521 135231 119292 1411686 721684 267154 61151 35091 34253
cat_boundaries=0 1 2 3 4 5 6 7 8
cat_threshold=522240 4110 640 896 4102 522240 1088 14
is_linear=0
shrinkage=0.1


Tree=146
num_leaves=31
num_cat=5
split_feature=23 75 75 0 6 86 14 65 76 0 6 75 21 27 48 12 9 73 73 84 48 89 75 73 0 10 72 50 23 72
split_gain=1221.47 2173.34 1561.33 2354.94 3096.49 2443.23 2311.45 2295.11 2281.58 2584.07 2285.53 2188.16 2438.39 2397.85 2094.11 2302.65 2039.54 1980.38 1728.86 1639.98 1585.02 1807.73 1581.29 1547.65 2077.82 1608.84 1514.46 1468 1458.01 1454.73
threshold=-4.6499998569488517 0 1 15.750000000000002 20.550000190734867 16.750000000000004 23.550000190734867 0.94999998807907116 2 10.250000000000002 15.150000095367433 3 2.4500000476837163 1.0000000180025095e-35 1.8499999642372134 17.650000572204593 8.8499999046325701 134.46669769287112 144.7174987792969 1.0000000180025095e-35 0.65000000596046459 5.0499999523162851 4 140.92085266113284 2.6499999761581425 2.8500000238418584 45.113349914550788 2.0499999523162846 7.8500001430511483 44.084150314331062
decision_type=10 1 1 2 8 8 8 8 1 2 10 1 10 10 8 8 10 2 2 10 10 8 1 2 2 10 2 10 10 2
left_child=1 -1 7 4 6 -5 8 20 9 10 14 16 -13 18 15 17 -10 -4 22 -6 21 -2 -14 -3 25 -25 28 -19 -24 -15
right_child=2 23 3 5 19 -7 -8 -9 11 -11 -12 12 13 29 -16 -17 -18 27 -20 -21 -22 -23 26 24 -26 -27 -28 -29 -30 -31
leaf_value=0.037909264551085356 -0.016714070681742427 0.020652404620706867 -0.036879866460464684 -0.014988946061674441 0.038082640739299373 8.0065313250861207e-06 0.029962640533580803 -0.00042083103489525578 0.0078147270820568826 -0.0093038003947202453 0.037090854277192754 0.062541639769171792 0.003561750929652835 0.044049538558917467 0.015089073079595894 0.025677127661296501 -0.015618707694279289 0.00026576856491579507 -0.034278012240950291 -0.083425999778529339 -0.011865136105603424 0.0072356332062528707 0.078506070776616282 -0.0015901669303136066 -0.1132001150880611 0.10384087638016587 -0.041707973836439059 -0.030706889511425518 0.021491610178455162 -0.042988179778161016
leaf_weight=21510 44405 41406 20577 115602 34251 1801821 33176 1392636 108377 227045 20529 10206 120365 29296 88764 23380 56507 121398 8976 1148 360258 108580 4818 113802 1652 1466 3530 17510 64954 2055
leaf_count=21510 44405 41406 20577 115602 34251 1801821 33176 1392636 108377 227045 20529 10206 120365 29296 88764 23380 56507 121398 8976 1148 360258 108580 4818 113802 1652 1466 3530 17510 64954 2055
internal_value=-5.85695e-08 0.00809182 -0.000301959 0.00115349 0.00509594 -0.000896164 0.00402652 -0.00252749 0.0030996 -0.00130108 0.00491804 0.00868468 0.0146942 0.0126079 0.0024865 -0.00363087 -0.000216076 -0.00792733 0.00862623 0.0341421 -0.00824376 0.000284059 0.0106147 0.00403821 -0.00184519 -0.000249275 0.0221925 -0.00363848 0.0254287 0.0383444
internal_weight=5e+06 179836 4.82016e+06 2.91428e+06 996862 1.91742e+06 961463 1.90588e+06 928287 519203 292158 409084 244200 233994 271629 182865 164884 159485 202643 35399 513243 152985 193667 158326 116920 115268 73302 138908 69772 31351
internal_count=5000000 179836 4820164 2914285 996862 1917423 961463 1905879 928287 519203 292158 409084 244200 233994 271629 182865 164884 159485 202643 35399 513243 152985 193667 158326 116920 115268 73302 138908 69772 31351
cat_boundaries=0 1 2 3 4 5
cat_threshold=2456 5134 15728767 2048 528
is_linear=0
shrinkage=0.1


Tree=147
num_leaves=31
num_cat=5
split_feature=72 0 72 73 12 74 75 72 78 0 12 76 75 59 75 75 11 23 73 0 17 4 73 47 49 71 48 61 0 5
split_gain=1357.92 2383.23 1863.58 1859.92 1670.91 2013.54 2591.44 2061.44 2315.12 1728.94 1572.31 1551.18 1499 1397.23 1486.55 1409.02 1446.27 1413.96 1473.9 1395.76 1364.88 1543.3 1358.59 1364.76 1357.44 1552.79 1461.31 2236.94 1342.68 1412.43
threshold=41.828350067138679 -8.6500000953674299 42.974149703979499 141.5683517456055 -2.8500000238418575 669.00000000000011 0 36.013349533081062 1.0000000180025095e-35 -5.8500001430511466 -4.3500001430511466 1 2 2.2500000000000004 3 4 1.8499999642372134 -1.2499999999999998 143.31164550781253 12.650000095367433 23.150000572204593 22.150000572204593 139.82914733886722 1.0000000180025095e-35 1.0000000180025095e-35 0.35000000894069677 7.4500000476837167 5.4500000476837167 -3.8500000238418575 -0.84999999403953541
decision_type=2 2 2 2 8 2 1 2 10 2 10 1 1 8 1 1 10 8 2 2 8 8 2 10 10 8 10 8 2 10
left_child=1 10 12 11 28 9 -7 -8 -9 -6 -1 19 -2 14 -5 16 17 18 -15 -4 -17 -22 -14 -24 -11 -26 -27 -28 29 -3
right_child=2 4 3 13 5 6 7 8 -10 24 -12 -13 22 15 -16 20 -18 -19 -20 -21 21 -23 23 -25 25 26 27 -29 -30 -31
leaf_value=0.012887896117304301 -0.019896088300814446 -0.012259457401191604 0.04035239620893763 0.0097978714268816755 0.05642335195874601 0.00059188640309335223 -0.0026059884525088946 -0.027576734910536378 -0.095608762131333513 0.01194008018243436 0.10979229387562149 -0.00017378772810504014 0.033105964190097904 0.02530473870967714 -0.0037750138792963673 -0.012243788802460439 -0.0056078310483944687 0.053434051838142274 -0.040358314215914931 0.0023816400189845995 -0.024791058164880676 -0.12671227784530925 -0.0041022316329919024 -0.034583122353572221 -0.0061010260814709141 0.0015122285713587349 -0.028303406731157638 0.0030880386935731763 0.021416673997753884 0.1141008643389055
leaf_weight=3415 100332 21261 27413 137482 5604 110541 31954 47198 5595 106961 3285 42042 8984 10380 195322 140884 82675 9053 5097 14966 4512 2215 172566 16056 323608 3211903 41931 49496 66346 923
leaf_count=3415 100332 21261 27413 137482 5604 110541 31954 47198 5595 106961 3285 42042 8984 10380 195322 140884 82675 9053 5097 14966 4512 2215 172566 16056 323608 3211903 41931 49496 66346 923
internal_value=-4.4424e-08 0.000808454 -0.00335915 -0.000440669 0.000709217 0.000403536 -0.00949539 -0.0226503 -0.0347868 0.000920487 0.0604 0.0134388 -0.00994221 -0.00243467 0.00183215 -0.00800739 0.000718816 0.0220422 0.0036801 0.0269368 -0.014344 -0.0583507 -0.00488699 -0.00669685 0.000837186 0.000509754 0.00115737 -0.011309 0.0142955 -0.00700204
internal_weight=5e+06 4.03002e+06 969979 672041 4.02332e+06 3.93479e+06 195288 84747 52793 3.7395e+06 6700 84421 297938 587620 332804 254816 107205 24530 15477 42379 147611 6727 197606 188622 3.7339e+06 3.62694e+06 3.30333e+06 91427 88530 22184
internal_count=5000000 4030021 969979 672041 4023321 3934791 195288 84747 52793 3739503 6700 84421 297938 587620 332804 254816 107205 24530 15477 42379 147611 6727 197606 188622 3733899 3626938 3303330 91427 88530 22184
cat_boundaries=0 1 2 3 4 5
cat_threshold=4032 12583935 4146 2280 5328
is_linear=0
shrinkage=0.1


Tree=148
num_leaves=31
num_cat=3
split_feature=79 76 74 72 50 48 48 24 75 23 0 13 75 55 72 73 51 9 13 59 48 73 73 9 85 46 16 23 74 86
split_gain=1161.43 1503.9 2033.71 2003.71 1885.99 2442.56 2376.43 1921.09 1718.9 2485.28 2847.83 2671 2603.3 2500.61 2210.53 2026.96 2023.3 1901.87 1788.03 1689.57 3356.02 1670.6 1917.17 2988.55 2756.22 2077 1947.39 1757.88 1730.81 1799.55
threshold=0.35000000894069677 0 18.500000000000004 44.199998855590827 3.4500000476837163 2.4500000476837163 4.7500000000000009 1.0000000180025095e-35 1 15.84999990463257 13.750000000000002 7.4500000476837167 2 1.9499999880790713 33.781700134277351 144.7174987792969 2.1499999761581425 7.2500000000000009 3.8500000238418584 2.1499999761581425 2.7500000000000004 143.1683044433594 144.46170043945315 -3.1499999761581416 1.6500000357627871 1.0000000180025095e-35 0.84999999403953563 -4.2499999999999991 50.500000000000007 5.8500001430511483
decision_type=8 1 2 2 10 8 10 2 1 10 2 8 1 8 2 2 8 8 8 10 10 2 2 10 10 8 10 8 2 8
left_child=-1 3 4 8 6 -6 -3 -7 19 12 -11 -12 15 -13 -14 17 -16 -10 -18 20 -2 27 23 25 28 26 -23 -4 -24 -30
right_child=1 2 21 -5 5 7 -8 -9 9 10 11 13 14 -15 16 -17 18 -19 -20 -21 -22 22 24 -25 -26 -27 -28 -29 29 -31
leaf_value=0.0067257429683843491 -0.00059966767298823818 0.0066267671326160063 0.011647074204035022 -0.014915490937613685 -0.039976497200571406 -0.0065441850267280409 -0.041452676255301753 0.028325180027119243 0.07581875934194289 0.034384666557103254 -0.042884338243030382 0.0047913914351533048 0.026929902153694837 -0.0061167902764725684 -0.0028135906478289623 -0.056373761259962699 0.019415898815183557 0.026025879684205857 0.0014159499795888019 0.0051479187976446695 -0.019997492343800705 -0.067382620746467267 -0.014902006967660478 -0.014748667011071732 -0.032293759524798633 -0.25422827499710182 0.07451299163437132 -0.0036433676397170998 0.07962604741686248 0.012951958203990213
leaf_weight=244207 374266 502536 78823 71667 19412 126954 10495 18046 9981 24946 14205 576726 51786 330639 182687 2427 123564 33143 99726 230953 117095 12991 7680 73179 13415 554 1045 1630462 7295 9095
leaf_count=244207 374266 502536 78823 71667 19412 126954 10495 18046 9981 24946 14205 576726 51786 330639 182687 2427 123564 33143 99726 230953 117095 12991 7680 73179 13415 554 1045 1630462 7295 9095
internal_value=-4.26703e-08 -0.000345408 -0.00202608 0.00153613 0.00265626 -0.00666422 0.00564321 -0.00220451 0.00207894 0.00406449 0.00104537 0.000142907 0.00974223 0.000816508 0.00747291 0.0325389 0.00499119 0.0375504 0.0113767 -0.0019065 -0.00522231 -0.00375514 -0.0149028 -0.022988 0.00402833 -0.0643142 -0.0568183 -0.00293825 0.0242718 0.0426278
internal_weight=5e+06 4.75579e+06 2.51198e+06 2.24381e+06 677443 164412 513031 145000 2.17214e+06 1.44983e+06 946516 921570 503314 907365 457763 45551 405977 43124 223290 722314 491361 1.83454e+06 125254 87769 37485 14590 14036 1.70928e+06 24070 16390
internal_count=5000000 4755793 2511982 2243811 677443 164412 513031 145000 2172144 1449830 946516 921570 503314 907365 457763 45551 405977 43124 223290 722314 491361 1834539 125254 87769 37485 14590 14036 1709285 24070 16390
cat_boundaries=0 1 2 3
cat_threshold=1048064 7170 32
is_linear=0
shrinkage=0.1


Tree=149
num_leaves=31
num_cat=6
split_feature=74 79 91 85 76 75 76 23 64 56 80 48 73 72 0 75 72 73 11 76 0 76 9 49 23 25 72 89 66 48
split_gain=1169.79 1323.51 1152.6 1286.33 1591.37 1796.24 2343.12 2048.74 1939.13 2143.14 1811.59 1791.72 1783.75 1570.78 1548.67 1629.41 1967.99 1816.32 1745.27 1592.95 1561.83 1759.26 1637.05 1520.39 1509.02 1326.2 1314.41 1253.18 1235.39 1436.68
threshold=1099.0000000000002 3.0499999523162846 0.55000001192092907 0.35000000894069677 0 1 2 7.4500000476837167 1.1500000357627871 2.6499999761581425 8.4499998092651385 1.5500000119209292 144.7174987792969 44.199998855590827 5.8500001430511483 3 36.559150695800788 140.32749938964847 13.250000000000002 4 17.94999980926514 5 22.849999427795414 2.0499999523162846 -12.949999809265135 1.0000000180025095e-35 36.704999923706062 18.150000572204593 6.5499999523162851 7.5499999523162851
decision_type=2 10 8 8 1 1 1 10 8 8 10 10 2 2 2 1 2 2 10 1 2 1 10 10 8 10 2 8 10 10
left_child=2 -2 -1 -4 -5 6 -6 10 9 11 24 23 13 14 19 16 18 -18 -16 -9 21 22 -17 -8 -7 -14 -23 -22 29 -10
right_child=1 -3 3 4 5 7 8 12 28 -11 -12 -13 25 -15 15 20 17 -19 -20 -21 27 26 -24 -25 -26 -27 -28 -29 -30 -31
leaf_value=0.0046104866732657327 -0.010106397618283662 -0.064772583161830655 0.0064849243540619946 -0.0062998756797187075 -0.0091200281000883201 0.17990662474500618 0.00617211791239098 0.067657407256071528 0.0025510766662241394 -0.022020797740485858 0.031219026935580724 -0.010856294077485455 -0.032871433007521815 -0.016066292570161112 0.0067247389971400746 -0.011349638589881025 -0.034106078574132767 -0.0054824662641230698 -0.0095195883499501303 0.011539856690418113 -0.017238580532794576 0.026513861530524842 0.022004586437147994 -0.030462652063739288 0.0063473045373711942 0.043845952532860381 0.0089516898207537329 0.0014622077964884283 0.017079480561697495 -0.022982547882566762
leaf_weight=515922 34414 5083 256953 468019 419373 502 178290 6580 611391 67976 34461 146861 23436 52978 144802 62409 38825 51675 121749 21824 37006 58710 19255 12097 240791 2493 155464 1131438 56363 22860
leaf_count=515922 34414 5083 256953 468019 419373 502 178290 6580 611391 67976 34461 146861 23436 52978 144802 62409 38825 51675 121749 21824 37006 58710 19255 12097 240791 2493 155464 1131438 56363 22860
internal_value=-3.84007e-08 -0.0171416 0.000136448 -0.000382894 -0.000804303 -0.000112807 -0.00276339 0.00170909 -0.000330663 -0.00582229 0.00977148 -0.00255731 0.000556358 0.000911373 0.00139763 0.00103628 -0.00502077 -0.0177622 -0.000694969 0.0245678 0.00251326 0.00900382 -0.00348485 0.00384438 0.00670839 -0.0254953 0.0137652 0.000869932 0.00289159 0.00163078
internal_weight=5e+06 39497 4.9605e+06 4.44458e+06 4.18763e+06 3.71961e+06 1.51521e+06 2.2044e+06 1.09584e+06 405224 275754 337248 1.92864e+06 1.90272e+06 1.84974e+06 1.82133e+06 357051 90500 266551 28404 1.46428e+06 295838 81664 190387 241293 25929 214174 1.16844e+06 690614 634251
internal_count=5000000 39497 4960503 4444581 4187628 3719609 1515211 2204398 1095838 405224 275754 337248 1928644 1902715 1849737 1821333 357051 90500 266551 28404 1464282 295838 81664 190387 241293 25929 214174 1168444 690614 634251
cat_boundaries=0 1 2 3 4 5 6
cat_threshold=112 7174 918400 24 520192 15
is_linear=0
shrinkage=0.1


Tree=150
num_leaves=31
num_cat=3
split_feature=23 75 75 72 73 13 84 8 73 0 37 73 47 51 3 74 72 23 11 22 89 7 75 23 7 83 72 72 71 89
split_gain=1140.37 1989.26 1944.21 2957.43 2745.52 2510 2288.85 2491.43 1593.27 2603.95 2346.05 1849.06 1593.16 1592.34 1651.68 1964.47 1558.85 1603.07 1703.54 1549.9 1521.97 2691.06 1805.07 2149.73 1667.21 1612.26 1540.76 1568.01 1515.59 1438.94
threshold=1.2500000000000002 0 1 36.013349533081062 137.9433517456055 7.4500000476837167 1.0000000180025095e-35 5.8500001430511483 141.04750061035159 5.0499999523162851 1.0000000180025095e-35 144.7174987792969 1.0000000180025095e-35 2.6499999761581425 -0.65000000596046437 125.50000000000001 33.951650619506843 9.6500000953674334 9.8499999046325701 -3.4500000476837154 -6.9500000476837149 -3.4500000476837154 2 -4.6499998569488517 -10.349999904632567 1.4499999880790713 43.490848541259773 43.364999771118171 2.4500000476837163 -3.6499999761581416
decision_type=10 1 1 2 2 10 10 8 2 2 8 2 8 8 8 2 2 10 8 8 8 10 1 10 8 10 2 2 10 10
left_child=1 28 3 4 16 13 -6 -8 12 10 11 20 -3 14 -5 -16 -2 -18 -19 -11 21 26 24 29 -22 -25 27 -10 -1 -24
right_child=2 8 -4 5 6 -7 7 -9 9 19 -12 -13 -14 -15 15 -17 17 18 -20 -21 22 -23 23 25 -26 -27 -28 -29 -30 -31
leaf_value=0.017996969109777348 0.0020807099021068662 0.0043463792735671698 0.00036064484937412184 0.0066655805897452708 0.012033058705738366 -0.035964188089058914 0.18614784072447751 0.037217564898859301 -0.0368181763769483 -0.18109484390260511 -0.032614452022079153 0.029114107510161986 0.023575486197902042 0.00098698848816340624 -0.012248205184512827 -0.042590821165054235 -0.0048689699229098734 -0.011217070555716732 -0.047769318965024024 -0.043498149650970985 0.028759824381434703 0.037938556460095627 0.014883659114684379 -0.0052784587073855535 -0.020975609362957868 0.030964952142399544 -0.0089011120507043809 -0.11889112870229933 0.075224416952424392 0.05345853663976266
leaf_weight=28848 216604 322603 3539409 23353 66334 43843 1556 4039 16040 930 22197 21819 49728 83565 59755 33188 158537 34521 20218 6836 7923 7331 38922 91343 45139 14179 20138 2723 5512 12867
leaf_count=28848 216604 322603 3539409 23353 66334 43843 1556 4039 16040 930 22197 21819 49728 83565 59755 33188 158537 34521 20218 6836 7923 7331 38922 91343 45139 14179 20138 2723 5512 12867
internal_value=-2.18071e-08 0.00369684 -0.000616963 -0.0052582 -0.000869011 -0.0142962 0.0172138 0.0786359 0.0025116 -0.00280427 -0.00132735 0.00116698 0.00691459 -0.00954292 -0.0171092 -0.0230829 -0.00389468 -0.00996332 -0.0247177 -0.0599757 -0.00120935 -0.0176377 0.00240098 0.00778062 -0.0135468 -0.000408429 -0.0281112 -0.0487291 0.0271694 0.0244676
internal_weight=5e+06 715078 4.28492e+06 745513 501809 243704 71929 5595 680718 308387 300621 278424 372331 199861 116296 92943 429880 213276 54739 7766 256605 46232 210373 157311 53062 105522 38901 18763 34360 51789
internal_count=5000000 715078 4284922 745513 501809 243704 71929 5595 680718 308387 300621 278424 372331 199861 116296 92943 429880 213276 54739 7766 256605 46232 210373 157311 53062 105522 38901 18763 34360 51789
cat_boundaries=0 1 2 3
cat_threshold=1456 14 514
is_linear=0
shrinkage=0.1


Tree=151
num_leaves=31
num_cat=6
split_feature=83 23 25 75 76 11 23 0 12 4 75 72 78 76 73 73 0 5 86 75 9 3 22 72 73 73 81 17 83 76
split_gain=1098.66 1360.35 1986.81 1784.35 1796.77 1920.01 2040.21 3031.66 3100.73 2695.15 2437.92 2767.27 2135.27 2120.68 2814.77 1974.03 2208.78 4917.04 3169.46 2625.26 2618.93 2527.75 2488.28 2375.72 5694.99 3867.08 2982.42 2968.35 2389.88 2252.35
threshold=33.149999618530281 25.849999427795414 1.0000000180025095e-35 0 1 28.94999980926514 12.84999990463257 18.349999427795414 16.750000000000004 17.44999980926514 2 34.042499542236335 1.0000000180025095e-35 3 141.45334625244143 129.87249755859378 3.8500000238418584 7.6499998569488534 4.2500000000000009 4 11.449999809265138 2.4500000476837163 -3.4500000476837154 36.902500152587898 138.9049987792969 139.32084655761722 1.0000000180025095e-35 10.250000000000002 4.8500001430511483 5
decision_type=10 10 10 1 1 10 10 2 10 10 1 2 10 1 2 2 2 10 10 1 10 8 8 2 2 2 10 10 10 1
left_child=1 3 -3 -1 -5 6 7 8 9 15 -10 -12 -11 -8 -15 -6 17 18 20 -18 23 -20 -21 25 -25 27 -27 -17 -26 -19
right_child=-2 2 -4 4 5 -7 13 -9 10 12 11 -13 -14 14 -16 16 19 29 21 22 -22 -23 -24 24 28 26 -28 -29 -30 -31
leaf_value=0.0059343539963839266 0.028489026026964445 -0.0070932291301714287 0.016880057308464751 0.0040101961638322149 0.033325530622503839 0.025991974545646043 -0.0013131431316355825 -0.060429516009795042 0.030857567019348994 0.030875613103450179 0.039022552179853003 -0.0025589824529011285 -0.11605886475682581 -0.0076857699369635504 -0.036732600290078625 -0.0086092878291907995 0.0028295207279883418 0.047181465027453469 0.056281987528286906 -0.11402455030545924 0.052098618185448323 0.0064692222944229818 -0.0086701323729788515 0.055131876710653331 -0.00031787187234164375 -0.049399207497663036 0.13242678173838679 0.028958753100271718 0.062064253976583751 -0.04163828424101243
leaf_weight=525494 13500 434411 37559 788778 16556 25537 728339 8141 55893 34741 19606 87135 1018 457604 35985 213844 277472 31322 17601 2251 9262 24185 547794 19727 524514 28123 932 23326 6214 3136
leaf_count=525494 13500 434411 37559 788778 16556 25537 728339 8141 55893 34741 19606 87135 1018 457604 35985 213844 277472 31322 17601 2251 9262 24185 547794 19727 524514 28123 932 23326 6214 3136
internal_value=-1.9554e-08 -7.71482e-05 -0.00518545 0.000456898 -0.000264687 -0.00131834 -0.00153802 0.000467274 0.000722209 -0.000484105 0.0139401 0.00507817 0.0266926 -0.00474274 -0.00980322 -0.00104062 -0.00136956 0.00205285 0.000581698 -0.00510077 -0.000777684 0.0274512 -0.00910112 -0.00137736 0.00237354 -0.00913282 -0.0435668 -0.00491442 0.000412526 0.0390996
internal_weight=5e+06 4.9865e+06 471970 4.51453e+06 3.98904e+06 3.20026e+06 3.17472e+06 1.95279e+06 1.94465e+06 1.78202e+06 162634 106741 35759 1.22193e+06 493589 1.74626e+06 1.7297e+06 902186 867728 827517 825942 41786 550045 816680 550455 266225 29055 237170 530728 34458
internal_count=5000000 4986500 471970 4514530 3989036 3200258 3174721 1952793 1944652 1782018 162634 106741 35759 1221928 493589 1746259 1729703 902186 867728 827517 825942 41786 550045 816680 550455 266225 29055 237170 530728 34458
cat_boundaries=0 1 2 3 4 5 6
cat_threshold=384 126976 3584 4067200 628 16646145
is_linear=0
shrinkage=0.1


Tree=152
num_leaves=31
num_cat=3
split_feature=72 79 52 73 60 48 49 48 14 50 50 57 74 78 55 23 12 4 76 73 17 6 75 1 86 18 9 75 24 88
split_gain=1158.91 1376.89 1730.62 2155.9 1519.89 2419.36 2266.53 2133 2023.94 2018.52 1912.9 1876.21 1699.49 1682.61 1575.24 1603.26 4648.04 2477.2 2055.84 1833.41 1741.6 1860.1 1774.32 1638.04 1897.48 1527.36 1522.02 1469.33 1422.49 1421.73
threshold=26.891649246215824 5.4500000476837167 2.5499999523162846 138.9049987792969 3.1499999761581425 2.1499999761581425 1.7500000000000002 5.2500000000000009 9.6500000953674334 2.4500000476837163 2.3500000238418584 3.8500000238418584 352.00000000000006 1.0000000180025095e-35 4.3500001430511483 6.8500001430511483 11.050000190734865 12.650000095367433 0 138.41335296630862 11.84999990463257 5.0499999523162851 1 5.0499999523162851 12.84999990463257 -10.349999904632567 9.4499998092651385 2 0.75000000000000011 1.6500000357627871
decision_type=2 10 8 2 8 8 8 10 10 8 8 8 2 10 10 10 10 8 1 2 10 10 1 8 8 10 10 1 2 10
left_child=-1 4 -3 -4 7 9 -7 11 -8 13 -9 12 14 26 15 16 17 20 -19 -18 22 -22 -2 28 29 -24 -6 -12 -17 -25
right_child=1 2 3 -5 5 6 8 10 -10 -11 27 -13 -14 -15 -16 23 19 18 -20 -21 21 -23 25 24 -26 -27 -28 -29 -30 -31
leaf_value=0.010169262499640536 0.019811777254929205 -0.023417135776164503 -0.017267410571664938 0.0075952530361433346 -0.012820329219747901 -0.021111531652296907 0.010023502420850573 -0.051722523426698377 -0.002518225202152103 -0.02284029755797852 0.0033088628336356072 -0.008845930851504414 -0.0028076334886296601 -0.030113462234298657 -0.012703813383659578 0.01491555435085456 0.046497700555506519 0.050547706320241283 -0.16203107571308678 0.014893760962843023 0.063545021292939874 -0.00065166808134419451 0.02539638517918712 0.00013451809628436023 0.0027419073113938066 -6.6394089227027881e-05 0.0011682727613159876 -0.020921130940808618 0.086342766845081464 -0.014279947262419324
leaf_weight=109608 55776 55236 59119 85052 119596 42713 224697 11212 301087 83120 52824 167261 603654 25995 62101 55028 38168 15074 460 35363 9885 8306 24675 156300 1682861 520174 222459 47551 2937 121708
leaf_count=109608 55776 55236 59119 85052 119596 42713 224697 11212 301087 83120 52824 167261 603654 25995 62101 55028 38168 15074 460 35363 9885 8306 24675 156300 1682861 520174 222459 47551 2937 121708
internal_value=-8.02037e-09 -0.000227931 -0.00836635 -0.00259997 0.000118021 -0.00329749 0.00104189 0.00106664 0.00284156 -0.00876533 -0.0125474 0.0014934 0.00200317 -0.00558665 0.00304449 0.00340316 0.00749814 0.0047393 0.044181 0.0312985 0.00374921 0.0342329 0.00282595 0.0019673 0.00147755 0.00108674 -0.0037227 -0.00817145 0.0185347 -0.00617593
internal_weight=5e+06 4.89039e+06 199407 144171 4.69098e+06 1.01967e+06 568497 3.67132e+06 525784 451170 111587 3.55973e+06 3.39247e+06 368050 2.78882e+06 2.72672e+06 707881 634350 15534 73531 618816 18191 600625 2.01883e+06 1.96087e+06 544849 342055 100375 57965 278008
internal_count=5000000 4890392 199407 144171 4690985 1019667 568497 3671318 525784 451170 111587 3559731 3392470 368050 2788816 2726715 707881 634350 15534 73531 618816 18191 600625 2018834 1960869 544849 342055 100375 57965 278008
cat_boundaries=0 1 2 3
cat_threshold=16752640 2144 888
is_linear=0
shrinkage=0.1


Tree=153
num_leaves=31
num_cat=5
split_feature=74 27 73 87 58 73 75 72 72 73 79 75 23 75 12 0 82 76 72 72 80 73 73 19 23 22 85 24 76 1
split_gain=1108.82 1262.56 1240.29 1289.06 1291.02 1308.06 1394.51 1282.02 1221.87 2605.88 1699.79 1587.89 1421.74 1684.31 1379.41 1441.15 1370.07 1506.85 1559.88 2020.28 1916.25 1405.15 1338.52 1278.3 1235.5 1167.6 1156.06 1138.71 1142.08 1087.46
threshold=118.00000000000001 7.2500000000000009 142.22499847412112 2.2500000000000004 3.1499999761581425 145.49250030517581 0 43.828350067138679 37.670000076293952 140.40999603271487 5.8500001430511483 1 -0.65000000596046437 2 -2.5499999523162837 -6.6499998569488517 2.8500000238418584 3 31.958350181579593 36.704999923706062 14.449999809265138 138.946647644043 140.37915039062503 14.34999990463257 5.6499998569488534 27.650000572204593 2.4500000476837163 1.0000000180025095e-35 4 26.250000000000004
decision_type=2 10 2 10 8 2 1 2 2 2 10 1 8 1 8 2 10 1 2 2 8 2 2 10 10 10 10 2 1 10
left_child=2 8 -1 4 25 29 -7 -5 9 10 14 12 -10 24 -2 -16 -17 -18 26 20 27 -21 -15 -11 -14 -4 -19 28 -20 -6
right_child=1 -3 3 7 5 6 -8 -9 11 23 -12 -13 13 22 15 16 17 18 19 21 -22 -23 -24 -25 -26 -27 -28 -29 -30 -31
leaf_value=0.0018820698226077034 0.016304987990926081 -0.038608180954207455 -0.00076585023924009789 0.083782748257567916 -0.018419674690610205 0.092359258073095085 -0.020842049380118507 -0.035002500086321754 -0.0024251410809492408 0.03801487419856945 -0.027663051996911554 -0.0011413785184608573 -0.044285700813905593 -0.040589558283481944 0.063852099648102706 -0.0001322987618403353 -0.0013230375767519782 0.054836737340928005 -0.04170826295980283 0.05972135445556196 -0.016568561408260858 -0.015736794444897319 -0.010920795260321157 0.0044452871007479239 -0.15645099810122895 -0.067662602773110356 -0.080483864782787906 0.01040888842773246 -0.093906337446901605 -0.16352048979373648
leaf_weight=2714162 47766 9292 209208 3096 76842 2213 2130 1286 97629 25931 23235 344540 10348 17546 3417 1155540 65134 3753 7506 3465 16615 8575 114041 20164 1085 2642 759 1901 9659 520
leaf_count=2714162 47766 9292 209208 3096 76842 2213 2130 1286 97629 25931 23235 344540 10348 17546 3417 1155540 65134 3753 7506 3465 16615 8575 114041 20164 1085 2642 759 1901 9659 520
internal_value=-2.90781e-08 -0.00183312 0.00120976 -0.0049149 -0.00571855 -0.0163971 0.037005 0.0489224 -0.00166041 -4.99942e-05 -0.000849878 -0.00549506 -0.0117277 -0.0180787 -0.000379363 -0.00100377 -0.00117787 -0.0114721 -0.0241229 -0.0294413 -0.0413934 0.00597936 -0.0148757 0.02333 -0.0548823 -0.00160013 0.0320734 -0.063027 -0.0711599 -0.019395
internal_weight=5e+06 1.9879e+06 3.0121e+06 297937 293555 81705 4343 4382 1.97861e+06 1.39342e+06 1.34732e+06 585189 240649 143020 1.32409e+06 1.27632e+06 1.27291e+06 117367 52233 47721 35681 12040 131587 46095 11433 211850 4512 19066 17165 77362
internal_count=5000000 1987901 3012099 297937 293555 81705 4343 4382 1978609 1393420 1347325 585189 240649 143020 1324090 1276324 1272907 117367 52233 47721 35681 12040 131587 46095 11433 211850 4512 19066 17165 77362
cat_boundaries=0 1 2 3 4 5
cat_threshold=7686 542 4 6285312 2102785
is_linear=0
shrinkage=0.1


Tree=154
num_leaves=31
num_cat=6
split_feature=23 9 68 75 0 11 75 72 48 76 24 82 72 73 28 75 0 0 89 75 72 13 72 82 63 4 83 0 75 81
split_gain=1108.9 2365.34 1932.34 1595.08 1999.02 1656 1564.58 1506.17 1383.03 1442.71 1563.9 1446.27 1550.18 2107.04 1338.71 1311.09 3158.98 2169.49 2201.71 1936.24 1933.24 1807.33 1568.21 1352.49 1346.93 1272.18 2367.36 2259.46 2714.78 1838.03
threshold=21.849999427795414 27.150000572204593 0.84999999403953563 0 28.550000190734867 15.750000000000002 1 26.286649703979496 0.35000000894069677 2 1.0000000180025095e-35 1.1500000357627871 35.170000076293952 136.54419708251956 1.0000000180025095e-35 3 1.0500000119209292 12.84999990463257 13.449999809265138 4 35.73249816894532 13.550000190734865 42.385799407958991 0.35000000894069677 10.550000190734865 0.65000000596046459 1.0500000119209292 -2.4500000476837154 5 1.0000000180025095e-35
decision_type=10 10 10 1 2 10 1 2 10 1 2 8 2 2 8 1 2 2 10 1 2 10 2 8 10 10 10 2 1 8
left_child=1 2 8 5 -5 6 -2 -4 -1 10 11 -10 -13 -14 -12 16 -9 18 22 20 -19 -22 23 -17 -25 26 -24 -27 -29 -30
right_child=3 -3 7 4 -6 -7 -8 15 9 -11 14 12 13 -15 -16 17 -18 19 -20 -21 21 -23 25 24 -26 27 -28 28 29 -31
leaf_value=0.0037639897781463283 -0.049158847877636344 0.022350455145371893 0.025051229309542997 -0.009520656326065885 -0.067305400236319937 -0.00043060319141445042 -0.0024441845585000191 0.091856903820502697 -0.001362592194572026 -0.0012083955883579888 -0.0092646524305684454 -0.028048498151674719 0.028991444948878221 -0.013979214268450432 0.026800872493903533 0.017500219829570372 0.0046395894023623938 -0.018355672662709294 0.033461819619524248 -0.0034836160434399827 -0.063234143088682498 -0.25449067468085051 -0.0021689255120614054 0.0022457145280467411 0.037393888747930919 0.10167719648486558 0.039135990311730547 -0.007772553174363768 -0.036481893032334838 -0.12787422580801347
leaf_weight=221521 13743 50297 27763 166533 6210 931708 14992 4175 90664 424898 20785 75388 12370 147207 20387 64587 781100 44737 22065 416727 3710 570 199521 1070756 11015 1742 14913 123137 14174 2605
leaf_count=221521 13743 50297 27763 166533 6210 931708 14992 4175 90664 424898 20785 75388 12370 147207 20387 64587 781100 44737 22065 416727 3710 570 199521 1070756 11015 1742 14913 123137 14174 2605
internal_value=-3.9488e-08 0.000806146 0.000522219 -0.00275102 -0.0115973 -0.00115981 -0.0248042 0.00187499 -0.00322053 -0.00517483 -0.0097692 -0.0120913 -0.0162311 -0.0106482 0.00859379 0.00164317 0.00510322 0.000277941 0.00210281 -0.00569538 -0.0244934 -0.0887052 0.00164227 0.0034429 0.00260361 -0.00415444 0.000703661 -0.0115084 -0.0129176 -0.0506407
internal_weight=5e+06 3.86681e+06 3.81652e+06 1.13319e+06 172743 960443 28735 2.8033e+06 1.01322e+06 791699 366801 325629 234965 159577 41172 2.77553e+06 785275 1.99026e+06 1.52452e+06 465744 49017 4280 1.50245e+06 1.14636e+06 1.08177e+06 356092 214434 141658 139916 16779
internal_count=5000000 3866814 3816517 1133186 172743 960443 28735 2803297 1013220 791699 366801 325629 234965 159577 41172 2775534 785275 1990259 1524515 465744 49017 4280 1502450 1146358 1081771 356092 214434 141658 139916 16779
cat_boundaries=0 1 2 3 4 5 6
cat_threshold=960 64 8397311 1952 4102 2136
is_linear=0
shrinkage=0.1


Tree=155
num_leaves=31
num_cat=6
split_feature=80 0 13 23 76 89 6 69 75 85 48 23 75 86 76 22 74 91 82 75 22 0 86 22 74 76 73 72 23 8
split_gain=1059.32 1240.41 3672.77 3261.59 2363.09 2305.19 2091.4 1859.87 1655.86 1547.5 1492.03 1438.37 2134.5 1410.83 1314.64 1351.28 1312.32 1291.11 1313.65 1347.9 2037.67 1691.11 2072.54 1737.97 1596.8 1596.15 1483.56 1417.74 1825.11 1414.07
threshold=31.94999980926514 20.650000572204593 27.250000000000004 16.150000572204593 0 20.650000572204593 25.349999427795414 0.55000001192092907 1 0.45000000298023229 1.4499999880790713 25.44999980926514 2 21.550000190734867 3 24.050000190734867 326.00000000000006 0.55000001192092907 0.35000000894069677 4 0.84999999403953563 3.2500000000000004 4.0499999523162851 -3.0499999523162837 199.50000000000003 5 140.11250305175784 30.90164947509766 20.550000190734867 7.8500001430511483
decision_type=10 2 10 8 1 8 10 10 1 8 10 10 1 8 1 10 2 8 8 1 8 2 10 8 2 1 2 2 10 10
left_child=1 2 6 4 8 -5 7 -1 -3 10 -9 13 -13 -7 15 -11 -15 -16 -19 21 -21 22 -20 -23 27 26 -22 -25 -29 -26
right_child=-2 3 -4 5 -6 11 -8 9 -10 14 -12 12 -14 16 17 -17 -18 18 19 20 25 23 -24 24 29 -27 -28 28 -30 -31
leaf_value=-0.0047462400528161912 0.021278514344326857 0.023201139989825995 0.033716404184407113 -0.017867338851707364 -0.10608031254498658 -0.00934851564197689 0.027822779369546594 0.0030860390960902682 -0.054266918878090813 0.0057403824400340305 0.019165758807241865 -0.039275525145482687 -0.0039280228189709195 0.005472388560073105 0.0066670291171294846 0.055826234473398989 -0.0072723848631572833 0.0097905875921337655 -0.00064603152867695425 0.039867891927488401 0.0012266184182342433 -0.084771605656867283 0.033342706227012658 0.014825159374380743 -0.0075064768368694502 0.003387574671924225 -0.014607783531861266 -0.0052988030152597773 -0.075984676332037732 -0.029564533922042759
leaf_weight=600062 23287 4679 33692 87287 4803 98265 27893 160152 6704 326320 90211 17704 480326 532258 249218 5477 95252 108446 478046 13563 126199 2869 18640 35640 65388 646357 111402 493865 3680 52315
leaf_count=600062 23287 4679 33692 87287 4803 98265 27893 160152 6704 326320 90211 17704 480326 532258 249218 5477 95252 108446 478046 13563 126199 2869 18640 35640 65388 646357 111402 493865 3680 52315
internal_value=-4.8344e-08 -9.96148e-05 0.00085248 -0.00271746 -0.0473324 -0.00216667 0.000546249 0.000334194 -0.0224311 0.00135454 0.0088799 -0.00104683 -0.00518543 0.00179309 0.000666275 0.00656696 0.00353781 -0.000147605 -0.000935179 -0.00150314 0.00140141 -0.00376911 0.000629523 -0.00711099 -0.00676868 0.000811213 -0.00619726 -0.00444151 -0.00582162 -0.0173105
internal_weight=5e+06 4.97671e+06 3.64944e+06 1.32728e+06 16186 1.31109e+06 3.61574e+06 3.58785e+06 11383 2.98779e+06 250363 1.2238e+06 498030 725775 2.73742e+06 331797 627510 2.40563e+06 2.15641e+06 2.04796e+06 897521 1.15044e+06 496686 653757 650888 883958 237601 533185 497545 117703
internal_count=5000000 4976713 3649435 1327278 16186 1311092 3615743 3587850 11383 2987788 250363 1223805 498030 725775 2737425 331797 627510 2405628 2156410 2047964 897521 1150443 496686 653757 650888 883958 237601 533185 497545 117703
cat_boundaries=0 1 2 3 4 5 6
cat_threshold=523266 416 4156 57344 6158 63
is_linear=0
shrinkage=0.1


Tree=156
num_leaves=31
num_cat=6
split_feature=76 8 72 74 0 73 26 75 87 0 72 3 75 23 78 73 72 75 72 31 75 72 74 7 73 26 73 73 23 75
split_gain=1049.78 1854.95 1947.52 2932.86 2489.74 3656.83 2482.46 2282.9 3787.42 3377.96 2225.28 1923.48 1918.03 1606.37 1627.97 4332.12 3471.56 1785.2 1567.84 1532.98 1518.6 1595.75 1508.66 1504.79 1499.5 2408.99 2180.59 1996.65 1807.19 1497.77
threshold=0 -13.050000190734862 37.019998550415046 878.50000000000011 7.8500001430511483 138.67330169677737 1.0000000180025095e-35 1 1.0000000180025095e-35 17.849999427795414 43.531650543212898 4.8500001430511483 2 4.2500000000000009 1.0000000180025095e-35 136.90335083007815 35.097499847412116 3 39.18499946594239 4.2500000000000009 4 34.607500076293952 78.500000000000014 13.449999809265138 140.42834472656253 1.0000000180025095e-35 144.7174987792969 142.9716491699219 28.44999980926514 5
decision_type=1 8 2 2 2 2 10 1 10 2 2 10 1 8 10 2 2 1 2 10 1 2 2 10 2 10 2 2 8 1
left_child=1 -1 4 7 5 12 -7 8 9 10 22 -10 -3 -6 20 16 -16 -18 -13 -2 21 -15 -4 -17 -9 26 28 -27 -26 -21
right_child=19 2 3 -5 13 6 -8 24 11 -11 -12 18 -14 14 15 23 17 -19 -20 29 -22 -23 -24 -25 25 27 -28 -29 -30 -31
leaf_value=0.038528142005104404 -0.00089990758944229015 0.0032976331037300856 0.01000559031358577 -0.078534896541677335 0.060480902890204948 0.038841599196070421 0.13896223297086926 -0.0069091618466799141 -0.027957574567859047 -0.14670197057420623 -0.025311880397816205 -0.042403573274264639 0.035494336202733151 -0.0041533279293827097 0.011502623263058976 0.091404665221208881 -0.012497672019766017 -0.096137532769355216 -0.13150540512259312 -0.0046167877129287462 0.0016221046028918652 -0.047976959191426041 -0.0090637533621867831 0.035604214105227863 0.0064305158482917558 0.018936523353947941 -0.030884073185195034 0.081371028643578924 -0.02772073855235745 -0.049157418948768794
leaf_weight=13704 3095661 107688 88902 5014 4728 25316 2745 139112 22187 1671 39425 4093 22333 24361 50837 6547 5382 4863 3816 18081 817669 12610 77790 18458 308269 24836 18171 6453 16315 12963
leaf_count=13704 3095661 107688 88902 5014 4728 25316 2745 139112 22187 1671 39425 4093 22333 24361 50837 6547 5382 4863 3816 18081 817669 12610 77790 18458 308269 24836 18171 6453 16315 12963
internal_value=-7.89114e-08 0.00187191 0.00160179 -0.00230796 0.00428043 0.0158966 0.0486357 -0.00179907 -0.00989638 -0.00509467 -0.00394666 -0.0430515 0.00883087 0.00233818 0.00204596 0.0151533 0.000800452 -0.0523051 -0.0853942 -0.00112164 0.000725677 -0.0190954 0.00110652 0.0502143 0.00195476 0.00525143 0.00282671 0.0318129 0.00471393 -0.0232329
internal_weight=5e+06 1.8733e+06 1.85959e+06 756054 1.10354e+06 158082 28061 751040 237884 207788 206117 30096 130021 945455 940727 86087 61082 10245 7909 3.1267e+06 854640 36971 166692 25005 513156 374044 342755 31289 324584 31044
internal_count=5000000 1873295 1859591 756054 1103537 158082 28061 751040 237884 207788 206117 30096 130021 945455 940727 86087 61082 10245 7909 3126705 854640 36971 166692 25005 513156 374044 342755 31289 324584 31044
cat_boundaries=0 1 2 3 4 5 6
cat_threshold=261632 6150 4102 5058 2 2514
is_linear=0
shrinkage=0.1


Tree=157
num_leaves=31
num_cat=5
split_feature=23 86 0 74 9 0 0 73 83 0 13 5 73 72 75 0 75 76 23 23 76 74 74 11 82 53 76 8 73 34
split_gain=1092.95 1551.72 2831.12 2173.59 2068.04 2515.9 1994.31 1936.97 1489.22 1974.37 1612.83 1724.15 1473.25 1430.99 2547.45 1851.93 2158.61 2106.16 1740.79 1577.64 1975.56 1531.38 1430.21 1518.73 1538.42 1438.29 1368.27 1351.76 1292.81 1666.46
threshold=-3.0499999523162837 -2.8500000238418575 -5.8500001430511466 423.00000000000006 1.0500000119209292 -4.2499999999999991 2.4500000476837163 144.7174987792969 -4.5499999523162833 -5.8500001430511466 1.0500000119209292 -3.4500000476837154 141.9591979980469 40.00164985656739 0 11.650000095367433 1 2 15.650000095367433 15.449999809265138 3 14.500000000000002 1042.5000000000002 -0.35000000894069666 5.9500000476837167 2.2500000000000004 4 -4.8500001430511466 143.31164550781253 1.0000000180025095e-35
decision_type=10 10 2 2 10 2 2 2 10 2 10 10 2 2 1 2 1 1 10 10 1 2 2 10 10 8 1 8 2 8
left_child=1 4 3 -3 7 -6 -4 8 10 12 26 -12 -10 22 19 -16 17 -17 21 -15 -21 -19 23 -2 -25 -26 28 -11 -1 -30
right_child=13 2 6 -5 5 -7 -8 -9 9 27 11 -13 -14 14 15 16 -18 18 -20 20 -22 -23 -24 24 25 -27 -28 -29 29 -31
leaf_value=-0.014235878870525021 0.010245188250891189 0.21381822067595149 0.022708727379254889 0.022982528831318745 0.10978873925149915 0.016070355809898264 -0.031005284418256951 0.041001820339120962 0.035767928323141004 0.033221948798438122 0.10170880220721042 -0.0095291394619371889 0.14763710306606745 0.0058202781853204794 -0.0066959691927542947 -0.062284502514275399 -0.28061718178640416 -0.038707338217571913 -0.036715817190328827 0.0027089845914280712 -0.013092385172297464 0.01090095398007321 -0.018511880470097688 0.00068623736940060605 -0.033149809980703625 -0.005058981324543607 -0.0005607217878850824 -0.0089738703074058717 -0.043581020733696824 -0.27183253672172702
leaf_weight=52155 161667 1302 52951 1102 3512 15536 7950 10246 4372 10904 2671 2913 1611 290378 352391 11568 318 8207 23024 176878 143153 25736 38880 3403124 24276 73151 61803 24996 12897 328
leaf_count=52155 161667 1302 52951 1102 3512 15536 7950 10246 4372 10904 2671 2913 1611 290378 352391 11568 318 8207 23024 176878 143153 25736 38880 3403124 24276 73151 61803 24996 12897 328
internal_value=-9.54139e-08 0.00622168 0.0198985 0.126339 0.00197634 0.0333498 0.0156969 -0.00125576 -0.00373484 0.0127059 -0.00892128 0.0436794 0.0658901 -0.000351427 -0.00364494 -0.00962659 -0.024627 -0.0233948 -0.0154882 0.000483148 -0.00435945 -0.00109372 0.000566617 0.000769164 0.00033153 -0.0120584 -0.0112307 0.00384238 -0.0213136 -0.049242
internal_weight=5e+06 267249 63305 2404 203944 19048 60901 184896 174650 41883 132767 5584 5983 4.73275e+06 1.03165e+06 421244 68853 68535 56967 610409 320031 33943 3.7011e+06 3.66222e+06 3.50055e+06 97427 127183 35900 65380 13225
internal_count=5000000 267249 63305 2404 203944 19048 60901 184896 174650 41883 132767 5584 5983 4732751 1031653 421244 68853 68535 56967 610409 320031 33943 3701098 3662218 3500551 97427 127183 35900 65380 13225
cat_boundaries=0 1 2 3 4 5
cat_threshold=4032 56 14680127 491392 2099196
is_linear=0
shrinkage=0.1


Tree=158
num_leaves=31
num_cat=4
split_feature=23 88 74 11 0 89 54 75 72 2 20 0 72 8 11 75 73 75 63 24 23 72 86 20 85 80 72 79 76 80
split_gain=1014.95 1018.61 1147.99 1146.25 3195.96 2516.35 2064.25 1674.53 2479.94 1900.59 1617.11 1590.17 1566.67 2292.83 1767.36 1636.42 1428.4 1292.76 1291.63 1149.28 1134.33 2215.75 1539.19 1381.09 1102.89 1068.54 1302.79 1065.03 1063.19 1052.82
threshold=34.95000076293946 1.2500000000000002 878.50000000000011 -0.25000000745058054 -5.8500001430511466 -3.6499999761581416 2.6499999761581425 0 41.927499771118171 7.0499999523162851 15.150000095367433 19.750000000000004 30.03750038146973 10.449999809265138 20.44999980926514 1 145.15920257568362 2 1.0500000119209292 1.0000000180025095e-35 22.44999980926514 31.308349609375004 16.250000000000004 13.750000000000002 3.5499999523162846 -13.749999999999998 42.790000915527351 2.4500000476837163 3 24.44999980926514
decision_type=10 8 2 8 2 8 8 1 2 8 10 2 2 8 8 1 2 1 8 2 10 2 8 10 8 8 2 10 1 10
left_child=1 -1 3 5 6 16 -5 8 10 -10 11 18 14 -14 -12 -15 25 -7 19 -6 21 -9 23 -23 27 26 -3 -4 -20 -22
right_child=-2 2 24 4 7 17 -8 20 9 -11 12 -13 13 15 -16 -17 -18 -19 28 -21 29 22 -24 -25 -26 -27 -28 -29 -30 -31
leaf_value=0.0024358850533042716 0.049055847901263258 -0.17613732968943555 0.0026006019050691144 0.10604676924145683 -0.011331752772385444 0.0023697586311408969 -0.036487921088414269 0.030763851645428539 -0.020020637291129902 -0.089104027303844327 0.010403525604508423 -0.082293574719107102 -0.0018448505375907979 -0.032001809959003931 -0.03254807719476456 -0.087521310508949804 0.066566844528759328 0.015739188101665268 -0.0051934754072536921 0.01143551699177549 -0.0057939939419128722 9.978643754024737e-05 0.0030799895907484159 -0.011571075450323952 -0.030454169622734225 -0.009440375237269049 -0.033652607257695172 -0.03797507114015071 0.0039937110150152803 0.0017658497463041236
leaf_weight=1245766 4214 804 38072 4424 185267 142459 1319 25567 52537 4309 28922 2472 15742 15489 14325 8104 2389 146931 198954 25186 508607 301859 1119108 152680 24845 86538 3179 7793 343309 288830
leaf_count=1245766 4214 804 38072 4424 185267 142459 1319 25567 52537 4309 28922 2472 15742 15489 14325 8104 2389 146931 198954 25186 508607 301859 1119108 152680 24845 86538 3179 7793 343309 288830
internal_value=-1.56651e-07 -4.15359e-05 -0.000864541 -0.000621987 -0.00122302 0.00456142 0.0733107 -0.00135308 -0.00504494 -0.0252572 -0.00367351 -0.00222066 -0.0169595 -0.0314017 -0.00382363 -0.051123 -0.00975696 0.0091584 -0.00195769 -0.00860708 2.50325e-05 0.00156129 0.00108683 -0.00382047 -0.0134856 -0.0117713 -0.0624143 -0.00429368 0.000622949 -0.00305583
internal_weight=5e+06 4.99579e+06 3.75002e+06 3.67931e+06 3.29701e+06 382300 5743 3.29127e+06 894616 56846 837770 755188 82582 39335 43247 23593 92910 289390 752716 210453 2.39665e+06 1.59921e+06 1.57365e+06 454539 70710 90521 3983 45865 542263 797437
internal_count=5000000 4995786 3750020 3679310 3297010 382300 5743 3291267 894616 56846 837770 755188 82582 39335 43247 23593 92910 289390 752716 210453 2396651 1599214 1573647 454539 70710 90521 3983 45865 542263 797437
cat_boundaries=0 1 2 3 4
cat_threshold=4110 10 4098 2040
is_linear=0
shrinkage=0.1


Tree=159
num_leaves=31
num_cat=5
split_feature=74 88 75 15 76 3 27 2 18 8 72 73 8 48 59 2 17 72 76 72 73 72 90 72 76 72 81 72 88 75
split_gain=1029.83 1156.21 1164.19 2340.45 1845.35 2011.21 1510.55 1363.64 2564.85 2410.45 2102.33 2061.28 1928.08 1690.64 1929.53 1585.54 2094.18 1471.86 1352.79 1312.7 1286.68 3599.58 2580.29 1730.4 1799.79 1677.6 1333.1 1863.16 2743.94 1541.6
threshold=61.500000000000007 0.25000000745058065 0 6.6499998569488534 1 21.550000190734867 6.7500000000000009 0.84999999403953563 7.8500001430511483 6.6499998569488534 37.670000076293952 140.21500396728518 1.6500000357627871 1.3499999642372134 1.1500000357627871 -3.4500000476837154 -0.15000000223517415 39.307500839233406 2 36.559150695800788 137.86834716796878 36.099998474121101 1.0000000180025095e-35 34.788349151611335 3 34.042499542236335 1.0000000180025095e-35 36.527500152587898 4.1499998569488534 4
decision_type=2 8 1 8 1 10 10 10 10 10 2 2 8 8 8 10 10 2 1 2 2 2 10 2 1 2 10 2 8 1
left_child=-1 -2 3 -3 5 -5 7 8 9 13 20 -12 -10 14 15 16 18 19 -4 -15 25 22 23 24 -22 -9 27 -27 -29 -28
right_child=1 2 6 4 -6 -7 -8 10 12 -11 11 -13 -14 17 -16 -17 -18 -19 -20 -21 21 -23 -24 -25 -26 26 29 28 -30 -31
leaf_value=0.0014903453063297373 0.0071565849486616819 0.039085691863420501 -0.02044713375892028 0.013631145073849923 -0.0044673039745206358 -0.00061052004737588471 -0.058827324047292608 0.0015998951682892172 0.05508907036766432 0.053019062974565039 -0.036574046281285293 -0.0093344735564077335 0.0017338562023393681 0.0017467799765075031 -0.01822933463154076 -0.0088541164909693281 0.063691090277287768 -0.0025871574714687005 0.029748523481192474 0.027897176194612669 0.081132523576961005 -0.0051225800305135516 0.070850193752177743 0.0072417974939562244 0.012841295322732644 -0.0088153593279753622 0.031124252481477901 0.048900725755108149 -0.039667978369316528 -0.032581905578693324
leaf_weight=2405426 149451 15950 10749 165159 396737 248142 4913 232507 15225 8263 30846 279510 12200 36376 95353 43268 8327 106866 10708 40644 7035 193901 8484 78684 8564 327679 4224 12753 4820 37236
leaf_count=2405426 149451 15950 10749 165159 396737 248142 4913 232507 15225 8263 30846 279510 12200 36376 95353 43268 8327 106866 10708 40644 7035 193901 8484 78684 8564 327679 4224 12753 4820 37236
internal_value=-1.61505e-07 -0.00138201 -0.0019039 0.00115114 0.000404205 0.00508046 -0.0034624 -0.00329391 0.00187325 -0.000369157 -0.00492878 -0.0120418 0.031354 -0.00162138 -0.00886026 0.00336897 0.0211258 0.00500807 0.00460707 0.0155465 -0.00251848 0.00289655 0.0180271 0.0132738 0.0437002 -0.00511282 -0.00914878 -0.00711416 0.0246077 -0.0260918
internal_weight=5e+06 2.59457e+06 2.44512e+06 825988 810038 413301 1.61914e+06 1.61422e+06 387979 360554 1.22624e+06 310356 27425 352291 168405 73052 29784 183886 21457 77020 915887 296668 102767 94283 15599 619219 386712 345252 17573 41460
internal_count=5000000 2594574 2445123 825988 810038 413301 1619135 1614222 387979 360554 1226243 310356 27425 352291 168405 73052 29784 183886 21457 77020 915887 296668 102767 94283 15599 619219 386712 345252 17573 41460
cat_boundaries=0 1 2 3 4 5
cat_threshold=480 2095488 3113952 12583423 2
is_linear=0
shrinkage=0.1


Tree=160
num_leaves=31
num_cat=6
split_feature=23 14 1 86 75 6 0 77 6 75 73 83 12 23 0 14 75 86 6 70 72 75 75 1 72 10 11 72 75 0
split_gain=1029.48 1466.23 2247.53 1564.59 1540.83 1522.01 3065.31 1676.33 1470.18 1350 1328.87 1255.08 1402.58 1238.32 3866.8 2855.96 2112.29 2000.25 1819.4 1975.92 1745.17 1679.24 1515.37 2094.52 2709.73 1957.22 1727.87 4112.9 2599.43 2029.17
threshold=-5.2499999999999991 -0.65000000596046437 -5.9500000476837149 -6.4500000476837149 0 -2.7499999999999996 -6.6499998569488517 -6.4500000476837149 -5.2499999999999991 1 144.46170043945315 -6.9500000476837149 -3.1499999761581416 17.849999427795414 21.849999427795414 25.550000190734867 2 16.250000000000004 22.050000190734867 0.94999998807907116 33.588350296020515 3 4 13.650000095367433 36.613349914550788 16.550000190734867 18.050000190734867 30.90164947509766 5 24.650000572204593
decision_type=10 10 10 10 1 10 2 10 8 1 2 10 10 8 2 8 1 10 8 8 2 1 1 10 2 10 10 2 1 2
left_child=1 3 -3 5 -5 7 -7 10 -6 -2 11 12 -1 14 15 17 -16 18 19 -11 -19 -17 -15 -24 26 -26 -25 -28 29 -29
right_child=9 2 -4 4 8 6 -8 -9 -10 13 -12 -13 -14 22 16 21 -18 20 -20 -21 -22 -23 23 24 25 -27 27 28 -30 -31
leaf_value=-0.031834122279450684 -0.0043066520760133113 0.088117840978051254 0.01474613134368026 0.042838544356248995 0.032889997577883044 0.12866128639322169 0.0010754036118889383 0.02570804942007196 -0.015041940229514637 -0.0043525285564933944 0.031444352837019164 0.012642080573584111 0.027329581446173229 -0.00020339685383246957 -0.017238135270754032 0.011867628333994034 -0.085257086885231412 0.032693183360617231 0.021224835749265862 0.0025362703915573232 0.007299961289297708 0.056249733624935398 0.020868912418466324 0.0022744913311664688 -0.020666660896661564 -0.068864776174577258 0.0060500972303457164 -0.015063142706793467 -0.069436448614042079 -0.085335205004513137
leaf_weight=44045 703472 5276 20005 16849 10691 2488 7745 11755 15940 594335 5535 9888 4408 1518844 12501 20086 7198 31412 43170 1390536 195559 14825 23506 123768 33430 11264 54012 49035 13937 4485
leaf_count=44045 703472 5276 20005 16849 10691 2488 7745 11755 15940 594335 5535 9888 4408 1518844 12501 20086 7198 31412 43170 1390536 195559 14825 23506 123768 33430 11264 54012 49035 13937 4485
internal_value=-1.25877e-07 0.00803234 0.0300584 0.00372722 0.0191829 -0.00409927 0.032096 -0.00899654 0.00419873 -0.000256457 -0.0153832 -0.0198259 -0.0264517 0.000431449 0.00197153 0.00235103 -0.0421442 0.00191162 0.000915263 0.00047354 0.0108143 0.0307341 -0.00150984 -0.00784033 -0.0101682 -0.0328138 -0.00604106 -0.014514 -0.0309794 -0.0209481
internal_weight=5e+06 154625 25281 129344 43480 85864 10233 75631 26631 4.84538e+06 63876 58341 48453 4.1419e+06 2.30962e+06 2.28992e+06 19699 2.25501e+06 2.02804e+06 1.98487e+06 226971 34911 1.83228e+06 313437 289931 44694 245237 121469 67457 53520
internal_count=5000000 154625 25281 129344 43480 85864 10233 75631 26631 4845375 63876 58341 48453 4141903 2309622 2289923 19699 2255012 2028041 1984871 226971 34911 1832281 313437 289931 44694 245237 121469 67457 53520
cat_boundaries=0 1 2 3 4 5 6
cat_threshold=2588 6 480 4192 1984 32
is_linear=0
shrinkage=0.1


Tree=161
num_leaves=31
num_cat=6
split_feature=7 0 13 83 23 11 76 23 75 10 1 74 91 72 73 72 73 76 76 76 82 47 80 80 74 16 75 9 72 72
split_gain=1014.59 1300.48 2645.28 2592.82 1630.09 1842.35 1454.08 1499.83 1880.3 1912.72 1397.5 1379.38 2076.8 1456.41 4584.68 3175.2 3963.54 3413.63 2543.91 2314.91 3484.61 2461.34 2112.29 1951.16 1929.9 1659.37 1616.88 1613.69 1564.99 1659.53
threshold=29.44999980926514 21.050000190734867 27.150000572204593 20.650000572204593 16.550000190734867 16.550000190734867 0 24.150000572204593 1 20.250000000000004 28.650000572204593 7.5000000000000009 1.0500000119209292 34.788349151611335 138.0100021362305 35.121698379516609 136.15579986572268 2 3 4 2.2500000000000004 1.0000000180025095e-35 14.750000000000002 1.6500000357627871 71.000000000000014 8.2500000000000018 5 6.8500001430511483 33.418348312377937 30.90164947509766
decision_type=10 2 10 8 8 8 1 10 1 8 10 2 10 2 2 2 2 1 1 1 10 10 10 8 2 8 1 8 2 2
left_child=1 2 11 -3 5 -5 -6 -8 -9 10 -10 12 -1 14 19 16 17 26 -16 -13 21 23 28 25 -19 27 -15 -21 29 -22
right_child=-2 3 -4 4 6 -7 7 8 9 -11 -12 13 -14 15 18 -17 -18 24 -20 20 22 -23 -24 -25 -26 -27 -28 -29 -30 -31
leaf_value=0.011163477207691329 0.0081848679381173531 -0.024072425557114509 0.026000740076285962 -0.012351616096078594 -0.0097305700591355931 -0.095610617822698224 0.0048133352057553721 -0.00076594947134247388 -0.025875239435147631 -0.0023863361239026839 -0.085160609790938327 0.010404800205422282 -0.0017709725311187013 0.021366387829012262 0.0053969020327658589 -0.00059282502311894681 0.0089277341796266639 -0.070538841572857669 0.065939890622032551 -0.0072666790589282328 0.011805840733096033 -0.023867149066620314 -0.00089445481133741548 0.0021746995459836407 -0.030341610166569822 0.073789120704677968 -0.017910333526269417 0.063651972696586109 -0.020467934839105313 -0.072402468270782533
leaf_weight=271800 146993 56610 40730 8592 185923 3848 373125 419201 38202 44368 4438 219222 228494 16063 11376 2299341 48379 15466 17829 10486 2777 34626 27703 339881 52445 6843 30118 4623 25615 14883
leaf_count=271800 146993 56610 40730 8592 185923 3848 373125 419201 38202 44368 4438 219222 228494 16063 11376 2299341 48379 15466 17829 10486 2777 34626 27703 339881 52445 6843 30118 4623 25615 14883
internal_value=-1.26387e-07 -0.000248042 0.000656058 -0.00321203 -0.00211627 -0.0381057 -0.00169598 2.92901e-06 -0.00354281 -0.0169196 -0.0320457 0.00037539 0.00525606 -0.000393024 0.00357706 -0.00154747 -0.015058 -0.0252288 0.0423815 0.00192663 -0.0020497 0.00160349 -0.0224555 0.00404093 -0.0394903 0.0329357 -0.00424716 0.0144328 -0.0362581 -0.0591609
internal_weight=5e+06 4.85301e+06 3.7187e+06 1.13431e+06 1.0777e+06 12440 1.06526e+06 879334 506209 87008 42640 3.67797e+06 500294 3.17768e+06 715864 2.46181e+06 162471 114092 29205 686659 467437 396459 70978 361833 67911 21952 46181 15109 43275 17660
internal_count=5000000 4853007 3718700 1134307 1077697 12440 1065257 879334 506209 87008 42640 3677970 500294 3177676 715864 2461812 162471 114092 29205 686659 467437 396459 70978 361833 67911 21952 46181 15109 43275 17660
cat_boundaries=0 1 2 3 4 5 6
cat_threshold=15728737 3968 2096128 2095104 523264 248
is_linear=0
shrinkage=0.1


Tree=162
num_leaves=31
num_cat=4
split_feature=23 12 89 5 75 0 7 75 86 76 72 0 73 0 75 72 0 24 78 74 4 8 88 13 7 48 59 17 7 0
split_gain=991.891 2138.95 1913.95 2129.84 1846.57 1877.97 1779.72 1751.96 1733.2 1638.63 1630.69 4226.78 2184.67 1755.78 2110.14 2224.3 1881.14 1724.26 1618.35 1615.23 1608.97 1568.55 1558.84 1488.74 1456.18 1406.51 2245.43 2016.39 2028.52 1739.23
threshold=3.2500000000000004 11.050000190734865 5.4500000476837167 10.250000000000002 0 15.650000095367433 20.349999427795414 1 17.250000000000004 2 34.47669982910157 26.94999980926514 139.12249755859378 4.2500000000000009 3 42.50835037231446 17.849999427795414 1.0000000180025095e-35 1.0000000180025095e-35 476.50000000000006 15.250000000000002 13.050000190734865 7.1499998569488534 23.750000000000004 1.0000000180025095e-35 1.0500000119209292 1.4499999880790713 7.2500000000000009 1.0500000119209292 3.0499999523162846
decision_type=10 10 10 10 1 2 8 1 8 1 2 2 2 2 1 2 2 2 10 2 10 10 10 10 8 10 8 8 8 2
left_child=1 2 3 25 5 6 9 -3 -7 20 12 13 17 -12 15 16 19 22 -8 -15 -2 -19 -6 -11 -4 26 27 -1 -29 -27
right_child=4 7 24 -5 10 8 18 -9 -10 23 11 -13 -14 14 -16 -17 -18 21 -20 -21 -22 -23 -24 -25 -26 29 -28 28 -30 -31
leaf_value=-0.001456335429120271 0.014346100655590397 0.071183833278751718 0.060255007919048101 0.042477890328761293 -0.00072629151113049915 -0.011647952229330689 0.030020223323374708 0.015400392026690871 0.00028962566522525098 -0.00061332205320078874 0.0036062506861794432 -0.13851793247905353 0.041497423376033162 -0.016127893608491706 -0.0054030016215680437 -0.27933814627845738 -0.20780114987847487 0.041384072916388549 -0.08007371574386063 -0.07766679615885079 -0.02902669514258769 0.0035846329007179684 -0.035290082805297142 0.028624281849284686 0.013184647043114037 0.0055620335809575747 -0.014451798013523698 0.072227975362346167 0.0062337204339152257 -0.010023702298913703
leaf_weight=147357 174024 6310 7592 11922 490542 131075 38631 51814 1686574 373175 179690 2390 13014 100093 748229 331 529 18223 1383 4455 8995 27613 13405 18268 48935 444596 146146 7812 11535 85342
leaf_count=147357 174024 6310 7592 11922 490542 131075 38631 51814 1686574 373175 179690 2390 13014 100093 748229 331 529 18223 1383 4455 8995 27613 13405 18268 48935 444596 146146 7812 11535 85342
internal_value=-9.88108e-08 0.00287195 0.00168558 0.000506972 -0.00069082 0.00104443 0.00582362 0.0214712 -0.000571222 0.00440325 -0.00333097 -0.0056854 0.00100184 -0.00537817 -0.00726939 -0.0205153 -0.0197019 4.32614e-05 0.0262151 -0.0187502 0.0122138 0.0186125 -0.00164569 0.00075113 0.0195065 -8.67451e-05 -0.00540362 0.00252873 0.0328811 0.00305208
internal_weight=5e+06 969361 911237 854710 4.03064e+06 2.43212e+06 614476 58124 1.81765e+06 574462 1.59851e+06 1.03572e+06 562797 1.03333e+06 853637 105408 105077 549783 40014 104548 183019 45836 503947 391443 56527 842788 312850 166704 19347 529938
internal_count=5000000 969361 911237 854710 4030639 2432125 614476 58124 1817649 574462 1598514 1035717 562797 1033327 853637 105408 105077 549783 40014 104548 183019 45836 503947 391443 56527 842788 312850 166704 19347 529938
cat_boundaries=0 1 2 3 4
cat_threshold=3040 324 64960 6
is_linear=0
shrinkage=0.1


Tree=163
num_leaves=31
num_cat=4
split_feature=76 9 80 23 9 75 0 15 72 73 4 73 47 24 71 43 72 75 73 81 39 61 75 72 41 23 52 0 23 73
split_gain=975.546 1618.85 1828.75 1327.58 4352.92 2800.79 2663.92 2578.21 2416.42 4708.32 2898.89 2394.51 2325.33 2263.97 2107.08 1953 1948.43 1930.72 2198.56 1908.62 1843.54 1826.04 1705.33 1697.15 1848.85 1695.39 1767.3 1664.39 1633.36 1598.64
threshold=0 -8.6500000953674299 -1.5500000119209287 7.6499998569488534 12.84999990463257 1 18.550000190734867 13.449999809265138 36.902500152587898 138.79664611816409 12.84999990463257 136.97330474853518 1.0000000180025095e-35 0.75000000000000011 1.1500000357627871 1.0000000180025095e-35 34.788349151611335 2 143.1683044433594 1.0000000180025095e-35 1.0000000180025095e-35 1.9499999880790713 3 43.828350067138679 1.0000000180025095e-35 -2.1499999761581416 3.9500000476837163 12.250000000000002 -0.45000000298023218 141.45334625244143
decision_type=1 8 8 8 8 1 2 8 2 2 8 2 10 2 10 10 2 1 2 10 8 10 1 2 10 10 8 2 10 2
left_child=1 -1 -3 4 7 -5 16 8 10 19 13 -9 15 14 21 20 -6 25 27 22 29 -2 -10 24 -20 -11 -27 -19 -26 -7
right_child=3 2 -4 5 6 12 -8 11 9 17 -12 -13 -14 -15 -16 -17 -18 18 23 -21 -22 -23 -24 -25 28 26 -28 -29 -30 -31
leaf_value=0.02353621451445527 -0.011194054767506989 -0.02061203774123551 0.002032443260520894 0.0020315275667863015 0.044338943827419694 -0.00061538660597071847 -0.25274437356268015 0.047607965305137459 0.041581538728186609 0.0048471437423978905 0.04048809809810261 0.0041367154577741051 -0.017584610567936809 0.024874711569912649 -0.003143283092456903 -0.019979907900637181 0.013729246618258801 0.015103129458405324 -0.018560786848997923 -0.007307266884421443 -0.020047823393781035 -0.032424933022857282 0.10794175858735161 0.027995277133958864 -0.29769048278414928 -0.013455597855597974 0.00710378407957497 -0.10172802332049483 -0.065913420033179987 -0.014075508986409156
leaf_weight=34115 131113 36480 1594300 837351 28040 933912 355 20914 14413 157314 12432 32149 139450 19355 205731 71072 80488 155750 26920 5453 59100 58625 5314 7857 430 177126 54730 1229 1038 97444
leaf_count=34115 131113 36480 1594300 837351 28040 933912 355 20914 14413 157314 12432 32149 139450 19355 205731 71072 80488 155750 26920 5453 59100 58625 5314 7857 430 177126 54730 1229 1038 97444
internal_value=-7.26953e-08 0.00197689 0.00152589 -0.000986982 0.00167992 -0.00247959 0.0207432 -0.000228053 -0.00133042 0.00272182 -0.00709287 0.0212703 -0.00538307 -0.00851884 -0.0101532 -0.00391823 0.0216378 0.000891396 0.00906241 0.0450582 -0.00287138 -0.0177539 0.0595333 -0.0131362 -0.0245203 -0.00316569 -0.00860252 0.0141884 -0.133805 -0.00188712
internal_weight=5e+06 1.6649e+06 1.63078e+06 3.3351e+06 1.19678e+06 2.13833e+06 108883 1.08789e+06 1.03483e+06 607574 427256 53063 1.30098e+06 414824 395469 1.16153e+06 108528 582394 193224 25180 1.09046e+06 189738 19727 36245 28388 389170 231856 156979 1468 1.03136e+06
internal_count=5000000 1664895 1630780 3335105 1196776 2138329 108883 1087893 1034830 607574 427256 53063 1300978 414824 395469 1161528 108528 582394 193224 25180 1090456 189738 19727 36245 28388 389170 231856 156979 1468 1031356
cat_boundaries=0 1 2 3 4
cat_threshold=130560 448 1182 30
is_linear=0
shrinkage=0.1


Tree=164
num_leaves=31
num_cat=5
split_feature=72 0 72 81 72 73 73 28 87 34 75 20 23 1 26 74 72 75 73 3 75 14 23 72 76 48 50 79 75 23
split_gain=955.468 1864.26 1819.66 1651.67 2376.4 2049.78 2011.36 1548.04 1775.74 1488.76 1562.08 2196.16 1723.21 1445.29 1421.2 1334.89 1781.09 2519.04 1720.33 1705.9 1886.16 1655.65 1503.28 1362.74 1326.68 1309.88 1298.96 1284.88 1258.5 2332.45
threshold=41.828350067138679 -8.6500000953674299 42.974149703979499 1.0000000180025095e-35 43.579198837280281 142.79664611816409 141.5683517456055 1.0000000180025095e-35 1.0000000180025095e-35 1.0000000180025095e-35 0 -8.6500000953674299 27.250000000000004 15.949999809265138 1.0000000180025095e-35 542.00000000000011 36.013349533081062 1 137.77420043945315 1.6500000357627871 2 10.84999990463257 -5.2499999999999991 35.64580154418946 3 3.9500000476837163 1.9499999880790713 3.0499999523162846 4 10.84999990463257
decision_type=2 2 2 10 2 2 2 8 10 8 1 8 8 8 10 2 2 1 2 8 1 10 8 2 1 8 10 8 1 10
left_child=1 26 -2 6 5 -5 13 8 9 10 14 -12 28 -4 -8 22 18 -18 27 -19 -21 -22 -3 -20 -7 -25 -1 -17 29 -13
right_child=2 15 3 4 -6 24 7 -9 -10 -11 11 12 -14 -15 -16 16 17 19 23 20 21 -23 -24 25 -26 -27 -28 -29 -30 -31
leaf_value=0.077823106745866219 -0.0093227556940475489 0.031816275227712701 0.025737148681789515 -0.017867125913516427 -0.032938471216616798 0.10784490625715049 0.012960884671659609 -0.022414580491596191 -0.031887818903674141 -0.021487229685418816 0.026060039890950626 0.025548988761562592 -0.06837064427123149 -0.004558822267395987 -0.053934799048692084 0.0056628362052667334 -0.040052277528718094 0.016311305335421168 -0.0064400435771234795 -0.0019142667728057395 -0.013762702654765202 -0.051377675408372951 0.00098647323393918972 0.032593753961293673 0.022230839764422333 -0.016932785380079945 -0.025944455850843453 -0.022220076839281303 -0.0097900654238762957 -0.0033054823910742687
leaf_weight=5122 297938 15884 53547 13025 34168 2342 146955 30584 16140 25957 27627 36777 4032 22306 3246 33969 27278 25915 19790 77847 34629 17674 3695546 36343 7935 6260 1578 32186 129816 117584
leaf_count=5122 297938 15884 53547 13025 34168 2342 146955 30584 16140 25957 27627 36777 4032 22306 3246 33969 27278 25915 19790 77847 34629 17674 3695546 36343 7935 6260 1578 32186 129816 117584
internal_value=-3.51091e-08 0.000678154 -0.00281774 6.61482e-05 -0.0161456 0.00847807 0.00158214 -0.000564522 0.000750608 0.00182132 0.00311954 -0.00087312 -0.0034549 0.016828 0.0115144 0.000590384 -0.00569309 -0.0120207 0.00333177 -0.00711818 -0.0117839 -0.0264683 0.00111842 0.0152438 0.0418678 0.0253164 0.0533835 -0.00790287 -0.00253385 0.00356896
internal_weight=5e+06 4.03002e+06 969979 672041 57470 23302 614571 538718 508134 491994 466037 315836 288209 75853 150201 4.02332e+06 311891 183343 128548 156065 130150 52303 3.71143e+06 62393 10277 42603 6700 66155 284177 154361
internal_count=5000000 4030021 969979 672041 57470 23302 614571 538718 508134 491994 466037 315836 288209 75853 150201 4023321 311891 183343 128548 156065 130150 52303 3711430 62393 10277 42603 6700 66155 284177 154361
cat_boundaries=0 1 2 3 4 5
cat_threshold=7296 6 1984 32256 864
is_linear=0
shrinkage=0.1


Tree=165
num_leaves=31
num_cat=1
split_feature=72 91 6 89 85 51 59 48 48 56 50 88 60 74 75 81 3 23 78 87 49 2 90 53 23 74 91 80 89 79
split_gain=913.961 1045.97 1369.57 1130.02 1120.61 1398.81 1232.84 1925.41 1768.7 1737.17 1390.36 1355.82 1376.51 1299.9 1310.96 1964.8 1831.11 1336.22 1620.64 1497.33 1297.66 1341.24 1202.5 1141.85 1214.24 1711.36 1984.44 1543.19 1403.31 1187.01
threshold=26.891649246215824 5.9500000476837167 2.2500000000000004 -2.4500000476837154 5.8500001430511483 3.1499999761581425 3.7500000000000004 5.7500000000000009 2.1499999761581425 4.6499998569488534 2.1499999761581425 5.1499998569488534 4.2500000000000009 352.00000000000006 0 1.0000000180025095e-35 -0.15000000223517415 9.4499998092651385 1.0000000180025095e-35 1.0000000180025095e-35 1.8499999642372134 20.44999980926514 1.0000000180025095e-35 5.1499998569488534 19.250000000000004 16.500000000000004 0.55000001192092907 21.050000190734867 18.550000190734867 5.2500000000000009
decision_type=2 10 8 8 10 8 8 10 8 10 8 10 8 2 1 8 8 8 10 8 8 10 10 10 8 2 10 8 10 10
left_child=-1 4 3 -3 6 -6 7 9 22 11 -9 12 13 23 16 17 -15 18 19 -16 -10 -22 -8 24 25 26 -2 -26 29 -27
right_child=1 2 -4 -5 5 -7 8 10 20 -11 -12 -13 -14 14 15 -17 -18 -19 -20 -21 21 -23 -24 -25 27 28 -28 -29 -30 -31
leaf_value=0.0090308540019119077 0.018047996850666014 -0.018777730178128227 -0.01338914453242341 0.020417687026519193 -0.022245386342076928 -0.0010766776433212498 -0.0078106261013299004 -0.06142099961521439 -0.018783492952770556 -0.0122743647415868 -0.010744786380576632 -0.010471769547238757 -0.011660270053479308 0.064163794416284475 0.0045809558421112751 -0.027856138316110824 0.0015104344582677765 -0.015020658796992712 -0.051291075535736252 -0.042803330599903405 0.0050902502956841457 -0.0094429342001671641 -0.032283145582889736 -0.013450097930735131 -0.0086336899783058269 0.0028104293669430772 0.0045831211407179892 0.0022239463497554773 0.015702522794912962 -0.018851140497866438
leaf_weight=109608 189114 10394 119836 25162 49774 83720 256581 5855 32122 91538 71881 89762 72626 4732 168873 38403 328142 72957 5739 6943 311236 79779 21783 40976 154179 1321357 259847 867085 84205 25791
leaf_count=109608 189114 10394 119836 25162 49774 83720 256581 5855 32122 91538 71881 89762 72626 4732 168873 38403 328142 72957 5739 6943 311236 79779 21783 40976 154179 1321357 259847 867085 84205 25791
internal_value=-1.59337e-08 -0.000202424 -0.00827538 0.00895978 6.25119e-05 -0.00896955 0.000324541 0.00101874 -0.00353488 0.00133561 -0.0145617 0.00166955 0.00196887 0.00224626 -0.0018925 -0.00677158 0.00240102 -0.00359042 0.00100276 0.00270974 0.000537788 0.00212504 -0.00972569 0.00312645 0.00336054 0.00486816 0.0102549 0.000584782 0.00317855 0.00239572
internal_weight=5e+06 4.89039e+06 155392 35556 4.735e+06 133494 4.60151e+06 3.9e+06 701501 3.82227e+06 77736 3.73073e+06 3.64097e+06 3.56834e+06 625789 292915 332874 254512 181555 175816 423137 391015 278364 2.94255e+06 2.90158e+06 1.88031e+06 448961 1.02126e+06 1.43135e+06 1.34715e+06
internal_count=5000000 4890392 155392 35556 4735000 133494 4601506 3900005 701501 3822269 77736 3730731 3640969 3568343 625789 292915 332874 254512 181555 175816 423137 391015 278364 2942554 2901578 1880314 448961 1021264 1431353 1347148
cat_boundaries=0 1
cat_threshold=4032
is_linear=0
shrinkage=0.1


Tree=166
num_leaves=31
num_cat=2
split_feature=76 73 49 0 28 72 70 48 53 73 75 0 23 0 10 74 72 0 72 72 73 72 73 3 14 74 1 73 15 4
split_gain=898.675 1257.39 1316.13 1562.68 1298.95 1261.68 1260.47 1154.75 1719.71 1205.38 1135.57 1831.79 1340.66 1565.83 1295.85 1197.33 1179.01 1870.23 1220.46 1221.53 1293.48 1133.88 3905.77 3379.06 2745.46 1894.03 1841.72 2233.14 1855.64 2109.64
threshold=0 129.97499847412112 2.8500000238418584 12.650000095367433 6.7500000000000009 45.113349914550788 8.8499999046325701 7.8500001430511483 4.5499999523162851 139.44834899902347 1 18.050000190734867 24.050000190734867 25.650000572204593 27.650000572204593 669.00000000000011 42.385799407958991 -6.6499998569488517 43.024999618530281 43.106649398803718 141.5683517456055 36.559150695800788 139.55834960937503 10.650000095367433 16.750000000000004 352.00000000000006 4.2500000000000009 143.1683044433594 7.2500000000000009 1.6500000357627871
decision_type=1 2 10 2 8 2 10 10 8 2 1 2 10 2 8 2 2 2 2 2 2 2 2 10 10 2 8 2 8 10
left_child=1 2 3 -1 5 6 10 -2 -9 -10 11 15 13 14 21 16 17 -3 -18 -20 -21 24 23 25 -12 -23 27 28 -24 -30
right_child=7 4 -4 -5 -6 -7 -8 8 9 -11 12 -13 -14 -15 -16 -17 18 -19 19 20 -22 22 26 -25 -26 -27 -28 -29 29 -31
leaf_value=0.069066702575064462 0.0012374850794772531 0.053259734706669629 -0.0008629506864313611 0.014773661251542428 -0.043033213198212128 0.025037225800409332 0.027585983574047259 -0.042986507080919514 -0.017193854121593074 0.010122637967405248 -0.015418369461277552 -0.032926986912237055 -0.010479857966477961 -0.050895606436526422 0.017963579376207038 -0.024471661768591071 -0.029441445224204572 -0.0025340512733453033 0.039943561015450185 0.028849871094597791 -0.01420882796926258 0.083866899120134911 0.011244676387717279 0.011008844356313828 0.0029238277573218948 0.014247227917455522 -0.0043596441370439233 -0.019596633716095914 0.10271783634851131 0.026206703231758097
leaf_weight=6644 3254277 6086 42773 26232 7865 16713 13726 13867 33916 30845 129110 24429 118902 5792 44003 30069 32749 468173 5278 7771 68239 13144 50022 36963 221782 5561 251002 17031 5177 11859
leaf_count=6644 3254277 6086 42773 26232 7865 16713 13726 13867 33916 30845 129110 24429 118902 5792 44003 30069 32749 468173 5278 7771 68239 13144 50022 36963 221782 5561 251002 17031 5177 11859
internal_value=-1.43398e-08 -0.00189561 0.0107009 0.0257459 -0.00249439 -0.00229305 -0.00258457 0.000948152 -0.0110267 -0.00418329 -0.00285121 -0.00606905 -0.000579028 0.000908404 0.00129031 -0.0050081 -0.00401328 -0.00181807 -0.0131427 -0.00657639 -0.00980666 0.00030107 0.00400631 0.0285352 -0.00382515 0.063169 -6.8617e-05 0.0127399 0.0209526 0.0494574
internal_weight=5e+06 1.6671e+06 75649 32876 1.59145e+06 1.58358e+06 1.56687e+06 3.3329e+06 78628 64761 1.55314e+06 642794 910348 791446 785654 618365 588296 474259 114037 81288 76010 741651 390759 55668 350892 18705 335091 84089 67058 17036
internal_count=5000000 1667095 75649 32876 1591446 1583581 1566868 3332905 78628 64761 1553142 642794 910348 791446 785654 618365 588296 474259 114037 81288 76010 741651 390759 55668 350892 18705 335091 84089 67058 17036
cat_boundaries=0 1 2
cat_threshold=1048830 62
is_linear=0
shrinkage=0.1


Tree=167
num_leaves=31
num_cat=7
split_feature=0 23 13 75 75 72 2 72 24 2 22 4 0 81 28 74 76 72 73 76 16 6 0 80 75 76 75 72 0 23
split_gain=890.982 886.346 1716.95 1604.93 1548.75 2600.61 1535.62 1789.93 2333.86 2434.56 1886.84 1564.28 1468.84 1389.13 2350.64 1576.81 1425.92 1733.45 3865.23 1570.96 1686.21 1390.66 3009.79 1447.55 1344.4 1216.25 1961.34 1702 1490.79 1380.63
threshold=34.850000381469734 2.0499999523162846 8.6500000953674334 0 1 41.475000381469734 0.25000000745058065 36.613349914550788 0.75000000000000011 12.250000000000002 9.4499998092651385 7.0499999523162851 10.650000095367433 1.0000000180025095e-35 1.0000000180025095e-35 536.00000000000011 2 36.559150695800788 138.8433532714844 3 11.84999990463257 6.2500000000000009 0.45000000298023229 6.0499999523162851 4 5 6 37.095001220703132 17.250000000000004 18.849999427795414
decision_type=2 10 10 1 1 2 10 2 2 10 8 10 2 10 8 2 1 2 2 1 10 8 2 10 1 1 1 2 2 8
left_child=1 2 13 -4 5 6 -3 8 -8 -10 -9 -12 -7 16 15 -15 17 19 -19 -1 -21 23 24 -18 -23 26 27 -6 -29 -28
right_child=-2 4 3 -5 25 12 7 10 9 -11 11 -13 -14 14 -16 -17 21 18 -20 20 -22 22 -24 -25 -26 -27 29 28 -30 -31
leaf_value=0.029691814812623292 0.043762214570930401 0.014644907428871007 0.053067386607468028 0.011395267616377833 -0.0045801708618340839 -0.063789327019480355 -0.0066624515856196836 -0.019710223222032711 0.058643985597266461 -0.04109673356371267 -0.041525264859224205 -0.17300463935302846 -0.60778183883428571 -0.019689326835578353 0.010572873799164693 -0.085636635930638069 0.0038760734154018924 0.063234795850846834 -0.00080152590026101264 -0.023649539652806445 0.086251695050113042 0.22630771335618666 0.012616538431405179 0.056029151661065715 0.069801730652331195 0.0010898634566622724 0.0035590593233751217 -0.019073730216319317 -0.10687518310526833 -0.0050003777194050974
leaf_weight=6741 4648 34099 10811 63491 196214 6801 278743 44136 10565 3185 2302 1491 50 42590 30053 3963 319917 9863 212694 60578 1429 597 40854 5412 6408 2744413 424197 92703 1975 339077
leaf_count=6741 4648 34099 10811 63491 196214 6801 278743 44136 10565 3185 2302 1491 50 42590 30053 3963 319917 9863 212694 60578 1429 597 40854 5412 6408 2744413 424197 92703 1975 339077
internal_value=-1.29141e-08 -4.07321e-05 0.00297518 0.0174673 -0.000629059 -0.0067039 -0.00558721 -0.00761379 -0.00467851 0.0355404 -0.0255267 -0.0932088 -0.0677595 0.00152221 -0.0112289 -0.0253033 0.00299222 -0.00225094 0.00203635 -0.0161305 -0.0211134 0.00708483 0.0230007 0.00474366 0.0835626 -1.91357e-05 -0.00290628 -0.00989324 -0.0209053 -0.000243384
internal_weight=5e+06 4.99535e+06 815401 74302 4.17995e+06 381372 374521 340422 292493 13750 47929 3793 6851 741099 76606 46553 664493 291305 222557 68748 62007 373188 47859 325329 7005 3.79858e+06 1.05417e+06 290892 94678 763274
internal_count=5000000 4995352 815401 74302 4179951 381372 374521 340422 292493 13750 47929 3793 6851 741099 76606 46553 664493 291305 222557 68748 62007 373188 47859 325329 7005 3798579 1054166 290892 94678 763274
cat_boundaries=0 1 2 3 4 5 6 7
cat_threshold=260 6 133116 132096 3072 127 56
is_linear=0
shrinkage=0.1


Tree=168
num_leaves=31
num_cat=3
split_feature=71 50 0 5 86 87 83 86 23 0 75 65 72 23 11 29 81 48 50 54 76 50 88 53 52 48 73 73 76 3
split_gain=903.06 1384.25 925.33 3891.32 3174.35 2567.65 2438.89 2404.38 1873.69 2423.61 1979.35 1706.48 1682.24 1672.82 1355.1 3073.22 1961.67 1528.94 4823.19 2654.13 3526.34 2213.03 1835.51 1613.65 1586.81 1558.77 1450.23 1418.73 1422.84 1277.68
threshold=0.25000000745058065 0.25000000745058065 13.34999990463257 17.150000572204593 13.050000190734865 1.0000000180025095e-35 13.949999809265138 14.34999990463257 13.050000190734865 17.94999980926514 0 1.0500000119209292 40.964998245239265 9.0500001907348651 18.44999980926514 1.0000000180025095e-35 1.0000000180025095e-35 2.0499999523162846 1.4499999880790713 2.2500000000000004 1 2.7500000000000004 0.75000000000000011 2.6499999761581425 1.3499999642372134 3.3500000238418584 129.87249755859378 131.75334930419925 2 13.050000190734865
decision_type=10 10 2 8 10 10 10 8 8 2 1 10 2 10 8 8 10 10 10 10 1 10 8 10 10 10 2 2 1 10
left_child=1 -1 3 4 6 -5 11 -4 9 -9 12 -2 -10 -11 17 16 -16 19 25 21 -21 23 -20 26 -24 -19 -13 -26 -29 -6
right_child=2 -3 7 5 29 -7 -8 8 10 13 -12 14 -14 -15 15 -17 -18 18 22 20 -22 -23 24 -25 27 -27 -28 28 -30 -31
leaf_value=0.005273468921914967 -0.0046026219565772119 -0.0084100416172075403 -0.013451842320933539 0.035785653729484092 0.031259674325432356 -0.09793672470460818 0.032462015508653776 0.017147800886882746 -0.009358918978523029 -0.12186968435386408 0.00011548564767970751 0.076788884552846812 -0.096432790172671479 -0.014227387238666615 0.028034645572309336 -0.12993231293771307 -0.12499626415657102 -0.010717762773446184 0.025632172087455048 -0.028786431744751425 -0.001649219515602229 -0.028502582754971445 -0.010450644831219984 -0.024657784752409997 -0.0088364080460197336 -0.043710784481407396 0.0039465488316215722 0.001832365480482685 0.013297099644493021 0.0034202416192322528
leaf_weight=101249 547591 273997 144967 42601 48162 1486 23672 106976 197365 1621 1959037 2748 2244 13201 39095 1327 856 58284 52060 74293 134693 22902 53072 19942 47256 18984 507071 165623 312560 25065
leaf_count=101249 547591 273997 144967 42601 48162 1486 23672 106976 197365 1621 1959037 2748 2244 13201 39095 1327 856 58284 52060 74293 134693 22902 53072 19942 47256 18984 507071 165623 312560 25065
internal_value=6.66481e-08 -0.00471795 0.00038288 0.0018683 0.0012667 0.0312784 0.000546972 -0.000964089 -0.000170247 0.011897 -0.000851124 0.000179935 -0.0103373 -0.0259996 0.00191342 0.0197829 0.0247558 0.00141146 0.00475743 -0.00169812 -0.0112978 0.00193193 0.007647 0.00324764 0.00602852 -0.0188238 0.00433918 0.007693 0.0093265 0.0217305
internal_weight=5e+06 375246 4.62475e+06 2.19934e+06 2.15526e+06 44087 2.08203e+06 2.42541e+06 2.28044e+06 121798 2.15865e+06 2.05836e+06 199609 14822 1.51077e+06 41278 39951 1.46949e+06 707839 761649 208986 552663 630571 529761 578511 77268 509819 525439 478183 73227
internal_count=5000000 375246 4624754 2199343 2155256 44087 2082029 2425411 2280444 121798 2158646 2058357 199609 14822 1510766 41278 39951 1469488 707839 761649 208986 552663 630571 529761 578511 77268 509819 525439 478183 73227
cat_boundaries=0 1 2 3
cat_threshold=4126 1022 4134912
is_linear=0
shrinkage=0.1


Tree=169
num_leaves=31
num_cat=5
split_feature=72 23 5 0 75 12 10 80 75 76 73 0 72 23 74 75 0 23 72 23 23 12 0 5 3 73 72 76 73 72
split_gain=928.872 1200.41 958.094 1448.88 2478.01 2089.08 1864.87 1761.75 1261.77 3452.57 1916.76 1799.66 1654.14 1732.84 1578.86 1453.44 2360.29 2135.17 1536.41 1545.62 1451.54 3159.71 1999.15 2161.82 1766.34 1684.58 2444.66 2421.91 2630.53 2367.17
threshold=30.90164947509766 11.449999809265138 29.650000572204593 21.849999427795414 0 27.650000572204593 17.349999427795414 21.050000190734867 1 2 145.49250030517581 11.84999990463257 36.436649322509773 26.150000572204593 531.00000000000011 3 17.050000190734867 13.050000190734865 42.385799407958991 18.44999980926514 5.6499998569488534 13.449999809265138 14.34999990463257 13.750000000000002 9.4499998092651385 134.46669769287112 34.879999160766609 4 129.87249755859378 35.269151687622077
decision_type=2 8 8 2 1 10 8 8 1 1 2 2 2 10 2 1 2 10 2 10 10 8 2 8 8 2 2 1 2 2
left_child=1 -1 3 5 7 8 -6 -5 9 15 20 -11 13 -13 -14 17 -17 -2 19 -19 21 22 23 -10 -23 27 -27 28 -22 -30
right_child=2 -3 -4 4 6 -7 -8 -9 10 11 -12 12 14 -15 -16 16 -18 18 -20 -21 25 24 -24 -25 -26 26 -28 -29 29 -31
leaf_value=0.05826914222177209 0.03522639107703298 0.0057249774102304321 0.0083857157147572119 -0.028117634360814936 -0.026417083376873665 0.02261093146458415 -0.11264130737778005 -0.002556531408356778 -0.00013250163836713304 0.014691751235383086 0.074774139807625914 0.0081444421279235884 0.0013388878511361602 0.060401895545684349 -0.022558232082789207 -0.0038678950606537083 -0.025026632412900852 0.022453539848123118 -0.016386721704576692 -0.0035061487579194218 0.02952674036348726 0.044032556984656378 -0.11787136180022398 0.046791836566963341 -0.0035262763404768187 0.01180279009950423 -0.0036242222165667106 -0.0029163005718010875 -0.025296743041055298 0.026069967218633801
leaf_weight=4457 18692 177629 124716 27838 14321 41743 3041 858887 1130430 192406 3307 312390 376890 6477 29836 258799 66209 36647 43450 61299 10596 26010 1434 9904 11160 122839 627160 251039 140812 9582
leaf_count=4457 18692 177629 124716 27838 14321 41743 3041 858887 1130430 192406 3307 312390 376890 6477 29836 258799 66209 36647 43450 61299 10596 26010 1434 9904 11160 122839 627160 251039 140812 9582
internal_value=5.69503e-08 0.00701112 -0.000264916 -0.000494796 -0.00409183 0.000363461 -0.0414956 -0.00335896 0.000115641 0.00248748 -0.00130396 0.00609342 0.00381348 0.00920592 -0.000414121 -0.0043364 -0.008178 0.00346275 -0.000736029 0.0062068 -0.00141144 0.00106074 0.000126659 0.000275044 0.0297534 -0.00391959 -0.0010975 -0.00905653 -0.0186299 -0.022024
internal_weight=5e+06 182086 4.81791e+06 4.6932e+06 904087 3.78911e+06 17362 886725 3.74737e+06 1.4031e+06 2.34427e+06 917999 725593 318867 406726 485096 325008 160088 141396 97946 2.34097e+06 1.17894e+06 1.14177e+06 1.14033e+06 37170 1.16203e+06 749999 412029 160990 150394
internal_count=5000000 182086 4817914 4693198 904087 3789111 17362 886725 3747368 1403095 2344273 917999 725593 318867 406726 485096 325008 160088 141396 97946 2340966 1178938 1141768 1140334 37170 1162028 749999 412029 160990 150394
cat_boundaries=0 1 2 3 4 5
cat_threshold=2016 1008 8388671 896 12583423
is_linear=0
shrinkage=0.1


Tree=170
num_leaves=31
num_cat=6
split_feature=72 2 23 78 75 76 29 75 26 75 33 38 0 12 72 0 15 80 12 81 2 39 30 73 30 75 0 76 27 73
split_gain=888.641 1554.99 1363.35 1319.64 2786.79 3097.95 2446.12 2820.7 2390.86 2394.02 3811.41 3197.77 2874.69 2708.55 2269.35 2181.64 3146.7 2271.65 2460.56 2113.99 2095.38 2019.61 1864.79 1852.76 1786.47 1605.15 2664.85 1680.56 1514.74 1556.23
threshold=40.00164985656739 -10.249999999999998 29.44999980926514 1.0000000180025095e-35 0 1 1.0000000180025095e-35 2 1.0000000180025095e-35 3 1.0000000180025095e-35 1.0000000180025095e-35 -3.4500000476837154 4.4500000476837167 43.773349761962898 12.650000095367433 18.150000572204593 -9.3499999046325666 -3.9500000476837154 1.0000000180025095e-35 17.150000572204593 1.0000000180025095e-35 1.0000000180025095e-35 142.07500457763675 1.0000000180025095e-35 4 16.050000190734867 5 1.0000000180025095e-35 142.9716491699219
decision_type=2 8 10 8 1 1 10 1 10 1 10 10 2 10 2 2 10 8 10 10 10 10 10 2 8 1 2 1 10 2
left_child=1 -1 3 6 20 14 8 -8 9 12 11 15 13 -2 23 16 17 18 -11 22 24 -9 28 -6 -5 26 27 -17 29 -19
right_child=2 -3 -4 4 5 -7 7 21 -10 10 -12 -13 -14 -15 -16 25 -18 19 -20 -21 -22 -23 -24 -25 -26 -27 -28 -29 -30 -31
leaf_value=0.081856337781377547 0.011293720364145513 0.00071005165509535747 -0.049681653664106901 -0.035293724139339309 0.018266893797696259 -0.018677847759351673 0.0034817522637628595 -0.051178888455122112 -0.02723249632895678 -0.047547652135021018 -0.030474674965038417 -0.025215460401739651 -0.0080878029581755058 0.14214917830950516 -0.01949737302163777 0.035371376053238 0.069315095947835192 0.025418395153916432 0.042288986222812318 -0.038209427158925169 -0.16514449336786177 0.0028040437970403976 -0.04674892854626661 0.07512154218251571 0.0038236603048542152 0.0033043288954931502 -0.2177997427602254 -0.10370888119698674 -0.051750158130020957 0.0080489278308629713
leaf_weight=2363 65416 3769198 6052 43462 15131 34638 29727 28036 30750 11528 28239 28786 361659 1621 8779 2176 10360 146963 4145 7112 1083 9206 4482 9227 15963 239108 840 1433 3039 79478
leaf_count=2363 65416 3769198 6052 43462 15131 34638 29727 28036 30750 11528 28239 28786 361659 1621 8779 2176 10360 146963 4145 7112 1083 9206 4482 9227 15963 239108 840 1433 3039 79478
internal_value=5.06663e-08 0.000760892 -0.00233589 -0.00210148 -0.011697 0.00223096 -0.000976416 -0.0194941 0.000230934 0.0010785 0.00533806 0.00721288 -0.00456213 0.0144579 0.0240859 0.00904085 0.0152823 0.013102 -0.0237888 0.0155004 -0.0272935 -0.0378245 0.017133 0.0398039 -0.0247858 0.00219596 -0.0572509 -0.0200416 0.0183807 0.0193219
internal_weight=5e+06 3.77156e+06 1.22844e+06 1.22239e+06 128283 67775 1.0941e+06 66969 1.02714e+06 996385 567689 539450 428696 67037 33137 510664 267107 256747 15673 241074 60508 37242 233962 24358 59425 243557 4449 3609 229480 226441
internal_count=5000000 3771561 1228439 1222387 128283 67775 1094104 66969 1027135 996385 567689 539450 428696 67037 33137 510664 267107 256747 15673 241074 60508 37242 233962 24358 59425 243557 4449 3609 229480 226441
cat_boundaries=0 1 2 3 4 5 6
cat_threshold=7174 262080 504 122 6148 4323329
is_linear=0
shrinkage=0.1


Tree=171
num_leaves=31
num_cat=6
split_feature=74 24 72 73 73 72 72 75 76 9 28 73 75 56 0 88 3 48 73 75 85 74 23 75 10 73 73 72 76 23
split_gain=859.865 1246.9 2621.52 3541.73 3408.61 2962.03 2747.79 1905.57 1611.53 1337.41 1620.94 1272.55 1126.42 1078.01 1259.85 1062.83 1040.73 1026.23 1003.01 986.522 947.714 1226.49 1044.1 1274.64 1635.83 1102.41 1694.15 1928.77 1115.11 1075.37
threshold=118.00000000000001 0.75000000000000011 36.589200973510749 136.54419708251956 140.66664886474612 35.300849914550788 43.579198837280281 0 1 16.150000572204593 1.2500000000000002 142.22499847412112 2 1.8499999642372134 26.650000572204593 7.2500000000000009 10.250000000000002 3.7500000000000004 142.16085052490237 3 1.9499999880790713 639.50000000000011 4.4500000476837167 4 7.6499998569488534 144.96915435791018 143.1683044433594 43.364999771118171 5 21.250000000000004
decision_type=2 2 2 2 2 2 2 1 1 8 10 2 1 8 2 10 10 8 2 1 8 2 8 1 8 2 2 2 1 8
left_child=1 11 3 5 8 16 9 -5 12 10 -6 15 -4 17 -15 18 -3 -13 -1 -7 -2 22 25 24 -24 26 -22 -28 -29 -25
right_child=20 2 4 7 6 19 -8 -9 -10 -11 -12 13 -14 14 -16 -17 -18 -19 -20 -21 21 -23 23 29 -26 -27 27 28 -30 -31
leaf_value=0.001447616111101128 0.0010042253689570245 0.05601092257799456 -0.081582827332082053 0.1084867854016969 0.03352806290049485 -0.009646944800557021 -0.023912518099227564 0.039336426035083374 -0.0080122224515214637 0.0071631415890614407 0.10488195881993345 0.0038525073209658652 -0.027207547141198642 -0.010763929721692055 -0.11202100592321861 -0.01269305453241118 0.013838630446398043 -0.023150139773040382 0.032265095586934238 -0.069152947695254305 0.005108523100839756 -0.012918129008058547 -0.0027927069124620524 0.0018246062944873018 -0.020924926396744346 0.066864080908403567 0.01681887644878708 -0.06645638621487264 -0.016298056218053112 -0.0068846806541643067
leaf_weight=2496143 815336 6628 6450 5155 10937 5974 11025 17679 23192 9871 4491 120201 9375 148701 1239 53295 49965 15941 10606 5231 237254 122171 109310 340175 91322 2682 8785 8549 9239 243078
leaf_count=2496143 815336 6628 6450 5155 10937 5974 11025 17679 23192 9871 4491 120201 9375 148701 1239 53295 49965 15941 10606 5231 237254 122171 109310 340175 91322 2682 8785 8549 9239 243078
internal_value=2.9559e-08 0.00106538 0.00949077 0.0209494 -0.00429347 0.00947712 0.0177512 0.0550125 -0.0248166 0.0359077 0.0542988 0.000574051 -0.0494075 -0.00575137 -0.0116006 0.00128091 0.0187777 0.000690741 0.001578 -0.0374974 -0.00161421 -0.00343492 -0.00233193 -0.00417026 -0.0110454 0.00307517 0.00242671 -0.0215176 -0.0404509 -0.00180507
internal_weight=5e+06 3.0121e+06 165973 90632 75341 67798 36324 22834 39017 25299 15428 2.84613e+06 15825 286082 149940 2.56004e+06 56593 136142 2.50675e+06 11205 1.9879e+06 1.17256e+06 1.05039e+06 783885 200632 266509 263827 26573 17788 583253
internal_count=5000000 3012099 165973 90632 75341 67798 36324 22834 39017 25299 15428 2846126 15825 286082 149940 2560044 56593 136142 2506749 11205 1987901 1172565 1050394 783885 200632 266509 263827 26573 17788 583253
cat_boundaries=0 1 2 3 4 5 6
cat_threshold=3074 8380416 3124 6594 6158 6815999
is_linear=0
shrinkage=0.1


Tree=172
num_leaves=31
num_cat=6
split_feature=76 79 48 74 72 74 81 75 23 88 24 75 7 31 75 72 4 72 1 8 76 72 72 0 75 82 85 74 73 21
split_gain=871.154 846.87 1118.3 988.402 1699.24 1526.99 1811.34 1870.51 1219.83 1213.48 1185.75 1989.27 1767.98 2415.84 1737.01 1494.51 1305.96 1286.24 1783.21 1120.75 1117.43 1087.98 1087.38 1232.5 1084.63 1052.03 1382.68 1226.63 1086.25 1263.99
threshold=0 0.35000000894069677 1.7500000000000002 249.50000000000003 32.232500076293952 273.50000000000006 1.0000000180025095e-35 1 8.6500000953674334 1.1500000357627871 0.75000000000000011 2 15.550000190734865 1.0000000180025095e-35 3 35.059200286865241 9.8499999046325701 36.37919998168946 19.150000572204593 15.150000095367433 4 35.44585037231446 32.438299179077156 19.94999980926514 5 2.6499999761581425 4.3500001430511483 248.50000000000003 142.61585235595706 -5.9500000476837149
decision_type=1 8 10 2 2 2 8 1 10 8 2 1 8 10 1 2 10 2 8 8 1 2 2 2 1 8 10 2 2 8
left_child=-1 2 -2 10 8 9 -7 -8 -5 -6 25 16 13 -13 17 -16 21 18 -14 24 -11 -12 -18 -24 -9 26 27 -3 29 -27
right_child=1 3 -4 4 5 6 7 19 -10 20 11 12 14 -15 15 -17 22 -19 -20 -21 -22 -23 23 -25 -26 28 -28 -29 -30 -31
leaf_value=0.0063441874246682479 0.0021521254531458585 0.002434311714882063 0.019327762515528091 0.066020424465742605 -0.00059103941121788984 -0.0011094086583534619 0.0001785343634770092 0.024193236448330782 0.011130770878765394 -0.0070341988950109171 0.04958061967479814 0.0094919750973476956 0.062404150309722684 0.049420553177187354 -0.0089265745406350988 -0.084974412396163546 0.018455218032581228 -0.0066737068141488748 0.011283681851817372 -0.050643998754127832 -0.036530058421452336 -0.0052123116903470363 -0.031333966692687523 -0.12491384524443644 -0.024401884118481675 0.023360854756936972 -0.012548106826365427 0.068064528632492266 -0.009815821208124036 -0.0013273865116429837
leaf_weight=207452 195391 1304809 47033 5124 29771 761913 45834 5175 19293 20384 4496 36669 8118 25825 9542 3544 3952 29981 42795 14695 34794 18682 15805 1545 40449 20976 63364 2854 152968 1826767
leaf_count=207452 195391 1304809 47033 5124 29771 761913 45834 5175 19293 20384 4496 36669 8118 25825 9542 3544 3952 29981 42795 14695 34794 18682 15805 1545 40449 20976 63364 2854 152968 1826767
internal_value=4.87872e-10 -0.000274629 0.00548439 -0.000581462 -0.00339926 -0.00406665 -0.00281446 -0.0150525 0.0226496 -0.0168624 0.000189443 0.00765183 0.0129561 0.025992 0.0042889 -0.0294996 -0.0110081 0.00975721 0.0194348 -0.0266215 -0.0256415 0.00541626 -0.0288842 -0.0396672 -0.0188899 -0.000255312 0.0018785 0.00257755 -0.00171755 -0.00104712
internal_weight=5e+06 4.79255e+06 242424 4.55012e+06 977432 953015 868066 106153 24417 84949 3.57269e+06 200954 156474 62494 93980 13086 44480 80894 50913 60319 55178 23178 21302 17350 45624 3.37174e+06 1.37103e+06 1.30766e+06 2.00071e+06 1.84774e+06
internal_count=5000000 4792548 242424 4550124 977432 953015 868066 106153 24417 84949 3572692 200954 156474 62494 93980 13086 44480 80894 50913 60319 55178 23178 21302 17350 45624 3371738 1371027 1307663 2000711 1847743
cat_boundaries=0 1 2 3 4 5 6
cat_threshold=16384 1474 4132 1984 505856 544
is_linear=0
shrinkage=0.1


Tree=173
num_leaves=31
num_cat=6
split_feature=76 72 9 0 72 9 74 44 48 21 90 75 75 73 72 73 0 76 73 83 74 23 72 75 0 75 83 72 48 5
split_gain=814.937 1457.46 1408.99 1704.99 1441.13 1466.24 1351.42 1302.44 1282.75 1240.7 1181.3 1124.96 1058.01 1014.84 3629.62 1900.22 1701.19 1547.82 1395.32 1547.12 1796.46 1302.36 1480.76 1326.11 1557.85 3446.94 2232.67 1480.11 1568.23 1427.15
threshold=0 44.835000991821296 -5.3500001430511466 -1.0500000119209287 39.460000991821296 1.4499999880790713 1175.0000000000002 1.0000000180025095e-35 0.65000000596046459 3.6499999761581425 5.7500000000000009 1 2 140.11250305175784 38.316650390625007 139.94915008544925 17.94999980926514 3 140.37915039062503 -6.9500000476837149 92.500000000000014 20.44999980926514 37.846700668334968 4 6.4500000476837167 5 6.8500001430511483 43.652500152587898 0.15000000223517421 10.250000000000002
decision_type=1 2 8 2 2 8 2 8 8 8 10 1 1 2 2 2 2 1 2 10 2 8 2 1 2 1 10 2 10 8
left_child=1 2 -1 4 -4 -6 7 8 9 -5 13 -9 -12 14 -2 16 17 -16 19 20 -15 22 -20 -24 26 -26 27 29 -29 -25
right_child=10 -3 3 6 5 -7 -8 11 -10 -11 12 -13 -14 18 15 -17 -18 -19 21 -21 -22 -23 23 24 25 -27 -28 28 -30 -31
leaf_value=0.01620894140603488 -0.00029138383333648709 -0.021919277238734811 0.0086343542999223165 -0.022339571289719275 -0.029928693915536243 -0.17755078024897475 -0.037325336100894689 -0.0013363083670061861 0.00049413172068514706 0.015837558342451711 -0.0037856305324417971 0.017493671507195514 -0.046891889465473027 -0.0081799817390209202 -3.8643658270360478e-05 0.0025024109393237243 0.0046902827238569679 0.053608373218357125 0.013986100549382988 -0.017824175945086569 0.043691812330419189 -0.011973509153014988 0.0082859049713439725 -0.005143314232721817 -0.10716084453507475 -0.007617770905692163 0.045168777564229851 -0.029978674158623028 0.012233435924636675 0.038641964374227754
leaf_weight=68557 2029742 25494 11701 9395 23111 693 8661 47159 1282515 90632 12458 96977 10490 22761 6538 35199 15484 30521 64892 112372 9448 112518 115968 317189 3510 297313 10916 9562 110601 7623
leaf_count=68557 2029742 25494 11701 9395 23111 693 8661 47159 1282515 90632 12458 96977 10490 22761 6538 35199 15484 30521 64892 112372 9448 112518 115968 317189 3510 297313 10916 9562 110601 7623
internal_value=-7.00362e-09 0.0018069 0.00217588 0.00156343 -0.0201012 -0.0342264 0.00206443 0.00228789 0.0013448 0.0122518 -0.000902026 0.0113339 -0.0235125 -0.000745374 0.00056942 0.0204824 0.0325274 0.0441583 -0.00307576 -0.012286 0.00703579 -0.00180766 -0.00058766 -0.00167135 -0.00319739 -0.00878305 0.000488278 -0.000607811 0.0088744 -0.00411572
internal_weight=5e+06 1.6649e+06 1.6394e+06 1.57084e+06 35505 23804 1.53534e+06 1.52668e+06 1.38254e+06 100027 3.3351e+06 144136 22948 3.31216e+06 2.11748e+06 87742 52543 37059 1.19467e+06 144581 32209 1.05009e+06 937574 872682 756714 300823 455891 444975 120163 324812
internal_count=5000000 1664895 1639401 1570844 35505 23804 1535339 1526678 1382542 100027 3335105 144136 22948 3312157 2117484 87742 52543 37059 1194673 144581 32209 1050092 937574 872682 756714 300823 455891 444975 120163 324812
cat_boundaries=0 1 2 3 4 5 6
cat_threshold=130560 6274 2498 917504 320 4102
is_linear=0
shrinkage=0.1


Tree=174
num_leaves=31
num_cat=4
split_feature=75 8 72 16 23 72 76 3 23 89 0 89 6 21 15 75 74 7 0 48 71 52 73 83 88 76 24 82 64 29
split_gain=817.417 1797.71 1637.23 2111.81 2008.44 1769.62 1242.67 1189.81 1189.12 1662.09 1814.34 2353.72 1914.66 1621.5 1499.44 1389.71 1382.45 1334.58 1303.26 1287.92 1426.61 1306.43 1217 1163.93 1163.05 1181.45 1205.85 1380.91 1467.19 1353.34
threshold=0 15.449999809265138 40.792499542236335 10.650000095367433 15.750000000000002 42.635850906372077 1 0.65000000596046459 0.84999999403953563 -0.35000000894069666 3.0499999523162846 3.4500000476837163 7.2500000000000009 -8.6500000953674299 10.84999990463257 2 24.500000000000004 2.8500000238418584 -3.4500000476837154 0.25000000745058065 0.25000000745058065 0.45000000298023229 145.15920257568362 -5.0499999523162833 0.55000001192092907 3 1.0000000180025095e-35 0.35000000894069677 0.75000000000000011 1.0000000180025095e-35
decision_type=1 10 2 8 8 2 1 8 10 8 2 10 10 8 8 1 2 10 2 10 10 10 2 8 8 1 2 8 10 8
left_child=1 2 3 4 -1 6 -4 -7 9 17 11 12 14 -12 16 -15 -11 22 -19 21 -21 -10 -2 -24 -22 26 27 -26 -29 -28
right_child=8 -3 5 -5 -6 7 -8 -9 19 10 13 -13 -14 15 -16 -17 -18 18 -20 20 24 -23 23 -25 25 -27 29 28 -30 -31
leaf_value=0.074665467865916837 -0.0055020681533765421 0.00053219249759035153 -0.05613956913905617 0.013405844297994726 -0.0087003841526508818 0.12245771772971779 -0.0038170416028962951 0.0063334359192423516 0.015132415886100523 0.020436010665764861 -0.19372462947850891 0.043060821211495043 0.054922277506585786 0.014667967851241788 0.050660369640071957 -0.015039936900748098 0.0022514526208258674 0.11860592878575692 0.015764278903689751 -0.012179691993725922 0.00508846102261721 -0.0012055903872534228 0.12390427018316932 0.014277567075023812 0.011133397227312988 -0.0010218170569791501 -0.0058809111079011454 -0.029949349440988867 -0.0075955333225013154 0.023401777312469074
leaf_weight=11342 257677 1069421 8109 98708 3878 893 10312 73875 89864 51682 461 21023 8580 23092 7636 49452 218788 1326 17426 134308 235897 107479 1356 3389 36619 1885924 36244 31292 475990 27957
leaf_count=11342 257677 1069421 8109 98708 3878 893 10312 73875 89864 51682 461 21023 8580 23092 7636 49452 218788 1326 17426 134308 235897 107479 1356 3389 36619 1885924 36244 31292 475990 27957
internal_value=-2.37906e-08 0.00218367 0.010711 0.018752 0.0534242 0.000880368 -0.0268822 0.00772038 -0.000748677 0.00309475 0.00740124 0.0107638 0.00839539 -0.0067715 0.00695996 -0.00558345 0.0057262 -0.0027363 0.0230365 -0.0015796 -0.00211796 0.00623424 -0.00457795 0.0456061 -0.00162294 -0.00225774 -0.00609063 -0.00762065 -0.00897444 0.00687054
internal_weight=5e+06 1.27654e+06 207117 113928 15220 93189 18421 74768 3.72346e+06 661888 380714 307709 286686 73005 278106 72544 270470 281174 18752 3.06157e+06 2.86423e+06 197343 262422 4745 2.72992e+06 2.49403e+06 608102 543901 507282 64201
internal_count=5000000 1276538 207117 113928 15220 93189 18421 74768 3723462 661888 380714 307709 286686 73005 278106 72544 270470 281174 18752 3061574 2864231 197343 262422 4745 2729923 2494026 608102 543901 507282 64201
cat_boundaries=0 1 2 3 4
cat_threshold=416 261632 1556 506
is_linear=0
shrinkage=0.1


Tree=175
num_leaves=31
num_cat=6
split_feature=72 71 86 23 25 75 23 0 75 23 76 41 5 56 75 27 67 72 0 72 48 72 23 73 75 7 72 72 76 84
split_gain=812.17 1126.31 891.343 1411.89 1531.61 1475.99 2158.57 1771.72 3461.38 2547.6 2255.57 2137.01 1997.23 1721.6 1544.48 1865.54 1391.74 1238.8 1153.6 1120.02 1160.95 1201 1527.66 1450.24 1258.26 1661.83 1426.99 1364.25 1265.87 1192.06
threshold=30.90164947509766 1.9499999880790713 29.750000000000004 26.050000190734867 1.0000000180025095e-35 0 14.150000095367433 18.44999980926514 1 9.0500001907348651 2 1.0000000180025095e-35 22.050000190734867 3.1499999761581425 3 1.0000000180025095e-35 0.75000000000000011 37.095001220703132 23.44999980926514 41.828350067138679 1.0000000180025095e-35 43.024999618530281 13.449999809265138 141.00250244140628 4 9.0500001907348651 43.106649398803718 43.579198837280281 5 1.0000000180025095e-35
decision_type=2 10 10 10 10 1 10 2 1 8 1 10 10 8 1 8 8 2 2 2 8 2 8 2 1 10 2 2 1 10
left_child=1 -1 3 5 -5 6 -2 12 -9 -10 11 13 16 -11 15 18 -7 -16 -12 -18 -21 -22 23 -23 27 26 -26 -25 -27 -29
right_child=2 -3 -4 4 -6 7 -8 8 9 10 14 -13 -14 -15 17 -17 19 -19 -20 20 21 22 -24 24 25 28 -28 29 -30 -31
leaf_value=0.025485009772144081 0.024096378706827352 0.0032880804944998344 0.010472638497406764 -0.0088562804038801232 0.014902320371480713 -0.0043272454356778718 0.0025319408074020722 -0.12073820026210021 -0.14878633803181063 -0.00013866147596781046 -0.021662533865520681 0.02528809541376318 0.023999499351795101 -0.021546741709389 -0.0053850408473936993 -0.094965599808465403 0.0021850554918240528 -0.03170272100786236 -0.14030321033470544 -0.039440303965577544 -0.0088469039466319739 0.040546189484170138 -0.016975343654176904 -0.0039057370280792488 0.032336516349638848 -0.10025092212651797 -0.0026347470073027719 0.022074918555398219 -0.021898218218006513 -0.020322705497245727
leaf_weight=26806 49228 155280 76328 301385 29818 639334 813323 2615 1240 278998 33702 29070 34524 43409 113030 4222 1767964 21248 840 8560 189187 10063 42445 44487 12481 2518 179128 70141 11302 7324
leaf_count=26806 49228 155280 76328 301385 29818 639334 813323 2615 1240 278998 33702 29070 34524 43409 113030 4222 1767964 21248 840 8560 189187 10063 42445 44487 12481 2518 179128 70141 11302 7324
internal_value=-3.36835e-08 0.00655583 -0.000247803 -0.000420376 -0.00671731 5.24998e-05 0.00376264 -0.000849519 -0.00619159 -0.00561946 -0.00528111 -0.000679638 8.52867e-05 -0.00302105 -0.0146266 -0.032209 -0.000191307 -0.00954881 -0.0245477 0.000936015 -0.00288691 -0.00233708 0.000904856 0.0031539 0.00200454 -0.00277217 -0.000356794 0.0100503 -0.0362624 0.0180664
internal_weight=5e+06 182086 4.81791e+06 4.74159e+06 331203 4.41038e+06 862551 3.54783e+06 528374 525759 524519 351477 3.01946e+06 322407 173042 38764 2.98493e+06 134278 34542 2.3456e+06 577636 569076 379889 337444 327381 205429 191609 121952 13820 77465
internal_count=5000000 182086 4817914 4741586 331203 4410383 862551 3547832 528374 525759 524519 351477 3019458 322407 173042 38764 2984934 134278 34542 2345600 577636 569076 379889 337444 327381 205429 191609 121952 13820 77465
cat_boundaries=0 1 2 3 4 5 6
cat_threshold=896 4102 1048064 56 5216 36344
is_linear=0
shrinkage=0.1


Tree=176
num_leaves=31
num_cat=6
split_feature=23 75 23 24 75 0 76 73 75 90 23 74 73 15 0 79 67 76 72 0 73 1 51 75 23 8 22 23 4 82
split_gain=786.05 1004.76 940.421 1290.05 1267.1 1969.64 1342.47 1205.25 1318.3 1714.53 1327.14 1293.01 1193.33 1161.56 1130.67 1110.76 1112 1114.71 1227.75 2882.33 4127.65 1719.68 1626.09 1429.93 1506.95 1225.65 1238.48 1205.72 1333.83 1196.64
threshold=33.549999237060554 0 26.150000572204593 0.75000000000000011 1 9.4499998092651385 2 131.59835052490237 3 1.2500000000000002 14.150000095367433 253.50000000000003 142.61585235595706 15.250000000000002 17.44999980926514 0.65000000596046459 9.3499999046325701 4 36.658300399780281 7.8500001430511483 138.67330169677737 3.6499999761581425 1.5500000119209292 5 -0.15000000223517415 7.6499998569488534 5.6499998569488534 4.6499998569488534 4.8500001430511483 0.45000000298023229
decision_type=10 1 10 2 1 2 1 2 1 10 10 2 2 8 2 8 10 1 2 2 2 8 10 1 10 8 8 8 8 8
left_child=2 -2 4 -4 5 -1 -7 -8 9 11 -10 12 14 -13 -9 -6 17 18 19 20 23 -22 -20 -17 -25 -24 -27 -21 -29 -19
right_child=1 -3 3 -5 15 6 7 8 10 -11 -12 13 -14 -15 -16 16 -18 29 22 27 21 -23 25 24 -26 26 -28 28 -30 -31
leaf_value=0.02079321546676733 0.235412153696472 0.019951518252841759 -0.0058113491435763526 0.018712541240107669 0.0050063685276373155 0.0070373396779339938 0.010286853318292268 0.0071082765633725649 0.018988181292998903 -0.054714458971040963 -0.00035933306164540773 -0.0056586398599543283 -0.039592529158176806 -0.041431207073946111 -0.012153115254557119 0.057623077206234344 0.015244229450571309 0.0053795442154496408 -0.014286501871486418 0.061858149204791324 0.21703224996864018 0.078125025194229591 0.0073275042292073409 0.066297244032450131 0.003999561044058692 -0.12391523609911358 -0.0078175442902393005 -0.025513433835315569 0.0031235836549044389 -0.0032199888958872104
leaf_weight=59360 210 14292 409406 22636 309059 385966 99211 81805 37989 7797 531322 18114 8114 18194 48571 7351 40098 175332 84642 3335 1055 5742 141676 4299 40115 933 60558 17320 266920 2098578
leaf_count=59360 210 14292 409406 22636 309059 385966 99211 81805 37989 7797 531322 18114 8114 18194 48571 7351 40098 175332 84642 3335 1055 5742 141676 4299 40115 933 60558 17320 266920 2098578
internal_value=-7.88918e-08 0.0232476 -6.77027e-05 -0.00452647 0.000355355 0.00299938 0.00214559 -7.28086e-05 -0.00143973 -0.00883305 0.000931672 -0.00678698 -0.00238321 -0.0235843 -6.74694e-05 -0.000697099 -0.00129504 -0.00152311 0.00218501 0.00619793 0.0264195 0.0996856 -0.00264111 0.0167993 0.0100273 0.00221052 -0.00957909 0.00207998 0.0013786 -0.0025569
internal_weight=5e+06 14502 4.9855e+06 432042 4.55346e+06 1.29644e+06 1.23708e+06 851117 751906 182595 569311 174798 138490 36308 130376 3.25701e+06 2.94795e+06 2.90786e+06 633946 346137 58562 6797 287809 51765 44414 203167 61491 287575 284240 2.27391e+06
internal_count=5000000 14502 4985498 432042 4553456 1296443 1237083 851117 751906 182595 569311 174798 138490 36308 130376 3257013 2947954 2907856 633946 346137 58562 6797 287809 51765 44414 203167 61491 287575 284240 2273910
cat_boundaries=0 1 2 3 4 5 6
cat_threshold=64 928 195968 32 126976 3096
is_linear=0
shrinkage=0.1


Tree=177
num_leaves=31
num_cat=6
split_feature=79 57 72 23 7 0 23 75 75 10 76 54 27 0 10 15 69 89 75 75 72 23 72 73 76 73 49 48 48 51
split_gain=780.386 1255.42 946.404 1140.49 914.247 1145.86 1064.77 1865 1800.74 2391.13 1785.47 1854.04 1630.89 1392.37 1548.8 1275.09 1232.91 1232.12 1202.42 1040.94 1092.65 1039.36 1032.19 1707.26 2270.95 1443.86 1332.39 2550.1 2445.86 1581.11
threshold=7.2500000000000009 3.8500000238418584 30.90164947509766 21.750000000000004 29.44999980926514 24.849999427795414 20.150000572204593 0 1 19.349999427795414 2 2.0499999523162846 7.7500000000000009 14.250000000000002 13.250000000000002 27.44999980926514 0.94999998807907116 12.650000095367433 3 4 42.385799407958991 -2.1499999761581416 38.379999160766609 139.94915008544925 5 140.40999603271487 2.1499999761581425 1.9499999880790713 3.3500000238418584 1.7500000000000002
decision_type=10 8 2 10 10 2 10 1 1 10 1 10 10 2 10 10 10 8 1 1 2 10 2 2 1 2 10 10 10 10
left_child=2 -2 3 -1 6 -6 7 -4 9 -8 19 13 15 -12 18 16 17 21 -15 20 -10 -9 25 24 -24 -18 28 -28 -25 -29
right_child=1 -3 4 -5 5 -7 8 12 10 -11 11 -13 -14 14 -16 -17 22 -19 -20 -21 -22 -23 23 26 -26 -27 27 29 -30 -31
leaf_value=0.018052259059567071 -0.022702932245883014 0.00096320926004037305 0.017865270429401673 0.00092932556748999027 0.025718025835911582 0.0031694015961844812 -0.022736980370982891 0.0036868938126935489 -0.0061029277933679384 -0.14635204801465643 0.058602788046793697 -0.0071474439488231588 -0.051542999650324439 -0.057916534220315112 0.0038470196907698173 0.025446906514129099 0.002396339269788579 0.0002622080555341587 -0.0091561784076863145 -0.03160197155036764 -0.033144983017524457 -0.0090137164572908109 -0.010031811373685622 -0.0043186176730377022 0.03776917639220681 0.015908677635512059 -0.017267903544210834 -0.011417276569754985 -0.044024124338457066 0.0076973220881368836
leaf_weight=64105 39126 52480 61206 98928 28937 101894 12202 78632 249378 1795 4442 269704 6068 5808 556115 20118 1292518 602042 38790 19598 15894 356859 16502 452521 24976 84233 59036 50042 16065 319986
leaf_count=64105 39126 52480 61206 98928 28937 101894 12202 78632 249378 1795 4442 269704 6068 5808 556115 20118 1292518 602042 38790 19598 15894 356859 16502 452521 24976 84233 59036 50042 16065 319986
internal_value=-7.00095e-09 -0.00914488 0.000170665 0.00766211 -8.67133e-05 0.00815667 -0.000320429 0.000566761 -0.00292125 -0.038562 -0.00249074 -0.00025171 0.000253424 0.00282156 0.00240908 0.000346592 0.000196008 -0.00266869 -0.0155213 -0.00936673 -0.00772288 -0.0067205 0.00147942 -0.00107674 0.0187583 0.00322306 -0.00199326 0.00203295 -0.00567988 0.00511229
internal_weight=5e+06 91606 4.90839e+06 163033 4.74536e+06 130831 4.61453e+06 3.4408e+06 1.17373e+06 13997 1.15973e+06 874859 3.3796e+06 605155 600713 3.37353e+06 3.35341e+06 1.03753e+06 44598 284870 265272 435491 2.31588e+06 939128 41478 1.37675e+06 897650 429064 468586 370028
internal_count=5000000 91606 4908394 163033 4745361 130831 4614530 3440804 1173726 13997 1159729 874859 3379598 605155 600713 3373530 3353412 1037533 44598 284870 265272 435491 2315879 939128 41478 1376751 897650 429064 468586 370028
cat_boundaries=0 1 2 3 4 5 6
cat_threshold=256 6158 14680187 64 960 1047552
is_linear=0
shrinkage=0.1


Tree=178
num_leaves=31
num_cat=2
split_feature=91 21 0 8 0 86 75 6 75 72 19 74 23 74 5 72 0 72 1 90 89 1 9 89 0 16 72 53 89 70
split_gain=791.945 861.04 1896.93 2008.68 2295.55 1873.41 1340.34 1237.4 1225.14 1229.3 2108.64 1429.24 1252.6 1187.73 1146.63 1086.5 1089.22 1217.59 1022.02 994.161 989.146 1204.41 969.682 1986.32 1088.6 980.336 948.31 1217.71 947.559 1712.5
threshold=0.15000000223517421 -3.1499999761581416 3.4500000476837163 1.6500000357627871 -3.4500000476837154 -1.6500000357627866 0 6.2500000000000009 1 39.460000991821296 6.8500001430511483 311.50000000000006 14.150000095367433 1042.5000000000002 10.449999809265138 31.308349609375004 14.250000000000002 36.527500152587898 -7.5499999523162833 5.2500000000000009 -0.84999999403953541 -5.3500001430511466 0.65000000596046459 -0.15000000223517415 -3.0499999523162837 4.4500000476837167 36.961700439453132 3.0499999523162846 14.949999809265138 0.65000000596046459
decision_type=8 8 2 8 2 10 1 8 1 2 8 2 10 2 10 2 2 2 8 8 10 10 10 8 2 8 2 8 8 8
left_child=-1 2 3 5 -5 20 -7 -6 9 12 11 14 13 18 -11 -14 -17 -18 -3 22 -2 -22 23 25 26 -10 -24 -28 29 -26
right_child=1 8 -4 4 7 6 -8 -9 19 10 -12 -13 15 -15 -16 16 17 -19 -20 -21 21 -23 24 -25 28 -27 27 -29 -30 -31
leaf_value=0.0071189505032608477 -0.0015369569619227788 0.07973850641384081 -0.052650321378840265 0.10761517820235306 0.011738453485850245 0.0084265380093843933 0.053395387179756282 0.080667946564824275 -0.014030543751825372 -0.0095748947821299932 -0.12031639224775226 -0.065219530698424705 -0.0089771170854061732 -0.065399334119447025 -0.26727998078170884 -0.024290398352003251 -0.078519090311862508 -0.36204779496581496 -0.0013829265579278574 -0.011399993427166778 0.16858100322343511 0.022078901900698555 -0.027202390607323657 0.012705660289328225 -0.011331081632185179 0.033681852156724625 0.080965585041410354 -0.037996419669473598 0.00087780248527289664 -0.00076764879137227349
leaf_weight=151529 177209 1558 5474 3586 18806 14926 11932 3023 48084 86556 1871 4972 23291 2892 173 7269 3661 158 489406 73594 597 9348 1684 154585 187725 4730 4534 1062 2664737 841028
leaf_count=151529 177209 1558 5474 3586 18806 14926 11932 3023 48084 86556 1871 4972 23291 2892 173 7269 3661 158 489406 73594 597 9348 1684 154585 187725 4730 4534 1062 2664737 841028
internal_value=-1.69166e-08 -0.000222506 0.00555528 0.00688603 0.0334653 0.00372961 0.0284275 0.0212842 -0.000529872 -0.00465799 -0.0152224 -0.0130781 -0.00278669 -0.00150188 -0.0100889 -0.0212431 -0.0470084 -0.0902493 -0.0011255 0.000114801 0.000185269 0.0308734 0.000331634 0.00698545 -4.12594e-05 -0.00975744 0.0385902 0.0583892 -0.000117404 -0.00269525
internal_weight=5e+06 4.84847e+06 244901 239427 25415 214012 26858 21829 4.60357e+06 621807 93572 91701 528235 493856 86729 34379 11088 3819 490964 3.98176e+06 187154 9945 3.90817e+06 207399 3.70077e+06 52814 7280 5596 3.69349e+06 1.02875e+06
internal_count=5000000 4848471 244901 239427 25415 214012 26858 21829 4603570 621807 93572 91701 528235 493856 86729 34379 11088 3819 490964 3981763 187154 9945 3908169 207399 3700770 52814 7280 5596 3693490 1028753
cat_boundaries=0 1 2
cat_threshold=4114 6
is_linear=0
shrinkage=0.1


Tree=179
num_leaves=31
num_cat=5
split_feature=74 72 24 72 73 73 72 72 8 75 76 27 75 75 6 73 23 73 73 91 74 48 73 73 72 23 74 82 76 48
split_gain=743.981 1130.1 1012.47 1857.46 4028.33 2799.65 3261.61 2502.26 2240.65 1573.66 1526.86 1491.75 1649.64 1260.29 1088.26 1008.13 1456.06 1067.06 2240.44 1958.84 1447.43 1297.57 1430.65 1277.19 3233.09 1473.5 1311.96 1230.63 1207.49 2009.99
threshold=221.00000000000003 44.199998855590827 0.75000000000000011 36.37919998168946 136.692497253418 140.66664886474612 43.579198837280281 34.963350296020515 6.0499999523162851 0 1 1.0000000180025095e-35 2 3 14.050000190734865 130.98335266113284 11.449999809265138 137.86834716796878 138.8433532714844 3.1499999761581425 536.00000000000011 3.3500000238418584 137.9433517456055 140.01664733886722 37.846700668334968 14.150000095367433 469.50000000000006 4.3500001430511483 4 1.6500000357627871
decision_type=2 2 2 2 2 2 2 2 8 1 1 8 1 1 10 2 10 2 2 8 2 10 2 2 2 10 2 10 1 10
left_child=2 15 -1 4 7 10 11 -4 -6 -10 -5 -7 14 -9 -13 16 -2 28 19 27 23 22 -21 26 25 -25 -20 -19 -17 -30
right_child=1 -3 3 5 8 6 -8 13 9 -11 -12 12 -14 -15 -16 17 -18 18 20 21 -22 -23 -24 24 -26 -27 -28 -29 29 -31
leaf_value=0.00029122250185269959 0.046561406003268552 -0.043466584816305637 0.015601211539181457 -0.041237142848683211 0.17827859999930309 0.0071011196141090895 -0.023744080114068093 -0.053910637253977024 0.09518771894458819 0.031192204248251799 -0.005598675146870658 0.10225586369094389 0.020793511303181272 -0.0037315119065837749 0.029792992980653316 0.00040758399288395039 0.0025446369853950584 0.020046270737212615 -0.018692917569753529 0.03737470098190146 -0.014781533025173274 -0.027214183564728291 -0.0014072742199564931 0.035204382362952494 -0.0034700317312626712 0.0051330737740547918 0.0076737570191061175 -0.045240371397590531 -0.0055693324508242163 -0.025155206756210122
leaf_weight=3578067 10086 6587 68248 18960 1337 13278 14873 8396 4905 17809 32851 6679 9384 12390 3005 182514 29485 103589 65859 10972 94202 16187 71487 36558 217814 29398 26451 2970 238510 67149
leaf_count=3578067 10086 6587 68248 18960 1337 13278 14873 8396 4905 17809 32851 6679 9384 12390 3005 182514 29485 103589 65859 10972 94202 16187 71487 36558 217814 29398 26451 2970 238510 67149
internal_value=-2.85637e-09 -0.00215907 0.000689167 0.0074019 0.0161589 -0.00259795 0.0150146 0.00634935 0.0524727 0.0450674 -0.0186495 0.0328361 0.0507567 -0.0240279 0.0796879 -0.00193293 0.0137638 -0.00246671 0.000107598 0.00882613 -0.00369669 -0.00132841 0.00375306 -0.000920112 0.00240365 0.021801 -0.0111377 0.0182266 -0.00602879 -0.00987175
internal_weight=5e+06 1.20982e+06 3.79018e+06 212115 113085 99030 47219 89034 24051 22714 51811 32346 19068 20786 9684 1.20323e+06 39571 1.16366e+06 675487 205205 470282 98646 82459 376080 283770 65956 92310 106559 488173 305659
internal_count=5000000 1209818 3790182 212115 113085 99030 47219 89034 24051 22714 51811 32346 19068 20786 9684 1203231 39571 1163660 675487 205205 470282 98646 82459 376080 283770 65956 92310 106559 488173 305659
cat_boundaries=0 1 2 3 4 5
cat_threshold=3074 8364032 3610 1592 1043456
is_linear=0
shrinkage=0.1


Tree=180
num_leaves=31
num_cat=6
split_feature=23 86 0 75 75 72 12 75 48 49 73 90 72 7 76 75 81 9 0 1 72 76 82 85 72 72 2 73 72 74
split_gain=748.101 1786.6 1394.76 1491.99 1358.36 2495.46 2383.2 2060.56 2030.01 1887.25 1727.45 2901.06 2400.52 2236.02 2229.98 3035.03 1692.7 1241.25 1241.05 1238.05 1318.61 1302.42 1640.55 1358.17 1196.28 1096.56 1058.51 959.562 949.792 1065.92
threshold=3.2500000000000004 7.0499999523162851 12.250000000000002 0 1 36.775800704956062 13.949999809265138 2 7.0499999523162851 2.6499999761581425 138.5725021362305 1.0000000180025095e-35 35.390001296997077 6.0499999523162851 3 4 0.75000000000000011 13.949999809265138 4.0499999523162851 20.650000572204593 30.90164947509766 5 2.9500000476837163 1.7500000000000002 33.70579910278321 41.828350067138679 3.6499999761581425 144.04920196533206 43.900848388671882 125.50000000000001
decision_type=10 10 2 1 1 2 10 1 10 8 2 10 2 8 1 1 10 10 2 10 2 1 10 10 2 2 10 2 2 2
left_child=1 17 3 -3 5 8 7 16 10 18 19 12 -12 -13 15 -14 25 -1 -9 20 -2 24 23 -23 -22 -7 -11 -28 29 -20
right_child=4 2 -4 -5 -6 6 -8 9 -10 26 11 13 14 -15 -16 -17 -18 -19 28 -21 21 22 -24 -25 -26 -27 27 -29 -30 -31
leaf_value=0.0011656833832489261 0.016653285285263161 0.017644263243402538 -0.035623625327598295 0.064795639402526556 0.00058564970619585097 -0.022203178321329547 -0.041898130606903866 -0.00059483084186546045 -0.022082608497009784 0.020796398044122387 0.031529562757357368 0.15911005131688963 -0.0046112113901476456 0.038909236158593465 0.0085959187372307497 -0.080678322267484115 -0.13703585366825508 0.033852247080857455 -0.010924800571271555 -0.019730111756406158 0.019683813514751767 0.0011615653338127412 -0.019229674670151103 -0.012028642717206432 0.00028689688281018338 -0.095691221035252849 0.00024507073824936611 -0.050675980624416653 -0.072247579726783084 -0.034183071407270664
leaf_weight=915578 41202 29596 3740 8680 2844435 19030 23502 45562 42563 26500 29842 2005 18747 6784 66850 7276 1589 11767 58373 35938 46646 321599 63872 103087 99871 2273 86028 3867 3452 29746
leaf_count=915578 41202 29596 3740 8680 2844435 19030 23502 45562 42563 26500 29842 2005 18747 6784 66850 7276 1589 11767 58373 35938 46646 321599 63872 103087 99871 2273 86028 3867 3452 29746
internal_value=6.0508e-09 0.00249425 0.0226632 0.0283585 -0.000599856 -0.00344259 -0.0113272 -0.00872796 -0.000774445 -0.00613241 0.000300485 0.0108308 0.00685583 0.0663302 -0.00107234 -0.0259023 -0.0374545 0.00158044 -0.0140814 -0.00164384 -0.000682714 -0.00180743 -0.00428738 -0.00204019 0.00646177 -0.0300442 0.0032323 -0.00194539 -0.0207918 -0.018776
internal_weight=5e+06 969361 42016 38276 4.03064e+06 1.1862e+06 299922 276420 886282 253528 843719 131504 122715 8789 92873 26023 22892 927345 137133 712215 676277 635075 488558 424686 146517 21303 116395 89895 91571 88119
internal_count=5000000 969361 42016 38276 4030639 1186204 299922 276420 886282 253528 843719 131504 122715 8789 92873 26023 22892 927345 137133 712215 676277 635075 488558 424686 146517 21303 116395 89895 91571 88119
cat_boundaries=0 1 2 3 4 5 6
cat_threshold=6170 4126 4 511 28 507904
is_linear=0
shrinkage=0.1


Tree=181
num_leaves=31
num_cat=5
split_feature=89 0 86 0 7 76 23 28 89 64 48 75 0 23 15 75 1 48 49 51 76 53 50 85 76 49 48 79 73 58
split_gain=728.006 1416.53 1307.22 1262.14 1592.6 1234.65 1550.93 1337.14 1274.38 1188.55 1381.56 1187.12 1142.76 1142.16 1433.3 2330.22 1989.04 1131.94 4384.03 3418.48 3607.82 2722.19 2580.11 1968.76 1820.86 1782.44 1649.34 1506.43 1496.27 1547.89
threshold=29.849999427795414 28.750000000000004 27.250000000000004 25.44999980926514 28.44999980926514 0 23.44999980926514 5.2500000000000009 20.94999980926514 0.75000000000000011 0.75000000000000011 1 28.94999980926514 19.250000000000004 22.94999980926514 2 14.34999990463257 1.7500000000000002 1.2500000000000002 2.0499999523162846 3 1.1500000357627871 2.4500000476837163 0.55000001192092907 4 2.5499999523162846 2.7500000000000004 0.55000001192092907 129.87249755859378 1.5500000119209292
decision_type=10 2 10 2 10 1 10 10 10 8 10 1 2 10 10 1 10 8 8 8 1 8 10 8 1 10 10 8 2 8
left_child=1 2 3 4 5 -1 7 8 9 10 -7 -3 -2 14 17 -16 -17 19 26 22 -21 24 25 -23 -20 28 -19 -25 -11 -30
right_child=12 11 -4 -5 -6 6 -8 -9 -10 13 -12 -13 -14 -15 15 16 -18 18 21 20 -22 23 -24 27 -26 -27 -28 -29 29 -31
leaf_value=0.0040485862160600326 0.034349292642196258 -0.062182535886974269 0.011944970752149056 -0.0069226037539932075 0.016120997098332836 0.001069178786661386 -0.0083577165651452269 -0.025055682788518909 0.0072599971737757523 0.051918623037252455 -0.0082654199678564317 -0.0090083926508660855 0.0038651948298463624 -0.0053483367154910887 0.043203360983639576 0.029718020407520154 -0.0040757489433157941 -0.010890073242217488 -0.027274481769184303 -0.00072356646352252974 -0.026485461017724355 0.025144413223062823 -0.030647942916125201 0.026438213537434641 -0.00029385845219084096 -0.035700917967395655 -0.043441433807123092 0.0046775823352486054 0.0063583168636110804 -0.0022114000301407854
leaf_weight=655099 14840 4350 91494 258066 62502 275640 244489 21370 228087 6122 373262 113969 71768 296938 20133 24227 61961 69479 39080 116336 102044 54720 24727 33150 69472 12288 20060 788838 445323 400166
leaf_count=655099 14840 4350 91494 258066 62502 275640 244489 21370 228087 6122 373262 113969 71768 296938 20133 24227 61961 69479 39080 116336 102044 54720 24727 33150 69472 12288 20060 788838 445323 400166
internal_value=6.70334e-09 -0.000160196 0.000106521 -0.00012376 0.000270918 4.48954e-05 -0.000658675 -0.000118308 3.56209e-05 -0.000473904 -0.00430028 -0.0109694 0.00908855 0.000486591 0.00124381 0.0125816 0.00542288 0.000691312 0.00300292 -0.00155305 -0.0127628 0.00492825 0.00120174 0.00677784 -0.0100097 0.00211336 -0.0181828 0.00555517 0.00265899 0.00230231
internal_weight=5e+06 4.91339e+06 4.79507e+06 4.70358e+06 4.44551e+06 4.38301e+06 3.72791e+06 3.48342e+06 3.46205e+06 3.23397e+06 648902 118319 86608 2.58506e+06 2.28813e+06 106321 86188 2.1818e+06 1.0748e+06 1.10701e+06 218380 985260 888626 876708 108552 863899 89539 821988 851611 845489
internal_count=5000000 4913392 4795073 4703579 4445513 4383011 3727912 3483423 3462053 3233966 648902 118319 86608 2585064 2288126 106321 86188 2181805 1074799 1107006 218380 985260 888626 876708 108552 863899 89539 821988 851611 845489
cat_boundaries=0 1 2 3 4 5
cat_threshold=61440 3120 3328 4132352 983288
is_linear=0
shrinkage=0.1


Tree=182
num_leaves=31
num_cat=4
split_feature=80 0 89 75 5 23 72 75 73 72 73 76 72 76 13 73 72 72 73 1 72 0 86 79 72 72 73 80 88 82
split_gain=731.58 786.929 1593.91 1273.97 993.52 978.298 1261.36 1652.33 1234.1 2381.13 1768.1 2310.3 1582.6 1803.8 1806.62 1495.97 1472.49 2790.64 2888.99 2431.76 2348.38 1876.36 1753.77 1555.7 1822.85 1804.89 2900.33 1881.29 1781.47 1548.56
threshold=32.649999618530281 28.94999980926514 29.050000190734867 0 30.050000190734867 22.550000190734867 32.880001068115241 1 134.46669769287112 34.879999160766609 138.0100021362305 2 36.073350906372077 3 23.849999427795414 135.29250335693362 35.269151687622077 34.495000839233406 132.27500152587893 3.8500000238418584 33.418348312377937 2.2500000000000004 10.84999990463257 1.3499999642372134 34.255849838256843 33.87249946594239 133.27750396728518 3.2500000000000004 5.4500000476837167 1.4499999880790713
decision_type=10 2 10 1 10 10 2 1 2 2 2 1 2 1 8 2 2 2 2 8 2 2 10 10 2 2 2 8 8 10
left_child=1 2 4 -3 5 6 7 -1 12 10 15 -12 13 -8 16 -10 17 20 21 -18 22 -19 29 25 -25 27 -27 -22 -29 -15
right_child=-2 3 -4 -5 -6 -7 8 -9 9 -11 11 -13 -14 14 -16 -17 19 18 -20 -21 23 -23 -24 24 -26 26 -28 28 -30 -31
leaf_value=-0.0025188194252577238 0.022278052087268085 -0.0053738339931054778 0.023380821739849195 -0.058466184028479473 0.013153234583449481 -0.0034440906762497263 0.0050471811282528254 0.013051715920045663 0.021155473064193249 2.4461911674403367e-05 -0.00294195262183809 0.046241956798939235 0.035890587537790224 -0.01913851630984266 0.010683235807688027 0.0015472369335075454 0.071052707078950242 0.11272040136069897 -0.02962078826795847 -0.0012417144307595223 0.11003334362098015 0.0032515846174101266 -0.00031562303337565923 -0.020859006999284769 0.016039252793421617 -0.014837636163112407 0.028165163988706578 0.028838367979255153 -0.0069278277342015642 -0.054808054621067741
leaf_weight=112687 14697 159139 29395 4642 56947 751389 155918 172447 51858 2758980 14730 27172 9893 50720 50975 155816 5668 1735 105991 25976 2195 16056 36012 54099 17792 59711 21271 38139 21936 16014
leaf_count=112687 14697 159139 29395 4642 56947 751389 155918 172447 51858 2758980 14730 27172 9893 50720 50975 155816 5668 1735 105991 25976 2195 16056 36012 54099 17792 59711 21271 38139 21936 16014
internal_value=-9.69876e-09 -6.56869e-05 0.000165872 -0.00688251 2.34711e-05 -0.000134432 0.000489808 0.0068985 -4.24615e-06 0.000870597 0.0102243 0.0289624 -0.0038182 -0.00439573 -0.0072039 0.00644358 -0.00913046 -0.0106234 -0.0233617 0.0117075 -0.00566329 0.0139271 -0.0181006 0.000276425 -0.0117272 0.00630045 -0.00354238 0.019101 0.0157786 -0.0276981
internal_weight=5e+06 4.9853e+06 4.82152e+06 163781 4.79213e+06 4.73518e+06 3.98379e+06 285134 3.69866e+06 3.00856e+06 249576 41902 690101 680208 524290 207674 473315 441671 123782 31644 317889 17791 102746 215143 71891 143252 80982 62270 60075 66734
internal_count=5000000 4985303 4821522 163781 4792127 4735180 3983791 285134 3698657 3008556 249576 41902 690101 680208 524290 207674 473315 441671 123782 31644 317889 17791 102746 215143 71891 143252 80982 62270 60075 66734
cat_boundaries=0 1 2 3 4
cat_threshold=960 5186 1045504 1032192
is_linear=0
shrinkage=0.1


Tree=183
num_leaves=31
num_cat=4
split_feature=85 57 10 72 10 91 58 48 48 49 57 76 50 76 51 52 88 70 53 55 23 13 75 80 23 10 16 1 89 75
split_gain=755.713 1335.96 1136.92 978.341 1099.17 959.017 991.971 1662.64 1417.42 1888.74 1313.4 1290.94 1256.76 1406.02 1238.96 1104 1096.26 1067.16 1074.91 1044.19 1118.98 2123.6 2677.42 2082.24 1389.05 3500.98 2598.75 2308.81 2009.57 1782.13
threshold=6.5499999523162851 2.8500000238418584 9.6500000953674334 27.989149093627933 20.650000572204593 6.2500000000000009 3.6499999761581425 5.7500000000000009 3.2500000000000004 2.7500000000000004 4.3500001430511483 0 5.4500000476837167 1 2.7500000000000004 2.4500000476837163 5.3500001430511483 0.25000000745058065 5.1499998569488534 4.3500001430511483 15.550000190734865 18.849999427795414 2 15.250000000000002 7.4500000476837167 10.050000190734865 14.250000000000002 5.4500000476837167 8.2500000000000018 3
decision_type=10 8 10 2 10 10 8 10 8 8 8 1 10 1 10 8 10 10 10 10 10 10 1 10 10 8 8 8 10 1
left_child=3 -2 -3 4 -1 6 7 10 11 -10 12 -8 16 -14 -9 -11 17 -5 19 20 21 23 -23 24 25 26 28 -26 -19 -27
right_child=1 2 -4 5 -6 -7 8 14 9 15 -12 -13 13 -15 -16 -17 -18 18 -20 -21 -22 22 -24 -25 27 29 -28 -29 -30 -31
leaf_value=0.025920154543576508 -0.021024479815669159 0.015038377750750587 -0.0089811042218982014 -0.0037119909019633851 0.0035032083130363775 -0.0092895039665189631 -0.021252137638080641 -0.039173338547335734 -0.023696083817836135 -0.016920695205769068 -0.012726243491187245 -0.0048027492539660759 -0.0031852321238772935 -0.040881393184166843 -0.0073961155441597606 0.005903130657785912 -0.010320677472190752 0.0010334088926799135 -0.014042981572300536 -0.010422531237489719 0.00085094690850885917 0.040874903500360042 0.0078067756406389761 0.020387084473337685 0.015684641427664053 0.06042744674212755 0.048091154064291076 -0.003207791545924528 0.023526560164433843 0.01784127013746559
leaf_weight=29698 46872 31577 52420 316337 83016 108977 54716 15259 26549 22966 67135 372322 31399 14442 62624 274515 75710 730870 39441 60758 1528307 34665 83372 70668 73716 10917 12571 528079 42002 98100
leaf_count=29698 46872 31577 52420 316337 83016 108977 54716 15259 26549 22966 67135 372322 31399 14442 62624 274515 75710 730870 39441 60758 1528307 34665 83372 70668 73716 10917 12571 528079 42002 98100
internal_value=-9.72719e-09 -0.00749896 4.85419e-05 0.000201542 0.00940965 -1.6665e-05 0.000200772 0.000842206 -0.00312684 0.00186029 0.00113722 -0.006911 0.00138533 -0.0150709 -0.013622 0.0041411 0.0015889 0.00183731 0.00236711 0.00256479 0.00281036 0.00458761 0.0175223 0.00361323 0.00282101 0.0053202 0.0029894 -0.000893591 0.00225581 0.022113
internal_weight=5e+06 130869 83997 4.86913e+06 112714 4.75642e+06 4.64744e+06 3.89637e+06 751068 324030 3.81849e+06 427038 3.75135e+06 45841 77883 297481 3.70551e+06 3.6298e+06 3.31347e+06 3.27402e+06 3.21327e+06 1.68496e+06 118037 1.56692e+06 1.49626e+06 894460 785443 601795 772872 109017
internal_count=5000000 130869 83997 4869131 112714 4756417 4647440 3896372 751068 324030 3818489 427038 3751354 45841 77883 297481 3705513 3629803 3313466 3274025 3213267 1684960 118037 1566923 1496255 894460 785443 601795 772872 109017
cat_boundaries=0 1 2 3 4
cat_threshold=1504 6283776 3336 68
is_linear=0
shrinkage=0.1


Tree=184
num_leaves=31
num_cat=4
split_feature=23 12 0 86 0 74 6 0 75 71 16 75 23 86 72 8 11 25 76 73 0 72 73 75 72 0 4 13 72 30
split_gain=763.424 1212.66 2291.8 1215.2 1503.77 1273.32 1226.87 1944.65 1118.79 1067.03 1156.26 1021.97 1359.25 3315.41 2103.76 1860.25 1715.15 1413.67 1295.68 1437.99 1344.74 1126.76 1217.69 1276.34 1122.6 1092.38 3242.49 2444.74 2234.02 2143.78
threshold=-5.2499999999999991 -0.45000000298023218 -5.8500001430511466 -5.2499999999999991 -7.5499999523162833 408.50000000000006 -1.0500000119209287 -4.2499999999999991 0 1.9499999880790713 1.2500000000000002 1 8.6500000953674334 8.4499998092651385 36.37919998168946 14.449999809265138 9.6500000953674334 1.0000000180025095e-35 2 139.32084655761722 17.050000190734867 34.090850830078132 136.39334869384768 3 33.87249946594239 10.050000190734865 13.84999990463257 16.650000572204593 33.418348312377937 1.0000000180025095e-35
decision_type=10 10 2 10 2 2 10 2 1 10 10 1 10 10 2 8 8 10 1 2 2 2 2 1 2 2 8 8 2 10
left_child=1 3 -3 6 5 -5 9 -8 -6 10 -1 12 13 15 16 -2 17 -14 -16 20 -20 -18 23 -23 -15 26 27 28 -13 -29
right_child=11 2 -4 4 8 -7 7 -9 -10 -11 -12 25 14 24 18 -17 21 -19 19 -21 -22 22 -24 -25 -26 -27 -28 29 -30 -31
leaf_value=-0.015710711384356032 -0.0031216391996875138 0.089948024577354665 0.012573179758029962 0.14777915571372452 -0.011029223023136549 -0.0089210746195409214 0.13547955166523382 -0.00093023968102645671 0.028653593408414002 0.0083886772166379929 0.088106908433832509 -0.022038664467669316 -2.2440328558667481e-05 0.046029610448994784 -0.077967504040128227 0.036826894907276857 -0.0076714873208809141 0.04245324728990623 -0.048923141547815824 -0.0094576360749421065 -0.21300103011464616 -0.035088126110259819 -0.010572073730813994 -0.10681058757493572 0.014003407892823323 -0.00036982186138235455 0.041012098405816516 0.024752616727930665 0.0024009230754441736 -0.09960433777642895
leaf_weight=55322 777392 4699 20653 1588 11401 770 1632 2906 18833 35727 1094 39378 105060 15379 5315 11834 88874 8467 7336 19500 536 15437 18933 2958 37961 2861341 22657 60060 745538 1419
leaf_count=55322 777392 4699 20653 1588 11401 770 1632 2906 18833 35727 1094 39378 105060 15379 5315 11834 88874 8467 7336 19500 536 15437 18933 2958 37961 2861341 22657 60060 745538 1419
internal_value=2.61282e-09 0.00691707 0.0269146 0.0029953 0.0196941 0.096609 -0.002634 0.0481268 0.0136953 -0.00513394 -0.0136975 -0.000220734 -0.00287716 -0.000891865 -0.00901765 -0.00252263 -0.0057727 0.00314545 -0.0328164 -0.0240119 -0.0600951 -0.0137952 -0.028375 -0.0466986 0.0232372 0.000573254 0.00367832 0.00267894 0.00117483 0.0218823
internal_weight=5e+06 154625 25352 129273 32592 2358 96681 4538 30234 92143 56416 4.84538e+06 1.11498e+06 842566 272416 789226 239729 113527 32687 27372 7872 126202 37328 18395 53340 3.73039e+06 869052 846395 784916 61479
internal_count=5000000 154625 25352 129273 32592 2358 96681 4538 30234 92143 56416 4845375 1114982 842566 272416 789226 239729 113527 32687 27372 7872 126202 37328 18395 53340 3730393 869052 846395 784916 61479
cat_boundaries=0 1 2 3 4
cat_threshold=1474 14 14680319 10
is_linear=0
shrinkage=0.1


Tree=185
num_leaves=31
num_cat=5
split_feature=76 75 76 31 9 75 73 72 72 6 72 3 23 0 83 76 50 6 0 66 57 48 53 50 49 10 20 87 26 79
split_gain=747.532 947.935 1635.65 1513.06 1768.09 2387.14 1555.07 1916.36 1243.3 2682.75 1225.47 1572.14 1216.86 2224.61 1649.37 1309.09 1456.59 1217.14 1618.12 1204.77 2083.4 2172.46 1496.06 1433.91 1358.76 1353.35 2313.04 1146.46 1138.45 1119.56
threshold=0 1 2 1.0000000180025095e-35 15.650000095367433 3 144.04920196533206 43.729999542236335 36.902500152587898 19.44999980926514 33.215848922729499 16.94999980926514 16.94999980926514 13.550000190734865 19.150000572204593 4 2.8500000238418584 22.050000190734867 18.94999980926514 2.5499999523162846 2.9500000476837163 4.0499999523162851 3.4500000476837163 2.7500000000000004 3.9500000476837163 18.550000190734867 15.84999990463257 1.0000000180025095e-35 0.75000000000000011 2.7500000000000004
decision_type=1 1 1 8 8 1 2 2 2 10 2 10 8 2 8 1 10 8 2 8 8 10 8 10 10 8 10 8 8 8
left_child=-1 2 -2 6 -5 8 12 27 9 -6 -7 -12 15 -14 -15 16 -3 -17 -19 20 21 22 24 -23 25 -4 -27 -8 -13 -9
right_child=1 3 19 4 5 10 7 29 -10 -11 11 28 13 14 -16 17 -18 18 -20 -21 -22 23 -24 -25 -26 26 -28 -29 -30 -31
leaf_value=-0.0032334104209076129 -0.0055466165322332651 0.0040091245688667464 0.00302565900813845 0.020518566013528514 0.053800248502410435 0.0055184176837630231 -0.026320007310144406 -0.019165770888285045 -0.0048002204533694123 0.0075853498866997526 -0.0074909024284688505 -0.041040084072287007 0.031771155233053072 -0.010942895881836875 0.00023657905807871913 0.00058775571603495846 0.019396912657330612 0.028656121150131931 -0.01913883563440999 0.0056538659684331558 -0.011667580740257574 -0.046858150533481899 -0.019857742087551769 -0.0087681193621527379 -0.026390165053995891 0.039759556647844994 -0.0018927020064603345 0.034410779018506803 -0.11210133578265431 0.032691684238847905
leaf_weight=625553 602486 149671 536830 87660 15076 9754 52011 6391 46695 75287 8892 6623 21054 148176 1206623 570030 104442 32650 9046 362648 156088 13310 27987 38388 14557 27708 25697 3306 3418 11943
leaf_count=625553 602486 149671 536830 87660 15076 9754 52011 6391 46695 75287 8892 6623 21054 148176 1206623 570030 104442 32650 9046 362648 156088 13310 27987 38388 14557 27708 25697 3306 3418 11943
internal_value=-3.80948e-08 0.000462346 -0.00129341 0.00169655 0.00903269 0.00295798 0.000893652 -0.013404 0.00844854 0.0152958 -0.0232691 -0.0381123 0.0013634 -0.000484865 -0.000986134 0.00430038 0.0103332 0.00179412 0.0182869 0.000836326 -0.00124211 0.00113531 0.00274561 -0.0185747 0.00379159 0.00453597 0.0197176 -0.0226905 -0.0652296 0.0146148
internal_weight=5e+06 4.37445e+06 1.8057e+06 2.56875e+06 253405 165745 2.31534e+06 73651 137058 90363 28687 18933 2.24169e+06 1.37585e+06 1.3548e+06 865839 254113 611726 41696 1.20321e+06 840565 684477 632779 51698 604792 590235 53405 55317 10041 18334
internal_count=5000000 4374447 1805699 2568748 253405 165745 2315343 73651 137058 90363 28687 18933 2241692 1375853 1354799 865839 254113 611726 41696 1203213 840565 684477 632779 51698 604792 590235 53405 55317 10041 18334
cat_boundaries=0 1 2 3 4 5
cat_threshold=112 7174 1966976 960 1000192
is_linear=0
shrinkage=0.1


Tree=186
num_leaves=31
num_cat=4
split_feature=23 89 0 89 6 23 75 72 0 2 74 10 75 14 72 86 73 73 76 48 0 8 13 6 80 6 80 76 73 74
split_gain=763.138 1297.38 1322.15 1902.83 1534.17 1337.2 1259.32 2106.52 1554.59 1506.07 1287.15 1208.75 1177.72 1105.28 1423.71 1349.78 1104.27 1405.24 1404.28 1124.29 1617.25 1538.83 1165.74 1145.1 1447.83 1122.83 1087.39 1059.2 1631.18 1243.86
threshold=0.84999999403953563 -0.15000000223517415 3.0499999523162846 3.4500000476837163 8.0500001907348651 -5.2499999999999991 0 43.281700134277351 6.4500000476837167 -1.2499999999999998 476.50000000000006 11.050000190734865 1 12.250000000000002 35.760000228881843 6.2500000000000009 144.7174987792969 143.31164550781253 2 1.3499999642372134 -4.2499999999999991 -1.5500000119209287 2.0499999523162846 -8.6500000953674299 -9.3499999046325666 2.8500000238418584 3.4500000476837163 3 141.71585083007815 38.500000000000007
decision_type=10 8 2 10 10 8 1 2 2 10 2 10 1 8 2 10 2 2 1 10 2 10 10 8 8 10 10 1 2 2
left_child=1 16 3 4 11 -4 7 9 -9 -2 13 26 -7 15 -15 -11 17 19 -19 20 21 22 23 24 -1 -22 -3 -8 29 -29
right_child=6 2 5 -5 -6 12 27 8 -10 10 -12 -13 -14 14 -16 -17 -18 18 -20 -21 25 -23 -24 -25 -26 -27 -28 28 -30 -31
leaf_value=-0.023219481663478297 0.017479309842081705 0.0048643557155876403 -0.090617177993723041 0.038902942791753534 0.058350587327801087 0.016718026426463552 0.0018387689926298374 -0.069199640642103585 -0.43232241778588687 -0.0069074100225417351 -0.032633671971259944 0.064882197124643368 -0.011096479114827676 -0.015554965946088614 -0.096925171761866089 0.0074371573810881365 0.021066949181103273 -0.055910345486835281 -0.0088417022310456755 0.0051295006553703573 -0.02470179696290567 0.045934471945656696 0.081522391105917053 -0.017950394749161682 0.048478866004580512 0.013896987745199114 0.042820135983476094 0.0028034717081841178 -0.0089988818556339095 -0.0025555289306830953
leaf_weight=4703 28136 261799 1776 21173 5879 21694 1834745 3507 122 257018 17935 3527 50971 46718 2254 88077 19571 9493 19074 132638 53027 7808 1578 25898 7021 8785 7772 721522 252219 1083560
leaf_count=4703 28136 261799 1776 21173 5879 21694 1834745 3507 122 257018 17935 3527 50971 46718 2254 88077 19571 9493 19074 132638 53027 7808 1578 25898 7021 8785 7772 721522 252219 1083560
internal_value=-3.60419e-08 0.00315647 0.0070425 0.0100012 0.00780768 -0.00488706 -0.000483569 -0.00553063 -0.0814071 -0.00490514 -0.0064338 0.00671964 -0.00279174 -0.00524137 -0.0193001 -0.00324631 -0.00187009 -0.00353254 -0.0245056 -0.00105121 -0.00858472 0.00539458 -0.00268031 -0.00621207 0.0197176 -0.019216 0.00595866 9.19049e-05 -0.00146599 -0.000413445
internal_weight=5e+06 664187 374591 300150 278977 74441 4.33581e+06 443767 3629 440138 412002 273098 72665 394067 48972 345095 289596 270025 28567 241458 108820 47008 39200 37622 11724 61812 269571 3.89205e+06 2.0573e+06 1.80508e+06
internal_count=5000000 664187 374591 300150 278977 74441 4335813 443767 3629 440138 412002 273098 72665 394067 48972 345095 289596 270025 28567 241458 108820 47008 39200 37622 11724 61812 269571 3892046 2057301 1805082
cat_boundaries=0 1 2 3 4
cat_threshold=6 436 749 262016
is_linear=0
shrinkage=0.1


Tree=187
num_leaves=31
num_cat=7
split_feature=15 25 83 74 91 75 0 76 75 72 23 57 7 76 73 76 23 72 8 1 23 89 9 76 48 91 16 75 7 48
split_gain=723.897 709.526 762.379 704.567 1123.69 1043.02 1667.37 1537.74 1700.2 1676.98 1620.05 1276.08 1176.25 1112.05 1079.52 1109.67 1038.94 1039.86 1027.87 1008.41 997.27 1991.44 2008.45 1458.85 1543.28 1418.56 1278.06 1479.82 1340.73 1302.56
threshold=-13.15000009536743 1.0000000180025095e-35 -13.249999999999998 7.5000000000000009 1.1500000357627871 0 15.050000190734865 1 2 34.80999946594239 14.550000190734865 1.6500000357627871 26.750000000000004 3 145.49250030517581 4 21.150000572204593 37.095001220703132 8.4499998092651385 7.2500000000000009 6.4500000476837167 8.2500000000000018 12.84999990463257 5 0.55000001192092907 3.3500000238418584 15.050000190734865 6 8.6500000953674334 1.5500000119209292
decision_type=8 10 8 2 10 1 2 1 1 2 8 10 10 1 2 1 10 2 8 8 10 10 10 1 10 10 10 1 10 8
left_child=1 2 -1 4 -2 6 13 8 16 -10 18 -12 -11 19 20 -16 -8 -18 -9 -5 21 22 26 24 -22 -24 29 -28 -29 -7
right_child=3 -3 -4 5 -6 14 7 10 9 12 11 -13 -14 -15 15 -17 17 -19 -20 -21 23 -23 25 -25 -26 -27 27 28 -30 -31
leaf_value=-0.036248053876042831 0.0062740202080580039 -0.07731520240252665 0.03036797753595355 0.051175971837224124 -0.001623036585135078 -0.0053431508989006784 0.0083820584426682384 0.075902430472607585 -0.0007816240167877374 -0.025646432342848038 0.0050926718150930833 -0.0036100803549884812 0.012336426767918601 0.0047187606058241875 -0.010026580512037728 0.09168183712200445 -0.00012503428624432953 -0.017337832199861899 0.019349931671576073 0.015158818275216639 0.01853084237107027 0.01612912645951069 0.024561593045591371 -0.005920287809557917 -0.0010624405322884453 -0.087892567205819352 -0.0265643638467025 0.06980389209946318 -0.0052238697329454638 0.0016058694236448104
leaf_weight=1920 408816 728 16326 8842 322187 537347 97241 3806 65149 81212 472529 261853 9063 166606 1886 2484 143887 46420 20659 64327 43049 75454 38971 944138 607514 1155 3744 7566 3476 541645
leaf_count=1920 408816 728 16326 8842 322187 537347 97241 3806 65149 81212 472529 261853 9063 166606 1886 2484 143887 46420 20659 64327 43049 75454 38971 944138 607514 1155 3744 7566 3476 541645
internal_value=-4.38965e-08 0.0194954 0.0233581 -7.43071e-05 0.00279342 -0.000567555 0.001619 9.99413e-05 -0.00458179 -0.0130082 0.00283289 0.0019896 -0.0218332 0.00923299 -0.00168993 0.0479735 -2.68928e-05 -0.00432361 0.0281478 0.0195086 -0.00176734 0.000398246 -0.000648543 -0.00340963 0.000234081 0.0213247 -0.00145465 0.0277462 0.0461435 -0.0018548
internal_weight=5e+06 18974 18246 4.98103e+06 731003 4.25002e+06 1.44159e+06 1.20182e+06 442972 155424 758847 734382 90275 239775 2.80843e+06 4370 287548 190307 24465 73169 2.80406e+06 1.20936e+06 1.1339e+06 1.5947e+06 650563 40126 1.09378e+06 14786 11042 1.07899e+06
internal_count=5000000 18974 18246 4981026 731003 4250023 1441594 1201819 442972 155424 758847 734382 90275 239775 2808429 4370 287548 190307 24465 73169 2804059 1209358 1133904 1594701 650563 40126 1093778 14786 11042 1078992
cat_boundaries=0 1 2 3 4 5 6 7
cat_threshold=480 14680191 384 442304 2620416 130560 18
is_linear=0
shrinkage=0.1


Tree=188
num_leaves=31
num_cat=5
split_feature=74 75 90 0 84 74 8 6 75 16 0 5 83 77 89 75 72 22 48 48 54 2 15 72 73 15 9 76 9 75
split_gain=738.859 1020.01 1687.09 1414.07 1129.19 787.785 783.654 742.032 785.377 806.427 720.108 4396.97 2829.69 2195.57 2051.67 1544.88 2028.06 1500.84 1429.92 1427.96 3754.76 2108.11 2589.6 2749.31 2475.75 2428.59 2907.05 2010.51 1963.1 1715.5
threshold=878.50000000000011 0 1.0000000180025095e-35 12.050000190734865 1.0000000180025095e-35 845.50000000000011 2.8500000238418584 -4.2499999999999991 1 -5.2499999999999991 4.8500001430511483 9.6500000953674334 6.8500001430511483 5.8500001430511483 7.0499999523162851 2 36.125000000000007 4.4500000476837167 0.55000001192092907 1.4499999880790713 1.5500000119209292 -1.6500000357627866 1.6500000357627871 36.823350906372077 138.41335296630862 9.8499999046325701 8.2500000000000018 3 1.6500000357627871 4
decision_type=2 1 10 2 10 2 8 8 1 8 2 10 10 10 10 1 2 8 8 8 8 10 10 2 2 8 8 1 10 1
left_child=5 6 3 4 7 10 -2 -3 -9 -10 11 12 13 14 19 16 18 -17 -12 20 21 22 28 24 -24 26 -23 -22 -1 -25
right_child=1 2 -4 -5 -6 -7 -8 8 9 -11 15 -13 -14 -15 -16 17 -18 -19 -20 -21 27 25 23 29 -26 -27 -28 -29 -30 -31
leaf_value=-0.00054168018457213319 0.044913766121731008 0.021320740490767879 -0.073007447691583946 -0.05495193282346187 -0.087998085581372329 0.034442789628188773 -0.0017835025505169588 0.0054066558732152022 0.022425491423252987 -0.037371094605135741 0.016078917415317338 0.045768389066274368 0.046573097274148371 0.035548698712039833 0.04049721840904677 0.012950682159330346 -0.016529407815085117 -6.6316788191748827e-05 -0.0039771376233599907 0.003254444276533903 -0.0028927186387017229 -0.014092950071704198 0.031597968702839124 0.045069533195934985 -0.051279811646350516 0.017515864312575246 0.027643962649266003 -0.024518798833104719 0.069291062599807052 0.11628775715763887
leaf_weight=74039 3868 10039 5028 6693 1598 6702 50675 16104 2763 12275 39232 22848 13726 17973 12554 91167 126878 3116046 378618 568727 72536 143239 13202 12154 4958 42941 18889 105564 4257 4707
leaf_count=74039 3868 10039 5028 6693 1598 6702 50675 16104 2763 12275 39232 22848 13726 17973 12554 91167 126878 3116046 378618 568727 72536 143239 13202 12154 4958 42941 18889 105564 4257 4707
internal_value=-2.87298e-08 -0.00814133 -0.0178151 -0.0122094 -0.00552205 0.00018148 0.00152783 -0.00232162 -0.00994303 -0.0263669 0.000134468 0.00234473 0.00145048 0.000885242 0.000307189 -0.000532577 -0.00545625 0.000303698 -0.00209407 -0.000166468 -0.00408514 0.00241904 0.0133655 0.0359689 0.00897087 -0.00362973 -0.00923032 -0.0157125 0.00325517 0.0650469
internal_weight=5e+06 109043 54500 49472 42779 4.89096e+06 54543 41181 31142 15038 4.88426e+06 1.13231e+06 1.10947e+06 1.09574e+06 1.07777e+06 3.75194e+06 544728 3.20721e+06 417850 1.06521e+06 496486 318386 113317 35021 18160 205069 162128 178100 78296 16861
internal_count=5000000 109043 54500 49472 42779 4890957 54543 41181 31142 15038 4884255 1132314 1109466 1095740 1077767 3751941 544728 3207213 417850 1065213 496486 318386 113317 35021 18160 205069 162128 178100 78296 16861
cat_boundaries=0 1 2 3 4 5
cat_threshold=4032 4144 4106 6290432 30
is_linear=0
shrinkage=0.1


Tree=189
num_leaves=31
num_cat=4
split_feature=72 79 54 73 82 74 74 73 79 76 60 48 73 75 23 57 13 83 6 4 17 75 75 49 81 79 72 82 77 73
split_gain=750.479 827.464 1007.76 1257.51 762.111 727.5 723.871 1436.68 1169.13 1287.51 996.521 1222.96 1137.93 1384.67 1207.04 1132.64 998.754 1305.2 982.229 950.403 1564.47 1197.06 919.322 876.396 818.737 918.544 915.656 1287.54 1161.03 896.879
threshold=26.048299789428714 6.0499999523162851 1.6500000357627871 139.17414855957034 7.4500000476837167 33.500000000000007 352.00000000000006 141.071647644043 0.65000000596046459 0 4.2500000000000009 6.8500001430511483 141.81670379638675 1 -7.4500000476837149 4.7500000000000009 4.8500001430511483 5.8500001430511483 9.8499999046325701 -2.5499999523162837 5.0499999523162851 2 3 0.65000000596046459 3.7500000000000004 2.0499999523162846 32.735849380493171 2.4500000476837163 11.650000095367433 137.86834716796878
decision_type=2 10 8 2 8 2 2 2 10 1 8 10 2 1 8 8 8 8 10 8 10 1 1 8 8 8 2 8 8 2
left_child=4 6 -3 5 -1 -4 10 19 -9 -10 11 15 16 14 -14 -2 -12 18 -18 20 21 -8 -13 -11 25 26 28 -28 -21 -27
right_child=1 2 3 -5 -6 -7 7 8 9 23 12 22 13 -15 -16 -17 17 -19 -20 24 -22 -23 -24 -25 -26 29 27 -29 -30 -31
leaf_value=0.023393933974499008 0.0017871611943000108 -0.025853967475709946 -0.0037275666878712347 0.0053510972434091843 0.0016185275825780711 -0.025908926545681717 0.00090860250486567064 -0.0050158326304238976 -0.012240304687795772 -0.023390425163463263 0.0080530968454732791 0.0058753394950443625 0.035836740750919874 -0.0022454148807239376 -0.031714084826674725 -0.0081288968923568777 -0.025150930066892792 -0.0014413088453721602 0.021498625983689002 0.085345857143837772 0.075207809070378578 0.053266952054612231 -0.024321279184593165 -0.079677591889219218 -0.019197007435122131 -0.0094986229527516206 0.010784209556068701 -0.0059780646227472626 0.010456281917545279 -8.559474359752128e-05
leaf_weight=27269 3342749 24754 30413 69064 39145 28777 38407 28418 12268 4425 90791 14703 2840 49096 38566 119301 39133 319144 5102 3016 3630 4917 32071 7379 28387 191168 90397 92935 6601 215134
leaf_count=27269 3342749 24754 30413 69064 39145 28777 38407 28418 12268 4425 90791 14703 2840 49096 38566 119301 39133 319144 5102 3016 3630 4917 32071 7379 28387 191168 90397 92935 6601 215134
internal_value=2.01771e-09 -0.000142143 -0.00738111 -0.00381571 0.0105593 -0.0145117 8.95482e-05 -0.0028159 -0.0187516 -0.0349672 0.000610704 0.00122846 -0.00336892 -0.0136082 -0.0270743 0.00144546 -0.00132854 -0.00367256 -0.0197704 -0.00157595 0.0121471 0.00686345 -0.0148332 -0.0585275 -0.00260258 -0.00181649 0.00386482 0.00228705 0.0339425 -0.00451449
internal_weight=5e+06 4.93359e+06 153008 128254 66414 59190 4.78058e+06 727082 52490 24072 4.0535e+06 3.50882e+06 544672 90502 41406 3.46205e+06 454170 363379 44235 674592 46954 43324 46774 11804 627638 599251 192949 183332 9617 406302
internal_count=5000000 4933586 153008 128254 66414 59190 4780578 727082 52490 24072 4053496 3508824 544672 90502 41406 3462050 454170 363379 44235 674592 46954 43324 46774 11804 627638 599251 192949 183332 9617 406302
cat_boundaries=0 1 2 3 4
cat_threshold=523776 2156 4102 816
is_linear=0
shrinkage=0.1


Tree=190
num_leaves=31
num_cat=3
split_feature=74 48 79 0 86 80 5 9 2 89 23 48 0 24 86 56 7 73 18 75 23 76 83 75 24 72 23 10 53 87
split_gain=687.685 1035.58 1523.5 686.169 3665.69 2957.55 2518.45 1932.9 1755.5 1731.52 1654.22 1623.32 2629.58 2882.78 1936.51 1760.39 1957.14 1679.96 1679.5 1561.26 2835 1514.7 1501.35 1537.16 3573.11 2106.48 1488.93 1464.47 1449.75 1371.28
threshold=1099.0000000000002 0.35000000894069677 2.4500000476837163 2.4500000476837163 3.2500000000000004 3.4500000476837163 6.2500000000000009 9.2500000000000018 -1.0500000119209287 4.2500000000000009 -8.5500001907348615 0.94999998807907116 -2.1499999761581416 1.0000000180025095e-35 -13.749999999999998 1.2500000000000002 0.84999999403953563 140.23665618896487 8.8499999046325701 0 11.050000190734865 1 -0.45000000298023218 2 1.0000000180025095e-35 42.635850906372077 -3.4500000476837154 2.6499999761581425 2.8500000238418584 1.0000000180025095e-35
decision_type=2 8 8 2 10 10 10 10 8 10 8 8 2 2 8 8 10 2 10 1 10 1 8 1 2 2 10 10 10 8
left_child=3 -2 -3 4 5 6 7 9 -6 11 -5 12 13 14 -1 -16 -17 -13 -14 20 26 -8 -12 24 25 -24 -19 -20 -9 -26
right_child=1 2 -4 10 8 -7 21 28 -10 -11 22 17 18 -15 15 16 -18 19 27 -21 -22 -23 23 -25 29 -27 -28 -29 -30 -31
leaf_value=-0.054407702755722875 0.020931836547049915 -0.00048766305653405402 -0.044072554767595425 -0.15825533932138022 0.093219014938334982 0.039322977886880134 0.042153875335632383 0.046965799659331169 0.02436649087975706 0.035560905169708959 0.036657992925202658 0.0097158965881042475 -0.0227073691084675 -0.06512423739924765 0.021843603266206345 -0.015927116113220438 0.033619972462577412 0.040748873829155652 0.070355996376855356 -0.00076588525717131691 -0.23683929151874908 -0.05169715863844046 -0.013392469298825628 -8.9215201565410364e-05 -0.008068796098789098 -0.21345610362684858 -0.029719786942944266 -0.0043907601523022512 -0.062801233162039297 0.054588299495008354
leaf_weight=4995 7276 17177 15044 664 4079 19799 19614 12446 40179 12435 10901 157471 113385 5968 52952 35792 10257 3437 3454 314400 621 1878 162064 3921197 5072 528 23493 10871 1332 11219
leaf_count=4995 7276 17177 15044 664 4079 19799 19614 12446 40179 12435 10901 157471 113385 5968 52952 35792 10257 3437 3454 314400 621 1878 162064 3921197 5072 528 23493 10871 1332 11219
internal_value=6.06401e-09 -0.0131429 -0.0208375 0.000104654 0.00269312 0.0011519 0.000188917 -0.000761633 0.0307122 -0.0014439 -0.000429742 -0.00206818 -0.00887092 0.00246455 0.00634325 0.00940838 -0.00489095 0.00116923 -0.0186313 -0.00276657 -0.025588 0.0339486 -0.00040425 -0.000502788 -0.00956796 -0.0140422 -0.0207261 0.0136319 0.036354 0.0350808
internal_weight=5e+06 39497 32221 4.9605e+06 848858 804600 784801 763309 44258 749531 4.11164e+06 737096 237674 109964 103996 99001 46049 499422 127710 341951 27551 21492 4.11098e+06 4.10008e+06 178883 162592 26930 14325 13778 16291
internal_count=5000000 39497 32221 4960503 848858 804600 784801 763309 44258 749531 4111645 737096 237674 109964 103996 99001 46049 499422 127710 341951 27551 21492 4110981 4100080 178883 162592 26930 14325 13778 16291
cat_boundaries=0 1 2 3
cat_threshold=2048 16646147 2
is_linear=0
shrinkage=0.1


Tree=191
num_leaves=31
num_cat=8
split_feature=7 16 86 75 72 72 72 0 75 73 76 75 73 76 72 75 9 74 73 73 72 82 86 80 72 76 80 82 76 72
split_gain=691.598 1870.17 1939.73 1132.39 936.545 765.811 1417.34 1265.94 1145.85 1094.16 1336.92 1237.19 1304.82 1432.93 1195.66 1150.41 1022.02 990.338 1279.37 1551.81 1548.13 1660.74 1537.15 1505.22 1238.83 2382.17 1538.11 1166.95 1300.85 1365.72
threshold=-10.349999904632567 -4.7499999999999991 -10.849999904632567 0 43.44585037231446 41.927499771118171 42.974149703979499 -8.6500000953674299 1 141.5683517456055 2 3 144.16750335693362 4 44.199998855590827 5 -4.3500001430511466 118.00000000000001 135.22000122070315 131.59835052490237 35.204200744628913 7.2500000000000009 17.150000572204593 16.750000000000004 35.73249816894532 6 10.650000095367433 1.8499999642372134 7 33.670799255371101
decision_type=8 10 8 1 2 2 2 2 1 2 1 1 2 1 2 1 10 2 2 2 2 8 8 8 2 1 8 10 1 2
left_child=1 2 3 -1 -5 7 8 16 -7 10 -8 12 13 -11 -15 -12 -2 18 19 23 21 22 -20 27 -21 -26 -27 -9 -29 -30
right_child=5 -3 -4 4 -6 6 9 17 -10 11 15 -13 -14 14 -16 -17 -18 -19 20 24 -22 -23 -24 -25 25 26 -28 28 29 -31
leaf_value=-0.10077503838508493 0.013361869527605992 0.055890251736195273 0.015140525672963916 -0.06603165175225062 0.027647622959495105 -0.016589045253980077 -0.00588904612563245 0.0021836716563965199 -0.0033489645060239431 -0.00045813206341559752 0.037998241614274959 -0.0039494421084908032 -0.013806594132033504 0.037478717307573697 0.00066578124051059728 0.0079258312487858959 0.099495127847461645 -0.0014454639894869734 0.044200932942166773 -0.0059490588480783464 0.0021600889918031358 0.0051054749119827129 0.013906409580365323 0.0058427312236346467 -0.018041497354826963 0.10031863316796748 0.021844404952121699 -0.002355195665612664 -0.048834891487560907 -0.0037297938820522372
leaf_weight=2384 3497 8142 24368 1955 2350 111147 31325 69201 158711 35842 21490 460654 20966 30090 12483 31197 2273 1670860 23419 477378 1097675 163131 58807 402417 9015 4054 6506 29858 18153 10652
leaf_count=2384 3497 8142 24368 1955 2350 111147 31325 69201 158711 35842 21490 460654 20966 30090 12483 31197 2273 1670860 23419 477378 1097675 163131 58807 402417 9015 4054 6506 29858 18153 10652
internal_value=3.37417e-09 0.0132306 0.00204685 -0.0456534 -0.0148598 -0.000104542 -0.00271908 0.000485897 -0.00880292 -0.000169932 0.010472 -0.00176634 0.00835238 0.0142781 0.0266784 0.0201967 0.0472927 0.000419065 0.00173342 -0.000923072 0.00376527 0.0109465 0.0225347 0.00283954 -0.00493802 0.0197184 0.0519216 -0.0066122 -0.0169881 -0.032144
internal_weight=5e+06 39199 31057 6689 4305 4.9608e+06 913905 4.0469e+06 269858 644047 84012 560035 99381 78415 42573 52687 5770 4.04113e+06 2.37027e+06 1.02723e+06 1.34303e+06 245357 82226 530281 496953 19575 10560 127864 58663 28805
internal_count=5000000 39199 31057 6689 4305 4960801 913905 4046896 269858 644047 84012 560035 99381 78415 42573 52687 5770 4041126 2370266 1027234 1343032 245357 82226 530281 496953 19575 10560 127864 58663 28805
cat_boundaries=0 1 2 3 4 5 6 7 8
cat_threshold=4 6194 1570816 192 15728959 7174 3144704 2096128
is_linear=0
shrinkage=0.1


Tree=192
num_leaves=31
num_cat=3
split_feature=23 13 3 0 7 0 86 0 74 48 77 7 75 72 0 73 74 73 81 76 76 72 87 8 74 77 72 82 72 80
split_gain=687.388 1102.9 1339.06 1092.39 1759.57 1718.96 1289.05 1462.42 1182.27 1006.67 956.846 841.945 898.016 1309.5 1853.95 1371.53 1259.52 2238.05 2005.88 1529.75 1248.07 1319.13 1161.72 1772.14 1101.45 1140.82 1179.58 1074.48 1017.38 1013.76
threshold=-4.6499998569488517 2.4500000476837163 -2.7499999999999996 1.8499999642372134 0.84999999403953563 -3.8500000238418575 -3.8500000238418575 -7.5499999523162833 396.50000000000006 1.0000000180025095e-35 -1.7499999999999998 -7.5499999523162833 0 36.013349533081062 6.0499999523162851 137.9433517456055 469.50000000000006 138.72585296630862 1.0000000180025095e-35 1 2 35.977499008178718 1.0000000180025095e-35 5.8500001430511483 376.00000000000006 16.250000000000004 43.591650009155281 2.0499999523162846 35.204200744628913 -2.7499999999999996
decision_type=10 10 8 2 10 2 10 2 2 10 10 8 1 2 2 2 2 2 10 1 1 2 10 8 2 10 2 10 2 8
left_child=1 3 -3 4 6 -6 9 8 -8 -1 -11 -2 13 15 16 20 17 18 19 29 28 27 -17 -24 25 26 -16 -22 -13 -15
right_child=11 2 -4 -5 5 -7 7 -9 -10 10 -12 12 -14 14 24 22 -18 -19 -20 -21 21 -23 23 -25 -26 -27 -28 -29 -30 -31
leaf_value=-0.032676318559322647 0.016962032396474345 0.081598358245811423 0.014368508287895133 -0.0505705536158777 0.14289636096216471 0.026788696308852823 0.20986783410587306 0.017245721341365691 0.0059354639770772891 -0.00069331685494415359 0.053706143380181363 0.0071624149435478264 0.00040807506884652921 0.17852437757239364 -0.012147877610138223 0.0088743278107877889 -0.020600577552485514 -0.0047255429607344617 -0.022294247441999426 0.010236375158061344 -0.0032368590894073543 0.11376809417213059 0.13904731367463738 0.018480945677498077 -0.053205925125602495 -0.1010761514229359 -0.08271728385103666 -0.018312421742026085 -0.011850841493176174 0.049737489854240646
leaf_weight=9694 28330 3972 11658 3633 1639 5743 729 26438 466 112535 3329 178145 3716910 638 73045 79803 40356 319137 8491 15217 233195 918 1759 3972 8970 1551 2448 59299 33423 14557
leaf_count=9694 28330 3972 11658 3633 1639 5743 729 26438 466 112535 3329 178145 3716910 638 73045 79803 40356 319137 8491 15217 233195 918 1759 3972 8970 1551 2448 59299 33423 14557
internal_value=-1.80579e-08 0.00607026 0.0314534 0.00365416 0.00488101 0.0525677 0.00258307 0.0221366 0.130343 -0.00172031 0.000869686 -0.000226495 -0.000328116 -0.00287372 -0.00672739 0.000287474 -0.00385284 -0.00196514 0.0206795 0.0326778 -0.00169597 -0.00591738 0.0119974 0.055486 -0.0200416 -0.0161804 -0.0144362 -0.00629322 0.00415855 0.0551087
internal_weight=5e+06 179836 15630 164206 160573 7382 153191 27633 1195 125558 115864 4.82016e+06 4.79183e+06 1.07492e+06 484410 590514 398396 358040 38903 30412 504980 293412 85534 5731 86014 77044 75493 292494 211568 15195
internal_count=5000000 179836 15630 164206 160573 7382 153191 27633 1195 125558 115864 4820164 4791834 1074924 484410 590514 398396 358040 38903 30412 504980 293412 85534 5731 86014 77044 75493 292494 211568 15195
cat_boundaries=0 1 2 3
cat_threshold=14 8389119 4184064
is_linear=0
shrinkage=0.1


Tree=193
num_leaves=31
num_cat=4
split_feature=91 0 80 86 7 89 83 75 78 72 11 29 2 83 84 75 0 72 0 73 10 73 72 72 76 72 49 74 72 76
split_gain=666.455 735.178 3951.05 3026.66 2020.71 1746.31 1470.36 1348.85 2647.15 1924.6 1567.16 1432.4 1238.85 1148.58 1133.57 1130.1 1986.46 1351.26 3418.43 1918.45 1700.89 1596.34 1585.69 1474.13 1390.87 1823.39 1341.18 1331.75 1646.83 1286.66
threshold=0.25000000745058065 1.0500000119209292 1.4499999880790713 1.8499999642372134 7.0499999523162851 3.2500000000000004 1.6500000357627871 0 1.0000000180025095e-35 42.566650390625007 -1.2499999999999998 1.0000000180025095e-35 -2.1499999761581416 -0.94999998807907093 1.0000000180025095e-35 1 12.449999809265138 34.47669982910157 26.250000000000004 139.12249755859378 20.849999427795414 134.46669769287112 35.269151687622077 40.670848846435554 2 34.424999237060554 5.4500000476837167 132.50000000000003 37.670000076293952 3
decision_type=8 2 10 10 10 10 10 1 8 2 8 10 10 8 10 1 2 2 2 2 8 2 2 2 1 2 10 2 2 1
left_child=-1 2 3 4 5 6 -2 8 9 -3 14 -10 -5 -12 -9 17 -17 19 21 24 23 22 -19 -20 -15 -26 -24 -23 -29 -21
right_child=1 7 -4 12 -6 -7 -8 10 11 -11 13 -13 -14 15 -16 16 -18 18 20 29 -22 27 26 -25 25 -27 -28 28 -30 -31
leaf_value=0.0052654628127973896 -0.0031599104534294851 -0.011468326034003606 0.034618650307043329 0.093515180658829078 0.04115225423920383 0.042053286299253728 0.025483214943814808 0.016612122913599658 0.0043860296125922535 -0.1181054852469365 0.032327632452549292 0.056307921778420637 0.025402563450891855 0.0080813843044764706 -0.054580103556316456 0.011834573149179734 4.3594392867631944e-05 -0.021350985003639526 -0.046195981869318122 0.071240726045235708 -0.2077472139548284 -0.00036424197363045502 0.013270110424554471 -0.54351032888058759 -0.0039201392646445168 0.034493015271348841 -0.041612030842522449 -0.0030484415352697966 -0.016977728377363326 0.0080879750378465842
leaf_weight=229352 535048 186215 37002 2972 11338 9063 18543 69447 14302 1708 10567 8454 26306 174168 2311 154846 1849376 93285 2604 6438 1052 740660 27209 61 377849 12775 5324 258994 126253 6478
leaf_count=229352 535048 186215 37002 2972 11338 9063 18543 69447 14302 1708 10567 8454 26306 174168 2311 154846 1849376 93285 2604 6438 1052 740660 27209 61 377849 12775 5324 258994 126253 6478
internal_value=-1.41237e-08 -0.000253155 0.00289982 0.000954318 -0.000645402 -0.00148766 -0.00220048 -0.000741915 -0.00853648 -0.0124375 -0.000322943 0.0236753 0.0323167 -0.000596 0.0143193 -0.000686662 0.00095456 -0.00248104 -0.00432278 0.00152129 -0.10008 -0.00403843 -0.0147213 -0.0575792 0.000649844 -0.0026638 0.00428869 -0.00284464 -0.00761334 0.039628
internal_weight=5e+06 4.77065e+06 640272 603270 573992 562654 553591 4.13038e+06 210679 187923 3.9197e+06 22756 29278 3.84794e+06 71758 3.83737e+06 2.00422e+06 1.83315e+06 1.25544e+06 577708 3717 1.25172e+06 125818 2665 564792 390624 32533 1.12591e+06 385247 12916
internal_count=5000000 4770648 640272 603270 573992 562654 553591 4130376 210679 187923 3919697 22756 29278 3847939 71758 3837372 2004222 1833150 1255442 577708 3717 1251725 125818 2665 564792 390624 32533 1125907 385247 12916
cat_boundaries=0 1 2 3 4
cat_threshold=2 7196 260096 9438207
is_linear=0
shrinkage=0.1


Tree=194
num_leaves=31
num_cat=4
split_feature=83 0 86 75 13 72 10 72 23 75 4 1 9 76 23 75 73 23 26 72 89 88 74 4 16 0 86 1 10 14
split_gain=651.863 1073.98 1234.01 943.597 801.734 832.395 962.521 866.897 837.068 799.194 794.529 1080.78 1296.44 1042.06 1025.5 1221.77 1144.88 1092.71 1042.65 1007.95 972.101 968.549 1165.99 1045.41 2784.7 2349.31 1742.07 2076.49 1710.8 1429.56
threshold=31.750000000000004 28.750000000000004 28.150000572204593 0 8.2500000000000018 30.03750038146973 19.849999427795414 35.32085037231446 29.849999427795414 1 30.050000190734867 25.150000572204593 28.750000000000004 2 23.44999980926514 3 129.97499847412112 8.6500000953674334 6.2500000000000009 45.113349914550788 27.050000190734867 0.25000000745058065 907.50000000000011 1.4499999880790713 8.0500001907348651 -2.1499999761581416 1.0000000180025095e-35 -4.3500001430511466 2.6499999761581425 -1.4499999880790708
decision_type=10 2 10 1 8 2 8 2 10 1 10 8 10 1 10 1 2 10 10 2 10 8 2 10 10 2 10 10 8 8
left_child=1 2 10 4 -3 -6 8 -8 -7 -2 11 12 13 19 15 -15 17 -17 21 -1 -13 -18 23 24 26 -25 -23 -28 -26 -27
right_child=9 3 -4 -5 5 6 7 -9 -10 -11 -12 20 -14 14 -16 16 18 -19 -20 -21 -22 22 -24 25 28 29 27 -29 -30 -31
leaf_value=0.0042174967779365297 0.10589325339650058 0.35746840809782349 0.015412292683211086 -0.0067230013162491711 -0.00082164243182297032 -0.025561034536425067 -0.10746601932652911 -0.31637958022732193 -0.19721538247625517 0.011270776707014997 0.014647657477532156 -0.0086488713758033336 0.015146148646386604 0.0063262797301423153 -0.006941815189044763 0.037863574576131931 0.0063034773983000614 0.0058816031079207054 -0.031053578486692508 -0.031229382019520704 0.0052912729095596755 -0.0020136624697489696 -0.01476315385645185 0.073772868631893349 0.054443818716227402 0.013727217915802442 0.14283447088758236 0.011128337102192028 0.012825259002629914 -0.0025487157203776846
leaf_weight=645027 908 48 52562 154421 1940 2081 702 277 329 32838 36773 246657 57987 270849 235475 12007 175375 96880 11520 8123 62750 426267 63388 4083 14933 55320 1212 97131 29172 2202965
leaf_count=645027 908 48 52562 154421 1940 2081 702 277 329 32838 36773 246657 57987 270849 235475 12007 175375 96880 11520 8123 62750 426267 63388 4083 14933 55320 1212 97131 29172 2202965
internal_value=4.77118e-09 -9.41169e-05 0.00017402 -0.00815924 -0.0493021 -0.0530585 -0.082961 -0.166576 -0.0489943 0.0138515 5.5366e-06 -0.000108608 0.000292433 9.4415e-05 -0.0005562 -0.000121759 -0.000669208 0.00940826 -0.00102532 0.0037766 -0.00582171 -0.000912635 -0.00134986 -0.00104953 0.00278314 -0.00201299 0.000754206 0.0127515 0.0269164 -0.00215001
internal_weight=5e+06 4.96625e+06 4.80646e+06 159798 5377 5329 3389 979 2410 33746 4.75389e+06 4.71712e+06 4.40771e+06 4.34973e+06 3.69658e+06 3.4611e+06 3.19025e+06 108887 3.08137e+06 653150 309407 3.06985e+06 2.89447e+06 2.83108e+06 568715 2.26237e+06 524610 98343 44105 2.25828e+06
internal_count=5000000 4966254 4806456 159798 5377 5329 3389 979 2410 33746 4753894 4717121 4407714 4349727 3696577 3461102 3190253 108887 3081366 653150 309407 3069846 2894471 2831083 568715 2262368 524610 98343 44105 2258285
cat_boundaries=0 1 2 3 4
cat_threshold=3120 64 61440 384
is_linear=0
shrinkage=0.1


Tree=195
num_leaves=31
num_cat=4
split_feature=16 72 0 72 76 50 25 73 91 75 73 49 73 91 73 84 75 88 82 73 74 48 50 1 88 76 72 73 84 90
split_gain=632.056 703.3 1767.53 1684.17 1620.89 1871.33 1621.21 2330.68 1473.74 1325.27 1137.01 1090.81 929.718 901.836 856.725 1147.11 1167.33 1036.14 830.67 923.533 878.01 1170.26 928.032 846.401 794.731 911.54 1081.22 1650.55 2657.02 1540.47
threshold=-13.249999999999998 42.385799407958991 -10.15000009536743 42.923349380493171 0 3.3500000238418584 1.0000000180025095e-35 142.9716491699219 3.1499999761581425 1 141.68669891357425 1.0000000180025095e-35 141.68669891357425 1.2500000000000002 141.52664947509768 1.0000000180025095e-35 2 4.1499998569488534 8.5500001907348651 139.49830627441409 43.500000000000007 0.55000001192092907 0.75000000000000011 16.44999980926514 0.15000000223517421 3 36.902500152587898 137.13330078125003 1.0000000180025095e-35 1.0000000180025095e-35
decision_type=8 2 2 2 1 10 8 2 10 1 2 10 2 10 2 10 1 10 10 2 2 8 8 8 8 1 2 2 10 8
left_child=-1 2 -2 4 6 8 12 -8 -6 10 -7 -5 -3 -14 15 16 17 -13 20 -20 21 22 23 -4 -22 -26 27 -27 -29 -28
right_child=1 3 18 11 5 9 7 -9 -10 -11 -12 14 13 -15 -16 -17 -18 -19 19 -21 24 -23 -24 -25 25 26 29 28 -30 -31
leaf_value=0.018466173760683206 0.069203102577245254 -0.016430775779270181 0.028182310764878944 -0.025017882196069558 -0.010814430578455422 -0.048848997331436286 0.011428568913453823 0.1390185403991426 -0.062293135000046768 -0.029431598845003661 -0.14267846628048175 0.035403368793720795 0.02184716376216235 -0.0066357073802591014 -0.0010117464687121294 -0.027500042010648814 0.0015585168112306751 -0.0050084283072067909 -0.028936912928325433 0.0066796975238559465 0.0082914797416192339 0.0014874825538098487 0.00283156458061075 0.0066021867793015186 -0.0030537799481092352 -0.00043623138999112043 -0.0013315945615790352 0.0060001566252759512 0.040088088293202817 -0.021951236236225868
leaf_weight=18467 3739 41815 41550 17386 78187 2648 6045 1876 5987 8039 2521 28408 17759 29719 577109 7493 39374 8169 19761 11527 95029 1506828 72780 32306 1142088 533004 314238 270214 24980 40954
leaf_count=18467 3739 41815 41550 17386 78187 2648 6045 1876 5987 8039 2521 28408 17759 29719 577109 7493 39374 8169 19761 11527 95029 1506828 72780 32306 1142088 533004 314238 270214 24980 40954
internal_value=2.76481e-08 -6.84281e-05 0.000479108 -0.00264692 -0.0108472 -0.0199651 -0.00171142 0.0416468 -0.0144759 -0.0549621 -0.0944284 -0.000293096 -0.00555783 0.00401822 0.00035767 0.00982872 0.0135114 0.0263707 0.000416515 -0.0158152 0.000541174 0.00231739 0.0108455 0.0187428 -0.000672173 -0.00103847 0.000906528 0.00288604 0.00888476 -0.00370906
internal_weight=5e+06 4.98153e+06 4.109e+06 872535 194596 97382 97214 7921 84174 13208 5169 677939 89293 47478 660553 83444 75951 36577 4.10526e+06 31288 4.07397e+06 1.65346e+06 146636 73856 2.42051e+06 2.32548e+06 1.18339e+06 828198 295194 355192
internal_count=5000000 4981533 4108998 872535 194596 97382 97214 7921 84174 13208 5169 677939 89293 47478 660553 83444 75951 36577 4105259 31288 4073971 1653464 146636 73856 2420507 2325478 1183390 828198 295194 355192
cat_boundaries=0 1 2 3 4
cat_threshold=1048320 7172 7686 7341054
is_linear=0
shrinkage=0.1


Tree=196
num_leaves=31
num_cat=7
split_feature=23 75 80 86 0 23 10 23 77 72 15 6 84 77 86 76 5 75 0 5 87 72 89 76 76 15 3 55 75 75
split_gain=622.663 978.866 2549.22 1181.17 1102.06 2308.64 1657.8 991.915 1142.14 985.738 1004.96 1184.91 956.209 935.192 905.851 734.7 721.01 715.559 1447.59 1872.14 2554.84 1781.63 1689.97 1488.5 1203.38 1126.65 1668 1399.57 1173.36 1172.91
threshold=-5.2499999999999991 0 -13.749999999999998 -8.0500001907348615 -10.15000009536743 -12.949999809265135 -5.3500001430511466 -7.4500000476837149 -6.4500000476837149 43.490848541259773 -5.9500000476837149 -6.6499998569488517 3.2500000000000004 -13.15000009536743 -13.749999999999998 1 -4.7499999999999991 2 12.650000095367433 15.250000000000002 1.0000000180025095e-35 36.93499946594239 11.84999990463257 3 4 1.8499999642372134 0.84999999403953563 2.7500000000000004 5 6
decision_type=10 1 8 10 2 8 10 8 8 2 10 10 10 8 8 1 10 1 2 8 10 2 10 1 1 10 8 10 1 1
left_child=1 2 3 -1 6 12 9 13 16 10 11 -3 -6 14 -4 -8 -9 18 19 22 23 -20 -2 -21 -23 -19 27 29 -29 -27
right_child=17 4 7 -5 5 -7 15 8 -10 -11 -12 -13 -14 -15 -16 -17 -18 25 21 20 -22 24 -24 -25 -26 26 -28 28 -30 -31
leaf_value=-0.070520294922785567 -0.0018356520397875933 -0.068379152750163305 -0.11491682507952017 0.17321152066428697 -0.07256411328335205 -0.0011560185069047436 0.091163430690813257 -0.059837612828683689 0.016497863178746606 0.030158302495799691 0.027574001299737784 0.06065909077284725 0.54734629487991338 0.03822410495505308 0.021206002517344308 -0.021250774279251452 0.03209755688338644 0.011640949219423637 -0.0085598275941536264 0.053682492165432465 -0.14116811078545113 -0.14723874744465656 0.023017511317428754 -0.080829845717467971 -0.040178896351996604 0.00737099762897344 6.6412752007625767e-05 -0.071454805086539661 0.019993764702118895 0.046159874350554665
leaf_weight=4087 1300292 4219 798 209 5297 65254 3774 3529 24095 7795 2852 856 25 28759 1262 689 1125 90204 156544 12734 779 1252 27948 872 6449 13732 3210901 2737 2864 18067
leaf_count=4087 1300292 4219 798 209 5297 65254 3774 3529 24095 7795 2852 856 25 28759 1262 689 1125 90204 156544 12734 779 1252 27948 872 6449 13732 3210901 2737 2864 18067
internal_value=1.86925e-08 0.00624693 0.0157308 -0.0586628 -0.000428084 -0.00632118 0.0201767 0.0210986 0.00773797 0.00490762 -0.0199226 -0.0466143 -0.0696521 0.0335619 -0.0315251 0.0739655 -0.0376143 -0.000199332 -0.00200815 -0.000924102 0.0349578 -0.0108699 -0.00131271 0.0450417 -0.0578277 0.000617102 0.000310976 0.0213075 -0.0247856 0.0294262
internal_weight=5e+06 154625 63864 4296 90761 70576 20185 59568 28749 15722 7927 5075 5322 30819 2060 4463 4654 4.84538e+06 1.50687e+06 1.34262e+06 14385 164245 1.32824e+06 13606 7701 3.3385e+06 3.2483e+06 37400 5601 31799
internal_count=5000000 154625 63864 4296 90761 70576 20185 59568 28749 15722 7927 5075 5322 30819 2060 4463 4654 4845375 1506870 1342625 14385 164245 1328240 13606 7701 3338505 3248301 37400 5601 31799
cat_boundaries=0 1 2 3 4 5 6 7
cat_threshold=2460 15728655 4110 16678913 12321274 2048 16
is_linear=0
shrinkage=0.1


Tree=197
num_leaves=31
num_cat=6
split_feature=74 73 85 75 88 48 24 76 75 30 72 73 72 75 6 72 23 86 14 0 0 75 3 75 27 23 89 9 0 14
split_gain=637.913 1278.73 1107.87 948.19 921.652 947.238 879.207 2156 1526.07 2405.92 1428.08 1531.02 1463.55 1458.47 1269.82 1269.48 1115.45 1337.82 1302.85 1356.25 1223.22 1506.85 1064.54 1043.24 978.052 1013.91 2354.15 2017.72 1857.1 1529.53
threshold=476.50000000000006 141.27500152587893 3.5499999523162846 0 0.45000000298023229 3.3500000238418584 0.75000000000000011 1 2 1.0000000180025095e-35 36.24749946594239 136.64249420166018 34.607500076293952 3 13.250000000000002 40.239200592041023 26.250000000000004 22.849999427795414 24.849999427795414 24.150000572204593 22.050000190734867 4 17.650000572204593 5 2.7500000000000004 17.750000000000004 15.449999809265138 20.550000190734867 21.650000572204593 7.4500000476837167
decision_type=2 2 10 1 10 10 2 1 1 8 2 2 2 1 8 2 10 10 10 2 2 1 10 1 10 10 10 10 2 10
left_child=6 2 4 -3 5 -2 16 10 9 15 11 12 22 14 -12 -9 17 24 20 -20 -18 -22 -8 -14 25 26 27 -1 -28 -27
right_child=1 3 -4 -5 -6 -7 7 8 -10 -11 13 -13 23 -15 -16 -17 18 -19 19 -21 21 -23 -24 -25 -26 29 28 -29 -30 -31
leaf_value=-0.00048604651658315295 0.00566788117088045 -0.059965220177271988 -0.022345520598263623 -0.013272032609737004 -0.0061154936687257124 -0.019525682956873413 0.036987313959308148 0.022692425027503307 0.0075811682186410993 0.058634343699920516 -0.021241211561005263 0.038952621775671457 0.00086239409418353884 -0.0063639835099474455 -0.081269140802473397 -0.032210092802803146 0.023179422846607126 0.0067728174369506497 -0.038303653099981155 0.00094016765461110523 -0.0096504766365324221 -0.035963429283855479 -0.0051647522360191069 -0.058612765769968024 -0.018306615963419825 -0.050711452258588821 0.011646561356367153 0.014244376266522467 -0.032419343402397292 -0.0024134230204750362
leaf_weight=2292550 183245 6438 26278 13420 190018 16247 9245 16128 126669 16875 9128 10896 5265 31375 5740 5700 9119 314607 9149 235139 115805 26799 17024 6710 29036 6605 257280 96920 9933 900657
leaf_count=2292550 183245 6438 26278 13420 190018 16247 9245 16128 126669 16875 9128 10896 5265 31375 5740 5700 9119 314607 9149 235139 115805 26799 17024 6710 29036 6605 257280 96920 9933 900657
internal_value=-1.16911e-08 -0.00365611 -0.00247211 -0.0284469 -0.00113136 0.00361607 0.000348946 0.00598734 0.0128927 0.0302699 -0.00598562 0.00588364 -0.00353796 -0.0185998 -0.044386 0.00835559 7.31573e-06 0.000519833 -0.00504989 -0.00052958 -0.012328 -0.0145986 0.00967007 -0.0325118 -2.76877e-05 0.000121233 0.0011069 0.000111439 0.0100085 -0.00276504
internal_weight=5e+06 435646 415788 19858 389510 199492 4.56435e+06 260755 165372 38703 95383 49140 38244 46243 14868 21828 4.3036e+06 3.90759e+06 396011 244288 151723 142604 26269 11975 3.59298e+06 3.56394e+06 2.65668e+06 2.38947e+06 267213 907262
internal_count=5000000 435646 415788 19858 389510 199492 4564354 260755 165372 38703 95383 49140 38244 46243 14868 21828 4303599 3907588 396011 244288 151723 142604 26269 11975 3592981 3563945 2656683 2389470 267213 907262
cat_boundaries=0 1 2 3 4 5 6
cat_threshold=6150 16744448 3074 3108 3968 4546
is_linear=0
shrinkage=0.1


Tree=198
num_leaves=31
num_cat=3
split_feature=67 0 5 89 83 87 86 86 0 7 25 80 72 48 51 56 49 76 51 82 76 15 2 14 9 18 76 3 60 14
split_gain=643.732 791.354 3209.17 2735.16 2162.22 1940.78 1914.18 1603.9 1979.27 2438.26 2087.46 1661.04 1360.49 1483.41 2998.46 1844.69 1749.92 1745.15 1712.65 1459.82 1550.35 1450.05 1541.87 2829.57 1486.89 1504.33 1382.28 1524.61 1315.12 1501.82
threshold=0.45000000298023229 11.84999990463257 15.949999809265138 12.250000000000002 12.650000095367433 1.0000000180025095e-35 12.84999990463257 12.250000000000002 9.0500001907348651 13.949999809265138 1.0000000180025095e-35 9.6500000953674334 33.418348312377937 1.7500000000000002 1.2500000000000002 1.8499999642372134 1.2500000000000002 0 2.0499999523162846 1.6500000357627871 1 16.849999427795414 -3.4500000476837154 -0.84999999403953541 -1.0500000119209287 1.6500000357627871 2 9.6500000953674334 2.7500000000000004 13.449999809265138
decision_type=8 2 10 10 10 10 8 10 2 10 10 10 2 8 8 8 8 1 8 10 1 10 8 10 10 10 1 10 8 8
left_child=-1 2 3 4 7 -4 -3 8 9 11 -11 12 19 15 -15 18 -16 -17 21 28 -21 22 23 24 25 -14 -18 -28 29 -2
right_child=1 6 5 -5 -6 -7 -8 -9 -10 10 -12 -13 13 14 16 17 26 -19 -20 20 -22 -23 -24 -25 -26 -27 27 -29 -30 -31
leaf_value=-0.0030219599202986345 -0.0017465056828026911 -0.012291690438721593 0.038385931981201826 0.025305651902882031 0.032661535812496506 -0.10101102608592327 -8.573381278795211e-05 0.025733636718508132 -0.0079313663130143909 0.033294232156764407 -0.11696442911720953 0.027087313711498848 -0.0049586035172108373 -0.012058556566084231 -0.016739481678335132 -0.020728010199436289 0.0012400549389717051 -0.0030476839284605192 -0.016204379028088283 0.0025318894437061732 -0.054641464777709536 0.03286485406560534 -0.0002938912290120384 0.04668313181572098 0.093981342539990465 0.083638833687461153 0.012430597325100571 -0.038291646755043957 -0.024491877307912552 0.052230912559094712
leaf_weight=617819 37859 135982 30150 46767 21077 1033 2329194 24743 262108 30990 953 23819 42485 95172 29478 83282 189845 169349 46712 7286 13604 16730 301373 21201 1713 2007 383567 6019 21716 5967
leaf_count=617819 37859 135982 30150 46767 21077 1033 2329194 24743 262108 30990 953 23819 42485 95172 29478 83282 189845 169349 46712 7286 13604 16730 301373 21201 1713 2007 383567 6019 21716 5967
internal_value=-4.55987e-08 0.000425997 0.00194988 0.00142375 0.000816438 0.0337681 -0.000759029 0.000447237 9.83363e-05 0.00147291 0.0288114 0.000890413 0.000467478 0.001225 0.00444812 -0.00208862 0.0070281 -0.0088771 0.00187921 -0.0117056 -0.0347255 0.0040704 0.00276411 0.0164365 0.00255788 -0.000962041 0.00823725 0.0116467 -0.00436857 0.00560263
internal_weight=5e+06 4.38218e+06 1.917e+06 1.88582e+06 1.83906e+06 31183 2.46518e+06 1.81798e+06 1.79324e+06 1.53113e+06 31943 1.49918e+06 1.47536e+06 1.38893e+06 704081 684852 608909 252631 432221 86432 20890 385509 368779 67406 46205 44492 579431 389586 65542 43826
internal_count=5000000 4382181 1917005 1885822 1839055 31183 2465176 1817978 1793235 1531127 31943 1499184 1475365 1388933 704081 684852 608909 252631 432221 86432 20890 385509 368779 67406 46205 44492 579431 389586 65542 43826
cat_boundaries=0 1 2 3
cat_threshold=1020 1046528 8325120
is_linear=0
shrinkage=0.1


Tree=199
num_leaves=31
num_cat=3
split_feature=72 16 75 79 73 52 76 72 75 1 25 11 28 72 73 2 83 73 72 1 72 73 72 73 12 2 13 87 0 1
split_gain=600.671 753.179 751.207 669.383 766.799 906.37 655.196 1414.66 1163.65 1546.09 1162.13 2450.35 2001.12 1394.74 4941.07 3782.36 2754.96 4576.24 2431.71 1792.97 2034.63 2354.12 2935.88 1480.26 1397.98 2663.09 1612.37 1334.29 1322.6 1235.34
threshold=26.048299789428714 17.849999427795414 0 7.2500000000000009 139.17414855957034 2.3500000238418584 1 45.276649475097663 2 19.150000572204593 0.75000000000000011 19.250000000000004 1.0000000180025095e-35 36.658300399780281 139.55834960937503 12.050000190734865 13.949999809265138 139.49830627441409 35.390001296997077 6.0499999523162851 36.961700439453132 140.9049987792969 43.490848541259773 140.60749816894534 14.750000000000002 11.650000095367433 18.250000000000004 1.0000000180025095e-35 14.250000000000002 25.750000000000004
decision_type=2 8 1 10 2 8 1 2 1 10 10 10 8 2 2 10 8 2 2 8 2 2 2 2 8 8 8 8 2 8
left_child=1 -1 -3 6 -5 -6 7 8 9 -2 13 12 -12 16 15 27 17 -10 -19 20 -16 -22 -23 -20 -21 26 -26 -15 -13 -27
right_child=3 2 -4 4 5 -7 -8 -9 10 -11 11 28 -14 14 19 -17 -18 18 23 24 21 22 -24 -25 25 29 -28 -29 -30 -31
leaf_value=0.044795954292133837 -0.0042949780848863693 0.01892566836989128 -0.0034841856167948009 -0.01956695901577666 -0.033779502796336063 0.0056264873998032247 0.00092800255593023363 0.043828029780381417 -0.0094054390875343546 -0.032101081651231399 0.00071853340732047166 -0.15863080898632431 0.048500660287875197 0.066042772932373692 -0.06111822921553331 0.0093369941573176012 0.00014038487574916179 0.033426929632832496 -0.08804723015862434 -0.021772933557460766 0.026602019639442389 -0.01198686229125745 0.022333543724194927 0.061962569714321986 0.0059607179137382092 -0.0052073406502650306 0.057512224901999712 0.0067760668961530483 -0.0037542944595690105 -0.065765257458524712
leaf_weight=5526 576501 26410 34478 37701 6870 38814 3025793 6868 150066 20715 14132 560 23078 23289 4204 44318 467025 2157 13312 45019 52923 66887 39730 692 13838 204476 10804 4539 35850 3425
leaf_count=5526 576501 26410 34478 37701 6870 38814 3025793 6868 150066 20715 14132 560 23078 23289 4204 44318 467025 2157 13312 45019 52923 66887 39730 692 13838 204476 10804 4539 35850 3425
internal_value=-5.59664e-08 0.00944674 0.00623856 -0.000127225 -0.00901088 -0.00029942 2.55034e-05 -0.00147129 -0.00164248 -0.00525937 0.000127642 0.0123068 0.0303535 -0.000654277 0.00321883 0.0274807 -0.00379466 -0.0148504 -0.0654108 -0.00074757 0.0075512 0.00936069 0.000802371 -0.0806346 -0.00564332 -0.00252072 0.0285629 0.0563758 -0.00613636 -0.00620498
internal_weight=5e+06 66414 60888 4.93359e+06 83385 45684 4.8502e+06 1.82441e+06 1.81754e+06 597216 1.22032e+06 73620 37210 1.1467e+06 513452 72146 633252 166227 16161 441306 163744 159540 106617 14004 277562 232543 24642 27828 36410 207901
internal_count=5000000 66414 60888 4933586 83385 45684 4850201 1824408 1817540 597216 1220324 73620 37210 1146704 513452 72146 633252 166227 16161 441306 163744 159540 106617 14004 277562 232543 24642 27828 36410 207901
cat_boundaries=0 1 2 3
cat_threshold=6256 12583166 60
is_linear=0
shrinkage=0.1


Tree=200
num_leaves=31
num_cat=6
split_feature=90 24 75 7 28 0 75 2 76 75 15 72 7 1 87 72 23 76 66 49 56 50 48 53 48 74 52 75 71 0
split_gain=608.317 675.451 1878.29 1293.63 2005.6 1726.55 1269.96 1244.38 1158.46 1325.28 1255.93 995.935 1300.09 1277.34 978.75 936.467 933.579 858.58 1377.4 1049.81 879.146 3194.71 2445.44 2061.12 1760.88 1428.27 1316.56 1295.06 1331.47 1151.59
threshold=5.2500000000000009 0.75000000000000011 0 15.550000190734865 1.0000000180025095e-35 14.650000095367433 1 28.94999980926514 2 3 2.8500000238418584 35.906650543212898 12.650000095367433 16.550000190734867 1.2500000000000002 33.87249946594239 17.349999427795414 4 0.55000001192092907 2.0499999523162846 2.8500000238418584 3.9500000476837163 4.3500001430511483 4.0499999523162851 2.7500000000000004 16.500000000000004 2.0499999523162846 5 1.2500000000000002 6.4500000476837167
decision_type=8 2 1 8 8 2 1 10 1 1 8 2 10 8 10 2 10 1 8 10 10 10 10 10 10 2 8 1 10 2
left_child=1 14 11 4 16 6 -5 -7 -6 10 -10 13 -13 -3 17 -15 -4 18 19 -1 21 22 23 25 27 29 -23 -22 -29 -20
right_child=-2 2 3 5 8 7 -8 -9 9 -11 -12 12 -14 15 -16 -17 -18 -19 20 -21 24 26 -24 -25 -26 -27 -28 28 -30 -31
leaf_value=-0.0099293450944774077 -0.0081985770165593132 0.020827242560701145 -0.0023515922982426463 -0.11461767209290233 0.0075714483352614312 0.003890613598916284 -0.017041463835581638 0.07827646868478573 0.01633217906202647 0.020991945988302799 0.074935470959248948 -0.01232586062205444 -0.062583796585854043 0.0012665417270368963 -0.012550549588277171 -0.065367393542812971 0.059014899390702827 0.00083124135774707104 0.023706581554947478 -0.041930365529768192 -0.0054202650073485823 -0.083805848000675781 -0.04843817218550589 -0.050313265484301019 0.0013283578154215702 0.00023677494214233058 -0.024013605670792332 -0.052775294157368979 -0.017370677189904937 0.0055017743270744353
leaf_weight=82897 88893 16378 36260 1992 13794 99358 4033 2301 4936 16546 14113 26601 6382 5034 62547 3630 2661 3449397 48124 11698 58094 4450 9709 7441 130279 592307 21354 14569 39209 125013
leaf_count=82897 88893 16378 36260 1992 13794 99358 4033 2301 4936 16546 14113 26601 6382 5034 62547 3630 2661 3449397 48124 11698 58094 4450 9709 7441 130279 592307 21354 14569 39209 125013
internal_value=-4.70959e-08 0.00014835 0.00516983 0.00984839 0.0188202 0.00249168 -0.0495209 0.0055743 0.0321982 0.0417279 0.0597188 -0.0106331 -0.0220505 0.00440064 -0.000125545 -0.0266514 0.00184399 4.36008e-05 -0.00232891 -0.0138867 -0.00128823 0.000295031 0.00143654 0.00206306 -0.0065738 0.00257222 -0.034325 -0.0157761 -0.0269571 0.0105619
internal_weight=5e+06 4.91111e+06 254019 195994 88310 107684 6025 101659 49389 35595 19049 58025 32983 25042 4.65709e+06 8664 38921 4.59454e+06 1.14514e+06 94595 1.05055e+06 808398 782594 772885 242151 765444 25804 111872 53778 173137
internal_count=5000000 4911107 254019 195994 88310 107684 6025 101659 49389 35595 19049 58025 32983 25042 4657088 8664 38921 4594541 1145144 94595 1050549 808398 782594 772885 242151 765444 25804 111872 53778 173137
cat_boundaries=0 1 2 3 4 5 6
cat_threshold=4132 2568 2068480 3714 252 1008
is_linear=0
shrinkage=0.1


Tree=201
num_leaves=31
num_cat=7
split_feature=23 23 0 76 75 86 89 23 23 14 0 73 75 28 27 89 75 0 11 75 71 27 90 32 50 76 75 3 13 85
split_gain=589.301 618.19 1048.28 1951.84 1235.39 1026.5 952.878 840.335 792.402 1399.81 1245.99 1049.86 1052.67 1070.06 1096.47 990.557 1007.96 1145.34 1317.62 984.42 941.206 1436.23 1869.13 1226.24 1082.1 1332.37 1084.42 1027.98 1104.95 960.389
threshold=34.95000076293946 25.44999980926514 20.550000190734867 0 1 22.849999427795414 24.250000000000004 30.650000572204593 20.349999427795414 25.550000190734867 18.849999427795414 129.38750457763675 2 5.2500000000000009 7.7500000000000009 22.349999427795414 3 13.949999809265138 9.2500000000000018 4 0.55000001192092907 1.0000000180025095e-35 1.0000000180025095e-35 1.0000000180025095e-35 0.25000000745058065 5 6 0.84999999403953563 14.34999990463257 0.45000000298023229
decision_type=10 10 2 1 1 10 8 10 10 10 2 2 1 10 10 10 1 2 8 1 10 10 10 8 10 1 1 8 8 8
left_child=1 5 3 -3 6 8 -4 -6 9 11 -11 -1 -13 14 20 16 -10 -18 -19 -15 21 24 23 -23 26 27 -14 -26 -29 -22
right_child=-2 2 4 -5 7 -7 -8 -9 15 10 -12 12 13 19 -16 -17 17 18 -20 -21 29 22 -24 -25 25 -27 -28 28 -30 -31
leaf_value=0.015126413787284985 0.037379845158742542 0.043346738141901264 -0.015340547810261699 -0.062107830594562201 -0.024539303575042207 0.0059783144348526359 -0.0014082070947535712 -0.14949222259403663 -0.024672046336191664 0.027184230469476319 -0.00013914622985800165 0.014016854792515418 0.021603293409277052 -0.074496707587315261 -0.063931101069539739 0.003360664389100244 0.034098229394978259 -0.052478009052450203 -0.0046562915960208636 -0.013060546090427389 0.0069659316174238515 -0.024207478228423538 0.027294492318418365 0.015875766646994697 -0.001151359947937698 -0.0025226277780414016 -0.0020026116327373916 -0.028358200179764877 -0.010525596064341464 0.00020039969703611045
leaf_weight=46724 4214 10322 55142 2106 20137 302480 447241 553 26691 36803 30538 53009 25522 3349 2686 159122 7499 5845 403563 11734 228628 17749 32569 13390 47808 230244 81837 60413 81786 2550296
leaf_count=46724 4214 10322 55142 2106 20137 302480 447241 553 26691 36803 30538 53009 25522 3349 2686 159122 7499 5845 403563 11734 228628 17749 32569 13390 47808 230244 81837 60413 81786 2550296
internal_value=-6.39255e-08 -3.15943e-05 -0.003242 0.0254617 -0.00392399 0.000353847 -0.00293737 -0.0278656 -5.53329e-05 0.000513092 0.0147935 0.000237367 3.51956e-05 -0.000183603 -6.47607e-05 -0.00340813 -0.00583615 -0.00462955 -0.00533903 -0.0267598 -1.38608e-05 -0.00363662 0.0105461 -0.00697139 -0.00534916 -0.00763815 0.00361095 -0.0138361 -0.0181017 0.000757014
internal_weight=5e+06 4.99579e+06 535501 12428 523073 4.46028e+06 502383 20690 4.1578e+06 3.55508e+06 67341 3.48774e+06 3.44102e+06 3.38801e+06 3.37293e+06 602720 443598 416907 409408 15083 3.37024e+06 591318 63708 31139 527610 420251 107359 190007 142199 2.77892e+06
internal_count=5000000 4995786 535501 12428 523073 4460285 502383 20690 4157805 3555085 67341 3487744 3441020 3388011 3372928 602720 443598 416907 409408 15083 3370242 591318 63708 31139 527610 420251 107359 190007 142199 2778924
cat_boundaries=0 1 2 3 4 5 6 7
cat_threshold=523776 1986 256 6158 4132 1022 6144
is_linear=0
shrinkage=0.1


Tree=202
num_leaves=31
num_cat=4
split_feature=72 2 72 76 49 86 73 25 73 20 73 76 80 8 77 5 17 73 6 0 75 1 73 76 23 83 0 86 16 83
split_gain=599.283 1524.22 1358.79 1039.63 1168.6 1230.08 1109.64 1841.35 931.479 849.834 989.549 1083.95 986.622 2070.99 1451.91 1371.1 1119.02 934.613 907.129 1198.72 1399.56 1724.47 1072.55 1014.35 1250.55 854.751 848.287 845.83 825.088 867.804
threshold=42.385799407958991 -10.249999999999998 42.843351364135749 0 3.8500000238418584 -2.5499999523162837 141.39170074462893 1.0000000180025095e-35 141.32914733886722 -8.6500000953674299 143.1683044433594 1 -7.3500001430511466 -3.5499999523162837 -6.4500000476837149 -10.249999999999998 -5.9500000476837149 145.49250030517581 -4.2499999999999991 -7.5499999523162833 2 6.6499998569488534 141.52664947509768 3 10.050000190734865 -5.6499998569488517 17.250000000000004 19.349999427795414 0.45000000298023229 -4.1499998569488517
decision_type=2 8 2 1 10 10 2 8 2 8 2 1 8 10 10 8 10 2 10 2 1 10 2 1 10 10 2 8 10 10
left_child=1 -1 3 4 -2 8 -5 -8 -6 10 -4 -12 13 14 15 16 -11 25 28 -20 21 22 -21 24 26 -17 -22 -25 29 -14
right_child=2 -3 9 6 5 -7 7 -9 -10 12 11 -13 18 -15 -16 17 -18 -19 19 20 23 -23 -24 27 -26 -27 -28 -29 -30 -31
leaf_value=0.064603317817538128 -0.014525220225758074 0.00045151279636103923 0.026357390589920766 -0.014197830800553089 -0.047935803953443941 -0.025729471353009889 0.0020045613212790192 0.077585862494955915 -0.16280000039283746 -0.048498895282897664 -0.12192103018195007 0.00091358186258138274 0.00043032396427882972 0.044086600544786136 0.054396649810603853 -0.069058263006159887 0.029961930873226753 0.12288913235136055 0.075882407995281703 0.012124774041176756 0.0049393901270176257 -0.069518116994170681 -0.014407390674136728 -0.00061627877334080854 -0.011949452038845074 0.055918176530069634 -0.11714827199880991 0.010562289812346859 0.053782205151037446 0.028640834301812707
leaf_weight=3707 73784 4106300 24645 46668 1355 5158 46221 3465 1474 3314 737 18768 40775 4204 1770 12176 4026 275 1984 18683 83919 5027 82580 154535 113745 573 573 120443 4231 14885
leaf_count=3707 73784 4106300 24645 46668 1355 5158 46221 3465 1474 3314 737 18768 40775 4204 1770 12176 4026 275 1984 18683 83919 5027 82580 154535 113745 573 573 120443 4231 14885
internal_value=-7.75127e-08 0.000509374 -0.00235274 -0.010164 -0.0184561 -0.0547931 -0.00312457 0.00727545 -0.107784 -0.000398193 0.0130387 -0.00378979 -0.00128665 -0.0202557 -0.0324765 -0.0400273 -0.00546303 -0.0595069 -0.000507694 -0.00171464 -0.0019803 -0.012349 -0.00951221 0.000348903 -0.00510377 -0.0634412 0.00411143 0.00427989 0.0112107 0.00797458
internal_weight=5e+06 4.11001e+06 889993 178125 81771 7987 96354 49686 2829 711868 44150 19505 667718 26338 22134 20364 7340 13024 641380 581489 579505 106290 101263 473215 198237 12749 84492 274978 59891 55660
internal_count=5000000 4110007 889993 178125 81771 7987 96354 49686 2829 711868 44150 19505 667718 26338 22134 20364 7340 13024 641380 581489 579505 106290 101263 473215 198237 12749 84492 274978 59891 55660
cat_boundaries=0 1 2 3 4
cat_threshold=15728831 448 4110 9011263
is_linear=0
shrinkage=0.1


Tree=203
num_leaves=31
num_cat=5
split_feature=74 85 48 76 73 78 2 76 75 75 12 11 1 23 89 9 23 83 0 14 22 9 9 89 16 26 5 62 81 75
split_gain=603.107 999.813 753.53 752.907 977.176 1324.72 1228.56 1078.74 961.818 940.89 729.122 672.455 700.353 652.553 1252.43 1200.24 1036.03 2042.55 1933.63 1382.28 1233.08 2536.36 2096.05 2087.43 1996.93 1707.81 1538.81 1970.71 1605.63 1479.95
threshold=669.00000000000011 1.8499999642372134 2.9500000476837163 0 140.23665618896487 1.0000000180025095e-35 3.2500000000000004 1 2 3 7.6499998569488534 0.45000000298023229 -8.6500000953674299 22.94999980926514 21.050000190734867 28.150000572204593 15.650000095367433 14.84999990463257 20.349999427795414 21.250000000000004 8.0500001907348651 14.449999809265138 8.8499999046325701 10.050000190734865 14.650000095367433 1.0000000180025095e-35 18.650000572204593 1.9499999880790713 1.0000000180025095e-35 4
decision_type=2 8 10 1 2 8 8 1 1 1 10 10 8 10 10 10 10 10 2 10 10 10 8 10 10 10 10 10 10 1
left_child=13 2 -2 8 6 -6 7 -5 11 10 -8 12 -3 14 15 16 17 19 -19 20 21 23 24 -1 25 -22 27 -24 -28 -25
right_child=1 3 -4 4 5 -7 9 -9 -10 -11 -12 -13 -14 -15 -16 -17 -18 18 -20 -21 22 -23 26 29 -26 -27 28 -29 -30 -31
leaf_value=9.0945608257126135e-05 0.0047791352101102767 -0.010454873992898454 -0.027572808734351303 0.045089803607382309 -0.021681047109177204 -0.13291630654607037 -0.02964902359646969 -0.0029306433157867367 -0.015331275147026627 -0.0036784211956314206 -0.12460867289846972 -0.020333868273485222 -0.10718753095852632 -0.0021533965138590639 0.0073689388336199216 0.022214660978202072 -0.0026890025796044723 0.013574019409380068 -0.041578045427161321 0.015012791516307826 -0.00064836821377678585 0.020407803522292406 -0.01506679024447199 0.00059002216647066109 0.036922463907075452 0.026735874105380267 0.01335147106499558 -0.0024433138420882519 -0.079498572951105281 0.033193128939297795
leaf_weight=1387441 92795 994 7805 9026 9863 1201 7960 9705 29465 46023 900 2933 3030 922057 270533 24848 939567 171278 6602 63300 277141 69596 235100 23919 16903 24813 49013 260926 1936 33327
leaf_count=1387441 92795 994 7805 9026 9863 1201 7960 9705 29465 46023 900 2933 3030 922057 270533 24848 939567 171278 6602 63300 277141 69596 235100 23919 16903 24813 49013 260926 1936 33327
internal_value=-9.39576e-08 -0.00509887 0.00226913 -0.0112196 -0.00604566 -0.0337557 -0.00188174 0.0202317 -0.0232405 -0.00942884 -0.0392507 -0.0566685 -0.0832928 0.000236475 0.000807912 0.000312899 0.000160066 0.00118128 0.0115271 0.000428105 4.02204e-05 0.00176134 -0.0029699 0.000863066 0.00347431 0.00160193 -0.00672652 -0.00842643 0.00982328 0.0195765
internal_weight=5e+06 221700 100600 121100 84678 11064 73614 18731 36422 54883 8860 6957 4024 4.7783e+06 3.85624e+06 3.58571e+06 3.56086e+06 2.6213e+06 177880 2.44342e+06 2.38012e+06 1.51428e+06 865832 1.44469e+06 318857 301954 546975 496026 50949 57246
internal_count=5000000 221700 100600 121100 84678 11064 73614 18731 36422 54883 8860 6957 4024 4778300 3856243 3585710 3560862 2621295 177880 2443415 2380115 1514283 865832 1444687 318857 301954 546975 496026 50949 57246
cat_boundaries=0 1 2 3 4 5
cat_threshold=4194559 130048 6 4110 7296
is_linear=0
shrinkage=0.1


Tree=204
num_leaves=31
num_cat=3
split_feature=86 0 2 89 86 72 86 71 0 23 8 75 83 23 14 23 75 11 75 89 0 4 14 32 86 23 83 69 90 84
split_gain=586.188 794.543 1132.6 941.307 846.238 748.375 952.605 844.805 670.215 2379.8 1669.79 1645.2 1625.16 1439.67 1113.18 1023.11 1214.43 1856.06 985.778 961.946 1240.74 2233.46 1734.04 2406.84 1710 1490.97 1600.97 1302.59 1395.85 2453.89
threshold=31.650000572204593 28.750000000000004 31.94999980926514 29.050000190734867 28.550000190734867 30.90164947509766 3.8500000238418584 1.9499999880790713 21.849999427795414 18.550000190734867 26.44999980926514 0 21.349999427795414 12.449999809265138 27.849999427795414 21.849999427795414 1 22.050000190734867 2 20.050000190734867 15.84999990463257 19.650000572204593 21.94999980926514 1.0000000180025095e-35 14.650000095367433 14.150000095367433 17.150000572204593 0.94999998807907116 1.0000000180025095e-35 1.0000000180025095e-35
decision_type=10 2 10 10 8 2 8 8 2 10 10 1 8 8 10 8 1 10 1 10 2 10 10 10 8 8 8 8 10 10
left_child=1 2 3 5 -3 6 -1 -8 10 11 14 -10 -11 -13 19 -14 17 -17 -15 20 21 22 27 -24 -22 -26 -27 28 -7 -30
right_child=-2 4 -4 -5 -6 8 7 -9 9 12 -12 13 15 18 -16 16 -18 -19 -20 -21 24 -23 23 -25 25 26 -28 -29 29 -31
leaf_value=0.10684113268502318 0.01306997757867657 -0.023040495962534602 0.075567401210220542 0.019582092793926295 -0.0037207445634679331 -0.0051663090977524572 0.023504880156543617 0.003066435963176991 0.0013627407051860921 -0.020669665199251445 0.019289411628323191 -0.23263765018920279 0.0076238363460190408 -0.038108818135516823 0.018152487766157969 -0.015677370418441885 -0.0012904211119120744 -0.12701022687550864 -0.13337445666819633 0.0067509863727579396 -0.025589864660956696 0.028759244710995641 0.018789729061122154 -0.10038472015826756 0.010160943658813346 -0.015386264891704646 -0.0022360024419855692 0.0012183593036816142 -0.014324966175635268 0.021832672702820941
leaf_weight=946 34081 27340 1990 24698 132787 675452 23871 132361 10355 43048 45947 414 123691 17476 33884 31566 600438 1572 1153 196648 35241 27743 67946 1738 76493 113245 507331 1929361 29460 51724
leaf_count=946 34081 27340 1990 24698 132787 675452 23871 132361 10355 43048 45947 414 123691 17476 33884 31566 600438 1572 1153 196648 35241 27743 67946 1738 76493 113245 507331 1929361 29460 51724
internal_value=-7.3181e-08 -8.97727e-05 0.000141119 0.000109874 -0.00701939 9.24278e-06 0.00679506 0.00618927 -0.000221523 -0.00279593 0.000341743 -0.0307392 -0.00176949 -0.0481707 0.000109355 -0.000695082 -0.00231916 -0.0209525 -0.0440971 -5.53304e-05 -0.000436033 0.000527554 0.00024333 0.0158174 -0.00409851 -0.003012 -0.00463571 -0.000160715 -0.00367724 0.00871181
internal_weight=5e+06 4.96592e+06 4.80579e+06 4.8038e+06 160127 4.7791e+06 157178 156232 4.62193e+06 829713 3.79221e+06 29398 800315 19043 3.74627e+06 757267 633576 33138 18629 3.71238e+06 3.51573e+06 2.78342e+06 2.75568e+06 69684 732310 697069 620576 2.686e+06 756636 81184
internal_count=5000000 4965919 4805792 4803802 160127 4779104 157178 156232 4621926 829713 3792213 29398 800315 19043 3746266 757267 633576 33138 18629 3712382 3515734 2783424 2755681 69684 732310 697069 620576 2685997 756636 81184
cat_boundaries=0 1 2 3
cat_threshold=288 56 1744
is_linear=0
shrinkage=0.1


Tree=205
num_leaves=31
num_cat=2
split_feature=23 15 6 0 83 8 86 1 73 73 73 39 74 76 79 57 2 85 73 20 72 80 11 85 86 74 22 74 10 75
split_gain=596.638 1169.92 1518.96 1378.82 1563.25 1513.66 1179.33 1166.84 1143.57 1103.03 1065.17 1669.09 1386.76 1226.48 1476.3 1288.69 1061.87 1009.7 1018.7 957.006 1046.94 938.622 1077.19 931.51 928.288 897.228 844.272 810.124 785.043 776.174
threshold=-2.1499999761581416 6.2500000000000009 -0.15000000223517415 3.8500000238418584 -1.1500000357627866 2.8500000238418584 -1.9499999880790708 -6.6499998569488517 144.46170043945315 140.55999755859378 143.31164550781253 1.0000000180025095e-35 32.500000000000007 0 2.0499999523162846 1.9499999880790713 -6.6499998569488517 1.8499999642372134 145.15920257568362 -8.6500000953674299 43.024999618530281 -4.9500000476837149 -4.3500001430511466 1.3499999642372134 -5.8500001430511466 379.00000000000006 -7.5499999523162833 510.50000000000006 -0.45000000298023218 1
decision_type=10 10 8 2 10 10 10 10 2 2 2 8 2 1 10 8 8 10 2 8 2 8 10 8 8 2 8 2 8 1
left_child=1 3 9 4 5 6 8 27 10 25 19 12 -12 -14 15 21 -6 24 -19 20 28 22 -15 -17 -10 -3 -5 -8 -1 -2
right_child=29 2 -4 26 16 -7 7 -9 17 -11 11 -13 13 14 -16 23 -18 18 -20 -21 -22 -23 -24 -25 -26 -27 -28 -29 -30 -31
leaf_value=-0.017807015310013264 -0.0036499399594741113 0.011144289860336512 0.010703906574150409 -0.17897020289029145 0.12952177120704053 0.036242557472336297 0.20458213607384867 0.013749682465217459 0.072289221232233428 0.14696161292851048 0.0239882406512213 -0.15520629384108331 0.0042473093572927027 -0.016843810931384123 -0.14934298309926239 -0.020487362200239983 0.018252335014982864 -0.028573757512741285 0.077828154772016933 -0.0066496964970521868 0.025265599367814029 -0.047834523078282981 0.08238685484880108 -0.10595312510557625 0.013951159855837765 0.10904665727630346 -0.034138346503439242 0.019086217284884032 0.059726610759976456 0.00020292145067810622
leaf_weight=12519 600031 2675 15181 433 874 11320 553 29523 4778 1445 5975 928 7213 3310 1260 2004 45893 5368 1081 135300 22046 4325 1634 3507 6356 1440 5712 410 1458 4065448
leaf_count=12519 600031 2675 15181 433 874 11320 553 29523 4778 1445 5975 928 7213 3310 1260 2004 45893 5368 1081 135300 22046 4325 1634 3507 6356 1440 5712 410 1458 4065448
internal_value=-1.00141e-07 0.0040794 0.0270813 0.00255896 0.00349584 0.000477584 -0.00114479 0.0172831 -0.00370932 0.0717981 -0.00584374 -0.0231744 -0.0189823 -0.0300239 -0.0454096 -0.0365799 0.0203318 0.0207484 -0.0107384 -0.00279322 0.0116914 -0.0138113 0.0159521 -0.0748747 0.0389861 0.0454042 -0.0443437 0.125607 -0.00971915 -0.000292606
internal_weight=5e+06 334521 20741 313780 307635 260868 249548 30486 219062 5560 201479 30156 29228 23253 16040 14780 46767 17583 6449 171323 36023 9269 4944 5511 11134 4115 6145 963 13977 4.66548e+06
internal_count=5000000 334521 20741 313780 307635 260868 249548 30486 219062 5560 201479 30156 29228 23253 16040 14780 46767 17583 6449 171323 36023 9269 4944 5511 11134 4115 6145 963 13977 4665479
cat_boundaries=0 1 2
cat_threshold=2095104 6
is_linear=0
shrinkage=0.1


Tree=206
num_leaves=31
num_cat=7
split_feature=74 74 85 72 81 75 9 76 82 0 87 78 75 90 4 48 89 73 72 74 74 75 1 58 75 76 72 74 76 4
split_gain=588.302 1339.58 1348.59 1160.08 1051.04 1537.42 1709.6 997.988 978.092 955.672 1637.8 1463.75 1416.97 1326.93 1226.51 1091.99 1341.33 859.225 1005.29 1004.04 1172.71 969.873 850.031 829.626 800.445 963.79 825.822 944.919 764.46 764.095
threshold=249.50000000000003 273.50000000000006 2.3500000238418584 32.94585037231446 1.0000000180025095e-35 0 13.050000190734865 1 4.3500001430511483 4.6499998569488534 1.0000000180025095e-35 1.0000000180025095e-35 2 1.0000000180025095e-35 8.6500000953674334 1.2500000000000002 5.4500000476837167 141.04750061035159 33.750799179077156 322.00000000000006 283.50000000000006 3 -3.8500000238418575 1.1500000357627871 4 5 39.536699295043952 1003.5000000000001 6 2.0499999523162846
decision_type=2 2 8 2 8 1 8 1 10 2 8 10 1 10 10 8 8 2 2 2 2 1 8 10 1 1 2 2 1 8
left_child=-1 2 8 7 9 -6 24 -3 -2 10 11 13 -11 14 15 16 22 18 -17 20 -19 -20 -5 -18 25 -7 27 -26 -4 -28
right_child=1 3 28 4 5 6 -8 -9 -10 12 -12 -13 -14 -15 -16 17 23 19 21 -21 -22 -23 -24 -25 26 -27 29 -29 -30 -31
leaf_value=0.00057294275515849217 -0.005709158110608516 -0.004444415557197972 -0.0080945692976006119 0.012068021336736786 0.00032595382836882945 0.043226755942541571 -0.057058641974403884 0.025873445965577002 0.06603914711314747 -0.025778767966508537 -0.02938961285889588 -0.039338860258437941 -0.001632341960341496 -0.036841143171081878 0.056838091329653388 -0.046240596406124171 0.024395448120074693 -0.030231586326101085 0.041465423800343404 -0.016255740530036842 0.039439379077140652 0.015856730036763005 -0.015369314761702274 0.00051053077110537349 -0.0096497762686123326 -0.019112296542779211 -0.03220657805140667 -0.087553179883690574 -0.036741907727843172 -0.11221691124894083
leaf_weight=3909060 55791 17373 14203 14870 62904 4853 11364 28945 1967 25428 13394 6762 544682 6461 5261 2154 28936 3248 20598 15675 9431 52570 46920 29235 28189 5054 4184 1648 27170 1670
leaf_count=3909060 55791 17373 14203 14870 62904 4853 11364 28945 1967 25428 13394 6762 544682 6461 5261 2154 28936 3248 20598 15675 9431 52570 46920 29235 28189 5054 4184 1648 27170 1670
internal_value=-8.99725e-08 -0.00205338 -0.0131373 -0.000945549 -0.00170251 -0.0104528 -0.0223522 0.0145064 -0.00326571 -0.000432124 0.00464987 0.00653292 -0.0027098 0.00785084 0.00911234 0.0079896 0.00149345 0.0155062 0.0210916 0.000668402 0.0215917 0.0230738 -0.00876641 0.0123916 -0.0137075 0.0114376 -0.0206846 -0.0139526 -0.0269184 -0.0550315
internal_weight=5e+06 1.09094e+06 99131 991809 945491 119866 56962 46318 57758 825625 255515 242121 570110 235359 228898 223637 119961 103676 75322 28354 12679 73168 61790 58171 45598 9907 35691 29837 41373 5854
internal_count=5000000 1090940 99131 991809 945491 119866 56962 46318 57758 825625 255515 242121 570110 235359 228898 223637 119961 103676 75322 28354 12679 73168 61790 58171 45598 9907 35691 29837 41373 5854
cat_boundaries=0 1 2 3 4 5 6 7
cat_threshold=1986 523264 4098 2104 48 4454144 516096
is_linear=0
shrinkage=0.1


Tree=207
num_leaves=31
num_cat=5
split_feature=74 48 79 85 73 61 72 0 79 74 9 82 75 76 76 75 1 13 2 12 78 72 73 73 72 75 62 2 14 3
split_gain=589.597 828.897 1189.51 593.131 963.171 761.081 698.462 953.093 1242.83 712.515 798.891 910.104 752.101 731.562 681.138 915.845 960.053 1506.38 902.249 1116.62 900.774 978.933 2572.03 1479.09 2175.17 1331.89 967.413 965.597 2729.83 1143.45
threshold=1099.0000000000002 0.35000000894069677 2.4500000476837163 7.7500000000000009 138.28914642333987 5.3500001430511483 30.90164947509766 14.34999990463257 3.2500000000000004 149.50000000000003 22.349999427795414 7.4500000476837167 0 1 2 3 20.349999427795414 23.94999980926514 15.949999809265138 19.250000000000004 0.75000000000000011 36.902500152587898 139.99079895019534 139.32084655761722 35.662500381469734 4 3.3500000238418584 11.449999809265138 17.349999427795414 7.0499999523162851
decision_type=2 8 8 10 2 8 2 2 8 2 10 10 1 1 1 1 8 10 10 8 8 2 2 2 2 1 10 10 10 10
left_child=3 -2 -3 6 5 -5 7 8 -1 10 11 -9 -12 -11 15 18 17 20 19 -8 21 23 -23 26 -25 -26 -17 28 29 -24
right_child=1 2 -4 4 -6 -7 14 9 -10 13 12 -13 -14 -15 -16 16 -18 -19 -20 -21 -22 22 27 24 25 -27 -28 -29 -30 -31
leaf_value=0.083087791737525382 0.018315778830741439 -0.0010722770092316731 -0.039584514917277894 -0.037562436312143316 0.00051202346262322381 -0.0042562804956009321 -0.011348849749149946 0.022525600537987706 0.011413346364735613 -0.026872105350440711 -0.034256826627856944 -0.031238819023103971 0.0045076635654530987 0.0042613992801055611 0.00045759920084932523 0.0011975606373061081 -0.0094485918368721316 0.020891098083323657 -0.032321656964034072 0.013122843944960966 0.018730073030327858 0.037104491017714791 0.0035812741315823238 0.023480434551744683 -0.0067380373911405059 -0.078321600812382902 -0.018728769106942822 -0.015110728127211082 0.064237980897653604 -0.031414099589306785
leaf_weight=3615 7276 17177 15044 16116 42287 11947 111051 42096 7314 13172 5352 3403 75185 17656 4129863 88440 101026 36351 16069 22408 22254 19781 69116 4552 3699 8821 33629 37565 6940 10795
leaf_count=3615 7276 17177 15044 16116 42287 11947 111051 42096 7314 13172 5352 3403 75185 17656 4129863 88440 101026 36351 16069 22408 22254 19781 69116 4552 3699 8821 33629 37565 6940 10795
internal_value=-7.47781e-08 -0.0121696 -0.0190537 9.68225e-05 -0.00901996 -0.0233833 0.000227977 0.00656818 0.0351212 0.00457884 0.00791203 0.0185044 0.00192792 -0.00904847 2.69961e-06 -0.00316803 -0.000883692 0.00164676 -0.00993474 -0.00724001 -0.000642411 -0.00216397 0.00360999 -0.00814774 -0.0357173 -0.0572404 -0.00429198 -0.00171533 0.00407848 -0.00114617
internal_weight=5e+06 39497 32221 4.9605e+06 70350 28063 4.89015e+06 167793 10929 156864 126036 45499 80537 30828 4.72236e+06 592497 442969 341943 149528 133459 305592 283338 144197 139141 17072 12520 122069 124416 86851 79911
internal_count=5000000 39497 32221 4960503 70350 28063 4890153 167793 10929 156864 126036 45499 80537 30828 4722360 592497 442969 341943 149528 133459 305592 283338 144197 139141 17072 12520 122069 124416 86851 79911
cat_boundaries=0 1 2 3 4 5
cat_threshold=4110 3143680 112 56 1984
is_linear=0
shrinkage=0.1


Tree=208
num_leaves=31
num_cat=4
split_feature=91 52 73 79 72 88 9 86 75 85 82 73 60 73 57 79 69 74 72 73 72 75 78 4 75 13 75 64 91 89
split_gain=567.476 647.962 898.118 656.519 626.242 691.25 1265.09 1615.41 1064.18 817.359 769.063 961.92 765.374 974.46 950.13 891.807 829.282 815.789 942.447 1884 1706.44 1506.1 1094.42 977.568 902.911 1710.57 977.038 869.891 837.011 835.072
threshold=8.0500001907348651 3.5499999523162846 138.946647644043 2.0499999523162846 26.286649703979496 4.1499998569488534 1.4499999880790713 -3.8500000238418575 0 6.5499999523162851 6.8500001430511483 140.06079864501956 4.2500000000000009 141.93664550781253 4.8500001430511483 5.3500001430511483 9.6500000953674334 352.00000000000006 36.013349533081062 137.77420043945315 35.64580154418946 1 1.0000000180025095e-35 -2.5499999523162837 2 12.250000000000002 3 4.0499999523162851 2.4500000476837163 1.6500000357627871
decision_type=10 8 2 8 2 10 8 10 1 10 8 2 8 2 8 10 10 2 2 2 2 1 10 8 1 8 1 10 10 8
left_child=4 -2 -3 -4 -1 9 7 -7 -8 12 11 -10 14 -14 15 17 -15 27 19 -19 22 -20 29 -23 25 26 -25 -6 -26 -21
right_child=1 2 3 -5 5 6 8 -9 10 -11 -12 -13 13 16 -16 -17 -18 18 21 20 -22 23 -24 24 28 -27 -28 -29 -30 -31
leaf_value=0.0090375865959915844 -0.024099811325580697 -0.01634590374414864 -0.060883820166040159 0.018603166126949441 0.0025816615225791851 -0.022636087665806048 -0.00066278021017003694 0.015492518592857541 0.0010309157535578737 -0.010604128266121777 -0.020381288352740057 -0.020611525887099452 -0.0014296377430324057 -0.016497005572540867 -0.008096611052134467 -0.0092717404763734083 0.038334757713577534 -0.0025639171590665561 -0.021447762796788724 -0.058396972448283513 0.028196812332477308 0.023528672249691907 0.054416431140172555 0.023072956552459625 0.002621776670983992 -0.034647218580916184 -0.0090419756639749851 -0.0039847903990033349 -0.019463719855286127 -0.0013588554858711306
leaf_weight=77468 20485 20995 1105 17422 2871400 13849 142746 56219 59445 67471 70224 31376 430435 66305 112620 79281 2878 221097 50016 2798 45231 13592 3281 11247 159550 24395 59785 216991 19228 31065
leaf_count=77468 20485 20995 1105 17422 2871400 13849 142746 56219 59445 67471 70224 31376 430435 66305 112620 79281 2878 221097 50016 2798 45231 13592 3281 11247 159550 24395 59785 216991 19228 31065
internal_value=-9.46986e-08 -0.00966619 -0.00218497 0.0138623 0.000117321 -2.47933e-05 -0.00415614 0.00795637 -0.00694983 0.000319304 -0.0125217 -0.00644592 0.000486005 -0.00320019 0.000955635 0.00122328 -0.014216 0.00144637 -0.00179922 0.00224544 0.0151539 -0.00543271 -0.000728712 -0.00264863 -0.0039463 -0.0117999 -0.00395502 0.0021203 0.000246415 -0.00607175
internal_weight=5e+06 60007 39522 18527 4.93999e+06 4.86252e+06 373859 70068 303791 4.48867e+06 161045 90821 4.4212e+06 499618 3.92158e+06 3.80896e+06 69183 3.72968e+06 641285 303472 82375 337813 37144 287797 274205 95427 71032 3.08839e+06 178778 33863
internal_count=5000000 60007 39522 18527 4939993 4862525 373859 70068 303791 4488666 161045 90821 4421195 499618 3921577 3808957 69183 3729676 641285 303472 82375 337813 37144 287797 274205 95427 71032 3088391 178778 33863
cat_boundaries=0 1 2 3 4
cat_threshold=1840 6 4152 32
is_linear=0
shrinkage=0.1


Tree=209
num_leaves=31
num_cat=6
split_feature=23 83 75 0 73 75 0 72 12 72 1 75 66 8 19 24 76 7 0 9 76 31 78 72 75 24 23 23 27 83
split_gain=614.064 1238.67 1142.13 1135.83 1091.13 910.584 1698 1240.66 1715.84 1108.65 2338.49 1267.71 1232.43 1035.41 1420.74 1177.53 1404.06 1078.44 1025.95 1564.38 962.356 1462.98 1754.87 1426.83 1640.05 1322.99 1184.72 1179.62 1192.22 1143.33
threshold=2.6499999761581425 5.0499999523162851 0 10.250000000000002 136.75085449218753 1 15.050000190734865 40.00164985656739 8.2500000000000018 42.50835037231446 22.250000000000004 2 0.84999999403953563 21.750000000000004 17.550000190734867 1.0000000180025095e-35 3 13.449999809265138 17.849999427795414 15.84999990463257 4 1.0000000180025095e-35 1.0000000180025095e-35 34.80999946594239 5 1.0000000180025095e-35 14.150000095367433 15.750000000000002 1.0000000180025095e-35 18.650000572204593
decision_type=10 10 1 2 2 1 2 2 8 2 10 1 10 10 8 2 1 8 2 8 1 10 10 2 1 2 10 10 10 8
left_child=1 -1 3 -3 -5 6 7 8 -2 12 11 -11 13 15 -15 16 -7 -17 -13 -20 23 22 27 -8 -25 -23 -26 -22 29 -29
right_child=5 2 -4 4 -6 9 20 -9 -10 10 -12 18 -14 14 -16 17 -18 -19 19 -21 21 25 -24 24 26 -27 -28 28 -30 -31
leaf_value=0.0013264676092908335 0.080380172535116007 0.010638423101601789 0.033248393414049129 0.028955190362199686 -0.089698485745892564 -0.0026979272153917419 0.0028073750777807618 0.0023662459008633231 0.01321457380265445 -0.073518398474507529 -0.21293640520088442 -0.006594408126967698 0.00012828463915974165 0.033984976299927042 -0.015707810784384674 0.020084685234233773 -0.015083050985103813 -0.012549457230489322 -0.024200525227820679 -0.1685280250718714 0.014137927753026417 0.020595099640176761 0.015856917245480665 -0.017616993590193097 0.032441253726871171 -0.0023458275298208135 -0.0042335416202962835 -0.015929560557595944 0.018141840263928507 -0.0013060737646212548
leaf_weight=826153 3922 38850 23508 1176 2273 179795 246618 176590 125881 2982 564 166962 1404850 14461 9555 28095 186489 15833 3489 957 50312 71272 68169 104728 9067 38836 308437 57277 29571 803328
leaf_count=826153 3922 38850 23508 1176 2273 179795 246618 176590 125881 2982 564 166962 1404850 14461 9555 28095 186489 15833 3489 957 50312 71272 68169 104728 9067 38836 308437 57277 29571 803328
internal_value=-8.68397e-08 0.00237821 0.015582 0.00575455 -0.0492413 -0.000516476 0.000943637 0.00782188 0.015244 -0.00203456 -0.00964137 -0.00898388 -0.00131093 -0.00596719 0.0142142 -0.00714872 -0.00900415 0.00832234 -0.00785642 -0.055267 -0.000235273 0.00155874 0.000363976 -0.00323604 -0.00676596 0.0125036 -0.00318611 -0.000758992 -0.00160095 -0.00227933
internal_weight=5e+06 891960 65807 42299 3449 4.10804e+06 2.09401e+06 306393 129803 2.01403e+06 174954 174390 1.83908e+06 434228 24016 410212 366284 43928 171408 4446 1.78762e+06 1.11876e+06 1.00866e+06 668850 422232 110108 317504 940488 890176 860605
internal_count=5000000 891960 65807 42299 3449 4108040 2094008 306393 129803 2014032 174954 174390 1839078 434228 24016 410212 366284 43928 171408 4446 1787615 1118765 1008657 668850 422232 110108 317504 940488 890176 860605
cat_boundaries=0 1 2 3 4 5 6
cat_threshold=6666 992 6 1039360 14680191 96
is_linear=0
shrinkage=0.1


Tree=210
num_leaves=31
num_cat=7
split_feature=44 0 86 9 89 80 23 66 28 75 76 51 48 49 0 11 75 72 75 9 75 10 0 72 48 76 88 73 76 74
split_gain=556.144 573.863 1936.54 1666.57 1225.78 1148.11 959.295 938.921 1100 1430.51 1207.73 1653.93 2269.11 1361.71 1241.18 2035.76 1099.81 1044.33 971.01 1057 1606.71 951.164 939.354 907.574 1125.69 1026.01 958.768 907.954 960.194 902.518
threshold=3.2500000000000004 21.050000190734867 20.150000572204593 26.050000190734867 19.150000572204593 18.94999980926514 10.84999990463257 1.0500000119209292 0.75000000000000011 0 1 1.5500000119209292 2.6499999761581425 2.4500000476837163 -5.8500001430511466 -1.2499999999999998 2 42.385799407958991 3 9.6500000953674334 4 18.150000572204593 -12.849999904632567 42.923349380493171 1.0000000180025095e-35 5 1.1500000357627871 141.52664947509768 6 275.50000000000006
decision_type=10 2 8 10 10 8 8 8 8 1 1 10 10 10 2 10 1 2 1 8 1 8 2 2 8 1 8 2 1 2
left_child=1 3 -3 4 7 -4 -7 8 10 21 16 12 13 14 15 -12 -1 22 -16 -20 -21 -10 -9 25 -25 -19 -27 28 -26 -28
right_child=-2 2 5 -5 -6 6 -8 17 9 -11 11 -13 -14 -15 18 -17 -18 23 19 20 -22 -23 -24 24 27 26 29 -29 -30 -31
leaf_value=0.005489039542018472 -0.0085372112691479637 -0.022880651824832399 -0.039361926413879776 0.019164316756578325 0.0076757620413170306 -0.16893664373189124 -0.00069342632780872301 0.10716806185874453 0.040554015082914945 -0.0014123751741057947 0.0063489639368553624 -0.016422081694348355 -0.043517979825294206 -0.048719719111727955 0.0045928408624155192 0.088262134167089487 -0.0043312278290910328 0.0028713755837376713 -0.015640766608935538 0.049826920486281512 -0.0034202426494577619 -0.0028814952726155243 0.0022648838783435096 -0.04238802766348429 -0.0034729925626131569 -0.0018930558276935281 -0.030191208257922226 -0.0017695239829135696 0.021626749199494543 0.006502489699088088
leaf_weight=219168 75160 41806 7747 48550 224165 339 1199556 854 18388 42287 13139 130281 13551 6091 125987 3945 237740 39739 79153 5921 127254 6946 1802540 6333 26051 28289 44879 379537 36724 7880
leaf_count=219168 75160 41806 7747 48550 224165 339 1199556 854 18388 42287 13139 130281 13551 6091 125987 3945 237740 39739 79153 5921 127254 6946 1802540 6333 26051 28289 44879 379537 36724 7880
internal_value=-9.32932e-08 0.000130195 -0.00172121 0.000759579 0.000513207 -0.000988712 -0.000740959 4.13451e-05 -0.0024801 0.00984832 -0.00334649 -0.00671522 -0.00334345 -0.00183745 -0.00103395 0.0252642 0.00037934 0.0011357 -0.00236194 -0.00648854 -0.00104937 0.0286337 0.00231456 -0.00259776 -0.000526287 -0.0102919 -0.0167444 7.30876e-05 0.0112135 -0.0247107
internal_weight=5e+06 4.92484e+06 1.24945e+06 3.67539e+06 3.62684e+06 1.20764e+06 1.1999e+06 3.40268e+06 1.02985e+06 67621 962230 505322 375041 361490 355399 17084 456908 2.37283e+06 338315 212328 133175 25334 1.80339e+06 569432 448645 120787 81048 442312 62775 52759
internal_count=5000000 4924840 1249448 3675392 3626842 1207642 1199895 3402677 1029851 67621 962230 505322 375041 361490 355399 17084 456908 2372826 338315 212328 133175 25334 1803394 569432 448645 120787 81048 442312 62775 52759
cat_boundaries=0 1 2 3 4 5 6 7
cat_threshold=722 4190208 2296 6592 4 916480 3668480
is_linear=0
shrinkage=0.1


Tree=211
num_leaves=31
num_cat=4
split_feature=0 4 86 83 76 89 72 82 48 53 50 75 72 23 75 83 0 7 84 91 73 76 72 79 72 48 73 0 48 50
split_gain=580.832 4109.8 3153.46 2619.9 1870.08 1754.67 1630.9 1543.33 1402 2293.6 1743.7 1354.93 2340.65 1680.57 3565.53 1520.14 1431.18 1391.69 1475.86 1333.5 1580.93 1874.74 1492.55 1501.54 1358.65 1263.64 1234.98 1402.64 1221.12 1455.72
threshold=7.6499998569488534 11.449999809265138 8.0500001907348651 8.8499999046325701 0 10.650000095367433 33.418348312377937 1.4499999880790713 1.1500000357627871 0.75000000000000011 0.84999999403953563 1 38.602500915527351 6.2500000000000009 2 12.050000190734865 17.650000572204593 18.349999427795414 1.0000000180025095e-35 0.94999998807907116 129.97499847412112 3 32.826700210571296 2.1499999761581425 32.232500076293952 0.75000000000000011 140.20584869384768 3.0499999523162846 2.5499999523162846 1.5500000119209292
decision_type=2 10 10 10 1 10 2 8 8 8 8 1 2 8 1 8 2 10 8 8 2 1 2 8 2 8 2 2 10 10
left_child=1 2 3 5 -3 6 7 -1 9 -8 -10 12 25 14 -13 17 -16 28 -19 24 -21 -22 23 -23 -9 -2 27 -12 -15 -30
right_child=11 4 -4 -5 -6 -7 8 19 10 -11 26 13 -14 15 16 -17 -18 18 -20 20 21 22 -24 -25 -26 -27 -28 -29 29 -31
leaf_value=0.0050144447869382479 0.016851070504933948 0.04658062401115777 0.024520088395266829 0.035997355295230127 -0.069176308403170697 0.063443212972499663 0.0041655915087836547 0.047249749202056046 -0.010746198326534572 -0.0095147011939114966 0.015296315635295682 -0.023542541647872461 -0.079352463418057892 -0.01402770679007302 0.023141241805685803 7.1032158258168201e-05 -0.16304784754672685 0.020314683716612159 -0.1412370067504074 0.034401005857731454 0.0058364109169343073 0.012251643744138929 -0.080188085011896795 -0.054727964416164211 -0.01981562789969039 -0.010032486729602552 0.00061015607352511367 0.0024747337491184064 -0.035271032903343089 0.0037134794376195569
leaf_weight=25860 19550 25528 54598 20002 1469 4287 204971 4393 88293 304791 163250 21687 4607 185601 79476 2829379 415 22596 580 3002 6732 5008 11620 10091 9670 165477 446675 178741 10706 90945
leaf_count=25860 19550 25528 54598 20002 1469 4287 204971 4393 88293 304791 163250 21687 4607 185601 79476 2829379 415 22596 580 3002 6732 5008 11620 10091 9670 165477 446675 178741 10706 90945
internal_value=-6.96046e-08 0.00159376 0.000916561 5.01375e-05 0.0402735 -0.000439861 -0.000627044 -0.0148534 0.000156497 -0.00401397 0.00258072 -0.000728919 -0.00894457 -0.000248242 0.0124112 -0.000657797 0.0221713 -0.00730067 0.0162717 -0.0250241 -0.0351156 -0.0413542 -0.0532264 -0.0325123 0.00113425 -0.00719196 0.0040727 0.00859514 -0.00920253 -0.000392414
internal_weight=5e+06 1.56898e+06 1.54198e+06 1.48739e+06 26997 1.46738e+06 1.4631e+06 76376 1.38672e+06 509762 876959 3.43102e+06 189634 3.24138e+06 101578 3.13981e+06 79891 310428 23176 50516 36453 33451 26719 15099 14063 185027 788666 341991 287252 101651
internal_count=5000000 1568981 1541984 1487386 26997 1467384 1463097 76376 1386721 509762 876959 3431019 189634 3241385 101578 3139807 79891 310428 23176 50516 36453 33451 26719 15099 14063 185027 788666 341991 287252 101651
cat_boundaries=0 1 2 3 4
cat_threshold=16662531 4098 2048 522240
is_linear=0
shrinkage=0.1


Tree=212
num_leaves=31
num_cat=4
split_feature=74 72 73 91 73 55 72 87 75 76 76 82 73 91 53 76 85 84 80 72 48 83 72 57 15 0 86 89 11 23
split_gain=635.373 998.042 1876.98 1177.82 1312.65 1125.15 1080.84 1042.81 940.71 940.611 926.039 1195.14 1049 881.173 952.111 807.899 853.984 802.99 797.573 708.689 1083.13 817.748 707.511 706.972 675.471 666.324 1626.17 1264.06 834.484 971.611
threshold=476.50000000000006 36.436649322509773 137.77420043945315 2.7500000000000004 138.22084808349612 5.8500001430511483 35.525800704956062 1.0000000180025095e-35 0 1 2 2.3500000238418584 138.28914642333987 1.3499999642372134 3.7500000000000004 3 2.4500000476837163 1.0000000180025095e-35 17.050000190734867 36.613349914550788 2.3500000238418584 1.0000000180025095e-35 34.760000228881843 0.45000000298023229 3.2500000000000004 25.44999980926514 24.750000000000004 25.349999427795414 30.150000572204593 22.349999427795414
decision_type=2 2 2 10 2 10 2 10 1 1 1 10 2 10 10 1 8 10 10 2 8 8 2 10 8 2 10 8 10 10
left_child=25 2 17 5 -5 6 23 13 -9 -6 11 -8 -12 15 18 -3 19 22 -15 20 -17 24 -2 -4 -21 26 28 -27 29 -1
right_child=1 7 3 4 9 -7 10 8 -10 -11 12 -13 -14 14 -16 16 -18 -19 -20 21 -22 -23 -24 -25 -26 27 -28 -29 -30 -31
leaf_value=0.00086159256320312921 0.0064369470450768192 -0.015597877705873956 0.019475099171082443 0.0093853623424533256 -0.020438367412017308 -0.055834228599634696 0.015666225963683927 -0.0040352948325847356 -0.049512448549357976 -0.097162166318739043 0.049629795611829848 -0.044233767023857271 0.016753529601557429 -0.030918345530575521 0.021684549758832574 0.00016552599298133 -0.012942502656899682 -0.027758489991031862 0.0058023991575507049 0.029977915899449543 -0.089018129382483421 0.0088411470808858091 -0.0091744548225656686 -0.029710854508987028 0.10283421434756426 -0.016200111609769818 0.013967333292055942 -0.0011764417285303214 0.015148816141804465 -0.0043557780310810876
leaf_weight=3518299 41909 31448 4737 10289 4769 2199 34060 7521 11537 2407 17873 3692 21238 31752 5146 8987 22895 16461 7269 7238 1605 36975 94467 7628 1544 63861 91409 455165 38385 397235
leaf_count=3518299 41909 31448 4737 10289 4769 2199 34060 7521 11537 2407 17873 3692 21238 31752 5146 8987 22895 16461 7269 7238 1605 36975 94467 7628 1544 63861 91409 455165 38385 397235
internal_value=-7.07062e-08 -0.00364889 0.000252801 0.0102856 -0.0135099 0.0148311 0.0165727 -0.00952057 -0.0315936 -0.0463372 0.020987 0.00980564 0.0317692 -0.00680412 -0.018746 -0.00203922 0.00334308 -0.00689525 -0.0240778 0.00996062 -0.0133484 0.0153563 -0.004377 -0.0108678 0.0427871 0.000348192 0.000780975 -0.00302496 0.000476125 0.000332285
internal_weight=5e+06 435646 261729 108892 17465 91427 89228 173917 19058 7176 76863 37752 39111 154859 44167 110692 79244 152837 39021 56349 10592 45757 136376 12365 8782 4.56435e+06 4.04533e+06 519026 3.95392e+06 3.91553e+06
internal_count=5000000 435646 261729 108892 17465 91427 89228 173917 19058 7176 76863 37752 39111 154859 44167 110692 79244 152837 39021 56349 10592 45757 136376 12365 8782 4564354 4045328 519026 3953919 3915534
cat_boundaries=0 1 2 3 4
cat_threshold=3776 8386560 2047 522240
is_linear=0
shrinkage=0.1


Tree=213
num_leaves=31
num_cat=5
split_feature=22 80 0 75 8 0 1 73 86 1 83 74 86 72 23 5 76 76 75 72 6 74 74 23 72 1 72 17 76 22
split_gain=585.675 998.284 1270.07 1168.47 918.833 1511.19 886.343 884.637 984.923 1381.35 918.148 873.514 862.958 846.891 929.055 832.802 1147.91 829.993 806.857 1466 1713.57 1102.33 1007.01 1027.65 1128.96 797.501 968.664 797.431 748.802 1039.57
threshold=-2.4500000476837154 -1.7499999999999998 2.4500000476837163 0 1.0500000119209292 -3.4500000476837154 -7.5499999523162833 144.7174987792969 -2.2499999999999996 -5.3500001430511466 -0.74999999999999989 396.50000000000006 -5.8500001430511466 44.350849151611335 -8.5500001907348615 -5.9500000476837149 1 2 3 39.600799560546882 10.250000000000002 119.50000000000001 1042.5000000000002 15.84999990463257 30.90164947509766 14.949999809265138 35.097499847412116 -0.65000000596046437 4 10.050000190734865
decision_type=10 10 2 1 10 2 10 2 10 8 10 2 8 2 8 10 1 1 1 2 10 2 2 10 2 10 2 10 1 10
left_child=1 4 3 -3 7 -6 -5 8 10 11 17 -10 -9 14 -4 16 -2 -1 19 22 21 -21 23 -17 -25 -26 -27 -18 -20 -30
right_child=15 2 13 6 5 -7 -8 12 9 -11 -12 -13 -14 -15 -16 18 27 -19 28 20 -22 -23 -24 24 25 26 -28 -29 29 -31
leaf_value=0.012123110382229683 -0.035013857798612713 0.0072285261096932483 -0.17250858036521821 0.26310386088216442 0.066449408256968504 0.0073600773331805357 0.036594711052616802 0.053786045799722439 0.16203310284357852 0.009646119972453425 0.03685910905416788 0.024154069121432087 0.00088777472558142505 0.088898555113886335 -0.016911243643949324 -0.00079378045151335243 0.011464359392877696 -0.0085575999691148274 0.001585018704152466 -0.0098907482102468126 -0.26625048421505515 -0.040750014035371006 -0.071408827084323542 -0.010547257848851712 -0.034687943812184395 -0.082512395130454663 -0.2729410786878752 0.048882233248860964 0.0019920780339192879 -0.0026575670415822416
leaf_weight=22134 3747 24432 400 174 5309 23426 24143 5709 1010 23639 5141 843 6707 723 9440 502619 16679 157071 1878029 53429 276 14777 2084 18744 3406 1479 326 8649 714355 1471100
leaf_count=22134 3747 24432 400 174 5309 23426 24143 5709 1010 23639 5141 843 6707 723 9440 502619 16679 157071 1878029 53429 276 14777 2084 18744 3406 1479 326 8649 714355 1471100
internal_value=-1.00988e-07 0.0042074 0.0158753 0.0226869 0.00145013 0.0182773 0.0381998 -0.000725435 -0.00226007 0.0161635 -0.00480775 0.0993067 0.0252109 -0.0155611 -0.0232363 -0.000278497 0.0165933 -0.00600308 -0.00038375 -0.00381604 -0.0175827 -0.0165765 -0.00203278 -0.00175821 -0.0219937 -0.0631667 -0.116906 0.0242322 0.000120643 -0.00113774
internal_weight=5e+06 310301 59312 48749 250989 28735 24317 222254 209838 25492 184346 1853 12416 10563 9840 4.6897e+06 29075 179205 4.66062e+06 597140 68482 68206 528658 526574 23955 5211 1805 25328 4.06348e+06 2.18546e+06
internal_count=5000000 310301 59312 48749 250989 28735 24317 222254 209838 25492 184346 1853 12416 10563 9840 4689699 29075 179205 4660624 597140 68482 68206 528658 526574 23955 5211 1805 25328 4063484 2185455
cat_boundaries=0 1 2 3 4 5
cat_threshold=4098 15859815 57346 6 262016
is_linear=0
shrinkage=0.1


Tree=214
num_leaves=31
num_cat=9
split_feature=74 75 1 75 73 76 1 76 3 24 91 75 10 72 0 11 17 23 72 75 48 0 89 0 75 72 0 75 11 75
split_gain=572.559 736.264 1101.94 1190.91 993.104 931.3 910.158 864.303 792.891 846.585 788.572 774.212 1025.06 884.014 680.826 959.616 676.66 602.643 1050.75 993.689 913.428 920.725 1147.38 1298.53 1069.12 802.172 1393.9 1140.41 2665.12 1538.61
threshold=669.00000000000011 0 13.050000190734865 1 140.23665618896487 2 3.0499999523162846 3 -0.15000000223517415 1.0000000180025095e-35 2.0499999523162846 4 7.8500001430511483 36.013349533081062 18.44999980926514 14.050000190734865 7.8500001430511483 -5.2499999999999991 42.50835037231446 5 1.0000000180025095e-35 1.8499999642372134 -0.84999999403953541 -3.4500000476837154 6 40.00164985656739 -7.5499999523162833 7 11.84999990463257 8
decision_type=2 1 10 1 2 1 10 1 8 2 10 1 10 2 2 8 8 10 2 1 8 2 10 2 1 2 2 1 10 1
left_child=17 2 3 7 5 10 -7 -2 9 -3 -5 14 -13 -14 -10 -16 -15 18 -1 -20 -21 22 -22 -24 -23 26 -19 -27 -29 -30
right_child=1 8 -4 4 -6 6 -8 -9 11 -11 -12 12 13 16 15 -17 -18 25 19 20 21 24 23 -25 -26 27 -28 28 29 -31
leaf_value=0.023433868452289893 0.10931241522151836 0.022875672443713659 -0.045360216643354274 -0.02160245697361346 -0.062318965444051182 0.015652090024898372 -0.038743893321293466 0.012809178312477524 0.0099483172058408703 -0.053891971482313686 -0.095675521344894765 -0.0033202299979634108 -0.0082230309567845866 -0.024322166323317934 -0.055446565508215466 -0.0029245118212228361 -0.074020886950312045 0.086576377203352026 0.063267269568855658 -0.042266651010945178 0.0021060431349365313 -0.15629755168377923 0.21512218079146359 0.036386566787751366 -0.012403927520361659 0.0011003584883047402 0.00072033088834592865 -0.0027830685043604294 -0.01730380978435167 -0.059010179449751947
leaf_weight=29549 1042 18566 9842 11378 4194 14407 3911 7959 46102 1557 1645 34650 8804 5154 3786 42855 5848 1892 2595 4718 98412 754 466 3182 1615 514473 3538894 507968 63507 10275
leaf_count=29549 1042 18566 9842 11378 4194 14407 3911 7959 46102 1557 1645 34650 8804 5154 3786 42855 5848 1892 2595 4718 98412 754 466 3182 1615 514473 3538894 507968 63507 10275
internal_value=-9.54152e-08 -0.00496807 -0.0150757 -0.00838646 -0.0166148 -0.010504 0.00403603 0.0240898 -0.0016822 0.0169358 -0.0309352 -0.00422751 -0.0136906 -0.0318402 0.00133027 -0.0071879 -0.050739 0.000230405 0.00666402 0.00222941 0.000772348 0.00271688 0.00414745 0.0592185 -0.0589142 3.43707e-05 0.000766208 -0.00232945 -0.00536255 -0.0231222
internal_weight=5e+06 221700 54378 44536 35535 31341 18318 9001 167322 20123 13023 147199 54456 19806 92743 46641 11002 4.7783e+06 141291 111742 109147 104429 102060 3648 2369 4.63701e+06 3.54079e+06 1.09622e+06 581750 73782
internal_count=5000000 221700 54378 44536 35535 31341 18318 9001 167322 20123 13023 147199 54456 19806 92743 46641 11002 4778300 141291 111742 109147 104429 102060 3648 2369 4637009 3540786 1096223 581750 73782
cat_boundaries=0 1 2 3 4 5 6 7 8 9
cat_threshold=38 32 4194815 392192 1984 2048 4098 1984 48
is_linear=0
shrinkage=0.1


Tree=215
num_leaves=31
num_cat=6
split_feature=1 75 8 16 0 80 75 12 16 3 4 86 23 12 17 72 76 73 74 82 88 76 72 48 85 76 53 72 72 75
split_gain=546.309 1023.81 548.509 1756.6 1870.75 1258.18 1180.05 916.164 956.151 848.206 813.118 699.175 666.419 826.519 631.548 706.538 692.82 618.222 566.532 766.064 782.069 742.456 987.711 1296.21 965.752 787.712 671.705 650.766 608.447 1147.69
threshold=34.750000000000007 0 -8.6500000953674299 -3.8500000238418575 -8.6500000953674299 -9.3499999046325666 1 -5.3500001430511466 -13.249999999999998 -10.249999999999998 -13.050000190734862 -9.1500000953674299 -10.15000009536743 -13.15000009536743 -5.9500000476837149 43.490848541259773 2 142.9716491699219 907.50000000000011 2.2500000000000004 4.6499998569488534 3 35.95579910278321 0.94999998807907116 3.0499999523162846 4 4.6499998569488534 35.95579910278321 41.828350067138679 5
decision_type=10 1 8 10 2 10 1 10 8 8 8 10 10 10 10 2 1 2 2 10 8 1 2 10 8 1 10 2 2 1
left_child=2 -2 3 4 5 6 7 8 -1 -5 -7 12 13 -8 15 -10 -17 -15 28 20 21 -20 23 -23 -24 -25 27 -22 -4 -30
right_child=1 -3 18 9 -6 10 11 -9 14 -11 -12 -13 -14 17 -16 16 -18 -19 19 -21 26 22 24 25 -26 -27 -28 -29 29 -31
leaf_value=0.057522322925502356 0.29691756026936583 0.025163590922518627 0.00054677409107854074 0.076502826002261062 0.018596838340726937 0.10414312513150813 -0.1184570202254097 0.11166138863310987 -0.090049290659261899 0.013905884636111207 0.0029873140097000065 0.013155044426930398 -0.097745243234829471 0.035873132624604245 0.021133820982144218 -0.076153045291763935 0.02233548724952783 -0.055951432516143811 0.016180311352964893 -0.030293217697975841 0.014005738616684197 -0.013231072916333735 0.021030191773248441 -0.035650537092900093 -0.019017442322982497 -0.14678518392128598 -0.10680650240521622 -0.024458936110410889 0.0024425958185428785 -0.0049503165106053173
leaf_weight=1530 133 4868 3918315 5197 30076 1110 981 621 2225 3710 2797 1235 3797 1393 1814 1152 1847 1548 22931 12948 5676 10444 15054 1284 10036 1302 838 19542 326199 589397
leaf_count=1530 133 4868 3918315 5197 30076 1110 981 621 2225 3710 2797 1235 3797 1393 1814 1152 1847 1548 22931 12948 5676 10444 15054 1284 10036 1302 838 19542 326199 589397
internal_value=-9.75767e-08 0.0330348 -3.31722e-05 0.00938876 0.00237593 -0.0197492 -0.0308342 -0.00561853 -0.0141254 0.0504296 0.0317262 -0.0566421 -0.0678827 -0.0389719 -0.029701 -0.0473531 -0.0156762 -0.0124589 -0.000149721 -0.0075978 -0.00422424 0.00196594 -0.0065872 -0.0289255 0.00501114 -0.0923101 -0.0187283 -0.0158014 4.44333e-06 -0.00231647
internal_weight=5e+06 5001 4.995e+06 61033 52126 22050 18143 9189 8568 8907 3907 8954 7719 3922 7038 5224 2999 2941 4.93397e+06 100055 87107 61051 38120 13030 25090 2586 26056 25218 4.83391e+06 915596
internal_count=5000000 5001 4994999 61033 52126 22050 18143 9189 8568 8907 3907 8954 7719 3922 7038 5224 2999 2941 4933966 100055 87107 61051 38120 13030 25090 2586 26056 25218 4833911 915596
cat_boundaries=0 1 2 3 4 5 6
cat_threshold=96 10 4310913 655104 7733248 1728
is_linear=0
shrinkage=0.1


Tree=216
num_leaves=31
num_cat=4
split_feature=23 89 6 0 75 80 10 0 72 73 73 15 17 4 3 75 72 72 13 73 89 87 74 4 12 1 22 84 75 76
split_gain=553.539 1019.74 972.134 969.74 1199.92 1061.35 1011.31 901.758 866.193 2160.51 1820.16 1459.31 985.958 950.766 849.764 1025.04 1748.36 1048.52 1470.72 1169.76 1189.18 909.594 828.649 810.012 808.709 805.386 789.297 769.996 869.515 761.995
threshold=1.0500000119209292 -0.15000000223517415 3.6499999761581425 7.0499999523162851 0 7.6499998569488534 -1.0000000180025095e-35 -10.15000009536743 36.902500152587898 138.45999908447268 138.946647644043 5.4500000476837167 6.2500000000000009 -3.1499999761581416 -1.8499999642372129 1 43.44585037231446 35.859998703002937 11.050000190734865 137.9433517456055 -1.6500000357627866 1.0000000180025095e-35 449.00000000000006 11.050000190734865 9.0500001907348651 6.4500000476837167 -5.3500001430511466 1.0000000180025095e-35 2 3
decision_type=10 8 10 2 1 10 8 2 2 2 2 10 10 10 8 1 2 2 8 2 8 10 2 10 8 10 8 8 1 1
left_child=1 2 8 5 -5 23 -6 -2 9 12 -10 26 -1 -13 -9 16 17 19 22 20 -16 -21 27 -3 -8 -18 -12 -19 -29 -22
right_child=7 3 -4 4 6 -7 24 14 10 -11 11 13 -14 -15 15 -17 25 18 -20 21 29 -23 -24 -25 -26 -27 -28 28 -30 -31
leaf_value=-0.012274654549775478 -0.22300805517032452 0.006163350869598877 0.025748254846140683 -0.048072038905434246 0.1189712047959654 0.058006411500022607 -0.046411403019821509 0.012648071718008167 0.058866276310549838 -0.065945003165102073 0.004415333807851602 0.15240173970396259 0.042639218005933024 0.031813204025916718 0.049997648592304718 -5.6350376733372506e-05 -0.092081986388950487 -0.0049699247491654655 -0.077416727477331304 0.011016315014184366 -0.00019688231965475254 0.078484136650138106 -0.041518624335131121 0.073821326146939148 0.015359913597133179 -0.38277491321604629 -0.0076584595280637232 -0.0078304867783667749 -0.056878863616626113 -0.01119320464856597
leaf_weight=25293 182 370631 12264 7265 721 4042 3064 49255 4995 7326 84293 751 3755 5053 3992 3851055 1453 85353 3453 34534 144120 2121 8282 1778 6875 102 151383 8091 6540 111978
leaf_count=25293 182 370631 12264 7265 721 4042 3064 49255 4995 7326 84293 751 3755 5053 3992 3851055 1453 85353 3453 34534 144120 2121 8282 1778 6875 102 151383 8091 6540 111978
internal_value=-6.79193e-08 0.00263074 -0.00181498 0.0059575 -0.0167671 0.00703955 0.00460854 -0.00042088 -0.00301009 -0.0174153 -0.000884211 -0.00212015 -0.005176 0.0474166 -0.000411482 -0.000562441 -0.0053157 -0.00491293 -0.0131702 -0.0018042 -0.00416122 0.0149203 -0.0111212 0.00648637 -0.00368298 -0.11115 -0.00334009 -0.00860327 -0.0297991 -0.00500543
internal_weight=5e+06 689489 295113 394376 17925 376451 10660 4.31051e+06 282849 36374 246475 241480 29048 5804 4.31033e+06 4.26107e+06 410019 408464 111719 296745 260090 36655 108266 372409 9939 1555 235676 99984 14631 256098
internal_count=5000000 689489 295113 394376 17925 376451 10660 4310511 282849 36374 246475 241480 29048 5804 4310329 4261074 410019 408464 111719 296745 260090 36655 108266 372409 9939 1555 235676 99984 14631 256098
cat_boundaries=0 1 2 3 4
cat_threshold=6146 6 2 8386560
is_linear=0
shrinkage=0.1


Tree=217
num_leaves=31
num_cat=2
split_feature=68 50 88 72 82 72 3 0 5 73 11 80 0 85 72 89 73 49 9 86 0 75 74 72 1 14 0 0 76 83
split_gain=539.172 640.446 605.229 799.566 1015.71 958.848 890.05 674.904 1992.67 1349.02 1256.62 710.338 673.58 672.974 804.083 1222.74 1241.12 736.963 720.314 1778.93 1502.75 1215.72 1643.7 1334.52 2274.9 1743.4 1260.43 1139.95 1399.72 1094.07
threshold=0.25000000745058065 0.15000000223517421 1.3499999642372134 44.722499847412116 1.2500000000000002 44.50164985656739 -7.4500000476837149 -3.4500000476837154 -0.65000000596046437 144.46170043945315 0.45000000298023229 1.0000000180025095e-35 -5.8500001430511466 0.35000000894069677 34.042499542236335 14.34999990463257 131.83500671386722 1.0500000119209292 -1.0000000180025095e-35 -1.9499999880790708 -5.8500001430511466 0 878.50000000000011 41.927499771118171 14.550000190734865 12.250000000000002 9.4499998092651385 1.0500000119209292 1 -2.8500000238418575
decision_type=8 10 8 2 8 2 10 2 10 2 10 10 2 8 2 8 2 8 8 10 2 1 2 2 10 10 2 2 1 10
left_child=1 -1 3 5 6 7 -5 8 9 10 11 -2 -12 14 15 16 -4 -18 19 29 -20 22 23 -22 25 -25 -27 28 -23 -15
right_child=2 -3 13 4 -6 -7 -8 -9 -10 -11 12 -13 -14 18 -16 -17 17 -19 20 -21 21 27 -24 24 -26 26 -28 -29 -30 -31
leaf_value=0.0063131562341813031 -0.0024750132558683377 -0.0056563430764205377 0.011954930344170167 -0.14150868156275903 0.00030052708502518988 0.054250400848530868 -0.034193969881035055 0.0018080151171289327 0.088427337626252545 0.064965255070054614 0.097470160910901563 0.17523776822088832 0.025790936077382448 -0.0059448328861351754 0.0015657362892415483 0.004606446460020004 0.023575199756837053 0.087049280830906905 0.072139823497786706 0.013563227955898561 -0.0026029295448849322 0.22883418797292687 -0.045610612135872919 -0.01108272209576644 -0.16643040633446027 -0.13372378072536234 0.00093752400473362876 -2.9378421245281931e-05 0.024042788329001422 0.0083132168645235049
leaf_weight=52805 47065 291325 8708 874 11866 3571 6678 1144795 3278 3917 1758 226 5156 167581 128599 29484 2733 5531 2787 117953 910978 333 9462 83142 988 2030 1057 1863089 12954 79277
leaf_count=52805 47065 291325 8708 874 11866 3571 6678 1144795 3278 3917 1758 226 5156 167581 128599 29484 2733 5531 2787 117953 910978 333 9462 83142 988 2030 1057 1863089 12954 79277
internal_value=-8.59756e-08 -0.00381968 0.000282233 0.00218589 -0.0179452 0.00250901 -0.0466136 0.00235583 0.0125697 0.00829147 0.00419607 -0.00162574 0.0440166 -0.000400626 0.00563921 0.0169154 0.0382986 0.0660577 -0.000725787 0.00346105 -0.00125488 -0.00132581 -0.00412748 -0.00373429 -0.0155513 -0.0138226 -0.0876153 0.000178773 0.0293656 -0.00136594
internal_weight=5e+06 344130 4.65587e+06 1.22918e+06 19418 1.20977e+06 7552 1.2062e+06 61400 58122 54205 47291 6914 3.42669e+06 175055 46456 16972 8264 3.25163e+06 364811 2.88682e+06 2.88403e+06 1.00766e+06 998195 87217 86229 3087 1.87638e+06 13287 246858
internal_count=5000000 344130 4655870 1229184 19418 1209766 7552 1206195 61400 58122 54205 47291 6914 3426686 175055 46456 16972 8264 3251631 364811 2886820 2884033 1007657 998195 87217 86229 3087 1876376 13287 246858
cat_boundaries=0 1 2
cat_threshold=6158 129024
is_linear=0
shrinkage=0.1


Tree=218
num_leaves=31
num_cat=5
split_feature=74 72 91 13 75 75 58 53 74 73 76 72 74 86 83 75 1 72 73 73 84 76 3 13 1 50 73 79 11 23
split_gain=532.011 774.269 729.37 1336 1406.61 1182.94 936.057 786.677 786 587.191 579.259 1280.13 1311.02 1791.76 1564.54 1260.96 1978.46 1424.03 1666.2 1290.28 1604.88 1280.12 1457.92 1510.87 1174.65 1237.26 1148.33 1137 1119.71 1058.09
threshold=64.500000000000014 44.199998855590827 3.3500000238418584 11.84999990463257 0 1 1.9499999880790713 2.5499999523162846 431.50000000000006 143.1933517456055 2 31.958350181579593 74.500000000000014 14.550000190734865 11.84999990463257 3 22.349999427795414 36.902500152587898 141.00250244140628 137.58249664306643 1.0000000180025095e-35 4 16.349999427795414 12.449999809265138 11.050000190734865 2.9500000476837163 144.7174987792969 0.84999999403953563 -1.0500000119209287 17.750000000000004
decision_type=2 2 10 8 1 1 10 10 2 2 1 2 2 8 8 1 8 2 2 2 10 1 10 10 10 10 2 10 8 8
left_child=-1 2 10 4 7 -5 -6 -4 -7 -9 15 24 13 14 27 16 21 19 -19 -17 28 -2 -23 29 25 -12 -14 -13 -21 -24
right_child=1 -3 3 5 6 8 -8 9 -10 -11 11 12 26 -15 -16 17 -18 18 -20 20 -22 22 23 -25 -26 -27 -28 -29 -30 -31
leaf_value=0.0010490621905467836 0.005104920521200219 -0.014877203301375068 0.00085747779291926003 -0.0086949415668830417 -0.020231961223402477 -0.028237442986556751 0.0040799472222185018 0.026886948768516591 -0.091924350038398606 -0.013283659931815262 0.072737258842331912 -0.029560542068164164 -0.0016024179573934242 -0.0010940078227551224 -0.010099578149544347 -0.00039919942927286989 -0.00093058478801380854 -0.014374630984869555 0.0015732336589873567 0.029516993208677962 0.05172995628427926 0.051099834548144089 0.011914207028133932 0.028782718529845208 0.007226604986443088 -0.011785958945940691 0.029127201058436136 -0.081104388765634555 0.0037817622598262726 -0.046229609716885355
leaf_weight=2457769 46644 39660 41216 83987 38203 21898 27050 28152 2126 4179 6103 9398 1229175 42429 16705 285151 116460 127620 134616 20796 9351 17918 7823 33440 33966 2418 12282 7858 90390 5217
leaf_count=2457769 46644 39660 41216 83987 38203 21898 27050 28152 2126 4179 6103 9398 1229175 42429 16705 285151 116460 127620 134616 20796 9351 17918 7823 33440 33966 2418 12282 7858 90390 5217
internal_value=-2.68056e-08 -0.00101426 -0.000794566 -0.0059557 0.000534523 -0.014296 -0.0101521 0.0100161 -0.0338593 0.0216946 -0.000229867 -0.00152998 -0.0020808 -0.0147959 -0.0319143 0.00174526 0.00817502 -0.000444871 -0.00618797 0.00326745 0.0119415 0.0177256 0.026862 0.0175241 0.0155548 0.0487521 -0.0012984 -0.0530325 0.00859523 -0.0113478
internal_weight=5e+06 2.54223e+06 2.50257e+06 246811 138800 108011 65253 73547 24024 32331 2.25576e+06 1.36033e+06 1.31785e+06 76390 33961 895426 227502 667924 262236 405688 120537 111042 64398 46480 42487 8521 1.24146e+06 17256 111186 13040
internal_count=5000000 2542231 2502571 246811 138800 108011 65253 73547 24024 32331 2255760 1360334 1317847 76390 33961 895426 227502 667924 262236 405688 120537 111042 64398 46480 42487 8521 1241457 17256 111186 13040
cat_boundaries=0 1 2 3 4 5
cat_threshold=700 2016 8911872 224 8391680
is_linear=0
shrinkage=0.1


Tree=219
num_leaves=31
num_cat=7
split_feature=89 75 23 25 80 23 0 86 14 0 7 65 75 72 23 75 76 75 48 50 49 52 48 52 76 51 49 48 52 76
split_gain=517.448 700.251 683.245 1065.85 910.07 795.188 1779.23 1717.75 1031.88 2034.12 1015.41 1050.75 1004.28 989.27 974.569 894.402 931.632 870.242 789.212 4662.07 3018.76 1864.92 1770.13 1765.4 2461.35 1785.12 1375.4 1424.43 1903.41 1793.13
threshold=32.250000000000007 0 26.250000000000004 1.0000000180025095e-35 23.250000000000004 19.250000000000004 22.050000190734867 17.849999427795414 10.050000190734865 12.84999990463257 26.250000000000004 0.94999998807907116 1 33.387498855590827 12.250000000000002 2 3 4 2.0499999523162846 1.5500000119209292 2.5499999523162846 1.3499999642372134 3.3500000238418584 2.3500000238418584 5 2.6499999761581425 1.9499999880790713 4.5499999523162851 3.9500000476837163 6
decision_type=10 1 10 10 10 10 2 10 10 2 10 8 1 2 8 1 1 1 10 8 10 10 10 10 1 10 8 10 10 1
left_child=2 -2 4 -4 5 6 7 10 9 -7 11 -1 -9 -14 -8 -16 -17 -10 20 22 23 -21 -20 25 -25 -13 -23 28 29 -28
right_child=1 -3 3 -5 -6 8 14 12 17 -11 -12 18 13 -15 15 16 -18 -19 19 21 -22 26 -24 24 -26 -27 27 -29 -30 -31
leaf_value=-0.0028754843888865161 0.11533560849341505 0.011364897947693974 -0.0054873007464382468 0.013399647960774173 0.0058533061521350987 0.10279670733302558 -0.16817119530062408 0.019848790092522911 -0.014935230292075108 -0.041353460989627999 0.030344715039705102 0.0033721537192097292 0.024436069794244685 0.0016539609661154902 -0.095320938675577713 -0.0056085783055095087 -0.046062146867881779 -0.0015243527564019277 -0.0076559699654398933 -0.0079889270409185583 -0.018388490704212689 -0.0062283610924684244 -0.034568019818711132 -0.021488678312481968 0.0017301130500751907 -0.022047326680950885 0.0076176058285528508 0.0030785550420461584 0.0026235971932499968 0.022913732776179235
leaf_weight=845182 655 25569 376638 32454 275036 1062 460 64958 51334 12513 11167 940617 22338 129893 1544 19683 8005 840229 102470 87582 87199 68186 32096 78407 109284 28463 132881 286910 146014 181171
leaf_count=845182 655 25569 376638 32454 275036 1062 460 64958 51334 12513 11167 940617 22338 129893 1544 19683 8005 840229 102470 87582 87199 68186 32096 78407 109284 28463 132881 286910 146014 181171
internal_value=-2.4838e-08 0.0140101 -7.38926e-05 -0.00398897 0.000276981 -8.05523e-05 0.000623547 0.000839248 -0.00271333 -0.0300763 0.00024391 0.000136397 0.00943983 0.00499662 -0.023748 -0.0214753 -0.0173167 -0.0022967 0.00125226 0.0032891 -0.000446211 0.00587744 -0.0140749 0.000906303 -0.00797048 0.00262555 0.00736726 0.0086083 0.0120568 0.0164426
internal_weight=5e+06 26224 4.97378e+06 409092 4.56468e+06 4.28965e+06 3.38451e+06 3.35482e+06 905138 13575 3.13763e+06 3.12646e+06 217189 152231 29692 29232 27688 891563 2.28128e+06 1.03731e+06 1.24397e+06 902744 134566 1.15677e+06 187691 969080 815162 746976 460066 314052
internal_count=5000000 26224 4973776 409092 4564684 4289648 3384510 3354818 905138 13575 3137629 3126462 217189 152231 29692 29232 27688 891563 2281280 1037310 1243970 902744 134566 1156771 187691 969080 815162 746976 460066 314052
cat_boundaries=0 1 2 3 4 5 6 7
cat_threshold=64 1296 6156 1047552 6158 8389631 4144640
is_linear=0
shrinkage=0.1


Tree=220
num_leaves=31
num_cat=5
split_feature=74 79 82 23 83 14 8 6 0 6 86 80 2 48 89 75 50 0 50 0 9 23 23 75 77 75 76 73 72 75
split_gain=517.184 657.913 574.239 515.865 1775.11 1270.98 1694.12 1605.52 1238.92 2530.6 2148.19 1779.1 1306.84 1236.27 1185.43 1179.3 1163.97 1137.04 1103.55 1088.59 1007.71 998.837 986.798 964.133 959.901 996.58 937.905 1409.04 1931.63 1741.37
threshold=1099.0000000000002 3.0499999523162846 2.2500000000000004 4.0499999523162851 5.8500001430511483 11.050000190734865 5.4500000476837167 9.8499999046325701 1.0500000119209292 5.8500001430511483 1.8499999642372134 2.0499999523162846 -1.8499999642372129 1.0000000180025095e-35 2.4500000476837163 0 3.7500000000000004 12.84999990463257 1.7500000000000002 -4.7499999999999991 7.8500001430511483 -5.8500001430511466 1.2500000000000002 1 1.0500000119209292 2 3 140.11250305175784 38.316650390625007 4
decision_type=2 10 10 10 10 10 10 10 2 10 10 10 10 8 10 1 10 2 8 2 10 10 10 1 10 1 1 2 2 1
left_child=3 2 -2 4 5 7 -7 8 9 10 11 13 -12 -1 20 -11 -9 23 22 -13 21 -15 -10 -6 25 -23 -5 28 -28 -30
right_child=1 -3 -4 26 17 6 -8 16 18 15 12 19 -14 14 -16 -17 -18 -19 -20 -21 -22 24 -24 -25 -26 -27 27 -29 29 -31
leaf_value=-0.021576450476210571 0.00039707894292721237 -0.044979995357105444 -0.030851598778791602 0.0011402711758936087 0.042567866428437878 0.04873515722281558 0.0059146088845171349 0.029818393800261869 -0.0035176619067438632 0.13135499234739501 0.08546439803652485 0.4715109466478743 0.020060613166334035 0.0069585382557978363 0.031446723912758642 0.033721147384330713 -0.043121432441059378 -0.035572677019670922 -0.00030458403244653802 0.037132441262923109 0.043161447131626528 -0.010170567169537502 -0.02049460279082416 0.01363273081865353 0.019936812621569509 0.00014121060829788292 -0.00096898545297260268 -0.0060806485799918247 0.049556091022397067 0.0078224724482497659
leaf_weight=28341 26887 5083 7527 1913504 14040 12232 37764 25632 64225 1358 3535 58 22501 113634 11623 13358 2392 4039 157279 10916 5150 177390 73330 64090 16477 198706 1351234 585712 13504 38479
leaf_count=28341 26887 5083 7527 1913504 14040 12232 37764 25632 64225 1358 3535 58 22501 113634 11623 13358 2392 4039 157279 10916 5150 177390 73330 64090 16477 198706 1351234 585712 13504 38479
internal_value=-2.35792e-08 -0.0113978 -0.0064376 9.07285e-05 0.00204919 0.000860672 0.0163911 2.20787e-05 -0.000713587 0.00188373 0.000859214 -0.000441047 0.0289407 -0.00123464 -0.000132291 0.042843 0.0235926 0.016165 -0.00602609 0.0394282 -0.000850073 -0.00129783 -0.012568 0.0188396 -0.00368772 -0.00472272 -0.000440271 -0.00196087 -0.000241264 0.018675
internal_weight=5e+06 39497 34414 4.9605e+06 1.05807e+06 975901 49996 925905 897881 603047 588331 562295 26036 551321 522980 14716 28024 82169 294834 10974 511357 506207 137555 78130 392573 376096 3.90243e+06 1.98893e+06 1.40322e+06 51983
internal_count=5000000 39497 34414 4960503 1058070 975901 49996 925905 897881 603047 588331 562295 26036 551321 522980 14716 28024 82169 294834 10974 511357 506207 137555 78130 392573 376096 3902433 1988929 1403217 51983
cat_boundaries=0 1 2 3 4 5
cat_threshold=3104 612 2076 262016 7170
is_linear=0
shrinkage=0.1


Tree=221
num_leaves=31
num_cat=6
split_feature=90 76 73 27 72 1 75 86 80 73 72 87 91 85 76 88 73 90 23 56 75 9 58 77 76 0 87 80 75 53
split_gain=513.324 947.237 589.245 1041.21 735.827 952.333 1230.92 690.171 540.015 533.903 1691.58 2719.62 1754.61 1153.9 1166.38 1328.56 1410.52 1095.39 1155.59 1132.81 1080.81 1252.89 981.506 948.341 924.898 873.673 846.104 902.896 802.448 795.5
threshold=3.2500000000000004 0 142.79664611816409 1.0000000180025095e-35 39.307500839233406 14.050000190734865 1 -3.4500000476837154 2.2500000000000004 143.05250549316409 43.652500152587898 1.0000000180025095e-35 1.3499999642372134 0.25000000745058065 2 1.6500000357627871 144.7174987792969 1.0000000180025095e-35 21.250000000000004 5.3500001430511483 3 19.849999427795414 6.0499999523162851 10.250000000000002 4 -4.7499999999999991 1.0000000180025095e-35 -4.1499998569488517 5 4.8500001430511483
decision_type=8 1 2 8 2 10 1 8 8 2 2 8 8 8 1 8 2 10 8 10 1 10 10 8 1 2 10 8 1 8
left_child=9 -2 4 7 5 -3 -7 -4 -5 -1 11 12 23 -14 15 -15 22 18 19 26 -20 -22 -17 -11 -13 -19 29 -28 -16 -12
right_child=1 2 3 8 -6 6 -8 -9 -10 10 17 24 13 14 28 16 -18 25 20 -21 21 -23 -24 -25 -26 -27 27 -29 -30 -31
leaf_value=0.00044515189874426241 -0.016673401639147548 0.023453844562343895 0.067366103616897044 0.33735251668840649 -0.020957096854649908 -0.058032445592744154 0.0012028148901409338 -0.02909738726567104 0.091398080500250278 0.016565512226237498 0.018306375167190359 0.073764063151330897 0.039678293742679172 -0.017808556582143167 -0.0050820505385909048 -0.092957749121686001 -0.02134473921024432 -0.16216772100829249 -0.08840963123102448 -0.023879392550073649 0.030142578764831108 -0.046971173225143006 0.015976361035203789 -0.0087561037517991016 0.016634947529186827 -0.022137061803141119 -0.25585198308336005 -0.024264669585661924 -0.02363007162723214 -0.018366192669414107
leaf_weight=4544268 51842 17254 1142 96 15084 3897 34360 2116 1273 25126 87670 4139 3281 18081 45393 8438 6396 474 2062 8515 4285 4145 917 35956 9004 7425 179 2829 48010 6343
leaf_count=4544268 51842 17254 1142 96 15084 3897 34360 2116 1273 25126 87670 4139 3281 18081 45393 8438 6396 474 2062 8515 4285 4145 917 35956 9004 7425 179 2829 48010 6343
internal_value=3.2728e-08 -0.00627469 0.000894053 0.0354652 -0.00137172 0.00395022 -0.00484596 0.00471517 0.108645 0.000163649 -0.0037285 -0.00930996 -0.0123286 -0.0188752 -0.0203851 -0.0362935 -0.0575359 0.0054927 0.00794574 0.0110924 -0.0237056 -0.00776476 -0.0822798 0.00165991 0.0346949 -0.03054 0.0141617 -0.038046 -0.0146174 0.0158321
internal_weight=5e+06 127064 75222 4627 70595 55511 38257 3258 1369 4.87294e+06 328668 204741 191598 130516 127235 33832 15751 123927 116028 105536 10492 8430 9355 61082 13143 7899 97021 3008 93403 94013
internal_count=5000000 127064 75222 4627 70595 55511 38257 3258 1369 4872936 328668 204741 191598 130516 127235 33832 15751 123927 116028 105536 10492 8430 9355 61082 13143 7899 97021 3008 93403 94013
cat_boundaries=0 1 2 3 4 5 6
cat_threshold=16744480 4126 2097279 1138 65280 1566
is_linear=0
shrinkage=0.1


Tree=222
num_leaves=31
num_cat=3
split_feature=31 80 75 0 86 5 1 89 0 86 11 22 80 76 23 23 27 89 23 80 0 13 75 10 5 6 0 26 65 48
split_gain=499.765 485.684 678.893 639.996 1052.31 653.652 874.227 848.659 795.877 1742.59 1483.72 1128.94 904.974 866.059 939.966 1006.44 859.827 821.646 937.717 1772.73 1748.06 1696.48 1546.97 1542.27 1455.78 1104.9 1742.19 1243.22 1096.12 1060.93
threshold=8.2500000000000018 31.94999980926514 0 28.94999980926514 28.349999427795414 30.050000190734867 25.150000572204593 23.44999980926514 20.650000572204593 18.650000572204593 26.349999427795414 11.050000190734865 18.94999980926514 1 17.44999980926514 25.250000000000004 1.0000000180025095e-35 18.650000572204593 15.449999809265138 14.750000000000002 13.750000000000002 12.650000095367433 2 7.4500000476837167 16.250000000000004 18.650000572204593 11.650000095367433 1.0000000180025095e-35 0.94999998807907116 1.4499999880790713
decision_type=10 10 1 2 10 10 8 10 2 8 10 8 8 1 8 8 10 10 10 10 2 8 1 10 10 10 2 8 8 8
left_child=1 3 -3 4 5 6 7 8 10 -10 17 -11 -13 -14 -15 -16 -12 18 19 25 21 -20 -23 -22 -21 28 -27 -28 -1 -30
right_child=-2 2 -4 -5 -6 -7 -8 -9 9 11 16 12 13 14 15 -17 -18 -19 20 24 23 22 -24 -25 -26 26 27 -29 29 -31
leaf_value=-0.0037768880236494331 -0.016577819554062685 0.12659279328689799 0.01185803326063953 -0.0063229263330770299 0.014665229980294984 0.011050357047712796 -0.0052128711134496429 0.0067037814800208449 -0.035730589423864818 -0.11930948104056223 0.020923963860280344 -0.029843945556951496 0.0023579351906954753 -0.039727784744143527 -0.0025467702057177586 -0.022380595390906314 -0.059808987484959608 0.0060602773591573447 0.026170654595792032 0.021290929568211308 -0.032576907393408593 -0.033945143115290698 0.0059016267449046251 -0.0046874933124310672 0.0013176855238579853 0.0443126766820525 0.0074966901105629931 -0.071801214451138878 -0.0020197116134824411 0.0029301642580845913
leaf_weight=650259 18119 518 22762 155425 49750 53368 309868 196631 16313 827 43969 11741 259400 7891 235401 28704 1360 231320 35355 74016 20591 11647 59332 535191 71981 13672 60396 2044 708472 1113677
leaf_count=650259 18119 518 22762 155425 49750 53368 309868 196631 16313 827 43969 11741 259400 7891 235401 28704 1360 231320 35355 74016 20591 11647 59332 535191 71981 13672 60396 2044 708472 1113677
internal_value=9.40664e-09 6.03026e-05 0.0144705 -7.35118e-06 0.000197013 4.55869e-05 -7.93695e-05 0.000282963 -1.81017e-05 -0.00352626 0.000522881 -0.00256048 -0.00238272 -0.00177597 -0.00571832 -0.00470239 0.0185017 0.000295742 -0.000101517 0.000727018 -0.00347328 0.00827373 -0.000640812 -0.00572076 0.0114435 0.000113102 0.0119804 0.00490084 -0.000252227 0.0010056
internal_weight=5e+06 4.98188e+06 23280 4.9586e+06 4.80318e+06 4.75343e+06 4.70006e+06 4.39019e+06 4.19356e+06 560277 3.63328e+06 543964 543137 531396 271996 264105 45329 3.58795e+06 3.35663e+06 2.69452e+06 662116 106334 70979 555782 145997 2.54852e+06 76112 62440 2.47241e+06 1.82215e+06
internal_count=5000000 4981881 23280 4958601 4803176 4753426 4700058 4390190 4193559 560277 3633282 543964 543137 531396 271996 264105 45329 3587953 3356633 2694517 662116 106334 70979 555782 145997 2548520 76112 62440 2472408 1822149
cat_boundaries=0 1 2 3
cat_threshold=64 523400 6148
is_linear=0
shrinkage=0.1


Tree=223
num_leaves=31
num_cat=5
split_feature=74 73 87 75 2 79 74 82 72 77 49 73 72 72 83 76 72 76 91 79 82 91 51 85 74 76 78 75 72 72
split_gain=501.301 738.964 749.582 731.729 878.92 574.985 863.868 792.248 963.177 939.734 771.822 748.694 1176.74 1263.16 1168.11 1299.74 806.559 900.125 768.322 727.991 704.651 685.724 677.304 672.865 663.075 629.942 573.079 567.196 555.08 550.768
threshold=352.00000000000006 141.071647644043 4.7500000000000009 0 7.8500001430511483 2.0499999523162846 1241.5000000000002 2.4500000476837163 32.735849380493171 1.0500000119209292 4.1499998569488534 137.86834716796878 36.099998474121101 35.64580154418946 11.050000190734865 1 36.24749946594239 2 1.5500000119209292 0.35000000894069677 1.0500000119209292 1.9499999880790713 1.9499999880790713 2.1499999761581425 379.00000000000006 3 1.0000000180025095e-35 4 43.859149932861335 40.00164985656739
decision_type=2 2 10 1 10 8 2 8 2 8 10 2 2 2 8 1 2 1 10 10 10 8 10 8 2 1 10 1 2 2
left_child=-1 2 5 4 28 7 11 29 9 -9 -11 14 13 26 15 22 17 -14 20 -10 24 -19 -7 -15 -17 -8 -13 -4 -3 -2
right_child=1 3 27 -5 -6 6 25 8 19 10 -12 12 16 23 -16 18 -18 21 -20 -21 -22 -23 -24 -25 -26 -27 -28 -29 -30 -31
leaf_value=0.00041519562653030158 0.011182314699894197 -0.032546212824448757 -0.011065384012461661 -0.0055488060573277804 -0.13082966581914945 -0.012965163111661977 -0.10557335307283502 0.18926582579158419 0.009428839263446941 0.01469978036060305 0.13566075954719078 -0.0066015845075929978 -0.00056475563172267418 0.037147166196079391 -0.003339413539281349 -0.083967727060775293 -0.0019261151797094391 -0.028651506878413537 -0.069936836056272308 -0.0092338243149987006 -0.073550856559664868 -0.097020897848568155 0.035792814989381437 0.011844189852048131 -0.016147786208767615 -0.022934376973520458 0.03988703077137222 -0.071496979193000534 0.022354675090680856 -0.028701250079244647
leaf_weight=4266523 93891 14478 3883 35445 833 7155 1288 348 27347 8835 561 33049 5769 18179 162793 1539 148980 3711 4639 88682 2784 2426 4734 24911 22781 3255 2883 2593 2110 3595
leaf_count=4266523 93891 14478 3883 35445 833 7155 1288 348 27347 8835 561 33049 5769 18179 162793 1539 148980 3711 4639 88682 2784 2426 4734 24911 22781 3255 2883 2593 2110 3595
internal_value=3.10241e-08 -0.00241492 -0.0015303 -0.0138038 -0.0305787 -0.00120503 -0.00326012 0.00294527 -0.00229923 0.0278985 0.0219219 -0.00281851 0.000980595 0.0109737 -0.00723385 -0.0217642 -0.00392772 -0.0289738 -0.0323211 -0.0048352 -0.0258949 -0.0555878 0.00644402 0.0225191 -0.0204395 -0.0466465 -0.00287158 -0.0353898 -0.0255628 0.00971152
internal_weight=5e+06 733477 680611 52866 17421 674135 450876 223259 125773 9744 9396 446333 239908 79022 206425 43632 160886 11906 31743 116029 27104 6137 11889 43090 24320 4543 35932 6476 16588 97486
internal_count=5000000 733477 680611 52866 17421 674135 450876 223259 125773 9744 9396 446333 239908 79022 206425 43632 160886 11906 31743 116029 27104 6137 11889 43090 24320 4543 35932 6476 16588 97486
cat_boundaries=0 1 2 3 4 5
cat_threshold=6150 1044480 522752 15204924 1478
is_linear=0
shrinkage=0.1


Tree=224
num_leaves=31
num_cat=4
split_feature=53 49 71 75 19 6 75 8 77 7 23 0 22 0 13 49 12 75 74 72 0 74 4 72 16 3 28 9 75 72
split_gain=522.058 979.321 730.819 597.144 592.054 1182.95 822.763 1197.96 909.86 1424.66 1272.39 935.569 832.612 796.12 779.662 754.149 724.475 700.743 1125.79 980.909 1131.36 1196.36 1094.24 979.852 1456.34 922.359 907.033 2009.59 2521.44 1510.49
threshold=0.15000000223517421 0.55000001192092907 0.25000000745058065 0 -0.84999999403953541 -7.5499999523162833 1 5.8500001430511483 -7.1499998569488517 -4.2499999999999991 -7.4500000476837149 -6.6499998569488517 -6.6499998569488517 0.25000000745058065 -1.6500000357627866 0.75000000000000011 -2.8500000238418575 2 878.50000000000011 41.927499771118171 15.750000000000002 123.50000000000001 5.4500000476837167 35.44585037231446 16.650000572204593 19.44999980926514 1.0000000180025095e-35 13.050000190734865 3 43.579198837280281
decision_type=8 8 10 1 10 8 1 10 8 10 10 2 8 2 10 8 10 1 2 2 2 2 10 2 10 10 10 8 1 2
left_child=1 -1 3 -2 6 -6 -4 8 9 10 14 16 -10 -9 15 -8 -12 18 19 20 -7 23 -21 -22 -25 -26 -19 -28 -29 -30
right_child=2 -3 4 -5 5 17 7 13 12 -11 11 -13 -14 -15 -16 -17 -18 26 -20 22 21 -23 -24 24 25 -27 27 28 29 -31
leaf_value=0.01098603843704828 -0.00050980562919752145 -0.0021180554845978651 0.00052478074375490909 -0.0091085694760617373 0.045162144466886767 -0.00030571043258961414 -0.072147721913356166 0.080044717014657499 0.029265244861825013 0.048520022110138866 -0.10315338545883655 0.03140675655990622 0.0057677406232852458 0.024671463105995294 0.15414625523487727 0.0087819766980134755 0.032743003025978427 -7.5000306113392413e-05 -0.033651571186678074 -0.0084819375797693403 -0.0031676987331517785 -0.03914647245955049 -0.044524356070299975 -0.031840736395783685 -0.16081658523649939 -0.56910067683515642 0.021664170236747254 -0.017957211632247474 0.0095898887696684101 -0.0321964653491702
leaf_weight=118328 161281 110093 249382 161773 5730 925746 1521 3267 18508 2696 3759 763 81416 12650 300 4739 438 2684304 11455 70626 59313 14114 9564 5471 372 65 62760 51608 158809 9149
leaf_count=118328 161281 110093 249382 161773 5730 925746 1521 3267 18508 2696 3759 763 81416 12650 300 4739 438 2684304 11455 70626 59313 14114 9564 5471 372 65 62760 51608 158809 9149
internal_value=-1.55152e-08 0.0046702 -0.000223584 -0.00481603 0.000109921 -0.000242364 0.00388782 0.0103355 0.00675235 -0.0169185 -0.032233 -0.0704534 0.01012 0.0360369 -0.00333461 -0.0108816 -0.0889712 -0.000306392 -0.00246621 -0.00213707 -0.00128788 -0.0127487 -0.0127806 -0.0070361 -0.0458727 -0.221545 0.000492072 0.00588371 0.00137307 0.00731327
internal_weight=5e+06 228421 4.77158e+06 323054 4.44852e+06 4.06909e+06 379439 130057 114140 14216 11520 4960 99924 15917 6560 6260 4197 4.06336e+06 1.09673e+06 1.08527e+06 1.00508e+06 79335 80190 65221 5908 437 2.96663e+06 282326 219566 167958
internal_count=5000000 228421 4771579 323054 4448525 4069086 379439 130057 114140 14216 11520 4960 99924 15917 6560 6260 4197 4063356 1096726 1085271 1005081 79335 80190 65221 5908 437 2966630 282326 219566 167958
cat_boundaries=0 1 2 3 4
cat_threshold=5064 4490 4110 2096
is_linear=0
shrinkage=0.1


Tree=225
num_leaves=31
num_cat=3
split_feature=72 82 9 75 7 0 4 80 86 76 89 83 0 77 83 89 89 6 49 72 1 10 0 48 86 7 77 75 0 89
split_gain=502.787 755.3 615.402 803.196 614.34 575.618 3387.73 2776.4 1890.08 1552.8 1479.96 1200.18 1145.58 2096.18 1840.73 1562.55 1373.32 1286.91 1306.75 1155.16 1128.46 1075.37 1154.6 2776.14 2243.62 1867.49 1649.33 1494.44 1459.52 1144.15
threshold=26.891649246215824 7.4500000476837167 16.250000000000004 0 22.94999980926514 4.8500001430511483 8.6500000953674334 5.4500000476837167 6.2500000000000009 1 7.4500000476837167 7.2500000000000009 1.0500000119209292 1.6500000357627871 1.6500000357627871 3.4500000476837163 -1.2499999999999998 5.4500000476837167 3.4500000476837163 36.823350906372077 -0.15000000223517415 9.0500001907348651 -2.1499999761581416 1.6500000357627871 -1.9499999880790708 0.84999999403953563 -1.7499999999999998 2 -4.2499999999999991 -0.84999999403953541
decision_type=2 8 10 1 10 2 10 10 10 1 10 10 2 10 10 10 8 10 8 2 8 10 2 8 10 10 10 1 2 10
left_child=1 4 -3 -4 -1 6 7 8 10 -8 11 12 13 14 15 17 -14 21 -19 -16 -21 22 24 -24 25 26 29 -25 -27 -2
right_child=5 2 3 -5 -6 -7 9 -9 -10 -11 -12 -13 16 -15 19 -17 -18 18 -20 20 -22 -23 23 27 -26 28 -28 -29 -30 -31
leaf_value=0.037254284893146701 -0.0062555688619322638 0.031037849664166967 0.010619731675180046 -0.010975697821671701 0.009019455226797337 -0.00076046398931680454 0.046699020392864179 0.028392135417246941 0.028325529573678006 -0.045712293203512118 0.041007536505979991 0.04418101634365957 0.024328212793534417 0.027575602601420803 0.0035032770682993349 0.039959869040704088 -0.0064526653437839837 0.033171274810139532 -0.092498841748679339 0.072723010429592089 0.02022916803986512 0.03724805581352833 -0.018184475458439899 -0.035441416678747617 0.026426476981152736 0.082099552206607584 0.036997534516458583 0.0052971277020211135 0.014113528487636777 0.031754659331876593
leaf_weight=12085 254070 6341 30686 39228 21268 3714797 21912 35864 23271 1977 8533 5899 15062 29391 15110 9200 384844 15218 875 6887 10102 6789 128794 9695 31863 4122 9663 124782 13498 8174
leaf_count=12085 254070 6341 30686 39228 21268 3714797 21912 35864 23271 1977 8533 5899 15062 29391 15110 9200 384844 15218 875 6887 10102 6789 128794 9695 31863 4122 9663 124782 13498 8174
internal_value=-1.93717e-08 0.00669818 0.00120818 -0.00149728 0.01925 -0.000150146 0.00177842 0.00100529 0.000125051 0.0390517 -0.000475599 -0.000802133 -0.00104826 0.00145477 0.000271556 -0.000943564 -0.00529334 -0.00156296 0.0263384 0.0236186 0.0415091 -0.00232214 -0.00278163 -0.00769158 0.00124043 -0.00153134 -0.00357579 0.00235788 0.0300181 -0.00507081
internal_weight=5e+06 109608 76255 69914 33353 4.89039e+06 1.1756e+06 1.15171e+06 1.11584e+06 23889 1.09257e+06 1.08404e+06 1.07814e+06 678233 648842 616743 399906 607543 16093 32099 16989 591450 584661 263271 321390 289527 271907 134477 17620 262244
internal_count=5000000 109608 76255 69914 33353 4890392 1175595 1151706 1115842 23889 1092571 1084038 1078139 678233 648842 616743 399906 607543 16093 32099 16989 591450 584661 263271 321390 289527 271907 134477 17620 262244
cat_boundaries=0 1 2 3
cat_threshold=3184 16646145 2048
is_linear=0
shrinkage=0.1


Tree=226
num_leaves=31
num_cat=5
split_feature=74 75 1 14 75 76 72 72 90 91 52 73 86 2 76 3 75 51 23 87 83 12 91 89 0 89 5 59 0 83
split_gain=516.058 798.197 1046.84 914.928 794.039 1106.73 884.266 783.275 712.973 703.741 753.818 819.335 820.507 933.49 748.212 694.248 613.615 588.267 569.903 568.068 547.563 541.214 538.399 570.855 1861.72 1241.8 1230.03 1072.83 1035.1 1979.63
threshold=507.00000000000006 0 13.650000095367433 15.750000000000002 1 2 36.013349533081062 37.649148941040046 1.0000000180025095e-35 1.9499999880790713 2.7500000000000004 135.55335235595706 19.650000572204593 12.449999809265138 3 -3.8500000238418575 4 5.2500000000000009 5.0499999523162851 1.0000000180025095e-35 -7.8500001430511466 7.8500001430511483 0.15000000223517421 14.949999809265138 13.34999990463257 12.84999990463257 13.250000000000002 9.9499998092651385 9.8499999046325701 10.050000190734865
decision_type=2 1 10 10 1 1 2 2 10 10 10 2 8 10 1 8 1 10 8 10 8 8 8 8 2 10 10 10 2 10
left_child=22 2 4 7 6 -6 18 -4 19 15 11 12 -11 -14 16 -3 -13 -17 21 20 -8 -2 -1 24 25 27 -27 28 29 -24
right_child=1 9 3 -5 5 -7 8 -9 -10 10 -12 14 13 -15 -16 17 -18 -19 -20 -21 -22 -23 23 -25 -26 26 -28 -29 -30 -31
leaf_value=0.0064207078992482751 0.0052118267358443188 0.033823296447698624 -0.0091971282242295765 -0.065738767299086953 0.075598611522116332 0.0023675930702796331 0.054403782672063618 -0.092616936387888468 -0.061342727616055831 -0.076923027376106845 0.010273247471858652 -0.011694569385232818 0.12217134482088275 0.0070285383551349657 -0.012645062247654465 0.0011917101218559916 -0.060028647476418499 -0.039258401821091263 -0.030492479532671164 -0.064916281628861136 -0.015665751903117229 0.07668553009324941 -0.00053789275698304319 0.00095941274795663899 -0.010657713962964527 0.024643725608924562 -0.0018109790601459914 0.024448377788165675 -0.0071549674769048402 0.026394576434836465
leaf_weight=139266 21632 6448 11147 5800 2438 13166 1160 1252 4002 616 12932 4093 1119 1899 28551 231563 7412 3652 4430 2263 28915 1114 1076038 2846540 191253 39058 31955 16589 235695 28002
leaf_count=139266 21632 6448 11147 5800 2438 13166 1160 1252 4002 616 12932 4093 1119 1899 28551 231563 7412 3652 4430 2263 28915 1114 1076038 2846540 191253 39058 31955 16589 235695 28002
internal_value=-2.33379e-08 -0.00346596 -0.0113294 -0.0329557 -0.00635638 0.0138504 -0.011321 -0.0176205 -0.0215263 -0.000900009 -0.0109347 -0.0172121 0.0282533 0.0497207 -0.0213369 0.0014511 -0.0428585 0.000563673 0.00232147 -0.0165988 -0.0129632 0.0087123 0.000297765 0.000106793 -0.00139267 -0.000151221 0.0127394 -0.000826136 -0.00113909 0.000145201
internal_weight=5e+06 395604 97319 18199 79120 15604 63516 12399 36340 298285 56622 43690 3634 3018 40056 241663 11505 235215 27176 32338 30075 22746 4.6044e+06 4.46513e+06 1.61859e+06 1.42734e+06 71013 1.35632e+06 1.33974e+06 1.10404e+06
internal_count=5000000 395604 97319 18199 79120 15604 63516 12399 36340 298285 56622 43690 3634 3018 40056 241663 11505 235215 27176 32338 30075 22746 4604396 4465130 1618590 1427337 71013 1356324 1339735 1104040
cat_boundaries=0 1 2 3 4 5
cat_threshold=38 6 1047552 11010303 960
is_linear=0
shrinkage=0.1


Tree=227
num_leaves=31
num_cat=6
split_feature=7 16 76 72 66 16 77 73 76 50 3 0 75 15 23 72 26 75 23 0 23 75 76 5 57 72 23 72 72 86
split_gain=481.876 1313.74 1357.48 1093.87 753.037 726.813 682.33 798.706 546.138 500.436 486.525 1242.99 684.043 887.241 623.699 873.347 791.943 790.623 1189.2 1020.49 1805.36 1394.28 1425.22 1224.85 1173.36 1121.34 1088.12 984.384 967.856 881.944
threshold=-10.349999904632567 -5.8500001430511466 0 43.490848541259773 8.8499999046325701 -1.0500000119209287 -13.15000009536743 143.31164550781253 1 0.15000000223517421 31.44999980926514 26.849999427795414 2 20.250000000000004 26.250000000000004 26.286649703979496 1.0000000180025095e-35 3 14.150000095367433 18.750000000000004 9.0500001907348651 4 5 22.550000190734867 2.0499999523162846 36.241651535034187 14.34999990463257 41.927499771118171 40.964998245239265 16.750000000000004
decision_type=8 10 1 2 8 10 10 2 1 8 10 2 1 10 10 2 10 1 10 2 8 1 1 10 8 2 10 2 2 10
left_child=1 2 -1 6 5 8 7 -4 -3 -8 14 -12 13 -13 15 -2 -16 18 27 23 -21 -22 24 29 -23 -24 -27 -17 -26 -19
right_child=10 4 3 -5 -6 -7 9 -9 -10 -11 11 12 -14 -15 16 17 -18 19 -20 20 21 22 25 -25 28 26 -28 -29 -30 -31
leaf_value=0.013418482725673052 0.012737262112502847 0.049419657053015015 -0.071259919084258147 -0.0036081140642592381 0.2163678929677352 0.11909045455269554 -0.21166830765522593 -0.20216893339221428 0.0036539523495651739 0.00055198112255691188 0.0758112242512054 -0.1045574384147767 0.0039283537856446109 0.10483738861750638 -0.0054437964227868792 0.040833006181693915 0.010970442413972797 -0.00057560859455140835 0.0017653326850710837 -0.131986988215162 -0.031472866011676509 0.00486851305000133 -0.0058450448560790659 0.020116944651429661 -0.0058615375041708431 -0.083173743685054119 -0.019383668601549803 0.0090994827168655104 -0.044392721806293972 0.0070986949566364454
leaf_weight=19471 54315 5542 1491 4622 235 954 123 678 4933 1150 2658 240 53919 1290 351002 13436 32080 2854658 836330 1112 18410 216842 173956 30049 72314 2846 44262 35878 7165 158039
leaf_count=19471 54315 5542 1491 4622 235 954 123 678 4933 1150 2658 240 53919 1290 351002 13436 32080 2854658 836330 1112 18410 216842 173956 30049 72314 2846 44262 35878 7165 158039
internal_value=-2.2287e-08 0.0110438 -0.000871282 -0.0353476 0.0391717 0.0355282 -0.0780707 -0.11218 0.0279178 -0.0199532 -8.72881e-05 0.00900933 0.00580711 0.0715237 -0.000195102 0.00013327 -0.00406924 -2.00427e-05 0.0026551 -0.000681908 -0.00470137 -0.0044372 -0.00347452 2.73434e-05 0.00105879 -0.00955089 -0.0232375 0.0177455 -0.00933511 -0.000173033
internal_weight=5e+06 39199 27535 8064 11664 11429 3442 2169 10475 1273 4.9608e+06 58107 55449 1530 4.90269e+06 4.51961e+06 383082 4.4653e+06 885644 3.57965e+06 536907 535795 517385 3.04275e+06 296321 221064 47108 49314 79479 3.0127e+06
internal_count=5000000 39199 27535 8064 11664 11429 3442 2169 10475 1273 4960801 58107 55449 1530 4902694 4519612 383082 4465297 885644 3579653 536907 535795 517385 3042746 296321 221064 47108 49314 79479 3012697
cat_boundaries=0 1 2 3 4 5 6
cat_threshold=1571850 2879 64 896 4110 523264
is_linear=0
shrinkage=0.1


Tree=228
num_leaves=31
num_cat=6
split_feature=74 91 82 73 85 79 73 88 77 76 76 72 75 73 73 72 75 26 72 45 72 72 75 26 23 0 13 23 75 0
split_gain=490.529 943.665 825.23 1317.89 1034.79 962.701 741.678 861.204 733.661 733.22 664.952 1541.17 1379.07 1492.63 1511.33 1677.05 1530.79 1336.72 1138.33 1116.79 1116.38 1012.01 990.546 1405.22 1345.19 1592.37 1225.43 970.124 937.612 935.315
threshold=7.5000000000000009 1.3499999642372134 6.1499998569488534 132.80335235595706 1.1500000357627871 2.5499999523162846 138.41335296630862 1.1500000357627871 14.650000095367433 0 1 44.835000991821296 2 144.7174987792969 141.5683517456055 40.792499542236335 3 1.0000000180025095e-35 44.01414871215821 1.0000000180025095e-35 45.276649475097663 43.531650543212898 4 4.7500000000000009 22.250000000000004 25.150000572204593 27.150000572204593 29.44999980926514 5 -7.5499999523162833
decision_type=2 10 8 2 10 10 2 10 8 1 1 2 1 2 2 2 1 10 2 8 2 2 1 8 10 2 10 8 1 2
left_child=1 2 6 5 -5 8 -1 9 -4 -8 11 12 21 14 15 19 -17 27 -19 -14 22 -2 -12 24 25 26 -24 29 -29 -16
right_child=10 -3 3 4 -6 -7 7 -9 -10 -11 20 -13 13 -15 17 16 -18 18 -20 -21 -22 -23 23 -25 -26 -27 -28 28 -30 -31
leaf_value=0.0043837573158156109 -0.0013328602031595881 -0.0019604693191033989 0.050994152695032637 0.0022262915591253784 -0.016260193072278935 -0.015913760690901401 -0.011871743924813799 0.0071175479146887658 0.014731293176788722 0.028914055795210471 0.00072782565667359276 -0.020743965475989262 0.0022892916265891718 -0.025096664647595125 -0.043400418179119091 -0.033568826118524013 -0.0012918541987360936 0.058171782335416089 -0.018899174840288385 0.013930414971050506 0.025915652466658719 -0.01741395785076448 -0.0025461967530397847 -0.040379280983631138 -0.015294503492910547 -0.1134725208225441 0.02318082528217014 -0.18755090774877756 -0.023301309070093611 0.012316725782330354
leaf_weight=154385 543568 296334 6829 73620 51433 8505 4889 60475 30485 44698 1037012 31816 814557 18017 3073 23577 38985 10290 2355 91686 14803 42170 1324048 10163 84587 1287 18777 381 3222 153973
leaf_count=154385 543568 296334 6829 73620 51433 8505 4889 60475 30485 44698 1037012 31816 814557 18017 3073 23577 38985 10290 2355 91686 14803 42170 1324048 10163 84587 1287 18777 381 3222 153973
internal_value=-1.22581e-08 0.00239234 0.00535542 -6.10686e-05 -0.00537701 0.0144476 0.00885527 0.0151275 0.0213679 0.0248962 -0.000410094 0.00106731 0.00146479 0.00346183 0.00391238 0.00237387 -0.0134613 0.0125135 0.0438181 0.00346704 -0.00146456 -0.00249057 -0.00162827 -0.00332632 -0.00306277 -0.00229301 -0.00218645 0.0100494 -0.0412551 0.0112265
internal_weight=5e+06 731653 435319 170872 125053 45819 264447 110062 37314 49587 4.26835e+06 1.77767e+06 1.74585e+06 1.16012e+06 1.1421e+06 968805 62562 173294 12645 906243 2.49068e+06 585738 2.47587e+06 1.43886e+06 1.4287e+06 1.34411e+06 1.34282e+06 160649 3603 157046
internal_count=5000000 731653 435319 170872 125053 45819 264447 110062 37314 49587 4268347 1777670 1745854 1160116 1142099 968805 62562 173294 12645 906243 2490677 585738 2475874 1438862 1428699 1344112 1342825 160649 3603 157046
cat_boundaries=0 1 2 3 4 5 6
cat_threshold=239616 523776 7170 112 6592 544
is_linear=0
shrinkage=0.1


Tree=229
num_leaves=31
num_cat=7
split_feature=23 83 0 7 84 89 0 6 86 90 14 75 72 50 73 76 91 50 56 48 56 51 75 76 75 23 49 76 4 75
split_gain=497.912 2213.98 1308.33 1271.16 1253.88 1153.05 1569.32 2968.34 2403.5 2047.31 1788.16 1828.76 1711.59 1499.89 1389.14 1382.76 2100.36 1382.47 1315.22 1256.95 1797.46 1680.54 1297.53 1288.21 1174.47 2688.26 1154.83 1156.92 1131.26 1096.14
threshold=11.84999990463257 13.050000190734865 17.849999427795414 18.44999980926514 1.0000000180025095e-35 13.550000190734865 8.2500000000000018 12.050000190734865 9.8499999046325701 1.0000000180025095e-35 15.949999809265138 0 33.418348312377937 1.5500000119209292 129.87249755859378 1 1.6500000357627871 3.4500000476837163 3.3500000238418584 1.0500000119209292 1.2500000000000002 0.84999999403953563 2 3 4 6.0499999523162851 1.1500000357627871 5 8.0500001907348651 6
decision_type=10 10 2 10 10 10 2 10 10 10 10 1 2 10 2 1 10 10 8 8 8 8 1 1 1 10 8 1 8 1
left_child=1 3 -3 5 -5 6 7 8 10 17 12 -12 14 -8 -1 -16 -17 29 -13 20 22 -21 -14 -22 -15 -26 -23 -28 -29 -9
right_child=-2 2 -4 4 -6 -7 13 9 -10 -11 11 18 19 24 15 16 -18 -19 -20 21 23 26 -24 -25 25 -27 27 28 -30 -31
leaf_value=0.046623605848185236 -0.00088191791586081619 0.018467417180426351 -0.02600793148874447 0.022070094783026947 -0.083122384999779211 0.017256745559313159 -0.012682850207784617 0.059591405257568099 0.036829488215494276 -0.099476099438384591 -0.0046544222264479152 0.050978514993496572 -0.0069379992754523756 -0.0067947583984958766 0.014213749735575541 -0.014349191251976329 -0.059512535370945099 -0.026532314778763229 -0.057387474301324196 -0.008846376779900543 0.0030406853168325888 -0.0065540455244527951 0.007837443465424157 -0.014876347042753389 0.040762727315157371 -0.00019654358407671381 0.00051745832775218069 0.0096975833343171929 -0.014812920537933242 0.024015463826514774
leaf_weight=3507 2807505 96299 7102 35973 1170 38396 176721 11533 17906 1295 13413 17199 99590 135981 11453 50649 12925 4280 1198 117002 52870 92813 147373 166522 19519 89487 300916 414728 19726 34949
leaf_count=3507 2807505 96299 7102 35973 1170 38396 176721 11533 17906 1295 13413 17199 99590 135981 11453 50649 12925 4280 1198 117002 52870 92813 147373 166522 19519 89487 300916 414728 19726 34949
internal_value=-5.6633e-08 0.00112917 0.0154127 0.000422202 0.0187565 9.03267e-05 -0.000237016 0.00119989 0.000405905 0.0246853 -2.26435e-05 0.0234377 -0.000523473 -0.00566101 -0.014892 -0.0177675 -0.0235275 0.0278528 0.0438979 0.000275952 -0.00397233 0.00237206 0.00187915 -0.0105592 -0.000595813 0.00713711 0.00395695 0.00528357 0.00858451 0.0328605
internal_weight=5e+06 2.1925e+06 103401 2.08909e+06 37143 2.05195e+06 2.01356e+06 1.59185e+06 1.53979e+06 52057 1.52188e+06 31810 1.49007e+06 421708 78534 75027 63574 50762 18397 1.41154e+06 466355 945185 246963 219392 244987 109006 828183 735370 434454 46482
internal_count=5000000 2192495 103401 2089094 37143 2051951 2013555 1591847 1539790 52057 1521884 31810 1490074 421708 78534 75027 63574 50762 18397 1411540 466355 945185 246963 219392 244987 109006 828183 735370 434454 46482
cat_boundaries=0 1 2 3 4 5 6 7
cat_threshold=178 522240 1564 2086912 6282 8329728 4678
is_linear=0
shrinkage=0.1


Tree=230
num_leaves=31
num_cat=3
split_feature=74 72 2 17 9 48 73 23 75 10 0 52 72 73 73 73 91 75 91 0 76 72 87 23 10 79 46 82 83 23
split_gain=498.079 817.101 731.948 1857.06 1346.48 848.421 1098.51 1300.46 913.994 1654.09 1563.07 1010.86 1016.98 1103.89 1151.33 1061.68 956.661 906.93 889.562 800.417 785.798 788.94 763.858 761.03 745.923 743.873 708.946 670.297 654.65 651.183
threshold=221.00000000000003 44.199998855590827 -1.8499999642372129 5.2500000000000009 2.0499999523162846 4.4500000476837167 131.03749847412112 9.0500001907348651 0 15.650000095367433 15.949999809265138 2.4500000476837163 37.249149322509773 140.32749938964847 140.51084899902347 137.86834716796878 4.0499999523162851 1 4.5499999523162851 1.4499999880790713 2 34.424999237060554 0.75000000000000011 -6.5499999523162833 -1.4499999880790708 3.8500000238418584 1.0000000180025095e-35 1.2500000000000002 6.8500001430511483 4.0499999523162851
decision_type=2 2 10 10 10 10 2 10 1 10 2 8 2 2 2 2 10 1 10 2 1 2 10 10 8 10 8 10 10 8
left_child=-1 2 3 4 -2 6 7 27 18 11 26 12 15 19 -15 28 -17 -7 -8 -14 -13 -22 -12 -6 -5 -19 -11 -4 -10 -30
right_child=1 -3 5 24 23 17 8 -9 9 10 22 20 13 14 -16 16 -18 25 -20 -21 21 -23 -24 -25 -26 -27 -28 -29 29 -31
leaf_value=0.0005638536703425393 -0.00085805536510375922 -0.036890981791317071 0.074519457142127307 0.10477314916658936 0.15643552093123769 0.00032442899622170071 0.00082649868452605753 0.0054050038557428813 -0.012485725264862383 -0.006894518524769919 -0.038571872791345663 0.012102816414467109 -0.01008975186509811 0.060502694733925527 -0.011900120099294515 0.0090390024963820596 -0.043674865868418289 -0.017887329747203431 -0.029063591596480101 -0.050728488439109924 -0.05899941515363552 -0.0025609865791991807 -0.1102168155281643 0.035183740895674172 0.03428376583867019 -0.056346825549552684 -0.056817176825464416 0.017296468350569021 0.037096635006432566 -0.0020314527159938961
leaf_weight=3790182 98100 6587 4671 1845 565 23932 545384 34656 97451 40581 17551 62503 7621 2306 46160 73482 3612 25577 10142 13313 2768 23545 1626 6175 8057 6260 3059 3644 4866 33779
leaf_count=3790182 98100 6587 4671 1845 565 23932 545384 34656 97451 40581 17551 62503 7621 2306 46160 73482 3612 25577 10142 13313 2768 23545 1626 6175 8057 6260 3059 3644 4866 33779
internal_value=-3.57786e-08 -0.00176662 -0.00157433 0.00602222 0.00211246 -0.00237512 -0.00172633 0.0139262 -0.00240591 -0.00584304 -0.0208507 -0.00330491 -0.00622965 -0.016744 -0.00845521 -0.00280691 0.00656926 -0.0143891 0.000280803 -0.035934 0.00600088 -0.00849481 -0.0446466 0.045348 0.0474178 -0.0254415 -0.0103939 0.0494418 -0.0081182 0.00289538
internal_weight=5e+06 1.20982e+06 1.20323e+06 114742 104840 1.08849e+06 1.03272e+06 42971 989749 434223 62817 371406 282590 69400 48466 213190 77094 55769 555526 20934 88816 26313 19177 6740 9902 31837 43640 8315 136096 38645
internal_count=5000000 1209818 1203231 114742 104840 1088489 1032720 42971 989749 434223 62817 371406 282590 69400 48466 213190 77094 55769 555526 20934 88816 26313 19177 6740 9902 31837 43640 8315 136096 38645
cat_boundaries=0 1 2 3
cat_threshold=4032 312 16764929
is_linear=0
shrinkage=0.1


Tree=231
num_leaves=31
num_cat=3
split_feature=0 3 89 77 8 53 3 83 86 8 23 75 0 49 80 76 72 75 13 72 21 89 73 48 57 18 0 86 78 80
split_gain=477.423 2633.36 2078.16 1820.62 1403.57 1570.08 1192.88 1052.58 983.001 1188.92 1142.84 1694.98 2123.58 1242.83 1242.32 1157.42 1087.82 993.485 2078.46 2090.19 1561.39 1180.36 982.735 976.974 1993.56 1454.83 1539.25 1113.07 1143.69 1015.21
threshold=4.0499999523162851 7.4500000476837167 5.0499999523162851 6.8500001430511483 10.650000095367433 3.9500000476837163 2.2500000000000004 -0.45000000298023218 7.0499999523162851 14.84999990463257 5.4500000476837167 0 12.250000000000002 0.35000000894069677 8.2500000000000018 1 44.199998855590827 2 13.750000000000002 36.125000000000007 9.2500000000000018 11.650000095367433 129.87249755859378 0.75000000000000011 1.4499999880790713 8.8499999046325701 -3.4500000476837154 -13.749999999999998 1.0000000180025095e-35 5.4500000476837167
decision_type=2 10 10 10 10 10 8 8 8 10 8 1 2 8 10 1 2 1 8 2 8 10 2 8 8 8 2 8 10 10
left_child=1 2 3 4 23 -6 -4 -2 9 22 11 12 13 -10 -13 -15 17 18 21 20 -20 -12 -9 24 25 26 27 -1 -29 -25
right_child=7 -3 6 -5 5 -7 -8 8 10 -11 16 14 -14 15 -16 -17 -18 -19 19 -21 -22 -23 -24 29 -26 -27 -28 28 -30 -31
leaf_value=-0.046571075781148011 0.049241289796746218 0.045520054119605496 0.045946175552667168 0.061437556223861892 0.034703869624927573 -0.074229257724660214 0.010877315269472922 0.051349687025631488 0.036062018898450003 0.021139002287357933 -0.0029062301182708112 0.0094241136638395853 -0.083383723972839746 -0.042994638209884452 0.034096209942144982 -0.00017155787777101253 -0.012298407799959088 0.00065552372106879525 0.021426618038560209 -0.037433036916603525 -0.010470059828792296 0.0078641201448466421 -0.0081138849052881604 0.0010404233705523876 -0.016322645476580473 0.025879294177720377 -0.009366212161462802 0.022825862735907906 -0.066488716107862264 0.036239514336425797
leaf_weight=2780 4248 13647 14675 4862 18016 1428 28609 2807 8507 15244 364171 78820 3181 6989 27540 64271 76730 2623108 16704 27082 188893 141211 281564 722115 105049 21216 92315 34434 1496 8288
leaf_count=2780 4248 13647 14675 4862 18016 1428 28609 2807 8507 15244 364171 78820 3181 6989 27540 64271 76730 2623108 16704 27082 188893 141211 281564 722115 105049 21216 92315 34434 1496 8288
internal_value=-2.97138e-08 0.00187388 0.00130944 0.00039168 9.69785e-05 0.0267036 0.0227671 -0.000509579 -0.000563399 -0.00606844 -0.000108671 0.00745561 -0.00325962 -6.47861e-05 0.015811 -0.00437759 -0.000525198 -0.000256435 -0.00349755 -0.0113185 -0.00787857 0.000103161 -0.00752693 -0.000426808 -0.00572589 0.00158607 -0.00234757 0.0143904 0.0191071 0.00143983
internal_weight=5e+06 1.06893e+06 1.05528e+06 1.012e+06 1.00714e+06 19444 43284 3.93107e+06 3.92682e+06 299615 3.62721e+06 189308 82948 79767 106360 71260 3.4379e+06 3.36117e+06 738061 232679 205597 505382 284371 987693 257290 152241 131025 38710 35930 730403
internal_count=5000000 1068930 1055283 1011999 1007137 19444 43284 3931070 3926822 299615 3627207 189308 82948 79767 106360 71260 3437899 3361169 738061 232679 205597 505382 284371 987693 257290 152241 131025 38710 35930 730403
cat_boundaries=0 1 2 3
cat_threshold=6402 1920 4126
is_linear=0
shrinkage=0.1


Tree=232
num_leaves=31
num_cat=6
split_feature=74 48 85 76 23 83 0 75 76 15 73 73 76 72 85 72 87 1 73 72 0 74 73 76 73 76 83 74 74 73
split_gain=504.432 611.218 574.601 595.169 533.792 1165.06 948.264 902.246 853.227 825.847 796.879 809.576 1952.41 2841.45 2743.78 2651.75 2176.54 2051.18 2012.12 1812.98 1537.98 1507.45 1342.76 1640.28 1377.38 1398.43 1330.3 1271.11 2927.08 1514.46
threshold=669.00000000000011 3.4500000476837163 3.7500000000000004 0 21.849999427795414 20.550000190734867 24.94999980926514 1 2 27.849999427795414 129.97499847412112 134.46669769287112 3 35.269151687622077 2.6499999761581425 34.495000839233406 1.0000000180025095e-35 2.6499999761581425 132.27500152587893 34.879999160766609 4.2500000000000009 131.00000000000003 138.0100021362305 4 135.29250335693362 5 14.750000000000002 132.50000000000003 143.50000000000003 130.66835021972659
decision_type=2 8 10 1 10 10 2 1 1 10 2 2 1 2 10 2 8 8 2 2 2 2 2 1 2 1 10 2 2 2
left_child=4 2 -2 -4 5 9 -7 -6 -8 10 -1 12 -12 14 15 27 26 -15 20 22 -17 -20 24 -24 25 -13 -16 -14 -29 -30
right_child=1 -3 3 -5 7 6 8 -9 -10 -11 11 19 13 17 16 18 -18 -19 21 -21 -22 -23 23 -25 -26 -27 -28 28 29 -31
leaf_value=0.0093313780463705649 -0.0015632706485981423 -0.02036910854866637 -0.010790704889412583 -0.061741112094015817 -0.033016935520080844 0.009731077525591365 -0.076990697875847683 -0.0014456035897762714 -0.0069096715011003791 0.018685396774179495 0.0044689301513328302 -0.0020850240380243081 -0.0060421865651024056 0.086400226776214242 -0.050901459009306371 0.087109237062383119 0.017339418051416592 0.012362425702145425 -0.045069242089957523 9.2572124925066822e-10 -0.00012378336892190144 -0.0166575198772081 0.0026586042327881245 0.045301750018434554 0.0010385502618707801 0.034575808260836075 -0.01083938675540742 0.082423134392895933 -0.050249850346254066 0.0061222440335810258
leaf_weight=93375 187642 22287 8655 3116 9117 201756 1985 1100735 13499 24393 243375 16386 212496 4310 30027 2575 7929 28391 26434 2356550 9396 63617 15861 20930 137886 28515 11449 4920 4987 107406
leaf_count=93375 187642 22287 8655 3116 9117 201756 1985 1100735 13499 24393 243375 16386 212496 4310 30027 2575 7929 28391 26434 2356550 9396 63617 15861 20930 137886 28515 11449 4920 4987 107406
internal_value=-3.52394e-08 -0.00466308 -0.00290773 -0.0243398 0.000216317 0.000797671 0.00790077 -0.00170526 -0.015948 0.000350559 0.000220047 -3.51764e-05 -0.00290945 -0.00640345 -0.00834186 -0.00578784 -0.0306656 0.0221206 -0.0198773 0.000809784 0.0186403 -0.0249976 0.00950051 0.0269309 0.00599217 0.0212042 -0.0398428 -0.00142946 0.00692584 0.00362095
internal_weight=5e+06 221700 199413 11771 4.7783e+06 3.66845e+06 217240 1.10985e+06 15484 3.45121e+06 3.42682e+06 3.33344e+06 757312 513937 481236 431831 49405 32701 102022 2.57613e+06 11971 90051 219578 36791 182787 44901 41476 329809 117313 112393
internal_count=5000000 221700 199413 11771 4778300 3668448 217240 1109852 15484 3451208 3426815 3333440 757312 513937 481236 431831 49405 32701 102022 2576128 11971 90051 219578 36791 182787 44901 41476 329809 117313 112393
cat_boundaries=0 1 2 3 4 5 6
cat_threshold=524160 4110 15728766 1046528 4191232 523776
is_linear=0
shrinkage=0.1


Tree=233
num_leaves=31
num_cat=3
split_feature=74 73 72 81 91 88 72 76 73 72 26 50 52 51 75 51 75 2 17 8 61 48 0 9 5 0 13 51 5 12
split_gain=482.064 726.25 858.964 1060.16 1007.73 1310.53 1040.16 1298.55 1226.9 1322.27 957.908 948.421 909.489 905.516 729.305 802.029 720.035 705.045 1863.56 2023.05 1280.43 1114.24 1748.76 2128.79 1135.71 1127.81 1098.89 1048.28 905.626 893.631
threshold=118.00000000000001 142.22499847412112 44.722499847412116 0.75000000000000011 1.0500000119209292 0.75000000000000011 43.729999542236335 0 145.49250030517581 42.100000381469734 1.0000000180025095e-35 3.7500000000000004 3.3500000238418584 0.45000000298023229 1 2.5499999523162846 2 0.65000000596046459 5.0499999523162851 5.4500000476837167 1.4499999880790713 1.4499999880790713 -5.2499999999999991 -3.5499999523162837 -5.3500001430511466 -8.6500000953674299 -0.84999999403953541 1.2500000000000002 -2.4500000476837154 8.0500001907348651
decision_type=2 2 2 10 10 8 2 1 2 2 8 10 8 8 1 8 1 10 10 10 10 8 2 10 8 2 10 8 10 10
left_child=1 -1 3 4 12 -6 7 8 9 -7 -5 -4 -3 -11 15 -15 -12 18 19 21 -20 22 23 26 -24 -25 28 -23 -2 -26
right_child=17 2 11 10 5 6 -8 -9 -10 13 16 -13 -14 14 -16 -17 -18 -19 20 -21 -22 27 24 25 29 -27 -28 -29 -30 -31
leaf_value=0.0013120908944924674 -0.012720690022351086 0.0073169116277531287 -0.029342908026754624 -0.01272589886749563 0.018947440228432061 0.081149987450845978 0.00082437547692858096 -0.011729053714884028 0.058523242549038151 0.0018149147964943658 0.091933331035901442 0.022753699638433444 -0.014739028185348635 -0.057440425564462654 -0.041055329532221761 -0.12496487362833025 0.025640706734140796 -0.0020364349292325882 0.039423194771791327 0.04407708007531122 0.0067355858631923202 -0.012222475398019711 0.020394034534375174 0.098186051835077948 -0.021107473331776632 0.026889449269950669 0.090914984700243784 0.0093766830044975137 0.12660444424801359 0.043228068332207992
leaf_weight=2714162 26199 98863 22180 3705 14676 784 39202 63786 1186 2748 2590 4148 23056 4539 9098 2872 4504 1666063 21390 9972 27251 28718 7848 2918 81191 9258 1119 103281 475 2218
leaf_count=2714162 26199 98863 22180 3705 14676 784 39202 63786 1186 2748 2590 4148 23056 4539 9098 2872 4504 1666063 21390 9972 27251 28718 7848 2918 81191 9258 1119 103281 475 2218
internal_value=-5.29134e-08 0.00079763 -0.00388904 -0.00221732 -0.00348861 -0.00931243 -0.0126513 -0.0188654 -0.0402851 -0.0461526 0.0284859 -0.021135 0.00314593 -0.0513354 -0.0601825 -0.0834956 0.0500097 -0.00120871 0.00307616 -0.00013466 0.02111 -0.00180958 -0.00833488 0.00910833 -0.0159747 0.0439758 -0.00616696 0.00467752 -0.0102396 -0.0193967
internal_weight=5e+06 3.0121e+06 297937 271609 260810 138891 124215 85013 21227 20041 10799 26328 121919 19257 16509 7411 7094 1.9879e+06 321838 273197 48641 263225 131226 39969 91257 12176 27793 131999 26674 83409
internal_count=5000000 3012099 297937 271609 260810 138891 124215 85013 21227 20041 10799 26328 121919 19257 16509 7411 7094 1987901 321838 273197 48641 263225 131226 39969 91257 12176 27793 131999 26674 83409
cat_boundaries=0 1 2 3
cat_threshold=4194431 7180 2586
is_linear=0
shrinkage=0.1


Tree=234
num_leaves=31
num_cat=4
split_feature=48 53 73 76 72 23 74 0 75 86 0 3 75 11 72 23 76 83 89 11 1 89 74 23 6 89 0 86 13 30
split_gain=473.05 2305.84 1336.18 816.289 652.381 774.717 657.327 754.012 643.246 598.742 668.548 1239.34 999.477 1642.28 1646.54 909.622 751.149 727.983 723.441 626.125 921.432 1247.71 1020.15 1006.39 980.094 828.537 970.546 1469.22 1283.77 1790.24
threshold=7.9500000476837167 5.2500000000000009 139.44834899902347 0 30.90164947509766 11.449999809265138 30.500000000000004 13.550000190734865 1 30.150000572204593 27.250000000000004 30.550000190734867 2 17.750000000000004 35.225851058959968 28.650000572204593 3 26.94999980926514 26.849999427795414 30.150000572204593 21.750000000000004 21.550000190734867 316.00000000000006 24.150000572204593 26.050000190734867 20.44999980926514 18.44999980926514 17.750000000000004 23.849999427795414 1.0000000180025095e-35
decision_type=10 8 2 1 2 8 2 2 1 10 2 10 1 8 2 10 1 10 8 10 8 8 2 8 10 10 2 8 10 10
left_child=4 8 -3 -4 5 -1 7 -7 -2 10 11 17 18 15 -15 -14 -13 19 -12 20 24 -22 23 -23 25 26 28 -28 -6 -30
right_child=1 2 3 -5 9 6 -8 -9 -10 -11 12 16 13 14 -16 -17 -18 -19 -20 -21 21 22 -24 -25 -26 -27 27 -29 29 -31
leaf_value=0.048997670456898672 -0.05295877229544841 -0.011133705891563039 -0.0052493916213399812 0.025059123312999539 0.00010894554052810831 0.09198595743514458 -0.00093056454519913697 0.010737783526381899 -0.018193784484182855 0.0095027360723803755 -0.018091246369930061 0.13467215215221362 0.015896396005987447 -0.04317946818968469 -0.18065693160176749 -0.11040555165291183 0.029627623951935647 0.01232616233160351 -0.0016671052492913164 0.0090521888557704502 -0.015937674640830703 0.0036997276799202688 -0.012663035678429828 -0.0055275182637273389 0.021976147290637755 0.0069412440009848173 -0.02350217835835432 -0.0028454493775327142 0.016042688674497256 -0.07727256372534351
leaf_weight=4156 10896 43508 13729 25184 3051558 1160 82250 74535 10467 64422 31717 747 4498 2880 1249 653 7042 47318 173654 72812 74970 262930 79799 214738 20752 172850 38355 336647 72408 2116
leaf_count=4156 10896 43508 13729 25184 3051558 1160 82250 74535 10467 64422 31717 747 4498 2880 1249 653 7042 47318 173654 72812 74970 262930 79799 214738 20752 172850 38355 336647 72408 2116
internal_value=-3.46646e-08 -0.00668091 0.000907692 0.014371 0.000141578 0.0063796 0.00525819 0.0119829 -0.0359587 -7.2018e-05 -0.000204109 5.85321e-05 -0.00565518 -0.0377385 -0.0847657 -0.000115091 0.0399128 -1.12694e-05 -0.00420341 -0.000143949 -0.000298692 -0.00382575 -0.00219689 -0.000448426 0.000305051 0.000182643 -0.000151032 -0.00495821 0.000425633 0.0133931
internal_weight=5e+06 103784 82421 38913 4.89622e+06 162101 157945 75695 21363 4.73412e+06 4.66969e+06 4.45504e+06 214651 9280 4129 5151 7789 4.44725e+06 205371 4.39994e+06 4.32712e+06 632437 557467 477668 3.69469e+06 3.67393e+06 3.50108e+06 375002 3.12608e+06 74524
internal_count=5000000 103784 82421 38913 4896216 162101 157945 75695 21363 4734115 4669693 4455042 214651 9280 4129 5151 7789 4447253 205371 4399935 4327123 632437 557467 477668 3694686 3673934 3501084 375002 3126082 74524
cat_boundaries=0 1 2 3 4
cat_threshold=518144 7174 960 114688
is_linear=0
shrinkage=0.1


Tree=235
num_leaves=31
num_cat=3
split_feature=23 75 80 0 23 8 86 12 23 89 27 89 72 1 83 77 4 16 64 5 11 73 87 76 15 55 77 76 48 73
split_gain=467.711 732.175 1663.87 1061.5 1785.14 1361.69 962.325 959.829 877.555 1089.26 828.061 787.774 846.844 808.815 812.009 637.1 746.543 627.759 630.587 627.143 626.043 676.524 843.979 619.183 619.028 591.368 589.961 552.508 1312.69 821.992
threshold=-4.6499998569488517 0 -13.749999999999998 -10.15000009536743 -12.949999809265135 -5.9500000476837149 -8.0500001907348615 -3.1499999761581416 -7.4500000476837149 -5.5499999523162833 2.2500000000000004 -4.4500000476837149 43.490848541259773 -12.849999904632567 -8.9499998092651349 -13.15000009536743 -13.050000190734862 -5.8500001430511466 1.4499999880790713 -6.6499998569488517 -13.249999999999998 142.22499847412112 2.7500000000000004 1 -3.5499999523162837 0.75000000000000011 -5.2499999999999991 2 10.050000190734865 140.11250305175784
decision_type=10 1 8 2 8 10 10 10 8 8 10 10 2 10 10 8 10 10 10 10 8 2 10 1 10 8 10 1 10 2
left_child=1 2 6 5 10 7 -1 11 15 26 19 12 17 14 -14 16 -4 -3 -19 -5 -6 -22 23 -23 25 -7 -10 28 -2 -29
right_child=27 3 8 4 20 24 -8 -9 9 -11 -12 -13 13 -15 -16 -17 -18 18 -20 -21 21 22 -24 -25 -26 -27 -28 29 -30 -31
leaf_value=-0.057503621304792897 0.0013001702821831356 -0.048470169743555752 -0.096809632937207277 -0.025070354328344698 0.03391693930863908 0.17088505391687919 0.15610686568123799 0.10621471220970008 -0.034295924829727251 0.015464801930830302 0.39761104927613189 0.19966543385359858 0.038120330840706138 -0.015048027160246899 0.21050246645578854 0.032801306452620922 0.025536102305227078 0.086533561192836672 -0.01801531568733564 -0.09469740318176445 0.0033635443841074733 -0.035133600878244034 0.30983394088011379 -0.0043797653040168168 -0.0096528444544652509 0.066836171945086217 0.039306865336631296 0.00011983130897770887 -0.026377101997706088 -0.0035179474325756355
leaf_weight=4218 2018612 4693 847 2263 4659 664 222 908 7790 30668 39 196 4056 3461 293 28759 1213 796 2096 3020 46933 11411 79 15365 841 3080 1266 1848856 17283 935413
leaf_count=4218 2018612 4693 847 2263 4659 664 222 908 7790 30668 39 196 4056 3461 293 28759 1213 796 2096 3020 46933 11411 79 15365 841 3080 1266 1848856 17283 935413
internal_value=-8.6139e-09 0.00500721 0.0125517 -0.000389189 -0.00543705 0.0196663 -0.0468231 0.00626944 0.0162905 0.00646641 -0.0614832 0.000448759 -0.00208755 0.0210259 0.049734 0.0289533 -0.0247682 -0.0258866 0.0107609 -0.0648723 -0.00163477 -0.00387951 -0.0165378 -0.0175007 0.0678746 0.0852893 -0.0240065 -0.000186823 0.00106521 -0.00110233
internal_weight=5e+06 179836 74983 104853 83769 21084 4440 16499 70543 39724 5322 15591 15395 7810 4349 30819 2060 7585 2892 5283 78447 73788 26855 26776 4585 3744 9056 4.82016e+06 2.0359e+06 2.78427e+06
internal_count=5000000 179836 74983 104853 83769 21084 4440 16499 70543 39724 5322 15591 15395 7810 4349 30819 2060 7585 2892 5283 78447 73788 26855 26776 4585 3744 9056 4820164 2035895 2784269
cat_boundaries=0 1 2 3
cat_threshold=2460 4132480 261888
is_linear=0
shrinkage=0.1


Tree=236
num_leaves=31
num_cat=4
split_feature=88 82 72 72 82 77 11 83 4 86 56 2 48 75 60 48 52 1 76 74 15 4 85 27 86 76 72 75 23 13
split_gain=478.717 728.177 713.686 845.746 783.719 800.956 648.664 1367.6 1325.51 1174.35 1130.56 1021.23 905.245 866.358 1140.95 1997.79 1316.09 1078.98 1049 1007.32 1315.28 956.473 929.181 868.939 851.343 841.505 1018.29 1066.64 1111.63 1378.21
threshold=1.5500000119209292 0.25000000745058065 44.722499847412116 44.50164985656739 1.2500000000000002 -8.9499998092651349 -0.25000000745058054 -2.8500000238418575 -5.9500000476837149 -0.35000000894069666 1.7500000000000002 -8.6500000953674299 0.15000000223517421 0 1.1500000357627871 2.0499999523162846 2.7500000000000004 -0.25000000745058054 1 202.50000000000003 11.250000000000002 2.4500000476837163 1.3499999642372134 1.0000000180025095e-35 -3.8500000238418575 2 36.241651535034187 3 11.650000095367433 15.449999809265138
decision_type=8 8 2 2 10 8 10 10 8 8 10 8 10 1 10 8 10 8 1 2 10 8 10 10 10 1 2 1 10 10
left_child=2 -2 3 -1 5 -4 7 24 -8 -10 11 -9 -11 14 15 16 17 -14 -17 -16 -21 23 -19 -15 -3 26 -23 -28 29 -29
right_child=1 6 4 -5 -6 -7 8 10 9 12 -12 -13 13 21 19 18 -18 22 -20 20 -22 25 -24 -25 -26 -27 27 28 -30 -31
leaf_value=0.0016170112453676379 0.0073330054569138801 -0.006446383139931464 -0.14267742504861669 0.047631458362337939 -0.00078121316948554008 -0.029848738523300295 0.087165741545292663 0.13025777300581742 -0.017351908730030376 0.0081738137690333373 0.020892141843315157 0.0023965246394862558 0.032177036517174032 0.0084213793606219209 2.7616256528942095e-05 -0.039739340225889895 -0.035972247695660306 0.0025462548212421333 -0.014986841186387045 -0.0054159081555501254 -0.035364455774549407 -0.00045213531222725132 -0.016193023616008925 0.052734383077387273 0.0073831376686539331 0.00038680128278886246 -0.018306162671554497 -0.0044497176683270688 -0.0083892187426596512 0.039273711713939619
leaf_weight=1508964 110565 143880 677 4005 14146 8906 1689 629 45718 99523 60644 90657 9222 54782 439979 26550 11579 85066 48315 70732 18500 314293 38407 4814 64454 1485809 82584 18026 124871 12014
leaf_count=1508964 110565 143880 677 4005 14146 8906 1689 629 45718 99523 60644 90657 9222 54782 439979 26550 11579 85066 48315 70732 18500 314293 38407 4814 64454 1485809 82584 18026 124871 12014
internal_value=-1.56502e-08 -0.000651799 0.00146893 0.00173882 -0.0157392 -0.0378196 -0.000915118 0.00309369 -0.00139774 -0.00144775 0.0103085 0.00327754 -0.00120086 -0.00152874 -0.00444973 -0.0105177 -0.00363968 -0.000818336 -0.0237723 -0.00193717 -0.011625 -0.000486414 -0.00328271 0.0120009 -0.00216783 -0.000851646 -0.00418637 -0.0091283 -0.00423407 0.0130367
internal_weight=5e+06 3.4633e+06 1.5367e+06 1.51297e+06 23729 9583 3.35274e+06 360264 2.99247e+06 2.99078e+06 151930 91286 2.94507e+06 2.84554e+06 748350 219139 144274 132695 74865 529211 89232 2.09719e+06 123473 59596 208334 2.0376e+06 551788 237495 154911 30040
internal_count=5000000 3463302 1536698 1512969 23729 9583 3352737 360264 2992473 2990784 151930 91286 2945066 2845543 748350 219139 144274 132695 74865 529211 89232 2097193 123473 59596 208334 2037597 551788 237495 154911 30040
cat_boundaries=0 1 2 3 4
cat_threshold=6150 4065216 6291579 56
is_linear=0
shrinkage=0.1


Tree=237
num_leaves=31
num_cat=7
split_feature=74 75 1 90 21 23 75 81 26 4 28 80 31 17 0 75 73 75 59 76 73 3 75 16 71 26 28 25 27 76
split_gain=468.191 497.986 915.153 833.779 461.887 443.859 1098.4 889.129 1044.7 1001.31 899.845 883.268 861.778 850.796 1605.87 1549.02 826.551 798.302 741.493 964.468 709.005 1038.17 964.847 707.55 703.957 700.572 936.843 705.278 2151.58 1719.55
threshold=965.50000000000011 0 12.650000095367433 1.0000000180025095e-35 -3.1499999761581416 21.349999427795414 1 4.7500000000000009 1.0000000180025095e-35 14.250000000000002 5.2500000000000009 21.050000190734867 1.2500000000000002 16.150000572204593 17.750000000000004 2 129.38750457763675 3 1.2500000000000002 4 142.79664611816409 27.44999980926514 5 26.250000000000004 2.3500000238418584 4.7500000000000009 1.2500000000000002 0.75000000000000011 1.0000000180025095e-35 6
decision_type=2 1 8 10 8 10 1 10 8 10 10 10 10 10 2 1 2 1 8 1 2 10 1 10 10 10 10 10 8 1
left_child=5 2 3 -2 -3 6 -1 10 -9 17 11 16 -12 14 -7 -16 24 -10 19 -15 -20 23 -23 -22 -8 27 -27 -18 -29 -30
right_child=1 4 -4 -5 -6 13 7 8 9 -11 12 -13 -14 18 15 -17 25 -19 20 -21 21 22 -24 -25 -26 26 -28 28 29 -31
leaf_value=0.011991498611417947 -0.005818139242738626 0.099285097705548289 -0.06658375754079747 -0.063358038887694881 -0.0019883446099411635 0.033320209276609968 0.035536947890733382 -0.062502015349034476 0.059434829394507505 -0.026387563117739078 -0.050813411361745324 0.0092514886881469392 -0.0024448121935582794 -0.0092357193752623853 -0.078384807089039332 -0.016043675663344876 -8.549109232747074e-05 -0.011830304001766214 -0.0027528845361905769 0.0036784634406959271 -0.0058476115060792123 -0.2079687932199529 -0.033439453600446443 -0.074130521572227867 0.0068999336695290811 -0.055928030351440006 0.0022812468816257514 -0.0095701478749654831 -0.0026194952890442043 0.024348471985227712
leaf_weight=83664 25524 455 3375 2794 44015 5365 10804 4516 3100 11280 6642 114946 8270 67036 4753 24547 3249914 3177 681495 420730 9311 567 733 1813 41776 5191 5916 53485 36033 68773
leaf_count=83664 25524 455 3375 2794 44015 5365 10804 4516 3100 11280 6642 114946 8270 67036 4753 24547 3249914 3177 681495 420730 9311 567 733 1813 41776 5191 5916 53485 36033 68773
internal_value=-2.86148e-08 -0.00778051 -0.0173562 -0.0114953 -0.000951939 0.000120322 0.000664148 0.000402597 -0.0196064 -0.0085728 0.000525221 0.000627136 -0.0239888 -0.00153728 -0.0169788 -0.0261888 0.000341605 0.023441 -0.00108431 0.00190349 -0.00318447 -0.0268584 -0.111418 -0.0169764 0.0127842 0.000150271 -0.0249236 0.000231984 0.00675014 0.0150788
internal_weight=5e+06 76163 31693 28318 44470 4.92384e+06 3.70749e+06 3.62382e+06 22073 17557 3.60175e+06 3.58684e+06 14912 1.21635e+06 34665 29300 3.47189e+06 6277 1.18168e+06 487766 693919 12424 1300 11124 52580 3.41931e+06 11107 3.4082e+06 158291 104806
internal_count=5000000 76163 31693 28318 44470 4923837 3707487 3623823 22073 17557 3601750 3586838 14912 1216350 34665 29300 3471892 6277 1181685 487766 693919 12424 1300 11124 52580 3419312 11107 3408205 158291 104806
cat_boundaries=0 1 2 3 4 5 6 7
cat_threshold=4142 256 4172 3602 14680191 320 2078720
is_linear=0
shrinkage=0.1


Tree=238
num_leaves=31
num_cat=5
split_feature=43 75 10 80 17 64 17 6 15 83 48 75 0 83 72 47 72 88 37 30 75 76 4 0 72 54 63 13 10 75
split_gain=448.001 532.44 432.204 884.489 605.506 578.597 541.458 467.05 458.719 468.249 475.21 455.821 1183.81 1161.33 1256.74 1080.86 1565.82 1049.7 1238.47 1112.41 1278.47 891.926 1009.74 1228.89 1310.33 1303.05 934.962 1073.03 925.857 1365.39
threshold=3.2500000000000004 0 -10.349999904632567 -13.749999999999998 -3.5499999523162837 2.3500000238418584 -7.5499999523162833 -10.249999999999998 -5.9500000476837149 -10.550000190734862 2.6499999761581425 1 15.84999990463257 17.849999427795414 36.613349914550788 1.0000000180025095e-35 35.95579910278321 2.3500000238418584 1.0000000180025095e-35 1.0000000180025095e-35 2 3 19.44999980926514 7.6499998569488534 36.902500152587898 3.6499999761581425 3.6499999761581425 3.8500000238418584 18.349999427795414 4
decision_type=10 1 8 8 10 10 10 10 10 8 10 1 2 8 2 10 2 10 10 8 1 1 10 2 2 8 8 8 8 1
left_child=2 -2 3 5 -5 8 -7 -6 9 10 -1 -4 15 14 -14 17 -17 18 21 20 -20 -13 23 24 -23 26 -26 -28 -25 -30
right_child=1 -3 11 4 7 6 -8 -9 -10 -11 -12 12 13 -15 -16 16 -18 -19 19 -21 -22 22 -24 28 25 -27 27 -29 29 -31
leaf_value=-0.089926946312297307 -0.020451549222911581 -0.0021281158286307724 -0.00093914209161878039 0.011895737874356261 0.087230178046260681 -0.16189119300933377 -0.035168264960821011 -0.014708927952180853 0.078051948156063422 0.035348291426970296 0.11725344160391438 0.019343878312402984 0.0015966436970536347 0.0003941865520128549 -0.016833917467278907 -0.036985862126482041 0.00039855947005777335 -0.0027969494499104262 -0.043886258497933046 0.014326378225446657 0.0030814315160276554 -0.00034573017355432611 0.031621838505204156 -0.0012317845969697918 0.034018423991184439 -0.0081781691605179192 -0.055539597081970531 0.018415517268133248 0.039957172956301086 0.0057902426566039129
leaf_weight=1033 22700 52591 2426916 32914 1897 566 834 589 516 712 124 71132 65625 1608042 84810 14310 51612 117442 13037 12076 10433 37064 16276 192242 51885 11616 2486 9306 13837 75377
leaf_count=1033 22700 52591 2426916 32914 1897 566 834 589 516 712 124 71132 65625 1608042 84810 14310 51612 117442 13037 12076 10433 37064 16276 192242 51885 11616 2486 9306 13837 75377
internal_value=-7.77624e-08 -0.00765557 0.000116963 0.0105774 0.0154901 -0.0353694 -0.0864005 0.0630781 -0.00541397 -0.0284575 -0.0677227 3.30633e-05 0.000992737 -0.000391837 -0.00879386 0.0044703 -0.00771665 0.00573706 0.00767652 -0.0103359 -0.0230253 0.00900703 0.0072134 0.0062048 0.0150461 0.022623 0.0282417 0.00282423 0.00267536 0.0110946
internal_weight=5e+06 75291 4.92471e+06 39185 35400 3785 1400 2486 2385 1869 1157 4.88552e+06 2.45861e+06 1.75848e+06 150435 700131 65922 634209 516767 35546 23470 481221 410089 393813 112357 75293 63677 11792 281456 89214
internal_count=5000000 75291 4924709 39185 35400 3785 1400 2486 2385 1869 1157 4885524 2458608 1758477 150435 700131 65922 634209 516767 35546 23470 481221 410089 393813 112357 75293 63677 11792 281456 89214
cat_boundaries=0 1 2 3 4 5
cat_threshold=3588 5150 2560 63552 2304
is_linear=0
shrinkage=0.1


Tree=239
num_leaves=31
num_cat=5
split_feature=83 0 89 86 0 6 80 72 23 72 1 13 89 74 6 75 75 23 83 25 65 29 75 76 50 48 8 15 75 18
split_gain=425.657 544.347 986.627 642.252 843.601 1053.67 775.761 731.183 660.591 656.856 633.971 1391.61 1226.7 1201.91 956.167 905.141 872.467 843.076 870.302 763.706 737.34 727.386 965.739 702.973 1078.91 928.564 650.593 765.488 647.784 742.694
threshold=32.750000000000007 28.94999980926514 29.250000000000004 27.44999980926514 25.44999980926514 28.94999980926514 23.94999980926514 26.286649703979496 29.050000190734867 38.80584907531739 20.349999427795414 25.849999427795414 20.650000572204593 326.00000000000006 24.44999980926514 0 1 24.150000572204593 21.150000572204593 1.0000000180025095e-35 0.55000001192092907 1.0000000180025095e-35 2 3 1.2500000000000002 2.3500000238418584 15.949999809265138 0.65000000596046459 4 17.050000190734867
decision_type=10 2 10 10 2 10 8 2 10 2 8 10 8 2 10 1 1 8 8 10 8 10 1 1 10 10 8 10 1 8
left_child=1 2 3 4 5 7 -6 -1 10 -10 11 14 -12 15 20 -14 -13 18 -17 -18 21 23 -23 -9 25 -25 27 -24 29 -16
right_child=-2 -3 -4 -5 6 -7 -8 8 9 -11 12 16 13 -15 28 17 19 -19 -20 -21 -22 22 26 24 -26 -27 -28 -29 -30 -31
leaf_value=0.012234600994840857 0.015405504516969995 -0.0057808086017898837 0.02006587808600277 0.0088537533526406847 -0.029419855379384071 0.01694225710717993 -0.0043512923891873166 -0.00045923829892365617 0.035801242267552921 -0.024266706353980674 -0.01244170781029018 0.0026666137578256911 -0.036946105040548315 -0.011090287968386738 0.070762228326796558 -0.0066806688829663154 0.030640211107140082 -0.0048887628288774264 0.0057855031583248888 -0.047967877508307603 0.00064281542956921107 -0.015971830105172228 -0.010259117653978451 -0.0028597663247043096 -0.018232242979266351 -0.049773867891246083 -0.0035368176731627784 0.029077520902583233 0.010015208844843377 0.00067379894825099138
leaf_weight=48849 17871 160699 24711 81146 12971 37318 255526 203519 9193 2270 111215 26851 6302 101918 4323 67612 29483 163986 326135 1290 2971651 14354 6100 170500 76924 4326 15046 26173 19413 2325
leaf_count=48849 17871 160699 24711 81146 12971 37318 255526 203519 9193 2270 111215 26851 6302 101918 4323 67612 29483 163986 326135 1290 2971651 14354 6100 170500 76924 4326 15046 26173 19413 2325
internal_value=-6.98352e-08 -5.53299e-05 0.000135501 3.28269e-05 -0.000118964 0.000209686 -0.00556235 6.80846e-05 -6.81994e-05 0.0239061 -0.000131384 0.000431738 -0.00271979 -0.00109622 0.000179014 0.000709653 0.0158461 0.00113578 0.00364488 0.0273361 3.64551e-05 -0.00344922 0.00674251 -0.00482984 -0.00836276 -0.00402064 0.0136333 0.0216424 0.0192624 0.0461808
internal_weight=5e+06 4.98213e+06 4.82143e+06 4.79672e+06 4.71557e+06 4.44708e+06 268497 4.40976e+06 4.36091e+06 11463 4.34945e+06 3.57228e+06 777168 665953 3.51465e+06 564035 57624 557733 393747 30773 3.48859e+06 516942 61673 455269 251750 174826 47319 32273 26061 6648
internal_count=5000000 4982129 4821430 4796719 4715573 4447076 268497 4409758 4360909 11463 4349446 3572278 777168 665953 3514654 564035 57624 557733 393747 30773 3488593 516942 61673 455269 251750 174826 47319 32273 26061 6648
cat_boundaries=0 1 2 3 4 5
cat_threshold=4110 2160 4356 1047040 3344
is_linear=0
shrinkage=0.1


Tree=240
num_leaves=31
num_cat=7
split_feature=29 75 6 29 33 75 73 72 75 25 18 27 75 72 76 75 76 23 43 16 0 56 9 72 72 9 88 53 5 53
split_gain=412.953 740.15 986.558 520.87 2303.03 2200.4 1691.2 3778.87 1634.75 1896.94 1069.36 1056.98 1664.63 945.301 936.474 925.748 831.909 847.991 831.13 830.103 1295.07 809.635 793.04 782.588 770.155 814.158 769.759 893.998 764.767 735.215
threshold=6.2500000000000009 0 11.050000190734865 1.0000000180025095e-35 1.0000000180025095e-35 1 137.77420043945315 36.658300399780281 2 1.0000000180025095e-35 11.84999990463257 1.2500000000000002 3 35.059200286865241 4 5 6 20.150000572204593 0.75000000000000011 11.84999990463257 15.34999990463257 2.8500000238418584 16.94999980926514 38.80584907531739 43.828350067138679 9.0500001907348651 7.0499999523162851 2.0499999523162846 0.84999999403953563 2.3500000238418584
decision_type=10 1 8 8 10 1 2 2 1 10 8 10 1 2 1 1 1 8 8 8 2 8 10 2 2 8 10 10 10 10
left_child=3 -2 -3 11 8 16 13 10 24 14 18 26 -13 -7 15 -10 17 28 -8 21 22 -16 -21 -22 25 -5 -1 -28 -6 -9
right_child=1 2 -4 4 5 6 7 29 9 -11 -12 12 -14 -15 19 -17 -18 -19 -20 20 23 -23 -24 -25 -26 -27 27 -29 -30 -31
leaf_value=8.1729756742380418e-05 -0.048582222598494297 0.096988001038292734 -0.0089205779608590077 0.089878386120180953 0.0020134682207746364 0.015854567887562895 0.09235009936094532 0.0084925013130057181 0.014445362896596757 0.0031026834926655635 0.055318325714793497 0.0061946496750359481 -0.028056764404502079 -0.010722906224821631 -0.027656827541591544 -0.019998313206529533 0.0064832428038601635 0.003858265512062144 0.19585732353947827 -0.055250549770363672 -0.011205316110494598 0.0026226141658436102 -0.13076392287117941 -0.081919928879608292 -0.030901687221145575 0.0094437616839943908 -0.034371593459393397 -0.0051098362429604612 -0.041465901061418758 0.032484506055931762
leaf_weight=4384888 4616 914 23335 1280 5881 39158 4060 33741 14227 72678 9751 24497 33711 20331 24004 17259 50809 15191 959 8124 11856 13970 1678 1803 4703 74611 12855 55596 12961 20553
leaf_count=4384888 4616 914 23335 1280 5881 39158 4060 33741 14227 72678 9751 24497 33711 20331 24004 17259 50809 15191 959 8124 11856 13970 1678 1803 4703 74611 12855 55596 12961 20553
internal_value=-7.09895e-08 -0.0119264 -0.00492661 6.91796e-05 0.0032763 0.0108798 0.0191284 0.0297749 -0.00331422 -0.00899867 0.0746227 -0.000257527 -0.0136457 0.00677143 -0.0184647 -0.00443524 -0.00162065 -0.0137176 0.112128 -0.02565 -0.0404428 -0.0165175 -0.0681777 -0.0205397 0.00836587 0.0108004 -8.25353e-05 -0.0106052 -0.027895 0.0175747
internal_weight=5e+06 28865 24249 4.97114e+06 459588 213395 128553 69064 246193 165599 14770 4.51155e+06 58208 59489 92921 31486 84842 34033 5019 61435 23461 37974 9802 13659 80594 75891 4.45334e+06 68451 18842 54294
internal_count=5000000 28865 24249 4971135 459588 213395 128553 69064 246193 165599 14770 4511547 58208 59489 92921 31486 84842 34033 5019 61435 23461 37974 9802 13659 80594 75891 4453339 68451 18842 54294
cat_boundaries=0 1 2 3 4 5 6 7
cat_threshold=4140 4516 480 464 261120 1560 130816
is_linear=0
shrinkage=0.1


Tree=241
num_leaves=31
num_cat=3
split_feature=74 74 73 73 76 72 73 83 80 86 73 86 73 73 72 77 75 73 80 82 74 75 80 72 72 72 73 73 77 91
split_gain=410.921 676.913 748.52 1811.43 1411.11 1947.76 1860.07 2096.74 1682.94 1782.75 1411.68 1630.15 1208.21 1298.04 1186.02 2051.01 1148.58 1011.12 1091.48 1006.35 956.192 947.867 942.061 1639.78 1125.4 2132.74 1479.81 3286.74 1059.79 1014.3
threshold=118.00000000000001 102.00000000000001 139.97914886474612 135.22000122070315 0 38.316650390625007 136.30250549316409 11.050000190734865 29.050000190734867 1.0000000180025095e-35 139.12249755859378 7.2500000000000009 139.82914733886722 138.41335296630862 36.527500152587898 17.44999980926514 1 131.59835052490237 16.750000000000004 6.1499998569488534 41.500000000000007 2 8.4499998092651385 35.73249816894532 34.678350448608406 35.32085037231446 132.53250122070315 132.01335144042972 6.0499999523162851 0.65000000596046459
decision_type=2 2 2 2 1 2 2 8 8 10 2 8 2 2 2 8 1 2 8 8 2 1 8 2 2 2 2 2 8 10
left_child=1 2 3 17 5 6 7 19 9 20 14 -12 13 -11 -10 -16 -7 18 21 -5 -8 -1 23 24 26 29 27 -19 -24 -26
right_child=-2 -3 -4 4 -6 16 8 -9 10 12 11 -13 -14 -15 15 -17 -18 22 -20 -21 -22 -23 28 -25 25 -27 -28 -29 -30 -31
leaf_value=-0.025369999731639881 -0.0011159935031576672 0.0113124661032038 -0.0014211824799055341 0.092357123270757707 0.0012309628308269011 0.064701913748018341 -0.0088324496401302865 0.01204426827084209 -0.007680072755904409 0.012487606244294028 -0.066813157208824164 -0.012112161777698489 -0.040221052625411764 0.040362836461907865 0.066852372292985282 -0.001038961870261681 0.022156822763218526 0.024262651135715699 0.0047034574900542692 0.037411182813632947 0.012716378301286416 -0.0020941170377935694 -0.030755915430988587 0.062336626912671472 -0.098271259925670373 0.011046978411521012 0.024029577111559845 -0.067500260693887329 -0.0049582891717303646 -0.029407613646119407
leaf_weight=20909 1987901 59326 1184679 4641 370366 7598 50843 52995 47002 40502 7126 23136 3061 28432 6635 13511 38570 9528 402417 11830 34609 106956 16576 4862 3035 13163 30904 6612 405031 7244
leaf_count=20909 1987901 59326 1184679 4641 370366 7598 50843 52995 47002 40502 7126 23136 3061 28432 6635 13511 38570 9528 402417 11830 34609 106956 16576 4862 3035 13163 30904 6612 405031 7244
internal_value=-7.77927e-08 0.000736395 0.000523905 0.00182718 0.00559618 0.00995962 0.00722424 0.0217299 0.00327045 0.00966221 -0.00706076 -0.024993 0.021255 0.0239848 0.00102087 0.0213208 0.0291774 -0.000891081 0.0021461 0.0528932 -0.000104937 -0.00590243 -0.00413194 0.00616716 0.00229269 -0.0156075 0.0112123 -0.0133294 -0.00597255 -0.0497404
internal_weight=5e+06 3.0121e+06 2.95277e+06 1.76809e+06 740857 370491 324323 69466 254857 157447 97410 30262 71995 68934 67148 20146 46168 1.02724e+06 530282 16471 85452 127865 496955 75348 70486 23442 47044 16140 421607 10279
internal_count=5000000 3012099 2952773 1768094 740857 370491 324323 69466 254857 157447 97410 30262 71995 68934 67148 20146 46168 1027237 530282 16471 85452 127865 496955 75348 70486 23442 47044 16140 421607 10279
cat_boundaries=0 1 2 3
cat_threshold=15729119 3072 3584
is_linear=0
shrinkage=0.1


Tree=242
num_leaves=31
num_cat=4
split_feature=18 6 61 17 2 7 0 76 11 76 75 72 0 48 73 50 13 76 72 82 74 85 60 83 87 23 71 14 23 0
split_gain=437.69 1534.9 1155.66 1091.53 913.169 885.372 1923.91 974.561 741.677 705.084 700.943 1290.87 1243.3 998.335 1177.91 969.223 1146.49 940.109 1174.93 1169.27 899.323 866.242 1084.22 1035.27 1182.47 880.662 840.053 837.849 1297.42 802.117
threshold=-2.2499999999999996 -5.9500000476837149 1.6500000357627871 -0.45000000298023218 -5.9500000476837149 1.0500000119209292 -3.4500000476837154 0 8.4499998092651385 1 2 35.43499946594239 17.849999427795414 6.0499999523162851 138.5725021362305 3.7500000000000004 16.650000572204593 3 35.418300628662116 1.0500000119209292 878.50000000000011 1.1500000357627871 3.2500000000000004 10.84999990463257 1.0000000180025095e-35 8.4499998092651385 1.9499999880790713 9.2500000000000018 6.2500000000000009 6.0499999523162851
decision_type=8 8 8 8 10 8 2 1 10 1 1 2 2 10 2 8 10 1 2 8 2 10 8 10 8 8 10 10 8 2
left_child=5 2 3 -2 -5 8 -7 -8 9 -1 11 13 20 14 17 16 -14 -3 19 -19 29 22 27 24 -23 -25 -15 -21 -29 -13
right_child=1 10 -4 4 -6 6 7 -9 -10 -11 -12 12 15 26 -16 -17 -18 18 -20 21 -22 23 -24 25 -26 -27 -28 28 -30 -31
leaf_value=0.0055023485777499839 0.019749470955354564 0.0071789543611485889 2.241943691883123e-05 0.10877516819557674 0.026838230296986312 0.076986312446684246 -0.09984228340936363 0.011007633389122173 0.19961407569118161 -0.0049544866858067822 0.00025793150452815491 -0.0029274175817704164 -0.021153284134041304 0.019724284266919051 0.024304211424684516 -0.15512010099305737 -0.39715525358915332 0.0096404534552784124 0.076011572796023122 -0.0040090441813110719 -0.033706665341845313 -0.027937152871083393 -0.017404025335711514 0.055297105261530269 0.019811437148065731 -0.0046208029365183275 -0.021674677383925006 0.03635033206638532 -0.00023100348417911788 -0.012400302716434719
leaf_weight=147145 7661 156494 10371 3550 2205 4559 795 54394 188 114767 3676530 360609 2344 5840 22901 911 84 56448 1889 59800 11390 47508 33029 2787 5822 20468 30500 16355 23810 118846
leaf_count=147145 7661 156494 10371 3550 2205 4559 795 54394 188 114767 3676530 360609 2344 5840 22901 911 84 56448 1889 59800 11390 47508 33029 2787 5822 20468 30500 16355 23810 118846
internal_value=-5.78858e-08 -0.000245465 0.025092 0.0444716 0.0773814 0.003567 0.0145522 0.00939474 0.00106282 0.000920298 -0.000374956 -0.00275451 -0.00634897 0.000918178 0.00221315 -0.0671634 -0.0341616 0.00102112 -0.00257594 -0.00313407 -0.00593527 -0.00657475 -0.00169608 -0.0150468 -0.0227245 0.00256007 -0.0150217 0.00349391 0.0146647 -0.00527553
internal_weight=5e+06 4.67815e+06 23787 13416 5755 321848 59748 55189 262100 261912 4.65436e+06 977835 494184 483651 447311 3339 2428 424410 267916 266027 490845 209579 132994 76585 53330 23255 36340 99965 40165 479455
internal_count=5000000 4678152 23787 13416 5755 321848 59748 55189 262100 261912 4654365 977835 494184 483651 447311 3339 2428 424410 267916 266027 490845 209579 132994 76585 53330 23255 36340 99965 40165 479455
cat_boundaries=0 1 2 3 4
cat_threshold=64048 391199 14 1570816
is_linear=0
shrinkage=0.1


Tree=243
num_leaves=31
num_cat=2
split_feature=0 6 89 27 86 86 4 83 0 77 6 83 50 72 89 5 53 0 86 83 2 27 73 80 91 51 23 0 75 76
split_gain=417.436 2936.45 2384.98 2264.05 2011.17 1925.05 1489.69 1279.85 1447.39 2356.84 2068.25 1801.4 1755.32 1644.3 1594.59 1567.25 1689.03 1440.36 1834.7 1500.91 1352.48 1321.95 1313.54 1284.24 1278.21 1242.55 1231.97 1663.38 1295.41 1222.14
threshold=12.050000190734865 16.349999427795414 12.250000000000002 1.0000000180025095e-35 12.84999990463257 13.550000190734865 11.84999990463257 13.949999809265138 7.0499999523162851 7.2500000000000009 11.050000190734865 7.8500001430511483 3.6499999761581425 33.322500228881843 7.6499998569488534 10.050000190734865 1.4499999880790713 3.2500000000000004 3.2500000000000004 3.0499999523162846 0.65000000596046459 1.0000000180025095e-35 129.87249755859378 4.4500000476837167 2.0499999523162846 1.5500000119209292 11.650000095367433 20.349999427795414 0 1
decision_type=2 10 10 10 10 8 10 10 2 10 10 10 10 2 10 10 8 2 10 10 8 10 2 10 10 10 8 2 1 1
left_child=1 2 4 -3 7 -2 -4 8 9 10 11 13 21 22 17 16 -10 18 19 23 -20 -12 -1 -15 -24 -18 27 -7 -28 -17
right_child=5 3 6 -5 -6 26 -8 -9 15 -11 12 -13 -14 14 -16 29 25 -19 20 -21 -22 -23 24 -25 -26 -27 28 -29 -30 -31
leaf_value=0.071439146884249891 -0.010512846188903652 0.02683729989466746 0.032124726122342975 -0.11142050245960673 0.028661406817566494 0.010819893859964541 -0.00026372595055737031 0.041500169698092837 -0.0078423025987662785 0.023481535909742127 0.029673313549455755 0.026026406413371561 -0.04404808456245897 -0.0011678423461987824 0.023294946226549474 -0.034895491228749992 -0.010976292586995996 -0.006031671747952781 0.046204373574630524 0.01762916156079173 0.010342271060918845 -0.11020791175283134 -0.013230432096229459 0.035761249079964218 -0.054116466433867444 0.010422394262676131 -0.0073505227041542436 -0.098604780268520653 0.00018449590030233506 -0.0086119219004357969
leaf_weight=1621 190707 53967 37923 1211 23999 123450 22702 7246 154847 45520 40747 25476 3755 800579 28545 19063 33366 353221 13386 47101 49053 687 47105 9529 9128 145320 254415 1405 2210175 244751
leaf_count=1621 190707 53967 37923 1211 23999 123450 22702 7246 154847 45520 40747 25476 3755 800579 28545 19063 33366 353221 13386 47101 49053 687 47105 9529 9128 145320 254415 1405 2210175 244751
internal_value=-6.82762e-08 0.00102248 0.000441797 0.0238029 -0.000121639 -0.000816532 0.0199964 -0.00045373 -0.000600391 0.00108099 0.000367894 -0.000319135 0.0214208 -0.000812915 -7.95886e-05 -0.00475341 -0.00019791 -0.000603779 0.00148098 0.00027551 0.0180306 0.027354 -0.0173089 -0.000733459 -0.0198672 0.00642662 -0.00010242 0.00958853 -0.000593359 -0.0105128
internal_weight=5e+06 2.21985e+06 2.16467e+06 55178 2.10404e+06 2.78015e+06 60625 2.08005e+06 2.0728e+06 1.47545e+06 1.42993e+06 1.38474e+06 45189 1.35927e+06 1.30141e+06 597347 333533 1.27287e+06 919648 857209 62439 41434 57854 810108 56233 178686 2.58944e+06 124855 2.46459e+06 263814
internal_count=5000000 2219848 2164670 55178 2104045 2780152 60625 2080046 2072800 1475453 1429933 1384744 45189 1359268 1301414 597347 333533 1272869 919648 857209 62439 41434 57854 810108 56233 178686 2589445 124855 2464590 263814
cat_boundaries=0 1 2
cat_threshold=4126 8064
is_linear=0
shrinkage=0.1


Tree=244
num_leaves=31
num_cat=7
split_feature=74 73 85 74 76 88 53 6 91 54 73 76 88 76 88 73 48 75 0 73 72 72 74 72 80 79 75 75 24 76
split_gain=447.31 716.193 607.904 674.195 857.492 1629.62 640.871 778.204 564.111 856.184 666.879 888.132 1062.32 877.924 853.415 715.296 611.783 631.069 610.5 812.723 1052.03 1330.42 887.129 834.083 864.366 789.221 712.509 708.072 710.895 700.158
threshold=507.00000000000006 141.27500152587893 3.3500000238418584 510.50000000000006 0 1.4499999880790713 2.3500000238418584 8.4499998092651385 1.9499999880790713 1.7500000000000002 135.55335235595706 1 2.4500000476837163 2 0.35000000894069677 137.77420043945315 3.4500000476837163 3 12.449999809265138 137.86834716796878 36.241651535034187 35.64580154418946 1241.5000000000002 34.996648788452156 7.8500001430511483 2.1499999761581425 4 5 3.2500000000000004 6
decision_type=2 2 10 2 1 8 8 10 10 10 2 1 8 1 8 2 10 1 2 2 2 2 2 2 8 8 1 1 2 1
left_child=-1 2 3 4 -2 -6 -4 -8 16 10 11 -10 -13 14 -12 -16 18 -18 19 23 21 29 26 24 -5 -24 -22 28 -20 -21
right_child=1 -3 6 8 5 -7 7 -9 9 -11 13 12 -14 -15 15 -17 17 -19 27 20 22 -23 25 -25 -26 -27 -28 -29 -30 -31
leaf_value=0.00027717306431866094 0.00692762350486293 -0.021735094997994208 -0.027718406128187784 0.075093026534925653 -0.025619343468995588 -0.15508659873713268 0.024260018264017892 -0.029012074532027796 -0.021089808495733608 0.0053379775377743431 0.015993506101485026 -0.12054925328490507 0.12135132920098513 -0.013331800936545256 -0.11930178042283344 -0.046369330667491937 -0.038740402792574159 0.0014816250662311329 -0.018243870112040178 0.051460763970818196 0.02910027406924472 0.04925647696118865 -0.0083358168976547711 -0.0098372647074026487 0.0078279682940909038 -0.10866173904087391 0.003201620907316593 0.0008189740045029684 -0.1522392478202621 -0.018459211720976528
leaf_weight=4604396 5530 19858 18107 2261 6606 1140 6738 4624 1843 25420 1563 214 1197 25148 1836 5026 7344 8314 15974 1878 14261 15137 2341 38378 12319 1179 41587 103453 406 5922
leaf_count=4604396 5530 19858 18107 2261 6606 1140 6738 4624 1843 25420 1563 214 1197 25148 1836 5026 7344 8314 15974 1878 14261 15137 2341 38378 12319 1179 41587 103453 406 5922
internal_value=-7.15764e-08 -0.00322689 -0.00224874 -0.00107536 -0.0231742 -0.0446158 -0.0160367 0.00257984 -0.000194326 -0.00877829 -0.0185221 0.0247021 0.0840676 -0.0227115 -0.0506334 -0.0658832 0.00177915 -0.0174073 0.00295683 0.0075614 0.0137792 0.0319681 0.00675181 -0.00210198 0.0182591 -0.0419393 0.00982072 -0.00224064 -0.021552 -0.00158232
internal_weight=5e+06 395604 375746 346277 13276 7746 29469 11362 333001 62247 36827 3254 1411 33573 8425 6862 270754 15658 255096 135263 82305 22937 59368 52958 14580 3520 55848 119833 16380 7800
internal_count=5000000 395604 375746 346277 13276 7746 29469 11362 333001 62247 36827 3254 1411 33573 8425 6862 270754 15658 255096 135263 82305 22937 59368 52958 14580 3520 55848 119833 16380 7800
cat_boundaries=0 1 2 3 4 5 6 7
cat_threshold=1047552 2096128 9437439 7174 3040 4150 65280
is_linear=0
shrinkage=0.1


Tree=245
num_leaves=31
num_cat=6
split_feature=23 75 73 18 75 89 11 73 9 17 87 24 0 75 4 80 82 80 13 24 56 8 75 0 8 2 4 75 88 76
split_gain=410.497 569.791 523.526 575.715 676.21 852.779 1120.94 753.245 688.617 699.459 660.766 818.505 675.462 1633.12 1106.22 651.088 603.671 571.713 623.563 561.688 553.471 576.912 646.809 722.818 843.653 583.895 577.309 539.084 532.619 529.113
threshold=-5.2499999999999991 0 140.92085266113284 -10.349999904632567 1 -7.8500001430511466 -5.9500000476837149 144.46170043945315 -10.349999904632567 -4.3500001430511466 2.7500000000000004 1.0000000180025095e-35 -3.4500000476837154 2 -0.84999999403953541 -3.3500000238418575 1.3499999642372134 -13.749999999999998 -5.9500000476837149 1.0000000180025095e-35 2.2500000000000004 -1.5500000119209287 3 -6.6499998569488517 -4.3500001430511466 -5.9500000476837149 -13.050000190734862 4 2.1499999761581425 5
decision_type=10 1 2 8 1 8 10 2 8 10 10 2 2 1 10 10 8 10 10 2 10 10 1 2 10 10 8 1 10 1
left_child=1 -1 -3 10 7 6 16 8 9 17 11 12 14 -14 15 20 -6 18 29 -19 21 22 23 -4 -25 -23 -24 28 -15 -5
right_child=-2 2 3 4 5 -7 -8 -9 -10 -11 -12 -13 13 27 -16 -17 -18 19 -20 -21 -22 25 26 24 -26 -27 -28 -29 -30 -31
leaf_value=0.044927273237939234 -0.00016192667740391723 0.014804507430425934 0.056807000720125761 -0.10053096142003984 -0.083373142944318676 0.010202104650920286 0.014759736604570865 0.031304598644749458 -0.030030518944587078 0.087999426456512042 0.30857191221415997 -0.056091681269861006 -0.081826676914758478 0.074530890739777464 0.15284156035680874 0.11470058516466193 -0.023987789742928981 0.042636451596211843 0.14708523542984672 -0.15707998848366028 -0.0060056807657676578 0.16356712914938626 -0.048642285049375428 0.013054763869697176 -0.18798080393821004 -0.0035817022121613622 0.015142803531893373 0.011708244796886882 0.30345627197348479 0.0021119803288928416
leaf_weight=3496 4845375 35321 6304 1181 2561 40852 5708 3014 20205 951 75 1703 2138 364 618 672 5162 2089 161 151 8464 576 1773 1265 250 328 7106 1119 141 877
leaf_count=3496 4845375 35321 6304 1181 2561 40852 5708 3014 20205 951 75 1703 2138 364 618 672 5162 2089 161 151 8464 576 1773 1265 250 328 7106 1119 141 877
internal_value=-6.41503e-08 0.00507211 0.00414691 0.00089674 -0.00354443 0.00301478 -0.0188441 -0.0159767 -0.0215463 0.01014 0.0120904 0.0114129 0.0151072 -0.0246221 0.0205708 0.0175136 -0.0436804 -0.00646554 -0.0424418 0.0291734 0.0150081 0.0251126 0.0209003 0.0418483 -0.0201194 0.10292 0.00240319 0.0508783 0.13576 -0.0572687
internal_weight=5e+06 154625 151129 115808 82912 54283 13431 28629 25615 5410 32896 32821 31118 3762 27356 26738 7723 4459 2219 2240 26066 17602 16698 7819 1515 904 8879 1624 505 2058
internal_count=5000000 154625 151129 115808 82912 54283 13431 28629 25615 5410 32896 32821 31118 3762 27356 26738 7723 4459 2219 2240 26066 17602 16698 7819 1515 904 8879 1624 505 2058
cat_boundaries=0 1 2 3 4 5 6
cat_threshold=2304 546 4098 2 8 508
is_linear=0
shrinkage=0.1


Tree=246
num_leaves=31
num_cat=6
split_feature=74 49 79 75 10 83 76 73 13 72 90 91 88 76 73 72 89 75 23 72 72 72 76 90 75 74 82 56 78 85
split_gain=416.38 555.417 598.649 447.811 486.607 457.907 446.681 431.936 1317.98 1250.76 3142.44 1418.56 1149.33 1589.75 1790.02 1110.15 1248.55 1163.56 887.584 1328.56 1090.15 865.72 854.1 836.636 853.838 787.964 787.568 806.975 861.047 774.01
threshold=1099.0000000000002 0.45000000298023229 1.9499999880790713 0 -3.5499999523162837 -2.8500000238418575 1 143.05250549316409 26.050000190734867 43.652500152587898 1.0000000180025095e-35 1.0500000119209292 1.4499999880790713 2 144.7174987792969 42.466650009155281 -5.5499999523162833 3 -10.15000009536743 43.024999618530281 44.835000991821296 42.731649398803718 4 1.0000000180025095e-35 5 183.50000000000003 4.4500000476837167 5.0499999523162851 1.0000000180025095e-35 0.25000000745058065
decision_type=2 8 8 1 10 10 1 2 10 2 10 8 8 1 2 2 8 1 8 2 2 2 1 10 1 2 10 10 8 8
left_child=7 -2 6 -4 5 -5 -3 18 9 10 11 -9 29 14 15 -14 25 -18 19 -1 -21 -15 -12 26 -25 -17 27 28 -11 -13
right_child=1 2 3 4 -6 -7 -8 8 -10 23 22 12 13 21 -16 16 17 -19 -20 20 -22 -23 -24 24 -26 -27 -28 -29 -30 -31
leaf_value=-0.011444669269576536 0.011611565759131788 0.016021805878816305 0.0014561604794700953 -0.049651534203691568 -0.04986591181217756 0.025283226892854983 -0.019720316390561734 0.0049145015626817553 -0.050564885099052936 0.014946290074135189 0.078785007208053592 0.045997989206174414 0.072833322663242717 -0.043929343820778538 -0.010640085800850921 -0.10343517005349517 -0.098237559256106943 -0.036343457078789408 0.0002377341884234218 0.051365404466280011 -0.028435768889573096 -0.0092764996034960367 0.02322912217784235 -0.071477415881114822 -0.0034761705800894858 -0.24384815512575431 -0.01569107103224086 -0.018847150518377043 -0.037746919858863442 -0.006208033268146642
leaf_weight=8154 8994 7152 3643 1388 9521 1977 6822 44808 5817 91420 3821 3024 594 8188 11435 1916 4366 10090 4602374 11607 2008 60322 10082 2678 5915 505 12924 8593 3210 46652
leaf_count=8154 8994 7152 3643 1388 9521 1977 6822 44808 5817 91420 3821 3024 594 8188 11435 1916 4366 10090 4602374 11607 2008 60322 10082 2678 5915 505 12924 8593 3210 46652
internal_value=-8.24544e-08 -0.0102269 -0.0166661 -0.0295472 -0.0382836 -0.00562597 -0.00142987 8.13465e-05 -0.00337853 -0.00254813 -0.00733719 -0.0106632 -0.0154086 -0.0217209 -0.041385 -0.0615316 -0.0662607 -0.0551298 0.000333018 0.0204777 0.039596 -0.0134161 0.0385711 0.00535313 -0.0247559 -0.132724 0.00758071 0.0104945 0.0131589 -0.00303002
internal_weight=5e+06 39497 30503 16529 12886 3365 13974 4.9605e+06 336360 330543 205803 191900 147092 97416 28906 17471 16877 14456 4.62414e+06 21769 13615 68510 13903 124740 8593 2421 116147 103223 94630 49676
internal_count=5000000 39497 30503 16529 12886 3365 13974 4960503 336360 330543 205803 191900 147092 97416 28906 17471 16877 14456 4624143 21769 13615 68510 13903 124740 8593 2421 116147 103223 94630 49676
cat_boundaries=0 1 2 3 4 5 6
cat_threshold=400 12583933 14680319 7168 32384 4196
is_linear=0
shrinkage=0.1


Tree=247
num_leaves=31
num_cat=4
split_feature=90 76 75 74 91 72 8 74 0 82 79 83 0 75 13 4 5 23 11 25 73 75 53 7 89 23 0 86 66 32
split_gain=410.665 530.092 560.747 474.387 447.462 505.808 722.369 897.428 707.534 662.937 526.756 497.519 662.15 916.397 1009.22 888.418 692.732 661.746 746.918 659.766 623.381 610.24 598.046 550.361 541.464 686.523 867.3 1062.88 834.079 920.112
threshold=5.2500000000000009 0 1 408.50000000000006 8.0500001907348651 30.90164947509766 22.550000190734867 219.50000000000003 11.650000095367433 9.0500001907348651 3.3500000238418584 29.849999427795414 27.050000190734867 2 10.050000190734865 29.650000572204593 31.750000000000004 28.44999980926514 17.44999980926514 0.75000000000000011 137.86834716796878 3 1.3499999642372134 16.94999980926514 26.250000000000004 19.94999980926514 23.94999980926514 18.750000000000004 3.8500000238418584 1.0000000180025095e-35
decision_type=8 1 1 2 10 2 10 2 2 10 10 10 2 1 8 10 8 8 8 8 2 1 10 8 10 8 2 10 8 8
left_child=4 -2 -3 -4 5 6 7 8 10 -10 -1 12 15 -14 20 24 17 21 -19 -17 -15 23 -13 -16 25 26 27 -7 29 -27
right_child=1 2 3 -5 -6 11 -8 -9 9 -11 -12 22 13 14 16 19 -18 18 -20 -21 -22 -23 -24 -25 -26 28 -28 -29 -30 -31
leaf_value=0.13171781413414849 0.0022279633047226212 -0.0033682156698845462 -0.020770122982394796 -0.078501229736934741 -0.0085912012372277424 0.00022504943108191849 -0.00024630363075210426 -0.0083866990848262702 0.01845890092412017 -0.042901873272448654 0.031266007557307844 0.018265156427666594 -0.0029735761335270344 -0.052180448380167499 0.016604735278670912 0.015145224057209389 0.081891131121508462 -0.12911191154925272 -0.038993845843130294 0.09032614922155148 0.18095531895063643 -0.15490721016753148 0.0002270157616276415 -0.024962419238923225 0.0085273286965564365 -0.0026028417753863478 -0.025852303261083578 0.0077242736613152068 -0.010419820541513554 0.0078263087147584978
leaf_weight=930 37871 26675 22829 1518 58242 3155088 93122 15567 54955 1819 1190 32716 191740 163 3895 24371 594 1175 4233 1226 387 318 41946 17481 74264 709955 12371 201039 116282 96038
leaf_count=930 37871 26675 22829 1518 58242 3155088 93122 15567 54955 1819 1190 32716 191740 163 3895 24371 594 1175 4233 1226 387 318 41946 17481 74264 709955 12371 201039 116282 96038
internal_value=-9.61653e-08 -0.00673629 -0.0133878 -0.0243596 0.000121832 0.000226402 0.00562457 0.0129668 0.018611 0.0164929 0.0753321 3.33203e-05 -9.78112e-05 -0.00545164 -0.0222644 0.000170434 -0.024936 -0.0272773 -0.0585739 0.0187461 0.111862 -0.0194755 0.00813111 -0.0173802 6.15048e-05 -8.50203e-05 0.000576848 0.000674269 -0.00250242 -0.00136016
internal_weight=5e+06 88893 51022 24347 4.91111e+06 4.85286e+06 167583 74461 58894 56774 2120 4.68528e+06 4.61062e+06 219986 28246 4.39063e+06 27696 27102 5408 25597 550 21694 74662 21376 4.36504e+06 4.29077e+06 3.3685e+06 3.35613e+06 922275 805993
internal_count=5000000 88893 51022 24347 4911107 4852865 167583 74461 58894 56774 2120 4685282 4610620 219986 28246 4390634 27696 27102 5408 25597 550 21694 74662 21376 4365037 4290773 3368498 3356127 922275 805993
cat_boundaries=0 1 2 3 4
cat_threshold=32660 4550 896 1120
is_linear=0
shrinkage=0.1


Tree=248
num_leaves=31
num_cat=3
split_feature=70 85 72 72 0 80 75 74 72 73 75 1 62 52 15 49 88 8 54 0 86 15 75 55 50 45 1 4 48 35
split_gain=417.161 643.254 675.082 1274.64 1174.83 776.536 662.377 645.347 742.431 825.666 638.773 661.677 753.788 595.901 631.524 623.054 587.627 717.335 1440.24 1711.45 1347.34 1650.88 1156.89 1112.26 991.3 891.374 884.514 750.036 750.016 748.586
threshold=0.45000000298023229 0.84999999403953563 33.87249946594239 33.418348312377937 18.550000190734867 3.4500000476837163 0 4.5000000000000009 33.502500534057624 134.58415222167972 1 -12.849999904632567 0.15000000223517421 2.6499999761581425 22.750000000000004 2.2500000000000004 2.3500000238418584 4.0499999523162851 1.6500000357627871 -7.5499999523162833 15.150000095367433 16.349999427795414 2 3.8500000238418584 1.5500000119209292 1.0000000180025095e-35 4.0499999523162851 -4.3500001430511466 8.2500000000000018 1.0000000180025095e-35
decision_type=10 8 2 2 2 8 1 2 2 2 1 8 10 10 10 10 8 8 10 2 8 8 1 10 10 8 10 10 8 8
left_child=10 2 3 6 5 -5 -2 -7 -9 -10 13 12 -12 14 -1 -15 -3 18 -18 27 21 23 -23 -19 -21 -26 -25 -20 -22 -28
right_child=1 16 -4 4 -6 7 -8 8 9 -11 11 -13 -14 15 -16 -17 17 20 19 24 28 22 -24 26 25 -27 29 -29 -30 -31
leaf_value=-0.011379687284331044 -0.0069443826352015266 0.0013789839843216397 0.0016218470799049395 0.12477855341735898 0.0043046892895672187 0.09060864837435581 0.010318205273580424 0.072618668815066498 0.012723485478744037 0.07104191583723761 0.14102434596048241 -0.00061473588717141201 0.02063847510505051 -0.010457528436095966 0.011094630876223761 0.017569704244788702 -0.0035862931207426862 -0.010971067286105914 -0.032199336682366984 -0.0060055649739265485 -0.00057161139623694806 -0.062693728131558268 -0.018486286170019517 -0.024022913755473815 0.0093425221614117839 0.028527524804909183 0.0028439855252851962 0.057669578013808634 -0.014755148946226967 0.031300725371401383
leaf_weight=151841 39419 1458991 560293 985 18115 1869 50943 3371 15874 2866 649 447240 2619 14080 13625 18164 230379 157028 13551 36218 1397546 8299 20697 10584 180324 27975 66415 997 38304 10739
leaf_count=151841 39419 1458991 560293 985 18115 1869 50943 3371 15874 2866 649 447240 2619 14080 13625 18164 230379 157028 13551 36218 1397546 8299 20697 10584 180324 27975 66415 997 38304 10739
internal_value=-1.1835e-07 0.00035241 0.00314422 0.0095363 0.023691 0.0377581 0.00278805 0.0341836 0.0294142 0.0216424 -0.0023668 -0.000287131 0.0445462 -0.00710522 -0.00952908 0.00533104 -0.000177046 -0.00120941 0.0021661 0.00728154 -0.00217579 -0.00860499 -0.031167 -0.0059322 0.0092641 0.0119191 0.00308604 -0.0260405 -0.000949984 0.00680486
internal_weight=5e+06 4.35178e+06 693735 133442 43080 24965 90362 23980 22111 18740 648218 450508 3268 197710 165466 32244 3.65805e+06 2.19906e+06 489444 259065 1.70961e+06 273762 28996 244766 244517 208299 87738 14548 1.43585e+06 77154
internal_count=5000000 4351782 693735 133442 43080 24965 90362 23980 22111 18740 648218 450508 3268 197710 165466 32244 3658047 2199056 489444 259065 1709612 273762 28996 244766 244517 208299 87738 14548 1435850 77154
cat_boundaries=0 1 2 3
cat_threshold=3904 1076 6284
is_linear=0
shrinkage=0.1


Tree=249
num_leaves=31
num_cat=7
split_feature=76 48 58 75 47 20 22 75 1 7 13 72 73 73 72 73 76 78 78 75 75 73 75 0 86 72 74 84 90 70
split_gain=399.047 895.861 1013.58 981.062 1074.12 796.106 786.284 1745.12 1769.54 1670.7 1483 1668.42 2484.07 1832.61 2843.01 2580.1 2079.48 1742.16 1642.09 1636.85 1566.79 1449 1387.07 1284.33 1216.03 1132.84 3105.1 1253.41 1230.49 1219.29
threshold=0 0.65000000596046459 1.4499999880790713 1 1.0000000180025095e-35 14.84999990463257 8.6500000953674334 2 5.6499998569488534 12.449999809265138 14.84999990463257 36.902500152587898 139.29000091552737 139.32084655761722 35.808349609375007 140.60749816894534 3 1.0000000180025095e-35 1.0000000180025095e-35 4 5 136.82834625244143 6 -2.1499999761581416 11.050000190734865 35.688299179077156 268.00000000000006 1.0000000180025095e-35 1.0000000180025095e-35 1.0500000119209292
decision_type=1 8 8 1 10 8 8 1 8 8 8 2 2 2 2 2 1 10 10 1 1 2 1 2 10 2 2 10 8 10
left_child=1 2 -1 -3 -5 -6 9 -8 -9 10 11 13 18 24 -15 16 -16 19 22 -18 -12 -11 23 -13 25 27 -27 29 -29 -2
right_child=6 3 -4 4 5 -7 7 8 -10 21 20 12 -14 14 15 -17 17 -19 -20 -21 -22 -23 -24 -25 -26 26 -28 28 -30 -31
leaf_value=0.011717248036410298 -0.016439370349468903 -0.002416251635598261 -0.0081591913968257195 0.0014345412010899126 0.022860111651701417 0.0040596964590364909 -0.0093259676078164735 0.028068429090241709 -0.0010979378146891731 0.024083917968881433 -0.010169828826934409 0.11085906051159143 0.00092706196693954066 0.0094996038873723584 -0.0034740970541769973 0.041672384403518489 -0.011819943361054519 0.059672229154313972 -0.010546389946175606 -0.083905360832420839 0.030813400704866802 0.0035930383171804978 0.072786532214417055 0.017747497844383918 0.038012780831240878 0.033283376159188686 -0.0061946333020605794 -0.015705166135176515 0.033539470402557239 -0.0029081988578030741
leaf_weight=139363 119192 698568 31444 913313 42336 48129 275625 21076 1597654 55172 13560 1603 558066 17320 7318 3433 3851 1070 8862 17685 29872 92150 8439 19527 7042 28357 66991 7905 14169 150908
leaf_count=139363 119192 698568 31444 913313 42336 48129 275625 21076 1597654 55172 13560 1603 558066 17320 7318 3433 3851 1070 8862 17685 29872 92150 8439 19527 7042 28357 66991 7905 14169 150908
internal_value=-1.22074e-07 0.00115411 0.00805818 0.000461387 0.00246405 0.012858 -0.000691571 -0.00197065 -0.000718185 0.00127439 -8.21826e-05 -0.000837008 0.00262053 -0.00546913 -0.0233707 -0.040438 -0.049858 -0.0648432 0.0272117 -0.0710597 0.0180227 0.0112669 0.038528 0.0247995 -0.00316988 -0.00391825 0.00554634 -0.00700692 0.0159043 -0.00887935
internal_weight=5e+06 1.87315e+06 170807 1.70235e+06 1.00378e+06 90465 3.12685e+06 1.89436e+06 1.61873e+06 1.23249e+06 1.08517e+06 1.04174e+06 596497 445241 50677 33357 29924 22606 38431 21536 43432 147322 29569 21130 394564 387522 95348 292174 22074 270100
internal_count=5000000 1873153 170807 1702346 1003778 90465 3126847 1894355 1618730 1232492 1085170 1041738 596497 445241 50677 33357 29924 22606 38431 21536 43432 147322 29569 21130 394564 387522 95348 292174 22074 270100
cat_boundaries=0 1 2 3 4 5 6 7
cat_threshold=130816 4294 6158 1966080 24 178 30
is_linear=0
shrinkage=0.1


Tree=250
num_leaves=31
num_cat=5
split_feature=74 73 0 76 50 91 5 72 51 75 75 89 48 70 73 73 75 89 89 48 75 48 86 0 72 1 73 72 72 85
split_gain=407.982 627.101 1203.54 814.852 703.974 681.499 816.962 770.223 735.733 872.001 721.739 715.688 612.322 587.173 767.634 968.42 881.738 697.102 672.393 612.264 580.581 580.346 907.987 796.832 758.137 784.697 746.534 734.258 735.563 704.113
threshold=52.500000000000007 144.96915435791018 10.650000095367433 0 2.4500000476837163 4.1499998569488534 0.65000000596046459 44.199998855590827 1.8499999642372134 1 2 -3.0499999523162837 0.75000000000000011 0.55000001192092907 143.1683044433594 142.4049987792969 3 10.449999809265138 -4.9500000476837149 1.9499999880790713 4 0.45000000298023229 -9.1500000953674299 -8.6500000953674299 39.460000991821296 18.849999427795414 139.99079895019534 36.37919998168946 38.602500915527351 2.7500000000000004
decision_type=2 2 2 1 10 10 8 2 8 1 1 8 8 10 2 2 1 8 8 8 1 8 8 2 2 8 2 2 2 8
left_child=21 5 3 -3 -4 7 11 13 9 -8 -10 -7 -11 14 15 16 -2 19 -16 -18 -9 22 -1 -24 25 27 -26 -25 29 -29
right_child=1 2 4 -5 -6 6 8 20 10 12 -12 -13 -14 -15 18 -17 17 -19 -20 -21 -22 -23 23 24 26 -27 -28 28 -30 -31
leaf_value=-0.06782546245887898 0.0014493573692179425 -0.003223451629885272 -0.0022215734281426907 0.096750307876522126 -0.16029748304872585 -0.017172149969665481 -0.0041579235656863814 -0.033488281272593061 0.0017482773997107696 -0.0027694088870642191 -0.015828896354344531 0.016889801654969266 -0.040772250573125141 0.00053472041060552606 -0.061751628910908997 0.019122781366145439 -0.01877122954467678 -0.0038299624919513088 -0.013762948107385717 0.0047950432820842931 -0.0063199279239887817 0.00058373723332822054 0.075643737994893226 0.011902378471616083 0.05793829448609869 0.00032860683332481069 -0.0079546666830348917 0.023952419717347493 0.010738890861961345 0.076426506762854701
leaf_weight=1599 232502 1183 2411 2654 319 8462 18094 11507 57732 5358 39228 22760 20316 2001631 3378 20281 65807 213394 21523 13243 24860 2067739 1718 47736 1804 38850 36655 4641 6920 5695
leaf_count=1599 232502 1183 2411 2654 319 8462 18094 11507 57732 5358 39228 22760 20316 2001631 3378 20281 65807 213394 21523 13243 24860 2067739 1718 47736 1804 38850 36655 4641 6920 5695
internal_value=-1.13372e-07 -0.000805159 0.0300603 0.0661708 -0.0206927 -0.000878069 -0.00697579 -0.000476055 -0.0102225 -0.0209843 -0.00536453 0.0076581 -0.0328285 -0.000271701 -0.00310292 -0.00231875 -0.00314713 -0.0068013 -0.020273 -0.0148232 -0.0149273 0.00101345 0.00711525 0.0079473 0.00713 0.011572 -0.00486382 0.018293 0.0359716 0.052865
internal_weight=5e+06 2.78664e+06 6567 3837 2730 2.78008e+06 171950 2.60813e+06 140728 43768 96960 31222 25674 2.57176e+06 570128 545227 524946 292444 24901 79050 36367 2.21336e+06 145618 144019 142301 103842 38459 64992 17256 10336
internal_count=5000000 2786643 6567 3837 2730 2780076 171950 2608126 140728 43768 96960 31222 25674 2571759 570128 545227 524946 292444 24901 79050 36367 2213357 145618 144019 142301 103842 38459 64992 17256 10336
cat_boundaries=0 1 2 3 4 5
cat_threshold=781312 992 1340 4802 54
is_linear=0
shrinkage=0.1


Tree=251
num_leaves=31
num_cat=5
split_feature=45 75 53 49 71 50 82 48 72 73 73 73 71 64 72 73 0 86 76 82 81 73 75 91 73 72 76 89 88 75
split_gain=393.403 483.019 378.607 780.364 517.696 510.451 476.88 538.109 500.257 702.273 458.43 525.956 558.173 537.083 522.575 755.641 631.621 509.775 475.792 459.352 523.565 497.242 494.209 435.191 429.695 1423.58 2857.13 1089.72 1032.07 820.139
threshold=4.7500000000000009 0 0.15000000223517421 1.7500000000000002 0.25000000745058065 1.5500000119209292 0.15000000223517421 1.1500000357627871 42.790000915527351 141.86750030517581 143.1683044433594 144.76250457763675 0.25000000745058065 2.4500000476837163 35.097499847412116 136.97330474853518 15.150000095367433 3.0499999523162846 1 1.1500000357627871 1.0000000180025095e-35 135.22000122070315 2 3.9500000476837163 139.82914733886722 38.316650390625007 3 14.34999990463257 7.2500000000000009 4
decision_type=10 1 8 8 10 8 8 10 2 2 2 2 8 10 2 2 2 8 1 8 8 2 1 8 2 2 1 8 10 1
left_child=2 -2 3 5 10 -1 7 -6 9 -9 14 12 -12 -14 16 -16 18 23 -4 22 21 -21 -20 -13 25 28 -27 29 -8 -28
right_child=1 -3 4 -5 6 -7 24 8 -10 -11 11 17 13 -15 15 -17 -18 -19 19 20 -22 -23 -24 -25 -26 26 27 -29 -30 -31
leaf_value=0.0077447805586738196 -0.0011383490342185242 -0.022578364655352196 0.011009263121782012 -0.0097457402449707044 0.00090068679033499801 -0.016040547421208237 0.00076264579189426896 0.015418629369288056 -0.012881148129698509 0.062871379004549963 -0.021658222667862333 0.056553606468692633 -0.053099665099039718 -0.20046795132507392 0.01700874926645158 -0.0024109123477552433 -0.00063212178434589425 -0.0034950187681721083 0.012860447598640433 -0.036578547926589218 0.010307460561680857 -0.004952619225244188 -0.026119505548217882 0.26487390302563851 -0.0012032016830560732 -0.012966488561993453 0.10797636288658762 0.021732102615984364 -0.015242349363576822 0.045442114914043021
leaf_weight=182482 27391 17044 5594 34604 59879 9492 2485175 32573 5323 3449 11208 360 961 333 22488 183837 46760 1368 7514 24454 3571 6240 5720 139 1731050 19030 2768 19371 40954 8868
leaf_count=182482 27391 17044 5594 34604 59879 9492 2485175 32573 5323 3449 11208 360 961 333 22488 183837 46760 1368 7514 24454 3571 6240 5720 139 1731050 19030 2768 19371 40954 8868
internal_value=-9.4645e-08 -0.00936747 8.38996e-05 0.00407712 -0.000107426 0.00656873 0.000174709 0.00695922 0.0157337 0.0199621 -0.00398759 -0.0214444 -0.0288378 -0.0910237 -0.00316834 -0.000294303 -0.00910692 0.0280641 -0.0165708 -0.0198171 -0.0259328 -0.0301491 -0.00399749 0.114583 1.52662e-05 0.000834013 0.0175367 0.03625 0.00050317 0.0604498
internal_weight=5e+06 44435 4.95556e+06 226578 4.72899e+06 191974 4.40844e+06 101224 41345 36022 320547 14369 12502 1294 306178 206325 99853 1867 53093 47499 34265 30694 13234 499 4.30722e+06 2.57617e+06 50037 31007 2.52613e+06 11636
internal_count=5000000 44435 4955565 226578 4728987 191974 4408440 101224 41345 36022 320547 14369 12502 1294 306178 206325 99853 1867 53093 47499 34265 30694 13234 499 4307216 2576166 50037 31007 2526129 11636
cat_boundaries=0 1 2 3 4 5
cat_threshold=4584 522240 4110 523264 3584
is_linear=0
shrinkage=0.1


Tree=252
num_leaves=31
num_cat=5
split_feature=23 0 15 9 76 62 75 7 75 8 16 83 77 13 4 80 6 16 0 67 3 73 14 23 88 76 73 72 73 75
split_gain=410.055 810.135 741.133 1465.14 934.978 917.211 1021.29 767.643 673.56 672.218 2199.31 1197.27 1197.94 963.07 809.136 806.684 723.795 825.377 800.297 799.397 672.947 653.516 764.173 650.291 649.182 721.85 1212.3 1700.59 1400.36 1239.67
threshold=0.84999999403953563 -10.15000009536743 6.6499998569488534 0.65000000596046459 0 2.3500000238418584 1 6.0499999523162851 2 -4.8500001430511466 0.25000000745058065 -6.9500000476837149 -6.4500000476837149 -1.9499999880790708 -8.6500000953674299 -6.0499999523162833 -10.249999999999998 -6.5499999523162833 -5.8500001430511466 7.4500000476837167 -5.8500001430511466 136.90335083007815 10.84999990463257 -10.15000009536743 1.0000000180025095e-35 3 140.11250305175784 38.316650390625007 139.78585052490237 4
decision_type=10 2 10 10 1 10 1 10 1 8 10 10 10 10 8 10 8 10 2 8 10 2 8 8 8 1 2 2 2 1
left_child=2 -2 4 -4 7 8 -7 9 21 10 11 12 13 15 -13 16 17 -1 -18 -19 -12 22 -5 -11 -3 -26 27 -27 -29 -28
right_child=1 24 3 5 -6 6 -8 -9 -10 23 20 14 -14 -15 -16 -17 18 19 -20 -21 -22 -23 -24 -25 25 26 29 28 -30 -31
leaf_value=-0.037100794746454585 -0.19962983465680273 0.0095535327679839264 0.061373345709112584 0.033741741911264694 0.004122548300620154 -0.029364440762956436 0.0086875132779654814 -0.084077846251065735 0.0060521085654686828 -0.05429535389667213 0.098153629948647375 0.055790274594783529 0.024992035983814092 0.066041211231737049 0.0088289344227851941 0.025600883827460581 -0.050348165499825237 0.0045830183316575741 0.021255407892062039 0.17127229653012296 0.004901832925173843 0.016126822888851196 0.10411111408138916 -0.006708578020937446 0.00073872792115388505 -0.00095278011132157595 -0.001568626662363832 0.039905671601750292 0.005940114475536178 -0.010608513257483243
leaf_weight=6554 204 65257 5554 4495 383301 10739 20507 1195 17130 2933 3112 4513 7820 1300 19617 3249 13500 7616 1765 299 1030 8269 2350 137339 2244627 1355303 342690 17922 37614 272196
leaf_count=6554 204 65257 5554 4495 383301 10739 20507 1195 17130 2933 3112 4513 7820 1300 19617 3249 13500 7616 1765 299 1030 8269 2350 137339 2244627 1355303 342690 17922 37614 272196
internal_value=-6.22833e-08 -0.000354505 0.00231374 0.0121211 0.00117597 0.00781256 -0.00439726 -0.00415549 0.0196445 -0.00370229 0.00427314 -0.000147677 -0.0103261 -0.0183822 0.017612 -0.0217097 -0.0268793 -0.0108538 -0.0420691 0.0108799 0.0749645 0.0350227 0.0579007 -0.00770359 -0.000345129 -0.000496394 -0.00186498 -0.000249982 0.0169011 -0.00557058
internal_weight=5e+06 4.33581e+06 664187 69044 595143 63490 31246 211842 32244 210647 70375 66233 42103 34283 24130 32983 29734 14469 15265 7915 4142 15114 6845 140272 4.33561e+06 4.27035e+06 2.02572e+06 1.41084e+06 55536 614886
internal_count=5000000 4335813 664187 69044 595143 63490 31246 211842 32244 210647 70375 66233 42103 34283 24130 32983 29734 14469 15265 7915 4142 15114 6845 140272 4335609 4270352 2025725 1410839 55536 614886
cat_boundaries=0 1 2 3 4 5
cat_threshold=198640 6306 2470 524160 3520
is_linear=0
shrinkage=0.1


Tree=253
num_leaves=31
num_cat=1
split_feature=23 0 15 75 80 0 23 60 26 73 73 86 74 74 10 0 25 86 65 12 17 72 23 72 70 1 48 72 2 91
split_gain=385.45 948.609 832.867 751.471 1376.08 1324.64 710.249 719.753 698.037 670.581 670.235 658.678 618.604 594.422 594.096 596.839 700.978 675.814 568.247 564.535 706.686 628.518 706.366 559.271 558.713 618.905 552.459 533.497 521.838 520.88
threshold=-7.4500000476837149 2.4500000476837163 5.4500000476837167 0 -13.749999999999998 -12.849999904632567 -12.949999809265135 2.3500000238418584 1.7500000000000002 143.31164550781253 143.75664520263675 -8.0500001907348615 208.50000000000003 253.50000000000003 6.8500001430511483 -4.2499999999999991 3.7500000000000004 -4.7499999999999991 2.5499999523162846 -5.9500000476837149 -0.65000000596046437 43.024999618530281 -12.949999809265135 42.923349380493171 0.35000000894069677 -10.15000009536743 0.15000000223517421 44.722499847412116 -2.4500000476837154 1.0000000180025095e-35
decision_type=8 2 10 1 8 2 10 8 10 2 2 10 2 2 10 2 10 10 10 10 10 2 10 2 10 10 8 2 8 10
left_child=1 2 3 4 11 9 7 24 -9 19 12 -1 -11 -4 15 17 -17 28 -12 20 21 23 -23 -5 -7 -26 -6 -3 -8 -14
right_child=-2 27 13 5 26 6 14 8 -10 10 18 -13 29 -15 -16 16 -18 -19 -20 -21 -22 22 -24 -25 25 -27 -28 -29 -30 -31
leaf_value=-0.04824097480741496 -0.00011454213258939738 -0.10789545875206985 0.028051065992275699 0.0033649873813258267 -0.018753777625486887 -0.064115611890085702 -0.0027568623265075941 -0.093466986173182026 0.48607125211329694 -0.0077506640372763669 0.074933179334062697 0.15923322996241041 -0.011857274382329377 0.2192621000391978 0.39805964648320868 -0.029406500087154397 0.44709254097073309 0.050783717498351894 -0.038690318502426525 0.12105230678358768 0.55006107323699538 0.12769846170153309 0.022978811635076112 -0.19643817988258822 0.076285243315184548 -0.019500968518152102 0.029944138462830023 0.20202527758428609 0.15831709598269075 -0.22942524282666654
leaf_weight=3507 4916416 948 336 1036 2549 1711 21879 2014 21 1308 1466 160 183 315 37 7543 31 2811 629 1106 27 1047 1674 162 915 2567 27064 59 203 276
leaf_count=3507 4916416 948 336 1036 2549 1711 21879 2014 21 1308 1466 160 183 315 37 7543 31 2811 629 1106 27 1047 1674 162 915 2567 27064 59 203 276
internal_value=-6.04476e-08 0.00673376 0.00791019 0.00701496 0.0185912 -0.000908291 -0.0087246 -0.0370773 -0.0874865 0.03393 0.00256 -0.0391884 -0.0428009 0.120573 -0.00241974 -0.00287613 -0.0274562 0.00460266 0.040819 0.0579108 0.0402133 0.0367007 0.0632734 -0.0236535 -0.0173233 0.00566973 0.0257524 -0.0897372 -0.00127611 -0.142682
internal_weight=5e+06 83584 82577 81926 33280 48646 39732 7228 2035 8914 3862 3667 1767 651 32504 32467 7574 24893 2095 5052 3946 3919 2721 1198 5193 3482 29613 1007 22082 459
internal_count=5000000 83584 82577 81926 33280 48646 39732 7228 2035 8914 3862 3667 1767 651 32504 32467 7574 24893 2095 5052 3946 3919 2721 1198 5193 3482 29613 1007 22082 459
cat_boundaries=0 1
cat_threshold=2060
is_linear=0
shrinkage=0.1


Tree=254
num_leaves=31
num_cat=11
split_feature=30 75 2 30 28 75 75 11 0 35 40 76 10 28 75 4 72 76 72 75 9 0 75 76 25 24 34 75 47 76
split_gain=384.526 697.686 998.238 476.895 2113.82 1686.87 1488.48 1431.25 1923 1340.66 1336.06 1203.83 1011.76 797.798 1297.65 796.823 1059.11 927.982 1170.4 912.7 871.947 792.57 864.7 769.687 820.827 760.192 729.377 1881.44 877.973 808.366
threshold=4.2500000000000009 0 10.449999809265138 1.0000000180025095e-35 1.0000000180025095e-35 1 2 14.650000095367433 11.650000095367433 1.0000000180025095e-35 1.0000000180025095e-35 3 11.650000095367433 1.2500000000000002 4 17.050000190734867 33.109149932861335 5 35.808349609375007 6 -3.1499999761581416 0.25000000745058065 7 8 1.0000000180025095e-35 1.0000000180025095e-35 0.75000000000000011 9 1.0000000180025095e-35 10
decision_type=10 1 8 8 10 1 1 8 2 8 10 1 10 10 1 8 2 1 2 1 8 2 1 1 8 2 10 1 10 1
left_child=3 2 -2 13 6 15 10 9 -9 -7 12 -8 -5 26 25 17 -17 -6 19 -19 -20 -11 23 -23 -25 -15 -1 28 -28 -29
right_child=1 -3 -4 4 5 7 11 8 -10 21 -12 -13 -14 14 -16 16 -18 18 20 -21 -22 22 -24 24 -26 -27 27 29 -30 -31
leaf_value=0.00015149498112155359 0.077125849073892458 -0.017524171278935793 -0.00083529440301183331 -0.018717830910599569 0.013554133186372525 0.011722742991950322 0.012559294980741459 -0.082457860260846186 0.0080330814490185247 0.0053210795587177642 0.0063456205976450538 -0.0073064035757098777 -0.057856679604241658 -0.058942252595139556 -0.002786805256361232 0.010894607942772432 -0.065474711077288861 0.075181195610053195 0.022633808646763558 -0.00013702913128139598 -0.035803843903481077 0.015722870391831532 0.030836294425527402 0.043098662436393792 0.10196396110840317 -0.014793075261035162 -0.040376698729012311 -0.017052078345467979 0.0039734613382115215 0.0041935847127164191
leaf_weight=4329834 1808 32545 17931 42953 24861 46206 57569 2409 93324 6819 19009 64862 7805 7685 42377 3006 4587 2028 3019 7651 16553 2632 22344 4113 5586 7919 21230 23845 5652 71838
leaf_count=4329834 1808 32545 17931 42953 24861 46206 57569 2409 93324 6819 19009 64862 7805 7685 42377 3006 4587 2028 3019 7651 16553 2632 22344 4113 5586 7919 21230 23845 5652 71838
internal_value=-5.43955e-08 -0.00853098 0.00630239 9.00944e-05 0.00324298 0.00939893 -0.0046086 0.0142097 0.00575599 0.0234394 -0.0162652 0.00203503 -0.0247362 -0.000215616 -0.0118701 -0.00490381 -0.0352408 -0.000647827 -0.0127186 0.0157216 -0.0267898 0.0364866 0.0426154 0.0638826 0.076922 -0.0365132 -6.3846e-05 -0.00767116 -0.0310404 -0.00110224
internal_weight=5e+06 52284 19739 4.94772e+06 437336 245138 192198 183433 95733 87700 69767 122431 50758 4.51038e+06 57981 61705 7593 54112 29251 9679 19572 41494 34675 12331 9699 15604 4.4524e+06 122565 26882 95683
internal_count=5000000 52284 19739 4947716 437336 245138 192198 183433 95733 87700 69767 122431 50758 4510380 57981 61705 7593 54112 29251 9679 19572 41494 34675 12331 9699 15604 4452399 122565 26882 95683
cat_boundaries=0 1 2 3 4 5 6 7 8 9 10 11
cat_threshold=338 4132 6150 9432576 7172 11010303 32 2562 999424 6148 500
is_linear=0
shrinkage=0.1


Tree=255
num_leaves=31
num_cat=4
split_feature=72 19 75 82 75 8 79 72 75 73 88 87 0 83 77 7 72 80 89 22 86 23 73 72 81 75 74 1 72 48
split_gain=392.963 591.048 568.674 544.014 502.405 510.199 436.344 942.634 1249.23 1151.85 1479.62 1061.8 1060.3 1260.91 970.19 846.008 853.886 920.919 842.84 747.323 716.499 949.653 712.431 1953.21 1959.65 1594.49 1909.97 1324.57 1323.59 944.45
threshold=26.891649246215824 22.44999980926514 0 6.6499998569488534 1 16.550000190734867 2.0499999523162846 38.379999160766609 2 140.40999603271487 1.0500000119209292 1.0000000180025095e-35 -4.2499999999999991 -2.8500000238418575 14.250000000000002 -1.8499999642372129 43.024999618530281 -3.3500000238418575 -13.15000009536743 -8.6500000953674299 -13.749999999999998 -8.5500001907348615 138.99334716796878 35.859998703002937 1.0000000180025095e-35 3 311.50000000000006 8.8499999046325701 35.859998703002937 3.3500000238418584
decision_type=2 10 1 8 1 10 8 2 1 2 10 10 2 10 10 10 2 10 8 8 8 10 2 2 10 1 2 10 2 8
left_child=1 3 -3 -1 -5 -6 7 9 20 22 14 12 13 15 -11 16 -10 18 -18 -14 -9 -22 23 29 25 26 27 -25 -24 -2
right_child=6 2 -4 4 5 -7 -8 8 11 10 -12 -13 19 -15 -16 -17 17 -19 -20 -21 21 -23 28 24 -26 -27 -28 -29 -30 -31
leaf_value=0.035463248498161327 -0.000127086215333351 0.012135669111952596 -0.0068974665475993197 0.039310744473183022 0.02663777244944493 -0.0044023340696933786 -0.00078318771856417742 -0.064908485442428887 -0.01120934177815737 0.045975271536715857 -0.0067769744353977594 -0.015612041533859772 -0.069632911839934586 0.11831280126022035 0.012229803698711725 0.067114661659533767 0.079221906303070452 0.18587315917015076 0.013325613965612404 0.0018392080540680395 0.025839065514173094 -0.0087633568477688065 0.010245447894146423 0.1048622593828305 -0.017069994511470021 0.012727079920602645 0.015643224393755258 0.032609407255127364 -0.0086788176648964193 0.013843731587645744
leaf_weight=10088 573564 24846 42596 4620 7165 20293 3317402 2191 10773 17604 16574 31943 1471 1260 16510 2989 2197 345 16657 267965 8249 206029 51432 5834 18663 119255 12816 4490 131333 52846
leaf_count=10088 573564 24846 42596 4620 7165 20293 3317402 2191 10773 17604 16574 31943 1471 1260 16510 2989 2197 345 16657 267965 8249 206029 51432 5834 18663 119255 12816 4490 131333 52846
internal_value=-2.75158e-08 0.00592161 0.000115221 0.0152086 0.00883882 0.00369605 -0.000132749 0.00123901 -0.00208994 0.00303917 0.0177348 0.00173052 0.00355492 0.0201357 0.0296436 0.0163827 0.0113233 0.023967 0.0210043 0.001449 -0.00801266 -0.00743128 0.00227142 0.00357688 0.0133988 0.0173922 0.0414111 0.0734388 -0.00335333 0.00105154
internal_weight=5e+06 109608 67442 42166 32078 27458 4.89039e+06 1.57299e+06 552069 1.02092e+06 50688 335600 303657 34221 34114 32961 29972 19199 18854 269436 216469 214278 970233 787468 161058 142395 23140 10324 182765 626410
internal_count=5000000 109608 67442 42166 32078 27458 4890392 1572990 552069 1020921 50688 335600 303657 34221 34114 32961 29972 19199 18854 269436 216469 214278 970233 787468 161058 142395 23140 10324 182765 626410
cat_boundaries=0 1 2 3 4
cat_threshold=1120 3104 572 6144
is_linear=0
shrinkage=0.1


Tree=256
num_leaves=31
num_cat=8
split_feature=74 72 24 72 75 86 2 75 76 91 85 74 48 80 73 72 87 76 49 79 9 75 64 91 27 31 6 75 75 75
split_gain=380.929 792.489 1127 584.818 546.389 559.655 542.537 582.836 532.83 1001.35 780.758 878.928 818.862 609.661 576.451 858.14 689.585 530.166 527.67 509.411 501.773 468.341 455.894 444.978 475.505 1542.6 1983.22 1879.04 1808.99 1543.3
threshold=542.00000000000011 37.145000457763679 1.0000000180025095e-35 37.649148941040046 0 -7.1499998569488517 3.4500000476837163 1 2 2.2500000000000004 1.7500000000000002 749.50000000000011 0.94999998807907116 -8.2499999999999982 137.36500549316409 36.436649322509773 1.0000000180025095e-35 3 4.4500000476837167 1.0500000119209292 -4.8500001430511466 4 7.2500000000000009 0.15000000223517421 1.0000000180025095e-35 1.0000000180025095e-35 18.849999427795414 5 6 7
decision_type=2 2 2 2 1 8 8 1 1 10 10 2 8 8 2 2 8 1 10 8 8 1 10 8 10 8 10 1 1 1
left_child=23 8 4 -4 5 -3 7 -6 9 10 11 12 -2 -13 16 20 -10 -5 -15 -14 -16 -8 -21 -1 -25 27 28 -26 -27 -28
right_child=1 2 3 17 6 -7 21 -9 14 -11 -12 13 19 18 15 -17 -18 -19 -20 22 -22 -23 -24 24 25 26 29 -29 -30 -31
leaf_value=0.0057410499210303508 -0.0037368956577934712 0.11241510209584948 0.0049933655571592394 -0.10366490661839214 0.0020516266796917026 -0.039250279755679796 -0.0020288224092481961 0.057931767545604598 -0.0053155123868765591 -0.03888586816507391 -0.02638140046946193 0.084454036810631072 0.054477616886867211 -0.010524450800599725 0.043432760774746865 -0.005141998446819702 -0.057112498047354167 -0.04012990758839019 -0.1280185125715104 0.018142272995065514 0.0094537006220760233 -0.028906253631938703 -0.17845529408483696 -0.00027935134051542153 -0.017988458649324097 0.028725631968315853 -0.057318580400234069 0.0028154353444631648 0.0062428205338930041 -0.00081638801219131038
leaf_weight=141905 18011 252 1416 2297 7571 7050 19179 2469 26357 8916 13021 671 4751 39192 4596 50828 2848 3162 386 13401 79878 9789 119 4104981 58184 61918 5283 170958 84829 55782
leaf_count=141905 18011 252 1416 2297 7571 7050 19179 2469 26357 8916 13021 671 4751 39192 4596 50828 2848 3162 386 13401 79878 9789 119 4104981 58184 61918 5283 170958 84829 55782
internal_value=-1.33093e-08 -0.00335959 -0.0144924 -0.0522729 -0.00888368 -0.0339696 -0.004178 0.0158532 -0.00110805 -0.00692574 -0.00374449 0.000106958 0.0113943 -0.0100678 0.0023745 0.00512485 -0.0103666 -0.0671271 -0.0116704 0.0263101 0.0113024 -0.011122 0.0164119 0.000226759 5.4474e-05 0.00319061 0.00942978 -0.00246778 0.0157315 -0.00571416
internal_weight=5e+06 316160 53185 6875 46310 7302 39008 10040 262975 98468 89552 76531 36282 40249 164507 135302 29205 5459 39578 18271 84474 28968 13520 4.68384e+06 4.54194e+06 436954 207812 229142 146747 61065
internal_count=5000000 316160 53185 6875 46310 7302 39008 10040 262975 98468 89552 76531 36282 40249 164507 135302 29205 5459 39578 18271 84474 28968 13520 4683840 4541935 436954 207812 229142 146747 61065
cat_boundaries=0 1 2 3 4 5 6 7 8
cat_threshold=6 4120 262399 4190208 1984 6148 3650 52
is_linear=0
shrinkage=0.1


Tree=257
num_leaves=31
num_cat=6
split_feature=29 75 5 34 23 29 27 75 40 76 75 76 8 84 34 27 21 74 73 14 31 75 23 25 81 90 84 87 90 25
split_gain=388.74 1116.83 1234.91 1060.76 518.941 469.717 1548.82 1112.53 1969.23 1333.98 1012.68 1580.47 1550.55 1407.04 890.061 830.709 1546.87 781.692 861.508 735.867 695.162 1316.43 725.421 1349.71 915.551 2726.79 2441.01 2874.2 2671.15 2484.99
threshold=3.7500000000000004 0 11.250000000000002 0.75000000000000011 20.250000000000004 1.0000000180025095e-35 1.0000000180025095e-35 1 1.0000000180025095e-35 2 3 4 19.750000000000004 1.0000000180025095e-35 1.0000000180025095e-35 1.7500000000000002 16.650000572204593 774.50000000000011 142.35585021972659 1.4499999880790713 1.2500000000000002 5 22.44999980926514 3.7500000000000004 1.0000000180025095e-35 1.0000000180025095e-35 1.0000000180025095e-35 1.0000000180025095e-35 1.0000000180025095e-35 1.0000000180025095e-35
decision_type=10 1 8 8 10 8 10 1 10 1 1 1 10 10 10 10 8 2 2 10 10 1 10 10 10 10 10 10 10 10
left_child=5 4 3 -3 -2 15 7 8 17 -9 11 -8 13 14 -13 20 -17 18 -7 -15 22 -22 23 24 26 -26 27 28 29 -1
right_child=1 2 -4 -5 -6 6 10 9 -10 -11 -12 12 -14 19 -16 16 -18 -19 -20 -21 21 -23 -24 -25 25 -27 -28 -29 -30 -31
leaf_value=0.0027595410702698272 -0.044592471284618601 0.0041455357020224537 -0.0060454140016749924 0.10262916328682044 0.0066200770250043842 -0.015729047267605357 -0.0026801877421967612 -0.012977163635799753 0.013570402969371058 0.011124313712115729 0.0040047635094011451 -0.003410718343128432 -0.0096269255631331995 0.012534619472870942 0.038451087730858181 -0.039602939958982064 0.00078020314241346973 -0.090502336485803414 -0.057986298319830855 0.05918756772939391 -0.045302546149562695 -0.0039477848292873846 -0.0024742006848753129 -0.036983792525784778 -0.018491584583918891 0.0049247529365230034 -0.014913987994049527 -0.019104699869427116 -0.020215866627599791 -0.025509046763006266
leaf_weight=3070969 10078 2378 45092 2025 2462 54619 25537 33892 21987 71178 158172 11030 9312 4055 9414 15251 25090 1590 5292 20340 9486 40676 899323 9475 91411 109061 91337 65283 52770 31415
leaf_count=3070969 10078 2378 45092 2025 2462 54619 25537 33892 21987 71178 158172 11030 9312 4055 9414 15251 25090 1590 5292 20340 9486 40676 899323 9475 91411 109061 91337 65283 52770 31415
internal_value=-4.2597e-08 -0.00786688 -0.00110934 0.0494395 -0.0345103 9.87875e-05 0.0032712 -0.00349775 -0.012114 0.0033495 0.00863712 0.0178291 0.0274998 0.0352162 0.0158657 -0.000201059 -0.0144867 -0.0212983 -0.0194617 0.0514328 -7.21683e-05 -0.0117781 6.06493e-05 0.00070796 0.000809642 -0.0057526 0.00120687 0.00166409 0.00209381 0.00247329
internal_weight=5e+06 62035 49495 4403 12540 4.93796e+06 426418 188558 83488 105070 237860 79688 54151 44839 20444 4.51155e+06 40341 61501 59911 24395 4.47121e+06 50162 4.42104e+06 3.52172e+06 3.51225e+06 200472 3.31177e+06 3.22044e+06 3.15515e+06 3.10238e+06
internal_count=5000000 62035 49495 4403 12540 4937965 426418 188558 83488 105070 237860 79688 54151 44839 20444 4511547 40341 61501 59911 24395 4471206 50162 4421044 3521721 3512246 200472 3311774 3220437 3155154 3102384
cat_boundaries=0 1 2 3 4 5 6
cat_threshold=4140 7174 8388735 3586 2081280 6148
is_linear=0
shrinkage=0.1


Tree=258
num_leaves=31
num_cat=1
split_feature=89 0 80 86 2 0 13 9 0 23 75 83 89 23 86 23 13 5 5 0 86 86 83 6 23 12 2 6 0 86
split_gain=384.828 681.345 746.896 746.317 585.098 559.592 530.648 516.426 581.984 1543.89 1325.08 1219.79 966.116 875.557 825.656 796.908 731.903 710.942 699.899 692.29 1341.98 1159.34 875.641 939.967 849.589 1472.86 848.145 818.379 973.553 2420.21
threshold=29.849999427795414 28.750000000000004 28.650000572204593 28.550000190734867 33.350000381469734 29.750000000000004 10.449999809265138 31.150000572204593 21.849999427795414 18.250000000000004 0 21.349999427795414 19.94999980926514 24.150000572204593 25.050000190734867 14.650000095367433 13.750000000000002 20.849999427795414 25.250000000000004 18.150000572204593 17.550000190734867 16.750000000000004 17.150000572204593 20.250000000000004 17.94999980926514 12.449999809265138 16.650000572204593 22.050000190734867 12.84999990463257 13.750000000000002
decision_type=10 2 10 8 10 2 8 10 2 10 1 8 10 10 10 8 10 8 10 2 8 10 8 8 8 8 8 10 2 10
left_child=1 2 4 -3 7 -2 -5 8 12 10 16 -11 18 -13 -15 -12 -10 -14 19 21 -21 27 -22 24 -24 -26 -23 28 29 -1
right_child=5 3 -4 6 -6 -7 -8 -9 9 11 15 13 17 14 -16 -17 -18 -19 -20 20 22 26 23 -25 25 -27 -28 -29 -30 -31
leaf_value=0.00026961425003560967 0.019513878530153555 -0.024160009387276506 0.018478962457619569 0.23242440950909754 0.1526582039621811 0.0016014756007154216 -0.0040347074730215501 0.0096023687613323791 0.034043159678534406 -0.017464543246538008 -0.10869047621606293 0.0027714162139521048 0.011594759294711796 -0.0073927662772881875 0.0017648278607465214 -0.036351643587552732 -0.023077249743177514 0.00080679758251471815 0.017203586052881671 -0.020165416187770777 -0.021138777188322154 0.01652114398142631 0.014215693572832365 -0.0064146303283098343 -0.027964488889777563 0.0036391467512531237 0.0022721039890188084 0.01503893471164261 -0.003723717526680272 0.026059801505964708
leaf_weight=2294794 24206 22154 21935 95 251 62402 96070 55084 4257 46655 1701 363467 128439 260810 158159 14543 4742 116495 23425 45564 22421 73167 56988 159363 16895 115958 97358 35335 640294 36973
leaf_count=2294794 24206 22154 21935 95 251 62402 96070 55084 4257 46655 1701 363467 128439 260810 158159 14543 4742 116495 23425 45564 22421 73167 56988 159363 16895 115958 97358 35335 640294 36973
internal_value=-4.82912e-08 -0.000116524 6.84547e-05 -0.0076131 -1.6151e-05 0.0066078 -0.00380111 -2.41799e-05 -0.000136577 -0.00249847 -0.0268611 -0.00175671 0.000385711 -0.000820087 -0.00393581 -0.0438996 0.00393933 0.00646381 -2.57074e-05 -0.00013797 -0.00396792 0.000364816 -0.00198198 -0.000752004 0.00400152 -0.000379908 0.00838593 -8.99965e-05 -0.000269865 0.000678549
internal_weight=5e+06 4.91339e+06 4.79507e+06 118319 4.77314e+06 86608 96165 4.77289e+06 4.7178e+06 854334 25243 829091 3.86347e+06 782436 418969 16244 8999 244934 3.61854e+06 3.59511e+06 417189 3.17792e+06 371625 349204 189841 132853 170525 3.0074e+06 2.97206e+06 2.33177e+06
internal_count=5000000 4913392 4795073 118319 4773138 86608 96165 4772887 4717803 854334 25243 829091 3863469 782436 418969 16244 8999 244934 3618535 3595110 417189 3177921 371625 349204 189841 132853 170525 3007396 2972061 2331767
cat_boundaries=0 1
cat_threshold=288
is_linear=0
shrinkage=0.1


Tree=259
num_leaves=31
num_cat=5
split_feature=74 75 0 0 4 80 9 72 72 48 82 76 73 91 48 53 51 20 1 87 73 75 76 72 72 10 24 25 72 75
split_gain=388.392 580.27 861.442 629.433 1652.59 955.771 918.678 1009.9 1326.73 1154.59 1106.43 1283.31 904.942 838.163 830.113 1739.33 1043.41 960.786 943.278 1008.8 879.225 1046.03 876.429 1051.75 791.048 712.121 690.913 686.091 638.164 2251.73
threshold=118.00000000000001 0 20.050000190734867 6.0499999523162851 10.250000000000002 7.2500000000000009 13.050000190734865 33.322500228881843 31.958350181579593 2.9500000476837163 1.6500000357627871 1 144.96915435791018 0.84999999403953563 1.0500000119209292 0.75000000000000011 1.1500000357627871 10.050000190734865 -1.6500000357627866 1.0000000180025095e-35 136.97330474853518 2 3 37.649148941040046 36.589200973510749 4.0499999523162851 1.0000000180025095e-35 1.0000000180025095e-35 37.670000076293952 4
decision_type=2 1 2 2 10 10 10 2 2 10 8 1 2 10 8 8 8 10 10 8 2 1 1 2 2 10 2 10 2 1
left_child=-1 2 -2 4 5 6 7 8 9 -3 -10 -12 14 -13 15 16 17 18 19 20 -9 -22 -16 -24 -23 -19 -8 -6 -5 -30
right_child=1 3 -4 28 27 -7 26 12 10 -11 11 13 -14 -15 22 -17 -18 25 -20 -21 21 24 23 -25 -26 -27 -28 -29 29 -31
leaf_value=0.00071595634548935199 0.018215208317058362 0.082802549667423925 0.00079346211680305354 -0.0016775260620952961 0.043173682381289324 0.026022650740949494 0.027292487234870363 0.05782992874196341 -0.0052065606819006018 -0.031713264208260608 0.013167596941070676 -0.041498674632493432 0.055590341383461243 -0.10080617905815677 0.0091126049334100956 -0.012830959121516711 -0.025520337644215053 0.081147526697165961 -0.0036656742839741505 -0.059900988690960826 0.087774479402034034 -0.018386063569575627 0.0063178032946336511 -0.0088398395094763174 0.019899164951806006 0.020187934074485533 -0.17097020759927425 -0.12539422059816269 -0.0890857974265305 -0.0061587019635041783
leaf_weight=3012099 36131 2169 132335 916660 10751 14090 14021 5428 10933 1482 2651 5954 2911 3973 135620 126021 10575 2733 55868 1616 1782 7602 88856 94422 18605 6413 178 247 3304 274570
leaf_count=3012099 36131 2169 132335 916660 10751 14090 14021 5428 10933 1482 2651 5954 2911 3973 135620 126021 10575 2733 55868 1616 1782 7602 88856 94422 18605 6413 178 247 3304 274570
internal_value=-4.34648e-08 -0.00108494 0.00452965 -0.00160482 0.000966749 0.000278439 -0.000326309 -0.000935701 -0.0197655 0.0363187 -0.0284748 -0.0486999 -1.98567e-05 -0.0651692 -0.000311251 -0.0047986 0.0043519 0.0075094 0.00440096 0.017265 0.0209967 0.0138535 0.00301865 -0.0014911 0.00879022 0.0384038 0.024807 0.0393879 -0.00295011 -0.00714816
internal_weight=5e+06 1.9879e+06 168466 1.81944e+06 624901 613903 599813 585614 27162 3651 23511 12578 558452 9927 555541 236643 110622 100047 90901 35033 33417 27989 318898 183278 26207 9146 14199 10998 1.19453e+06 277874
internal_count=5000000 1987901 168466 1819435 624901 613903 599813 585614 27162 3651 23511 12578 558452 9927 555541 236643 110622 100047 90901 35033 33417 27989 318898 183278 26207 9146 14199 10998 1194534 277874
cat_boundaries=0 1 2 3 4 5
cat_threshold=128 1046528 3104 14712943 4102
is_linear=0
shrinkage=0.1


Tree=260
num_leaves=31
num_cat=6
split_feature=23 11 62 75 48 73 51 72 71 63 49 48 52 48 65 67 0 71 75 75 6 72 48 52 49 57 50 75 76 75
split_gain=380.439 443.353 367.376 744.794 696.13 743.075 571.34 444.748 622.772 529.022 854.534 1240.81 951.464 876.497 758.256 724.533 833.1 929.86 902.552 720.225 821.43 1172.53 662.643 1621.33 844.075 734.632 729.847 639.718 621.691 604.189
threshold=34.95000076293946 21.349999427795414 11.050000190734865 0 10.250000000000002 139.44834899902347 7.3500001430511483 30.90164947509766 1.7500000000000002 4.0499999523162851 3.1499999761581425 2.7500000000000004 2.1499999761581425 4.2500000000000009 5.0499999523162851 1.0500000119209292 13.050000190734865 5.5499999523162851 1 2 14.050000190734865 35.185850143432624 5.7500000000000009 2.7500000000000004 6.4500000476837167 5.7500000000000009 3.8500000238418584 3 4 5
decision_type=10 10 10 1 10 2 10 2 10 10 10 10 10 8 10 10 2 10 1 1 10 2 10 10 10 10 10 1 1 1
left_child=2 -2 4 -4 7 -6 -7 8 -1 14 13 -12 -13 15 22 -11 17 18 28 20 -18 -22 24 -24 25 -9 -25 -27 -17 -14
right_child=1 -3 3 -5 5 6 -8 9 -10 10 11 12 29 -15 -16 16 19 -19 -20 -21 21 -23 23 26 -26 27 -28 -29 -30 -31
leaf_value=0.02072329372062328 -0.21953375338044553 0.034249569972608522 0.025281839570691467 -0.012179270421948121 -0.033320813717447773 -0.042874712950954359 0.010551395455154071 0.000863470971251356 0.0026953948681431826 -0.021079938933633371 -0.018857407950457358 -0.018104368618871505 0.018117624294853054 -0.032741219232366697 -0.010322231974095255 -0.019164360068039097 0.00079576464607248893 0.016108605934804506 0.0040879638282999451 -0.0079762205439475303 -0.026949366920231463 -0.11109381915325933 -0.030000775609448711 -0.02820978404921794 -0.021896601394344056 -0.025980915821135122 0.0021544986186169267 -0.0032292548962742982 0.00059814071823934391 0.0031452639622950051
leaf_weight=21947 70 4144 15464 8073 12992 2468 10593 3919100 150999 26921 27857 18989 31211 12174 67119 41454 4322 30680 81109 96046 5195 2431 24375 8791 16599 18326 79531 37940 25845 197235
leaf_count=21947 70 4144 15464 8073 12992 2468 10593 3919100 150999 26921 27857 18989 31211 12174 67119 41454 4322 30680 81109 96046 5195 2431 24375 8791 16599 18326 79531 37940 25845 197235
internal_value=-3.61542e-08 0.0300339 -2.53701e-05 0.0124385 -8.43702e-05 -0.0163877 0.000456025 1.5038e-06 0.00498315 -0.000178993 -0.00295157 0.0011513 0.00340394 -0.00641438 0.000220745 -0.00539368 -0.00392271 0.000260528 -0.0030157 -0.0108598 -0.034005 -0.0537728 0.000393143 -0.00716888 0.000606626 0.000700588 -0.000867765 -0.0106447 -0.011576 0.00519176
internal_weight=5e+06 4214 4.99579e+06 23537 4.97225e+06 26053 13061 4.9462e+06 172946 4.77325e+06 601469 275292 247435 326177 4.17178e+06 314003 287082 179088 148408 107994 11948 7626 4.10466e+06 112697 3.99196e+06 3.97537e+06 88322 56266 67299 228446
internal_count=5000000 4214 4995786 23537 4972249 26053 13061 4946196 172946 4773250 601469 275292 247435 326177 4171781 314003 287082 179088 148408 107994 11948 7626 4104662 112697 3991965 3975366 88322 56266 67299 228446
cat_boundaries=0 1 2 3 4 5 6
cat_threshold=7430 3082 6166 7170 67324 1280
is_linear=0
shrinkage=0.1


Tree=261
num_leaves=31
num_cat=7
split_feature=74 73 75 4 0 74 88 76 81 82 73 75 72 76 73 72 83 76 91 82 74 73 76 80 74 64 91 82 75 21
split_gain=359.469 538.237 532.639 704.971 508.589 491.309 683.147 732.598 545.885 513.919 470.52 448.151 446.384 486.886 439.882 709.996 756.55 1155.39 1147.97 876.369 761.279 669.599 1138 1150.53 882.273 812.869 761.15 618.467 598.034 557.882
threshold=352.00000000000006 141.071647644043 0 5.0499999523162851 -10.15000009536743 358.50000000000006 0.94999998807907116 1 1.7500000000000002 5.0499999523162851 137.02000427246097 2 43.859149932861335 3 137.86834716796878 32.94585037231446 10.84999990463257 4 1.5500000119209292 1.4499999880790713 391.50000000000006 138.22084808349612 5 0.84999999403953563 531.00000000000011 7.1499998569488534 1.7500000000000002 0.94999998807907116 6 -2.2499999999999996
decision_type=2 2 1 10 2 2 10 1 8 10 2 1 2 1 2 2 8 1 10 10 2 2 1 8 2 10 10 10 1 10
left_child=-1 4 3 12 10 6 -6 -8 14 11 -2 -10 13 -3 15 -7 17 -17 19 20 27 22 -16 -24 -23 -25 28 -19 29 -26
right_child=1 2 -4 -5 5 8 7 -9 9 -11 -12 -13 -14 -15 21 16 -18 18 -20 -21 -22 24 23 25 26 -27 -28 -29 -30 -31
leaf_value=0.00035152577867132869 0.38293584781449019 -0.046299041744674807 -0.0047217970744529401 -0.089218165316526349 -0.0046299298564285571 0.011056973383120767 -0.018434746430048846 -0.10206512251009446 -0.024418351091210683 -0.10427429713803527 0.040871726146996266 -0.0031288361060208833 0.024036837984136042 -0.0085840495418381194 0.028685858116553838 0.005880818474133403 -0.0020577546267373883 -0.089273744598771632 -0.073580671137245354 -0.074952066166400003 -0.0090814582121171369 0.0061937361538760708 -0.04585213341887974 0.0097930364251000296 0.12631997691045835 -0.12130674815759945 -0.019960747018891768 0.023245912396774086 -0.0049338221936344072 0.01156935523589929
leaf_weight=4266523 41 6399 35445 1606 8866 31502 2558 1782 15170 593 2094 28391 2035 7381 23899 17550 205933 2163 4341 2569 27559 127494 4683 28265 433 481 28201 631 95740 19672
leaf_count=4266523 41 6399 35445 1606 8866 31502 2558 1782 15170 593 2094 28391 2035 7381 23899 17550 205933 2163 4341 2569 27559 127494 4683 28265 433 481 28201 631 95740 19672
internal_value=-3.59916e-08 -0.00204502 -0.0117648 -0.0260768 -0.00129004 -0.00144339 -0.0205429 -0.053051 -0.00106425 -0.0118079 0.0474406 -0.0105492 -0.0196813 -0.0261375 -0.0003005 -0.00312354 -0.00483676 -0.0152775 -0.0252374 -0.0188706 -0.014124 0.00220819 0.0120286 0.000111429 0.000134885 0.00759937 -0.00522776 -0.0638622 -0.0016412 0.0140338
internal_weight=5e+06 733477 52866 17421 680611 678476 13206 4340 665270 44154 2135 43561 15815 13780 621116 292248 260746 54813 37263 32922 30353 328868 57328 33429 271540 28746 144046 2794 115845 20105
internal_count=5000000 733477 52866 17421 680611 678476 13206 4340 665270 44154 2135 43561 15815 13780 621116 292248 260746 54813 37263 32922 30353 328868 57328 33429 271540 28746 144046 2794 115845 20105
cat_boundaries=0 1 2 3 4 5 6 7
cat_threshold=6150 261632 568 11927963 2095104 16760832 3072
is_linear=0
shrinkage=0.1


Tree=262
num_leaves=31
num_cat=7
split_feature=23 89 6 10 0 75 80 72 73 73 16 8 75 47 17 75 0 73 76 23 57 10 12 26 2 76 72 76 74 75
split_gain=385.193 713.4 827.437 767.583 761.135 881.283 875.527 759.506 1649.44 1514.58 968.826 876.784 681.231 653.046 651.19 649.417 1411.94 836.781 835.19 1049.09 1053.92 920.85 826.479 1277.98 909.797 878.775 777.108 769.925 714.268 975.747
threshold=1.6500000357627871 -0.35000000894069666 3.0499999523162846 7.8500001430511483 11.050000190734865 0 8.2500000000000018 36.902500152587898 138.45999908447268 138.9049987792969 5.8500001430511483 -0.35000000894069666 1 1.0000000180025095e-35 7.6499998569488534 2 10.650000095367433 145.12500000000003 3 10.650000095367433 1.3499999642372134 5.8500001430511483 18.050000190734867 1.0000000180025095e-35 0.84999999403953563 4 43.900848388671882 5 69.500000000000014 6
decision_type=10 8 10 10 2 1 10 2 2 2 10 10 1 8 10 1 2 2 1 10 8 8 8 10 10 1 2 1 2 1
left_child=1 2 3 7 6 -6 13 8 14 -9 -11 -12 -8 -3 -1 16 22 18 26 21 -21 -20 24 -24 -2 -26 28 -17 -18 -30
right_child=15 4 -4 -5 5 -7 12 9 -10 10 11 -13 -14 -15 -16 27 17 -19 19 20 -22 -23 23 -25 25 -27 -28 -29 29 -31
leaf_value=-0.011272512627969036 0.09628478961204269 0.0030688850703668932 0.019699009139512121 0.060559558515135385 -0.084997821251485264 -0.0018476856370544918 0.087445434174787895 0.052722229830241454 -0.061818739522004576 -0.00347598678270315 0.11667611383435778 0.015990152439042209 0.021036772966337644 0.015681563804195098 0.043345323762450316 -0.0047382980881564294 0.0015848399786630562 -0.031499485366804789 0.089820633006818584 0.0049335235611742221 -0.0012786645653028296 0.018528484234113456 0.032799578953950852 -0.14497651312979462 -0.0053531194990097839 0.016266398074716786 -0.016786657062156336 -0.00045234096111032644 -0.00065879683665719601 -0.010774406412889558
leaf_weight=25764 1140 405074 16988 1886 2011 3464 1992 5047 6710 237026 1211 3026 6867 45681 2385 572232 430900 8241 2199 565438 528220 10289 21832 412 34941 40687 33563 1566546 271150 147078
leaf_count=25764 1140 405074 16988 1886 2011 3464 1992 5047 6710 237026 1211 3026 6867 45681 2385 572232 430900 8241 2199 565438 528220 10289 21832 412 34941 40687 33563 1566546 271150 147078
internal_value=-6.8003e-08 0.00206486 -0.00173681 -0.00302331 0.00451744 -0.0325478 0.00495897 -0.00344981 -0.0172653 -0.00149458 -0.00262874 0.0447678 0.0360916 0.0043471 -0.00664487 -0.000373148 0.000877743 0.000299851 0.000431615 0.0022622 0.00193313 0.0310823 0.012534 0.0295068 0.00761595 0.00627938 -0.00186238 -0.00159907 -0.0012725 -0.00421642
internal_weight=5e+06 765132 300043 283055 465089 5475 459614 281169 34859 246310 241263 4237 8859 450755 28149 4.23487e+06 2.09609e+06 1.99708e+06 1.98884e+06 1.10615e+06 1.09366e+06 12488 99012 22244 76768 75628 882691 2.13878e+06 849128 418228
internal_count=5000000 765132 300043 283055 465089 5475 459614 281169 34859 246310 241263 4237 8859 450755 28149 4234868 2096090 1997078 1988837 1106146 1093658 12488 99012 22244 76768 75628 882691 2138778 849128 418228
cat_boundaries=0 1 2 3 4 5 6 7
cat_threshold=6150 1060 992 14745727 622655 786680 896
is_linear=0
shrinkage=0.1


Tree=263
num_leaves=31
num_cat=2
split_feature=21 0 6 80 10 0 0 86 48 85 48 72 73 65 76 72 24 13 88 89 0 4 64 76 74 23 48 50 73 50
split_gain=370.501 652.595 1055.67 847.131 918.785 875.034 761.976 562.95 607.43 533.294 908.342 524.895 517.557 508.83 487.438 619.399 524.792 482.961 480.77 605.474 1131.89 1102.16 998.047 963.805 925.428 840.307 822.62 2050.28 1280.83 1159.45
threshold=-3.1499999761581416 3.4500000476837163 5.6499998569488534 -0.55000001192092884 8.8499999046325701 -5.8500001430511466 -0.45000000298023218 1.2500000000000002 0.15000000223517421 0.15000000223517421 1.1500000357627871 43.024999618530281 142.54499816894534 1.5500000119209292 0 36.902500152587898 1.0000000180025095e-35 13.750000000000002 0.15000000223517421 14.949999809265138 13.34999990463257 17.250000000000004 0.84999999403953563 1 1.5000000000000002 11.84999990463257 2.0499999523162846 1.3499999642372134 129.87249755859378 2.4500000476837163
decision_type=10 2 10 10 10 2 2 10 8 8 10 2 2 8 1 2 2 10 8 8 2 8 8 1 2 8 8 8 2 10
left_child=1 2 3 4 7 11 -4 8 13 10 -2 -5 -3 -1 16 17 -7 -16 -11 20 21 22 23 -20 -24 -22 28 -28 -26 -30
right_child=9 12 6 5 -6 14 -8 -9 -10 18 -12 -13 -14 -15 15 -17 -18 -19 19 -21 25 -23 24 -25 26 -27 27 -29 29 -31
leaf_value=-0.0040949355456362073 -0.00032900890494277294 -0.011403209213245523 0.10946998799437067 0.13293480153870266 0.084551925237588921 0.012148453032352685 0.021860422106832686 0.034609735752040648 0.0020765974397732386 0.0055242297873950809 0.015803769808782422 0.51276855694084633 -0.073334947603611478 -0.041293060161317008 -0.011023642031275765 0.046878994893119391 -0.056564420805103113 0.30876838890835645 0.0012036816018921889 0.00028145860352301488 0.0031262649036507095 0.025614161680474375 -0.03334722658752922 -0.011144262301374216 0.04931028613298416 -0.012696088463061356 -0.01644780414546387 0.0052377101822973166 -0.0011691488141899987 -0.015170660827858727
leaf_weight=9527 93713 7230 1563 323 1336 9905 2721 4983 202627 133303 55611 41 1659 5989 2927 8851 1252 48 97679 2904834 42917 15230 8280 179147 4741 154047 48243 452881 480957 67435
leaf_count=9527 93713 7230 1563 323 1336 9905 2721 4983 202627 133303 55611 41 1659 5989 2927 8851 1252 48 97679 2904834 42917 15230 8280 179147 4741 154047 48243 452881 480957 67435
internal_value=-5.80205e-08 0.00366811 0.0046071 0.00375625 0.00187061 0.0218852 0.0538244 0.00137554 0.000616376 -0.000202067 0.00567913 0.175718 -0.0229618 -0.018453 0.0194488 0.0335823 0.00443376 -0.00586397 -0.00039341 -0.000570423 -0.00216532 -0.00113539 -0.00143956 -0.00678761 -4.62203e-05 -0.00924851 0.000215322 0.00315005 -0.00244347 -0.0028909
internal_weight=5e+06 260982 252093 247809 224462 23347 4284 223126 218143 4.73902e+06 149324 364 8889 15516 22983 11826 11157 2975 4.58969e+06 4.45639e+06 1.55156e+06 1.35459e+06 1.33936e+06 276826 1.06254e+06 196964 1.05426e+06 501124 553133 548392
internal_count=5000000 260982 252093 247809 224462 23347 4284 223126 218143 4739018 149324 364 8889 15516 22983 11826 11157 2975 4589694 4456391 1551557 1354593 1339363 276826 1062537 196964 1054257 501124 553133 548392
cat_boundaries=0 1 2
cat_threshold=8380416 260608
is_linear=0
shrinkage=0.1


Tree=264
num_leaves=31
num_cat=7
split_feature=74 48 79 76 85 75 76 72 7 0 89 86 75 9 9 72 10 23 89 76 12 0 23 23 75 72 0 72 16 75
split_gain=357.58 482.987 506.799 530.512 399.03 393.972 469.017 825.759 424.82 371.707 1384.93 1100.2 798.222 754.17 737.531 642.895 833.358 628.795 999.128 978.622 1259.28 2020.89 1149.07 976.843 1148.94 1007.62 990.276 868.927 771.532 1198.54
threshold=1099.0000000000002 0.35000000894069677 2.9500000476837163 0 2.8500000238418584 1 2 36.613349914550788 -1.2499999999999998 22.94999980926514 22.849999427795414 22.250000000000004 3 28.550000190734867 9.4499998092651385 31.440000534057621 16.44999980926514 19.250000000000004 17.94999980926514 4 10.050000190734865 14.050000190734865 25.349999427795414 23.94999980926514 5 38.085000991821296 19.94999980926514 33.70579910278321 24.44999980926514 6
decision_type=2 8 8 1 10 1 1 2 10 2 8 10 1 10 10 2 10 10 10 1 10 2 10 10 1 2 2 2 10 1
left_child=9 -2 3 -3 -5 -4 8 -8 -7 11 -11 13 14 17 -12 -16 -17 18 28 22 21 -21 -19 -22 25 26 -25 -20 -1 -30
right_child=1 2 5 4 -6 6 7 -9 -10 10 12 -13 -14 -15 15 16 -18 19 27 20 23 -23 -24 24 -26 -27 -28 -29 29 -31
leaf_value=-1.6875340233599588e-05 0.013793349564847304 0.011732359815700588 -0.0091501778360451504 -0.031895964475046272 0.020273971996337917 0.012377925838858019 -0.11471450057470103 -0.0095227923688383492 -0.049746906176715601 -0.014288598425669582 0.037299354103604167 0.0098237268803839529 -0.00017338707839652432 0.018655769877556169 -0.016878730373058155 -0.044497780387675767 -0.16009240569979091 -0.0072455548413290251 0.020947639864507577 0.06334954473489017 -0.00094699878532089165 -0.041235757961967406 -0.056137728870099685 0.063242693333263142 -0.0029870155015325533 -0.0055828057625455577 0.021320363552999363 0.0042669207506557828 -0.0019826770164108566 0.031991163006489083
leaf_weight=3061024 7276 9891 5405 7422 1827 1894 1942 1212 2628 80145 1613 122530 845367 22017 6890 3096 781 205626 38089 2133 278604 13807 4922 8364 25016 8036 17267 173384 22555 19237
leaf_count=3061024 7276 9891 5405 7422 1827 1894 1942 1212 2628 80145 1613 122530 845367 22017 6890 3096 781 205626 38089 2133 278604 13807 4922 8364 25016 8036 17267 173384 22555 19237
internal_value=-5.41955e-08 -0.00947731 -0.0147322 -0.00436412 -0.0215673 -0.0299026 -0.0444455 -0.0740573 -0.0236741 7.54065e-05 -0.00171732 0.000493391 -0.000542707 0.000200257 -0.0257407 -0.0352087 -0.0677837 9.54791e-05 0.000620655 -0.00299189 0.00022486 -0.0272407 -0.00838811 0.00152288 0.0132489 0.0253062 0.0350006 0.00727133 0.000167377 0.0136628
internal_weight=5e+06 39497 32221 19140 9249 13081 7676 3154 4522 4.9605e+06 937892 4.02261e+06 857747 3.90008e+06 12380 10767 3877 3.87806e+06 3.31429e+06 563775 353227 15940 210548 337287 58683 33667 25631 211473 3.10282e+06 41792
internal_count=5000000 39497 32221 19140 9249 13081 7676 3154 4522 4960503 937892 4022611 857747 3900081 12380 10767 3877 3878064 3314289 563775 353227 15940 210548 337287 58683 33667 25631 211473 3102816 41792
cat_boundaries=0 1 2 3 4 5 6 7
cat_threshold=10486783 440 1834496 4124 14680383 240 96
is_linear=0
shrinkage=0.1


Tree=265
num_leaves=31
num_cat=5
split_feature=74 91 74 82 79 85 84 77 73 76 86 73 76 88 72 75 86 72 73 75 9 72 2 89 74 74 91 72 72 76
split_gain=359.838 721.712 695.369 939.174 816.343 697.585 633.794 643.469 927.43 1043.65 866.134 723.838 908.089 811.016 737.393 582.676 532.018 1005.55 529.765 504.539 555.838 492.255 527.152 538.97 481.314 474.658 654.055 609.234 1330.67 661.874
threshold=7.5000000000000009 1.3499999642372134 5.5000000000000009 6.1499998569488534 1.7500000000000002 1.2500000000000002 1.0000000180025095e-35 23.349999427795414 132.4716491699219 0 16.349999427795414 139.74584960937503 1 2.0499999523162846 38.049150466918952 2 20.94999980926514 42.50835037231446 132.80335235595706 3 -0.45000000298023218 43.652500152587898 0.45000000298023229 1.8499999642372134 4.5000000000000009 8.5000000000000018 1.8499999642372134 40.00164985656739 37.019998550415046 4
decision_type=2 10 2 8 10 10 10 8 2 1 8 2 1 8 2 1 8 2 2 1 8 2 8 10 2 2 8 2 2 1
left_child=1 2 3 -1 16 18 7 8 9 -3 -11 13 -13 -10 -15 -16 17 -4 -5 20 -14 22 23 -9 -7 26 -2 28 -28 -30
right_child=25 6 4 5 -6 24 -8 21 11 10 -12 12 19 14 15 -17 -18 -19 -20 -21 -22 -23 -24 -25 -26 -27 27 -29 29 -31
leaf_value=0.0064604805225462157 -0.020108916787747479 -0.0045038023250536787 0.034431989401470006 0.020195104840507017 -0.0020177322356788024 -0.021211448545964018 0.012437552450179129 0.020247742153771325 0.027235626938133962 -0.065566483313944754 -0.019426767820397206 0.00027297511028825521 0.0046621016762136312 -0.010561378070014359 -0.010531797152856036 0.061791421886203249 0.0091048184065394815 -0.018684384408637289 -0.0022716158840231904 -0.015036357957846094 -0.059850483355026553 -0.031584761880114921 0.00086408160999912722 0.11662579635012434 0.00075200623944293656 -0.0002006843389819696 -0.00020429064834895274 -0.01565599084531524 0.012996014764227463 0.099808397127107956
leaf_weight=224882 28466 15203 28280 12561 26737 31171 28435 6310 12851 7621 8728 28477 1682 22889 1848 2798 29108 4078 63827 13612 6484 4434 134323 639 14675 4183046 33331 19878 1526 2100
leaf_count=224882 28466 15203 28280 12561 26737 31171 28435 6310 12851 7621 8728 28477 1682 22889 1848 2798 29108 4078 63827 13612 6484 4434 134323 639 14675 4183046 33331 19878 1526 2100
internal_value=-4.28961e-08 0.00204898 0.00464027 0.00262558 0.0125689 -0.00442975 -0.00175767 -0.00326436 -0.00861609 -0.0233822 -0.0409095 -0.00347602 -0.011487 0.00649254 -0.00318857 0.0331344 0.0189139 0.0277379 0.00142274 -0.0268521 -0.0465055 0.00122374 0.00225348 0.0291103 -0.0141811 -0.000351273 -0.00773592 -0.00153887 0.00605429 0.0635846
internal_weight=5e+06 731653 435319 347116 88203 122234 296334 267899 122193 31552 16349 90641 50255 40386 27535 4646 61466 32358 76388 21778 8166 145706 141272 6949 45846 4.26835e+06 85301 56835 36957 3626
internal_count=5000000 731653 435319 347116 88203 122234 296334 267899 122193 31552 16349 90641 50255 40386 27535 4646 61466 32358 76388 21778 8166 145706 141272 6949 45846 4268347 85301 56835 36957 3626
cat_boundaries=0 1 2 3 4 5
cat_threshold=523776 2031360 248 7170 523776
is_linear=0
shrinkage=0.1


Tree=266
num_leaves=31
num_cat=8
split_feature=84 73 72 75 72 73 76 0 24 76 72 73 72 75 6 2 75 75 14 87 90 23 4 72 75 72 76 79 56 2
split_gain=345.349 471.305 926.42 511.756 503.84 619.296 484.582 448.806 440.53 1409.98 1190.33 1495.28 1726.82 1105.02 1967.05 930.004 759.237 757.792 998.436 855.939 722.962 719.545 687.93 672.193 626.217 565.54 554.993 543.307 713 513.902
threshold=4.7500000000000009 136.54419708251956 34.745000839233406 0 36.395851135253913 137.88999938964847 1 15.650000095367433 0.75000000000000011 2 36.241651535034187 136.64249420166018 34.963350296020515 3 13.250000000000002 16.250000000000004 4 5 4.0499999523162851 1.0000000180025095e-35 1.7500000000000002 17.349999427795414 15.84999990463257 42.50835037231446 6 32.438299179077156 7 7.3500001430511483 4.2500000000000009 25.150000572204593
decision_type=8 2 2 1 2 2 1 2 2 1 2 2 2 1 10 10 1 1 10 8 10 8 10 2 1 2 1 10 8 10
left_child=8 2 -2 -4 5 6 -3 -7 20 10 11 12 15 29 26 21 -14 18 -11 -20 27 -10 -21 -24 -13 -19 -15 -1 -29 -12
right_child=1 4 3 -5 -6 7 -8 -9 9 17 13 24 16 14 -16 -17 -18 25 19 22 -22 -23 23 -25 -26 -27 -28 28 -30 -31
leaf_value=0.00014618031370046809 -0.0046958150058707838 0.018816741755359301 -0.010255044816697936 -0.059409349603104178 -0.0091310698593850964 0.059787256696935846 -0.022113871263495753 0.013341466699142896 0.021764164305857831 -0.006855602566619096 -0.0017585493969552932 0.011919845725291828 -0.077160414387594189 0.0023763055932833647 -0.071848969797068923 -0.0046207972089747631 -0.018272714786594476 0.031413691640393628 -0.0012738279646894121 0.054115203652742777 -0.0131134765747283 0.099980304948291077 0.019270899036907291 -0.16629408499400311 0.0542137105397687 0.0045306430947470088 -0.026529632227739033 -0.019031874904233349 0.00039516228706837722 0.052454032122786223
leaf_weight=4553811 21203 5293 3258 6131 27923 3447 6354 5248 9568 7990 20687 6606 3610 12355 7267 20971 5594 8531 5525 14934 42388 1341 5087 203 7485 94612 14361 34398 41909 1910
leaf_count=4553811 21203 5293 3258 6131 27923 3447 6354 5248 9568 7990 20687 6606 3610 12355 7267 20971 5594 8531 5525 14934 42388 1341 5087 203 7485 94612 14361 34398 41909 1910
internal_value=-9.64728e-09 -0.00656534 -0.0162759 -0.0424269 -0.000410477 0.0115601 -0.00351571 0.0317542 0.000105194 0.00420673 -0.0041275 0.00632321 -0.00331785 -0.0143194 -0.0257112 0.00769794 -0.0414734 0.0110106 0.024019 0.0336088 -0.00011306 0.031379 0.0431383 0.01215 0.0344329 0.0067535 -0.0131709 5.95664e-06 -0.00836224 0.00282249
internal_weight=5e+06 78857 30592 9389 48265 20342 11647 8695 4.92114e+06 248637 111755 55175 41084 56580 33983 31880 9204 136882 33739 25749 4.67251e+06 10909 20224 5290 14091 103143 26716 4.63012e+06 76307 22597
internal_count=5000000 78857 30592 9389 48265 20342 11647 8695 4921143 248637 111755 55175 41084 56580 33983 31880 9204 136882 33739 25749 4672506 10909 20224 5290 14091 103143 26716 4630118 76307 22597
cat_boundaries=0 1 2 3 4 5 6 7 8
cat_threshold=448 1048064 16756736 968 3128 3074 936 14692352
is_linear=0
shrinkage=0.1


Tree=267
num_leaves=31
num_cat=3
split_feature=23 83 0 72 77 0 72 89 0 72 73 86 0 23 71 84 52 74 27 73 76 76 24 2 6 50 75 72 82 14
split_gain=341.56 656.473 936.771 2191.2 576.418 882.29 1257.77 717.183 1937.22 977.032 636.561 560.175 671.654 537.055 676.684 705.382 612.053 661.003 576.594 647.829 543.09 539.571 531.968 527.47 519.044 531.288 516.694 516.797 615.414 516.005
threshold=-3.8500000238418575 -1.7499999999999998 -3.4500000476837154 43.063348770141609 -2.2499999999999996 -3.4500000476837154 42.790000915527351 -3.6499999761581416 -5.8500001430511466 43.44585037231446 145.15920257568362 -2.5499999523162837 -7.5499999523162833 -7.4500000476837149 1.6500000357627871 1.0000000180025095e-35 2.9500000476837163 104.50000000000001 1.0000000180025095e-35 143.10250091552737 0 1 1.0000000180025095e-35 -3.8500000238418575 1.2500000000000002 2.1499999761581425 2 44.449150085449226 2.8500000238418584 -6.6499998569488517
decision_type=10 10 2 2 10 2 2 10 2 2 2 10 2 8 10 10 10 2 8 2 1 1 2 10 10 10 1 2 10 8
left_child=1 4 3 -3 7 6 -6 10 9 -9 11 13 -13 14 15 16 18 20 22 23 -18 -19 24 -20 -1 -26 29 -28 -29 -4
right_child=-2 2 26 -5 5 -7 -8 8 -10 -11 -12 12 -14 -15 -16 -17 17 21 19 -21 -22 -23 -24 -25 25 -27 27 28 -30 -31
leaf_value=0.0049889249151813322 -0.00017707314214485747 0.021355606245918222 -0.041883429894211274 0.18622856903686905 0.029010377131907988 0.0077916303151801987 0.16918989057549774 0.063094627157765343 0.0039719125737949709 0.22189350652085113 0.057045927770156303 0.17161582601248856 0.017861123425233338 -0.01147040844801967 0.014526658792722254 -0.061707552263300186 -0.12705938875676956 0.074183722001109884 -0.017013166609332154 -0.24003000736014327 -0.031555675177832629 -0.03271667404388922 -0.074181110717085261 -0.25390056245686377 0.2225518437097348 -0.26892299979925155 0.019424362725811772 0.010262390001893615 0.17740359179021459 0.0060179255636535972
leaf_weight=31362 4780654 3584 2693 1040 2503 13938 860 3244 23078 440 1736 298 6096 68166 24093 2199 1052 703 1198 176 1407 1388 849 102 183 25 12414 417 467 13635
leaf_count=31362 4780654 3584 2693 1040 2503 13938 860 3244 23078 440 1736 298 6096 68166 24093 2199 1052 703 1198 176 1407 1388 849 102 183 25 12414 417 467 13635
internal_value=-3.39635e-08 0.00385854 0.0165763 0.0584378 0.00150525 0.0188842 0.0648577 -0.000286659 0.0147215 0.0820608 -0.00313456 -0.00388456 0.025027 -0.00527551 0.00124753 -0.00662409 -0.00347339 -0.0379113 0.00114949 -0.0599762 -0.0730587 0.00342185 0.00393247 -0.0355997 0.00603315 0.16348 0.0100426 0.0246664 0.0985598 -0.00188136
internal_weight=5e+06 219346 34250 4624 185096 17301 3363 167795 26762 3684 141033 139297 6394 132903 64737 40644 38445 4550 33895 1476 2459 2091 32419 1300 31570 208 29626 13298 884 16328
internal_count=5000000 219346 34250 4624 185096 17301 3363 167795 26762 3684 141033 139297 6394 132903 64737 40644 38445 4550 33895 1476 2459 2091 32419 1300 31570 208 29626 13298 884 16328
cat_boundaries=0 1 2 3
cat_threshold=2097917 9470227 6754
is_linear=0
shrinkage=0.1


Tree=268
num_leaves=31
num_cat=5
split_feature=89 0 2 86 86 13 75 72 12 23 8 72 68 8 1 14 72 75 73 72 76 72 72 0 75 0 72 76 82 74
split_gain=338.782 408.708 1159.54 930.688 904.978 766.765 668.721 1026.06 2931.28 1085.88 708.844 846.443 683.755 597.528 707.042 679.434 670.912 1019.66 949.918 1658.24 1457.07 1830.71 1905.99 1808.24 1277.92 1234.95 1207.31 1255.83 1223.53 1176.65
threshold=34.149999618530281 26.050000190734867 30.349999427795414 25.849999427795414 24.94999980926514 10.050000190734865 0 35.502500534057624 16.650000572204593 27.650000572204593 20.050000190734867 40.670848846435554 1.7500000000000002 29.849999427795414 23.150000572204593 29.250000000000004 32.880001068115241 1 134.46669769287112 34.879999160766609 2 35.269151687622077 34.760000228881843 3.2500000000000004 3 -1.8499999642372129 33.322500228881843 4 1.4499999880790713 140.50000000000003
decision_type=10 2 10 8 10 8 1 2 8 8 8 2 8 10 8 10 2 1 2 2 1 2 2 2 1 2 2 1 10 2
left_child=1 2 4 -3 13 -5 -7 -8 9 12 -10 -12 -9 14 15 16 17 -1 20 29 24 22 26 -23 -18 -24 27 -22 -29 -20
right_child=-2 3 -4 5 -6 6 7 8 10 -11 11 -13 -14 -15 -16 -17 18 -19 19 -21 21 23 25 -25 -26 -27 -28 28 -30 -31
leaf_value=-0.002492944697518696 0.022765915302647509 -0.015515303622736148 0.10092027730222893 0.089234240559813216 0.00862797482091642 -0.00043284031258521318 -0.0069015445493892484 -0.024152328990668742 -0.097515264484230604 -0.12823657841694477 -0.23229799076995539 0.28372838560378916 0.080850086612223454 0.012642128635356764 -0.0047072105420597849 0.014637300972257395 0.0143636209630221 0.0094940979103352585 0.01255923358608003 -0.00018139597622723831 0.00075727588380455446 0.067724388210654352 0.027375404886957458 0.0060204556670038403 -0.0039338719675366795 -0.023160587472256869 -0.0017128423544144234 -0.01631483036492927 -0.052435838840719506 -0.0024960185752872966
leaf_weight=118156 6528 51743 1144 934 124813 376329 19422 1123 1284 495 865 33 1385 37034 311255 32507 75224 177655 181582 2781960 34374 5425 5111 38132 77475 89730 314318 49711 11558 72695
leaf_count=118156 6528 51743 1144 934 124813 376329 19422 1123 1284 495 865 33 1385 37034 311255 32507 75224 177655 181582 2781960 34374 5425 5111 38132 77475 89730 314318 49711 11558 72695
internal_value=-5.39998e-08 -2.98161e-05 0.000256158 -0.00289191 0.000230785 -0.00126658 -0.0014774 -0.0174452 -0.0569734 0.00711861 -0.145181 -0.213335 0.0338335 -6.66415e-06 -0.000113689 0.000237981 0.000121922 0.00470634 -0.00024094 0.000525139 -0.00355878 -0.00596446 -0.00766182 0.0137056 0.00508036 -0.0204372 -0.00470635 -0.0145441 -0.0231251 0.0082551
internal_weight=5e+06 4.99347e+06 4.53986e+06 453613 4.53872e+06 401870 400936 24607 5185 3003 2182 898 2508 4.4139e+06 4.37687e+06 4.06561e+06 4.03311e+06 295811 3.7373e+06 3.03624e+06 701058 548359 504802 43557 152699 94841 409961 95643 61269 254277
internal_count=5000000 4993472 4539859 453613 4538715 401870 400936 24607 5185 3003 2182 898 2508 4413902 4376868 4065613 4033106 295811 3737295 3036237 701058 548359 504802 43557 152699 94841 409961 95643 61269 254277
cat_boundaries=0 1 2 3 4 5
cat_threshold=960 5442 1032192 252 7355392
is_linear=0
shrinkage=0.1


Tree=269
num_leaves=31
num_cat=3
split_feature=91 48 59 0 11 73 73 72 87 88 76 73 72 7 73 28 72 73 76 23 75 91 9 1 83 80 86 21 51 72
split_gain=354.658 709.156 641.981 487.246 532.069 479.087 478.226 1211.57 2808.98 895.464 962.475 1900.83 1223.12 1017.31 1003.38 870.348 812.388 783.051 892.757 786.718 751.754 727.539 706.578 2300.59 1450.7 1282.44 1077.06 1124.54 1061.55 945.309
threshold=0.35000000894069677 0.94999998807907116 0.94999998807907116 18.849999427795414 2.2500000000000004 144.11249542236331 143.05250549316409 43.652500152587898 1.0000000180025095e-35 1.4499999880790713 0 144.7174987792969 43.063348770141609 -3.4500000476837154 145.49250030517581 1.0000000180025095e-35 42.731649398803718 143.5766525268555 1 29.44999980926514 2 2.7500000000000004 -3.5499999523162837 -7.5499999523162833 -5.6499998569488517 -5.4500000476837149 -6.4500000476837149 -8.6500000953674299 2.7500000000000004 43.024999618530281
decision_type=8 10 8 2 10 2 2 2 8 8 1 2 2 10 2 8 2 2 1 8 1 10 10 8 10 10 10 8 10 2
left_child=1 2 -1 4 5 -3 22 8 9 -8 11 13 -13 -11 -14 -10 -12 -9 19 -19 21 -15 24 28 25 26 27 29 -24 -2
right_child=6 3 -4 -5 -6 -7 7 17 15 10 16 12 14 20 -16 -17 -18 18 -20 -21 -22 -23 23 -25 -26 -27 -28 -29 -30 -31
leaf_value=0.006723248642696621 -0.0329135163771812 -0.0055531872389741783 -0.0061394063754220459 -0.0012676303660747287 0.015149933785581649 0.047925765242322109 -0.0027452830623709221 -0.0074984772582335742 0.011212560918538792 -0.086936880464254962 -0.039449690448945945 0.072456969055658071 -0.023636549236858519 -0.044080767115229402 0.054571328333197916 0.061141743455241829 -0.0069949931905202746 -0.0035001086602458398 0.016898202361133759 -0.18064505395556807 -0.018741588263747236 -0.11521339015028652 0.073486115395663812 -0.00028711407768364688 0.016856280834978549 0.017579190187052313 0.011929990096576309 -0.027691938809323486 -0.070362617388526172 0.02146410756633281
leaf_weight=62162 4558 22481 103258 40442 88004 1810 65426 40782 7556 4978 8705 1932 11624 7896 1910 6490 67663 27627 54433 253 11066 1758 5675 4192215 74042 24194 17372 32418 564 10706
leaf_count=62162 4558 22481 103258 40442 88004 1810 65426 40782 7556 4978 8705 1932 11624 7896 1910 6490 67663 27627 54433 253 11066 1758 5675 4192215 74042 24194 17372 32418 564 10706
internal_value=-4.50481e-08 0.00323074 -0.00130584 0.00814402 0.0115335 -0.0015683 -0.000219594 -0.00395034 -0.00881346 -0.012122 -0.0173417 -0.0296666 -0.00197421 -0.0463445 -0.0125994 0.0342825 -0.010693 0.00383269 0.00944672 -0.0051058 -0.0365921 -0.056975 5.41972e-05 -0.000196809 0.00650799 -0.00207717 -0.0093875 -0.0171541 0.0604823 0.00522634
internal_weight=5e+06 318157 165420 152737 112295 24291 4.68184e+06 320099 197004 182958 117532 41164 15466 25698 13534 14046 76368 123095 82313 27880 20720 9654 4.36174e+06 4.19845e+06 163290 89248 65054 47682 6239 15264
internal_count=5000000 318157 165420 152737 112295 24291 4681843 320099 197004 182958 117532 41164 15466 25698 13534 14046 76368 123095 82313 27880 20720 9654 4361744 4198454 163290 89248 65054 47682 6239 15264
cat_boundaries=0 1 2 3
cat_threshold=14680319 2088960 7712
is_linear=0
shrinkage=0.1


Tree=270
num_leaves=31
num_cat=5
split_feature=7 16 0 12 86 77 72 75 73 76 17 4 83 8 76 64 75 72 3 12 74 12 0 72 23 76 2 72 7 83
split_gain=346.624 1122.82 1134.49 945.323 865.006 740.37 761.156 1032.81 808.865 982.051 629.951 602.519 596.15 1064.56 567.682 542.253 540.801 1048.99 1228.85 913.03 841.567 777.478 742.302 801.175 881.552 1132.13 928.419 730.227 709.171 1855.66
threshold=-8.6500000953674299 -4.7499999999999991 -8.6500000953674299 -5.9500000476837149 -9.1500000953674299 -7.1499998569488517 43.490848541259773 0 143.31164550781253 1 -13.15000009536743 -13.050000190734862 -10.550000190734862 -4.8500001430511466 2 1.4499999880790713 3 43.281700134277351 7.8500001430511483 -4.3500001430511466 639.50000000000011 9.6500000953674334 20.349999427795414 34.47669982910157 10.250000000000002 4 6.8500001430511483 34.424999237060554 8.6500000953674334 2.6499999761581425
decision_type=8 10 2 10 10 10 2 1 2 1 8 8 8 10 1 10 1 2 8 10 2 10 2 2 10 1 10 2 10 8
left_child=1 2 3 4 5 6 8 10 -1 -10 -8 -2 13 -13 15 -3 17 19 -19 -14 22 -20 23 27 -25 -26 -27 -21 -18 -30
right_child=11 14 -4 -5 -6 -7 7 -9 9 -11 -12 12 16 -15 -16 -17 28 18 21 20 -22 -23 -24 24 25 26 -28 -29 29 -31
leaf_value=-0.045200826555907257 -0.068189021187914742 0.095801067727487157 0.014272444150601998 0.041740751682743715 0.022729328934008666 0.12316211098646142 0.089833197125904513 -0.051325537553229841 -0.017743147728611998 -0.19555539081436801 -0.0034931025430690282 -0.0044143377893071717 0.010857355895909143 0.051807424298737276 0.013257903919427765 0.034271734427636577 0.0032122144434531862 -0.010663958777551628 -0.076055251909708549 0.002489788340775621 -0.015490314848420681 -0.32273581695856812 -0.023935398736254665 -0.0015635924147721315 -0.041628360341690672 0.015907842350104669 -0.014232959440607524 0.030340381140866131 0.038126640071836561 -0.00039287574674038648
leaf_weight=4797 1299 2037 24949 2418 3200 293 908 4798 497 869 3555 7503 59958 6111 8037 4825 746164 90274 1581 289289 43252 139 14196 590046 11771 13026 47435 9731 12559 2994483
leaf_count=4797 1299 2037 24949 2418 3200 293 908 4798 497 869 3555 7503 59958 6111 8037 4825 746164 90274 1581 289289 43252 139 14196 590046 11771 13026 47435 9731 12559 2994483
internal_value=-4.09154e-08 0.00748062 -0.000205411 -0.0171357 -0.0246614 -0.0343102 -0.0373016 -0.0191796 -0.0645331 -0.132422 0.0154595 -9.27128e-05 -7.47975e-05 0.0208223 0.0313574 0.0524604 -0.000132575 -0.00200904 -0.0122593 -0.0011349 -0.0018407 -0.0959905 -0.00123549 -0.000900272 -0.00284011 -0.0132676 -0.007738 0.00339613 0.000452735 -0.000231998
internal_weight=5e+06 61183 46284 21335 18917 15717 15424 9261 6163 1366 4463 4.93882e+06 4.93752e+06 13614 14899 6862 4.9239e+06 1.1707e+06 91994 1.0787e+06 1.01875e+06 1720 975494 961298 662278 72232 60461 299020 3.75321e+06 3.00704e+06
internal_count=5000000 61183 46284 21335 18917 15717 15424 9261 6163 1366 4463 4938817 4937518 13614 14899 6862 4923904 1170698 91994 1078704 1018746 1720 975494 961298 662278 72232 60461 299020 3753206 3007042
cat_boundaries=0 1 2 3 4 5
cat_threshold=2 2588164 828 14 13107327
is_linear=0
shrinkage=0.1


Tree=271
num_leaves=31
num_cat=7
split_feature=72 11 75 82 88 25 76 76 75 2 48 34 21 86 58 57 85 85 51 61 48 56 53 55 50 75 48 74 76 75
split_gain=342.715 476.494 584.768 393.6 375.384 1098.83 886.678 811.316 794.595 769.719 715.845 666.097 655.268 662.351 646.971 636.506 731.085 578.148 737.046 636.104 899.265 662.062 685.081 769.01 697.465 676.704 597.881 593.322 676.161 1445.54
threshold=26.286649703979496 17.849999427795414 0 8.8499999046325701 3.6499999761581425 1.0000000180025095e-35 1 2 3 10.449999809265138 0.35000000894069677 1.0000000180025095e-35 8.0500001907348651 -1.9499999880790708 1.4499999880790713 3.3500000238418584 0.75000000000000011 6.5499999523162851 4.0499999523162851 4.7500000000000009 7.3500001430511483 5.4500000476837167 5.8500001430511483 2.1499999761581425 6.0499999523162851 4 3.9500000476837163 34.500000000000007 5 6
decision_type=2 10 1 8 10 8 1 1 1 10 8 10 8 10 8 8 8 10 8 8 10 10 10 8 10 1 10 2 1 1
left_child=1 -1 -3 -4 17 6 10 -7 14 11 -6 -9 13 -10 -8 16 -12 19 -19 20 21 22 24 -24 27 -23 -26 -2 29 -29
right_child=4 2 3 -5 5 7 8 9 12 -11 15 -13 -14 -15 -16 -17 -18 18 -20 -21 -22 25 23 -25 26 -27 -28 28 -30 -31
leaf_value=0.027454736635420907 0.0030666651975667209 0.017791476476574312 0.0096033914664531983 -0.0079828026797865836 0.027375117944452174 -0.0042209132298190429 -0.017192344024810274 0.019532416983221172 -0.017084134733534855 0.0054275641755116254 0.012881834831662293 0.059605774715537574 -0.0016892253023852351 0.014466426702183333 -0.00293625626588524 -0.0061767611889602982 -0.027003127063664829 -0.01998595646592314 0.00085444902335897379 -0.0036127995489087929 -0.018350684153230431 -0.02051488908776913 -0.050986275641400215 -0.0070776233627474552 -0.041599325975808399 -0.001592136513200706 -0.0065553160011987792 0.0081680428445062344 -0.00083219626852709227 -0.00024533793560222215
leaf_weight=9438 1236572 21150 19727 35863 4239 25167 49261 11557 7607 20016 5151 6470 159939 53105 89981 45496 42628 32046 36072 372934 24604 28339 4502 34984 6396 56713 20384 306582 1621490 611587
leaf_count=9438 1236572 21150 19727 35863 4239 25167 49261 11557 7607 20016 5151 6470 159939 53105 89981 45496 42628 32046 36072 372934 24604 28339 4502 34984 6396 56713 20384 306582 1621490 611587
internal_value=-9.5422e-08 0.00625153 0.00364382 -0.00174175 -0.000109736 -0.00264872 -0.00435656 0.00970976 -0.00206448 0.0189216 -0.0128144 0.033915 0.0016682 0.0105133 -0.0079792 -0.0146422 -0.0227032 0.000191147 -0.00894989 0.000335113 0.000707647 0.000827038 0.0010202 -0.0120839 0.00115626 -0.00789972 -0.0149251 0.0012703 0.000395645 0.002564
internal_weight=5e+06 86178 76740 55590 4.91382e+06 520617 457407 63210 359893 38043 97514 18027 220651 60712 139242 93275 47779 4.3932e+06 68118 4.32509e+06 3.95215e+06 3.92755e+06 3.8425e+06 39486 3.80301e+06 85052 26780 3.77623e+06 2.53966e+06 918169
internal_count=5000000 86178 76740 55590 4913822 520617 457407 63210 359893 38043 97514 18027 220651 60712 139242 93275 47779 4393205 68118 4325087 3952153 3927549 3842497 39486 3803011 85052 26780 3776231 2539659 918169
cat_boundaries=0 1 2 3 4 5 6 7
cat_threshold=2144 3145851 2078720 6338 7170 1046528 240
is_linear=0
shrinkage=0.1


Tree=272
num_leaves=31
num_cat=5
split_feature=59 48 55 76 89 72 86 74 0 76 10 89 75 82 73 72 76 73 73 72 85 76 72 85 80 72 74 79 72 14
split_gain=329.605 472.446 809.737 421.219 444.395 364.367 587.962 587.328 854.906 764.424 659.077 592.282 569.069 437.015 428.627 1186.54 1364.42 2562.06 1802.55 1226.35 1238.13 1148.16 1396.63 1137.67 1097.54 1072.8 1065.3 1194.21 1033.65 1093.33
threshold=13.550000190734865 10.250000000000002 7.9500000476837167 0 11.449999809265138 30.90164947509766 3.8500000238418584 149.50000000000003 11.650000095367433 1 22.349999427795414 17.650000572204593 2 1.0500000119209292 134.46669769287112 34.879999160766609 3 138.99334716796878 135.29250335693362 34.549999237060554 1.1500000357627871 4 36.173299789428718 3.3500000238418584 0.84999999403953563 33.670799255371101 119.50000000000001 1.0500000119209292 35.185850143432624 6.6499998569488534
decision_type=10 10 8 1 8 2 8 2 2 1 10 8 1 8 2 2 1 2 2 2 10 1 2 10 8 2 2 8 2 8
left_child=1 5 -3 -4 -5 6 -1 8 13 -9 11 -10 -12 -8 21 16 -16 18 -18 20 26 -7 23 24 28 -22 -20 -28 29 -23
right_child=-2 2 3 4 -6 14 7 9 10 -11 12 -13 -14 -15 15 -17 17 -19 19 -21 25 22 -24 -25 -26 -27 27 -29 -30 -31
leaf_value=0.084172229635389728 0.021044993281752869 -0.032824670717848142 -0.016212899337003525 0.040886747076480559 -0.0022004068742083071 0.0035720362682543447 0.24216842393923022 -0.023528006847442894 -0.0045477060444242502 0.0052374318758476451 -0.040945591089127972 0.021074964567976723 0.0025643449079080951 0.067579552834657247 -0.0021249801160548873 -0.00015638524224748825 0.024666865025406635 0.042503043785536911 0.016922115644295826 0.011793316078862283 0.021952054282865237 -0.0035762630961143614 0.051104404505513235 -0.014872478341779079 -0.0032782605640330137 -0.047750063099336847 -0.067528081676398441 -0.0052734349244217575 0.12000810421983968 0.04147810645105638
leaf_weight=922 7431 11887 8141 3885 6236 305890 168 15984 11643 21868 3113 40068 80228 978 127129 3224670 44772 22986 22038 65508 2757 13563 4660 83969 805944 11092 3344 39227 965 8934
leaf_count=922 7431 11887 8141 3885 6236 305890 168 15984 11643 21868 3113 40068 80228 978 127129 3224670 44772 22986 22038 65508 2757 13563 4660 83969 805944 11092 3344 39227 965 8934
internal_value=-8.61601e-08 -3.14099e-05 -0.0125117 0.000710324 0.0143247 4.44136e-05 0.0045266 0.0041047 0.0071671 -0.00691436 0.00643728 0.0153059 0.000934532 0.0931737 -0.000119402 0.000435129 0.00606423 0.010981 0.00714257 0.00169269 -0.00674077 -0.00173395 -0.00350191 -0.00378054 -0.0026576 -0.0338741 -0.000924722 -0.0101636 0.0186629 0.0143157
internal_weight=5e+06 4.99257e+06 30149 18262 10121 4.96242e+06 174972 174050 136198 37852 135052 51711 83341 1146 4.78745e+06 3.56352e+06 338853 211724 188738 143966 78458 1.22392e+06 918035 913375 829406 13849 64609 42571 23462 22497
internal_count=5000000 4992569 30149 18262 10121 4962420 174972 174050 136198 37852 135052 51711 83341 1146 4787448 3563523 338853 211724 188738 143966 78458 1223925 918035 913375 829406 13849 64609 42571 23462 22497
cat_boundaries=0 1 2 3 4 5
cat_threshold=5504000 3143680 12 1046528 1032192
is_linear=0
shrinkage=0.1


Tree=273
num_leaves=31
num_cat=9
split_feature=79 75 45 80 74 73 77 81 25 72 73 72 73 72 2 28 73 76 75 75 72 76 75 75 59 72 75 0 90 75
split_gain=330.86 957.439 677.604 607.192 441.252 582.694 798.839 578.756 537.877 1933.76 4328.24 3041.59 2000.59 2409.96 1602.01 1213.54 1712.58 1208.27 1123.92 1102.34 1078.78 1070.84 902.616 855.604 849.1 845.566 824.616 881.87 815.707 779.01
threshold=0.35000000894069677 0 1.0000000180025095e-35 -10.949999809265135 352.00000000000006 141.071647644043 17.650000572204593 1.7500000000000002 1.0000000180025095e-35 36.37919998168946 136.54419708251956 35.44585037231446 139.60335540771487 38.316650390625007 19.150000572204593 1.0000000180025095e-35 142.79664611816409 1 2 3 43.364999771118171 4 5 6 4.7500000000000009 34.837501525878913 7 16.349999427795414 1.2500000000000002 8
decision_type=8 1 8 8 2 2 8 8 8 2 2 2 2 2 8 8 2 1 1 1 2 1 1 1 10 2 1 2 10 1
left_child=1 2 -1 -3 8 7 -7 -6 28 10 11 -10 21 18 17 22 -17 25 -14 -13 -18 -11 -15 -23 -24 -12 27 -19 -2 -16
right_child=4 3 -4 -5 5 6 -8 -9 9 12 14 19 13 15 29 16 20 26 -20 -21 -22 23 24 -25 -26 -27 -28 -29 -30 -31
leaf_value=0.017135325194759323 2.8705238212023183e-06 -0.079444269376102369 -0.019619935436193951 0.00025731414915707549 -0.00097659208120088096 -0.027157416051712031 -0.0012202352878882912 -0.013736834070107236 0.0077791551023223722 -0.0071488312827450847 0.019219037384561675 -0.011426303679771096 0.06066898818187897 0.0034291039946858491 0.030171831267841578 -0.00038912300237285935 0.07146233678405306 0.028255631226637896 0.011712862418770949 -0.063542194960762244 0.011268465148621025 -0.010134935746496043 -0.025756577551063631 -0.053034226226893001 0.014308939179342931 0.10599574990040922 0.060446220983392251 -0.084330854682787143 -0.013467839190421308 -0.014712491565605099
leaf_weight=59208 3636946 961 5480 178558 598065 22043 25741 37791 132998 22840 1391 7974 9192 25249 11497 52906 5998 7998 9597 8289 5912 7046 38422 13759 6134 5826 10083 762 45515 5819
leaf_count=59208 3636946 961 5480 178558 598065 22043 25741 37791 132998 22840 1391 7974 9192 25249 11497 52906 5998 7998 9597 8289 5912 7046 38422 13759 6134 5826 10083 762 45515 5819
internal_value=-9.18317e-08 0.0035897 0.0140195 -0.000169334 -0.000184426 -0.0025353 -0.0131852 -0.00173497 0.000210244 0.0037432 0.0108679 0.00278738 -0.00322173 0.00215261 0.0386736 -0.00252984 0.00732324 0.0543391 0.0357018 -0.0380351 0.0415827 -0.0221123 -0.0116787 -0.0385174 -0.0202362 0.0891469 0.0409384 0.0184411 -0.000163627 0.0150975
internal_weight=5e+06 244207 64688 179519 4.75579e+06 683640 47784 635856 4.07215e+06 389692 192637 149261 197055 153410 43376 134621 64816 26060 18789 16263 11910 43645 69805 20805 44556 7217 18843 8760 3.68246e+06 17316
internal_count=5000000 244207 64688 179519 4755793 683640 47784 635856 4072153 389692 192637 149261 197055 153410 43376 134621 64816 26060 18789 16263 11910 43645 69805 20805 44556 7217 18843 8760 3682461 17316
cat_boundaries=0 1 2 3 4 5 6 7 8 9
cat_threshold=6146 130048 7194 6530 8390655 440 4992 4124 1856
is_linear=0
shrinkage=0.1


Tree=274
num_leaves=31
num_cat=3
split_feature=0 5 89 76 77 83 86 75 25 72 89 2 50 8 54 3 86 0 13 11 83 80 0 49 7 77 89 72 75 51
split_gain=333.402 2118.75 1970.38 1611.33 1580.06 1267.6 978.161 935.547 1822.34 1303.52 996.35 897.11 887.742 874.668 1138.11 1104.97 1635.87 1494.62 1679.12 1412 1361.47 1100.92 1086.48 2412.45 1811.63 1491.39 1415.32 1796.41 1312.37 1132.79
threshold=4.4500000476837167 7.8500001430511483 5.8500001430511483 0 6.8500001430511483 6.8500001430511483 8.8499999046325701 1 1.0000000180025095e-35 42.635850906372077 1.0500000119209292 12.050000190734865 3.7500000000000004 10.650000095367433 3.1499999761581425 2.0499999523162846 1.8499999642372134 -0.84999999403953541 3.8500000238418584 8.6500000953674334 2.2500000000000004 2.6499999761581425 -2.1499999761581416 1.6500000357627871 3.6499999761581425 -1.7499999999999998 -0.45000000298023218 42.50835037231446 2 1.7500000000000002
decision_type=2 10 10 1 10 10 10 1 10 2 8 10 10 10 8 8 10 2 8 10 10 10 2 8 10 10 10 2 1 8
left_child=1 2 4 12 5 6 13 8 9 -2 -9 -10 -3 15 -15 16 19 18 -17 20 21 22 24 -24 25 26 -1 -28 -25 -30
right_child=7 3 -4 -5 -6 -7 -8 10 11 -11 -12 -13 -14 14 -16 17 -18 -19 -20 -21 -22 -23 23 28 -26 -27 27 -29 29 -31
leaf_value=-0.0029761306000956724 -0.011974185208952002 0.031483437494896904 0.02599725076913996 -0.044513153133566762 0.051705326382977458 0.040289411904610301 0.075385988759021569 0.02994903477402382 0.04191328351377667 -0.33506675503253941 -0.0002337665478962981 -0.027308594737701898 -0.025797582102650842 0.038048458317567785 -0.054085138848825522 0.074615490221863631 0.015464272377337135 -0.0077483261788686177 -0.043534964777788981 0.027665293455684199 0.0189823527244968 0.025386278047466401 -0.016966200896124904 -0.031557404098631552 0.060173354122553792 0.02715427288274427 0.016569404370993177 0.13142967920007606 -0.012545592588454968 0.0085190602246444959
leaf_weight=287013 121913 40171 29739 3329 5853 7601 1687 10969 9683 125 3733354 2321 2901 10363 1540 4417 69408 264013 1653 17162 31261 13946 139355 11375 5092 19072 8271 1630 33094 111689
leaf_count=287013 121913 40171 29739 3329 5853 7601 1687 10969 9683 125 3733354 2321 2901 10363 1540 4417 69408 264013 1653 17162 31261 13946 139355 11375 5092 19072 8271 1630 33094 111689
internal_value=-8.13614e-08 0.00151836 0.000615486 0.0224403 -0.000106496 -0.000398187 -0.000697852 -0.000439219 -0.00864761 -0.0123051 -0.000145346 0.0285291 0.027619 -0.000822424 0.0261283 -0.00113741 0.000841368 -0.00662036 0.0424404 -0.000653487 -0.00138786 -0.00239778 -0.0030262 -0.00740172 0.00100093 4.73883e-05 -0.0016938 0.0354788 0.0011336 0.00370392
internal_weight=5e+06 1.12164e+06 1.07523e+06 46401 1.0455e+06 1.03964e+06 1.03204e+06 3.87836e+06 134042 122038 3.74432e+06 12004 43072 1.03035e+06 11903 1.01845e+06 748368 270083 6070 678960 661798 630537 616591 295513 321078 315986 296914 9901 156158 144783
internal_count=5000000 1121635 1075234 46401 1045495 1039642 1032041 3878365 134042 122038 3744323 12004 43072 1030354 11903 1018451 748368 270083 6070 678960 661798 630537 616591 295513 321078 315986 296914 9901 156158 144783
cat_boundaries=0 1 2 3
cat_threshold=16646151 2 2048
is_linear=0
shrinkage=0.1


Tree=275
num_leaves=31
num_cat=5
split_feature=74 79 23 77 0 75 12 46 73 75 0 72 76 75 3 89 0 77 10 4 0 72 51 83 72 14 73 23 75 50
split_gain=348.813 370.537 357.193 1244.53 804.186 873.904 716.736 826.038 1599.84 1255.65 854.972 851.974 868.312 701.71 701.374 671.093 663.673 2935.54 2056.93 1740.75 1507.33 1321 1902.09 1186.66 1560.2 1075.11 1034.34 1030.99 1030.58 966.493
threshold=965.50000000000011 5.9500000476837167 3.4500000476837163 5.8500001430511483 12.050000190734865 0 13.449999809265138 1.0000000180025095e-35 142.61585235595706 1 12.449999809265138 43.828350067138679 2 3 -3.8500000238418575 7.4500000476837167 -3.4500000476837154 -3.1499999761581416 0.45000000298023229 -1.0500000119209287 -5.8500001430511466 36.961700439453132 2.8500000238418584 -2.8500000238418575 40.792499542236335 3.4500000476837163 138.41335296630862 -6.5499999523162833 4 1.8499999642372134
decision_type=2 10 10 10 2 1 8 8 2 1 2 2 1 1 10 10 2 10 10 10 2 2 10 10 2 10 2 8 1 8
left_child=2 -2 3 6 -5 -6 7 10 13 -10 15 12 14 -9 -11 16 17 18 19 23 -19 26 -23 25 -25 27 -20 -1 -29 -21
right_child=1 -3 -4 4 5 -7 -8 8 9 11 -12 -13 -14 -15 -16 -17 -18 20 21 29 -22 22 -24 24 -26 -27 -28 28 -30 -31
leaf_value=0.0019086578423198641 -0.0060661551411199319 -0.081605031115245322 -0.00031776416664975877 0.019916129189178983 0.031029736539643644 -0.067047573144358316 0.018714363648181073 0.022794325514362036 0.070274017310085132 -0.2123182080342626 -0.094837200056111515 -0.0026729237384300305 -0.043323180468574668 0.004619412243382426 -0.074777144253196773 0.019515660950310626 -0.0025350150220903463 0.13897768384012632 0.028064336312248118 0.11132863292218219 0.036566063754947233 0.069033767192453022 -0.050923030512092571 -0.0082973587509667848 0.075463437315252346 0.058330705308489994 -0.061685246942969577 -0.0054997736543074731 -0.028175469336387884 -0.0001577964118974379
leaf_weight=70409 75508 655 3954988 50251 1507 2265 22171 40885 980 705 960 2351 2672 44242 782 16554 582882 1630 3315 2063 12149 10008 1523 4673 4243 2560 2096 50472 33253 1248
leaf_count=70409 75508 655 3954988 50251 1507 2265 22171 40885 980 705 960 2351 2672 44242 782 16554 582882 1630 3315 2063 12149 10008 1523 4673 4243 2560 2096 50472 33253 1248
internal_value=-8.84486e-08 -0.00671579 0.000103791 0.00182465 0.0165734 -0.0279589 0.000953691 0.000512567 0.0094532 -0.0348552 -0.000522452 -0.0507112 -0.0779882 0.0133517 -0.139051 -0.000409143 -0.000830645 0.00414549 0.000843848 -0.00248776 0.0486809 0.0340618 0.05319 -0.00392313 0.0315632 -0.00594233 -0.00670098 -0.00700983 -0.0145099 0.0693066
internal_weight=5e+06 76163 4.92384e+06 968849 54023 3772 914826 892655 92617 7490 800038 6510 4159 85127 1487 799078 782524 199642 185863 168921 13779 16942 11531 165610 8916 156694 5411 154134 83725 3311
internal_count=5000000 76163 4923837 968849 54023 3772 914826 892655 92617 7490 800038 6510 4159 85127 1487 799078 782524 199642 185863 168921 13779 16942 11531 165610 8916 156694 5411 154134 83725 3311
cat_boundaries=0 1 2 3 4 5
cat_threshold=920 1072 4194935 4132 4114
is_linear=0
shrinkage=0.1


Tree=276
num_leaves=31
num_cat=2
split_feature=8 17 1 13 73 76 89 21 4 59 77 64 72 72 82 75 11 17 72 74 77 84 80 23 79 49 70 83 85 72
split_gain=334.861 865.569 1152.48 793.352 676.655 1246.94 782.891 715.985 610.227 588.956 557.264 529.963 507.638 548.169 499.791 481.054 462.103 420.118 427.21 572.286 502.275 469.737 446.135 459.057 433.922 420.037 415.082 401.242 396.776 395.368
threshold=-8.6500000953674299 -5.9500000476837149 -10.15000009536743 -6.6499998569488517 143.1933517456055 0 -7.8500001430511466 -12.949999809265135 -10.249999999999998 1.9499999880790713 -10.550000190734862 9.0500001907348651 42.974149703979499 44.835000991821296 0.35000000894069677 1 -13.249999999999998 -0.65000000596046437 43.490848541259773 210.50000000000003 -13.15000009536743 0.75000000000000011 -13.749999999999998 -8.5500001907348615 0.84999999403953563 1.9499999880790713 0.45000000298023229 -8.9499998092651349 4.7500000000000009 43.579198837280281
decision_type=8 10 8 10 2 1 10 8 10 10 10 8 2 2 8 1 8 10 2 2 10 8 10 8 10 10 8 10 8 2
left_child=1 2 3 4 7 -6 10 12 11 29 25 17 -1 15 -9 -14 -16 18 19 20 22 -20 28 -24 -21 27 -15 -7 -3 -5
right_child=-2 8 -4 9 5 6 -8 14 -10 -11 -12 -13 13 26 16 -17 -18 -19 21 24 -22 -23 23 -25 -26 -27 -28 -29 -30 -31
leaf_value=-0.10273176260855924 -9.1055493990938163e-05 -0.025799247476964215 0.010901696347133345 0.025356908187699048 0.0053101687463252053 -0.1797880842155529 0.44726774378990131 -0.11268029465360965 0.0039794468726783291 -0.033964752675315797 0.081107413460893077 0.22449405515036047 -0.12079371338933707 -0.34768696652242431 0.019814525859575917 0.085693658727870881 -0.044941292029902796 0.094557824307982152 0.060743418557224094 0.092265943300479658 0.035522189453091123 -0.14507548539784917 0.10044398157434881 -0.028822861204363087 -0.0017933406020041816 -0.073549776542713524 -0.012509192959365681 0.23286522341271243 -0.12987525137947301 0.13667142931181733
leaf_weight=243 4938967 887 26290 747 1278 1295 24 758 9009 853 121 151 115 54 1562 1445 3742 1111 4062 1330 1822 114 399 882 777 640 117 24 624 557
leaf_count=243 4938967 887 26290 747 1278 1295 24 758 9009 853 121 151 115 54 1562 1445 3742 1111 4062 1330 1822 114 399 882 777 640 117 24 624 557
internal_value=-8.26668e-08 0.0073617 -0.00131616 -0.0249778 -0.0354852 -0.0730103 -0.120038 -0.0196925 0.0237044 0.0306424 -0.127161 0.0383193 0.0326153 0.0516155 -0.0367258 0.0702468 -0.025871 0.0359782 0.0300057 0.0143983 -0.00532061 0.0551248 -0.0319737 0.0114406 0.0575796 -0.140025 -0.118355 -0.17228 -0.0687797 0.0729046
internal_weight=5e+06 61033 39865 13575 11418 3382 2104 8036 21168 2157 2080 12159 1974 1731 6062 1560 5304 12008 10897 6721 4614 4176 2792 1281 2107 1959 171 1319 1511 1304
internal_count=5000000 61033 39865 13575 11418 3382 2104 8036 21168 2157 2080 12159 1974 1731 6062 1560 5304 12008 10897 6721 4614 4176 2792 1281 2107 1959 171 1319 1511 1304
cat_boundaries=0 1 2
cat_threshold=261632 4096
is_linear=0
shrinkage=0.1


Tree=277
num_leaves=31
num_cat=5
split_feature=31 75 23 23 11 72 72 75 5 0 23 17 75 72 86 47 0 76 0 23 1 10 0 5 0 75 10 11 50 23
split_gain=328.813 345.456 1068.08 1012.07 979.002 1099.93 889.917 1080.38 792.088 866.297 1808.14 1080.95 1187 1117.87 1002.09 921.987 899.828 810.099 857.763 802.736 778.031 965.953 951.905 754.524 726.29 724.274 708.19 707.804 934.684 704.203
threshold=8.2500000000000018 0 33.149999618530281 15.650000095367433 7.0499999523162851 40.354150772094734 40.792499542236335 1 31.750000000000004 20.250000000000004 12.449999809265138 16.44999980926514 2 40.239200592041023 17.250000000000004 1.0000000180025095e-35 25.44999980926514 3 28.349999427795414 8.2500000000000018 7.6499998569488534 6.4500000476837167 19.849999427795414 23.250000000000004 15.650000095367433 4 22.44999980926514 11.449999809265138 4.0499999523162851 11.650000095367433
decision_type=10 1 10 8 8 2 2 1 10 2 8 10 1 2 10 10 2 1 2 10 8 8 2 10 2 1 10 8 10 10
left_child=1 3 8 4 5 29 7 -6 9 14 19 12 13 -12 23 17 -15 18 -13 -11 -5 22 -22 -3 -16 -17 -20 28 -9 -1
right_child=-2 2 -4 20 6 -7 -8 27 -10 10 11 15 -14 16 24 25 -18 -19 26 -21 21 -23 -24 -25 -26 -27 -28 -29 -30 -31
leaf_value=0.11054494662059584 -0.013446876589819915 -0.0006065352647074535 0.18719780553046234 0.083528102458536313 0.092302883012603171 0.015695131044211528 -0.001419404225111714 0.020516778039818061 0.077122876789082251 -0.3412683682568699 0.0012312908351537108 0.0046303375471378888 -0.032801036336554991 -0.065391072322076901 0.027949007866047221 -0.047358156329665606 -0.37948449554171454 -0.0091510691798216866 -0.045462352444093322 -0.091314568439429561 -0.080890911563064674 0.00023824704611269377 0.0022566990644564654 0.023574148947870466 0.0052931623171164482 0.018571395869652358 0.003778947512313616 0.0070616310785674421 0.095347598421366586 0.030727704613313884
leaf_weight=2284 18119 2758449 303 1118 1588 16278 114217 12518 1312 142 27328 109161 26675 1528 15521 1766 97 149374 6610 1350 2918 1399302 2607 12965 160163 27213 5233 119793 1926 2142
leaf_count=2284 18119 2758449 303 1118 1588 16278 114217 12518 1312 142 27328 109161 26675 1528 15521 1766 97 149374 6610 1350 2918 1399302 2607 12965 160163 27213 5233 119793 1926 2142
internal_value=-8.03606e-08 4.88254e-05 -0.000544275 0.00121797 0.00681661 0.0277139 0.00508628 0.010557 -0.000561489 -0.000592341 -0.00524845 -0.00478672 -0.0175878 -0.00355898 -2.91448e-05 -0.00240796 -0.08414 -0.00422483 0.00185699 -0.115104 0.00013984 7.34774e-05 -0.0416573 -0.000493415 0.00729472 0.0145437 -0.0237044 0.00958236 0.0304949 0.0719167
internal_weight=5e+06 4.98188e+06 3.30519e+06 1.67669e+06 270746 20704 250042 135825 3.30489e+06 3.30358e+06 356477 354985 55628 28953 2.9471e+06 299357 1625 270378 121004 1492 1.40594e+06 1.40483e+06 5525 2.77141e+06 175684 28979 11843 134237 14444 4426
internal_count=5000000 4981881 3305190 1676691 270746 20704 250042 135825 3304887 3303575 356477 354985 55628 28953 2947098 299357 1625 270378 121004 1492 1405945 1404827 5525 2771414 175684 28979 11843 134237 14444 4426
cat_boundaries=0 1 2 3 4 5
cat_threshold=928 256 1040 1044480 22
is_linear=0
shrinkage=0.1


Tree=278
num_leaves=31
num_cat=7
split_feature=80 0 80 14 73 5 89 1 72 75 23 76 23 80 1 12 75 5 75 14 32 75 24 81 86 75 66 15 36 75
split_gain=322.232 885.395 1064.96 877.2 953.789 786.844 781.804 642.3 840.002 641.955 572.968 2069.77 703.699 1065.5 782.88 1178.12 909.698 662.454 822.181 578.162 805.258 852.397 787.692 706.302 588.773 588.156 569.07 554.869 551.472 540.293
threshold=23.150000572204593 21.849999427795414 20.94999980926514 27.44999980926514 142.9716491699219 25.94999980926514 21.050000190734867 25.150000572204593 40.609199523925788 0 25.349999427795414 1 19.650000572204593 18.050000190734867 13.650000095367433 9.4499998092651385 2 18.94999980926514 3 20.750000000000004 1.0000000180025095e-35 4 1.0000000180025095e-35 1.0000000180025095e-35 17.94999980926514 5 0.55000001192092907 13.050000190734865 1.0000000180025095e-35 6
decision_type=10 2 8 10 2 10 8 10 2 1 10 1 10 10 8 8 1 8 1 10 8 1 2 10 8 1 8 8 8 1
left_child=1 3 -3 5 -5 10 -4 8 -2 -10 12 29 13 26 16 -16 28 -15 -19 20 23 -22 -23 -17 25 -21 -1 -18 -14 -12
right_child=7 2 6 4 -6 -7 -8 -9 9 -11 11 -13 14 17 15 19 27 18 -20 24 21 22 -24 -25 -26 -27 -28 -29 -30 -31
leaf_value=-0.0031581286383525102 0.0044311585642242655 -0.022070479386478634 -0.017810654284860953 0.017234931481238704 -0.044680397919995812 0.018451538475570024 -0.001953712401238174 -0.00037164342057326616 0.040212919090044853 0.0076979995622141256 0.042839177761974503 -0.05306617901412769 -0.0095304712050890313 0.014211486779134253 -0.044350470823566371 -0.0058913545489276695 0.077105106648831523 0.019799276170355543 -0.0027529858906031011 -0.12466173061620794 -0.011475850445547735 0.038933966637047367 0.00075229693488759622 0.013965974453858452 -0.0064554366113423623 -0.02197161041717206 0.00053155579772951858 0.021320195042055755 -0.12209453700329663 0.0083989145039476288
leaf_weight=494588 167413 30105 32857 44897 2634 23307 579065 318479 12419 11905 11426 3646 2724 85886 7474 145242 2252 20599 74968 566 9425 14069 8772 20432 139523 18853 2699794 8562 518 7600
leaf_count=494588 167413 30105 32857 44897 2634 23307 579065 318479 12419 11905 11426 3646 2724 85886 7474 145242 2252 20599 74968 566 9425 14069 8772 20432 139523 18853 2699794 8562 518 7600
internal_value=-6.80103e-08 -0.00027069 -0.00370851 0.000302935 0.0138038 0.000134074 -0.00280515 0.00238135 0.00695412 0.0243187 2.10392e-05 0.0158704 -7.46758e-05 0.000383702 -0.00416389 -0.00505727 0.0189939 0.00783783 0.00210983 -0.00423437 -0.000627629 0.0138253 0.0242598 -0.00344242 -0.00872606 -0.0250402 -3.97202e-05 0.0329069 -0.0274311 0.0290935
internal_weight=5e+06 4.48978e+06 642027 3.84776e+06 47531 3.80023e+06 611922 510216 191737 24324 3.77692e+06 22672 3.75425e+06 3.37584e+06 378412 364356 14056 181453 95567 356882 197940 32266 22841 165674 158942 19419 3.19438e+06 10814 3242 19026
internal_count=5000000 4489784 642027 3847757 47531 3800226 611922 510216 191737 24324 3776919 22672 3754247 3375835 378412 364356 14056 181453 95567 356882 197940 32266 22841 165674 158942 19419 3194382 10814 3242 19026
cat_boundaries=0 1 2 3 4 5 6 7
cat_threshold=672 1048064 6596 1280 2450 2052 224
is_linear=0
shrinkage=0.1


Tree=279
num_leaves=31
num_cat=9
split_feature=29 75 7 33 0 11 75 27 75 33 27 72 73 72 76 24 75 14 75 75 75 2 87 75 73 72 0 73 6 30
split_gain=317.622 916.753 958.693 758.409 615.827 851.764 423.026 404.941 828.025 550.605 520.27 1398.46 4085.49 1971.3 1429.94 1080.12 1066.85 1033.74 1031.98 982.954 949.893 1324.23 945.302 1340.63 894.669 1168.51 780.871 753.183 744.933 676.31
threshold=3.7500000000000004 0 12.650000095367433 0.75000000000000011 16.550000190734867 19.050000190734867 1 4.2500000000000009 2 1.0000000180025095e-35 1.0000000180025095e-35 36.658300399780281 137.86834716796878 35.097499847412116 3 1.0000000180025095e-35 4 20.750000000000004 5 6 7 15.750000000000002 2.2500000000000004 8 139.54000091552737 38.049150466918952 -1.4499999880790708 136.30250549316409 14.050000190734865 1.0000000180025095e-35
decision_type=10 1 10 8 2 8 1 10 1 8 10 2 2 2 1 2 1 10 1 1 1 8 10 1 2 2 2 2 10 8
left_child=7 6 3 -3 5 -4 -2 10 -9 -10 22 12 13 27 18 -16 17 24 28 29 -15 -22 -1 -24 -17 -26 -27 -12 -13 -14
right_child=1 2 4 -5 -6 -7 -8 8 9 -11 11 14 19 20 15 16 -18 -19 -20 -21 21 -23 23 -25 25 26 -28 -29 -30 -31
leaf_value=1.3252059559229654e-06 -0.078068618169021095 -0.0037435793762940852 -0.019323823273614968 0.070699423128880279 -0.00077247182198316746 -0.12123110115534003 -0.024002126311429298 0.00011501728654953004 -0.051838472845117091 -0.0068101087813717169 0.0078159793268970084 -0.02584995413344314 0.038385714339439402 -0.00080708702362701067 -0.0051905152023712193 -0.0027934887741449493 0.001408480597075383 -0.042898217622081569 -0.0069750062056347737 0.030187445224601234 -0.01700491288605286 -0.077450354990354908 -0.0022247319823965445 -0.038873415337135536 0.10228496461265152 -0.010995650336122306 0.042245017960829606 0.041235849243083628 -0.079941064421820501 0.094524806081664692
leaf_weight=4455788 1668 2433 6083 3128 36903 948 10872 22935 6526 4651 106819 14020 3982 26914 69984 5772 37143 1971 46903 29681 19652 4444 29494 15082 2761 3369 15111 7198 3111 4654
leaf_count=4455788 1668 2433 6083 3128 36903 948 10872 22935 6526 4651 106819 14020 3982 26914 69984 5772 37143 1971 46903 29681 19652 4444 29494 15082 2761 3369 15111 7198 3111 4654
internal_value=-8.02013e-08 -0.007111 -0.000988602 0.0381298 -0.00594028 -0.0330641 -0.0312502 8.92534e-05 -0.0107684 -0.0330716 0.000164781 0.00360474 0.00944545 0.0026154 -0.00232932 0.00346845 0.012633 0.0270074 -0.0146514 0.0388618 -0.0137248 -0.0281411 -0.000143635 -0.0146338 0.0321181 0.0416049 0.032539 0.00992581 -0.0356521 0.0685601
internal_weight=5e+06 62035 49495 5561 43934 7031 12540 4.93796e+06 34112 11177 4.90385e+06 403489 203344 165027 200145 136111 66127 28984 64034 38317 51010 24096 4.50036e+06 44576 27013 21241 18480 114017 17131 8636
internal_count=5000000 62035 49495 5561 43934 7031 12540 4937965 34112 11177 4903853 403489 203344 165027 200145 136111 66127 28984 64034 38317 51010 24096 4500364 44576 27013 21241 18480 114017 17131 8636
cat_boundaries=0 1 2 3 4 5 6 7 8 9
cat_threshold=4140 4 978 12550144 3594 3076 3074 5058 2000
is_linear=0
shrinkage=0.1


Tree=280
num_leaves=31
num_cat=8
split_feature=74 72 24 55 72 75 5 75 76 74 76 48 86 76 89 71 91 75 59 23 14 0 75 5 75 89 89 12 0 73
split_gain=330.299 647.279 881.381 480.47 471.397 457.66 591.195 440.455 467.085 772.167 546.287 541.813 439.717 437.27 441.674 412.581 415.171 496.678 405.471 398.525 842.194 1071.53 887.999 754.286 730.532 725.421 687.622 612.873 509.852 506.492
threshold=542.00000000000011 37.145000457763679 1.0000000180025095e-35 7.0499999523162851 37.649148941040046 0 3.8500000238418584 1 2 878.50000000000011 3 0.55000001192092907 -7.1499998569488517 4 19.44999980926514 1.7500000000000002 2.3500000238418584 5 2.6499999761581425 26.250000000000004 24.849999427795414 22.150000572204593 6 32.049999237060554 7 25.349999427795414 23.349999427795414 11.650000095367433 25.44999980926514 141.86750030517581
decision_type=2 2 2 10 2 1 10 1 1 2 1 10 8 1 8 10 10 1 8 10 10 2 1 10 1 10 8 8 2 2
left_child=19 3 7 15 -4 -6 -7 12 -9 11 -11 -10 -3 -13 -15 16 -2 -18 -8 25 21 24 23 28 -21 -1 -22 -27 29 -23
right_child=1 2 4 -5 5 6 18 8 9 10 -12 13 -14 14 -16 -17 17 -19 -20 20 26 22 -24 -25 -26 27 -28 -29 -30 -31
leaf_value=0.00026224687965022885 -0.0019153713559604563 0.099000426119152787 0.0048134079439195619 -0.060268411071217991 -0.022339799925871928 -0.055119389771355547 -0.11028369496410735 -0.019491720930905683 0.016554500194360229 0.064174721399545762 0.0048220210405707543 -0.0019809871018572744 -0.035434641618752635 -0.074001601072135936 -0.016357653800787974 0.0047456072088371964 -0.038349217367589866 -0.0049477006189787903 -0.25638613272087268 0.038967258631366131 -0.025974112144484564 -0.0059098012898893548 -0.0070017438948586424 0.1409663952057271 -0.0085709633044427185 0.052216645998784755 0.0018527986867921493 0.006618797017318722 -0.03824895383634911 -0.13116518634282232
leaf_weight=4121350 153682 252 1416 1365 2060 2367 781 12981 6961 3093 3117 7307 7050 2207 3342 89001 7163 11764 251 7679 9209 9657 124030 266 5577 3013 248670 135989 18066 334
leaf_count=4121350 153682 252 1416 1365 2060 2367 781 12981 6961 3093 3117 7307 7050 2207 3342 89001 7163 11764 251 7679 9209 9657 124030 266 5577 3013 248670 135989 18066 334
internal_value=-9.60251e-08 -0.00312845 -0.0131898 -0.00109362 -0.0466007 -0.0599369 -0.0824148 -0.00822972 -0.00400462 0.00372412 0.0344948 -0.00591653 -0.030753 -0.0180837 -0.0392137 -0.000784861 -0.00363649 -0.0176115 -0.145818 0.000211069 -0.00271463 -0.00827945 -0.0106521 -0.0266258 0.0189901 0.000501889 0.000859084 0.00760717 -0.0282242 -0.0100971
internal_weight=5e+06 316160 53185 262975 6875 5459 3399 46310 39008 26027 6210 19817 7302 12856 5549 261610 172609 18927 1032 4.68384e+06 423488 165609 152353 28323 13256 4.26035e+06 257879 139002 28057 9991
internal_count=5000000 316160 53185 262975 6875 5459 3399 46310 39008 26027 6210 19817 7302 12856 5549 261610 172609 18927 1032 4683840 423488 165609 152353 28323 13256 4260352 257879 139002 28057 9991
cat_boundaries=0 1 2 3 4 5 6 7 8
cat_threshold=1984 6 258058 12583157 2887552 6150 2172 224
is_linear=0
shrinkage=0.1


Tree=281
num_leaves=31
num_cat=4
split_feature=0 80 86 7 4 72 89 83 77 75 72 78 71 72 76 72 73 0 7 48 86 76 77 75 22 73 74 0 73 72
split_gain=324.049 2238.49 1647.17 1358.08 1337.65 1160.56 1060.58 951.388 918.431 873.164 1771.89 1482.01 1415.32 857.574 819.182 924.16 862.667 817.503 1495.01 1436.08 1410.85 1316.64 1127.34 1054.59 1034.49 1017.17 946.268 939.772 922.879 811.291
threshold=1.0500000119209292 1.4499999880790713 2.6499999761581425 7.0499999523162851 5.0499999523162851 34.909999847412116 2.4500000476837163 -1.7499999999999998 1.6500000357627871 0 42.635850906372077 1.0000000180025095e-35 2.8500000238418584 39.857500076293952 1 36.823350906372077 138.41335296630862 -2.4500000476837154 0.84999999403953563 1.5500000119209292 -1.9499999880790708 2 -1.9499999880790708 3 11.84999990463257 136.90335083007815 349.50000000000006 -4.7499999999999991 135.55335235595706 40.420000076293952
decision_type=2 10 10 10 10 2 10 8 10 1 2 8 8 2 1 2 2 2 10 8 10 1 10 1 10 2 2 2 2 2
left_child=1 2 3 4 6 -3 8 -2 17 10 11 -9 -13 -4 15 16 -5 18 20 25 22 -20 -1 24 -21 28 27 -22 -19 -8
right_child=7 5 13 14 -6 -7 29 9 -10 -11 -12 12 -14 -15 -16 -17 -18 19 21 23 26 -23 -24 -25 -26 -27 -28 -29 -30 -31
leaf_value=-0.0041413738040430624 0.032238051367834357 -0.0091410460605093335 0.018142632739674962 0.037028800863732489 0.059431660772217024 0.033691899211994829 0.013538837747776431 -0.0086654610346771962 0.022973678233392698 -6.058959604200642e-05 -0.10632877881611152 0.033601771810077043 -0.020243412860754508 0.068996252484227943 -0.079394914633587194 0.068957522292035806 -0.03557415953788625 -0.0074034561111932032 0.041788858407270403 -0.026399328897455571 0.10874788658618834 -0.021657620540575254 0.031134131287023033 0.0025401364933121898 -0.28262519161915406 -0.018695834967274561 -0.0029527244480732321 0.0303192259024678 0.035525825497502848 0.072230439750753217
leaf_weight=250197 8956 7908 14504 5249 3646 31616 14632 191594 14329 4088778 1766 16723 6894 4299 631 5234 2378 20629 15006 10387 1779 4178 9400 137407 160 103694 7785 10821 6613 2807
leaf_count=250197 8956 7908 14504 5249 3646 31616 14632 191594 14329 4088778 1766 16723 6894 4299 631 5234 2378 20629 15006 10387 1779 4178 9400 137407 160 103694 7785 10821 6613 2807
internal_value=-8.53666e-08 0.00201995 0.000606001 -0.000268631 -0.000958844 0.0251218 -0.0013199 -0.00032092 -0.00203543 -0.000388643 -0.00657027 -0.00575196 0.0178839 0.0297695 0.0311148 0.03657 0.0143921 -0.00265537 0.000975581 -0.00655029 -0.000874837 0.0279816 -0.00286405 0.000200252 -0.0302576 -0.0141782 0.0244572 0.0413926 0.00301763 0.0229859
internal_weight=5e+06 685289 645765 626962 613470 39524 609824 4.31471e+06 592385 4.30576e+06 216977 215211 23617 18803 13492 12861 7627 578056 299166 278890 279982 19184 259597 147954 10547 130936 20385 12600 27242 17439
internal_count=5000000 685289 645765 626962 613470 39524 609824 4314711 592385 4305755 216977 215211 23617 18803 13492 12861 7627 578056 299166 278890 279982 19184 259597 147954 10547 130936 20385 12600 27242 17439
cat_boundaries=0 1 2 3 4
cat_threshold=2 16252943 16252935 2048
is_linear=0
shrinkage=0.1


Tree=282
num_leaves=31
num_cat=4
split_feature=74 48 79 76 52 89 13 83 75 49 5 0 68 85 48 0 72 88 73 91 76 72 49 72 75 1 23 0 80 23
split_gain=345.628 454.009 431.054 387.102 359.712 365.954 355.308 454.437 603.227 367.427 572.223 694.221 365.618 372.086 750.518 551.306 683.377 792.518 918.456 571.051 531.117 504.419 468.001 463.068 408.414 891.574 787.624 701.804 1046.66 805.694
threshold=1099.0000000000002 0.55000001192092907 3.0499999523162846 0 1.7500000000000002 -0.65000000596046437 -10.249999999999998 -13.249999999999998 1 1.7500000000000002 -0.84999999403953541 -3.8500000238418575 0.25000000745058065 0.35000000894069677 1.1500000357627871 13.949999809265138 34.042499542236335 2.6499999761581425 131.83500671386722 2.1499999761581425 2 37.095001220703132 1.0500000119209292 33.418348312377937 3 33.95000076293946 14.550000190734865 23.44999980926514 21.849999427795414 28.050000190734867
decision_type=2 8 8 1 8 8 8 8 1 8 10 2 8 8 10 2 2 8 2 8 1 2 8 2 1 10 10 2 8 10
left_child=6 -2 3 -3 5 -4 7 8 -1 10 -9 -12 -8 14 20 16 17 23 19 -19 21 -14 -20 -16 26 27 -15 29 -29 -26
right_child=1 2 4 -5 -6 -7 12 9 -10 -11 11 -13 13 24 15 -17 -18 18 22 -21 -22 -23 -24 -25 25 -27 -28 28 -30 -31
leaf_value=-0.071427013508120293 0.0086978721295005359 0.0091840567150577399 -0.1477063900107787 -0.019870278467192561 -0.012513888607996911 -0.042520160887726761 -0.0031961743156379537 0.016392448122649162 0.014229344360957366 0.0018275897500337893 0.14456600176263487 0.022749091168581571 0.04410497091989584 0.014547070876811494 -0.01825165676794015 0.0020314788792656986 0.01066870740725203 0.039376639116891342 0.0034484590760794718 -0.060141997598080789 -0.0019066033156965663 -0.0071305192086016144 0.098590813780578171 0.038222191202383272 -0.00027005709360682821 0.19338088652221211 0.0011113520940723317 -0.045924455997160087 -0.0051013777143085869 0.048006097966232335
leaf_weight=1541 10330 8536 353 9890 5139 5249 333983 17674 1748 16665 806 1115 4982 45543 3125 52709 54658 2440 596 755 158939 3128 3901 2712 3022707 237 1039383 6506 181189 3461
leaf_count=1541 10330 8536 353 9890 5139 5249 333983 17674 1748 16665 806 1115 4982 45543 3125 52709 54658 2440 596 755 158939 3128 3901 2712 3022707 237 1039383 6506 181189 3461
internal_value=-8.81937e-08 -0.0093176 -0.0156981 -0.00641641 -0.0316207 -0.0491483 7.41006e-05 0.00951463 -0.0260773 0.012743 0.0220263 0.0738602 -1.77158e-06 0.000230817 0.00371089 0.00971214 0.0156493 0.0357715 0.0568552 0.0158597 -0.000632305 0.0243136 0.0859813 0.00798735 -2.27573e-06 -0.000568562 0.00167534 -0.000582866 -0.00651641 -0.000214844
internal_weight=5e+06 39497 29167 18426 10741 5602 4.9605e+06 39549 3289 36260 19595 1921 4.92095e+06 4.58697e+06 287945 120896 68187 13529 7692 3195 167049 8110 4497 5837 4.29903e+06 3.2141e+06 1.08493e+06 3.21386e+06 187695 3.02617e+06
internal_count=5000000 39497 29167 18426 10741 5602 4960503 39549 3289 36260 19595 1921 4920954 4586971 287945 120896 68187 13529 7692 3195 167049 8110 4497 5837 4299026 3214100 1084926 3213863 187695 3026168
cat_boundaries=0 1 2 3 4
cat_threshold=8389631 4100 129024 896
is_linear=0
shrinkage=0.1


Tree=283
num_leaves=31
num_cat=3
split_feature=22 10 3 15 61 0 75 12 91 72 76 75 89 4 0 7 74 56 89 7 49 53 74 73 48 48 23 0 83 15
split_gain=322.595 464.696 1229.96 718.472 711.132 570.825 591.03 579.575 513.207 612.942 756.822 689.978 644.48 560.385 841.918 451.337 435.13 406.722 398.518 1272.78 1045.97 1508.52 1330.08 1191.14 1142.25 1023.08 890.812 1629.04 1969 1207.37
threshold=-5.3500001430511466 0.84999999403953563 -4.7499999999999991 3.4500000476837163 1.2500000000000002 1.8499999642372134 0 -8.6500000953674299 1.9499999880790713 44.025800704956062 1 2 -10.550000190734862 1.0000000180025095e-35 -2.4500000476837154 -4.7499999999999991 26.500000000000004 2.4500000476837163 8.4499998092651385 14.949999809265138 1.5500000119209292 1.1500000357627871 10.500000000000002 129.97499847412112 2.7500000000000004 1.6500000357627871 7.6499998569488534 16.650000572204593 10.250000000000002 11.84999990463257
decision_type=10 10 8 10 10 2 1 8 10 2 1 1 10 10 2 8 2 8 8 10 8 8 2 2 10 8 8 2 10 8
left_child=1 3 -3 5 15 8 -7 -8 13 11 16 -10 -13 -1 -15 -5 -11 -4 19 20 23 -22 -23 -2 -25 -24 27 28 29 -20
right_child=18 2 17 4 -6 6 7 -9 9 10 -12 12 -14 14 -16 -17 -18 -19 26 -21 21 22 25 24 -26 -27 -28 -29 -30 -31
leaf_value=-0.0029303060166244021 0.059614226111220595 0.10645711137206085 0.024178147585597057 0.34129244380472407 0.019694133424271915 -0.077576542343595067 0.4134084662286247 0.017461606019652267 -0.0054625068799030304 0.038328292115705445 0.0057486286018536437 -0.038205943747094566 0.036187861694778015 0.11730758590027138 0.0075238296616116701 0.11412367257885635 0.10576739461537227 -0.0093126642308476535 0.00064871122084217642 0.020546459391947616 -0.011963245011927208 -0.0072065972156000642 -0.0060196515927155997 -0.0053436687637494588 -0.03313886033500963 0.0076747606717063963 -0.00030607710965653269 -0.078838351252793981 0.02213910573130333 0.015994941088292622
leaf_weight=89555 2762 1504 9771 106 1135 1630 41 376 18826 2102 3756 1336 9071 966 2523 500 1756 5766 453992 24806 83301 108294 65784 453737 15283 319552 3205655 2365 55956 57793
leaf_count=89555 2762 1504 9771 106 1135 1630 41 376 18826 2102 3756 1336 9071 966 2523 500 1756 5766 453992 24806 83301 108294 65784 453737 15283 319552 3205655 2365 55956 57793
internal_value=-9.33349e-08 0.00455605 0.0201079 0.00257354 0.0663938 0.00173139 -0.0506645 0.055071 0.00255712 0.0125456 0.0378176 0.0059633 0.026612 -0.0013985 0.0379197 0.153859 0.0688453 0.0117492 -0.000141702 -0.00184183 -0.0023714 0.000484472 0.00258505 -0.00586378 -0.00624937 0.00533687 0.000341677 0.00398394 0.00432895 0.00238167
internal_weight=5e+06 150720 17041 133679 1741 131938 2047 417 129891 36847 7614 29233 10407 93044 3489 606 3858 15537 4.84928e+06 1.07352e+06 1.04871e+06 576931 493630 471782 469020 385336 3.77576e+06 570106 567741 511785
internal_count=5000000 150720 17041 133679 1741 131938 2047 417 129891 36847 7614 29233 10407 93044 3489 606 3858 15537 4849280 1073519 1048713 576931 493630 471782 469020 385336 3775761 570106 567741 511785
cat_boundaries=0 1 2 3
cat_threshold=6198 11534847 6146
is_linear=0
shrinkage=0.1


Tree=284
num_leaves=31
num_cat=2
split_feature=72 82 83 0 0 4 80 12 83 10 73 75 11 23 73 22 72 2 80 1 86 23 14 75 73 0 43 11 80 74
split_gain=323.387 466.215 389.662 670.058 635.885 891.537 728.058 686.87 591.988 577.34 835.429 677.315 991.903 661.091 526.11 502.095 487.309 475.764 473.42 625.468 803.939 686.228 1083.55 675.117 722.358 1060.23 757.443 551.637 596.217 546.376
threshold=26.891649246215824 7.3500001430511483 28.44999980926514 28.550000190734867 25.150000572204593 28.050000190734867 23.250000000000004 30.44999980926514 25.550000190734867 11.84999990463257 138.67330169677737 0 17.650000572204593 28.650000572204593 143.1933517456055 19.150000572204593 34.369150161743171 29.94999980926514 24.849999427795414 21.750000000000004 21.849999427795414 23.550000190734867 15.650000095367433 1 139.04914855957034 18.44999980926514 1.0000000180025095e-35 11.84999990463257 20.150000572204593 7.5000000000000009
decision_type=2 8 10 2 2 10 8 10 8 8 2 1 10 10 2 8 2 8 10 8 8 8 8 1 2 2 10 8 10 2
left_child=1 -1 4 -4 5 7 -6 18 -8 10 -10 12 13 -11 17 16 -13 -7 19 23 -21 -22 -23 24 25 -2 27 -26 -29 -25
right_child=2 -3 3 -5 6 14 8 -9 9 11 -12 15 -14 -15 -16 -17 -18 -19 -20 20 21 22 -24 29 26 -27 -28 28 -30 -31
leaf_value=0.0152882933158036 0.051794203839060263 0.0010824944336188011 0.017573343390414994 0.0011042947531795108 -0.03150491347103624 0.018949240848456513 -0.01135755657785651 0.012706383174001072 -0.011571944299327445 0.0059967207298390404 0.078527233188896067 -0.20798717911708789 -0.068383224688611216 -0.12066895100288094 -0.058619373834367716 -0.00088337410025909999 -0.036682590503512184 0.10877907729465962 0.0095004176555285123 -0.01294457035506261 0.0018099560439095463 -0.051253667614245393 -0.0054291819685648671 0.0028838813021972993 0.05303066570422485 0.010113193669089143 -0.015306766750737924 0.00086660460879546194 0.015955836401022255 -0.00068278926709722471
leaf_weight=33095 7218 76513 33047 97861 9433 24714 75637 41957 1964 5725 2162 187 3741 444 856 306538 1483 604 50228 79521 211380 5358 139658 499160 2353 39497 20904 117275 33714 3077773
leaf_count=33095 7218 76513 33047 97861 9433 24714 75637 41957 1964 5725 2162 187 3741 444 856 306538 1483 604 50228 79521 211380 5358 139658 499160 2353 39497 20904 117275 33714 3077773
internal_value=-9.94543e-08 0.00537179 -0.000120499 0.00526181 -0.000268538 8.50693e-05 -0.00404685 -2.62598e-05 -0.00339587 -0.00152711 0.0356395 -0.00200916 -0.0277286 -0.00311976 0.0184854 -0.00118125 -0.0558646 0.0210923 -0.000150961 -0.00026546 -0.00385308 -0.00182454 -0.00712229 0.000146322 0.00551052 0.0165534 0.00255027 0.00498459 0.00423585 -0.000185061
internal_weight=5e+06 109608 4.89039e+06 130908 4.75948e+06 4.35217e+06 407314 4.326e+06 397881 322244 4126 318118 9910 6169 26174 308208 1670 25318 4.28404e+06 4.23381e+06 435917 356396 145016 3.79789e+06 220961 46715 174246 153342 150989 3.57693e+06
internal_count=5000000 109608 4890392 130908 4759484 4352170 407314 4325996 397881 322244 4126 318118 9910 6169 26174 308208 1670 25318 4284039 4233811 435917 356396 145016 3797894 220961 46715 174246 153342 150989 3576933
cat_boundaries=0 1 2
cat_threshold=2096 384
is_linear=0
shrinkage=0.1


Tree=285
num_leaves=31
num_cat=6
split_feature=76 72 72 75 48 48 91 73 75 74 74 74 23 9 55 75 73 0 15 72 73 87 61 69 73 75 73 75 72 10
split_gain=321.08 981.983 815.355 797.893 705.855 678.597 656.5 649.801 1259.28 643.378 635.474 805.141 664.485 1259.93 1630.53 1661.95 1357.64 1323.58 1448.36 1681.39 1965.77 1422.27 1336.45 1382.14 1217.17 1097.33 1339.69 1004.85 1378.74 1793.08
threshold=0 45.276649475097663 45.113349914550788 1 10.050000190734865 5.2500000000000009 6.5499999523162851 145.12500000000003 2 13.500000000000002 907.50000000000011 845.50000000000011 5.6499998569488534 9.2500000000000018 2.3500000238418584 3 136.97330474853518 12.250000000000002 13.449999809265138 36.395851135253913 138.8433532714844 1.0000000180025095e-35 2.6499999761581425 2.3500000238418584 136.97330474853518 4 141.45334625244143 5 36.961700439453132 2.6499999761581425
decision_type=1 2 2 1 8 10 10 2 1 2 2 2 8 8 10 1 2 2 8 2 2 8 10 10 2 1 2 1 2 8
left_child=1 4 10 -4 7 6 -5 -1 -9 -7 11 12 13 17 16 -16 -15 18 19 22 21 -21 -2 -24 -20 -14 -27 -22 -29 -30
right_child=2 -3 3 5 -6 9 -8 8 -10 -11 -12 -13 25 14 15 -17 -18 -19 24 20 27 -23 23 -25 -26 26 -28 28 29 -31
leaf_value=0.0014396770064985217 -0.0026999307059352505 -0.029605155926109857 -0.003356601219393936 0.053744504182535013 -0.015360133411125538 -0.053074029977279349 -0.01297207817530221 -0.063284443336784998 0.0060321495005884627 0.022791900369833661 -0.01104114051604908 0.031437744444894902 0.0014096190088809012 0.031754632493404628 -0.028627823116854623 0.0077419641239747693 0.0074386403876252269 -0.11227165462963545 0.062126961432321437 0.036295542598764129 -0.0071752515618240496 -0.010795272334771408 -0.03301213945925615 -0.0042886808929004918 0.0071550526262064767 -0.0024408139929704416 -0.013512892637510413 -0.027937372298465893 0.00071487495590225525 0.018648238693620162
leaf_weight=2034630 143492 10466 12449 9807 25719 1572 1736 4524 6214 3869 59866 7808 710996 40892 17814 42569 52366 1052 6676 27186 117238 8394 36336 31083 10154 1135343 120920 13243 232216 73370
leaf_count=2034630 143492 10466 12449 9807 25719 1572 1736 4524 6214 3869 59866 7808 710996 40892 17814 42569 52366 1052 6676 27186 117238 8394 36336 31083 10154 1135343 120920 13243 232216 73370
internal_value=-8.95094e-08 0.000948771 -0.000676856 0.0158829 0.00110318 0.0299695 0.0437107 0.00131019 -0.0232248 0.000872907 -0.000845568 -0.000629825 -0.000718572 0.00161057 0.00981135 -0.00299119 0.0181008 -0.000188263 -1.96706e-05 -0.000734252 0.00258474 0.0251859 -0.0081563 -0.0197694 0.0289609 -0.00172976 -0.00350651 0.000740639 0.00365154 0.00502061
internal_weight=5e+06 2.08155e+06 2.91845e+06 29433 2.07109e+06 16984 11543 2.04537e+06 10738 5441 2.88901e+06 2.82915e+06 2.82134e+06 854081 153641 60383 93258 700440 699388 682558 471647 35580 210911 67419 16830 1.96726e+06 1.25626e+06 436067 318829 305586
internal_count=5000000 2081553 2918447 29433 2071087 16984 11543 2045368 10738 5441 2889014 2829148 2821340 854081 153641 60383 93258 700440 699388 682558 471647 35580 210911 67419 16830 1967259 1256263 436067 318829 305586
cat_boundaries=0 1 2 3 4 5 6
cat_threshold=261888 496 496 6146 448 1112
is_linear=0
shrinkage=0.1


Tree=286
num_leaves=31
num_cat=7
split_feature=91 73 75 76 48 79 74 60 88 73 72 84 73 75 89 14 51 88 76 73 72 75 7 72 72 76 79 76 21 28
split_gain=310.869 711.881 833.8 650.475 757.862 612.834 587.163 583 520.91 508.001 1264.93 2233.63 868.893 749.551 767.744 710.171 795.999 699.448 1343.37 1357.93 877.274 888.127 853.848 786.906 708.421 698.976 697.895 691.164 673.84 666.116
threshold=0.84999999403953563 130.92164611816409 0 1 1.0500000119209292 0.45000000298023229 59.500000000000007 1.2500000000000002 4.3500001430511483 143.05250549316409 43.652500152587898 1.0000000180025095e-35 143.63079833984378 2 -0.45000000298023218 21.349999427795414 3.8500000238418584 1.8499999642372134 3 144.7174987792969 42.466650009155281 4 -3.4500000476837154 42.731649398803718 43.063348770141609 5 4.0499999523162851 6 26.94999980926514 1.0000000180025095e-35
decision_type=8 2 1 1 10 8 2 8 10 2 2 10 2 1 8 10 10 8 1 2 2 1 8 2 2 1 10 1 10 8
left_child=1 2 -1 7 -5 -6 -4 -3 -7 -2 11 17 15 14 -13 -12 -17 26 19 20 -19 -22 -23 -20 -21 -14 -11 -15 -25 -29
right_child=9 3 6 4 5 8 -8 -9 -10 10 12 13 25 27 -16 16 -18 18 23 24 21 22 -24 28 -26 -27 -28 29 -30 -31
leaf_value=-0.0037128596848387298 -5.5817182639478097e-05 0.013009636030318517 0.010894785520078901 -0.0035782490922349171 0.016886884806936547 0.0025648206463581985 0.034976751190137767 -0.00038469809089306895 -0.022335203826211767 -0.0033807248826607061 -0.0041735152248080385 -0.18510582416622651 -0.0034008500370765575 0.10804074093011605 0.013070983737755166 -0.039241751183812019 -0.23082102089423817 0.077437953869112827 -0.042906637718628675 0.062288429310906682 -0.098188226430895587 -0.1023768061083918 -0.031081798782887839 -0.0054830094580444275 -0.019622856799613425 0.017106144880871615 -0.051933782366788528 -0.0015176579207934774 -0.086889335500658721 0.077332214035605876
leaf_weight=22970 3862543 75976 27199 348721 29754 264727 16128 56782 8677 66674 37618 202 25158 1795 6060 2964 234 473 6847 1183 4491 2089 8576 54900 9824 48976 3098 2369 1036 1956
leaf_count=22970 3862543 75976 27199 348721 29754 264727 16128 56782 8677 66674 37618 202 25158 1795 6060 2964 234 473 6847 1183 4491 2089 8576 54900 9824 48976 3098 2369 1036 1956
internal_value=-9.80047e-08 0.00174103 0.0116915 0.00090028 -0.000399122 0.0032578 0.0198545 0.00728019 0.00177457 -0.000357187 -0.00441988 -0.00985844 0.00369765 0.031053 0.00666754 -0.0080195 -0.0532597 -0.0130406 -0.0188958 -0.0377103 -0.0566728 -0.0608583 -0.0450045 -0.0109059 -0.0108193 0.0101488 -0.00553657 0.0559021 -0.00699075 0.0340638
internal_weight=5e+06 850934 66297 784637 651879 303158 43327 132758 273404 4.14907e+06 286523 171573 114950 12382 6262 40816 3198 159191 89419 26636 15629 15156 10665 62783 11007 74134 69772 6120 55936 4325
internal_count=5000000 850934 66297 784637 651879 303158 43327 132758 273404 4149066 286523 171573 114950 12382 6262 40816 3198 159191 89419 26636 15629 15156 10665 62783 11007 74134 69772 6120 55936 4325
cat_boundaries=0 1 2 3 4 5 6 7
cat_threshold=1856 32512 5568 14680319 7168 2088960 32512
is_linear=0
shrinkage=0.1


Tree=287
num_leaves=31
num_cat=2
split_feature=5 0 16 11 83 51 89 1 77 75 23 55 0 89 0 23 5 3 0 80 90 48 57 72 1 47 80 75 8 10
split_gain=329.823 3486.94 1704.3 1564.91 1725.16 1362.89 1309.03 1446.39 1099.74 1267.59 1131.6 1039.13 936.821 928.757 874.293 862.998 836.326 802.414 800.389 767.632 750.393 746.927 728.682 903.969 846.433 719.038 692.104 645.555 643.537 643.17
threshold=-4.2499999999999991 -6.6499998569488517 0.84999999403953563 -0.84999999403953541 -5.6499998569488517 2.5499999523162846 -5.5499999523162833 -8.6500000953674299 -6.4500000476837149 0 -7.4500000476837149 3.5499999523162846 -8.6500000953674299 -8.9499998092651349 -6.6499998569488517 -10.15000009536743 -2.4500000476837154 -10.249999999999998 -5.8500001430511466 -4.1499998569488517 0.75000000000000011 1.0500000119209292 2.0499999523162846 36.961700439453132 -4.8500001430511466 1.0000000180025095e-35 -6.0499999523162833 1 -3.5499999523162837 -4.3500001430511466
decision_type=10 2 10 10 10 10 10 8 10 1 10 10 2 8 2 8 10 8 2 10 10 8 8 2 8 8 10 1 10 10
left_child=2 5 3 4 6 16 8 -8 9 17 21 18 -10 -3 19 20 -2 29 -5 28 27 26 23 -4 25 -25 -11 -15 -12 -1
right_child=1 13 22 11 -6 -7 7 -9 12 10 14 -13 -14 15 -16 -17 -18 -19 -20 -21 -22 -23 -24 24 -26 -27 -28 -29 -30 -31
leaf_value=0.0096782240493513676 0.047367922132553517 0.046501467222991165 0.012594077400168031 0.093985484110230486 0.014121261599180363 -0.015671530246299595 0.082640001500715418 0.0049279886199139816 0.094828421731435575 -0.038425668656710571 -0.061544066751494868 -0.089111950082450445 0.0046201643380179786 0.036501446866576102 -0.010423379673738726 -0.00029321257162438991 0.10750002841923019 -0.015405425241086299 0.012706025184391446 0.14501626449320174 0.079153484014715725 0.003357740227125212 -0.002260766955004918 0.10488453765262373 0.031628578178612927 -0.13488471109506697 0.099065312238659442 -0.0581510878525398 0.017170033797519274 0.08904556569431693
leaf_weight=12873 6589 4236 4914 3414 55003 2375 2709 20664 1252 9374 16373 476 14304 827 6085 4779559 3564 19536 1878 191 522 13332 4097 4109 3597 129 381 5419 1109 1109
leaf_count=12873 6589 4236 4914 3414 55003 2375 2709 20664 1252 9374 16373 476 14304 827 6085 4779559 3564 19536 1878 191 522 13332 4097 4109 3597 129 381 5419 1109 1109
internal_value=-8.42462e-08 -0.000164532 0.00401119 0.00116558 -0.000530331 0.0525237 -0.00728587 0.013935 -0.0124569 -0.0171679 -0.0277887 0.0524118 0.0118804 -0.000302319 -0.0431159 -0.000343741 0.0684761 -0.00231511 0.0651414 -0.0543723 -0.0360272 -0.0120281 0.0344274 0.0462174 0.0673055 0.0975862 -0.0330557 -0.0456533 -0.0565507 0.0159733
internal_weight=5e+06 4.80309e+06 196909 180063 174295 12528 119292 23373 95919 80363 46845 5768 15556 4.79056e+06 23758 4.78633e+06 10153 33518 5292 17673 6768 23087 16846 12749 7835 4238 9755 6246 17482 13982
internal_count=5000000 4803091 196909 180063 174295 12528 119292 23373 95919 80363 46845 5768 15556 4790563 23758 4786327 10153 33518 5292 17673 6768 23087 16846 12749 7835 4238 9755 6246 17482 13982
cat_boundaries=0 1 2
cat_threshold=18 8
is_linear=0
shrinkage=0.1


Tree=288
num_leaves=31
num_cat=4
split_feature=7 12 0 7 0 7 4 80 50 83 89 53 72 80 23 75 89 81 49 73 75 72 54 89 76 17 75 23 13 91
split_gain=325.815 1694.12 2004.24 1249.87 1218.85 1896.61 1057.74 994.669 990.779 923.774 785.036 692.03 679.623 711.122 639.41 833.881 780.311 770.71 632.626 611.895 647.47 1004.8 613.194 605.305 585.782 568.619 584.574 623.326 590.125 576.867
threshold=-6.6499998569488517 -3.1499999761581416 -7.5499999523162833 -8.6500000953674299 -8.6500000953674299 -3.4500000476837154 -7.5499999523162833 -8.2499999999999982 3.0499999523162846 -6.9500000476837149 -4.9500000476837149 2.4500000476837163 43.138349533081062 -5.4500000476837149 -10.15000009536743 0 -13.15000009536743 3.7500000000000004 2.8500000238418584 143.05250549316409 1 43.063348770141609 3.1499999761581425 -4.4500000476837149 2 -3.5499999523162837 3 -8.5500001907348615 -13.15000009536743 0.84999999403953563
decision_type=8 10 2 10 2 10 10 10 10 10 10 10 2 10 8 1 8 10 10 2 1 2 8 10 1 10 1 10 10 8
left_child=1 2 3 7 5 8 -3 9 23 10 25 -7 -9 -14 15 18 -16 19 -6 20 -17 22 -22 -2 -15 26 29 28 -28 -1
right_child=4 6 -4 -5 14 11 -8 12 -10 -11 -12 -13 13 24 16 17 -18 -19 -20 -21 21 -23 -24 -25 -26 -27 27 -29 -30 -31
leaf_value=0.038177597598686497 0.0089119124241530435 0.078765240353280225 0.016029909822095866 -0.036985308696331251 0.01586518240424694 0.092590903687776033 -0.010300280875814244 -0.0029935443024442067 -0.072884315699029964 0.069777258832748684 0.11871807102469252 0.0094003453671051892 0.054214256039759261 0.39140441997148911 0.067899716556280451 -0.048197136067933799 -0.00018315932865496548 0.38620535433292391 0.18104849065631731 -0.061518203021356889 -0.0090082290755031571 0.06694462751224739 -0.15195824575500305 0.10684531301640354 0.1003812680211156 0.01995901853420089 -0.080592705688007971 -0.066318410002733211 -0.0042598241293609314 -0.017560861372839385
leaf_weight=2405 12051 4843 50418 14591 1111 4366 1840 2039 1462 1412 443 1297 2368 109 1684 3059 4861731 44 293 4550 1552 1824 372 666 225 3836 1242 4533 5488 8146
leaf_count=2405 12051 4843 50418 14591 1111 4366 1840 2039 1462 1412 443 1297 2368 109 1684 3059 4861731 44 293 4550 1552 1824 372 666 225 3836 1242 4533 5488 8146
internal_value=-8.01413e-08 0.00554027 0.00219358 -0.0127006 -0.000117696 0.0246167 0.0542432 -0.00171204 0.0050779 -0.00900377 -0.0132669 0.0735377 0.0405911 0.0734812 -0.000218343 -0.022535 -0.000159585 -0.0314814 0.0499812 -0.0331273 -0.01415 0.0137301 -0.0366472 0.0140408 0.21008 -0.0155464 -0.0217901 -0.0376205 -0.0183468 -0.00485121
internal_weight=5e+06 103938 97255 46837 4.89606e+06 19842 6683 32246 14179 27505 26093 5663 4741 2702 4.87622e+06 12805 4.86342e+06 11401 1404 11357 6807 3748 1924 12717 334 25650 21814 11263 6730 10551
internal_count=5000000 103938 97255 46837 4896062 19842 6683 32246 14179 27505 26093 5663 4741 2702 4876220 12805 4863415 11401 1404 11357 6807 3748 1924 12717 334 25650 21814 11263 6730 10551
cat_boundaries=0 1 2 3 4
cat_threshold=8 2 440 2
is_linear=0
shrinkage=0.1


Tree=289
num_leaves=31
num_cat=7
split_feature=74 75 78 10 62 87 90 8 28 75 0 23 2 77 18 0 11 75 76 75 22 72 44 74 76 1 24 76 25 91
split_gain=322.189 419.379 987.756 845.277 744.604 710.288 626.943 531.119 491.865 679.867 491.14 447.333 428.411 410.783 415.599 401.566 600.674 558.286 475.881 440.419 393.093 383.624 376.179 370.407 609.847 501.741 588.013 515.74 485.812 451.671
threshold=669.00000000000011 0 1.0000000180025095e-35 11.050000190734865 1.4499999880790713 1.0000000180025095e-35 1.0000000180025095e-35 2.2500000000000004 1.0000000180025095e-35 1 12.250000000000002 25.94999980926514 14.050000190734865 8.6500000953674334 -4.2499999999999991 18.44999980926514 14.050000190734865 2 3 4 18.349999427795414 36.436649322509773 1.0000000180025095e-35 684.00000000000011 5 3.2500000000000004 1.0000000180025095e-35 6 1.0000000180025095e-35 1.8499999642372134
decision_type=2 1 10 10 8 10 10 8 8 1 2 10 10 8 10 2 8 1 1 1 10 2 8 2 1 10 2 1 8 8
left_child=-1 7 3 5 -4 6 8 -2 11 -10 22 23 20 14 -9 19 17 -17 -18 -15 -6 -12 -5 24 29 26 28 -27 -25 -3
right_child=1 2 4 10 12 -7 -8 13 9 -11 21 -13 -14 15 -16 16 18 -19 -20 -21 -22 -23 -24 25 -26 27 -28 -29 -30 -31
leaf_value=0.00017292508062478375 0.030700340859412451 -0.028152326230723092 -0.013140954762725213 -0.0046318364387663213 -0.062195201416053919 -0.04318074555981341 -0.049649772134734621 0.1884376155478614 0.055622642095122625 -0.061340691597271672 -0.027492670716784968 -0.31428612161597069 -0.17178260791063724 -0.0056048603492327527 -0.026619569247452318 -0.067715922169821974 0.0077824451278360853 0.017124182757103937 -0.013288654640954321 0.01366849294346523 0.17183954215557506 -0.074624837051433177 -0.071890168964072423 0.015193509877018372 0.0035158882402470228 -0.02398699302062391 -0.08473381914187729 0.0064444701653259126 -0.080855765238257507 -0.1364166468700789
leaf_weight=4778300 5572 926 5689 9430 4255 3766 2345 91 622 2360 4906 44 360 18429 7173 2751 21719 1079 21143 33221 73 2665 912 43848 3062 9078 611 14377 533 660
leaf_count=4778300 5572 926 5689 9430 4255 3766 2345 91 622 2360 4906 44 360 18429 7173 2751 21719 1079 21143 33221 73 2665 912 43848 3062 9078 611 14377 533 660
internal_value=1.65831e-08 -0.00372668 -0.00808849 -0.00504608 -0.0374575 -0.000758145 0.00127794 0.000610066 0.00284683 -0.0369631 -0.0247304 0.00446995 -0.0669663 -0.000977504 -0.0239254 0.000717538 -0.00600329 -0.0439466 -0.00261281 0.00679322 -0.0582478 -0.0440832 -0.010563 0.00466183 -0.0226556 0.00651686 0.0126986 -0.00534117 0.01404 -0.0727469
internal_weight=5e+06 221700 110522 100145 10377 82232 78466 111178 76121 2982 17913 73139 4688 105606 7264 98342 46692 3830 42862 51650 4328 7571 10342 73095 4648 68447 44992 23455 44381 1586
internal_count=5000000 221700 110522 100145 10377 82232 78466 111178 76121 2982 17913 73139 4688 105606 7264 98342 46692 3830 42862 51650 4328 7571 10342 73095 4648 68447 44992 23455 44381 1586
cat_boundaries=0 1 2 3 4 5 6 7
cat_threshold=4032 48 576 1441024 2560 12583420 47194
is_linear=0
shrinkage=0.1


Tree=290
num_leaves=31
num_cat=7
split_feature=90 76 72 3 75 26 75 75 72 2 72 75 19 83 82 82 52 73 75 50 80 1 23 0 80 16 23 0 11 75
split_gain=314.365 584.848 371.066 584.346 921.596 610.425 564.672 560.263 440.341 364.346 384.973 418.431 357.532 402.511 377.917 357.216 956.841 629.388 784.414 499.666 399.112 2189.5 1127.8 901.359 811.888 965.092 846.83 966.381 765.813 747.475
threshold=3.2500000000000004 0 43.847499847412116 14.150000095367433 1 1.2500000000000002 2 3 34.042499542236335 20.849999427795414 35.73249816894532 4 -7.5499999523162833 -10.550000190734862 0.65000000596046459 7.5499999523162851 3.3500000238418584 139.97914886474612 5 3.7500000000000004 12.650000095367433 12.050000190734865 11.650000095367433 17.94999980926514 17.44999980926514 16.250000000000004 17.050000190734867 21.650000572204593 23.750000000000004 6
decision_type=8 1 2 10 1 8 1 1 2 10 2 1 10 8 8 10 8 2 1 10 10 8 8 2 8 10 8 2 10 1
left_child=15 -2 3 5 8 -3 -7 -4 -5 10 -6 -12 -9 14 -14 20 -17 -18 -19 -20 -1 -22 23 -23 25 -24 27 29 -27 -26
right_child=1 2 7 4 9 6 -8 12 -10 -11 11 -13 13 -15 -16 16 17 18 19 -21 21 22 24 -25 26 28 -28 -29 -30 -31
leaf_value=-0.00037928843645219397 -0.013799101622246002 0.0047211194089231247 -0.045318482199419745 -0.023714721651432853 0.025829897669542169 0.062438176697086414 0.0078304471823121471 0.099046215511203475 -0.092403154977341612 -0.0079106088034300148 0.011790538699676509 -0.033930971816020367 -0.53852334154976744 -0.00048044898430461402 -0.034053818000988528 -0.024941950897432907 -0.0088669298739068488 -0.027112004256126289 -0.021225806501043741 0.030241913482414336 0.023171262550633683 0.016013200083170427 0.0011917228501976008 -0.030476440332304278 0.023993587541105293 -0.012368276618200481 0.00072617190570572695 -0.023985328754790557 0.0076195443579330909 0.0055627202812141832
leaf_weight=3315467 46764 17981 4234 2398 8886 4292 3404 364 1528 23277 5962 3001 27 4913 33 20805 28764 3753 2171 14384 45579 67297 171029 4446 38213 138454 940922 7497 22249 51906
leaf_count=3315467 46764 17981 4234 2398 8886 4292 3404 364 1528 23277 5962 3001 27 4913 33 20805 28764 3753 2171 14384 45579 67297 171029 4446 38213 138454 940922 7497 22249 51906
internal_value=1.36887e-09 -0.00491039 0.000267784 0.00276844 -0.00409358 0.0148083 0.0383761 -0.0182116 -0.0503201 0.00033149 0.0110803 -0.00354268 0.0033717 -0.00362444 -0.261065 0.000128042 -0.00697039 0.000648998 0.0141272 0.0234783 0.000231313 0.00159219 0.00091012 0.0131322 0.000270212 -0.00403667 0.00164592 0.0105114 -0.009601 0.0133812
internal_weight=5e+06 127064 80300 70729 45052 25677 7696 9571 3926 41126 17849 8963 5337 4973 60 4.87294e+06 69877 49072 20308 16555 4.80306e+06 1.48759e+06 1.44201e+06 71743 1.37027e+06 331732 1.03854e+06 97616 160703 90119
internal_count=5000000 127064 80300 70729 45052 25677 7696 9571 3926 41126 17849 8963 5337 4973 60 4872936 69877 49072 20308 16555 4803059 1487592 1442013 71743 1370270 331732 1038538 97616 160703 90119
cat_boundaries=0 1 2 3 4 5 6 7
cat_threshold=15695904 4126 3634 3602 960 2496 1432
is_linear=0
shrinkage=0.1


Tree=291
num_leaves=31
num_cat=6
split_feature=74 50 5 13 0 77 89 23 75 0 6 73 76 58 4 23 75 72 83 73 90 16 61 80 0 76 76 75 72 62
split_gain=302.433 376.404 305.07 1519.34 1512.38 1404.97 1160.41 1150.84 1313.21 1085.64 1302.08 763.788 775.786 745.881 739.308 727.271 715.344 687.465 682.484 671.542 1229.4 662.743 662.147 648.236 606.837 595.355 588.689 563.548 771.024 652.749
threshold=1099.0000000000002 0.55000001192092907 -6.6499998569488517 -3.1499999761581416 -7.5499999523162833 -4.7499999999999991 -6.9500000476837149 -8.5500001907348615 0 -8.6500000953674299 -3.8500000238418575 140.92085266113284 1 2.6499999761581425 -10.249999999999998 -10.15000009536743 2 43.490848541259773 -8.9499998092651349 143.05250549316409 1.7500000000000002 0.45000000298023229 4.1499998569488534 -7.3500001430511466 -12.849999904632567 3 4 5 42.974149703979499 16.250000000000004
decision_type=2 8 10 10 2 10 10 8 1 2 10 2 1 10 8 8 1 2 8 2 10 8 8 10 2 1 1 1 2 8
left_child=2 -2 3 4 5 6 7 17 11 10 -4 -9 -13 25 22 16 -11 -1 -17 27 -21 -12 -10 -19 -8 -5 -25 29 -29 -18
right_child=1 -3 9 13 -6 -7 24 8 14 15 21 12 -14 -15 -16 18 19 23 -20 20 -22 -23 -24 26 -26 -27 -28 28 -30 -31
leaf_value=-0.022601518577575828 0.0076566748987671462 -0.014536549323263244 0.0039508680511082693 -0.010513966280491373 0.014877617234032307 0.16582067844455817 0.13506705332511812 0.035324923875017733 -0.0075975538231339264 0.045145360163774122 0.07891905153122776 -0.039724166434477091 -0.11375632966630721 -0.0069478563930899856 -0.03972465862080593 0.030587964909127369 -0.034857677488548414 0.0075584119686680652 -0.00010607047340018927 -0.067714726213176105 0.34314470287110355 -0.068394371093925807 0.079438809128613147 0.23698509706219634 0.020947983567530987 0.051841643254383507 0.031337368749198506 -0.037453496797955572 0.054978378686465358 -0.28518944648956812
leaf_weight=9894 10359 29138 8015 1766 38493 442 523 595 5622 1332 4622 2441 3486 3722 7589 7255 2932 12124 4823335 4604 74 327 1035 227 4273 11634 365 1603 2065 108
leaf_count=9894 10359 29138 8015 1766 38493 442 523 595 5622 1332 4622 2441 3486 3722 7589 7255 2932 12124 4823335 4604 74 327 1035 227 4273 11634 365 1603 2065 108
internal_value=-4.75794e-10 -0.00871586 6.93978e-05 0.00542231 6.9579e-05 -0.0116551 -0.0132834 -0.0184441 -0.0354393 -4.54926e-05 0.0288541 -0.0725716 -0.0835256 0.0326546 -0.0183758 -0.000122848 -0.0240047 -0.00283345 -5.99715e-05 -0.0321057 -0.0612155 0.0691855 0.00593446 0.0125476 0.0333926 0.0436546 0.114725 -0.0118531 0.0145439 -0.0436076
internal_weight=5e+06 39497 4.9605e+06 104231 87109 48616 48174 43378 20768 4.85627e+06 12964 6522 5927 17122 14246 4.84331e+06 12718 22610 4.83059e+06 11386 4678 4949 6657 12716 4796 13400 592 6708 3668 3040
internal_count=5000000 39497 4960503 104231 87109 48616 48174 43378 20768 4856272 12964 6522 5927 17122 14246 4843308 12718 22610 4830590 11386 4678 4949 6657 12716 4796 13400 592 6708 3668 3040
cat_boundaries=0 1 2 3 4 5 6
cat_threshold=2052 521984 8 7860224 497 2
is_linear=0
shrinkage=0.1


Tree=292
num_leaves=31
num_cat=2
split_feature=86 0 80 54 73 86 0 89 72 6 1 86 0 86 8 75 16 20 80 9 75 73 23 72 83 83 7 0 5 89
split_gain=302.352 369.729 854.771 676.876 572.201 530.192 528.599 673.146 497.503 493.668 505.126 663.171 593.562 1535.88 1320.09 1199.56 899.499 864.189 839.15 793.798 1199.36 692.496 673.341 659.252 664.861 656.187 1498 988.333 2599.1 2070.66
threshold=33.149999618530281 29.750000000000004 29.44999980926514 1.6500000357627871 144.04920196533206 29.550000190734867 27.250000000000004 27.650000572204593 26.286649703979496 29.349999427795414 24.349999427795414 22.849999427795414 18.94999980926514 18.849999427795414 23.849999427795414 0 26.250000000000004 16.849999427795414 18.150000572204593 22.550000190734867 1 141.24000549316409 7.8500001430511483 43.063348770141609 19.050000190734867 16.050000190734867 18.550000190734867 11.84999990463257 16.050000190734867 12.050000190734865
decision_type=10 2 10 8 2 10 2 10 2 10 8 10 2 8 10 1 10 8 8 10 1 2 8 2 8 10 8 2 10 10
left_child=1 2 5 -3 -5 6 7 8 -1 10 11 12 14 21 16 -16 25 -17 -15 22 -21 -14 -20 -24 -25 27 -27 28 29 -10
right_child=-2 3 -4 4 -6 -7 -8 -9 9 -11 -12 -13 13 18 15 17 -18 -19 19 20 -22 -23 23 24 -26 26 -28 -29 -30 -31
leaf_value=0.009065791884044553 0.015240719329930864 0.0012893575786036334 0.019198210083770911 -0.013348638100896443 -0.19657002949232116 0.015365132872809183 -0.0058396399416525821 0.014712538522324939 -0.00039481037565325741 0.0090172702664522569 -0.0042912502395623968 0.0060869785055539145 -0.01176400978051044 -0.020337802058915885 0.0054149212541667298 0.055843379040343082 0.019045580394105813 0.011438604835075132 -0.16841073285514063 -0.0030812628223660702 -0.030553127529398816 -0.036723305833738611 0.0010442075521370836 -0.027047527813009172 0.019457832898660321 0.0096075237083629653 -0.0052397600460202445 -0.0035816052150915226 0.026555539677544118 0.018281630807118261
leaf_weight=60044 12983 64777 23309 52964 171 22361 153667 31404 2084136 58676 284787 175000 63745 22151 36687 10322 24896 7617 231 227682 17075 13464 352367 3388 33185 194775 104367 764767 37898 61104
leaf_count=60044 12983 64777 23309 52964 171 22361 153667 31404 2084136 58676 284787 175000 63745 22151 36687 10322 24896 7617 231 227682 17075 13464 352367 3388 33185 194775 104367 764767 37898 61104
internal_value=3.98335e-08 -3.96371e-05 9.43539e-05 -0.00557272 -0.0139383 2.46149e-06 -6.87584e-05 0.000121143 2.23517e-05 -9.62517e-05 -0.000214567 5.95827e-05 -0.000200228 -0.00277559 0.000367469 0.0157847 0.000110074 0.0369683 -0.0012056 -0.000537074 -0.00499916 -0.0161165 0.00226921 0.00237059 0.0151497 -3.51094e-05 0.00442749 -0.000487956 0.000595768 0.000137161
internal_weight=5e+06 4.98702e+06 4.8691e+06 117912 53135 4.8458e+06 4.82344e+06 4.66977e+06 4.63836e+06 4.57832e+06 4.51964e+06 4.23486e+06 4.05986e+06 733288 3.32657e+06 54626 3.27194e+06 17939 656079 633928 244757 77209 389171 388940 36573 3.24705e+06 299142 2.9479e+06 2.18314e+06 2.14524e+06
internal_count=5000000 4987017 4869105 117912 53135 4845796 4823435 4669768 4638364 4578320 4519644 4234857 4059857 733288 3326569 54626 3271943 17939 656079 633928 244757 77209 389171 388940 36573 3247047 299142 2947905 2183138 2145240
cat_boundaries=0 1 2
cat_threshold=4712 1986
is_linear=0
shrinkage=0.1


Tree=293
num_leaves=31
num_cat=4
split_feature=74 74 74 72 73 74 79 88 72 76 48 79 72 80 76 82 74 73 74 27 74 90 75 85 82 76 86 48 77 91
split_gain=315.469 1245.08 880.085 996.917 810.478 1375.53 813.781 812.198 834.439 921.975 972.755 875.469 826.308 801.831 942.034 1305.31 797.795 1904.37 960.289 782.135 828.261 764.011 767.049 710.024 842.851 708.343 1073.4 703.464 699.28 690.913
threshold=249.50000000000003 273.50000000000006 316.00000000000006 37.670000076293952 137.86834716796878 352.00000000000006 3.0499999523162846 1.7500000000000002 33.215848922729499 0 2.0499999523162846 1.1500000357627871 34.837501525878913 12.250000000000002 1 0.94999998807907116 234.50000000000003 140.32749938964847 232.50000000000003 1.0000000180025095e-35 370.50000000000006 1.0000000180025095e-35 2 2.3500000238418584 3.8500000238418584 3 -5.2499999999999991 4.0499999523162851 9.0500001907348651 1.6500000357627871
decision_type=2 2 2 2 2 2 8 8 2 1 10 10 2 8 1 10 2 2 2 10 2 8 1 8 10 1 10 10 8 8
left_child=16 23 -3 4 6 25 7 -4 28 -10 11 -11 -13 14 15 -8 18 -18 -1 20 -7 22 -5 24 -2 -6 -27 -28 -9 -20
right_child=1 2 3 21 5 19 13 8 9 10 -12 12 -14 -15 -16 -17 17 -19 29 -21 -22 -23 -24 -25 -26 26 27 -29 -30 -31
leaf_value=0.00034550924141431251 -0.0078150700111188198 0.0071401660891279714 0.01362609727673543 -0.017402140023696919 0.0075242837384340696 -0.020598500854392854 -0.016553403907761787 0.044110732591607332 0.0039841852033209056 -0.0051539372699382123 -0.061315221595037876 -0.0052156581802119909 -0.084630689169499632 -0.0043474540918470653 -0.0078551344074187981 -0.078423430344751577 0.0016839363385823154 0.045639762924420513 0.010136901208441584 0.017040591264947374 0.0013909021435316721 -0.029614475396922347 -0.0010722159003798424 -0.022188878413323634 0.047304841167024006 0.086263078776858987 0.031433399119243699 -0.066037556149830562 0.0036973302189819562 -0.040743282639957669
leaf_weight=3843117 54836 132814 45924 43441 12186 18286 8841 5738 32457 25611 4775 2337 2982 194448 23342 5551 39524 13131 3698 29702 270799 16234 85119 41373 2922 3759 9794 801 16868 9590
leaf_count=3843117 54836 132814 45924 43441 12186 18286 8841 5738 32457 25611 4775 2337 2982 194448 23342 5551 39524 13131 3698 29702 270799 16234 85119 41373 2922 3759 9794 801 16868 9590
internal_value=3.02069e-08 -0.00150356 -0.000435516 -0.00160683 -7.29261e-05 0.00340872 -0.00333232 0.00278918 -0.00269376 -0.00821544 -0.019301 -0.0128211 -0.0497382 -0.00693621 -0.0202764 -0.0403886 0.000419651 0.0126456 0.00025272 0.00158768 -3.20911e-08 -0.00917288 -0.00659161 -0.0121894 -0.00502653 0.0252823 0.0403248 0.0240644 0.0139553 -0.0265835
internal_weight=5e+06 1.09094e+06 991809 858995 714201 345327 368874 136692 90768 68162 35705 30930 5319 232182 37734 14392 3.90906e+06 52655 3.8564e+06 318787 289085 144794 128560 99131 57758 26540 14354 10595 22606 13288
internal_count=5000000 1090940 991809 858995 714201 345327 368874 136692 90768 68162 35705 30930 5319 232182 37734 14392 3909060 52655 3856405 318787 289085 144794 128560 99131 57758 26540 14354 10595 22606 13288
cat_boundaries=0 1 2 3 4
cat_threshold=1048064 510 58 2096128
is_linear=0
shrinkage=0.1


Tree=294
num_leaves=31
num_cat=5
split_feature=80 75 0 83 52 73 3 16 51 76 80 0 86 15 72 11 75 73 23 6 23 76 15 0 0 75 71 23 89 72
split_gain=297.729 377.735 354.503 733.018 505.129 734.172 469.944 460.999 454.604 415.797 409.111 605.183 586.548 493.725 450.028 445.945 576.405 448.664 440.975 434.064 541.826 769.445 1077.38 1400.77 845.443 836.003 769.083 620.237 580.206 540.968
threshold=32.649999618530281 0 28.94999980926514 29.650000572204593 1.6500000357627871 141.24000549316409 32.049999237060554 10.84999990463257 4.5499999523162851 1 27.050000190734867 26.050000190734867 25.849999427795414 11.449999809265138 26.286649703979496 12.449999809265138 2 136.82834625244143 24.750000000000004 28.050000190734867 22.550000190734867 3 15.750000000000002 17.750000000000004 22.150000572204593 4 2.2500000000000004 24.050000190734867 21.750000000000004 43.138349533081062
decision_type=10 1 2 10 8 2 10 8 10 1 10 2 10 8 2 10 1 2 10 10 10 1 8 2 2 1 8 10 10 2
left_child=2 -2 3 6 -4 -6 10 -7 -9 -8 11 12 14 -12 -1 17 -17 -13 -19 20 28 22 23 -22 27 29 -23 -24 -16 -25
right_child=1 -3 4 -5 5 7 9 8 -10 -11 13 15 -14 -15 19 16 -18 18 -20 -21 21 26 24 25 -26 -27 -28 -29 -30 -31
leaf_value=0.0093993905942873941 0.1249366639194307 0.011872641649530558 0.0019236988614502615 0.021887973819267156 -0.0077090386674552426 0.35457849701245631 0.089242129046631175 -0.045096285974256106 -0.15562392462420072 0.016579545718705898 0.10915427828934401 -0.01683867318285821 0.009926516050395023 0.0062724312011479353 -0.00011747175251753211 -0.0049471216818957331 -0.029354679322199713 0.085582405438377515 -0.011964210828226145 0.0079150211099921399 0.041936666430452747 -0.003193472070890289 0.0027136828391226019 -0.041995142545173815 -0.00044773579670715885 -0.0083032158475365211 -0.014571591733911588 0.025684136620628718 0.006074679190771419 -0.11614574516413466
leaf_weight=50219 292 14405 68608 15411 92029 27 943 2685 432 4633 469 1313 60164 85875 3745447 178379 10222 1573 657 66211 3201 184261 20802 8148 100896 9187 87672 27028 157692 1119
leaf_count=50219 292 14405 68608 15411 92029 27 943 2685 432 4633 469 1313 60164 85875 3745447 178379 10222 1573 657 66211 3201 184261 20802 8148 100896 9187 87672 27028 157692 1119
internal_value=2.42217e-08 0.0142121 -4.18739e-05 0.000113545 -0.00461722 -0.00933242 4.37243e-05 -0.056851 -0.0604148 0.0290579 1.00233e-05 -0.000114913 0.00011864 0.00683126 -1.36091e-05 -0.00561151 -0.00627181 0.0295375 0.0568433 -0.000120759 -0.000243199 -0.00356027 0.00170899 -0.0191304 0.00474339 -0.029723 -0.00686156 0.0156939 0.000132699 -0.050894
internal_weight=5e+06 14697 4.9853e+06 4.82152e+06 163781 95173 4.80611e+06 3144 3117 5576 4.80054e+06 4.71419e+06 4.52205e+06 86344 4.46188e+06 192144 188601 3543 2230 4.41166e+06 4.34545e+06 442314 170381 21655 148726 18454 271933 47830 3.90314e+06 9267
internal_count=5000000 14697 4985303 4821522 163781 95173 4806111 3144 3117 5576 4800535 4714191 4522047 86344 4461883 192144 188601 3543 2230 4411664 4345453 442314 170381 21655 148726 18454 271933 47830 3903139 9267
cat_boundaries=0 1 2 3 4 5
cat_threshold=64 237568 1984 784384 104
is_linear=0
shrinkage=0.1


Tree=295
num_leaves=31
num_cat=3
split_feature=74 72 78 66 72 79 73 73 79 91 73 80 82 73 77 26 23 73 55 76 75 2 74 86 13 85 73 76 48 57
split_gain=292.501 546.171 681.772 462.096 458.284 410.15 396.112 1462.85 593.648 474.26 598.24 508.023 445.385 649.823 439.991 415.885 406.172 386.086 381.455 374.296 374.227 553.918 421.42 374.686 366.857 356.994 349.752 476.72 618.527 571.871
threshold=542.00000000000011 37.145000457763679 1.0000000180025095e-35 6.3500001430511483 37.649148941040046 6.3500001430511483 137.88999938964847 138.22084808349612 0.84999999403953563 3.0499999523162846 138.34999847412112 12.050000190734865 2.2500000000000004 138.45999908447268 22.650000572204593 0.75000000000000011 4.8500001430511483 138.79664611816409 9.6500000953674334 0 1 3.4500000476837163 733.00000000000011 -10.849999904632567 4.4500000476837167 3.3500000238418584 137.36500549316409 2 1.6500000357627871 1.5500000119209292
decision_type=2 2 8 8 2 10 2 2 8 10 2 8 10 2 8 8 10 2 10 1 1 10 2 8 8 10 2 1 8 10
left_child=-1 3 20 5 -4 6 14 8 -8 10 -9 12 13 16 -2 -14 -12 -11 25 -6 23 22 -22 -3 -5 -10 -16 29 -29 -28
right_child=1 2 4 24 19 -7 7 9 18 17 11 -13 15 -15 26 -17 -18 -19 -20 -21 21 -23 -24 -25 -26 -27 27 28 -30 -31
leaf_value=0.00019877698566391194 0.0028029318986461174 0.23638426774266091 0.0034486077938095348 -0.0091744974513498292 -0.097024204926023719 -0.052055349223928508 0.075510791912783787 -0.016617134154935043 0.020987189558683634 -0.053826325694036038 0.084158907603425703 -0.0025748119940693964 -0.014640304841875632 0.011653555995352692 -0.020340266152970934 0.12270997920801546 0.02467691526708491 -0.0070494209890347315 -0.24122351657664565 -0.03645769331391676 -0.0051042850635040216 -0.0093546216441943459 0.043961555154402115 -0.025252517647342793 -0.066928999354928576 -0.012225391540701614 0.0026020531409396645 -0.008511852180852977 -0.063489107760535943 0.067697744054649317
leaf_weight=4683840 44575 55 1479 2708 1729 1535 1839 19718 32440 3140 2290 57214 5906 15965 22032 229 2302 4028 57 2581 3184 28884 3888 11385 1852 3595 14999 22820 2248 1483
leaf_count=4683840 44575 55 1479 2708 1729 1535 1839 19718 32440 3140 2290 57214 5906 15965 22032 229 2302 4028 57 2581 3184 28884 3888 11385 1852 3595 14999 22820 2248 1483
internal_value=6.18065e-08 -0.00294386 -0.012186 -0.00107469 -0.0445822 -0.000517849 -0.000209884 0.00313886 0.0200888 -0.00266416 -0.00094339 0.00273996 0.0141321 0.0211888 -0.00481463 -0.00951346 0.0543402 -0.0275404 0.0172649 -0.0610643 -0.00822912 -0.00321216 0.0218708 -0.0239737 -0.0326309 0.0176738 -0.010155 -0.00475427 -0.0134366 0.00845404
internal_weight=5e+06 316160 53185 262975 5789 258415 256880 148723 37931 110792 103624 83906 26692 20557 108157 6135 4592 7168 36092 4310 47396 35956 7072 11440 4560 36035 63582 41550 25068 16482
internal_count=5000000 316160 53185 262975 5789 258415 256880 148723 37931 110792 103624 83906 26692 20557 108157 6135 4592 7168 36092 4310 47396 35956 7072 11440 4560 36035 63582 41550 25068 16482
cat_boundaries=0 1 2 3
cat_threshold=2095104 4102 261632
is_linear=0
shrinkage=0.1


Tree=296
num_leaves=31
num_cat=5
split_feature=75 0 47 72 83 72 4 15 54 72 75 73 16 0 3 80 72 81 49 16 7 51 2 0 75 73 75 17 12 76
split_gain=288.611 899.503 984.668 1091.04 983.643 876.349 848.437 824.498 795.865 786.236 740.501 726.597 717.956 698.329 1742.44 1184.29 1062.03 1697.86 1400.87 2147.56 1809.49 1567.9 1487.77 1371.98 1306.86 1144.63 1063.9 1280.55 997.286 994.055
threshold=0 15.84999990463257 1.0000000180025095e-35 35.906650543212898 17.750000000000004 40.00164985656739 20.250000000000004 19.94999980926514 0.35000000894069677 35.121698379516609 1 139.29000091552737 16.550000190734867 2.8500000238418584 6.0499999523162851 3.2500000000000004 37.095001220703132 1.7500000000000002 2.2500000000000004 19.750000000000004 18.250000000000004 1.7500000000000002 20.44999980926514 21.150000572204593 2 140.60749816894534 3 15.250000000000002 8.4499998092651385 4
decision_type=1 2 10 2 8 2 8 10 8 2 1 2 8 2 10 10 2 8 10 10 10 8 8 2 1 2 1 10 10 1
left_child=13 2 6 10 5 7 8 -3 9 12 -4 -5 -2 14 15 -1 25 18 19 20 -18 29 24 -23 -21 -15 27 -22 -16 -20
right_child=1 4 3 11 -6 -7 -8 -9 -10 -11 -12 -13 -14 16 28 -17 17 -19 21 22 26 23 -24 -25 -26 -27 -28 -29 -30 -31
leaf_value=0.00023744561079513404 -0.022108746655317243 0.0047014422929795427 -0.03836222385133263 0.024496217699929129 0.00026390243349739564 -0.019262451506422366 0.030469951762993542 -0.014028791380100686 0.0032711869138293383 0.021253273535241309 0.032363764105542106 -0.0059930143816075265 0.019720214218884386 -0.00069751377738373537 0.052151152020756181 0.019024037513542882 -0.014635542991010018 -0.034632374482156683 -0.0070296367234561541 0.066694629930738408 0.067594541435137934 0.0062405643891299727 -0.12759557181057257 -0.059175336289972562 -0.013957105557641424 0.03163277182653082 -0.020315138792635926 -0.0094493815170409098 -0.024522909091874861 -0.044841185712376892
leaf_weight=795483 9409 58429 13860 9403 1653993 48608 12834 39316 559281 49198 1652 46320 7277 1184467 10071 35033 203844 19920 21830 6931 6292 169352 537 3268 2829 11053 3986 3283 2040 10201
leaf_count=795483 9409 58429 13860 9403 1653993 48608 12834 39316 559281 49198 1652 46320 7277 1184467 10071 35033 203844 19920 21830 6931 6292 169352 537 3268 2829 11053 3986 3283 2040 10201
internal_value=2.89356e-08 0.000756872 0.00377324 -0.00737775 -0.000431401 -0.0082893 0.00501829 -0.00283243 0.0044958 0.0148913 -0.0308339 -0.000848097 -0.00386655 -0.000762637 0.00157904 0.00102991 -0.0019601 -0.00608767 -0.00477252 -0.0101689 -0.0122824 0.00123169 0.0344551 0.00500213 0.0433712 -0.000398609 0.0230885 0.0411354 0.039236 -0.0190878
internal_weight=5e+06 2.50958e+06 709234 71235 1.80035e+06 146353 637999 97745 625165 65884 15512 55723 16686 2.49042e+06 842627 830516 1.64779e+06 452273 432353 227702 217405 204651 10297 172620 9760 1.19552e+06 13561 9575 12111 32031
internal_count=5000000 2509580 709234 71235 1800346 146353 637999 97745 625165 65884 15512 55723 16686 2490420 842627 830516 1647793 452273 432353 227702 217405 204651 10297 172620 9760 1195520 13561 9575 12111 32031
cat_boundaries=0 1 2 3 4 5
cat_threshold=5150 2080 1024 1024 14843649
is_linear=0
shrinkage=0.1


Tree=297
num_leaves=31
num_cat=5
split_feature=23 83 0 72 76 82 72 76 72 75 72 0 89 72 86 23 18 14 80 14 74 75 3 72 15 82 73 76 60 12
split_gain=283.097 443.735 725.556 1199.2 413.579 433.008 539.158 378.532 385.595 368.297 675.525 983.895 840.782 797.972 764.17 901.325 762.039 659.253 743.873 660.51 654.9 587.449 997.364 794.862 556.2 545.726 784.72 533.508 772.581 795.94
threshold=-5.2499999999999991 -1.9499999880790708 -3.4500000476837154 43.579198837280281 0 1.0000000180025095e-35 43.704198837280281 1 36.436649322509773 2 34.495000839233406 7.2500000000000009 4.4500000476837167 34.549999237060554 8.4499998092651385 7.6499998569488534 20.849999427795414 -1.4499999880790708 -1.7499999999999998 5.2500000000000009 428.00000000000006 3 18.849999427795414 39.857500076293952 17.550000190734867 6.9500000476837167 139.17414855957034 4 3.4500000476837163 7.2500000000000009
decision_type=10 10 2 2 1 8 2 1 2 1 2 2 10 2 10 8 10 10 8 10 2 1 10 2 10 10 2 1 8 8
left_child=1 4 3 -3 -1 6 -6 8 -4 10 16 12 13 -12 20 24 17 -2 19 -19 -13 22 23 -17 -16 26 27 -20 29 -29
right_child=9 2 7 -5 5 -7 -8 -9 -10 -11 11 14 -14 -15 15 21 -18 18 25 -21 -22 -23 -24 -25 -26 -27 -28 28 -30 -31
leaf_value=0.0083049257999908959 0.029050850072105089 0.031035227016612515 0.050809196848258555 0.18010484933019863 -0.0046185645328826437 -0.0015317727806378359 -0.1041385085932552 0.017875074406444053 -0.029834319669751683 0.00034224543106957833 -0.057505288978601056 -0.013440997809595848 0.0080276524743828209 -0.0026325599353742685 0.019283862256423163 -0.022744830796688955 -0.025313961891539144 0.0044306431576449151 0.0069615055788227395 0.079360071589832271 -0.044171763482351578 -0.0025349210679877598 -0.28792108217994239 -0.31622037815470855 -0.086876328574462314 -0.022737018096261601 0.053981024495517331 -0.0095663574439881893 -0.012312034615552381 0.0082587273856059972
leaf_weight=59623 9441 2863 711 665 1303 72013 935 12942 3570 3730393 2663 90383 80737 550258 18566 12065 9784 2368 117555 2338 7511 33435 146 93 507 8947 2913 36649 49468 79155
leaf_count=59623 9441 2863 711 665 1303 72013 935 12942 3570 3730393 2663 90383 80737 550258 18566 12065 9784 2368 117555 2338 7511 33435 146 93 507 8947 2913 36649 49468 79155
internal_value=2.09507e-08 0.0042122 0.0178188 0.0591337 0.00210312 -0.00287762 -0.0461964 0.00935579 -0.0164025 -0.000134397 -0.00172909 -0.00328602 -0.00150491 -0.00289684 -0.0102226 -0.00180004 0.00216231 0.00303277 0.00221232 0.0416565 -0.0157988 -0.0094152 -0.0280868 -0.0249897 0.0164619 0.00158242 0.0023439 0.00181206 -0.00185096 0.00261754
internal_weight=5e+06 154625 20751 3528 133874 74251 2238 17223 4281 4.84538e+06 1.11498e+06 796364 633658 552921 162706 64812 318618 308834 299393 4706 97894 45739 12304 12158 19073 294687 285740 282827 165272 115804
internal_count=5000000 154625 20751 3528 133874 74251 2238 17223 4281 4845375 1114982 796364 633658 552921 162706 64812 318618 308834 299393 4706 97894 45739 12304 12158 19073 294687 285740 282827 165272 115804
cat_boundaries=0 1 2 3 4 5
cat_threshold=4321311 4976640 14 6 1571840
is_linear=0
shrinkage=0.1


Tree=298
num_leaves=31
num_cat=4
split_feature=74 76 75 4 66 73 73 72 72 23 73 1 73 73 91 72 73 80 24 49 1 75 74 89 72 75 88 21 72 11
split_gain=290.658 537.394 1659.96 2195.39 1672.22 976.038 1109.24 1150.9 1047.24 1079.58 984.566 943.616 894.137 888.729 919.07 1428.46 1137.39 1742.34 1019.26 934.29 887.99 1187.4 1074.09 879.865 821.345 1701.04 859.606 801.851 790.338 789.905
threshold=52.500000000000007 0 1 22.849999427795414 5.0499999523162851 144.04920196533206 142.35585021972659 40.420000076293952 42.100000381469734 23.050000190734867 129.97499847412112 -0.84999999403953541 130.45335388183597 144.96915435791018 1.9499999880790713 31.834149360656742 130.76249694824222 15.650000095367433 1.0000000180025095e-35 1.4499999880790713 12.050000190734865 2 514.00000000000011 16.250000000000004 33.322500228881843 3 0.65000000596046459 17.250000000000004 32.093299865722663 11.84999990463257
decision_type=2 1 1 10 10 2 2 2 2 10 2 8 2 2 10 2 2 8 2 10 8 1 2 8 2 1 8 10 2 8
left_child=-1 2 3 4 5 6 7 10 -8 11 -2 -10 23 14 15 -14 17 19 24 -17 -12 29 -23 -3 25 26 -16 -15 -18 -22
right_child=1 12 -4 -5 -6 -7 8 -9 9 -11 20 -13 13 27 18 16 28 -19 -20 -21 21 22 -24 -25 -26 -27 -28 -29 -30 -31
leaf_value=0.00085552662272234863 -0.052982500163436919 0.038299270927824584 -0.0011243746195064891 -0.0098462987827127538 -0.033969812231269818 -0.028457273427430815 -0.20341059735131473 -0.01482530010044251 0.43184224297991025 -0.043683780713169695 0.043759558952752881 0.050056413793879366 0.019943931091957884 0.062227466320584048 0.027525717546650785 -0.049100796095710969 0.02437763882826911 -0.0040336607812486392 0.0077870281888487939 -0.1478399764652564 0.011024207920686854 0.030882388459202048 -0.00097299152280782132 0.0049052819050856445 -0.007080237749902428 -0.010459037243537183 -0.084262608703908032 -0.043599740713892582 -0.0012845660881705557 -0.021782640703564629
leaf_weight=2213357 1906 10063 609875 46217 6690 4555 172 11524 65 1284 13320 16030 32014 3731 784 5851 12098 13827 43368 1146 26134 51843 13300 36539 289466 18100 5610 886 1500040 10205
leaf_count=2213357 1906 10063 609875 46217 6690 4555 172 11524 65 1284 13320 16030 32014 3731 784 5851 12098 13827 43368 1146 26134 51843 13300 36539 289466 18100 5610 886 1500040 10205
internal_value=2.50418e-08 -0.000679477 0.00148398 0.0093105 0.0149494 0.0171263 0.0185505 0.0153234 0.0421285 0.0445586 0.0183004 0.0515983 -0.00157085 -0.00190188 -0.00200713 -0.000962303 -0.0013989 -0.0246104 -0.0065831 -0.0652727 0.0194839 0.0162976 0.0243749 0.0121162 -0.00856808 -0.0261511 -0.0704455 0.0419193 -0.00107925 0.00181064
internal_weight=5e+06 2.78664e+06 813120 203245 157028 150338 145783 128232 17551 17379 116708 16095 1.97352e+06 1.92692e+06 1.9223e+06 1.56498e+06 1.53296e+06 20824 357328 6997 114802 101482 65143 46602 313960 24494 6394 4617 1.51214e+06 36339
internal_count=5000000 2786643 813120 203245 157028 150338 145783 128232 17551 17379 116708 16095 1973523 1926921 1922304 1564976 1532962 20824 357328 6997 114802 101482 65143 46602 313960 24494 6394 4617 1512138 36339
cat_boundaries=0 1 2 3 4
cat_threshold=520192 112 16 6146
is_linear=0
shrinkage=0.1


Tree=299
num_leaves=31
num_cat=6
split_feature=60 75 73 48 53 73 24 75 6 76 72 76 0 14 49 63 75 73 2 15 86 59 7 65 88 85 82 75 13 86
split_gain=284.887 452.141 344.267 330.117 1318.41 619.115 427.636 375.718 361.526 359.965 342.423 543.24 459.262 687.448 379.839 370.619 788.26 1247.91 887.737 737.176 661.431 599.041 523.788 519.914 520.697 927.654 665.463 698.295 850.413 799.459
threshold=12.949999809265138 0 141.42920684814456 8.6500000953674334 6.7500000000000009 139.44834899902347 1.0000000180025095e-35 1 -0.45000000298023218 2 30.90164947509766 3 12.650000095367433 16.550000190734867 3.3500000238418584 4.3500001430511483 4 141.81670379638675 20.94999980926514 3.0499999523162846 -1.4499999880790708 5.2500000000000009 17.44999980926514 5.0499999523162851 2.3500000238418584 5.7500000000000009 0.35000000894069677 5 0.84999999403953563 -3.8500000238418575
decision_type=10 1 2 10 8 2 2 1 8 1 2 1 2 10 8 10 1 2 10 10 10 10 10 10 10 10 8 1 8 8
left_child=3 2 -2 10 7 6 -6 8 -5 -7 11 -1 13 -13 -15 21 17 18 -17 20 -18 23 -19 24 25 -12 -26 -28 29 -29
right_child=1 -3 -4 4 5 9 -8 -9 -10 -11 15 12 -14 14 -16 16 19 22 -20 -21 -22 -23 -24 -25 26 -27 27 28 -30 -31
leaf_value=-0.0036034747751399819 0.020747853592092007 -0.0042320471186067278 0.078302979407308168 -0.0020613993542947478 -0.014523667061194928 0.0019934305616415046 0.020283883481528552 -0.015946821456546505 -0.052940617037101373 0.02755593996150231 0.0013237088592261829 0.026883403086887775 0.0072647732499849923 0.20336631186162243 -0.023143614674367572 -0.002985141654497897 0.0024249235341170369 -0.026640289414850415 -0.051499892098058379 -0.0025522230677425773 0.022834597193228123 -0.0073249075526546654 -0.10382558310915475 -0.0080897340897165999 0.016140766319290119 -0.012110707466353281 -0.0064220672897505942 -0.017070819023604186 -0.0015213255356322916 0.015725622400016182
leaf_weight=55306 3286 4923 1520 1721 20657 11340 4257 11239 7408 10718 3208682 3620 108036 363 93 108909 52743 23747 3907 283524 22718 103048 913 71011 20379 52235 259813 8672 483205 52007
leaf_count=55306 3286 4923 1520 1721 20657 11340 4257 11239 7408 10718 3208682 3620 108036 363 93 108909 52743 23747 3907 283524 22718 103048 913 71011 20379 52235 259813 8672 483205 52007
internal_value=2.02194e-08 0.0170954 0.03887 -3.33089e-05 -0.00698751 0.0022264 -0.00857618 -0.0282363 -0.0433014 0.0144277 6.18166e-05 0.00450677 0.0085072 0.0414592 0.15717 -9.46682e-05 -0.00268037 -0.00911903 -0.00466529 -0.000214383 0.00856938 0.000206737 -0.029498 0.000393484 0.000540951 0.00110851 -0.00170491 -0.00215742 -0.000120075 0.0110385
internal_weight=5e+06 9729 4806 4.99027e+06 67340 46972 24914 20368 9129 22058 4.92293e+06 167418 112112 4076 456 4.75551e+06 496461 137476 112816 358985 75461 4.25905e+06 24660 4.156e+06 4.08499e+06 3.26092e+06 824076 803697 543884 60679
internal_count=5000000 9729 4806 4990271 67340 46972 24914 20368 9129 22058 4922931 167418 112112 4076 456 4755513 496461 137476 112816 358985 75461 4259052 24660 4156004 4084993 3260917 824076 803697 543884 60679
cat_boundaries=0 1 2 3 4 5 6
cat_threshold=7170 6150 14153728 16678912 2088 6210
is_linear=0
shrinkage=0.1


end of trees

feature_importances:
Column_75=1123
Column_72=957
Column_0=677
Column_76=646
Column_73=615
Column_23=496
Column_74=380
Column_48=266
Column_1=141
Column_86=134
Column_89=127
Column_91=109
Column_88=108
Column_82=106
Column_80=102
Column_85=100
Column_83=96
Column_12=95
Column_79=91
Column_8=90
Column_11=88
Column_13=88
Column_71=85
Column_9=84
Column_10=81
Column_6=79
Column_49=76
Column_2=74
Column_7=71
Column_24=70
Column_4=69
Column_5=68
Column_90=68
Column_14=63
Column_3=62
Column_87=60
Column_16=58
Column_22=56
Column_15=54
Column_50=54
Column_81=54
Column_27=49
Column_84=49
Column_26=44
Column_28=44
Column_77=44
Column_25=40
Column_17=37
Column_78=36
Column_51=35
Column_53=35
Column_47=33
Column_21=32
Column_70=31
Column_29=30
Column_52=30
Column_30=28
Column_31=24
Column_54=24
Column_56=23
Column_33=21
Column_55=20
Column_57=20
Column_18=19
Column_20=18
Column_59=18
Column_68=18
Column_32=16
Column_34=16
Column_35=15
Column_61=14
Column_65=14
Column_69=14
Column_19=13
Column_45=13
Column_46=13
Column_64=13
Column_66=13
Column_58=12
Column_60=12
Column_39=11
Column_40=11
Column_67=10
Column_36=9
Column_37=9
Column_44=8
Column_62=8
Column_41=7
Column_42=7
Column_43=7
Column_38=6
Column_63=6

parameters:
[boosting: gbdt]
[objective: regression]
[metric: l2]
[tree_learner: serial]
[device_type: cpu]
[data_sample_strategy: bagging]
[data: ]
[valid: ]
[num_iterations: 300]
[learning_rate: 0.1]
[num_leaves: 31]
[num_threads: 0]
[seed: 0]
[deterministic: 0]
[force_col_wise: 0]
[force_row_wise: 0]
[histogram_pool_size: -1]
[max_depth: -1]
[min_data_in_leaf: 20]
[min_sum_hessian_in_leaf: 0.001]
[bagging_fraction: 1]
[pos_bagging_fraction: 1]
[neg_bagging_fraction: 1]
[bagging_freq: 0]
[bagging_seed: 3]
[bagging_by_query: 0]
[feature_fraction: 1]
[feature_fraction_bynode: 1]
[feature_fraction_seed: 2]
[extra_trees: 0]
[extra_seed: 6]
[early_stopping_round: 0]
[early_stopping_min_delta: 0]
[first_metric_only: 0]
[max_delta_step: 0]
[lambda_l1: 0]
[lambda_l2: 0]
[linear_lambda: 0]
[min_gain_to_split: 0]
[drop_rate: 0.1]
[max_drop: 50]
[skip_drop: 0.5]
[xgboost_dart_mode: 0]
[uniform_drop: 0]
[drop_seed: 4]
[top_rate: 0.2]
[other_rate: 0.1]
[min_data_per_group: 100]
[max_cat_threshold: 32]
[cat_l2: 10]
[cat_smooth: 10]
[max_cat_to_onehot: 4]
[top_k: 20]
[monotone_constraints: ]
[monotone_constraints_method: basic]
[monotone_penalty: 0]
[feature_contri: ]
[forcedsplits_filename: ]
[refit_decay_rate: 0.9]
[cegb_tradeoff: 1]
[cegb_penalty_split: 0]
[cegb_penalty_feature_lazy: ]
[cegb_penalty_feature_coupled: ]
[path_smooth: 0]
[interaction_constraints: ]
[verbosity: -1]
[saved_feature_importance_type: 0]
[use_quantized_grad: 0]
[num_grad_quant_bins: 4]
[quant_train_renew_leaf: 0]
[stochastic_rounding: 1]
[linear_tree: 0]
[max_bin: 255]
[max_bin_by_feature: ]
[min_data_in_bin: 3]
[bin_construct_sample_cnt: 200000]
[data_random_seed: 1]
[is_enable_sparse: 1]
[enable_bundle: 1]
[use_missing: 1]
[zero_as_missing: 0]
[feature_pre_filter: 1]
[pre_partition: 0]
[two_round: 0]
[header: 0]
[label_column: ]
[weight_column: ]
[group_column: ]
[ignore_column: ]
[categorical_feature: 75,76]
[forcedbins_filename: ]
[precise_float_parser: 0]
[parser_config_file: ]
[objective_seed: 5]
[num_class: 1]
[is_unbalance: 0]
[scale_pos_weight: 1]
[sigmoid: 1]
[boost_from_average: 1]
[reg_sqrt: 0]
[alpha: 0.9]
[fair_c: 1]
[poisson_max_delta_step: 0.7]
[tweedie_variance_power: 1.5]
[lambdarank_truncation_level: 30]
[lambdarank_norm: 1]
[label_gain: ]
[lambdarank_position_bias_regularization: 0]
[eval_at: ]
[multi_error_top_k: 1]
[auc_mu_weights: ]
[num_machines: 1]
[local_listen_port: 12400]
[time_out: 120]
[machine_list_filename: ]
[machines: ]
[gpu_platform_id: -1]
[gpu_device_id: -1]
[gpu_device_id_list: ]
[gpu_use_dp: 0]
[num_gpu: 1]

end of parameters

pandas_categorical:null
