tree
version=v4
num_class=1
num_tree_per_iteration=1
label_index=0
max_feature_idx=91
objective=regression
feature_names=Column_0 Column_1 Column_2 Column_3 Column_4 Column_5 Column_6 Column_7 Column_8 Column_9 Column_10 Column_11 Column_12 Column_13 Column_14 Column_15 Column_16 Column_17 Column_18 Column_19 Column_20 Column_21 Column_22 Column_23 Column_24 Column_25 Column_26 Column_27 Column_28 Column_29 Column_30 Column_31 Column_32 Column_33 Column_34 Column_35 Column_36 Column_37 Column_38 Column_39 Column_40 Column_41 Column_42 Column_43 Column_44 Column_45 Column_46 Column_47 Column_48 Column_49 Column_50 Column_51 Column_52 Column_53 Column_54 Column_55 Column_56 Column_57 Column_58 Column_59 Column_60 Column_61 Column_62 Column_63 Column_64 Column_65 Column_66 Column_67 Column_68 Column_69 Column_70 Column_71 Column_72 Column_73 Column_74 Column_75 Column_76 Column_77 Column_78 Column_79 Column_80 Column_81 Column_82 Column_83 Column_84 Column_85 Column_86 Column_87 Column_88 Column_89 Column_90 Column_91
feature_infos=[-29.600000381469727:38.5] [-30.299999237060547:39.599998474121094] [-31.799999237060547:38.299999237060547] [-30.600000381469727:38] [-28.399999618530273:39.099998474121094] [-28.399999618530273:39] [-29.100000381469727:39.200000762939453] [-29.600000381469727:39.400001525878906] [-28.700000762939453:39.400001525878906] [-29.299999237060547:39.799999237060547] [-28.200000762939453:38.799999237060547] [-28.100000381469727:38.299999237060547] [-29.700000762939453:38.799999237060547] [-29.700000762939453:38.700000762939453] [-30.200000762939453:39.200000762939453] [-29.399999618530273:39.299999237060547] [-30.799999237060547:38.299999237060547] [-29.899999618530273:38.599998474121094] [-29.700000762939453:38.099998474121094] [-27.700000762939453:39.400001525878906] [-28:39.299999237060547] [-28:38.099998474121094] [-27.399999618530273:39] [-26.799999237060547:39.200000762939453] [0:148] [0:92.5] [0:123.5] [0:84] [0:65] [0:76.5] [0:68.5] [0:73.5] [0:88] [0:67] [0:80] [0:89] [0:71.5] [0:68.5] [0:84] [0:66.5] [0:56] [0:67.5] [0:93.5] [0:67] [0:63] [0:67.5] [0:73.5] [0:79] [0:29.299999237060547] [0:28.299999237060547] [0:30.299999237060547] [0:32.700000762939453] [0:31.600000381469727] [0:31.700000762939453] [0:32.5] [0:28.600000381469727] [0:28.399999618530273] [0:28.700000762939453] [0:28.200000762939453] [0:29.200000762939453] [0:30.799999237060547] [0:28.100000381469727] [0:27] [0:27.799999237060547] [0:32] [0:31.100000381469727] [0:32.599998474121094] [0:32.400001525878906] [0:29.899999618530273] [0:29.799999237060547] [0:29.299999237060547] [0:29.899999618530273] [24.055000305175781:45.520000457763672] [122.97830200195312:145.75830078125] [-3:1350] -1:7:12:8:1:3:5:10:11:6:9:4:2 -1:20:17:4:1:14:10:16:3:2:7:9:18:21:8:19:13:12:5:22:23:6:0:11:15 [-27.399999618530273:37.599998474121094] [0:98.5] [0:23.600000381469727] [-28.799999237060547:39] [0:72] [0:22.5] [-26.100000381469727:38.599998474121094] [0:78.5] [0:22.200000762939453] [-27.899999618530273:38.900001525878906] [0:62.5] [0:22.399999618530273] [-25.5:38] [0:55.5] [0:34.5]
tree_sizes=3049 3131 3138 3114 3129 3144 3119 3105 3118 3099 3106 3120 3128 3117 3127 3116 3119 3120 3137 3106 3141 3120 3137 3161 3165 3155 3180 3133 3170 3154 3177 3209 3187 3206 3170 3168 3203 3175 3177 3185 3180 3190 3200 3213 3207 3183 3227 3196 3196 3243 3228 3227 3173 3254 3260 3247 3225 3208 3154 3195 3152 3204 3215 3242 3263 3251 3188 3204 3232 3201 3169 3215 3214 3196 3190 3190 3263 3225 3220 3254 3209 3266 3177 3264 3202 3189 3198 3231 3228 3328 3298 3224 3219 3220 3199 3289 3201 3194 3263 3220 3198 3213 3201 3249 3189 3231 3241 3200 3229 3224 3206 3217 3207 3215 3188 3300 3206 3221 3210 3265 3273 3204 3222 3263 3231 3207 3242 3181 3258 3225 3223 3220 3171 3256 3255 3207 3202 3193 3214 3242 3246 3250 3202 3260 3225 3198 3318 3251 3274 3250 3198 3261 3201 3203 3216 3228 3245 3207 3196 3199 3279 3200 3221 3233 3285 3181 3157 3220 3219 3202 3263 3248 3259 3251 3206 3348 3212 3280 3181 3228 3224 3222 3211 3202 3208 3188 3245 3203 3234 3191 3199 3198 3238 3283 3201 3216 3284 3246 3149 3217 3183 3239 3290 3221 3227 3204 3179 3219 3290 3205 3224 3224 3241 3207 3113 3171 3220 3214 3274 3227 3180 3179 3211 3242 3218 3165 3236 3219 3196 3225 3253 3194 3198 3234 3298 3211 3131 3224 3211 3222 3164 3236 3167 3152 3209 3214 3179 3244 3133 3223 3343 3190 3130 3328 3168 3178 3189 3209 3219 3246 3224 3306 3234 3129 3159 3210 3235 3156 3207 3200 3168 3231 3203 3147 3146 3168 3183 3201 3223 3186 3086 3207 3146 3169 3174 3239 3134 3210 3167 3201 3254 3150 3093 3223 3255 3153 3119 3180 3240 3283

Tree=0
num_leaves=31
num_cat=6
split_feature=12 12 12 11 12 12 12 0 12 12 12 12 0 12 12 12 12 0 0 0 76 76 0 0 76 75 75 76 0 0
split_gain=3.22607e+08 4.48151e+07 4.20103e+07 8.34187e+06 6.64997e+06 6.22635e+06 5.93701e+06 1.39641e+06 1.18306e+06 1.13261e+06 1.04113e+06 867804 850885 818636 803885 693262 595224 475995 318575 275128 266299 265428 257581 256988 244483 216301 214259 209824 199598 191587
threshold=12.84999990463257 3.4500000476837163 21.150000572204593 -2.8500000238418575 26.150000572204593 8.2500000000000018 17.150000572204593 5.0499999523162851 -7.5499999523162833 29.44999980926514 23.44999980926514 0.45000000298023229 12.250000000000002 10.650000095367433 15.050000190734865 19.250000000000004 5.8500001430511483 -0.25000000745058054 14.34999990463257 16.550000190734867 0 1 10.84999990463257 -3.0499999523162837 2 3 4 5 11.449999809265138 9.4499998092651385
decision_type=10 8 10 8 10 8 10 2 10 10 10 10 2 8 10 10 10 2 2 2 1 1 2 2 1 1 1 1 2 2
left_child=1 3 6 8 10 12 14 11 23 -6 -4 -5 16 18 25 -8 -3 -10 20 27 29 -18 -9 -1 -13 -2 -16 28 -15 -7
right_child=2 5 4 7 9 13 15 22 17 -11 -12 24 -14 19 26 -17 21 -19 -20 -21 -22 -23 -24 -25 -26 -27 -28 -29 -30 -31
leaf_value=10.88733938158429 13.080858982602614 12.284820132642105 14.029285465520019 11.735995825605249 14.511293146902435 12.290827225721435 13.624799281578158 12.101663148064315 11.346624017264 14.849910211439338 14.255804944137838 11.859913103412595 12.684771147418108 12.420527777600519 13.494125240109186 13.822759546170772 12.345652751765027 11.699232801437418 12.942952329113085 13.151261291083884 12.775442942535765 12.560007808680787 12.348388040941918 11.299390699878753 12.071458353526914 13.252697188757796 13.337081142127145 12.984078981273985 12.864624848458945 12.649463697456575
leaf_weight=61795 106149 276189 405814 258677 300173 20053 366824 151600 142548 147226 405809 84108 117444 12784 173131 341690 84000 52341 77875 74941 199145 186792 58698 20046 160673 236327 174602 196055 48574 57917
leaf_count=61795 106149 276189 405814 258677 300173 20053 366824 151600 142548 147226 405809 84108 117444 12784 173131 341690 84000 52341 77875 74941 199145 186792 58698 20046 160673 236327 174602 196055 48574 57917
internal_value=13.1401 12.2844 13.8941 11.7734 14.3132 12.6588 13.5169 11.9541 11.3073 14.6227 14.1425 11.8637 12.4406 12.8698 13.3082 13.7203 12.3881 11.4413 12.7643 12.9826 12.714 12.4935 12.1705 10.9883 11.9987 13.1994 13.4153 12.9335 12.7722 12.5573
internal_weight=5e+06 2.34226e+06 2.65774e+06 990486 1.25902e+06 1.35177e+06 1.39872e+06 713756 276730 447399 811623 503458 664425 687344 690209 708514 546981 194889 354990 332354 277115 270792 210298 81841 244781 342476 347733 257413 61358 77970
internal_count=5000000 2342255 2657745 990486 1259022 1351769 1398723 713756 276730 447399 811623 503458 664425 687344 690209 708514 546981 194889 354990 332354 277115 270792 210298 81841 244781 342476 347733 257413 61358 77970
cat_boundaries=0 1 2 3 4 5 6
cat_threshold=1047552 1047552 2096128 6158 992 523264
is_linear=0
shrinkage=1


Tree=1
num_leaves=31
num_cat=6
split_feature=12 12 12 12 12 12 12 12 11 12 0 12 12 12 12 76 0 0 0 12 0 0 0 75 75 76 75 75 12 0
split_gain=2.6135e+08 3.7464e+07 3.29226e+07 7.08838e+06 5.08107e+06 4.99257e+06 4.9625e+06 1.11608e+06 1.10436e+06 901253 738816 734793 707790 590487 560653 552083 478625 429821 409431 354784 347734 263647 256133 223842 219215 194242 184097 178148 171505 155999
threshold=13.050000190734865 3.6499999761581425 21.44999980926514 -2.5499999523162837 8.6500000953674334 17.44999980926514 26.650000572204593 0.84999999403953563 -6.6499998569488517 23.94999980926514 11.250000000000002 30.050000190734867 15.550000190734865 11.050000190734865 19.550000190734867 0 3.0499999523162846 8.6500000953674334 -0.84999999403953541 6.2500000000000009 6.2500000000000009 -1.6500000357627866 15.34999990463257 1 2 3 4 5 -10.349999904632567 21.050000190734867
decision_type=10 8 10 10 8 10 10 10 8 10 2 10 10 8 10 1 2 2 2 10 2 2 2 1 1 1 1 1 10 2
left_child=1 3 5 8 10 12 9 16 21 27 15 -8 24 22 26 20 -5 -9 -10 -17 -3 28 25 -15 -2 -6 -7 -4 -1 -11
right_child=2 4 6 7 13 14 11 17 18 29 -12 -13 -14 23 -16 19 -18 -19 -20 -21 -22 -23 -24 -25 -26 -27 -28 -29 -30 -31
leaf_value=-2.1417921000337334 0.17659677031295096 -1.0491558896874584 0.87098070780072379 -1.2551518811232203 -0.48822661556422747 0.5161204456242543 1.2768390385931438 -0.9780124331626262 -1.5929310291487813 0.94026244461557029 -0.41495722505959903 1.5782378891827049 0.28471735884105581 -0.21450177653729019 0.64077254187839239 -0.69089165417883769 -1.0109351029173987 -0.7004359862012105 -1.2866796039196096 -0.49461143071715469 -0.7245237590010104 -1.5487847997846229 -0.13371127688090492 -0.04097629129325514 0.023793318141207748 -0.29889034951343779 0.36886905545514148 0.72358673629103998 -1.8521671007929115 1.0833075876906268
leaf_weight=33664 155048 44703 324584 240322 72841 236058 272559 287881 128137 105201 158193 115023 318097 130026 342022 182391 120482 69194 66211 186003 125998 18408 69937 173596 238013 212487 133065 110858 52071 276927
leaf_count=33664 155048 44703 324584 240322 72841 236058 272559 287881 128137 105201 158193 115023 318097 130026 342022 182391 120482 69194 66211 186003 125998 18408 69937 173596 238013 212487 133065 110858 52071 276927
internal_value=-7.29285e-07 -0.760829 0.687014 -1.21985 -0.416822 0.361174 1.07157 -1.04956 -1.6294 0.931849 -0.604978 1.36629 0.17382 -0.217699 0.548531 -0.660738 -1.1736 -0.924224 -1.4886 -0.591773 -0.809491 -1.89216 -0.305216 -0.115297 0.0840737 -0.347253 0.463062 0.833493 -1.96589 1.04393
internal_weight=5e+06 2.37254e+06 2.62746e+06 1.01637e+06 1.35618e+06 1.4223e+06 1.20515e+06 717879 298491 817570 697288 387582 711158 658887 711145 539095 360804 357075 194348 368394 170701 104143 355265 303622 393061 285328 369123 435442 85735 382128
internal_count=5000000 2372545 2627455 1016370 1356175 1422303 1205152 717879 298491 817570 697288 387582 711158 658887 711145 539095 360804 357075 194348 368394 170701 104143 355265 303622 393061 285328 369123 435442 85735 382128
cat_boundaries=0 1 2 3 4 5 6
cat_threshold=1047552 6158 992 523264 992 960
is_linear=0
shrinkage=0.1


Tree=2
num_leaves=31
num_cat=6
split_feature=12 12 12 12 12 12 12 12 0 12 12 0 0 12 12 12 76 76 0 0 12 0 76 0 76 12 76 76 0 0
split_gain=2.11768e+08 2.87225e+07 2.85062e+07 4.94801e+06 4.89248e+06 4.56125e+06 3.6752e+06 1.00606e+06 958628 667086 666092 607187 580067 499736 483419 446232 395340 364205 268775 261403 255962 238897 232760 213002 237947 212357 202244 192646 176848 170131
threshold=12.650000095367433 20.750000000000004 2.8500000238418584 25.550000190734867 -3.5499999523162837 7.6499998569488534 16.650000572204593 28.650000572204593 2.4500000476837163 22.750000000000004 10.050000190734865 -3.0499999523162837 10.650000095367433 18.650000572204593 -0.45000000298023218 14.449999809265138 0 1 5.4500000476837167 9.0500001907348651 5.0499999523162851 13.250000000000002 2 15.250000000000002 3 31.44999980926514 4 5 -6.6499998569488517 10.84999990463257
decision_type=8 10 10 10 10 10 10 10 2 10 10 2 2 8 10 10 1 1 2 2 10 2 1 2 1 10 1 1 2 2
left_child=2 6 4 9 11 12 15 -5 14 -3 21 17 16 -8 -6 -2 18 28 -4 27 -18 26 -16 24 29 -9 -7 -10 -1 -12
right_child=1 3 5 7 8 10 13 25 19 -11 23 -13 -14 -15 22 -17 20 -19 -20 -21 -22 -23 -24 -25 -26 -27 -28 -29 -30 -31
leaf_value=-2.0463910604516049 0.010854016604180495 0.67490799103454113 -1.0002838638128584 1.0631366608624264 -1.222770663406763 -0.53697902859941549 0.34741667044168312 1.2819515513406119 -0.99301370914637666 0.85819387538344005 -0.63281943836341403 -1.3222090311606394 -0.43397852311593044 0.51396533886992046 -1.1703019887085315 0.17914135278539456 -0.69796856869249058 -1.5106272029500931 -0.71203963472969933 -0.70851771970383837 -0.52281730272083904 -0.20164445669473779 -0.93543558830096885 -0.034529724458409225 -0.14961140524361644 1.5089529632385523 -0.34131301200939845 -0.78970919183827404 -1.7084672006977095 -0.27313542331078011
leaf_weight=24135 281933 356865 43417 326793 182070 72472 345876 141594 134437 447685 17365 85699 144382 376023 58887 357185 147101 79220 126905 79379 192779 84805 153405 102597 213269 58129 195892 72298 43220 54183
leaf_count=24135 281933 356865 43417 326793 182070 72472 345876 141594 134437 447685 17365 85699 144382 376023 58887 357185 147101 79220 126905 79379 192779 84805 153405 102597 213269 58129 195892 72298 43220 54183
internal_value=-3.25243e-07 0.602574 -0.702877 0.932867 -1.13738 -0.418613 0.27955 1.1712 -1.00212 0.776896 -0.248622 -1.53366 -0.610937 0.434169 -1.10322 0.104905 -0.661014 -1.65729 -0.78547 -0.862773 -0.598606 -0.347951 -1.00068 -0.158073 -0.202576 1.34802 -0.394186 -0.922002 -1.82928 -0.360382
internal_weight=5e+06 2.69208e+06 2.30792e+06 1.33107e+06 912750 1.39517e+06 1.36102e+06 526516 680476 804550 740583 232274 654584 721899 394362 639118 510202 146575 170322 286114 339880 353169 212292 387414 284817 199723 268364 206735 67355 71548
internal_count=5000000 2692083 2307917 1331066 912750 1395167 1361017 526516 680476 804550 740583 232274 654584 721899 394362 639118 510202 146575 170322 286114 339880 353169 212292 387414 284817 199723 268364 206735 67355 71548
cat_boundaries=0 1 2 3 4 5 6
cat_threshold=1047552 2096128 2096128 1047552 1047552 522240
is_linear=0
shrinkage=0.1


Tree=3
num_leaves=31
num_cat=8
split_feature=11 11 11 11 12 11 12 12 0 12 12 75 13 11 12 12 0 0 0 0 13 12 76 76 75 12 75 76 75 75
split_gain=1.71645e+08 2.39769e+07 2.24261e+07 4.52972e+06 3.59276e+06 3.32655e+06 3.16708e+06 869834 649097 637603 563734 496874 485420 447112 426148 398743 239818 229470 204405 202496 190897 185732 175115 171979 161214 161165 160827 152795 151740 150893
threshold=12.84999990463257 3.4500000476837163 21.150000572204593 -2.2499999999999996 26.349999427795414 8.2500000000000018 16.94999980926514 -5.9500000476837149 6.8500001430511483 23.650000572204593 29.250000000000004 0 6.2500000000000009 18.849999427795414 1.2500000000000002 14.750000000000002 0.65000000596046459 -1.6500000357627866 9.0500001907348651 14.650000095367433 11.449999809265138 10.449999809265138 1 2 3 -13.15000009536743 4 5 6 7
decision_type=10 8 8 10 8 8 8 10 2 10 8 1 10 8 10 10 2 2 2 2 8 10 1 1 1 10 1 1 1 1
left_child=1 3 6 7 9 12 15 17 14 28 -6 21 18 29 -5 -2 -9 25 23 22 -13 -7 -14 -3 -17 -1 -15 -16 -4 -8
right_child=2 5 4 8 10 11 13 16 -10 -11 -12 20 19 26 27 24 -18 -19 -20 -21 -22 -23 -24 -25 -26 -27 -28 -29 -30 -31
leaf_value=-1.8558989708100968 0.029258874534126372 -0.72995170085537819 0.68906595748617772 -0.97402152197416081 1.0037505599619112 -0.34393587670079406 0.38497747883784889 -1.2430112303581655 -0.6624651424404252 0.8281953079826494 1.2419384181603812 -0.17772567859325009 -0.57087208843451165 0.53958842377132821 -0.72120953358425743 0.2549763903253186 -0.99567664110479093 -1.2320578315686461 -0.46068437551406838 -0.22995197207482088 -0.025023508042936821 -0.19915248489991463 -0.39882993903310782 -0.56480030624248601 0.12037722792243757 -1.5207751940230905 0.41147923183041624 -0.90003839895464621 0.55663492478338694 0.24817489210091004
leaf_weight=17307 299749 112309 321898 317755 263544 193853 203661 143297 145116 395196 159504 177947 87315 237509 127182 173073 53966 23646 88487 47326 151623 163192 184794 145301 183294 83997 167646 77518 119225 133770
leaf_count=17307 299749 112309 321898 317755 263544 193853 203661 143297 145116 395196 159504 177947 87315 237509 127182 173073 53966 23646 88487 47326 151623 163192 184794 145301 183294 83997 167646 77518 119225 133770
internal_value=-1.58174e-06 -0.624206 0.549963 -0.998189 0.856075 -0.350447 0.274345 -1.30611 -0.849565 0.735946 1.09356 -0.196024 -0.509762 0.415789 -0.901533 0.11426 -1.17535 -1.51256 -0.59181 -0.420866 -0.10747 -0.277753 -0.454071 -0.636851 0.185757 -1.57803 0.486603 -0.78901 0.653301 0.330763
internal_weight=5e+06 2.34193e+06 2.65807e+06 989784 1.25937e+06 1.35215e+06 1.3987e+06 322213 667571 836319 423048 686615 665532 742586 522455 656116 197263 124950 346097 319435 329570 357045 272109 257610 356367 101304 405155 204700 441123 337431
internal_count=5000000 2341931 2658069 989784 1259367 1352147 1398702 322213 667571 836319 423048 686615 665532 742586 522455 656116 197263 124950 346097 319435 329570 357045 272109 257610 356367 101304 405155 204700 441123 337431
cat_boundaries=0 1 2 3 4 5 6 7 8
cat_threshold=6158 4192256 2096640 992 960 12583935 960 992
is_linear=0
shrinkage=0.1


Tree=4
num_leaves=31
num_cat=8
split_feature=12 12 12 11 12 12 12 11 0 12 0 11 76 75 12 75 76 0 0 0 76 12 0 11 0 76 75 72 0 76
split_gain=1.39178e+08 2.13162e+07 1.64553e+07 4.32686e+06 2.64104e+06 2.57238e+06 2.4221e+06 793266 679048 502799 428157 409846 392863 380097 310757 281211 277424 229346 221181 211997 200238 197551 191691 188750 186418 179368 154816 149312 140007 186848
threshold=13.449999809265138 4.2500000000000009 21.849999427795414 -1.9499999880790708 17.94999980926514 9.0500001907348651 27.250000000000004 -5.9500000476837149 4.0499999523162851 24.550000190734867 12.84999990463257 15.750000000000002 0 1 30.849999427795414 2 3 0.25000000745058065 -0.25000000745058054 7.0499999523162851 4 1.6500000357627871 11.84999990463257 -10.349999904632567 7.4500000476837167 5 6 36.851650238037116 19.250000000000004 7
decision_type=10 8 10 8 10 8 10 10 2 10 2 8 1 1 10 1 1 2 2 2 1 10 2 10 2 1 1 2 2 1
left_child=1 3 4 7 11 10 9 23 12 -4 16 26 18 27 -8 -6 24 -9 -5 20 -18 -14 25 -1 -3 -10 -2 -7 29 -15
right_child=2 5 6 8 15 13 14 17 22 -11 -12 -13 21 28 -16 -17 19 -19 -20 -21 -22 -23 -24 -25 -26 -27 -28 -29 -30 -31
leaf_value=-1.5440140558886677 -0.023478720353636184 -0.75549584683887017 0.63763199305022766 -1.1609403946898025 0.48312436174995477 -0.17991292336003412 0.97424637486210208 -1.1153382233027853 -0.7134183151386827 0.79653001208027308 -0.24157107411227163 0.23093211766491417 -0.81408252315154306 -0.195664080845318 1.2018957961282759 0.35449269405895584 -0.5848282411704554 -0.89546183543990032 -0.87450554737449204 -0.28366592889657977 -0.40100536289501287 -0.64891091514045707 -0.4480353267221972 -1.2791746190804874 -0.49845792178246734 -0.52573510672872736 0.12184511492349291 -0.35552090184345947 0.066230551779083102 -0.027332446871342637
leaf_weight=39134 101274 38997 459804 34073 399296 256040 242713 152805 161162 351276 122258 369571 162236 108205 79639 296562 80033 68797 129111 104278 229967 130786 55953 86155 102062 74949 265453 59709 68872 168830
leaf_count=39134 101274 38997 459804 34073 399296 256040 242713 152805 161162 351276 122258 369571 162236 108205 79639 296562 80033 68797 129111 104278 229967 130786 55953 86155 102062 74949 265453 59709 68872 168830
internal_value=-1.55943e-06 -0.541624 0.513928 -0.868852 0.288628 -0.274036 0.798608 -1.16078 -0.733515 0.70645 -0.410988 0.156612 -0.809737 -0.133785 1.03049 0.428316 -0.448285 -1.04708 -0.934256 -0.406996 -0.448495 -0.740335 -0.614456 -1.3619 -0.569478 -0.653894 0.0817157 -0.213114 -0.0613649 -0.0930879
internal_weight=5e+06 2.43441e+06 2.56559e+06 1.09516e+06 1.43216e+06 1.33925e+06 1.13343e+06 346891 748270 811080 677595 736298 456206 661656 322352 695858 555337 221602 163184 414278 310000 293022 292064 125289 141059 236111 366727 315749 345907 277035
internal_count=5000000 2434412 2565588 1095161 1432156 1339251 1133432 346891 748270 811080 677595 736298 456206 661656 322352 695858 555337 221602 163184 414278 310000 293022 292064 125289 141059 236111 366727 315749 345907 277035
cat_boundaries=0 1 2 3 4 5 6 7 8
cat_threshold=2096128 6158 960 522240 3671808 522240 6158 523264
is_linear=0
shrinkage=0.1


Tree=5
num_leaves=31
num_cat=6
split_feature=12 12 11 12 11 12 12 12 0 0 76 11 12 76 0 11 75 0 76 0 0 0 0 76 12 0 0 76 0 0
split_gain=1.12965e+08 1.64759e+07 1.43357e+07 2.87904e+06 2.44284e+06 2.40904e+06 1.95662e+06 606726 461872 408896 487172 385991 362782 348004 339220 293176 280244 244511 220447 185425 173233 171759 171574 173080 160242 146700 144703 455510 128674 127440
threshold=12.250000000000002 20.44999980926514 2.4500000476837163 25.349999427795414 -3.5499999523162837 7.0499999523162851 16.150000572204593 28.250000000000004 0.65000000596046459 12.449999809265138 0 22.550000190734867 -8.6500000953674299 1 9.6500000953674334 18.150000572204593 2 8.2500000000000018 3 8.0500001907348651 -1.8499999642372129 3.8500000238418584 8.2500000000000018 4 32.049999237060554 4.0499999523162851 13.949999809265138 5 -2.4500000476837154 21.750000000000004
decision_type=8 10 8 10 10 8 10 10 2 2 1 8 10 1 2 8 1 2 1 2 2 2 2 1 10 2 2 1 2 2
left_child=2 6 4 11 12 14 16 29 13 10 17 -3 -1 -6 18 -8 -2 -7 21 -12 -14 -4 23 -10 -9 -20 27 -18 -15 -5
right_child=1 3 5 7 8 9 15 24 22 -11 19 -13 20 28 -16 -17 26 -19 25 -21 -22 -23 -24 -25 -26 -27 -28 -29 -30 -31
leaf_value=-1.3332541503965079 0.13556282807353881 0.48040556630603515 -0.78826969412450276 0.65491518125745696 -0.75132789878782713 -0.61059623686771392 0.22408548843483916 0.93412089797951481 -0.75633361535256394 -0.10283333385053305 -0.23598907553412182 0.61724669225108741 -1.1177408186941209 -1.1732277073658388 -0.34335168223068091 0.34947688844346347 0.0070039634207730078 -0.32999971943722689 -0.50517800320709549 -0.070054687732396245 -0.90174546240157705 -0.5511845683254778 -0.54263180907761499 -0.56881344874173767 1.1517392422327706 -0.34513566838944004 0.074718536331942684 -0.38717252718667799 -0.91756274033012186 0.79791416370998458
leaf_weight=60904 240259 379423 38610 84149 181204 42464 346073 189149 185047 247940 271488 451326 116825 25746 151113 404298 194600 115588 203408 89559 54432 146506 85910 67574 41208 79722 147078 34507 83628 240262
leaf_count=60904 240259 379423 38610 84149 181204 42464 346073 189149 185047 247940 271488 451326 116825 25746 151113 404298 194600 115588 203408 89559 54432 146506 85910 67574 41208 79722 147078 34507 83628 240262
internal_value=-1.70413e-06 0.429536 -0.525983 0.672546 -0.846402 -0.32693 0.183202 0.848946 -0.744094 -0.208478 -0.258938 0.554748 -1.12364 -0.836577 -0.473625 0.291646 0.0511969 -0.405362 -0.515667 -0.194823 -1.04909 -0.600601 -0.66471 -0.706226 0.97305 -0.460098 -0.00268887 -0.0523816 -0.977655 0.760822
internal_weight=5e+06 2.75233e+06 2.24767e+06 1.38552e+06 861270 1.3864e+06 1.36682e+06 554768 629109 767039 519099 830749 232161 290578 619359 750371 616444 158052 468246 361047 171257 185116 338531 252621 230357 283130 376185 229107 109374 324411
internal_count=5000000 2752332 2247668 1385517 861270 1386398 1366815 554768 629109 767039 519099 830749 232161 290578 619359 750371 616444 158052 468246 361047 171257 185116 338531 252621 230357 283130 376185 229107 109374 324411
cat_boundaries=0 1 2 3 4 5 6
cat_threshold=2096640 12583423 992 2096128 1047552 14680575
is_linear=0
shrinkage=0.1


Tree=6
num_leaves=31
num_cat=9
split_feature=11 11 11 12 11 11 11 11 11 11 13 0 0 75 76 75 0 76 76 0 0 0 0 76 0 76 7 76 0 76
split_gain=9.16291e+07 1.24288e+07 1.24078e+07 2.16212e+06 2.1318e+06 2.01552e+06 1.60453e+06 520650 393432 355993 347447 302131 267535 249179 238999 238273 197024 195530 164527 177745 161477 158196 145932 150940 144360 146608 133733 129041 124558 116500
threshold=12.650000095367433 20.849999427795414 2.8500000238418584 -3.9500000476837154 25.94999980926514 7.4500000476837167 16.750000000000004 -0.35000000894069666 29.349999427795414 10.250000000000002 22.849999427795414 -4.7499999999999991 13.949999809265138 0 1 2 7.4500000476837167 3 4 19.44999980926514 5.8500001430511483 1.6500000357627871 17.750000000000004 5 16.650000572204593 6 21.550000190734867 7 10.250000000000002 8
decision_type=10 10 8 10 10 8 10 8 10 8 8 2 2 1 1 1 2 1 1 2 2 2 2 1 2 1 8 1 2 1
left_child=2 6 3 11 10 12 15 21 -6 24 -3 14 17 18 -1 -2 -9 -4 -8 -20 -19 27 23 -11 25 -7 -12 -5 -25 -17
right_child=1 4 5 7 8 9 13 16 -10 22 26 -13 -14 -15 -16 29 -18 20 19 -21 -22 -23 -24 28 -26 -27 -28 -29 -30 -31
leaf_value=-0.99351500020774797 0.14435796196557085 0.44795091733314374 -0.37275210930974406 -0.74139093204592132 0.72371346692037397 -0.19553232817898469 0.41486464470142298 -0.62567200027804848 0.91864776761182121 -0.063588832779507762 0.4893884350132387 -0.90779303002097811 -0.21931097090425375 0.20833086551719357 -1.2940740865795179 0.082856854138399286 -0.45200532707540297 -0.58959534362017896 0.16288299934422587 0.33452310091786758 -0.43104851285184309 -0.66410487498233906 0.04809490584458416 -0.38823939428538817 -0.072714899740856362 -0.32399557513409055 0.60949065930555868 -0.90528607953327589 -0.1516972461269811 -0.028473414348387086
leaf_weight=52220 273641 364451 286271 104468 319528 200663 159440 322928 153167 178039 126113 103096 67154 248094 54816 171740 81892 103495 81408 233063 169358 102346 60117 29131 51003 159648 350059 90639 94403 207609
leaf_count=52220 273641 364451 286271 104468 319528 200663 159440 322928 153167 178039 126113 103096 67154 248094 54816 171740 81892 103495 81408 233063 169358 102346 60117 29131 51003 159648 350059 90639 94403 207609
internal_value=-1.9986e-06 0.396967 -0.461646 -0.748553 0.616976 -0.274568 0.186827 -0.664348 0.786878 -0.16654 0.521437 -1.02997 -0.407904 0.289559 -1.14765 0.0732366 -0.590541 -0.430555 0.33207 0.290081 -0.491168 -0.764796 -0.094172 -0.122532 -0.230177 -0.252467 0.577682 -0.817615 -0.20746 0.0219292
internal_weight=5e+06 2.68831e+06 2.31169e+06 912405 1.31332e+06 1.39928e+06 1.375e+06 702273 472695 773004 840623 210132 626278 722005 107036 652990 404820 559124 473911 314471 272853 297453 361690 301573 411314 360311 476172 195107 123534 379349
internal_count=5000000 2688313 2311687 912405 1313318 1399282 1374995 702273 472695 773004 840623 210132 626278 722005 107036 652990 404820 559124 473911 314471 272853 297453 361690 301573 411314 360311 476172 195107 123534 379349
cat_boundaries=0 1 2 3 4 5 6 7 8 9
cat_threshold=992 12583423 992 8390655 12583167 12583935 8390655 8389631 8388863
is_linear=0
shrinkage=0.1


Tree=7
num_leaves=31
num_cat=10
split_feature=11 11 11 11 12 12 11 11 0 11 0 76 0 75 11 76 76 0 0 11 73 75 75 0 52 0 76 76 75 75
split_gain=7.43369e+07 1.14829e+07 8.78393e+06 2.42545e+06 1.36765e+06 1.36109e+06 1.28536e+06 527504 319995 319756 253470 502576 236656 230753 213525 198006 182853 200949 177011 170890 165609 165205 150216 141620 122294 126262 120240 118883 117146 107938
threshold=13.449999809265138 4.4500000476837167 21.750000000000004 -1.4499999880790708 27.44999980926514 18.150000572204593 9.2500000000000018 -5.3500001430511466 7.6499998569488534 24.349999427795414 15.250000000000002 0 15.150000095367433 1 1.2500000000000002 2 3 18.849999427795414 7.0499999523162851 30.94999980926514 141.81670379638675 4 5 -1.4499999880790708 2.4500000476837163 9.8499999046325701 6 7 8 9
decision_type=10 8 10 8 8 8 8 10 2 10 2 1 2 1 10 1 1 2 2 10 2 1 1 2 8 2 1 1 1 1
left_child=1 3 5 7 9 10 12 20 14 29 11 -2 15 24 -5 18 17 -12 -3 -6 -1 -7 -13 27 -8 -26 -16 -9 -17 -4
right_child=2 6 4 8 19 21 13 23 -10 -11 16 22 -14 -15 26 28 -18 -19 -20 -21 -22 -23 -24 -25 25 -27 -28 -29 -30 -31
leaf_value=-0.8449733132661994 -0.26578395913456992 -0.50150305769954651 0.48474832660713485 -0.6226401598727197 0.71986652377932459 0.3593566663534436 -0.10956335208025002 -0.74057339535383615 -0.3960399720519453 0.58000047837280677 0.027470960164154651 0.0061630044308335734 -0.12848272657737519 -0.035499163557177249 -0.43270766569255725 -0.32313895797204933 0.2903387087414927 0.19240791942853142 -0.32220358036533492 0.89361132338714244 -1.0643085962294547 0.25671952185361618 0.15276468059729076 -0.66281634701805392 -0.34991490438128531 -0.1295280857643781 -0.5589877137103233 -0.94152170571808069 -0.20681041174581094 0.36910888930495828
leaf_weight=55261 42658 80646 339270 268414 226818 371185 193721 80751 155922 403836 113596 108467 79572 334300 141553 167215 98402 211204 173553 75438 91298 272109 196571 117845 54060 50075 162768 47140 179909 106443
leaf_count=55261 42658 80646 339270 268414 226818 371185 193721 80751 155922 403836 113596 108467 79572 334300 141553 167215 98402 211204 173553 75438 91298 272109 196571 117845 54060 50075 162768 47140 179909 106443
internal_value=-2.61261e-06 -0.395902 0.375532 -0.63098 0.580545 0.208557 -0.195216 -0.831454 -0.523049 0.515548 0.118938 0.0556771 -0.290549 -0.0925325 -0.557625 -0.311995 0.170913 0.134718 -0.379072 0.76323 -0.981607 0.315951 0.100637 -0.741901 -0.156538 -0.243938 -0.500282 -0.814773 -0.262855 0.457151
internal_weight=5e+06 2.434e+06 2.566e+06 1.12095e+06 1.1518e+06 1.41419e+06 1.31305e+06 392295 728657 849549 770898 347696 680895 632156 572735 601323 423202 324800 254199 302256 146559 643294 305038 245736 297856 104135 304321 127891 347124 445713
internal_count=5000000 2434003 2565997 1120952 1151805 1414192 1313051 392295 728657 849549 770898 347696 680895 632156 572735 601323 423202 324800 254199 302256 146559 643294 305038 245736 297856 104135 304321 127891 347124 445713
cat_boundaries=0 1 2 3 4 5 6 7 8 9 10
cat_threshold=1048064 6158 4192256 1048064 960 6158 8389119 12583935 4102 960
is_linear=0
shrinkage=0.1


Tree=8
num_leaves=31
num_cat=10
split_feature=12 12 12 12 11 0 11 76 11 0 76 0 76 0 75 76 0 75 49 73 76 76 72 75 0 0 0 0 0 76
split_gain=6.02913e+07 9.14813e+06 7.44842e+06 1.64349e+06 1.3018e+06 1.2747e+06 1.03078e+06 568540 378902 272687 379598 225123 297313 208454 184420 180735 173986 172025 168538 163546 162788 145483 137118 130982 126165 123385 119497 117916 117123 113592
threshold=12.050000190734865 20.250000000000004 2.2500000000000004 25.050000190734867 6.6499998569488534 -2.1499999761581416 15.949999809265138 0 28.550000190734867 10.650000095367433 1 5.6499998569488534 2 19.550000190734867 3 4 13.34999990463257 5 2.0499999523162846 141.81670379638675 6 7 41.927499771118171 8 17.750000000000004 23.550000190734867 6.4500000476837167 21.650000572204593 0.84999999403953563 9
decision_type=8 10 10 8 8 2 10 1 8 2 1 2 1 2 1 1 2 1 8 2 1 1 2 1 2 2 2 2 2 1
left_child=2 6 5 13 16 7 17 22 27 10 23 12 28 20 21 -15 18 -2 -4 -9 -3 -8 -1 -6 -23 -17 -12 -5 -7 -19
right_child=1 3 4 8 9 11 14 19 -10 -11 26 -13 -14 15 -16 25 -18 29 -20 -21 -22 24 -24 -25 -26 -27 -28 -29 -30 -31
leaf_value=-0.57190912137505812 -0.050083486495992861 0.34215210810581126 -0.32794414388536386 0.46356121769879888 -0.20556886512212633 -0.7528673098916272 0.3391784282261367 -0.83939836845295701 0.72308528286967322 -0.092324731383312153 -0.51978832773548445 -0.42798565489357909 -0.48282965933238331 0.54117772036560907 0.14042409857047844 0.32959784885120003 -0.20286099091640244 0.13621522311692555 -0.44212589109522382 -1.0826590292206637 0.0089778307128252233 0.086267028335649795 -0.75211500701750977 -0.076699903635987457 0.23961520429709593 0.43999712362581961 -0.29869294437831628 0.58840452645688135 -0.59810279057869919 0.026918680264874918
leaf_weight=68280 191138 248179 294847 102513 187770 77821 116780 50896 206651 324483 31162 145456 190794 116569 285679 156240 63587 144367 230200 60478 15597 66518 110646 136060 277368 287555 113417 288777 131572 278600
leaf_count=68280 191138 248179 294847 102513 187770 77821 116780 50896 206651 324483 31162 145456 190794 116569 285679 156240 63587 144367 230200 60478 15597 66518 110646 136060 277368 287555 113417 288777 131572 278600
internal_value=-2.66809e-06 0.30999 -0.388988 0.487337 -0.246424 -0.624599 0.124608 -0.793894 0.613547 -0.162785 -0.211595 -0.534528 -0.573253 0.395768 0.203566 0.430273 -0.359086 0.0286479 -0.378006 -0.971406 0.322465 0.242714 -0.683308 -0.151427 0.209947 0.401122 -0.346323 0.555697 -0.65559 0.0642261
internal_weight=5e+06 2.78253e+06 2.21747e+06 1.42208e+06 1.38153e+06 835943 1.36045e+06 290300 597941 792892 468409 545643 400187 824140 746345 560364 588634 614105 525047 111374 263776 460666 178926 323830 343886 443795 144579 391290 209393 422967
internal_count=5000000 2782531 2217469 1422081 1381526 835943 1360450 290300 597941 792892 468409 545643 400187 824140 746345 560364 588634 614105 525047 111374 263776 460666 178926 323830 343886 443795 144579 391290 209393 422967
cat_boundaries=0 1 2 3 4 5 6 7 8 9 10
cat_threshold=14680575 14680319 1046528 992 12583039 6158 14680319 12583039 6150 12583167
is_linear=0
shrinkage=0.1


Tree=9
num_leaves=31
num_cat=10
split_feature=12 11 12 12 11 11 11 0 76 17 75 0 76 0 75 9 51 12 0 76 76 76 0 0 72 0 0 76 75 76
split_gain=4.89634e+07 7.8094e+06 5.61053e+06 1.68811e+06 957123 840691 815996 419888 256419 243711 189628 187604 314670 184085 183832 156336 136920 136011 135714 176751 163230 119615 117360 112962 111076 110344 107518 148717 102690 102346
threshold=13.650000095367433 4.6499998569488534 22.150000572204593 -1.4499999880790708 18.349999427795414 9.6500000953674334 27.349999427795414 -4.2499999999999991 0 5.6499998569488534 1 12.84999990463257 2 20.44999980926514 3 1.2500000000000002 2.4500000476837163 31.250000000000004 17.750000000000004 4 5 6 21.349999427795414 25.250000000000004 36.613349914550788 4.8500001430511483 2.2500000000000004 7 8 9
decision_type=10 8 10 10 8 8 8 2 1 10 1 2 1 2 1 8 8 10 2 1 1 1 2 2 2 2 2 1 1 1
left_child=1 3 4 7 14 10 13 8 -1 15 16 12 -7 -4 29 -5 -3 -8 19 -6 -20 -15 -22 -23 -16 -18 27 -9 -14 -2
right_child=2 5 6 9 18 11 17 26 -10 -11 -12 -13 28 21 24 -17 25 -19 20 -21 22 23 -24 -25 -26 -27 -28 -29 -30 -31
leaf_value=-0.6989719824558791 0.24421524652409074 -0.22018044062104361 0.34720941716812737 -0.50348530236176436 0.23342554863341927 -0.30692511990450749 0.58383730056687866 -0.72561508937606745 -0.96246194237121918 -0.31305741520478919 -0.14655225952842593 0.0013117533420165745 -0.16149557583439825 0.52124175682752072 0.086479348688761157 -0.40055937713145612 -0.44987809704906428 0.74679257004222643 0.40213871817643032 -0.057681892750964449 0.17390281551713296 0.34217705374133511 0.30184755621744352 0.46120706969359637 -0.037475108223620039 -0.27729943323264378 -0.48634673696124786 -0.53790978699022807 -0.028140226687806004 0.12411989891083806
leaf_weight=92620 94083 322639 214657 287408 200333 66832 247730 88187 61933 164643 216253 252592 80486 187901 295582 303316 53410 64570 113604 23283 102065 117565 240924 247741 95699 120943 67696 81787 204348 289170
leaf_count=92620 94083 322639 214657 287408 200333 66832 247730 88187 61933 164643 216253 252592 80486 187901 295582 303316 53410 64570 113604 23283 102065 117565 240924 247741 95699 120943 67696 81787 204348 289170
internal_value=-2.2571e-06 -0.317335 0.308591 -0.508046 0.180396 -0.15122 0.481242 -0.67636 -0.804666 -0.420649 -0.224745 -0.0644337 -0.111657 0.425812 0.104382 -0.450636 -0.25876 0.617529 0.26695 0.203123 0.298209 0.456312 0.263767 0.422889 0.0561613 -0.330166 -0.592924 -0.635371 -0.065827 0.153607
internal_weight=5e+06 2.46509e+06 2.53491e+06 1.14759e+06 1.45474e+06 1.3175e+06 1.08016e+06 392223 154553 755367 713245 604258 351666 767864 774534 590724 496992 312300 680209 223616 456593 553207 342989 365306 391281 174353 237670 169974 284834 383253
internal_count=5000000 2465093 2534907 1147590 1454743 1317503 1080164 392223 154553 755367 713245 604258 351666 767864 774534 590724 496992 312300 680209 223616 456593 553207 342989 365306 391281 174353 237670 169974 284834 383253
cat_boundaries=0 1 2 3 4 5 6 7 8 9 10
cat_threshold=12583935 6158 1048064 992 14680319 14680319 12583167 522240 4102 12583039
is_linear=0
shrinkage=0.1


Tree=10
num_leaves=31
num_cat=10
split_feature=11 11 12 11 12 13 13 11 0 0 76 0 76 75 50 76 0 0 0 76 0 76 0 0 76 11 0 76 76 76
split_gain=3.97229e+07 6.51527e+06 4.38501e+06 1.4756e+06 748104 664347 636757 348145 228201 199389 248016 176773 378957 171177 159907 156919 166187 137325 134939 122863 118700 115791 116584 114507 110378 108654 108054 152128 133092 104537
threshold=13.84999990463257 5.0499999523162851 22.250000000000004 -1.2499999999999998 18.44999980926514 27.750000000000004 10.050000190734865 -7.5499999523162833 10.050000190734865 8.6500000953674334 0 16.150000572204593 1 2 2.4500000476837163 3 1.2500000000000002 -2.7499999999999996 11.449999809265138 4 12.250000000000002 5 16.150000572204593 20.849999427795414 6 24.650000572204593 17.44999980926514 7 8 9
decision_type=10 8 8 8 8 8 10 10 2 2 1 2 1 1 10 1 2 2 2 1 2 1 2 2 1 10 2 1 1 1
left_child=1 3 4 7 11 13 9 -1 15 10 -3 12 -2 25 -8 -5 -17 24 29 23 -14 22 -11 -13 -9 -4 27 -6 -28 -16
right_child=2 6 5 8 26 -7 14 17 -10 21 -12 19 20 -15 18 16 -18 -19 -20 -21 -22 -23 -24 -25 -26 -27 28 -29 -30 -31
leaf_value=-0.78800664049386049 0.10793254514541535 -0.36710147298556983 0.36814294477196019 -0.34319068298524502 0.20735296207252479 0.56969573453674716 -0.011918218473451045 -0.55333557627392149 -0.23668860632655903 -0.21818986577413707 -0.18944494026172479 0.060959027527592927 -0.38494779963490183 0.2886327514484075 -0.14567069536289565 -0.55807199386274609 -0.3985287396720783 -0.49997243074527803 -0.055454082836619512 0.26031040532663241 -0.0756960547458259 -0.033662491038737696 -0.058967962201141567 0.18322440599225998 -0.72893543473291422 0.45006164059089926 0.38215213917220398 -0.13270195302600515 0.24525251171198215 -0.39302127783046464
leaf_weight=81944 286146 107057 312601 336861 197525 273756 385730 82865 110385 149231 295843 160946 14792 140275 54517 87788 254750 183202 120635 77165 77126 89234 66470 146163 63805 335887 87396 14091 380906 24908
leaf_count=81944 286146 107057 312601 336861 197525 273756 385730 82865 110385 149231 295843 160946 14792 140275 54517 87788 254750 183202 120635 77165 77126 89234 66470 146163 63805 335887 87396 14091 380906 24908
internal_value=-2.45191e-06 -0.282403 0.281321 -0.450065 0.167755 0.435475 -0.126667 -0.603529 -0.370044 -0.190492 -0.236665 0.0997385 0.0511904 0.388891 -0.0495454 -0.391711 -0.439405 -0.557703 -0.122093 0.147502 -0.125449 -0.129485 -0.169117 0.119145 -0.629813 0.410567 0.244017 0.184713 0.270815 -0.223309
internal_weight=5e+06 2.49522e+06 2.50478e+06 1.2016e+06 1.44226e+06 1.06252e+06 1.29362e+06 411816 789784 707835 402900 762338 378064 788763 585790 679399 342538 329872 200060 384274 91918 304935 215701 307109 146670 648488 679918 211616 468302 79425
internal_count=5000000 2495225 2504775 1201600 1442256 1062519 1293625 411816 789784 707835 402900 762338 378064 788763 585790 679399 342538 329872 200060 384274 91918 304935 215701 307109 146670 648488 679918 211616 468302 79425
cat_boundaries=0 1 2 3 4 5 6 7 8 9 10
cat_threshold=2096640 14680319 960 8390655 1048064 523264 8389119 14680319 12583039 14680319
is_linear=0
shrinkage=0.1


Tree=11
num_leaves=31
num_cat=7
split_feature=11 11 11 13 11 11 13 13 0 75 75 0 76 76 73 75 49 76 0 48 0 0 11 4 0 0 76 0 72 11
split_gain=3.22557e+07 5.04685e+06 3.90738e+06 906057 761910 621172 607531 186162 176879 175132 165265 152815 307950 144531 140097 128923 128557 119016 118564 121540 110447 100879 100858 92586.9 91837.4 89326.9 87832.1 132915 86442.3 85315.9
threshold=11.84999990463257 20.250000000000004 1.6500000357627871 25.849999427795414 6.2500000000000009 -4.3500001430511466 15.949999809265138 29.849999427795414 -0.65000000596046437 0 1 13.34999990463257 2 3 141.60919952392581 4 2.3500000238418584 5 11.650000095367433 1.9499999880790713 18.050000190734867 1.2500000000000002 23.349999427795414 22.849999427795414 5.8500001430511483 9.2500000000000018 6 18.44999980926514 35.105798721313484 -13.249999999999998
decision_type=8 10 10 8 10 8 10 10 2 1 1 2 1 1 2 1 8 1 2 8 2 2 8 10 2 2 1 2 2 10
left_child=2 6 5 9 18 14 11 23 13 22 16 12 -2 -7 -1 28 -6 -13 19 -4 -19 -21 -3 -5 -18 -14 -17 -28 -8 -16
right_child=1 3 4 7 10 8 15 -9 -10 -11 -12 17 25 -15 29 26 24 20 -20 21 -22 -23 -24 -25 -26 -27 27 -29 -30 -31
leaf_value=-0.51569996669208051 0.0060260159576890392 0.28911917250545421 -0.24920239864849703 0.34540668254459944 -0.12571451595820354 -0.43673612497661662 0.12047218309229724 0.57232723461870616 -0.37470903625411978 0.22453932540670107 -0.072161971833636998 0.17439581584082614 -0.65535774720172635 -0.61466859615697966 -0.89968556431845537 0.22487437965481322 -0.34978027096849262 -0.034936691197251013 -0.16616763954270355 -0.48317294181934012 0.091388325610427104 -0.31508263834765793 0.36530935563964506 0.46087639603245406 -0.18819915012233612 -0.22848036355204049 0.038259093406108516 0.17646978909710506 -0.03466129178982625 -0.659022967307901
leaf_weight=70215 244793 377928 284609 93879 317012 156015 115039 125253 349825 236433 325017 73335 5648 64825 17208 202471 48182 132284 85444 43801 145158 193139 321591 266753 130304 37115 91475 290719 52224 102306
leaf_count=70215 244793 377928 284609 93879 317012 156015 115039 125253 349825 236433 325017 73335 5648 64825 17208 202471 48182 132284 85444 43801 145158 193139 321591 266753 130304 37115 91475 290719 52224 102306
internal_value=-2.48563e-06 0.224033 -0.287954 0.356503 -0.190419 -0.471058 0.0885542 0.467296 -0.418943 0.298987 -0.127583 0.0168077 -0.0372321 -0.489014 -0.627809 0.149462 -0.163931 0.0611079 -0.27536 -0.293248 0.0311556 -0.346156 0.324142 0.430818 -0.231818 -0.284794 0.171609 0.143386 0.072031 -0.693674
internal_weight=5e+06 2.8121e+06 2.1879e+06 1.42184e+06 1.42751e+06 760394 1.39026e+06 485885 570665 935952 820515 638333 287556 220840 189729 751928 495498 350777 606993 521549 277442 236940 699519 360632 178486 42763 584665 382194 167263 119514
internal_count=5000000 2812098 2187902 1421837 1427508 760394 1390261 485885 570665 935952 820515 638333 287556 220840 189729 751928 495498 350777 606993 521549 277442 236940 699519 360632 178486 42763 584665 382194 167263 119514
cat_boundaries=0 1 2 3 4 5 6 7
cat_threshold=960 6158 15728895 14680575 6172 15728895 14680191
is_linear=0
shrinkage=0.1


Tree=12
num_leaves=31
num_cat=8
split_feature=13 11 13 9 11 10 9 73 0 76 9 50 14 0 76 0 76 11 0 76 76 76 0 76 0 0 50 0 76 72
split_gain=2.6132e+07 4.00257e+06 3.20727e+06 824991 615028 537354 423549 205086 194317 203870 177891 155602 142516 127802 217687 124180 118920 117075 111610 107917 101194 93152.6 148639 114216 90087.7 81225.2 74196.3 73028.3 95737.5 70073.7
threshold=13.34999990463257 4.0499999523162851 21.050000190734867 -2.2499999999999996 26.849999427795414 9.4499998092651385 16.94999980926514 141.60919952392581 3.2500000000000004 0 22.349999427795414 2.2500000000000004 8.0500001907348651 11.050000190734865 1 12.650000095367433 2 31.94999980926514 -5.2499999999999991 3 4 5 18.44999980926514 6 17.050000190734867 -1.0500000119209287 2.6499999761581425 13.949999809265138 7 38.73915100097657
decision_type=10 8 10 8 8 10 8 2 2 1 8 10 10 2 1 2 1 8 2 1 1 1 2 1 2 2 8 2 1 2
left_child=1 3 6 7 10 12 11 -1 9 29 -4 -2 -3 14 -7 19 18 -6 -9 -13 24 -8 23 -23 -15 -11 -14 28 -10 -5
right_child=2 5 4 8 17 13 21 16 27 25 -12 15 26 20 -16 -17 -18 -19 -20 -21 -22 22 -24 -25 -26 -27 -28 -29 -30 -31
leaf_value=-0.43177404845712186 0.087225209378684165 -0.21429087559958135 0.23395221973253943 -0.24632583517854287 0.42279217311567063 -0.024337817014079742 0.24667750559433382 -0.83176512000733371 -0.33246308414724629 -0.5627618786308809 0.32481102114407756 -0.076506592138547214 -0.094606399674013575 -0.092195921619659713 -0.20269081781530965 0.028103861570985419 -0.51117862365316513 0.59677472444056734 -0.587165666090954 -0.42282099361186765 0.093066619480568033 0.11863199237018207 0.18527186712849619 -0.065767239744333919 0.031430763179868294 -0.40753505144509594 -0.20208948875764349 -0.11533447337755801 -0.21612787733623329 -0.35616672327223187
leaf_weight=155271 408279 442955 348602 112280 320336 161185 116643 30227 154183 43070 564318 45898 220164 137397 118930 154737 87969 43988 48728 11187 76202 149372 374192 43330 103231 155114 90676 30134 131084 120318
leaf_count=155271 408279 442955 348602 112280 320336 161185 116643 30227 154183 43070 564318 45898 220164 137397 118930 154737 87969 43988 48728 11187 76202 149372 374192 43330 103231 155114 90676 30134 131084 120318
internal_value=-2.33567e-06 -0.236135 0.22133 -0.380767 0.333953 -0.121738 0.110988 -0.514496 -0.323024 -0.36669 0.290116 0.0511438 -0.177866 -0.050861 -0.10007 -0.0184017 -0.591444 0.443799 -0.680721 -0.144462 -0.00735417 0.165279 0.148523 0.0771717 -0.0391576 -0.441247 -0.125961 -0.263385 -0.279025 -0.303131
internal_weight=5e+06 2.41912e+06 2.58088e+06 1.06838e+06 1.27724e+06 1.35074e+06 1.30364e+06 322195 746183 430782 912920 620101 753795 596945 280115 211822 166924 364324 78955 57085 316830 683537 566894 192702 240628 198184 310840 315401 285267 232598
internal_count=5000000 2419118 2580882 1068378 1277244 1350740 1303638 322195 746183 430782 912920 620101 753795 596945 280115 211822 166924 364324 78955 57085 316830 683537 566894 192702 240628 198184 310840 315401 285267 232598
cat_boundaries=0 1 2 3 4 5 6 7 8
cat_threshold=12583423 12582975 8384512 12583167 1048064 63 15729088 258048
is_linear=0
shrinkage=0.1


Tree=13
num_leaves=31
num_cat=9
split_feature=11 13 11 11 12 0 11 76 13 0 76 51 0 76 76 8 0 52 0 0 0 76 76 0 0 75 0 0 76 76
split_gain=2.11981e+07 3.44891e+06 2.50441e+06 631765 501693 440624 420650 236130 162337 135235 161311 128938 125510 244092 134914 119409 102524 100427 110965 98653 97667.5 170702 87915.9 85643.7 85429.2 84652.2 77376.4 73937.9 71605.6 70685.7
threshold=11.650000095367433 20.150000572204593 1.4499999880790713 25.150000572204593 6.6499998569488534 -3.4500000476837154 15.250000000000002 0 29.250000000000004 5.0499999523162851 1 2.4500000476837163 16.550000190734867 2 3 20.94999980926514 7.4500000476837167 2.3500000238418584 11.250000000000002 21.650000572204593 6.0499999523162851 4 5 -8.6500000953674299 14.650000095367433 6 22.650000572204593 1.0000000180025095e-35 7 8
decision_type=8 10 10 8 10 2 10 1 10 2 1 8 2 1 1 8 2 8 2 2 2 1 1 2 2 1 2 2 1 1
left_child=2 6 5 15 9 7 17 -1 26 10 -4 -6 13 25 19 -3 -13 -2 29 -14 21 27 24 -9 -11 -8 -5 -7 -17 -19
right_child=1 3 4 8 11 20 12 23 -10 22 -12 16 14 -15 -16 28 -18 18 -20 -21 -22 -23 -24 -25 -26 -27 -28 -29 -30 -31
leaf_value=-0.41881834858490735 0.032229827366840123 0.18550642372088078 -0.22061850680068273 0.27066873245267781 -0.070437331826568902 -0.49860260400569978 0.014439130256227431 -0.83528568523200519 0.45523553990673166 -0.22751663923895396 -0.37051308251632709 -0.24911962439011048 0.058491567732524299 -0.11078331264397563 0.22546795228581162 0.32800380460386291 -0.11462537572724096 -0.11440788658990766 -0.0073696984662457556 0.16482537578546377 -0.2498963108830774 -0.28923078984025169 -0.075684152039234204 -0.58377865098086956 -0.078779502845030103 0.13797789686907824 0.3641684062548452 -0.37626753216113618 0.2420817688314128 -0.38203445805827563
leaf_weight=129019 355627 322010 251264 125869 475825 75225 75071 16664 157764 218365 100625 83763 176882 63572 145878 127581 175287 48139 140158 172183 105314 193317 70714 72204 46912 212523 298196 143933 407700 12416
leaf_count=129019 355627 322010 251264 125869 475825 75225 75071 16664 157764 218365 100625 83763 176882 63572 145878 127581 175287 48139 140158 172183 105314 193317 70714 72204 46912 212523 298196 143933 407700 12416
internal_value=-2.38114e-06 0.179452 -0.236253 0.288208 -0.158796 -0.386051 0.067851 -0.505354 0.368634 -0.220173 -0.263499 -0.101344 0.11226 0.0665359 0.144702 0.233625 -0.158114 0.000311121 -0.056243 0.11094 -0.335848 -0.357793 -0.174797 -0.630869 -0.201206 0.105732 0.336416 -0.418239 0.262571 -0.169363
internal_weight=5e+06 2.84157e+06 2.15843e+06 1.43912e+06 1.42276e+06 735676 1.40245e+06 217887 581829 687880 351889 734875 846109 351166 494943 857291 259050 556340 200713 349065 517789 412475 335991 88868 265277 287594 424065 219158 535281 60555
internal_count=5000000 2841569 2158431 1439120 1422755 735676 1402449 217887 581829 687880 351889 734875 846109 351166 494943 857291 259050 556340 200713 349065 517789 412475 335991 88868 265277 287594 424065 219158 535281 60555
cat_boundaries=0 1 2 3 4 5 6 7 8 9
cat_threshold=12583423 14680575 14680319 1048064 1046528 1047552 6158 127 15728767
is_linear=0
shrinkage=0.1


Tree=14
num_leaves=31
num_cat=9
split_feature=10 10 13 13 13 11 13 0 17 0 76 49 76 75 0 76 76 0 76 8 0 75 72 12 76 74 76 0 0 0
split_gain=1.72121e+07 2.8049e+06 1.98042e+06 620371 359165 328103 319881 231102 143228 132873 215644 127101 124763 113370 109154 197120 103639 99954.4 89941.1 83726.6 81327.3 79987.4 107507 78195.9 73790.6 78256.6 69129.6 65477.7 63615.1 63073.6
threshold=13.750000000000002 4.6499998569488534 22.050000190734867 -0.84999999403953541 10.250000000000002 27.750000000000004 17.94999980926514 -5.2499999999999991 7.6499998569488534 7.8500001430511483 0 2.1499999761581425 1 2 14.250000000000002 3 4 19.050000190734867 5 18.849999427795414 17.250000000000004 6 39.460000991821296 32.649999618530281 7 94.000000000000014 8 3.2500000000000004 17.94999980926514 9.2500000000000018
decision_type=10 8 8 10 10 8 10 2 10 2 1 8 1 1 2 1 1 2 1 8 2 1 2 8 1 2 1 2 2 2
left_child=1 3 6 7 9 13 14 12 21 10 -3 -6 -1 -4 15 -2 -16 26 20 -8 -11 22 24 -7 -5 -26 -13 -12 -18 -28
right_child=2 4 5 8 11 23 19 -9 -10 18 27 17 -14 -15 16 -17 28 -19 -20 -21 -22 -23 -24 -25 25 -27 29 -29 -30 -31
leaf_value=-0.65429338570608653 0.05379815973534418 -0.10669946537872413 0.29128179158727513 -0.17021941910463712 0.010811259229248615 0.36154595685585234 0.11015428646187256 -0.34824970466579352 -0.13188174130223229 -0.13780792954181542 -0.37112686434879472 -0.19199656935129192 -0.44099737054706517 0.21705689171981235 0.19334538295227169 -0.15564056165567902 0.011660672096741853 0.052421454903976254 0.014426750125445618 0.18012679291961617 -0.0019281887099654696 -0.18969343705882363 -0.35611614436656103 0.53643251651464141 -0.22136826159388898 -0.33052434990606627 -0.14959126411039644 -0.22287433381907151 0.097505594047612318 0.0033158561366313389
leaf_weight=39971 196213 222756 403661 85931 339459 245019 279435 314187 98991 241348 37675 74765 88458 420720 77082 58277 136579 42368 68181 440696 53882 123376 134029 28545 128726 134099 49967 142368 234604 58632
leaf_count=39971 196213 222756 403661 85931 339459 245019 279435 314187 98991 241348 37675 74765 88458 420720 77082 58277 136579 42368 68181 440696 53882 123376 134029 28545 128726 134099 49967 142368 234604 58632
internal_value=-2.34988e-06 -0.187093 0.183996 -0.301653 -0.0883332 0.284898 0.106136 -0.394448 -0.243406 -0.132942 -0.172496 -0.0278592 -0.507467 0.253408 0.0581395 0.00583369 0.0878346 -0.0860125 -0.0890996 0.152975 -0.113005 -0.261619 -0.27999 0.379794 -0.250742 -0.277052 -0.117999 -0.253883 0.0659167 -0.0670314
internal_weight=5e+06 2.47917e+06 2.52083e+06 1.14777e+06 1.3314e+06 1.09794e+06 1.42289e+06 442616 705152 766210 402799 565191 128429 824381 702755 254490 448265 225732 363411 720131 295230 606161 482785 273564 348756 262825 183364 180043 371183 108599
internal_count=5000000 2479169 2520831 1147768 1331401 1097945 1422886 442616 705152 766210 402799 565191 128429 824381 702755 254490 448265 225732 363411 720131 295230 606161 482785 273564 348756 262825 183364 180043 371183 108599
cat_boundaries=0 1 2 3 4 5 6 7 8 9
cat_threshold=12583039 2096128 384 14680191 14680191 1048064 4110 127 2095104
is_linear=0
shrinkage=0.1


Tree=15
num_leaves=31
num_cat=10
split_feature=13 10 10 0 13 0 76 76 14 76 0 75 73 75 18 0 48 0 76 11 76 0 49 0 76 72 0 76 76 72
split_gain=1.3963e+07 1.94916e+06 1.92968e+06 421277 415510 306412 352020 282107 232633 168018 147699 123163 119843 117990 105781 102655 89128.9 113856 86923.2 85189.4 84569.2 88650 82657.3 89987.7 98772.9 80549.1 77126.9 107824 107392 73498.7
threshold=12.650000095367433 20.44999980926514 3.2500000000000004 -1.2499999999999998 24.94999980926514 9.6500000953674334 0 1 16.750000000000004 2 17.750000000000004 3 142.07500457763675 4 6.6499998569488534 4.4500000476837167 2.0499999523162846 13.250000000000002 5 30.150000572204593 6 3.6499999761581425 1.6500000357627871 16.94999980926514 7 36.851650238037116 20.150000572204593 8 9 40.420000076293952
decision_type=10 8 10 2 8 2 1 1 8 1 2 1 2 1 10 2 8 2 1 8 1 2 8 2 1 2 2 1 1 2
left_child=2 8 3 7 26 6 13 29 16 10 -7 19 -9 25 20 -8 -2 18 -18 -6 -5 -22 -10 24 -24 -4 27 -3 -28 -1
right_child=1 4 5 14 11 9 15 12 22 -11 -12 -13 -14 -15 -16 -17 17 -19 -20 -21 21 -23 23 -25 -26 -27 28 -29 -30 -31
leaf_value=-0.20531619471972512 0.055585087658431231 0.18221979222368256 -0.089974903198141998 -0.17296376379747183 0.29974374395730713 -0.12972454164289071 -0.31138179642123343 -0.3878314727943929 0.13934902652957015 0.026567362949570794 0.011907496617457942 0.2044404158404538 -0.54770457016757024 -0.018108205473002049 -0.13279907356677931 -0.18647122033429597 -0.056993184490926545 0.020784863397048388 -0.29144675725904989 0.4017600523595774 -0.32054569878071693 -0.22694252481519325 0.033807185846704724 0.10576548908430815 -0.24235969668462387 -0.20995753707776832 0.29386408086982929 0.033953010831802126 0.18623508828391966 -0.33509477130165433
leaf_weight=74329 339450 194443 195482 104910 392777 247606 88323 110127 365843 203221 104792 111112 81653 169269 85429 257931 55935 184681 22045 103405 202574 202149 91490 231496 15076 78391 121417 65618 393336 105690
leaf_count=74329 339450 194443 195482 104910 392777 247606 88323 110127 365843 203221 104792 111112 81653 169269 85429 257931 55935 184681 22045 103405 202574 202149 91490 231496 15076 78391 121417 65618 393336 105690
internal_value=-2.34268e-06 0.154973 -0.180199 -0.287955 0.237748 -0.102739 -0.142782 -0.371463 0.0673743 -0.045847 -0.0876052 0.299681 -0.455876 -0.0837469 -0.235778 -0.218327 0.0217411 -0.0219971 -0.123318 0.320998 -0.25304 -0.273786 0.106408 0.0707604 -0.00528199 -0.124313 0.189206 0.144818 0.211631 -0.281494
internal_weight=5e+06 2.68812e+06 2.31188e+06 966861 1.38211e+06 1.34502e+06 789396 371799 1.30602e+06 555619 352398 607294 191780 443142 595062 346254 602111 262661 77980 496182 509633 404723 703905 338062 106566 273873 774814 260061 514753 180019
internal_count=5000000 2688124 2311876 966861 1382108 1345015 789396 371799 1306016 555619 352398 607294 191780 443142 595062 346254 602111 262661 77980 496182 509633 404723 703905 338062 106566 273873 774814 260061 514753 180019
cat_boundaries=0 1 2 3 4 5 6 7 8 9 10
cat_threshold=12583167 8388863 522240 896 6150 12583167 14680319 14680575 12583039 14680191
is_linear=0
shrinkage=0.1


Tree=16
num_leaves=31
num_cat=12
split_feature=10 9 14 14 9 75 75 0 72 76 0 72 76 49 14 76 0 76 0 75 76 76 0 0 0 75 49 76 0 76
split_gain=1.13625e+07 1.70184e+06 1.42835e+06 377700 323342 259416 197892 176129 167871 140454 154189 134500 121889 114349 109443 101384 113052 97686 91348.2 90204.2 87586.6 87568.7 86872.3 69371 68542.2 65839.8 64925 61749.9 105209 59450.7
threshold=13.250000000000002 3.8500000238418584 21.050000190734867 -1.0000000180025095e-35 24.44999980926514 0 1 -5.8500001430511466 36.24749946594239 2 18.150000572204593 36.436649322509773 3 1.6500000357627871 28.250000000000004 4 15.650000095367433 5 9.0500001907348651 6 7 8 -1.0000000180025095e-35 9.2500000000000018 23.44999980926514 9 2.5499999523162846 10 0.45000000298023229 11
decision_type=10 8 8 10 8 1 1 2 2 1 2 2 1 8 8 1 2 1 2 1 1 1 2 2 2 1 10 1 2 1
left_child=1 3 6 7 25 8 20 17 12 -7 21 15 -3 -5 -6 19 29 -1 -14 -8 -2 -11 -15 -23 -22 -4 -13 28 -9 -17
right_child=2 5 4 13 14 9 11 27 -10 10 -12 26 18 22 -16 16 -18 -19 -20 -21 24 23 -24 -25 -26 -27 -28 -29 -30 -31
leaf_value=-0.32145324662848473 0.17518135432534096 -0.023707036061973493 0.19003613865491462 -0.14700721755229612 0.24249764710902666 0.035303936194210274 0.17814543950562817 -0.38249859394975849 -0.21661184204813849 -0.13952172495313928 0.033889959133202439 0.010069138595210471 -0.18018238763744565 -0.34668381376779128 0.33155641381307138 -0.0088013659403327112 0.070493835668290344 -0.50675788715824432 -0.071465092156194343 0.04932474457502397 0.059435868717920198 -0.11153774298706841 -0.21096472007680322 0.0013113533288302871 0.15370900761990927 0.11747549919781881 -0.10740892460940653 -0.2292715375947342 -0.25080779702185119 -0.17881548931276592
leaf_weight=51460 182909 145980 483624 256408 416687 175660 119123 115837 165706 218221 118581 154502 182606 59236 206302 78242 239338 64120 134001 100019 238705 100017 231399 119626 113933 168853 67638 136000 127372 27895
leaf_count=51460 182909 145980 483624 256408 416687 175660 119123 115837 165706 218221 118581 154502 182606 59236 206302 78242 239338 64120 134001 100019 238705 100017 231399 119626 113933 168853 67638 136000 127372 27895
internal_value=-2.0726e-06 -0.156766 0.144962 -0.252946 0.220462 -0.0831079 0.0721356 -0.316256 -0.130246 -0.0426521 -0.0672616 0.0402164 -0.0993105 -0.195683 0.271989 0.0661514 0.0323988 -0.424326 -0.134165 0.119355 0.119024 -0.0946567 -0.238626 -0.0500735 0.0898918 0.171263 -0.025701 -0.283318 -0.313517 -0.0535023
internal_weight=5e+06 2.40223e+06 2.59777e+06 1.04183e+06 1.27547e+06 1.3604e+06 1.3223e+06 494789 628293 732105 556445 786757 462587 547043 622989 564617 345475 115580 316607 219142 535547 437864 290635 219643 352638 652477 222140 379209 243209 106137
internal_count=5000000 2402230 2597770 1041832 1275466 1360398 1322304 494789 628293 732105 556445 786757 462587 547043 622989 564617 345475 115580 316607 219142 535547 437864 290635 219643 352638 652477 222140 379209 243209 106137
cat_boundaries=0 1 2 3 4 5 6 7 8 9 10 11 12
cat_threshold=4110 960 8388735 127 8389247 8388735 1072 15728703 522240 960 1047552 7340416
is_linear=0
shrinkage=0.1


Tree=17
num_leaves=31
num_cat=10
split_feature=10 10 10 14 14 72 75 75 76 0 72 48 0 76 48 76 8 0 72 0 75 76 0 0 88 76 76 0 0 76
split_gain=9.22502e+06 1.46257e+06 1.12365e+06 313250 288544 197480 179001 170650 155796 155806 140573 124115 118041 123873 112438 98033.9 97140.8 96338.9 91581.8 72029.6 67427.2 85064.9 65344.5 63379.3 62576.7 58172.8 55243.7 68105.7 52374.9 50653.5
threshold=11.84999990463257 20.050000190734867 0.84999999403953563 25.050000190734867 7.4500000476837167 42.466650009155281 0 1 2 22.050000190734867 30.90164947509766 1.8499999642372134 2.8500000238418584 3 2.4500000476837163 4 26.44999980926514 17.44999980926514 39.536699295043952 8.2500000000000018 5 6 22.550000190734867 11.84999990463257 1.7500000000000002 7 8 -7.5499999523162833 5.8500001430511483 9
decision_type=10 8 8 8 10 2 1 1 1 2 2 8 2 1 10 1 10 2 2 2 1 1 2 2 8 1 1 2 2 1
left_child=2 6 5 20 12 -1 8 26 18 -10 -8 -6 13 -4 25 -14 -5 24 -2 -17 21 -3 -23 -16 -13 -12 -7 -28 -26 -30
right_child=1 3 4 16 11 7 10 -9 9 -11 14 17 15 -15 23 19 -18 -19 -20 -21 -22 22 -24 -25 28 -27 27 -29 29 -31
leaf_value=-0.21597359191163706 0.15863779665905442 0.23125362116233672 -0.1294874903086822 0.20819290843981497 -0.018065305425932921 -0.28366797447394876 0.15993711251145737 -0.2105036583395381 -0.0075221210971862257 0.10987546842310608 0.04931158412776479 -0.044253798465967137 -0.043824270369891831 -0.25941435140520491 -0.19244519754411038 -0.18669011672029484 0.28969034159790846 0.012028931278901192 0.060103038098373862 -0.10235626060323398 0.10606226120079652 0.092920302522544809 0.17272445350956961 -0.048871060819179662 -0.25303038266187383 -0.043452516134828714 -0.52159221254760035 -0.36793606593422618 -0.049474061306421624 -0.16613189137407908
leaf_weight=380291 232147 160793 140300 317003 355970 46158 46445 87128 318793 175164 170826 69353 131941 154025 46655 195814 271534 60698 158883 209771 238967 151547 317689 90170 42435 111862 39542 106639 54673 116784
leaf_count=380291 232147 160793 140300 317003 355970 46158 46445 87128 318793 175164 170826 69353 131941 154025 46655 195814 271534 60698 158883 209771 238967 151547 317689 90170 42435 111862 39542 106639 54673 116784
internal_value=-1.99789e-06 0.119986 -0.153768 0.189461 -0.106775 -0.262874 0.0450285 -0.326695 0.0714408 0.034108 -0.00513744 -0.0594583 -0.146586 -0.197494 -0.0234132 -0.118712 0.245793 -0.102299 0.118598 -0.143069 0.151309 0.168467 0.146947 -0.0978274 -0.126799 0.0126043 -0.379298 -0.409472 -0.153563 -0.128945
internal_weight=5e+06 2.80848e+06 2.19152e+06 1.45753e+06 1.53176e+06 659758 1.35094e+06 279467 884987 493957 465958 699913 831851 294325 419513 537526 588537 343943 391030 405585 868996 630029 469236 136825 283245 282688 192339 146181 213892 171457
internal_count=5000000 2808478 2191522 1457533 1531764 659758 1350945 279467 884987 493957 465958 699913 831851 294325 419513 537526 588537 343943 391030 405585 868996 630029 469236 136825 283245 282688 192339 146181 213892 171457
cat_boundaries=0 1 2 3 4 5 6 7 8 9 10
cat_threshold=2016 4102 12583935 8388671 15728703 960 8388735 8389631 63 14680575
is_linear=0
shrinkage=0.1


Tree=18
num_leaves=31
num_cat=9
split_feature=9 13 10 0 76 48 76 0 13 0 14 3 76 0 75 72 90 76 0 73 76 0 76 76 0 0 76 48 0 0
split_gain=7.50178e+06 1.2561e+06 852743 369180 209576 202331 172500 187192 155682 143969 116914 105758 87806.6 112172 84449 85938.6 81943.4 81523.7 80901.7 80302.5 75050.9 74517.8 88938.9 67983.7 64375.8 63909 87710.5 56251 54841.6 53340.2
threshold=13.949999809265138 5.0499999523162851 22.349999427795414 0.25000000745058065 0 2.3500000238418584 1 19.94999980926514 28.250000000000004 10.050000190734865 11.050000190734865 16.550000190734867 2 10.250000000000002 3 42.635850906372077 1.0000000180025095e-35 4 13.949999809265138 142.07500457763675 5 21.750000000000004 6 7 14.750000000000002 20.150000572204593 8 2.4500000476837163 2.8500000238418584 6.0499999523162851
decision_type=10 10 8 2 1 8 1 2 8 2 8 10 1 2 1 2 10 1 2 2 1 2 1 1 2 2 1 10 2 2
left_child=1 3 6 4 19 10 11 17 21 20 -3 16 13 -5 15 -6 27 18 -8 -1 -7 23 -23 -4 -19 26 -11 -2 -22 -14
right_child=2 5 8 12 14 9 7 -9 -10 25 -12 -13 29 -15 -16 -17 -18 24 -20 -21 28 22 -24 -25 -26 -27 -28 -29 -30 -31
leaf_value=-0.29473475413539901 0.11034217740980286 -0.057093982447486959 0.15405674107813205 -0.21092020454381127 -0.1950273686617722 -0.10630766490125276 -0.039817939518084822 0.090392163188817043 0.26447273549784639 -0.12787513047856927 0.019262760069982836 0.15396546916325696 -0.12851824737383483 -0.086263113975332983 -0.11438424321446483 -0.31361740667126964 -0.070582226193858622 -0.23672254476252486 0.079356313964695877 -0.43232422340871612 -0.47570573267798616 0.25528680018888067 0.16658403163204316 0.030376929141267908 -0.041294583562960674 0.054223981570748883 -0.0013912606755381817 0.012685748358640454 -0.20229979454029112 -0.02185080605238467
leaf_weight=109284 275816 461291 210387 290674 163129 113970 100007 375942 229784 136460 354729 300665 242296 96035 68177 97708 35203 19362 132346 69329 7888 159435 389456 56370 130222 44276 91652 75028 104952 58127
leaf_count=109284 275816 461291 210387 290674 163129 113970 100007 375942 229784 136460 354729 300665 242296 96035 68177 97708 35203 19362 132346 69329 7888 159435 389456 56370 130222 44276 91652 75028 104952 58127
internal_value=-1.95799e-06 -0.122003 0.122977 -0.196226 -0.260899 -0.0545786 0.0731937 0.0402984 0.191768 -0.104726 -0.0239012 0.109496 -0.148447 -0.179958 -0.213532 -0.239441 0.0748645 -0.00900794 0.0280613 -0.348121 -0.163578 0.171286 0.192357 0.127928 -0.0665861 -0.0557213 -0.0770615 0.0894583 -0.221392 -0.107876
internal_weight=5e+06 2.50998e+06 2.49002e+06 1.19476e+06 507627 1.31522e+06 1.44459e+06 757879 1.04543e+06 499198 816020 686712 687132 386709 329014 260837 386047 381937 232353 178613 226810 815648 548891 266757 149584 272388 228112 350844 112840 300423
internal_count=5000000 2509977 2490023 1194759 507627 1315218 1444591 757879 1045432 499198 816020 686712 687132 386709 329014 260837 386047 381937 232353 178613 226810 815648 548891 266757 149584 272388 228112 350844 112840 300423
cat_boundaries=0 1 2 3 4 5 6 7 8 9
cat_threshold=2096128 8390655 522240 4102 7864320 12583039 14680191 12583039 260096
is_linear=0
shrinkage=0.1


Tree=19
num_leaves=31
num_cat=12
split_feature=9 14 10 0 76 76 0 75 75 76 75 76 72 0 75 76 72 75 72 0 0 73 76 0 72 75 0 78 72 72
split_gain=6.07761e+06 991982 717117 303571 177585 177528 159173 149976 147138 138646 131140 107899 100768 100573 94731.5 90213.9 87219.9 82426.3 84174.1 81499.9 73020.4 72269.8 68902 75158.4 64284.7 66861.3 55743.2 54890.3 51832.7 48419.5
threshold=13.750000000000002 5.0499999523162851 22.050000190734867 1.0500000119209292 0 1 15.750000000000002 2 3 4 5 6 38.602500915527351 17.250000000000004 7 8 36.37919998168946 9 41.927499771118171 5.2500000000000009 11.449999809265138 142.07500457763675 10 24.849999427795414 36.851650238037116 11 22.94999980926514 1.0000000180025095e-35 39.744998931884773 30.90164947509766
decision_type=10 10 8 2 1 1 2 1 1 1 1 1 2 2 1 1 2 1 2 2 2 2 1 2 2 1 2 10 2 2
left_child=1 3 8 5 6 21 19 9 22 28 16 24 -12 -13 -14 -5 -6 18 -7 -3 -17 -1 23 -2 25 -10 27 -9 -4 -15
right_child=2 4 7 15 10 17 -8 26 11 -11 12 13 14 29 -16 20 -18 -19 -20 -21 -22 -23 -24 -25 -26 -27 -28 -29 -30 -31
leaf_value=-0.26650821158225085 0.034518913520440481 -0.29102045747464778 0.27805855015838604 -0.055876854199760018 -0.054674602641867166 -0.17516952057422044 -0.016784820002700214 0.11470893799804037 0.12573082736720484 0.16153698109603909 0.040136978348800506 -0.065645239997148247 0.038570132666926146 0.16587953264450908 -0.092955431541802636 -0.16462741493493746 -0.20669114420773341 -0.10910894160094323 -0.2785208387593926 -0.1233232061295426 -0.052133644756827774 -0.40396033187174218 0.13276472615422799 0.13457480654148826 -0.0017906411922543445 0.030265697776070955 0.16908514711772213 -0.035821156068944919 0.15884440228254187 0.021294328581252908
leaf_weight=104789 230227 32292 218383 135789 211651 192809 155205 262201 198112 343328 328709 160417 85787 26613 151394 401424 45934 89687 133275 282597 67388 60243 301127 111401 99637 116542 203959 26690 43783 178607
leaf_count=104789 230227 32292 218383 135789 211651 192809 155205 262201 198112 343328 328709 160417 85787 26613 151394 401424 45934 89687 133275 282597 67388 60243 301127 111401 99637 116542 203959 26690 43783 178607
internal_value=-1.71088e-06 -0.111184 0.109326 -0.177265 -0.050628 -0.228897 -0.0996662 0.170026 0.0624635 0.203367 -0.0226323 0.0332673 0.00429186 -0.00632507 -0.0453857 -0.127665 -0.0817799 -0.194047 -0.217404 -0.140521 -0.148454 -0.316664 0.0978885 0.067144 0.0682092 0.0903773 0.129057 0.100802 0.258139 0.0400442
internal_weight=5e+06 2.47897e+06 2.52103e+06 1.1854e+06 1.29357e+06 580803 470094 1.09834e+06 1.42268e+06 605494 823475 779928 565890 365637 237181 604601 257585 415771 326084 314889 468812 165032 642755 341628 414291 314654 492850 288891 262166 205220
internal_count=5000000 2478973 2521027 1185404 1293569 580803 470094 1098344 1422683 605494 823475 779928 565890 365637 237181 604601 257585 415771 326084 314889 468812 165032 642755 341628 414291 314654 492850 288891 262166 205220
cat_boundaries=0 1 2 3 4 5 6 7 8 9 10 11 12
cat_threshold=8384512 1046528 384 960 12583039 4102 12583935 992 15728703 4102 1047552 1072
is_linear=0
shrinkage=0.1


Tree=20
num_leaves=31
num_cat=9
split_feature=9 9 14 0 14 48 76 76 0 0 74 24 6 75 75 12 48 0 76 0 76 88 0 76 76 76 0 48 86 0
split_gain=4.93601e+06 779499 626660 218000 178715 162805 140194 119576 112420 110742 93680.1 79962.5 71321.5 68759.6 67552.3 65946.6 64382.5 64666.9 61380.4 72628 54200.4 52555.5 51626.6 48425.5 47514.9 46855.2 49703.9 46228.5 45769.2 45438.9
threshold=12.050000190734865 20.150000572204593 3.8500000238418584 -0.84999999403953541 24.750000000000004 1.7500000000000002 0 1 22.94999980926514 16.050000190734867 69.500000000000014 1.0000000180025095e-35 15.449999809265138 2 3 33.049999237060554 1.8499999642372134 14.750000000000002 4 20.849999427795414 5 2.0499999523162846 -8.6500000953674299 6 7 8 7.2500000000000009 1.8499999642372134 4.4500000476837167 -7.5499999523162833
decision_type=10 10 10 2 8 8 1 1 2 2 2 2 8 1 1 8 8 2 1 2 1 8 2 1 1 1 2 8 8 2
left_child=2 6 3 7 18 13 16 29 12 10 21 15 -8 -4 23 -6 -2 -18 -3 24 -12 -7 -9 -5 -20 26 -15 -24 -23 -1
right_child=1 4 5 14 11 9 8 22 -10 -11 20 -13 -14 25 -16 -17 17 -19 19 -21 -22 28 27 -25 -26 -27 -28 -29 -30 -31
leaf_value=-0.49833646169659956 0.09376945162757315 0.16538059667705771 0.040886296489469419 -0.18622886676075878 0.18414786400595673 -0.020371812976803964 -0.064460185355075306 -0.28231355779597939 0.088411507454047022 -0.0016763655071158051 -0.10601211539377396 0.057319698220056649 0.0096273630111797515 -0.20495221729743324 -0.066414642234237584 0.36296494466554879 -0.033223526120520777 0.072821638876765335 0.064587011736316452 0.11856395097420176 -0.21480619980400018 -0.22827604292214079 -0.13408812067000622 -0.12304172083160828 -0.08413257284902774 -0.023440248814083072 -0.057197460182077102 -0.22389231897352327 -0.092689267994802316 -0.29404082887680166
leaf_weight=12311 386625 157332 127504 203306 550383 93345 193409 53243 128898 100533 75781 48664 395930 31277 125171 21427 100615 134208 187042 450649 116002 28338 131685 301294 24263 336453 83677 101506 205005 94124
leaf_count=12311 386625 157332 127504 203306 550383 93345 193409 53243 128898 100533 75781 48664 395930 31277 125171 21427 100615 134208 187042 450649 116002 28338 131685 301294 24263 336453 83677 101506 205005 94124
internal_value=-1.49371e-06 0.088807 -0.111162 -0.168658 0.139891 -0.0620789 0.033907 -0.227115 0.00381575 -0.0977306 -0.116356 0.180376 -0.0146867 -0.0239581 -0.132191 0.190849 0.0686838 0.0273843 0.109231 0.0958809 -0.171834 -0.0837872 -0.193459 -0.148503 0.0475094 -0.0422739 -0.0973905 -0.173179 -0.109155 -0.317641
internal_weight=5e+06 2.77944e+06 2.22056e+06 1.02264e+06 1.43976e+06 1.19792e+06 1.33968e+06 392869 718237 619004 518471 620474 589339 578911 629771 571810 621448 234823 819286 661954 191783 326688 286434 504600 211305 451407 114954 233191 233343 106435
internal_count=5000000 2779445 2220555 1022640 1439760 1197915 1339685 392869 718237 619004 518471 620474 589339 578911 629771 571810 621448 234823 819286 661954 191783 326688 286434 504600 211305 451407 114954 233191 233343 106435
cat_boundaries=0 1 2 3 4 5 6 7 8 9
cat_threshold=2047 1046528 1008 4110 63 14680319 258048 16253120 8384512
is_linear=0
shrinkage=0.1


Tree=21
num_leaves=31
num_cat=10
split_feature=8 9 8 0 76 0 76 76 76 76 0 5 2 0 75 84 75 72 76 0 16 76 72 76 0 72 0 0 12 1
split_gain=4.01303e+06 645691 508142 184273 167304 166466 162364 136040 104021 101000 97133.2 88771.1 83813 74601.2 73075.4 72871.4 73997 67631.7 62414.8 55895.4 53426.8 52231.1 49373.4 45676.4 43842.5 43654.3 42674.3 41743.8 40651.8 39728.4
threshold=13.449999809265138 5.2500000000000009 22.050000190734867 -3.8500000238418575 0 10.050000190734865 1 2 3 4 24.650000572204593 18.349999427795414 23.44999980926514 3.4500000476837163 5 1.0000000180025095e-35 6 39.536699295043952 7 20.349999427795414 8.4499998092651385 8 35.760000228881843 9 5.4500000476837167 40.354150772094734 -10.15000009536743 5.4500000476837167 9.0500001907348651 14.750000000000002
decision_type=10 10 10 2 1 2 1 1 1 1 2 8 8 2 1 10 1 2 1 2 10 1 2 1 2 2 2 2 8 8
left_child=1 3 6 9 15 21 11 12 13 -1 -9 -2 -4 -5 17 16 -3 23 19 -7 -10 27 -16 -8 -17 -18 -11 -6 -23 -15
right_child=2 4 7 8 5 18 14 10 20 26 -12 -13 -14 29 22 24 25 -19 -20 -21 -22 28 -24 -25 -26 -27 -28 -29 -30 -31
leaf_value=-0.14530392675663326 -0.032983482689559154 -0.038507802851123409 0.140713323843984 -0.20142266643911344 -0.13134765178081836 -0.084892676070023695 0.15693242322692702 0.061681215479016442 -0.10816012558246371 -0.41916937582610142 0.14136540318957438 0.041605552974239013 0.22563922847911197 -0.13680681008903772 0.050262972382828688 -0.32278583777992115 0.089099472114771858 0.04577636038649064 0.014498715206918712 0.039839764994843353 -0.021002852502600533 -0.13980291302741829 -0.077940697184460048 0.090288299561795127 -0.060454447572830708 -0.004035951561478064 -0.25970490068687757 -0.050883505478101637 -0.28508731766972945 -0.015982818356652755
leaf_weight=88131 262154 111429 254669 220876 124257 183687 176969 261493 442527 19959 368626 407711 213735 239982 153389 8288 163157 185604 215912 44662 83622 91093 37355 245849 27541 72774 105422 134009 24423 30695
leaf_count=88131 262154 111429 254669 220876 124257 183687 176969 261493 442527 19959 368626 407711 213735 239982 153389 8288 163157 185604 215912 44662 83622 91093 37355 245849 27541 72774 105422 134009 24423 30695
internal_value=-1.45089e-06 -0.0920442 0.0871979 -0.142935 -0.0398834 -0.0654251 0.0487279 0.138643 -0.125215 -0.227397 0.108296 0.0124147 0.179462 -0.158293 0.0791647 0.0146451 0.028651 0.0960965 -0.0240484 -0.060494 -0.0943062 -0.114605 0.0251545 0.118188 -0.121137 0.0603689 -0.285067 -0.089593 -0.170505 -0.123105
internal_weight=5e+06 2.43245e+06 2.56755e+06 1.23121e+06 1.20123e+06 818043 1.46903e+06 1.09852e+06 1.0177e+06 213512 630119 669865 468404 491553 799166 383189 347360 608422 444261 228349 526149 373782 190744 422818 35829 235931 125381 258266 115516 270677
internal_count=5000000 2432446 2567554 1231214 1201232 818043 1469031 1098523 1017702 213512 630119 669865 468404 491553 799166 383189 347360 608422 444261 228349 526149 373782 190744 422818 35829 235931 125381 258266 115516 270677
cat_boundaries=0 1 2 3 4 5 6 7 8 9 10
cat_threshold=127 8384512 8389119 4190208 127 2016 4102 258048 16253312 63
is_linear=0
shrinkage=0.1


Tree=22
num_leaves=31
num_cat=11
split_feature=8 9 0 76 76 0 76 0 0 24 75 48 76 74 0 76 0 76 14 73 72 87 75 2 0 75 24 76 12 75
split_gain=3.25247e+06 539218 409304 268850 254036 152546 140339 129431 122499 105543 93342.5 92702.4 85992.4 80562.9 71133.8 70016.7 62393.7 61944.7 59877.9 59004.2 52774 49476.6 48784.7 48319.9 46476.4 44876.4 41813.9 41662 41362.8 38975.6
threshold=13.650000095367433 5.4500000476837167 20.650000572204593 0 1 -3.8500000238418575 2 9.0500001907348651 26.650000572204593 1.0000000180025095e-35 3 1.2500000000000002 4 65.500000000000014 14.449999809265138 5 13.34999990463257 6 14.449999809265138 140.11250305175784 40.354150772094734 1.0000000180025095e-35 7 19.349999427795414 24.050000190734867 8 1.0000000180025095e-35 9 10.449999809265138 10
decision_type=10 10 2 1 1 2 1 2 2 2 1 8 1 2 2 1 2 1 10 2 2 10 1 10 2 1 2 1 8 1
left_child=1 5 3 9 8 12 21 15 -4 10 20 -7 -1 19 18 -8 -11 23 -5 -13 -2 25 -15 26 -6 -3 -9 -16 -17 -21
right_child=2 6 4 14 24 11 7 17 -10 16 -12 13 -14 22 27 28 -18 -19 -20 29 -22 -23 -24 -25 -26 -27 -28 -29 -30 -31
leaf_value=-0.14424608635303465 0.13937047737689978 -0.021540765786861718 0.047045789886823758 -0.06153760875193362 0.14379688877913382 -0.068892890354735808 -0.066975134931091973 -0.090186699444977328 0.13009138135182982 -0.23715340499093407 0.042435209117246013 -0.051112066921539072 -0.27134167228657868 -0.18629655766648431 0.036270058078212451 -0.13934840136237159 0.0034634240637708017 0.012633741869997406 -0.26518916576267204 -0.16323807927616121 0.062672643964160182 -0.10423092203513376 -0.10016638253910155 0.030363934068773375 0.20211503372770345 0.069708383919386482 0.063626048404119034 -0.032256041506069505 -0.3363267582931968 -0.064935192030230016
leaf_weight=112231 293725 77860 439152 71693 299565 339018 259092 195365 298258 12811 292127 151008 101442 273744 154283 116118 67869 271137 18078 137569 129163 25612 86672 52973 251286 175098 19432 208755 11738 57126
leaf_count=112231 293725 77860 439152 71693 299565 339018 259092 195365 298258 12811 292127 151008 101442 273744 154283 116118 67869 271137 18078 137569 129163 25612 86672 52973 251286 175098 19432 208755 11738 57126
internal_value=-1.29024e-06 -0.0818495 0.0794744 0.0386717 0.119018 -0.127615 -0.0340174 -0.0527409 0.0806339 0.0736773 0.0859121 -0.111875 -0.204605 -0.132511 -0.0228427 -0.0968659 -0.0347436 -0.0210591 -0.102549 -0.0980223 0.115942 0.0282129 -0.165592 -0.0551739 0.170397 0.041624 -0.0762718 -0.00313388 -0.15742 -0.134406
internal_weight=5e+06 2.46324e+06 2.53676e+06 1.2485e+06 1.28826e+06 1.25881e+06 1.20442e+06 925855 737410 795695 715015 1.04514e+06 213673 706119 452809 386948 80680 538907 89771 345703 422888 278570 360416 267770 550851 252958 214797 363038 127856 194695
internal_count=5000000 2463235 2536765 1248504 1288261 1258810 1204425 925855 737410 795695 715015 1045137 213673 706119 452809 386948 80680 538907 89771 345703 422888 278570 360416 267770 550851 252958 214797 363038 127856 194695
cat_boundaries=0 1 2 3 4 5 6 7 8 9 10 11
cat_threshold=14680319 1048064 62 992 8388863 15728833 520192 4110 4102 1573632 4110
is_linear=0
shrinkage=0.1


Tree=23
num_leaves=31
num_cat=9
split_feature=75 72 75 75 76 72 0 76 76 72 76 75 0 72 36 87 76 72 74 0 90 72 0 74 48 12 24 43 49 0
split_gain=2.65776e+06 613284 345138 235175 222240 181925 181257 169469 120690 117125 115280 111472 109073 92025.2 62033.3 59855.2 53349.8 52915.8 51985.8 47439.6 47326.7 42467.2 42247.3 39261.6 42004.1 38158.2 36865.9 34597.8 33521.4 32772.4
threshold=0 35.808349609375007 1 2 3 30.90164947509766 21.849999427795414 4 5 42.466650009155281 6 7 12.050000190734865 38.80584907531739 1.0000000180025095e-35 1.0000000180025095e-35 8 38.132501602172859 143.50000000000003 26.250000000000004 1.0000000180025095e-35 41.475000381469734 6.6499998569488534 80.500000000000014 1.6500000357627871 3.0499999523162846 1.0000000180025095e-35 1.0000000180025095e-35 1.3499999642372134 26.44999980926514
decision_type=1 2 1 1 1 2 2 1 1 2 1 1 2 2 8 10 1 2 2 2 10 2 2 2 8 8 2 10 10 2
left_child=2 5 8 9 13 -2 16 12 17 23 22 -9 18 14 20 21 -6 -1 -7 -10 -4 -12 -5 -3 -25 -11 -15 -14 -20 -8
right_child=1 3 4 10 6 7 29 11 19 25 15 -13 27 26 -16 -17 -18 -19 28 -21 -22 -23 -24 24 -26 -27 -28 -29 -30 -31
leaf_value=0.19626701343927233 0.11605268586299688 -0.10235532018766831 0.10664727168778686 -0.16819348684736934 0.015141365299056384 -0.077713175928932898 0.047770678105670115 -0.037727371109706309 0.061520257062980879 -0.21490067822557732 0.0017093361351217286 0.054305548778979029 -0.0062633761439991158 0.045733070234929056 0.20985156254603454 -0.16099492681718708 -0.048955607227484356 0.11465986072832113 -0.10573340508711354 0.12330506988078344 -0.0051261327178899656 -0.072769917971800768 -0.092608024204729744 -0.12161539802270099 -0.20640029580159297 -0.4371328433888893 -0.092751965337520684 -0.14959707977463885 -0.21259158979776105 0.11381878969497834
leaf_weight=234439 90655 215735 436468 123754 212604 187662 251868 261770 249981 203671 204125 264654 202608 213493 54179 36652 333614 120192 55309 247128 41482 122500 183736 124331 110245 8031 21125 18367 62564 107058
leaf_count=234439 90655 215735 436468 123754 212604 187662 251868 261770 249981 203671 204125 264654 202608 213493 54179 36652 333614 120192 55309 247128 41482 122500 183736 124331 110245 8031 21125 18367 62564 107058
internal_value=-1.33922e-06 -0.0736012 0.0722202 -0.119699 0.0458239 -0.0198776 0.0122671 -0.0315809 0.124033 -0.161983 -0.0779637 0.00854134 -0.0716954 0.0854369 0.108442 -0.0398203 -0.0240078 0.168604 -0.110404 0.0922335 0.0969463 -0.0262239 -0.123025 -0.133145 -0.161462 -0.223331 0.0332639 -0.018177 -0.162451 0.0674711
internal_weight=5e+06 2.47637e+06 2.52363e+06 1.33278e+06 1.67189e+06 1.14359e+06 905144 1.05293e+06 851740 662013 670767 526424 526510 766747 532129 363277 546218 354631 305535 497109 477950 326625 307490 450311 234576 211702 234618 220975 117873 358926
internal_count=5000000 2476369 2523631 1332780 1671891 1143589 905144 1052934 851740 662013 670767 526424 526510 766747 532129 363277 546218 354631 305535 497109 477950 326625 307490 450311 234576 211702 234618 220975 117873 358926
cat_boundaries=0 1 2 3 4 5 6 7 8 9
cat_threshold=2016 384 4102 15728767 4193280 14680191 524032 4102 525184
is_linear=0
shrinkage=0.1


Tree=24
num_leaves=31
num_cat=5
split_feature=0 76 76 75 0 0 0 90 72 49 74 75 73 48 72 72 72 37 81 75 0 13 74 12 0 12 12 88 24 0
split_gain=2.18599e+06 515720 332209 315599 234850 207282 161444 136237 108621 89959.3 94186.3 75501.4 71211.8 55842.3 48606.2 48238.2 45721.2 38383.1 37498.2 37368.5 37213 41363.5 34847 34055.3 34006.3 32562.4 32401.7 31040.8 30662.3 30288.2
threshold=13.750000000000002 0 1 2 24.050000190734867 2.2500000000000004 22.44999980926514 1.0000000180025095e-35 37.249149322509773 1.1500000357627871 65.500000000000014 3 141.52664947509768 1.4499999880790713 38.316650390625007 30.90164947509766 40.670848846435554 1.0000000180025095e-35 1.0000000180025095e-35 4 18.750000000000004 18.250000000000004 291.50000000000006 34.049999237060554 28.150000572204593 13.050000190734865 18.050000190734867 1.4499999880790713 1.0000000180025095e-35 9.0500001907348651
decision_type=2 1 1 1 2 2 2 10 2 10 2 1 2 8 2 2 2 8 10 1 2 10 2 8 2 8 10 8 2 2
left_child=1 3 4 8 15 12 13 11 22 -7 25 14 -3 17 -5 -2 -13 18 -4 -14 21 28 -1 -8 -6 -11 29 -12 -17 -9
right_child=2 5 6 7 24 9 23 26 -10 10 27 16 19 -15 -16 20 -18 -19 -20 -21 -22 -23 -24 -25 -26 -27 -28 -29 -30 -31
leaf_value=-0.021781596616123736 0.11047037576944513 -0.13771071846574687 0.098301299533744058 0.040253539494844559 0.060614716482218056 -0.033101053074358143 0.14629006921470042 -0.1673398776380095 -0.13694769366893908 -0.061248377649103271 -0.081845332254280284 0.11364467409300248 -0.2781430855659241 0.047488627765434235 -0.031223703814818857 -0.039826570198414027 0.02506965935557395 0.17844700886168896 -0.0010237436353922838 -0.17787982274156522 0.0087061495627256801 -0.20285699334161089 -0.1022127529304542 0.33743903863473051 0.11525422548560811 -0.18135302448763371 -0.3810644648379895 -0.16235006998833085 0.064450691173017105 -0.012979705328071717
leaf_weight=220617 33679 239385 386601 224363 268450 249508 424060 30086 200993 334489 60310 155590 71204 386930 165182 280027 93176 53393 42154 78199 393813 14370 71267 9530 197859 24207 4526 232664 31356 22012
leaf_count=220617 33679 239385 386601 224363 268450 249508 424060 30086 200993 334489 60310 155590 71204 386930 165182 280027 93176 53393 42154 78199 393813 14370 71267 9530 197859 24207 4526 232664 31356 22012
internal_value=-1.20875e-06 -0.0667126 0.0655347 -0.0191684 0.0280252 -0.110491 0.10065 0.0242417 -0.080374 -0.0841621 -0.103712 0.0374295 -0.171521 0.0757847 0.0099442 -0.0065019 0.0804654 0.0984927 0.0885359 -0.225695 -0.0119767 -0.0369809 -0.0414198 0.150491 0.0837987 -0.0693538 -0.124417 -0.145778 -0.0293259 -0.102121
internal_weight=5e+06 2.47778e+06 2.52222e+06 1.18781e+06 1.21955e+06 1.28997e+06 1.30267e+06 694935 492877 901178 651670 638311 388788 869078 389545 753245 248766 482148 428755 149403 719566 325753 291884 433590 466309 358696 56624 292974 311383 52098
internal_count=5000000 2477778 2522222 1187812 1219554 1289966 1302668 694935 492877 901178 651670 638311 388788 869078 389545 753245 248766 482148 428755 149403 719566 325753 291884 433590 466309 358696 56624 292974 311383 52098
cat_boundaries=0 1 2 3 4 5
cat_threshold=14680191 1047552 4102 3592 6
is_linear=0
shrinkage=0.1


Tree=25
num_leaves=31
num_cat=7
split_feature=0 76 76 0 75 0 0 24 72 91 72 73 75 85 12 74 87 76 0 36 0 12 75 75 73 48 24 42 20 74
split_gain=1.77891e+06 393813 298062 236183 207082 164988 137089 118599 86096.4 80331.3 63436.6 55818.2 52907.2 51141.4 52075 47159.8 46883.7 44148.9 43485 39972.1 39610.6 39586.8 37957 31915 30725.9 30160.9 30152.5 33527.5 29669.4 29141.4
threshold=12.650000095367433 0 1 22.650000572204593 2 1.8499999642372134 19.849999427795414 1.0000000180025095e-35 38.379999160766609 1.4499999880790713 40.354150772094734 142.07500457763675 3 1.5500000119209292 12.84999990463257 69.500000000000014 1.0000000180025095e-35 4 27.750000000000004 1.0000000180025095e-35 24.349999427795414 21.44999980926514 5 6 129.97499847412112 1.0500000119209292 1.0000000180025095e-35 1.0000000180025095e-35 13.34999990463257 189.00000000000003
decision_type=2 1 1 2 1 2 2 2 2 8 2 2 1 8 8 2 10 1 2 8 2 10 1 1 2 10 2 10 8 2
left_child=1 4 3 17 8 11 16 10 28 -7 12 -3 -6 -11 15 -15 -4 24 -5 20 -8 -18 -12 -13 -2 -17 27 -26 29 -1
right_child=2 5 6 18 7 9 19 -9 -10 13 22 23 -14 14 -16 25 21 -19 -20 -21 -22 -23 -24 -25 26 -27 -28 -29 -30 -31
leaf_value=-0.0091737148142131322 0.084628413681736542 -0.13008384246987623 0.068092661795312398 0.048887438395387006 0.16215318193169023 -0.026076707669845062 0.094574824131310409 -0.13483725359966811 -0.13029993844321469 -0.044031961064855761 -0.056019958318672236 -0.2671061281317304 0.04547101782492996 -0.072677697206507283 -0.24094688943498063 -0.066759434759620193 0.023102365016261714 0.012613177543435062 0.10347331918828984 0.19999322720010526 0.14918073517609123 -0.14878511588269985 0.035770966322843899 -0.16275534617078413 -0.041293696224719172 -0.15421473357658011 0.037158831615944625 -0.14962029335694879 -0.27427456400390521 -0.076244745597076849
leaf_weight=183912 20395 280669 579801 389578 44617 230052 351685 44352 150959 154293 95175 55688 301043 258592 28535 50575 62351 357946 233362 61662 213477 17066 85521 62221 327188 179015 43779 31305 5181 100005
leaf_count=183912 20395 280669 579801 389578 44617 230052 351685 44352 150959 154293 95175 55688 301043 258592 28535 50575 62351 357946 233362 61662 213477 17066 85521 62221 327188 179015 43779 31305 5181 100005
internal_value=-1.17907e-06 -0.0643575 0.0552819 0.0234156 -0.0175414 -0.100767 0.0900591 0.0222046 -0.0690872 -0.0770704 0.0354377 -0.154339 0.0605381 -0.0945533 -0.109639 -0.101964 0.0582227 -0.0132293 0.0693361 0.123542 0.115201 -0.0138347 -0.0125777 -0.212076 -0.035114 -0.13495 -0.0411858 -0.0507532 -0.0371259 -0.0327984
internal_weight=5e+06 2.3104e+06 2.6896e+06 1.40355e+06 1.01076e+06 1.29964e+06 1.28604e+06 570708 440057 901062 526356 398578 345660 671010 516717 488182 659218 780613 622940 626824 565162 79417 180696 117909 422667 229590 402272 358493 289098 283917
internal_count=5000000 2310405 2689595 1403553 1010765 1299640 1286042 570708 440057 901062 526356 398578 345660 671010 516717 488182 659218 780613 622940 626824 565162 79417 180696 117909 422667 229590 402272 358493 289098 283917
cat_boundaries=0 1 2 3 4 5 6 7
cat_threshold=12583039 1048064 4102 480 258048 2072 6
is_linear=0
shrinkage=0.1


Tree=26
num_leaves=31
num_cat=6
split_feature=75 72 76 0 75 49 23 73 72 85 76 74 12 88 37 78 50 74 73 0 84 73 82 36 72 75 83 76 91 11
split_gain=1.45388e+06 369390 215029 189447 165663 96140.3 88726.7 85680.3 81465.4 71973.4 61261.3 53414.7 52125.5 47922.6 47820.7 48542.1 45734.7 42151.6 40889.4 40826.2 36031.1 34631.6 38230.8 29560.6 29380 28077.4 27251.1 26510.9 26439.6 26349.6
threshold=0 34.80999946594239 1 23.650000572204593 2 1.5500000119209292 20.050000190734867 142.07500457763675 30.90164947509766 1.5500000119209292 3 69.500000000000014 16.650000572204593 1.9499999880790713 1.0000000180025095e-35 1.0000000180025095e-35 1.9499999880790713 94.000000000000014 140.11250305175784 16.349999427795414 1.0000000180025095e-35 137.86834716796878 1.5500000119209292 1.0000000180025095e-35 41.828350067138679 4 14.150000095367433 5 1.5500000119209292 33.649999618530281
decision_type=1 2 1 2 1 8 8 2 2 8 1 2 8 8 8 10 8 2 2 2 10 2 8 8 2 1 8 1 8 8
left_child=2 8 6 10 5 24 14 12 -2 -10 25 18 16 -11 15 -1 -6 -18 -7 -12 23 22 -15 29 -3 -4 -24 -5 -13 -8
right_child=1 4 3 27 7 11 20 -9 9 13 19 28 -14 21 -16 -17 17 -19 -20 -21 -22 -23 26 -25 -26 -27 -28 -29 -30 -31
leaf_value=0.066221340233346013 0.092649819990393636 0.0035294656814717157 -0.042823480379184153 0.097931326285438103 -0.072069067686543239 -0.0041191920747475561 0.1234554743526337 -0.18268797669384612 0.037765474417964393 0.016788472589298581 -0.010817006705523755 -0.051490368640250354 -0.54105297162455879 0.016972917965426118 0.16048679128287721 -0.044545144473093462 -0.096154517956824059 -0.17077326720155506 -0.08302763248359997 0.047101144892644789 0.037829653980338031 0.057300524567479076 -0.12366039815257675 0.23282344772867947 -0.063823490094047863 0.011386281224171804 -0.053314836534550616 0.056105600919580723 -0.133826231161632 0.26768538878586212
leaf_weight=471871 90655 293905 290009 263031 381510 116889 299020 140603 224403 139449 192091 50601 2637 47943 48823 43185 210788 118130 149866 332149 39464 25590 91203 30426 83070 142483 138998 357852 170129 13227
leaf_count=471871 90655 293905 290009 263031 381510 116889 299020 140603 224403 139449 192091 50601 2637 47943 48823 43185 210788 118130 149866 332149 39464 25590 91203 30426 83070 142483 138998 357852 170129 13227
internal_value=-1.10713e-06 -0.0544367 0.0534151 0.0308106 -0.0800942 -0.049235 0.0911104 -0.111342 0.00370092 -0.00837792 0.00289485 -0.0785618 -0.0972751 -0.0317423 0.0659001 0.0569341 -0.0956279 -0.122954 -0.0484509 0.0258784 0.128313 -0.0540236 -0.0642657 0.138733 -0.0113124 -0.0249644 -0.0811849 0.0738271 -0.114951 0.129565
internal_weight=5e+06 2.47637e+06 2.52363e+06 1.57762e+06 1.71813e+06 864460 946016 853668 758241 667586 956732 487485 713065 443183 563879 515056 710428 328918 266755 524240 382137 303734 278144 342673 376975 432492 230201 620883 220730 312247
internal_count=5000000 2476369 2523631 1577615 1718128 864460 946016 853668 758241 667586 956732 487485 713065 443183 563879 515056 710428 328918 266755 524240 382137 303734 278144 342673 376975 432492 230201 620883 220730 312247
cat_boundaries=0 1 2 3 4 5 6
cat_threshold=2016 14680127 2072 522240 1568 1576896
is_linear=0
shrinkage=0.1


Tree=27
num_leaves=31
num_cat=9
split_feature=0 76 75 76 0 81 0 0 72 12 24 76 72 12 0 48 75 0 75 74 12 76 24 76 0 12 74 76 36 21
split_gain=1.20168e+06 336590 202066 173041 132888 117954 102092 87859.2 69645.6 64777.6 60239.3 62376.4 60187.3 55529.1 48894.3 43772.1 40029.5 38946.8 38802.6 34835.7 32605.8 32045.8 29762.7 29200.5 28326.8 28320.4 27760.9 27583.2 29450.7 27049.2
threshold=14.750000000000002 0 1 2 4.6499998569488534 1.0000000180025095e-35 25.349999427795414 22.849999427795414 38.602500915527351 13.050000190734865 1.0000000180025095e-35 3 38.316650390625007 8.6500000953674334 -7.5499999523162833 1.3499999642372134 4 10.84999990463257 5 63.500000000000007 18.150000572204593 6 1.0000000180025095e-35 7 8.8499999046325701 18.050000190734867 65.500000000000014 8 1.0000000180025095e-35 2.4500000476837163
decision_type=2 1 1 1 2 10 2 2 2 8 2 1 2 8 2 10 1 2 1 2 10 1 2 1 2 8 2 1 8 8
left_child=1 2 8 6 13 12 19 15 25 10 11 26 16 14 -3 27 -4 -11 -14 -2 24 22 -16 -19 -7 -1 -6 28 -5 -10
right_child=3 4 5 7 9 20 -8 -9 29 17 -12 -13 18 -15 21 -17 -18 23 -20 -21 -22 -23 -24 -25 -26 -27 -28 -29 -30 -31
leaf_value=-0.032337952461326487 0.018806410898457783 -0.2554913991938918 0.096420115708839516 0.09249488357772942 -0.060685200854467151 -0.14883483348067011 0.065152800928182361 0.10831429523411579 -0.098893848849889249 -0.33685982723768304 0.044788481855478846 -0.028846512980223338 -0.048683107563688072 -0.48267958085331658 -0.16384698950644341 0.033774601245716018 0.032126160730351024 -0.051372203896567409 0.02266406625269873 -0.028152734332392872 -0.30754663948990829 -0.093031203339494245 -0.04405852850941977 -0.19209975002110086 -0.014255401165844672 -0.34945968410567751 -0.12167568189072964 0.057321461350426567 0.21678281606899921 -0.2365992953466034
leaf_weight=364895 317460 25828 152275 170325 147747 31796 314669 485650 162279 9660 62424 340019 113830 4298 152048 457314 266057 30157 230698 314448 7186 280062 24018 28887 30781 2838 150801 284443 21468 15639
leaf_count=364895 317460 25828 152275 170325 147747 31796 314669 485650 162279 9660 62424 340019 113830 4298 152048 457314 266057 30157 230698 314448 7186 280062 24018 28887 30781 2838 150801 284443 21468 15639
internal_value=-9.71903e-07 -0.04646 -0.0123369 0.0517298 -0.0839058 0.0186596 0.0186135 0.073817 -0.0596346 -0.0580523 -0.0489702 -0.0581357 0.0300419 -0.124831 -0.12164 0.0558716 0.0555326 -0.150718 -0.00090937 -0.00456125 -0.105804 -0.114061 -0.147498 -0.120264 -0.0826366 -0.0347854 -0.0914893 0.0770907 0.106401 -0.110998
internal_weight=5e+06 2.63422e+06 1.37827e+06 2.36578e+06 1.25595e+06 832623 946577 1.4192e+06 545651 769695 700991 638567 762860 486254 481956 933550 418332 68704 344528 631908 69763 456128 176066 59044 62577 367733 298548 476236 191793 177918
internal_count=5000000 2634223 1378274 2365777 1255949 832623 946577 1419200 545651 769695 700991 638567 762860 486254 481956 933550 418332 68704 344528 631908 69763 456128 176066 59044 62577 367733 298548 476236 191793 177918
cat_boundaries=0 1 2 3 4 5 6 7 8 9
cat_threshold=14680319 4102 522240 258048 368 2056 258048 1573120 63
is_linear=0
shrinkage=0.1


Tree=28
num_leaves=31
num_cat=6
split_feature=0 76 75 78 0 72 48 76 48 76 75 74 0 50 72 12 72 0 72 76 36 84 12 23 12 74 12 0 23 74
split_gain=981678 253103 180252 114115 97937.5 93701.1 78695 73114 64501.8 62874.2 56589.9 51923.1 48025 43432.8 38652.6 38611.2 37726 37347.2 36544.1 37325.5 32754.7 32608.2 29754.1 26671.6 26593.9 24465.6 23439.2 24078.1 22044.3 20792.2
threshold=11.84999990463257 0 1 1.0000000180025095e-35 2.6499999761581425 34.80999946594239 3.5499999523162846 2 1.3499999642372134 3 4 69.500000000000014 -8.6500000953674299 1.3499999642372134 39.307500839233406 3.4500000476837163 35.906650543212898 19.650000572204593 30.90164947509766 5 1.0000000180025095e-35 1.0000000180025095e-35 12.84999990463257 22.349999427795414 12.84999990463257 416.50000000000006 16.849999427795414 4.8500001430511483 12.650000095367433 52.500000000000007
decision_type=2 1 1 10 2 2 8 1 10 1 1 2 2 8 2 8 2 2 2 1 8 10 8 8 8 2 8 2 10 2
left_child=1 3 7 6 12 18 10 20 -6 17 14 24 -3 -14 25 29 -9 22 -4 -20 21 23 -7 -2 -10 -1 27 -5 -13 -15
right_child=2 4 5 26 8 9 -8 16 11 -11 -12 28 13 15 -16 -17 -18 -19 19 -21 -22 -23 -24 -25 -26 -27 -28 -29 -30 -31
leaf_value=0.037138563516386662 0.080936983227605785 -0.22507215567689065 0.091833013197549967 -0.17063389761427109 -0.018372705664107699 -0.026976314266368557 -0.078277933858887275 0.074028093007957679 -0.040985984682356202 0.025820772173211923 0.07824262575537845 -0.098087793293525224 -0.064121731936284287 -0.078535309110546292 -0.038519998219908959 -0.22111398206813779 0.032647796782061214 0.0064821141315535673 0.0045096893369877024 0.056470422665302382 0.19895412721106923 -0.0077816520506085677 -0.092086184394058967 0.14294022611109042 -0.15467473575529231 -0.035362832881329971 -0.41824265355327306 -0.045677099195276849 -0.1880430682991503 -0.1339976739853545
leaf_weight=263282 169246 32972 131363 35874 319659 203619 90299 422971 305913 382750 137230 209328 199895 115008 141043 36045 459848 194210 250216 308954 34564 27425 107105 117574 22059 56539 2692 27047 31318 163952
leaf_count=263282 169246 32972 131363 35874 319659 203619 90299 422971 305913 382750 137230 209328 199895 115008 141043 36045 459848 194210 250216 308954 34564 27425 107105 117574 22059 56539 2692 27047 31318 163952
internal_value=-9.15833e-07 -0.0501893 0.0391188 -0.00327248 -0.074821 0.0167438 0.00873797 0.0677897 -0.0543128 -0.00474688 0.0218755 -0.0745171 -0.108073 -0.100581 0.00508937 -0.123717 0.0524731 -0.0279177 0.0443704 0.0332203 0.106553 0.0963926 -0.0494194 0.106354 -0.0486326 0.0243215 -0.129283 -0.11692 -0.109795 -0.111132
internal_weight=5e+06 2.19016e+06 2.80984e+06 754006 1.43615e+06 1.57822e+06 688393 1.23163e+06 888277 887684 598094 568618 547872 514900 460864 315005 882819 504934 690533 559170 348809 314245 310724 286820 327972 319821 65613 62921 240646 278960
internal_count=5000000 2190155 2809845 754006 1436149 1578217 688393 1231628 888277 887684 598094 568618 547872 514900 460864 315005 882819 504934 690533 559170 348809 314245 310724 286820 327972 319821 65613 62921 240646 278960
cat_boundaries=0 1 2 3 4 5 6
cat_threshold=8388671 448 8388671 523840 7182 2093056
is_linear=0
shrinkage=0.1


Tree=29
num_leaves=31
num_cat=8
split_feature=0 76 75 76 84 0 0 13 85 72 24 37 90 12 29 75 75 91 73 12 74 76 76 73 0 12 79 55 75 74
split_gain=809400 258124 182200 116316 102572 86201.5 78172.4 71645.8 65383.5 56918 55738.5 49684.5 53884.6 49321.9 42806.4 42057.4 41270.2 37338.4 37191.4 33205.4 31414.2 30438.9 29314.1 27190.5 27089.1 28319.4 26693.5 25849.8 24698.7 23121.4
threshold=15.750000000000002 0 1 2 1.0000000180025095e-35 6.0499999523162851 25.650000572204593 14.949999809265138 2.3500000238418584 35.906650543212898 1.0000000180025095e-35 1.0000000180025095e-35 1.0000000180025095e-35 8.6500000953674334 1.0000000180025095e-35 3 4 1.6500000357627871 141.52664947509768 18.650000572204593 352.00000000000006 5 6 129.87249755859378 10.050000190734865 12.84999990463257 1.8499999642372134 2.7500000000000004 7 50.500000000000007
decision_type=2 1 1 1 10 2 2 8 10 2 2 8 10 8 8 1 1 8 2 10 2 1 1 2 2 8 8 8 1 2
left_child=1 5 9 11 8 13 21 10 16 -3 17 12 15 18 27 -2 22 -7 20 24 -1 -5 -4 -19 25 -6 -25 -11 -20 -28
right_child=3 2 4 6 19 7 -8 -9 -10 14 -12 -13 -14 -15 -16 -17 -18 23 28 -21 -22 -23 -24 26 -26 -27 29 -29 -30 -31
leaf_value=-0.063919393181023312 0.10286441182768331 -0.020831625829132287 0.053041344960302696 -0.010475363883875171 -0.087499013808382417 -0.0071630190686092603 0.064003318742999846 -0.20916360025262609 -0.037079984277930321 -0.046106134763575259 0.052333335125718833 0.14630648337168115 -0.015421727140294317 -0.41284027300423676 -0.17315935104638838 0.052728600251223272 0.062467724407083529 0.11368449817864999 -0.17975529074004268 -0.2613034677621488 -0.13587439031663026 0.02602105861482272 -0.00034090592471922287 -0.017889129957520299 -0.0039465265784131278 -0.32290708083120989 -0.054992000819944299 -0.10723418498616311 -0.09645057708066776 -0.10777985581497543
leaf_weight=225088 303064 298666 150417 375092 38472 137929 408209 27002 147018 201454 56046 86812 72693 5197 43441 373757 332215 8153 84361 9685 83065 584798 325382 77528 38272 5893 156182 105360 61728 177021
leaf_count=225088 303064 298666 150417 375092 38472 137929 408209 27002 147018 201454 56046 86812 72693 5197 43441 373757 332215 8153 84361 9685 83065 584798 325382 77528 38272 5893 156182 105360 61728 177021
internal_value=-7.91222e-07 -0.0357288 -0.0112667 0.0453082 0.0145307 -0.0734743 0.0273478 -0.0497465 0.0242608 -0.052903 -0.0427227 0.0746875 0.0663933 -0.106522 -0.080252 0.0751805 0.0354217 -0.0522906 -0.103017 -0.0861216 -0.0833154 0.0117597 0.0165359 -0.0671501 -0.0655904 -0.118768 -0.0707396 -0.0670975 -0.144575 -0.0830366
internal_weight=5e+06 2.79558e+06 1.69628e+06 2.20442e+06 1.04735e+06 1.0993e+06 1.3681e+06 639861 955032 648921 612859 836326 749514 459439 350255 676821 808014 556813 454242 92322 308153 959890 475799 418884 82637 44365 410731 306814 146089 333203
internal_count=5000000 2795575 1696275 2204425 1047354 1099300 1368099 639861 955032 648921 612859 836326 749514 459439 350255 676821 808014 556813 454242 92322 308153 959890 475799 418884 82637 44365 410731 306814 146089 333203
cat_boundaries=0 1 2 3 4 5 6 7 8
cat_threshold=1048064 4102 14680319 384 3592 253952 30 14
is_linear=0
shrinkage=0.1


Tree=30
num_leaves=31
num_cat=7
split_feature=75 72 72 91 76 85 76 74 73 49 74 73 88 75 85 75 38 81 73 50 0 78 13 75 12 0 73 12 75 12
split_gain=661214 200796 125891 97435.8 81015.7 60882 59687.3 58077.8 54331.7 46444.6 46003.2 44058.8 50478.8 39996.4 37622 33189.6 32930.7 31350.5 28105.9 29132.5 27654.4 24010 21591.9 24936.9 21390.7 20734 19370.6 19975.6 18456.7 22454.5
threshold=0 34.80999946594239 36.436649322509773 1.5500000119209292 1 1.4499999880790713 2 61.500000000000007 139.97914886474612 1.0500000119209292 234.50000000000003 129.97499847412112 1.6500000357627871 3 1.2500000000000002 4 1.0000000180025095e-35 1.0000000180025095e-35 137.86834716796878 1.6500000357627871 25.050000190734867 1.0000000180025095e-35 6.8500001430511483 5 33.45000076293946 16.849999427795414 141.5683517456055 12.650000095367433 6 12.84999990463257
decision_type=1 2 2 8 1 8 1 2 2 8 2 2 8 1 8 1 8 10 2 8 2 10 8 1 8 2 2 8 1 10
left_child=2 11 4 15 16 -5 17 8 -7 -9 20 -2 -13 -8 -14 -3 21 28 19 -16 -6 24 23 -11 -1 -21 -15 -28 -4 -30
right_child=1 3 6 5 10 7 13 9 -10 22 -12 12 14 26 18 -17 -18 -19 -20 25 -22 -23 -24 -25 -26 -27 27 -29 29 -31
leaf_value=0.088148982049948352 0.063951659596769725 -0.056200488849451363 0.071728329902429083 -0.029921600888902652 0.035814101638981008 -0.015635915194822308 0.016341525179966867 -0.056613097212664436 -0.086340252872743439 -0.055340149069031869 0.0017375768836269245 0.037952042088968428 0.027882500766646997 -0.015898512382147793 -0.0088187613200038789 -0.0020347108541885887 0.18089473549015422 -0.037653453417633549 0.057780748839554023 -0.088062947574266998 0.074979954185351347 0.00020652887454104016 -0.17162701005421926 -0.12959204889489134 0.22076774851011305 -0.0039070831791741855 -0.036542897689008591 -0.12631044197933719 0.085342567083620091 0.017937918041595665
leaf_weight=309368 112344 166617 164080 274326 401727 181609 319509 127895 270655 58220 225864 199272 111038 207947 117825 352317 40197 51476 27404 154222 327048 30268 82967 203522 12660 36136 70864 38126 60823 263674
leaf_count=309368 112344 166617 164080 274326 401727 181609 319509 127895 270655 58220 225864 199272 111038 207947 117825 352317 40197 51476 27404 154222 327048 30268 82967 203522 12660 36136 70864 38126 60823 263674
internal_value=-7.10074e-07 -0.0367112 0.0360223 -0.0556281 0.056895 -0.0712936 0.0121227 -0.0835649 -0.0579486 -0.108079 0.041169 0.0061528 -0.00390044 -0.00862575 -0.0225739 -0.0194271 0.0951409 0.0365739 -0.0392687 -0.0478985 0.0533903 0.085359 -0.127174 -0.113083 0.0933627 -0.0720875 -0.0337954 -0.0679447 0.0443952 0.0305712
internal_weight=5e+06 2.47637e+06 2.52363e+06 1.71813e+06 1.34713e+06 1.19919e+06 1.1765e+06 924868 452264 472604 954639 758241 645897 636446 446625 518934 392493 540053 335587 308183 728775 352296 344709 261742 322028 190358 316937 108990 488577 324497
internal_count=5000000 2476369 2523631 1718128 1347132 1199194 1176499 924868 452264 472604 954639 758241 645897 636446 446625 518934 392493 540053 335587 308183 728775 352296 344709 261742 322028 190358 316937 108990 488577 324497
cat_boundaries=0 1 2 3 4 5 6 7
cat_threshold=2016 8388671 16252991 448 6 2064 384
is_linear=0
shrinkage=0.1


Tree=31
num_leaves=31
num_cat=4
split_feature=0 76 0 87 76 48 49 23 0 50 0 90 74 76 12 0 72 75 48 12 72 78 12 73 74 38 71 72 50 12
split_gain=549029 199790 130482 89352.2 79324.5 74052.2 57703.5 48573 47074.9 44315.6 41479.4 39587.3 37595.4 36754.6 36444.6 35047.7 34601.9 31953.8 29327.4 25764.2 25417.8 21746.6 21172.2 21020.8 20191.4 19454.2 19244.5 17863.7 17700.5 17579.4
threshold=16.750000000000004 0 6.0499999523162851 1.0000000180025095e-35 1 1.4499999880790713 3.7500000000000004 17.44999980926514 -10.15000009536743 1.2500000000000002 28.550000190734867 1.0000000180025095e-35 65.500000000000014 2 -1.2499999999999998 23.94999980926514 41.162500381469734 3 1.9499999880790713 21.150000572204593 30.90164947509766 1.0000000180025095e-35 7.6499998569488534 140.20584869384768 63.500000000000007 1.0000000180025095e-35 1.2500000000000002 36.37919998168946 1.3499999642372134 17.150000572204593
decision_type=2 1 2 10 1 10 8 10 2 8 2 10 2 1 10 2 2 1 10 8 2 10 8 2 2 10 8 2 10 10
left_child=1 3 8 6 10 28 11 13 -3 -10 20 16 23 21 -6 18 17 -1 25 -20 -2 -7 -14 -11 29 -16 -15 -5 -4 -22
right_child=4 2 5 27 14 7 -8 -9 9 12 -12 -13 22 26 15 -17 -18 -19 19 -21 24 -23 -24 -25 -26 -27 -28 -29 -30 -31
leaf_value=0.029466465829223965 0.083849182715325099 -0.21247282602263284 0.022503822948103644 -0.026556092854168403 0.75015746195029531 -0.076024044580972006 -0.051928410686982597 -0.1202518829279956 -0.039195118365752943 -0.024963991158160354 0.063023574463589985 -0.091059794233653679 -0.10370171764881408 -0.053473761616853834 0.051095439592887343 0.081716595192918517 -0.0019144397075019515 0.080703564799983724 0.048094816904264592 -0.01342884326259952 0.044451239602513945 0.044988059832155342 -0.21149207711251414 -0.081270456717885908 -0.016169589210913129 0.10985691972321331 -0.0048385191572005576 -0.12372831167149588 -0.018497951767375325 -0.0027592052353531118
leaf_weight=284654 39417 23401 311318 30442 757 202741 88989 71995 322562 107997 155895 24528 267588 108253 489552 368709 161345 212689 138094 134226 147233 16024 19554 171739 330202 63669 327480 49978 159094 169875
leaf_count=284654 39417 23401 311318 30442 757 202741 88989 71995 322562 107997 155895 24528 267588 108253 489552 368709 161345 212689 138094 134226 147233 16024 19554 171739 330202 63669 327480 49978 159094 169875
internal_value=-6.70099e-07 -0.0274831 -0.0439924 0.013368 0.0399542 -0.0222742 0.0238151 -0.0422895 -0.0724695 -0.068786 0.0164566 0.0336807 -0.0856237 -0.0337136 0.0565222 0.056083 0.0383258 0.0513803 0.0446343 0.0177699 0.00588563 -0.0671571 -0.111042 -0.0595324 0.00113815 0.0578582 -0.016921 -0.086945 0.00863697 0.0191606
internal_weight=5e+06 2.96237e+06 2.10975e+06 852625 2.03763e+06 1.1969e+06 772205 726493 912841 889440 842622 683216 566878 654498 1.19501e+06 1.19425e+06 658688 497343 825541 272320 686727 218765 287142 279736 647310 553221 435733 80420 470412 317108
internal_count=5000000 2962371 2109746 852625 2037629 1196905 772205 726493 912841 889440 842622 683216 566878 654498 1195007 1194250 658688 497343 825541 272320 686727 218765 287142 279736 647310 553221 435733 80420 470412 317108
cat_boundaries=0 1 2 3 4
cat_threshold=63 522240 253952 5134
is_linear=0
shrinkage=0.1


Tree=32
num_leaves=31
num_cat=6
split_feature=0 76 0 76 25 88 76 79 53 74 12 48 76 12 24 48 81 72 24 45 0 76 75 36 87 0 12 12 12 23
split_gain=457774 134498 97682.9 75294.2 70243 67919 56633.8 51322.8 46721.4 43637.5 40162.4 41223.9 36299.4 34262.3 32889.8 32198 29153.7 29057.9 28084 27941.7 27284.2 25914.9 25258 24739.3 27103.6 24613.2 26366 23477 23437.2 22510.5
threshold=11.449999809265138 0 19.250000000000004 1 1.0000000180025095e-35 1.4499999880790713 2 1.5500000119209292 3.1499999761581425 49.500000000000007 17.150000572204593 2.8500000238418584 3 18.150000572204593 1.0000000180025095e-35 0.94999998807907116 1.0000000180025095e-35 30.90164947509766 1.0000000180025095e-35 1.0000000180025095e-35 -12.849999904632567 4 5 1.0000000180025095e-35 1.0000000180025095e-35 27.250000000000004 21.44999980926514 12.250000000000002 15.150000095367433 11.050000190734865
decision_type=2 1 2 1 8 8 1 8 8 2 10 10 1 10 2 8 10 2 2 10 2 1 1 8 10 2 10 8 8 10
left_child=1 4 3 13 8 20 23 -7 16 -9 12 14 -5 18 21 -11 22 -8 19 -2 -3 -12 -1 24 -4 26 -19 -17 -6 -23
right_child=2 5 6 10 28 7 17 9 -10 15 11 -13 -14 -15 -16 27 -18 25 -20 -21 -22 29 -24 -25 -26 -27 -28 -29 -30 -31
leaf_value=-0.025011328150857159 -0.024613219634466207 -0.26195239718458613 0.06838930419924899 0.1082902481144757 -0.087281916570077445 -0.022694434536806054 0.087823997345191654 -0.049403007917689083 -0.048035493882393761 -0.049441913877947878 -0.036099015408190438 -0.062346052977415238 0.030953532137894587 -0.17509920359310763 -0.066883811837009963 -0.10387584371043475 -0.10903432710568946 0.026939628611140139 0.05775592124786099 -0.12643216146904623 -0.01419676406601381 -0.043778819117263112 0.040817430493152555 0.13105204723003025 -0.012815847560569006 0.050802243323595835 -0.015209764218376089 -0.22155956817915926 -0.34603394555886519 0.045818473557548839
leaf_weight=68344 323606 4494 458601 76842 50733 229984 76991 359420 101493 117319 57389 79743 288779 15679 42779 359276 15330 502020 37656 29401 406990 31116 395939 56218 45148 252698 210696 17791 3760 283765
leaf_count=68344 323606 4494 458601 76842 50733 229984 76991 359420 101493 117319 57389 79743 288779 15679 42779 359276 15330 502020 37656 29401 406990 31116 395939 56218 45148 252698 210696 17791 3760 283765
internal_value=-5.81047e-07 -0.0351111 0.0260756 0.00532317 0.0034236 -0.0514907 0.0424815 -0.0646233 0.0136038 -0.0759174 0.0220774 0.00350557 0.0472111 -0.030153 0.0161576 -0.0951935 0.0266475 0.0287015 -0.0243365 -0.0330934 -0.0169026 0.0257002 0.0311276 0.0681319 0.0611114 0.0239868 0.0144793 -0.109428 -0.105136 0.0369634
internal_weight=5e+06 2.13087e+06 2.86913e+06 1.26676e+06 635599 1.49527e+06 1.60237e+06 1.08379e+06 581106 853806 860413 494792 365621 406342 415049 494386 479613 1.0424e+06 390663 353007 411484 372270 464283 559967 503749 965414 712716 377067 54493 314881
internal_count=5000000 2130873 2869127 1266755 635599 1495274 1602372 1083790 581106 853806 860413 494792 365621 406342 415049 494386 479613 1042405 390663 353007 411484 372270 464283 559967 503749 965414 712716 377067 54493 314881
cat_boundaries=0 1 2 3 4 5 6
cat_threshold=63 261120 14680319 12582943 3932928 2
is_linear=0
shrinkage=0.1


Tree=33
num_leaves=31
num_cat=7
split_feature=75 72 72 75 76 73 0 12 85 74 14 51 91 76 76 45 29 81 37 12 81 74 72 85 76 90 0 12 74 75
split_gain=380977 119656 104282 75248.3 66480.4 49115.3 47447.1 44757.3 43056.8 42315.9 30684.1 29312.7 27948.9 26874.6 25680.1 24811.4 23490.6 21506 22684.6 21407.9 21387.4 22262.9 20726.7 19939.7 19919.9 25463.9 19471.7 19246.2 18987.7 18795.4
threshold=0 35.906650543212898 34.788349151611335 1 2 141.52664947509768 20.44999980926514 15.34999990463257 2.3500000238418584 147.50000000000003 9.4499998092651385 1.5500000119209292 2.3500000238418584 3 4 1.0000000180025095e-35 1.0000000180025095e-35 1.0000000180025095e-35 1.0000000180025095e-35 3.4500000476837163 1.0000000180025095e-35 143.50000000000003 31.958350181579593 2.2500000000000004 5 1.0000000180025095e-35 -12.849999904632567 21.550000190734867 149.50000000000003 6
decision_type=1 2 2 1 1 2 2 8 10 2 8 10 10 1 1 8 10 10 8 8 10 2 2 10 1 10 2 10 2 1
left_child=2 4 15 14 17 7 20 9 16 12 -10 -11 -4 -7 -3 22 24 18 29 26 21 -6 -1 28 -5 27 -15 -26 -24 -2
right_child=1 3 5 8 6 13 -8 -9 10 11 -12 -13 -14 19 -16 -17 -18 -19 -20 -21 -22 -23 23 -25 25 -27 -28 -29 -30 -31
leaf_value=0.048056068600217952 0.092328435857771216 0.04413795596815346 -0.0086844403098254377 -0.024727281402624521 0.0020555830196081456 -0.14243755934381008 0.038215314725162451 -0.20913234016952442 -0.020298708852772025 -0.043551500649413565 -0.093385384928412807 -0.10276776358704293 -0.059062680101723046 -0.15713703381055166 0.0089302216113538082 -0.078875651231646041 -0.065705159779314126 0.010606673942896822 0.13046078659228663 -0.16551097200057632 0.057108861604998375 -0.056978510077370141 0.025830394392019958 -0.046154029429520328 0.027048814280632463 -0.086385762569196528 -0.048645807193627016 -0.060041679423534791 -0.029627998545993031 0.051608967831713919
leaf_weight=90866 152085 331311 371669 209709 163392 78584 547217 16196 116330 196330 113477 145578 156490 18609 552899 37942 59894 73972 52613 22047 40295 104891 190657 90156 329369 23850 149007 27493 91299 445773
leaf_count=90866 152085 331311 371669 209709 163392 78584 547217 16196 116330 196330 113477 145578 156490 18609 552899 37942 59894 73972 52613 22047 40295 104891 190657 90156 329369 23850 149007 27493 91299 445773
internal_value=-4.9916e-07 0.0194195 -0.0392359 0.00151892 0.0394056 -0.0557685 0.0205334 -0.0444211 -0.0191807 -0.041355 -0.0563884 -0.0687647 -0.0236112 -0.0932591 0.0221228 -0.00113264 -0.00603263 0.0616984 0.0675096 -0.0728715 -0.0108221 -0.0210251 0.00523856 -0.00521704 2.07206e-05 0.013653 -0.0606907 0.0203393 0.00787264 0.0619697
internal_weight=5e+06 3.34457e+06 1.65543e+06 1.76433e+06 1.58024e+06 1.15451e+06 855795 886263 880122 870067 229807 341908 528159 268247 884210 500920 650315 724443 650471 189663 308578 268283 462978 372112 590421 380712 167616 356862 281956 597858
internal_count=5000000 3344570 1655430 1764332 1580238 1154510 855795 886263 880122 870067 229807 341908 528159 268247 884210 500920 650315 724443 650471 189663 308578 268283 462978 372112 590421 380712 167616 356862 281956 597858
cat_boundaries=0 1 2 3 4 5 6 7
cat_threshold=4110 960 12583423 520192 9961535 523776 384
is_linear=0
shrinkage=0.1


Tree=34
num_leaves=31
num_cat=5
split_feature=0 85 76 0 76 84 91 74 12 0 0 72 74 49 12 76 32 74 83 21 23 75 58 8 75 74 83 12 12 49
split_gain=310010 135926 99448.2 61641.2 55083.2 45898.1 37138.4 36086 32184.7 30909.4 29191.1 28145.5 27277 26382.9 24223.5 23344.6 24410.6 22808.2 22580.8 26898.6 25681 21698.1 19450.3 19277.7 18911.6 18560.2 18178.5 17845.3 17364.4 15493.7
threshold=15.949999809265138 2.3500000238418584 0 4.4500000476837167 1 1.0000000180025095e-35 2.2500000000000004 388.50000000000006 inf 23.349999427795414 -12.849999904632567 41.162500381469734 152.50000000000003 1.2500000000000002 21.150000572204593 2 1.0000000180025095e-35 65.500000000000014 9.8499999046325701 11.449999809265138 15.84999990463257 3 1.7500000000000002 -13.050000190734862 4 273.50000000000006 -1.7499999999999998 0.84999999403953563 7.0499999523162851 0.75000000000000011
decision_type=2 10 1 2 1 10 10 2 8 2 2 2 2 8 10 1 8 2 10 8 10 1 8 10 1 2 10 8 8 10
left_child=1 2 5 10 17 11 12 18 9 13 -4 21 -5 -6 -15 23 22 -2 19 26 -20 -1 -17 -12 -19 -23 27 -3 -18 -14
right_child=4 7 3 6 8 -7 -8 -9 -10 -11 15 -13 29 14 -16 16 28 24 20 -21 -22 25 -24 -25 -26 -27 -28 -29 -30 -31
leaf_value=0.094104041429833002 0.022263063744315879 -0.088070196614158644 -0.22714856572388564 0.017471697673576397 0.04579453224665362 -0.06169037077736831 -0.045244078496040306 -0.13530811547450586 0.6312137102125509 0.057684045888142854 -0.24357275351729146 -0.0084097349556197434 0.0098904341917497463 0.030692729572805767 -0.013050698987338117 -0.0023105305978701018 -0.095152827326705658 -0.063432166398198583 -0.0090286859632041638 -0.15650825952346947 -0.096963477766275188 0.045674265417781044 -0.049510371785941559 -0.071061189674521075 -0.0026774286982930362 -0.0027391994020096611 -0.049075791447532137 -0.24833431710995033 -0.38221841543219431 -0.040193808779829247
leaf_weight=67560 342452 65310 9182 448959 443827 60148 212375 61019 917 543199 6738 147315 94989 306646 215601 176349 32140 64143 159264 31999 41962 300606 172909 167656 254467 107506 278130 7775 2255 176602
leaf_count=67560 342452 65310 9182 448959 443827 60148 212375 61019 917 543199 6738 147315 94989 306646 215601 176349 32140 64143 159264 31999 41962 300606 172909 167656 254467 107506 278130 7775 2255 176602
internal_value=-4.43266e-07 -0.0218157 -0.00989694 -0.024299 0.0284209 0.0217299 -0.00849314 -0.0621315 0.0389588 0.0385993 -0.0502955 0.0297843 0.00233884 0.0278684 0.012634 -0.0473856 -0.0335929 0.00434646 -0.0544914 -0.068735 -0.0273659 0.0416129 -0.025678 -0.077722 -0.0149107 0.0329202 -0.060738 -0.10512 -0.113973 -0.0226768
internal_weight=5e+06 2.82875e+06 2.18329e+06 1.50015e+06 2.17125e+06 683135 932925 645459 1.51019e+06 1.50927e+06 567229 622987 720550 966074 522247 558047 383653 661062 584440 383214 201226 475672 349258 174394 318610 408112 351215 73085 34395 271591
internal_count=5000000 2828748 2183289 1500154 2171252 683135 932925 645459 1510190 1509273 567229 622987 720550 966074 522247 558047 383653 661062 584440 383214 201226 475672 349258 174394 318610 408112 351215 73085 34395 271591
cat_boundaries=0 1 2 3 4 5
cat_threshold=63 516096 1044480 480 48
is_linear=0
shrinkage=0.1


Tree=35
num_leaves=31
num_cat=8
split_feature=75 73 72 76 74 12 72 76 91 36 75 87 0 50 5 74 12 75 11 73 91 82 75 12 73 79 50 75 75 12
split_gain=261629 93485.4 75271.5 71427.3 62587.3 42537.5 39278 37128 32878.3 30306.2 29299.4 27851.9 27699.2 33210 26418.3 25410.5 25283.4 25093.9 28828.2 21325.3 24867 22546.6 21045.7 19669.8 19111.4 18332.4 17896.7 17181 16809 20136.9
threshold=0 140.62335205078128 34.788349151611335 1 199.50000000000003 16.44999980926514 42.466650009155281 2 2.2500000000000004 1.0000000180025095e-35 3 1.0000000180025095e-35 24.550000190734867 1.7500000000000002 1.0000000180025095e-35 132.50000000000003 2.8500000238418584 4 4.4500000476837167 129.87249755859378 1.3499999642372134 1.7500000000000002 5 3.4500000476837163 138.99334716796878 2.1499999761581425 1.0500000119209292 6 7 26.349999427795414
decision_type=1 2 2 1 2 8 2 1 10 8 1 10 2 8 10 2 8 1 8 2 8 8 1 10 2 10 10 1 1 10
left_child=2 3 19 9 12 6 8 -3 15 11 26 28 13 -5 -7 -4 22 -9 -19 -1 -21 -22 -8 -10 -23 -17 -6 -20 -2 -30
right_child=1 7 5 4 10 14 16 17 23 -11 -12 -13 -14 -15 -16 25 -18 18 27 20 21 24 -24 -25 -26 -27 -28 -29 29 -31
leaf_value=0.052594154780441466 0.085054939255215789 0.010672366618899849 -0.0043891996014284954 0.038886604745515779 -0.0028810048765469973 -0.91948380439069466 -0.094455171738395419 -0.00094204497503339295 -0.042868766344817455 0.13483893371111064 0.012295116804474416 -0.029450386909610313 0.050089138170244719 0.0010186575413967313 -0.20709702063841284 -0.033738536408223933 -0.17039984957881721 0.0015153997444976751 -0.050783914650912032 0.031008266708986699 0.023341818025553258 -0.044541635589249444 -0.037344440380722814 -0.10359630841084988 0.089550837634697761 -0.10382409213804177 -0.054097793534600751 -0.11590763930271744 0.05403739666819353 -0.030913246031267445
leaf_weight=66499 157741 419315 350510 450899 115295 548 136043 187007 133699 48600 284115 38642 432267 476162 10397 241377 26228 86359 166147 117804 79334 226130 122823 88737 11153 44148 167118 53599 229539 31765
leaf_count=66499 157741 419315 350510 450899 115295 548 136043 187007 133699 48600 284115 38642 432267 476162 10397 241377 26228 86359 166147 117804 79334 226130 122823 88737 11153 44148 167118 53599 229539 31765
internal_value=-3.93348e-07 0.0160928 -0.0325145 0.026333 0.017546 -0.0465604 -0.0446826 -0.011203 -0.0340025 0.0597562 -0.0103782 0.0517848 0.0291842 0.0194367 -0.242765 -0.0224293 -0.0768423 -0.0298042 -0.0474362 -0.000142305 -0.00821494 -0.0228088 -0.0673632 -0.067095 -0.0382389 -0.0445752 -0.0331874 -0.0666761 0.0592758 0.0437088
internal_weight=5e+06 3.34457e+06 1.65543e+06 2.43214e+06 1.92586e+06 1.15451e+06 1.14356e+06 912427 858471 506287 566528 457687 1.35933e+06 927061 10945 636035 285094 493112 306105 500920 434421 316617 258866 222436 237283 285525 282413 219746 419045 261304
internal_count=5000000 3344570 1655430 2432143 1925856 1154510 1143565 912427 858471 506287 566528 457687 1359328 927061 10945 636035 285094 493112 306105 500920 434421 316617 258866 222436 237283 285525 282413 219746 419045 261304
cat_boundaries=0 1 2 3 4 5 6 7 8
cat_threshold=4110 31 16515103 3120 448 6 1568 896
is_linear=0
shrinkage=0.1


Tree=36
num_leaves=31
num_cat=6
split_feature=75 73 74 76 91 48 37 78 89 88 88 0 12 72 13 75 85 75 75 79 12 74 49 74 70 76 74 12 72 12
split_gain=216442 102419 94540.5 55529.4 50173.7 44575.3 42369.4 45382.2 36857.3 35094.2 32687.3 31551.9 28863.3 28573.7 26466.8 28024.4 23768.7 23174.9 20046.4 19792.7 17633.6 16934.2 15468.6 15395.9 15133.7 14648.4 14539.7 14446.1 15423.8 14017.9
threshold=0 141.04750061035159 249.50000000000003 1 2.2500000000000004 1.1500000357627871 1.0000000180025095e-35 1.0000000180025095e-35 16.250000000000004 2.8500000238418584 1.5500000119209292 27.250000000000004 12.650000095367433 40.670848846435554 7.8500001430511483 2 1.2500000000000002 3 4 2.1499999761581425 15.949999809265138 514.00000000000011 1.3499999642372134 65.500000000000014 4.8500001430511483 5 907.50000000000011 17.150000572204593 37.019998550415046 3.4500000476837163
decision_type=1 2 2 1 10 8 8 10 8 10 8 2 10 2 8 1 8 1 1 8 8 2 8 2 10 1 2 10 2 8
left_child=3 2 4 6 9 -4 7 12 19 17 -3 22 -1 21 15 -12 -7 -2 -16 -6 24 -14 -5 -24 -21 -19 29 28 -27 -18
right_child=1 10 5 11 8 16 -8 -9 -10 -11 14 -13 13 -15 18 -17 26 25 -20 20 -22 -23 23 -25 -26 27 -28 -29 -30 -31
leaf_value=0.14928429645699456 0.0038729045083517851 -0.020239235024015929 -0.013928178410353188 0.018528647992263871 0.0034700211901410984 -0.019374945920931756 0.10544653715687682 -0.04019731756607247 0.021295711483713266 -0.025509968048893595 -0.09691616156333499 0.039263095827866051 0.053723159605157778 0.00073509636800489237 -0.090572739407076719 -0.036638750388797221 -0.04860738619183283 0.012088763338702346 -0.2029963371515307 -0.056061013235692528 -0.13614800805289134 -0.004476520347027035 0.0054925058677139805 -0.027620028795764057 0.0057849820732617484 0.074707588403378516 -0.16068097393081321 0.018752825471292967 0.023159067153513225 -0.1026808872562113
leaf_weight=24362 434397 200317 252640 300260 83122 66665 95228 73143 136811 187045 116815 271187 557172 157452 59535 227150 86777 202198 21652 214266 22893 54923 309149 257272 48527 184670 24205 138390 84651 107126
leaf_count=24362 434397 200317 252640 300260 83122 66665 95228 73143 136811 187045 116815 271187 557172 157452 59535 227150 86777 202198 21652 214266 22893 54923 309149 257272 48527 184670 24205 138390 84651 107126
internal_value=-3.92288e-07 -0.0177064 -0.00785111 0.0244478 0.00348946 -0.0445049 0.0421298 0.0351762 -0.0230335 0.0143803 -0.0535435 0.00949416 0.0421204 0.0387279 -0.0692354 -0.0571136 -0.0716315 0.0215251 -0.120591 -0.0394776 -0.0519734 0.0485009 0.000179483 -0.00954742 -0.0446406 0.0340969 -0.0876038 0.0450109 0.0585052 -0.0784815
internal_weight=5e+06 2.89985e+06 2.27438e+06 2.10015e+06 1.73697e+06 537413 962280 867052 505619 1.23135e+06 625469 1.13787e+06 793909 769547 425152 343965 284773 1.04431e+06 81187 368808 285686 612095 866681 566421 262793 609909 218108 407711 269321 193903
internal_count=5000000 2899852 2274383 2100148 1736970 537413 962280 867052 505619 1231351 625469 1137868 793909 769547 425152 343965 284773 1044306 81187 368808 285686 612095 866681 566421 262793 609909 218108 407711 269321 193903
cat_boundaries=0 1 2 3 4 5 6
cat_threshold=992 15728767 6 4102 1040 4186112
is_linear=0
shrinkage=0.1


Tree=37
num_leaves=31
num_cat=6
split_feature=75 50 0 72 12 88 76 73 74 21 74 74 72 36 47 88 76 76 12 50 12 76 79 72 12 73 76 24 91 86
split_gain=181423 70439.7 59331.6 55547.9 37956.6 36947.3 36872 31473.1 29568.5 26118 22968.3 21990.3 23200.4 21078.5 20750.5 20575.9 19577.4 18825.4 16978.6 16624.3 16312.4 15521.2 15221.5 16212.6 20238.7 15508.3 14500.1 15828.2 14272.9 14264.4
threshold=0 1.5500000119209292 24.44999980926514 34.788349151611335 13.250000000000002 1.6500000357627871 1 142.07500457763675 67.500000000000014 -7.5499999523162833 542.00000000000011 249.50000000000003 39.307500839233406 1.0000000180025095e-35 1.0000000180025095e-35 2.5499999523162846 2 3 2.8500000238418584 2.7500000000000004 inf 4 1.8499999642372134 30.90164947509766 15.050000190734865 138.99334716796878 5 1.0000000180025095e-35 1.6500000357627871 1.8499999642372134
decision_type=1 8 2 2 8 8 1 2 2 10 2 2 2 8 8 10 1 1 10 8 8 1 8 2 10 2 1 2 8 10
left_child=3 6 5 14 7 -3 13 10 28 -6 15 12 -8 -2 22 17 -9 -5 -17 -11 -4 -10 -1 -24 25 26 27 -25 -7 -20
right_child=1 2 20 4 9 8 11 16 21 19 -12 -13 -14 -15 -16 18 -18 -19 29 -21 -22 -23 23 24 -26 -27 -28 -29 -30 -31
leaf_value=0.03731959547323549 0.050284624963303992 0.015807609883884955 0.030853677938977205 0.023317078266610818 -0.79429183703483341 0.023340847785991509 0.039346668526317151 -0.12312468654616651 -0.016243712863332892 -0.087022087458826627 -0.075738812892508167 -8.7119735817329177e-05 0.0033911030670888322 0.13974029744069755 -0.070318677115189215 -0.027517309238812616 -0.052424890755136948 -0.022398332355025335 -0.18574662527519512 -0.24280897915217087 0.8882690324641157 -0.057643356171469484 0.048018197335155804 -0.045395478819618106 -0.11443572373662901 0.12437012285360532 0.010763613192824824 0.1050959946722804 -0.015237855070017287 -0.069556742707264127
leaf_weight=119410 311575 368685 442303 107897 604 123266 635361 55419 142454 24337 92343 361172 250099 28773 37986 109910 133739 545258 12705 9533 222 248706 50806 113845 18492 8785 144150 7446 431954 62765
leaf_count=119410 311575 368685 442303 107897 604 123266 635361 55419 142454 24337 92343 361172 250099 28773 37986 109910 133739 545258 12705 9533 222 248706 50806 113845 18492 8785 144150 7446 431954 62765
internal_value=-4.35298e-07 0.0134008 -0.000389164 -0.0270758 -0.039142 -0.0110473 0.0286734 -0.0359609 -0.0215092 -0.142493 -0.0284044 0.0207084 0.029191 0.0578455 0.000733541 -0.0231917 -0.0731476 -0.0148464 -0.052595 -0.13087 0.0312838 -0.0425682 0.00656372 -0.00412711 -0.0131778 -0.00634961 -0.0106759 -0.0361539 -0.00667289 -0.0891167
internal_weight=5e+06 3.34457e+06 1.75759e+06 1.65543e+06 1.15451e+06 1.31506e+06 1.58698e+06 1.12004e+06 946380 34474 930878 1.24663e+06 885460 340348 500920 838535 189158 653155 185380 33870 442525 391160 462934 343524 292718 274226 265441 121291 555220 75470
internal_count=5000000 3344570 1757590 1655430 1154510 1315065 1586980 1120036 946380 34474 930878 1246632 885460 340348 500920 838535 189158 653155 185380 33870 442525 391160 462934 343524 292718 274226 265441 121291 555220 75470
cat_boundaries=0 1 2 3 4 5 6
cat_threshold=4110 30 520192 30 16252991 8380416
is_linear=0
shrinkage=0.1


Tree=38
num_leaves=31
num_cat=6
split_feature=0 91 82 88 79 74 12 76 73 48 75 12 73 73 12 0 76 72 11 12 75 87 76 0 60 23 48 48 0 76
split_gain=157152 101502 86335.1 65893.6 41507.1 37286.2 31342.8 29803.4 23099.3 25034.1 19749.4 18070.5 18460.5 17795 17212 29629.5 16734.3 15545.1 15129.3 15691.1 22313.2 15698.8 15680 14821.1 14359.4 13914.7 13393.3 13095 13727.1 12905
threshold=18.050000190734867 1.3499999642372134 1.5500000119209292 1.3499999642372134 1.3499999642372134 58.500000000000007 -3.9500000476837154 0 129.97499847412112 0.75000000000000011 1 17.050000190734867 140.20584869384768 136.97330474853518 3.4500000476837163 3.2500000000000004 2 30.90164947509766 33.250000000000007 21.150000572204593 3 1.0000000180025095e-35 4 -5.8500001430511466 2.6499999761581425 16.250000000000004 2.3500000238418584 2.8500000238418584 14.050000190734865 5
decision_type=2 8 8 8 8 2 10 1 2 8 1 8 2 2 8 2 1 2 8 8 1 10 1 2 10 8 8 8 2 1
left_child=1 10 13 -4 -5 11 -2 17 -7 -10 -1 12 -6 -3 23 26 -12 -8 19 22 21 -21 -9 -11 -19 -22 -16 -13 -29 -17
right_child=6 2 3 4 5 8 7 18 9 14 16 27 -14 -15 15 29 -18 24 -20 20 25 -23 -24 -25 -26 -27 -28 28 -30 -31
leaf_value=-0.025069075792572094 0.59653760244273879 0.034660131830456908 0.0013662240384135786 -0.002689558456239654 -0.012206573830832736 0.045790441097331332 0.06580779102646625 0.039658332114962523 -0.023398111980170066 -0.14939927572416725 0.045612872732101205 -0.045854097591200273 -0.050503874315765064 -0.0031892584236701584 -0.13332818651376824 -0.058674479790700985 0.011981445836403998 0.0064958645675585458 0.12152937206026787 0.043428172706449358 -0.087963787034670921 -0.016929188854177237 0.099784672510308203 -0.054023595685323271 -0.041023117142122326 0.0089388709872232196 -0.2735135595445079 -0.28167891474665868 -0.10348952834022436 -0.10676918689010594
leaf_weight=109953 954 181356 367648 186077 280041 16290 38410 310650 80409 17814 195054 31771 228620 394255 14535 87837 612676 461449 18563 434784 15453 47834 50418 190841 73756 360848 12832 5519 19955 153398
leaf_count=109953 954 181356 367648 186077 280041 16290 38410 310650 80409 17814 195054 31771 228620 394255 14535 87837 612676 461449 18563 434784 15453 47834 50418 190841 73756 360848 12832 5519 19955 153398
internal_value=-4.39309e-07 -0.0133727 -0.0247219 -0.0360934 -0.04648 -0.0536286 0.0235037 0.0232021 -0.0715875 -0.0750162 0.0146909 -0.0354142 -0.0294195 0.00873583 -0.0837129 -0.100451 0.0201034 0.00435735 0.0319294 0.0305664 0.0232133 0.0374452 0.048058 -0.0621663 -5.26729e-05 0.00495938 -0.199059 -0.0886811 -0.142095 -0.0892641
internal_weight=5e+06 3.18688e+06 2.2692e+06 1.69359e+06 1.32594e+06 1.13986e+06 1.81312e+06 1.81216e+06 573956 557666 917683 565906 508661 575611 477257 268602 807730 573615 1.23855e+06 1.21999e+06 858919 482618 361068 208655 535205 376301 27367 57245 25474 241235
internal_count=5000000 3186881 2269198 1693587 1325939 1139862 1813119 1812165 573956 557666 917683 565906 508661 575611 477257 268602 807730 573615 1238550 1219987 858919 482618 361068 208655 535205 376301 27367 57245 25474 241235
cat_boundaries=0 1 2 3 4 5 6
cat_threshold=516096 2 30 384 1580992 16515103
is_linear=0
shrinkage=0.1


Tree=39
num_leaves=31
num_cat=7
split_feature=0 51 48 72 23 71 91 76 26 0 12 76 75 85 13 75 74 0 44 10 76 75 76 56 74 12 0 51 12 52
split_gain=137126 60060.5 55198 47123.7 44583.9 46584.8 38042.5 36714.3 42029.7 35829.6 36040.3 29640.3 27865.2 27365.4 21076.8 20084.8 19427.1 17895.8 17046.4 15822.1 15374.3 15324.1 15166.5 14286.7 14255.2 13852.6 13555 13511.3 13227.8 12819.9
threshold=8.4499998092651385 1.7500000000000002 1.1500000357627871 30.90164947509766 10.449999809265138 1.4499999880790713 1.7500000000000002 0 1.0000000180025095e-35 21.349999427795414 13.050000190734865 1 2 1.8499999642372134 9.4499998092651385 3 249.50000000000003 -6.6499998569488517 1.0000000180025095e-35 22.650000572204593 4 5 6 1.8499999642372134 50.500000000000007 12.650000095367433 -12.849999904632567 1.5500000119209292 21.849999427795414 3.0499999523162846
decision_type=2 8 10 2 8 8 8 1 10 2 10 1 1 8 8 1 2 2 10 8 1 1 1 8 2 8 2 8 8 10
left_child=1 7 16 -4 5 21 -5 8 12 10 11 18 23 -12 26 -15 27 -7 24 -6 -19 29 -17 -1 -8 -10 -9 -2 -24 -3
right_child=2 4 3 6 19 17 9 14 25 -11 13 -13 -14 15 -16 22 -18 20 -20 -21 -22 -23 28 -25 -26 -27 -28 -29 -30 -31
leaf_value=0.014441719491901935 0.046876613185747901 -0.067657751020609266 0.053255781689644927 0.019628986290143795 -0.12165307704521117 -0.094278685838742562 0.014182812831912328 -0.26739434857220273 -0.076093929744012773 0.0098205098005213088 -0.0059292432279757015 0.0559532497687939 0.05103913648447711 -0.11595926657606409 -0.21407833759281442 -0.075847260203455349 0.0091742767637728716 0.003497795766541586 -0.089227284149681521 -0.66005084704296724 -0.031906877306503122 -0.030328274072475223 -0.01069831573430907 -0.028604616226121749 -0.027128273699014594 -0.36631767782065361 -0.027802579156490332 0.016728998266683278 -0.077949030337208597 -0.12415822707206561
leaf_weight=262674 565714 107445 171455 611640 58163 30276 160150 2381 39011 557726 145209 73772 166413 50809 6342 109833 306572 233937 27528 551 257826 60801 117876 109134 174591 1717 285779 201648 38900 64127
leaf_count=262674 565714 107445 171455 611640 58163 30276 160150 2381 39011 557726 145209 73772 166413 50809 6342 109833 306572 233937 27528 551 257826 60801 117876 109134 174591 1717 285779 201648 38900 64127
internal_value=-3.94084e-07 -0.0232123 0.0118148 0.00287683 -0.0427706 -0.0362382 -0.00129995 -0.00500474 0.00961786 -0.0100895 -0.0224459 -0.00181836 0.0170298 -0.0418879 -0.0337499 -0.058338 0.0304532 -0.0196591 -0.0135841 -0.126706 -0.0150651 -0.0734839 -0.0473506 0.0018066 -0.00736383 -0.0883291 -0.0297823 0.0389544 -0.0273831 -0.0887703
internal_weight=5e+06 1.68658e+06 3.31342e+06 2.23949e+06 813126 754412 2.06803e+06 873451 578949 1.45639e+06 898668 436041 538221 462627 294502 317418 1.07393e+06 522039 362269 58714 491763 232373 266609 371808 334741 40728 288160 767362 156776 171572
internal_count=5000000 1686577 3313423 2239489 813126 754412 2068034 873451 578949 1456394 898668 436041 538221 462627 294502 317418 1073934 522039 362269 58714 491763 232373 266609 371808 334741 40728 288160 767362 156776 171572
cat_boundaries=0 1 2 3 4 5 6 7
cat_threshold=12845567 524032 7174 6158 15731775 7174 261888
is_linear=0
shrinkage=0.1


Tree=40
num_leaves=31
num_cat=7
split_feature=0 76 49 72 23 24 75 74 74 0 28 72 85 75 75 33 12 48 12 75 12 76 12 12 23 88 53 74 76 12
split_gain=112009 51904 48409.8 41039.7 38447.8 34102.4 31976.6 29334.1 23504.8 22922 22031.5 20395.5 20087.9 16606.7 16342.4 16199.3 19446.3 16093 15155.5 14679.6 15728.4 14080.1 13645.9 13429.1 13192.4 12606.2 12466.4 12351.6 12084.5 13556.3
threshold=8.0500001907348651 0 1.6500000357627871 30.90164947509766 10.250000000000002 1.0000000180025095e-35 1 97.500000000000014 139.00000000000003 -7.5499999523162833 1.0000000180025095e-35 39.26250076293946 2.8500000238418584 2 3 1.0000000180025095e-35 9.2500000000000018 4.4500000476837167 -6.6499998569488517 4 3.6499999761581425 5 12.250000000000002 13.449999809265138 2.0499999523162846 2.8500000238418584 2.2500000000000004 18.500000000000004 6 15.150000095367433
decision_type=2 1 10 2 8 2 1 2 2 2 8 2 10 1 1 10 8 10 10 1 10 1 8 8 10 10 8 2 1 8
left_child=1 5 8 -4 6 10 9 12 11 -3 17 -2 25 -10 15 24 -17 -1 -6 -9 -21 -16 -7 -12 -8 -5 -26 -11 -22 -30
right_child=2 4 3 7 18 22 14 19 13 27 23 -13 -14 -15 21 16 -18 -19 -20 20 28 -23 -24 -25 26 -27 -28 -29 29 -31
leaf_value=0.03543871832263993 0.041153040113048385 -0.1132922733069826 0.047148656994665639 0.018510616608076211 -0.57573476218991837 -0.073024878112578087 0.0052059878301258444 -0.0080673105370999056 0.026646705268200257 -0.0094636256582776232 -0.072321799069925405 0.0057147973498344632 -0.018424022582235848 -0.0055238560815636835 0.049644502646713252 -0.053854307110803683 -0.30375031918934975 -0.054455901839332611 -0.091412198640275291 0.019657049730971016 -0.075362015803085269 -0.032780859502896796 -0.34171424671399236 -0.4762210536717304 -0.010306302271565497 -0.011555341142500317 -0.053510004803103473 -0.04699194891058437 0.0019567738255154687 -0.065802556908456156
leaf_weight=273236 727501 44272 161581 622602 651 25735 232528 251078 284738 114799 13903 209073 303589 367617 71152 55248 3300 21480 85882 35963 110021 29234 2040 875 173149 179707 108727 371535 63886 54898
leaf_count=273236 727501 44272 161581 622602 651 25735 232528 251078 284738 114799 13903 209073 303589 367617 71152 55248 3300 21480 85882 35963 110021 29234 2040 875 173149 179707 108727 371535 63886 54898
internal_value=-3.83382e-07 -0.0215435 0.0103982 -0.000911268 -0.0306723 0.0133861 -0.026045 -0.00569968 0.0230914 -0.0444036 0.0229124 0.0332421 0.00348571 0.00851818 -0.0115773 -0.0180984 -0.0679394 0.0288869 -0.0950558 -0.0253918 -0.0418186 0.0256401 -0.0927594 -0.0962365 -0.012426 0.0117762 -0.0269711 -0.0381334 -0.051483 -0.0293569
internal_weight=5e+06 1.62775e+06 3.37225e+06 1.78332e+06 1.29048e+06 337269 1.20394e+06 1.62174e+06 1.58893e+06 530606 309494 936574 1.1059e+06 652355 673338 572952 58548 294716 86533 515846 264768 100386 27775 14778 514404 802309 281876 486334 228805 118784
internal_count=5000000 1627746 3372254 1783325 1290477 337269 1203944 1621744 1588929 530606 309494 936574 1105898 652355 673338 572952 58548 294716 86533 515846 264768 100386 27775 14778 514404 802309 281876 486334 228805 118784
cat_boundaries=0 1 2 3 4 5 6 7
cat_threshold=30 6 448 7432 964 16253153 520192
is_linear=0
shrinkage=0.1


Tree=41
num_leaves=31
num_cat=6
split_feature=75 72 74 82 76 12 88 40 53 81 52 75 11 12 86 0 12 49 75 72 12 76 71 35 48 91 11 71 85 75
split_gain=95735.5 62916 59120.1 39122.9 33148.1 32353.9 32291.7 26477.8 24050.9 23983.8 22723.1 22183.5 18481 18372.5 18176.9 17224.5 19588.4 17952.4 17160.8 16769.4 16578.4 15484 15431.6 15078.2 14297.5 13631 13169.3 13030.9 12082.2 11847.1
threshold=0 42.385799407958991 94.000000000000014 1.9499999880790713 1 8.6500000953674334 2.4500000476837163 1.0000000180025095e-35 3.1499999761581425 1.0000000180025095e-35 1.1500000357627871 2 -2.5499999523162837 1.0500000119209292 17.050000190734867 26.44999980926514 12.84999990463257 2.0499999523162846 3 32.093299865722663 17.050000190734867 4 2.0499999523162846 1.0000000180025095e-35 1.0500000119209292 2.6499999761581425 34.149999618530281 5.3500001430511483 1.3499999642372134 5
decision_type=1 2 2 10 1 8 10 8 8 10 8 1 10 10 10 2 10 10 1 2 8 1 8 8 8 10 8 10 8 1
left_child=4 2 6 10 7 11 8 9 25 23 24 13 -6 -3 20 16 21 -18 -7 -12 27 -14 -10 26 -4 -2 -1 -8 -21 -20
right_child=1 5 3 -5 12 18 14 -9 22 -11 19 -13 15 -15 -16 -17 17 -19 29 28 -22 -23 -24 -25 -26 -27 -28 -29 -30 -31
leaf_value=0.030965856484510352 0.033558109344369251 -0.056775384699768353 0.017385906788333877 -0.062881610272121954 0.4438074688353304 -0.56354251747788708 -0.032591429809454224 0.10590283441938692 -0.042660615069374415 -0.041391245425750241 0.036843678886849321 -0.017171405570551745 0.094996028385868722 -0.2165191089507531 0.022834505982663754 0.027685087247308667 0.0079103640614342895 -0.019317332488003845 -0.064886846608807419 -0.0086543328532818625 -0.11713510308678204 0.019364124453152717 0.0097333338309001805 0.11953287907754268 -0.022403980448939226 -0.0035320912348386318 0.16712860676250718 0.027236535788361795 -0.046022687799842685 -0.14433906026844565
leaf_weight=401401 611608 134506 264549 197376 977 791 211822 51822 86259 42143 35595 292903 33998 7607 89000 368015 656866 383564 45107 124081 19869 132756 161394 21375 137109 118241 7231 43961 285861 32213
leaf_count=401401 611608 134506 264549 197376 977 791 211822 51822 86259 42143 35595 292903 33998 7607 89000 368015 656866 383564 45107 124081 19869 132756 161394 21375 137109 118241 7231 43961 285861 32213
internal_value=-3.54129e-07 -0.0117761 -0.00494639 -0.0227865 0.0162594 -0.0435435 0.00893823 0.038049 0.018412 0.0306023 -0.0134454 -0.0329032 0.0090156 -0.0653215 -0.0164577 0.00874598 0.00297232 -0.00212737 -0.102802 -0.0289953 -0.029144 0.0347909 -0.00851579 0.0376581 0.00380333 0.0275492 0.0333753 -0.0223089 -0.0347121 -0.0980026
internal_weight=5e+06 2.89985e+06 2.38672e+06 1.04457e+06 2.10015e+06 513127 1.34215e+06 523972 977502 472150 847195 435016 1.57618e+06 142113 364652 1.5752e+06 1.20718e+06 1.04043e+06 78111 445537 275652 166754 247653 430007 401658 729849 408632 255783 409942 77320
internal_count=5000000 2899852 2386725 1044571 2100148 513127 1342154 523972 977502 472150 847195 435016 1576176 142113 364652 1575199 1207184 1040430 78111 445537 275652 166754 247653 430007 401658 729849 408632 255783 409942 77320
cat_boundaries=0 1 2 3 4 5 6
cat_threshold=992 63 6 4102 16253120 1024
is_linear=0
shrinkage=0.1


Tree=42
num_leaves=31
num_cat=6
split_feature=75 73 74 76 59 51 40 88 50 74 11 12 75 75 76 72 37 79 78 73 20 72 75 12 72 73 88 82 48 74
split_gain=83637.4 55130.2 48989.2 29256.4 27495.9 26678.5 26365.3 22134.9 21605.3 20558.7 17514.5 15223.2 22684.4 22152.1 14841.5 13970 13853.6 13416.6 13065.3 12864.8 14369 11773.2 13299.4 11461.9 11381 11235.9 11153.4 10719 10592.6 11900.2
threshold=0 140.11250305175784 199.50000000000003 1 2.0499999523162846 2.1499999761581425 1.0000000180025095e-35 1.1500000357627871 1.1500000357627871 50.500000000000007 26.550000190734867 12.250000000000002 2 3 4 30.03750038146973 1.0000000180025095e-35 1.1500000357627871 1.0000000180025095e-35 139.92665100097659 1.0000000180025095e-35 32.232500076293952 5 21.050000190734867 41.828350067138679 129.97499847412112 1.9499999880790713 1.2500000000000002 0.84999999403953563 907.50000000000011
decision_type=1 2 2 1 8 10 8 8 10 2 8 10 1 1 1 2 10 8 10 2 8 2 1 10 2 2 8 8 10 2
left_child=6 2 5 11 16 14 7 -1 -4 19 -8 12 -3 -13 18 -7 -5 -11 -2 -9 -21 -10 -23 24 -15 -19 -17 -24 -27 -30
right_child=1 3 8 4 -6 15 10 9 21 17 -12 13 -14 23 -16 26 -18 25 -20 20 -22 22 27 -25 -26 28 -28 -29 29 -31
leaf_value=0.0088131879747302428 0.063111257024851666 0.014905599185449647 0.012280202176330857 -0.0043401090816646819 -0.051009786398478058 0.048473732649018393 -0.06335193463944841 0.0059919374776513821 0.03123355361103938 -0.003995567924553774 -0.52902932205146669 0.012063442757728107 0.10506715838319199 -0.00043770718991265457 0.028876201521066465 0.027251062832707909 -0.065379869539492139 0.046444100729275802 -0.011316352596608773 -0.0046493179285409308 -0.066708509870489943 -0.0043090203723246947 0.0024076366450602148 -0.11035829129005091 -0.06538838947717493 -0.022175971763763656 -0.0020635601939545129 -0.056169621076117032 -0.056891708968668721 -0.17582783761078621
leaf_weight=244606 256708 193287 371514 464211 228992 89870 122913 240773 37748 87168 813 265052 32606 68367 658654 182007 40420 12328 25972 87447 65072 141713 38993 18821 44563 96791 452389 157089 264424 8689
leaf_count=244606 256708 193287 371514 464211 228992 89870 122913 240773 37748 87168 813 265052 32606 68367 658654 182007 40420 12328 25972 87447 65072 141713 38993 18821 44563 96791 452389 157089 264424 8689
internal_value=-4.5384e-07 0.00739112 0.0164592 -0.00873943 -0.0222703 0.0260024 -0.0226308 -0.0177391 -0.00481779 -0.0252676 -0.0664119 0.00720205 0.0279251 -0.00459503 0.0371037 0.011574 -0.00922928 -0.0393981 0.056271 -0.00840273 -0.0311268 -0.0217323 -0.0276512 -0.038106 -0.0260677 -0.0474716 0.00634675 -0.0445186 -0.0506016 -0.0606756
internal_weight=5e+06 3.76898e+06 2.41266e+06 1.35632e+06 733623 1.6656e+06 1.23102e+06 1.1073e+06 747057 862692 123726 622696 225893 396803 941334 724266 504631 469400 282680 393292 152519 375543 337795 131751 112930 382232 634396 196082 369904 273113
internal_count=5000000 3768976 2412657 1356319 733623 1665600 1231024 1107298 747057 862692 123726 622696 225893 396803 941334 724266 504631 469400 282680 393292 152519 375543 337795 131751 112930 382232 634396 196082 369904 273113
cat_boundaries=0 1 2 3 4 5 6
cat_threshold=4102 16515103 3096 960 126 960
is_linear=0
shrinkage=0.1


Tree=43
num_leaves=31
num_cat=4
split_feature=75 85 79 74 48 73 73 91 12 71 76 72 72 50 71 0 49 54 74 72 12 76 11 0 12 27 77 76 83 16
split_gain=72071.4 61533.2 50464.8 45657.6 25220 24524.9 23971.4 20387.6 18404.2 17631.1 14647.1 16647.2 14613.9 12688.4 18653.2 12063.9 11487.5 11215.6 10750.5 10379.5 15874 10311 10308.3 9630.45 16634.7 9019.74 8737.24 8735.72 8577.01 9110.05
threshold=0 1.3499999642372134 1.6500000357627871 49.500000000000007 0.75000000000000011 129.97499847412112 139.94915008544925 1.9499999880790713 34.95000076293946 1.0500000119209292 1 36.436649322509773 42.100000381469734 3.0499999523162846 2.6499999761581425 -10.15000009536743 1.0500000119209292 1.1500000357627871 82.500000000000014 37.649148941040046 17.94999980926514 2 -1.0000000180025095e-35 18.750000000000004 12.84999990463257 1.0000000180025095e-35 11.250000000000002 3 6.4500000476837167 6.8500001430511483
decision_type=1 8 8 2 8 2 2 8 8 8 1 2 2 10 10 2 8 8 2 2 8 1 10 2 8 8 8 1 8 10
left_child=8 10 12 6 17 -6 13 -7 16 -9 15 -12 18 -4 -15 -2 -1 -5 -3 -18 -21 -8 -10 24 27 -13 -26 -11 -17 -30
right_child=1 2 3 4 5 7 21 9 22 23 11 25 -14 14 -16 28 19 -19 -20 20 -22 -23 -24 -25 26 -27 -28 -29 29 -31
leaf_value=0.0334254556893753 -0.20901976754354426 0.033106577643013863 0.019654850748781538 0.013291329999550142 0.035817446966942543 -0.022841580826100466 -0.0039601223970676244 -0.085037675599429124 0.67110683395636272 -0.062415676656606522 0.036859717091099149 0.010507654263649148 -0.019664969197055036 -0.044347686553897828 0.0091498483641663866 -0.022749150683817745 0.021823067419779629 -0.033817652619573167 0.0033885147436303548 0.026712567249298453 -0.019068487555688948 -0.03850430403303523 0.16946267098193693 -0.017964052894471654 -0.22579210519796444 -0.051437067946015505 -0.091453876610276347 -0.028964806960050285 0.046896085376008756 -0.0011609485229320501
leaf_weight=419076 2819 245169 319529 131328 37855 259415 134353 158226 453 148509 370474 277361 127618 99398 189301 118743 522432 82151 241762 124671 192966 242179 4279 94890 5371 25683 49104 164735 52624 157526
leaf_count=419076 2819 245169 319529 131328 37855 259415 134353 158226 453 148509 370474 277361 127618 99398 189301 118743 522432 82151 241762 124671 192966 242179 4279 94890 5371 25683 49104 164735 52624 157526
internal_value=-3.77129e-07 -0.00698332 -0.0147695 -0.0220949 -0.0357969 -0.0429957 -0.00634989 -0.046385 0.0206417 -0.0562226 0.0141693 0.0226404 0.010457 0.0059259 -0.00926916 -0.0030313 0.0199021 -0.00483715 0.0183515 0.0131558 -0.00109964 -0.0261795 0.217486 -0.046367 -0.0536964 0.00525783 -0.104699 -0.0448268 -0.00126583 0.0108731
internal_weight=5e+06 3.73612e+06 2.73089e+06 2.11634e+06 1.13158e+06 918105 984760 880250 1.26388e+06 620835 1.00523e+06 673518 614549 608228 288699 331712 1.25914e+06 213479 486931 840069 317637 376532 4732 462609 367719 303044 54475 313244 328893 210150
internal_count=5000000 3736123 2730893 2116344 1131584 918105 984760 880250 1263877 620835 1005230 673518 614549 608228 288699 331712 1259145 213479 486931 840069 317637 376532 4732 462609 367719 303044 54475 313244 328893 210150
cat_boundaries=0 1 2 3 4
cat_threshold=448 8372224 16515087 123872
is_linear=0
shrinkage=0.1


Tree=44
num_leaves=31
num_cat=6
split_feature=91 0 82 88 23 74 73 71 49 75 12 89 11 86 85 76 12 75 75 12 0 89 58 73 12 0 70 76 12 76
split_gain=63320.2 63568 54211.3 43380.8 31017.6 29864 21088.4 16218.8 20529.1 15818.7 24578.2 17595.8 15280.1 14748.1 13465.6 13422 12584.8 22568.6 12211.9 14603.5 11882.9 11702.7 11019.8 10563.8 12542.7 14370.8 10276.6 10181.2 9855.97 9713.24
threshold=1.1500000357627871 18.650000572204593 1.3499999642372134 1.0500000119209292 19.650000572204593 249.50000000000003 139.97914886474612 4.0499999523162851 2.8500000238418584 0 3.2500000000000004 1.0500000119209292 -2.8500000238418575 -1.0500000119209287 0.94999998807907116 1 3.6499999761581425 2 3 21.150000572204593 -12.849999904632567 23.550000190734867 2.7500000000000004 143.1683044433594 -2.5499999523162837 -1.8499999642372129 1.5500000119209292 4 17.94999980926514 5
decision_type=8 2 8 8 8 2 2 8 10 1 8 8 10 10 8 1 10 1 1 10 2 8 8 2 10 2 10 1 10 1
left_child=15 2 -2 -4 5 6 7 8 -5 10 13 -12 -3 23 -7 -1 -16 -18 -14 -20 -17 -21 -22 24 -8 -26 -10 -25 29 -11
right_child=1 12 3 4 -6 14 9 -9 26 28 11 -13 18 -15 16 20 17 -19 19 21 22 -23 -24 27 25 -27 -28 -29 -30 -31
leaf_value=0.037956521497893685 0.011794714895874414 0.47768773139509402 0.0095119581362055842 -0.0014687871176463437 -0.09651081131364482 -0.010102668477030704 0.0027717755025822126 0.02216883709897105 -0.079299908228389934 0.031183681431554134 -0.1990026731468838 -0.068228412759995014 -0.00034802871357514858 0.005908213332160385 -0.041188352562845643 -0.14923907873614803 -0.13340359741181884 -0.051527706379213306 0.038490201503507383 -0.026322787398761954 0.020806993741467956 0.015674669645176324 -0.0061766220727982679 -0.021075316793574359 -0.12812243735058623 -0.023610019296282165 -0.026721288054886463 -0.13073976877046559 -0.062501630137593495 -0.019449040130153063
leaf_weight=314149 554477 702 326547 318050 68127 56603 57123 142082 57072 59628 11146 133787 554650 89868 128634 4446 56392 83638 258754 77783 665093 451385 195932 13160 21437 34061 106618 23801 30977 103878
leaf_count=314149 554477 702 326547 318050 68127 56603 57123 142082 57072 59628 11146 133787 554650 89868 128634 4446 56392 83638 258754 77783 665093 451385 195932 13160 21437 34061 106618 23801 30977 103878
internal_value=-3.66188e-07 -0.00625359 -0.0157525 -0.023697 -0.0304914 -0.0275478 -0.0202773 -0.00752158 -0.0162783 -0.0340236 -0.0457818 -0.0782855 0.0112633 -0.0261101 -0.0544306 0.0202517 -0.0637698 -0.0845135 0.0110194 0.0190211 0.0138245 0.00950142 0.0146667 -0.0453465 -0.0301224 -0.0639796 -0.0450533 -0.0917347 -0.0107814 -0.000983386
internal_weight=5e+06 3.82038e+06 2.47711e+06 1.92263e+06 1.59608e+06 1.52796e+06 1.20269e+06 623822 481740 578866 384383 144933 1.34327e+06 239450 325267 1.17962e+06 268664 140030 1.34257e+06 787922 865471 529168 861025 149582 112621 55498 163690 36961 194483 163506
internal_count=5000000 3820380 2477106 1922629 1596082 1527955 1202688 623822 481740 578866 384383 144933 1343274 239450 325267 1179620 268664 140030 1342572 787922 865471 529168 861025 149582 112621 55498 163690 36961 194483 163506
cat_boundaries=0 1 2 3 4 5 6
cat_threshold=7182 6174 6158 608 15728703 16515103
is_linear=0
shrinkage=0.1


Tree=45
num_leaves=31
num_cat=6
split_feature=75 85 73 74 39 83 12 74 91 76 11 71 76 83 73 76 51 23 0 53 72 15 12 12 12 12 75 75 12 52
split_gain=57964.4 38144.2 33938.1 30808.6 21466.6 19744.4 19386.6 16833.5 14019.6 13398.8 13318.8 12808.1 12783.2 15666.3 12682.4 15211.4 12670.9 11577.2 13455.7 11546.2 10697.1 13114.2 11650.5 10626.5 10575.8 10277.9 11620.2 10467.1 12485.6 10072.7
threshold=0 1.0500000119209292 141.81670379638675 249.50000000000003 1.0000000180025095e-35 22.250000000000004 13.050000190734865 18.500000000000004 1.1500000357627871 1 26.250000000000004 6.2500000000000009 2 15.34999990463257 143.1683044433594 3 1.2500000000000002 1.0000000180025095e-35 7.2500000000000009 1.7500000000000002 41.475000381469734 4.0499999523162851 1.2500000000000002 inf 20.750000000000004 17.44999980926514 4 5 6.0499999523162851 2.0499999523162846
decision_type=1 8 2 2 8 8 10 2 8 1 8 10 1 10 2 1 10 8 2 10 2 10 8 8 10 10 1 1 8 8
left_child=4 -2 3 5 7 6 -3 -1 -9 -4 20 14 13 -8 17 -16 -5 -10 19 -19 21 -6 -22 29 -15 27 -27 -11 -29 -7
right_child=1 2 9 16 10 23 12 8 11 25 -12 -13 -14 24 15 -17 -18 18 -20 -21 22 -23 -24 -25 -26 26 -28 28 -30 -31
leaf_value=0.0059706231575464468 0.025206134340543591 0.016532892311140836 -0.043310104334141029 -0.00047649504847396286 -0.011213032352309867 0.026905863822901107 -0.14724253031542733 0.0011741144237219616 -0.0091335730316752448 0.043885388385403602 -0.45451122565219271 0.030983484145962747 -0.0055668191669330409 -0.020209726586245504 -0.16116125632235156 -0.036734861045496087 -0.031166456720568409 -0.033337667831007993 -0.012459239710353278 -0.078678133661854832 -0.093203562235518012 -0.083541315900083388 -0.32176544146559638 0.39497568275757367 -0.12804643574354352 -0.013570379064158006 -0.10579003126472514 0.021322275401183102 -0.052923205102313312 0.008860628181764774
leaf_weight=296259 821674 323372 210413 265766 58057 660111 13213 199047 192860 51054 843 33246 311112 88507 16364 24617 272432 123110 118742 103286 17928 44118 2547 750 10136 47972 19101 49493 41762 582108
leaf_count=296259 821674 323372 210413 265766 58057 660111 13213 199047 192860 51054 843 33246 311112 88507 16364 24617 272432 123110 118742 103286 17928 44118 2547 750 10136 47972 19101 49493 41762 582108
internal_value=-3.87053e-07 0.00615305 0.000841289 0.00521453 -0.01884 0.0109571 -0.00189965 -0.0144306 -0.0218807 -0.0254892 -0.0583864 -0.0293763 -0.0159919 -0.0449833 -0.0328423 -0.0864675 -0.0160115 -0.0287575 -0.0397232 -0.0540228 -0.0556638 -0.0424436 -0.121636 0.018677 -0.0312904 -0.00757813 -0.0398504 0.0076319 -0.0126541 0.0184498
internal_weight=5e+06 3.76898e+06 2.9473e+06 2.52751e+06 1.23102e+06 1.98931e+06 746340 1.10753e+06 811272 419795 123493 612225 422968 111856 578979 40981 538198 537998 345138 226396 122650 102175 20475 1.24297e+06 98643 209382 67073 142309 91255 1.24222e+06
internal_count=5000000 3768976 2947302 2527507 1231024 1989309 746340 1107531 811272 419795 123493 612225 422968 111856 578979 40981 538198 537998 345138 226396 122650 102175 20475 1242969 98643 209382 67073 142309 91255 1242219
cat_boundaries=0 1 2 3 4 5 6
cat_threshold=4102 262016 523264 1046528 896 992
is_linear=0
shrinkage=0.1


Tree=46
num_leaves=31
num_cat=2
split_feature=79 0 88 85 23 71 48 12 73 74 12 0 71 72 76 72 48 51 74 23 74 0 12 0 0 74 72 74 12 75
split_gain=53237 50999.5 44559.9 33048.7 31090.4 23079.8 30256.8 15527.1 14213.2 13677.4 14725.6 18723.1 12486.4 11864.4 11487.3 10785.9 10761 10395.7 10001.3 8684.49 8682.78 8535.52 8429.78 11826.5 9015.88 8251.62 9305.81 8236.66 8119.01 8093.41
threshold=1.2500000000000002 17.250000000000004 1.2500000000000002 1.6500000357627871 17.44999980926514 2.2500000000000004 1.6500000357627871 3.4500000476837163 141.42920684814456 48.500000000000007 18.150000572204593 25.050000190734867 0.94999998807907116 39.600799560546882 0 30.90164947509766 0.94999998807907116 1.8499999642372134 143.50000000000003 25.750000000000004 774.50000000000011 14.250000000000002 3.4500000476837163 2.2500000000000004 -1.4499999880790708 131.00000000000003 38.453350067138679 67.500000000000014 16.750000000000004 1
decision_type=8 2 8 8 8 8 8 10 2 2 10 2 10 2 1 2 8 8 2 10 2 2 10 2 2 2 2 2 8 1
left_child=13 2 25 27 5 6 17 -3 15 10 -9 19 22 14 -1 -7 -11 -5 -17 -12 -16 28 24 -24 -8 26 -2 -4 -6 -10
right_child=1 7 3 4 21 8 12 9 29 16 11 -13 -14 -15 20 18 -18 -19 -20 -21 -22 -23 23 -25 -26 -27 -28 -29 -30 -31
leaf_value=0.0059660396201486627 0.036301928479550764 0.15412519588668488 0.013327450544048297 -0.0043557312216571881 -0.10184023299114485 0.085519794785483882 -0.10950129038122168 0.043261634070406146 0.0091263134297814956 0.017598964905658678 -0.00042946502253728836 0.029973469956177359 -0.044664473160610965 0.0029455313238821619 0.037769541119269362 0.003708860069019024 -0.0081173946488831729 -0.048363819851015774 -0.032816372199047365 -0.056342390823635347 -0.019447858999932857 -0.066483855321500127 -0.23004552074433612 -0.091506072762011822 -0.018021829033760546 -0.0037299101301854587 0.0025235088376954415 -0.012333515314697041 -0.22518100751773243 -0.050572702494459658
leaf_weight=186154 171159 7307 236439 222809 20943 13562 16551 172728 28338 224616 307094 266358 243004 274044 509550 309891 590456 70712 98890 30542 27978 59960 6730 72985 30864 257416 155801 265594 7162 114363
leaf_count=186154 171159 7307 236439 222809 20943 13562 16551 172728 28338 224616 307094 266358 243004 274044 509550 309891 590456 70712 98890 30542 27978 59960 6730 72985 30864 257416 155801 265594 7162 114363
internal_value=-4.12788e-07 -0.00515239 -0.0143606 -0.0220791 -0.0304024 -0.0262887 -0.038935 0.00868595 -0.0114354 0.00801832 0.017514 0.0101507 -0.0579493 0.0206662 0.0273767 -0.00221632 -0.00103053 -0.0149577 -0.00512712 -0.00548726 0.0347908 -0.0877983 -0.0833427 -0.103202 -0.0499543 0.00966232 0.020206 -0.000248148 -0.133271 -0.0387204
internal_weight=5e+06 4.00227e+06 2.40317e+06 1.8188e+06 1.31676e+06 1.2287e+06 663655 1.5991e+06 565044 1.59179e+06 776722 603994 370134 997726 723682 422343 815072 293521 408781 337636 537528 88065 127130 79715 47415 584376 326960 502033 28105 142701
internal_count=5000000 4002274 2403173 1818797 1316764 1228699 663655 1599101 565044 1591794 776722 603994 370134 997726 723682 422343 815072 293521 408781 337636 537528 88065 127130 79715 47415 584376 326960 502033 28105 142701
cat_boundaries=0 1 2
cat_threshold=8257536 992
is_linear=0
shrinkage=0.1


Tree=47
num_leaves=31
num_cat=6
split_feature=82 0 23 88 12 80 76 79 47 70 49 76 75 56 75 12 76 12 72 73 12 78 41 0 12 12 12 74 75 15
split_gain=47601.4 42796 44136.9 26224.1 21306 28626.8 23530.2 21263.3 20861 20802.3 26666.8 14013.8 13356.8 13336.1 12456.6 12612.5 12319.1 12251.5 12182.2 12126.6 11972.9 10470.8 11355.2 10209.6 12219.5 9555.52 9525.38 9524.82 8386.21 8242.95
threshold=1.2500000000000002 13.550000190734865 14.150000095367433 1.0500000119209292 16.94999980926514 21.44999980926514 0 1.0500000119209292 1.0000000180025095e-35 1.3499999642372134 1.7500000000000002 1 2 2.8500000238418584 3 16.150000572204593 4 12.84999990463257 37.249149322509773 129.87249755859378 3.4500000476837163 1.0000000180025095e-35 1.0000000180025095e-35 1.8499999642372134 1.2500000000000002 21.849999427795414 21.44999980926514 58.500000000000007 5 -1.4499999880790708
decision_type=8 2 8 8 10 8 1 8 10 8 10 1 1 8 1 8 1 10 2 2 10 10 10 2 8 8 10 2 1 8
left_child=13 2 3 -2 6 11 -3 -5 19 10 -9 26 -7 -1 -4 -16 -11 23 -14 -8 -21 22 27 24 -12 -13 -6 -22 -17 -25
right_child=1 4 14 7 5 12 8 9 -10 16 17 25 18 -15 15 28 -18 -19 -20 20 21 -23 -24 29 -26 -27 -28 -29 -30 -31
leaf_value=0.024285220951841775 0.01241168348343707 0.094771289651252699 -0.038204761172865323 0.013168622660772386 -0.064987963100838014 0.015709845760563286 0.10647163676684275 -0.019023536833246264 -0.05169880428514774 -0.026744740557032944 -0.063837602417202724 -0.0014574179377361842 -2.6000255445829489e-05 -0.0026087053526943713 -0.080330962926389193 -0.3733019479355793 -0.0013925474322054896 -0.14345172862705477 -0.040656897519304805 0.086077479193723536 0.030296624664120198 0.072335981827890014 -0.059578394129020523 0.04641579745956062 -0.16718030696039202 -0.048155470647286876 -0.205834801654215 0.001006887617409148 -0.15344588020603012 -0.051461884511878067
leaf_weight=854597 356706 39732 62023 189136 47310 556059 15956 244111 43108 356384 36142 106595 534749 235109 60362 2096 414698 19985 85606 24601 204665 29564 21753 9414 16742 74404 5344 242669 10343 100037
leaf_count=854597 356706 39732 62023 189136 47310 556059 15956 244111 43108 356384 36142 106595 534749 235109 60362 2096 414698 19985 85606 24601 204665 29564 21753 9414 16742 74404 5344 242669 10343 100037
internal_value=-3.78607e-07 -0.00515118 -0.016033 -0.01177 0.00490635 -0.00189459 0.0203228 -0.0179905 0.0152412 -0.0229118 -0.040635 -0.0338659 0.00445539 0.0184827 -0.0711572 -0.0992122 -0.0131104 -0.0695709 -0.00563278 0.0205931 0.0179744 0.0146145 0.0109766 -0.0604755 -0.0965538 -0.0206526 -0.0792678 0.0144076 -0.190916 -0.0430433
internal_weight=5e+06 3.91029e+06 1.87818e+06 1.74336e+06 2.03212e+06 1.41007e+06 622048 1.38665e+06 582316 1.19751e+06 426431 233653 1.17641e+06 1.08971e+06 134824 72801 771082 182320 620355 539208 523252 498651 469087 162335 52884 180999 52654 447334 12439 109451
internal_count=5000000 3910294 1878179 1743355 2032115 1410067 622048 1386649 582316 1197513 426431 233653 1176414 1089706 134824 72801 771082 182320 620355 539208 523252 498651 469087 162335 52884 180999 52654 447334 12439 109451
cat_boundaries=0 1 2 3 4 5 6
cat_threshold=14680127 523776 384 2016 124896 4102
is_linear=0
shrinkage=0.1


Tree=48
num_leaves=31
num_cat=6
split_feature=76 0 23 87 12 0 76 81 76 42 0 12 87 0 77 90 12 76 75 0 51 11 12 36 75 26 12 7 12 0
split_gain=45530.5 44160.5 32152 29148.1 27430.9 45736.3 33948.2 27627.1 31635 25929.2 22692.1 22464.2 22458.2 21168.7 20839.8 20433 20340.7 22078.6 20501.6 17337 22944.1 16205.2 15954.8 15596.1 16773.2 15314.8 15084 14635.2 14373 18197.2
threshold=0 7.0499999523162851 8.4499998092651385 1.0000000180025095e-35 12.650000095367433 17.150000572204593 1 1.0000000180025095e-35 2 1.0000000180025095e-35 12.050000190734865 17.44999980926514 1.0000000180025095e-35 -6.6499998569488517 13.250000000000002 1.0000000180025095e-35 -2.5499999523162837 3 4 -1.4499999880790708 2.0499999523162846 3.4500000476837163 19.349999427795414 1.0000000180025095e-35 5 1.0000000180025095e-35 5.8500001430511483 -13.15000009536743 21.150000572204593 22.650000572204593
decision_type=1 2 8 10 10 2 1 10 1 10 2 10 10 2 10 10 8 1 1 2 8 8 10 10 1 8 10 8 10 2
left_child=3 2 13 15 7 6 12 8 26 14 -8 -12 -6 -2 -10 23 17 27 -18 20 -20 -21 -14 25 -25 -1 -3 -15 -7 -30
right_child=1 4 -4 -5 5 28 10 -9 9 -11 11 -13 22 16 -16 -17 18 -19 19 21 -22 -23 -24 24 -26 -27 -28 -29 29 -31
leaf_value=0.029717391625471934 -0.065556415093914244 0.19460902077023637 -0.071165191632851996 -0.034092998224538103 -0.0076310869356093578 0.015629261032877921 -0.2067104101763409 0.079304790422606797 -0.0019206109160668974 -0.071429194961583883 -0.045691242611180766 -0.19007332575279745 -0.057014001600428736 -0.17884013089000078 0.038875223968846795 -0.049183387804509364 0.032425902653071659 0.047742402938246907 -0.024696704699600946 -0.0019173431796215435 -0.12052846160128175 -0.034672000933104206 -0.22188663767356692 0.00058014547439126207 0.12525343102206829 -0.063555121829876812 0.049739254751462264 -0.0094891090723573032 -0.026498532791571456 0.0052473375299317351
leaf_weight=647034 77623 7667 114097 85149 376348 676840 11759 65797 482951 43100 102658 12040 33505 5452 169046 33076 71944 108151 66277 326742 40099 280900 7116 15886 33684 18096 114848 79710 251368 641037
leaf_count=647034 77623 7667 114097 85149 376348 676840 11759 65797 482951 43100 102658 12040 33505 5452 169046 33076 71944 108151 66277 326742 40099 280900 7116 15886 33684 18096 114848 79710 251368 641037
internal_value=-4.3727e-07 -0.00426677 -0.0207332 0.0213436 0.00216901 -0.00401839 -0.0290213 0.0169662 0.0119495 0.00369086 -0.0744049 -0.0608472 -0.0152553 -0.0152889 0.0086567 0.0276564 -0.0113044 0.0177559 -0.018452 -0.0235785 -0.060821 -0.0170591 -0.0858964 0.0312125 0.085324 0.0271798 0.0588004 -0.0203284 0.00464004 -0.00369467
internal_weight=5e+06 4.16708e+06 1.171e+06 832925 2.99608e+06 2.11267e+06 543426 883409 817612 695097 126457 114698 416969 1.0569e+06 651997 747776 979275 193313 785962 714018 106376 607642 40621 714700 49570 665130 122515 85162 1.56924e+06 892405
internal_count=5000000 4167075 1170995 832925 2996080 2112671 543426 883409 817612 695097 126457 114698 416969 1056898 651997 747776 979275 193313 785962 714018 106376 607642 40621 714700 49570 665130 122515 85162 1569245 892405
cat_boundaries=0 1 2 3 4 5 6
cat_threshold=30 15729121 14680545 258048 624 6150
is_linear=0
shrinkage=0.1


Tree=49
num_leaves=31
num_cat=3
split_feature=91 89 23 74 50 74 59 72 76 72 0 91 12 91 72 75 12 91 84 73 89 12 15 72 89 74 48 12 75 12
split_gain=42258.5 37481.5 31853.5 25916.3 20774.6 17998.7 12941.1 11775.4 10610 11681.5 10001.5 9872.92 11997.1 9697.13 9329.74 10479.5 12565.8 9217.16 9105.97 9044.69 8692.53 17824.1 8649.47 7831.41 7689.26 7439.02 6956.97 6864.27 11565.4 6583.94
threshold=1.0500000119209292 13.449999809265138 12.650000095367433 48.500000000000007 0.94999998807907116 149.50000000000003 2.7500000000000004 30.90164947509766 0 40.609199523925788 -10.15000009536743 3.2500000000000004 12.050000190734865 2.7500000000000004 34.909999847412116 1 16.650000572204593 2.6499999761581425 1.0000000180025095e-35 138.0100021362305 -0.35000000894069666 0.84999999403953563 1.0000000180025095e-35 38.602500915527351 6.4500000476837167 669.00000000000011 0.84999999403953563 16.250000000000004 2 18.050000190734867
decision_type=8 8 8 2 8 2 10 2 1 2 2 8 8 8 2 1 8 10 8 2 8 10 10 2 10 2 8 10 1 10
left_child=8 2 5 6 26 11 23 -8 10 18 -1 -2 20 -4 19 29 -17 -7 25 -6 21 -13 -22 -3 -14 -10 -5 -9 -29 -16
right_child=1 3 13 4 14 17 7 27 9 -11 -12 12 24 -15 15 16 -18 -19 -20 -21 22 -23 -24 -25 -26 -27 -28 28 -30 -31
leaf_value=-0.24696059738380338 0.003511627896105702 0.026481837440042934 -0.043109231866695845 0.018444818339896699 -0.0060316662246616831 -0.021290924469171517 0.030226995912703711 0.007493677238413439 0.035234733527729885 -0.0024185623827071958 0.0011104755694272515 -0.022324358791362849 -0.25259280091000913 -0.09691611652196791 0.0050844807957210313 -0.027072575712047714 -0.084833076606677771 -0.058811252622741485 -0.0047320794154677819 0.058186377528977318 0.048710916265203144 -0.1655394536402606 -0.01327087086767155 0.0038875413269589955 -0.071512562314906006 -0.015076961518491337 -0.0051435490107837011 -0.012739173428814933 -0.088943684191475011 -0.021557862300287844
leaf_weight=1636 447233 553907 81375 319227 326385 173635 95464 146208 572431 147793 246876 48233 2735 56924 161119 293131 43217 105106 73044 23512 26712 10600 143275 212166 16445 30979 205536 194306 22182 218608
leaf_count=1636 447233 553907 81375 319227 326385 173635 95464 146208 572431 147793 246876 48233 2735 56924 161119 293131 43217 105106 73044 23512 26712 10600 143275 212166 16445 30979 205536 194306 22182 218608
internal_value=-3.52351e-07 -0.0048052 -0.0203468 0.00133572 -0.00708177 -0.0139699 0.0122732 -0.00102156 0.0175896 0.0230502 -0.000522601 -0.00536231 -0.0213652 -0.0652562 -0.0151 -0.0216396 -0.0344931 -0.0354389 0.028615 -0.00171641 -0.0149974 -0.0481276 -0.00353096 0.0202243 -0.097334 0.0326517 0.00920587 -0.00924639 -0.020552 -0.0102532
internal_weight=5e+06 3.92724e+06 1.11227e+06 2.81497e+06 1.59074e+06 973974 1.22423e+06 458160 1.07276e+06 824247 248512 695233 248000 138299 1.06597e+06 716075 336348 278741 676454 349897 228820 58833 169987 766073 19180 603410 524763 362696 216488 379727
internal_count=5000000 3927241 1112273 2814968 1590735 973974 1224233 458160 1072759 824247 248512 695233 248000 138299 1065972 716075 336348 278741 676454 349897 228820 58833 169987 766073 19180 603410 524763 362696 216488 379727
cat_boundaries=0 1 2 3
cat_threshold=4128768 976 2016
is_linear=0
shrinkage=0.1


Tree=50
num_leaves=31
num_cat=4
split_feature=82 76 74 80 12 51 81 38 0 80 12 80 80 59 84 73 23 58 75 41 75 12 80 23 11 75 30 22 87 51
split_gain=39871.4 35655.6 29830.1 20201.2 24295.6 20086.9 19937.4 17340.4 14457.6 14432.7 17679.6 17107.6 14253.9 13992.1 13070.8 12885.9 12640.3 12017 11418.5 12125.6 11058.1 11011.7 10841.5 11913.4 11164.3 10734.6 10341.2 9165 8840.84 8771.06
threshold=2.5499999523162846 0 49.500000000000007 17.050000190734867 12.84999990463257 1.0500000119209292 1.0000000180025095e-35 1.0000000180025095e-35 -7.5499999523162833 7.8500001430511483 3.6499999761581425 2.0499999523162846 11.050000190734865 2.7500000000000004 1.0000000180025095e-35 131.03749847412112 9.0500001907348651 1.4499999880790713 1 1.0000000180025095e-35 2 12.250000000000002 -3.0499999523162837 -1.6500000357627866 -2.8500000238418575 3 1.0000000180025095e-35 18.650000572204593 1.0000000180025095e-35 3.2500000000000004
decision_type=10 1 2 8 8 8 8 10 2 10 8 8 10 8 10 2 10 8 1 8 1 10 10 10 8 1 8 10 10 8
left_child=1 6 13 4 9 17 7 14 -7 10 22 -12 26 29 28 -10 -11 -4 -17 -20 -19 -5 24 -24 -2 -9 -6 -14 -1 -3
right_child=3 2 5 21 12 8 -8 25 15 16 11 -13 27 -15 -16 18 -18 20 19 -21 -22 -23 23 -25 -26 -27 -28 -29 -30 -31
leaf_value=0.030397607928783654 -0.026491671468157646 0.02324352325880337 0.01250448418760663 0.047740790973620058 -0.11063864261411996 -0.10168501910970351 -0.022455493091769523 0.016234062484882097 0.019491454627246156 0.039694461340466246 -0.15120580107507542 -0.046878291749270912 -0.035547085908521063 -0.0032115866016240164 -0.057435539654324241 -0.00023738254701751029 -0.016774511497195336 -0.040441756180912787 -0.019532827751931506 -0.059600375052523261 0.0039782494897588139 -0.0062909212202708689 0.050864054271587494 -0.01707445662196562 -0.13293999051135358 0.12091200639705174 -0.29636264148002966 -0.11581235645413757 -0.055015881332245525 -0.0039296730684629192
leaf_weight=560627 35498 743848 563773 42242 23614 19318 79938 14050 102044 61653 19317 84358 72011 422669 18241 277778 111025 96342 711535 84499 133964 352256 33270 115126 13638 32456 3434 17728 12386 141362
leaf_count=560627 35498 743848 563773 42242 23614 19318 79938 14050 102044 61653 19317 84358 72011 422669 18241 277778 111025 96342 711535 84499 133964 352256 33270 115126 13638 32456 3434 17728 12386 141362
internal_value=-3.37444e-07 0.00442318 2.63751e-05 -0.0180273 -0.0297299 -0.00768617 0.0246219 0.0305231 -0.015877 -0.0196618 -0.0328754 -0.0663169 -0.0705835 0.011757 0.0258985 -0.0144673 0.00338719 0.00464189 -0.0176943 -0.0237857 -0.0146052 -0.000505321 -0.0153236 -0.00184282 -0.0560371 0.0893171 -0.134218 -0.0514035 0.0285513 0.0189041
internal_weight=5e+06 4.01483e+06 3.29713e+06 985170 590672 1.98925e+06 717698 637760 1.19517e+06 473885 301207 103675 116787 1.30788e+06 591254 1.17586e+06 172678 794079 1.07381e+06 796034 230306 394498 197532 148396 49136 46506 27048 89739 573013 885210
internal_count=5000000 4014830 3297132 985170 590672 1989253 717698 637760 1195174 473885 301207 103675 116787 1307879 591254 1175856 172678 794079 1073812 796034 230306 394498 197532 148396 49136 46506 27048 89739 573013 885210
cat_boundaries=0 1 2 3 4
cat_threshold=30 448 7174 6150
is_linear=0
shrinkage=0.1


Tree=51
num_leaves=31
num_cat=8
split_feature=85 76 84 24 83 27 12 75 75 90 73 12 72 72 74 0 76 83 12 76 44 87 11 39 76 83 12 12 76 76
split_gain=36383.4 30450.2 38571.8 33490.2 28184.8 27603.8 26988.8 23995.2 21328.5 20770.2 17194.2 15719.7 16791.6 14920.2 14876.9 13801.7 13395.9 13278.1 13061.2 13022.4 12652.2 11447.3 11105.6 12941.8 10861.5 10092.4 11992.5 9768.19 11576.9 9740.54
threshold=1.9499999880790713 0 1.0000000180025095e-35 1.0000000180025095e-35 13.949999809265138 1.0000000180025095e-35 10.650000095367433 1 2 1.0000000180025095e-35 140.72920227050784 13.050000190734865 30.90164947509766 36.013349533081062 741.50000000000011 -8.6500000953674299 3 25.250000000000004 20.750000000000004 4 1.0000000180025095e-35 1.0000000180025095e-35 12.84999990463257 1.0000000180025095e-35 5 4.6499998569488534 3.6499999761581425 22.750000000000004 6 7
decision_type=10 1 8 2 8 8 8 1 1 10 2 10 2 2 2 2 1 8 10 1 10 10 10 10 1 8 10 8 1 1
left_child=1 3 5 8 6 7 19 -3 15 10 14 -6 -13 -4 16 -1 -9 27 -5 -2 -10 22 -18 -24 -8 26 -21 28 -14 -15
right_child=4 2 13 18 11 -7 24 9 20 -11 -12 12 17 29 -16 -17 21 -19 -20 25 -22 -23 23 -25 -26 -27 -28 -29 -30 -31
leaf_value=-0.213385982564572 -0.030802334137811672 -0.017582244910630072 0.00014713953618665903 0.061385274350402974 0.031163157392954804 -0.032820405514120646 -0.049648508986700882 0.016973068281232899 -0.0022659051745773 -0.041549216621116367 0.0064691490160510082 0.028363163475195963 -0.032285274334223367 0.013287819819291237 -0.019428391004115704 -0.038061703275099612 0.056994642411383557 0.0085640527121403475 -0.025858277986967299 0.0026683809017671862 -0.04907744765842529 -0.044733474308455971 0.028598623655368877 0.087947394587631178 -0.11149187272685424 0.027539625166385959 -0.061000066137310564 -0.058013489875980866 0.010537579306265574 -0.059341340345369725
leaf_weight=4583 322927 171153 125054 86300 133292 111107 103108 464899 655380 50927 465324 112583 174912 22011 61710 221305 255431 170866 21419 101740 63316 16472 592034 39174 39227 85621 41714 72945 98779 114687
leaf_count=4583 322927 171153 125054 86300 133292 111107 103108 464899 655380 50927 465324 112583 174912 22011 61710 221305 255431 170866 21419 101740 63316 16472 592034 39174 39227 85621 41714 72945 98779 114687
internal_value=-2.83613e-07 0.0054719 0.0114992 -0.00879008 -0.0132979 0.0157651 -0.0278778 0.0183148 -0.0148146 0.0214721 0.0231658 -3.65309e-05 -0.0066367 -0.0248146 0.0286 -0.041617 0.0307665 -0.014251 0.0440376 -0.0178665 -0.00638984 0.0378664 0.0394014 0.0322819 -0.0667036 0.000370581 -0.0158453 -0.0254971 -0.0168307 -0.04765
internal_weight=5e+06 3.54229e+06 2.48998e+06 1.0523e+06 1.45771e+06 2.22823e+06 694337 2.11712e+06 944584 1.94597e+06 1.89504e+06 763377 630085 261752 1.42972e+06 225888 1.36801e+06 517502 107719 552002 718696 903111 886639 631208 142335 229075 143454 346636 273691 136698
internal_count=5000000 3542286 2489983 1052303 1457714 2228231 694337 2117124 944584 1945971 1895044 763377 630085 261752 1429720 225888 1368010 517502 107719 552002 718696 903111 886639 631208 142335 229075 143454 346636 273691 136698
cat_boundaries=0 1 2 3 4 5 6 7 8
cat_threshold=2088960 2 14 6299136 260064 16253055 524032 7168
is_linear=0
shrinkage=0.1


Tree=52
num_leaves=31
num_cat=8
split_feature=79 88 0 85 12 73 76 75 12 76 76 72 75 72 69 12 0 19 0 72 12 49 12 72 75 75 76 81 21 0
split_gain=34385.6 29033.1 28659.1 24193.6 22260.9 22580.3 21627.8 16453 19293.4 16442.1 12957.6 12343.7 12084.8 13636.8 12054.1 11771.3 10972.4 16022.6 14887.5 9566.01 9359.72 9215.93 9210.59 10076.2 9140.26 9068.03 8606.7 8409.48 7955.43 7826.94
threshold=1.5500000119209292 1.1500000357627871 21.150000572204593 0.94999998807907116 18.650000572204593 129.87249755859378 0 1 10.449999809265138 2 3 37.249149322509773 4 32.232500076293952 1.2500000000000002 21.750000000000004 6.6499998569488534 0.45000000298023229 1.0000000180025095e-35 39.600799560546882 7.8500001430511483 1.0500000119209292 21.44999980926514 39.18499946594239 5 6 7 1.0000000180025095e-35 4.8500001430511483 16.050000190734867
decision_type=8 8 2 8 8 2 1 1 10 1 1 2 1 2 8 10 2 10 2 2 8 10 10 2 1 1 1 8 8 2
left_child=19 -2 3 -3 5 -5 14 8 16 15 -9 -10 13 -11 21 29 17 -8 -19 26 -12 -7 25 -24 -15 -4 -1 -28 -18 -6
right_child=1 2 22 4 9 6 7 10 11 12 20 -13 -14 24 -16 -17 28 18 -20 -21 -22 -23 23 -25 -26 -27 27 -29 -30 -31
leaf_value=0.0056857300573214366 0.012496654696002113 0.0098220735589342866 0.0073940413059571308 0.05485109748745081 -0.27773907977454543 -0.014162417649078912 0.0049737567975897045 -0.0098525097785498363 -0.04147316201230053 -0.021216065700156501 0.096713761310344204 -0.13932322326499152 -0.024095073815694229 -0.10821168664587984 -0.021894928597224604 -0.26025259526233069 0.076941458286742953 -0.10361926623698177 -0.025011835195577148 0.00012418318607998767 0.02322931178837043 -0.062393368821475198 0.0026666942928606544 -0.049218839957860083 -0.27785206748678098 0.043512978227785569 0.030816351908649727 -0.0061954958554878503 0.0069927001766588968 -0.075961734631349281
leaf_weight=290493 774511 326228 189593 44333 2048 52948 165219 133269 84940 18437 19928 15199 155115 18855 522120 4522 19711 29428 132905 338344 133103 157359 484114 40565 3828 109747 539669 69268 92851 31350
leaf_count=290493 774511 326228 189593 44333 2048 52948 165219 133269 84940 18437 19928 15199 155115 18855 522120 4522 19711 29428 132905 338344 133103 157359 484114 40565 3828 109747 539669 69268 92851 31350
internal_value=-3.07323e-07 -0.00475696 -0.00922965 -0.0152738 -0.0197293 -0.015523 -0.0175242 -0.00643642 -0.016707 -0.0485311 0.0129443 -0.0563247 -0.0368759 -0.085071 -0.0300365 -0.108808 -0.00769318 -0.0169492 -0.0392619 0.0144576 0.0327965 -0.0502505 0.00664088 -0.00134478 -0.137011 0.020638 0.0198495 0.0266057 0.0192416 -0.0883349
internal_weight=5e+06 3.76223e+06 2.98772e+06 2.1637e+06 1.83747e+06 1.60331e+06 1.55898e+06 826553 540253 234155 286300 100139 196235 41120 732427 37920 440114 327552 162333 1.23777e+06 153031 210307 824019 524679 22683 299340 899430 608937 112562 33398
internal_count=5000000 3762226 2987715 2163696 1837468 1603313 1558980 826553 540253 234155 286300 100139 196235 41120 732427 37920 440114 327552 162333 1237774 153031 210307 824019 524679 22683 299340 899430 608937 112562 33398
cat_boundaries=0 1 2 3 4 5 6 7 8
cat_threshold=254944 6158 1048064 269312 6174 2064 624 8372224
is_linear=0
shrinkage=0.1


Tree=53
num_leaves=31
num_cat=3
split_feature=74 73 91 76 76 58 59 72 24 73 79 11 72 89 12 75 12 12 88 40 16 11 0 20 34 73 0 12 46 88
split_gain=31393.2 40243.6 20917.3 19987.9 17468 14678.5 12881.9 12752.5 13560 14951 12499.6 11968.2 11703.3 11538.3 9478.27 9951.14 15927.3 12210.5 8781.49 8747.1 8676.46 8638.78 8588.88 14913.3 8192.81 7957.99 7616.71 10627.4 7454.71 7438.7
threshold=249.50000000000003 140.11250305175784 2.3500000238418584 0 1 2.9500000476837163 1.7500000000000002 38.316650390625007 1.0000000180025095e-35 129.87249755859378 2.2500000000000004 19.349999427795414 45.113349914550788 12.250000000000002 26.550000190734867 2 9.0500001907348651 13.050000190734865 3.5499999523162846 1.0000000180025095e-35 9.2500000000000018 -13.249999999999998 4.2500000000000009 1.0500000119209292 1.0000000180025095e-35 131.03749847412112 18.94999980926514 17.94999980926514 1.0000000180025095e-35 0.94999998807907116
decision_type=2 2 10 1 1 10 8 2 2 2 10 10 2 8 10 1 10 8 10 8 10 8 2 8 10 2 2 10 10 10
left_child=1 4 10 14 7 18 19 8 9 -1 25 -10 -8 20 15 17 -17 22 -6 21 -11 -5 23 -3 -23 -2 27 -18 -15 -27
right_child=2 3 -4 6 5 -7 12 -9 11 13 -12 -13 -14 28 -16 16 26 -19 -20 -21 -22 24 -24 -25 -26 29 -28 -29 -30 -31
leaf_value=0.039011785459747289 0.056054990014756993 0.0051327386265579873 -0.048386157304467582 -0.096430963661528063 0.028205321242260925 0.0038827278471055115 -0.037118309228242177 0.051694933673351429 0.069394497832928947 -0.023639206115755929 -0.039345798419505758 -0.0095516182010532465 0.037653034100805484 0.0004898698092839596 -0.041942759474343581 0.079892790472940761 0.022646465353339473 -0.094243463993021026 -0.0047737893484710581 -0.054345747026715165 -0.087933350934470272 0.00093843752749607446 0.044934360937801003 -0.060016512622831836 -0.05450018302160993 0.00017154933327672288 0.042621460417188402 -0.020615913911452181 -0.041137396816812971 -0.020726327961793255
leaf_weight=68364 20938 165243 160114 9987 953464 454971 345611 47440 47753 132477 120230 32119 22283 499147 40253 38809 126835 14931 88210 37859 24941 438063 34779 44625 28384 541072 62629 102805 47078 248586
leaf_count=68364 20938 165243 160114 9987 953464 454971 345611 47440 47753 132477 120230 32119 22283 499147 40253 38809 126835 14931 88210 37859 24941 438063 34779 44625 28384 541072 62629 102805 47078 248586
internal_value=-3.49266e-07 0.00418563 -0.0149996 -0.00858226 0.0122488 0.0188675 -0.0183019 0.00123366 -0.00157644 -0.00563459 -0.00925664 0.0376478 -0.0325895 -0.00997231 0.00500866 0.00820847 0.0197012 -0.00645047 0.0254126 -0.00808172 -0.0338258 -0.00440543 -0.00109266 -0.00872018 -0.00243509 -0.00479373 0.0117094 0.00327881 -0.0030979 -0.00640715
internal_weight=5e+06 3.90906e+06 1.09094e+06 1.5131e+06 2.39596e+06 1.49664e+06 882187 899319 851879 772007 930826 79872 367894 703643 630909 590656 331078 259578 1.04167e+06 514293 157418 476434 244647 209868 466447 810596 292269 229640 546225 789658
internal_count=5000000 3909060 1090940 1513096 2395964 1496645 882187 899319 851879 772007 930826 79872 367894 703643 630909 590656 331078 259578 1041674 514293 157418 476434 244647 209868 466447 810596 292269 229640 546225 789658
cat_boundaries=0 1 2 3
cat_threshold=16252959 8372224 6158
is_linear=0
shrinkage=0.1


Tree=54
num_leaves=31
num_cat=4
split_feature=82 74 88 73 76 87 41 75 75 36 51 71 86 13 11 76 0 34 57 14 86 47 86 35 84 40 38 86 80 11
split_gain=30487.6 28375.1 24444.4 18483.9 14516.9 12959.8 12811.9 11734.1 11346.7 16662.4 10672.8 11195.5 10586.4 19691 9050.47 8783.54 8644.58 8241.83 7993.05 7709.24 12901 7487.76 7476.84 7323.02 6980.04 7098.71 6484.22 6471.08 6447.16 6624.96
threshold=1.0500000119209292 58.500000000000007 2.1499999761581425 140.21500396728518 0 1.0000000180025095e-35 1.0000000180025095e-35 1 2 1.0000000180025095e-35 2.9500000476837163 1.9499999880790713 13.750000000000002 10.250000000000002 3.4500000476837163 3 -12.849999904632567 1.0000000180025095e-35 2.2500000000000004 -0.25000000745058054 0.25000000745058065 1.0000000180025095e-35 -4.7499999999999991 1.0000000180025095e-35 1.0000000180025095e-35 1.0000000180025095e-35 1.0000000180025095e-35 8.2500000000000018 7.2500000000000009 21.150000572204593
decision_type=8 2 10 2 1 10 8 1 1 8 10 8 8 8 10 1 2 10 8 8 10 10 10 10 10 8 8 10 8 10
left_child=16 3 4 10 5 8 17 -8 -3 24 -2 -12 13 19 -14 -5 -1 21 -18 22 -21 28 -4 -7 25 -10 -17 -15 -6 -30
right_child=1 2 12 15 6 23 7 -9 9 -11 11 -13 14 27 -16 26 18 -19 -20 20 -22 -23 -24 -25 -26 -27 -28 -29 29 -31
leaf_value=-0.091466063128646732 0.01916834951819452 -0.0086396318466356783 -0.070113815307887212 0.0058448993965403732 -0.026781346480165169 -0.059282248164373802 -0.0018143217837495334 -0.069459804400077041 0.01583432822767156 0.098084212203108839 -0.025298501508491108 0.0092865966590893936 0.088370318248297261 -0.16688152965593994 -0.019849709956863346 -0.013886179300731978 0.02401826688300732 -0.041891844481258225 0.0039200680468448454 -0.13174611841320616 -0.035514208544213811 -0.041974006924969026 0.0091605352094673419 0.022608590519018763 -0.064913792983768009 0.085718256114285546 -0.058626546302303906 -0.081942941685322124 0.0041733597445892502 -0.019012448459580767
leaf_weight=7345 797591 165476 14881 256497 107832 41700 40494 69947 276118 27429 125798 365660 7980 12585 244520 363790 606608 69677 293677 15814 117007 55016 59340 14794 10133 15343 35560 31221 594719 155448
leaf_count=7345 797591 165476 14881 256497 107832 41700 40494 69947 276118 27429 125798 365660 7980 12585 244520 363790 606608 69677 293677 15814 117007 55016 59340 14794 10133 15343 35560 31221 594719 155448
internal_value=-3.14343e-07 -0.00367774 -0.0116021 0.00507204 -0.00569885 0.00753637 -0.01237 -0.0446635 0.0127203 0.0234624 0.0120257 0.000433885 -0.0308844 -0.0454346 -0.0164295 -0.00859523 0.0165806 -0.00874078 0.0174621 -0.0325471 -0.0469718 -0.00621085 -0.00673364 -0.0378376 0.0166765 0.0195131 -0.0178696 -0.106345 -0.00391767 -0.000631154
internal_weight=5e+06 4.09237e+06 2.14747e+06 1.9449e+06 1.64413e+06 550993 1.09313e+06 110441 494499 329023 1.28905e+06 491458 503348 250848 252500 655847 907630 982692 900285 207042 132821 913015 74221 56494 301594 291461 399350 43806 857999 750167
internal_count=5000000 4092370 2147474 1944896 1644126 550993 1093133 110441 494499 329023 1289049 491458 503348 250848 252500 655847 907630 982692 900285 207042 132821 913015 74221 56494 301594 291461 399350 43806 857999 750167
cat_boundaries=0 1 2 3 4
cat_threshold=12582975 960 7170 16515087
is_linear=0
shrinkage=0.1


Tree=55
num_leaves=31
num_cat=3
split_feature=75 79 88 86 12 86 86 12 72 53 86 23 23 30 74 74 11 86 23 23 72 0 76 76 12 78 43 12 11 72
split_gain=26764.6 25418.1 22176.8 19851 28517.6 16946.5 15811.9 16534.5 14294.4 12488.6 12195.2 12113.1 11810.1 9620.33 9496.72 9431.51 9016.66 8598.59 11163.7 9537.58 8454.23 8191.71 8002.88 7910.91 7720.54 7609.98 7278.51 6982.21 6890.5 12524.2
threshold=0 1.0500000119209292 1.8499999642372134 19.44999980926514 12.84999990463257 10.650000095367433 8.4499998092651385 3.6499999761581425 31.958350181579593 2.5499999523162846 2.0499999523162846 20.050000190734867 7.6499998569488534 1.0000000180025095e-35 352.00000000000006 48.500000000000007 26.250000000000004 -1.6500000357627866 -2.4500000476837154 -1.6500000357627866 38.316650390625007 -12.849999904632567 1 2 21.849999427795414 1.0000000180025095e-35 1.0000000180025095e-35 8.4499998092651385 -2.8500000238418575 41.927499771118171
decision_type=1 8 8 8 10 10 8 8 2 10 10 8 10 10 2 2 8 8 10 10 2 2 1 1 10 8 10 8 8 2
left_child=16 -2 14 4 6 13 7 17 -5 15 -9 -7 -8 -6 20 -10 21 18 -4 -19 23 -1 -17 -3 -25 -14 -24 -12 -23 -30
right_child=1 2 3 8 5 11 12 10 9 -11 27 -13 25 -15 -16 22 -18 19 -20 -21 -22 28 26 24 -26 -27 -28 -29 29 -31
leaf_value=-0.11625517328594798 0.018910550335597548 0.0023456043844882501 0.0027430465187393113 0.026926041979191292 -0.096074792911564011 -0.026121451320699457 0.061043718864856961 -0.11311574279229895 0.01483026732231911 -0.01696574952666861 -0.015003298112613618 -0.088434658963171334 -0.0035672305656428887 -0.2693564048221595 -0.0098384572281100327 0.014853380291721618 -0.35196382867622233 0.074239878046195987 -0.083183065411057758 -3.3910704388994329e-05 0.0022121505875233659 0.0034855966092279022 -0.0069539464774411135 0.036851655499852816 0.010990859605489421 0.073365762838937171 -0.04782263563079265 -0.067681969286695065 -0.022957292499906041 -0.10367032265259411
leaf_weight=9296 761039 180075 35457 170547 29863 165421 41705 24029 390287 480351 68461 38446 172360 3589 213199 159697 837 20336 26362 115384 425059 88020 466552 299274 187937 13894 48067 39781 304153 20522
leaf_count=9296 761039 180075 35457 170547 29863 165421 41705 24029 390287 480351 68461 38446 172360 3589 213199 159697 837 20336 26362 115384 425059 88020 466552 299274 187937 13894 48067 39781 304153 20522
internal_value=-2.97727e-07 0.00222343 -0.00110442 -0.00660167 -0.0196631 -0.0486973 -0.00730968 -0.0213075 -0.000548049 -0.00358091 -0.0486702 -0.0378727 0.0129423 -0.114666 0.00946692 0.00245836 -0.024072 -0.00298565 -0.0338992 0.0110951 0.0132349 -0.0234222 -0.00470236 0.0202563 0.0268755 0.00217174 -0.010771 -0.0343637 -0.0213311 -0.028059
internal_weight=5e+06 4.57717e+06 3.81613e+06 2.51059e+06 795088 237319 557769 329810 1.7155e+06 1.54495e+06 132271 203867 227959 33452 1.30554e+06 1.0646e+06 422828 197539 61819 135720 1.09234e+06 421991 674316 667286 487211 186254 514619 108242 412695 324675
internal_count=5000000 4577172 3816133 2510589 795088 237319 557769 329810 1715501 1544954 132271 203867 227959 33452 1305544 1064603 422828 197539 61819 135720 1092345 421991 674316 667286 487211 186254 514619 108242 412695 324675
cat_boundaries=0 1 2 3
cat_threshold=2 12582943 4161536
is_linear=0
shrinkage=0.1


Tree=56
num_leaves=31
num_cat=6
split_feature=73 74 91 76 71 85 35 81 76 58 76 84 0 15 72 90 71 73 75 28 12 45 58 60 75 76 90 12 74 11
split_gain=24617.5 26775.7 18106.4 17649.7 12889.3 12858 11875.2 13196.3 11277.4 10871 11628.6 21372.9 12155.6 12858.1 10292.4 9953.3 9852.12 9713.38 9538.37 8716.43 8624.06 8256.81 8201.99 8081.26 8034.12 7725 7643.67 7412.2 7284.48 6709.19
threshold=142.07500457763675 388.50000000000006 2.7500000000000004 0 1.6500000357627871 2.2500000000000004 1.0000000180025095e-35 1.0000000180025095e-35 1 2.8500000238418584 2 1.0000000180025095e-35 12.050000190734865 8.4499998092651385 42.100000381469734 1.0000000180025095e-35 1.7500000000000002 144.7174987792969 3 1.0000000180025095e-35 21.150000572204593 1.0000000180025095e-35 2.7500000000000004 2.0499999523162846 4 5 1.0000000180025095e-35 15.550000190734865 907.50000000000011 15.949999809265138
decision_type=2 2 10 1 8 10 8 10 1 10 1 10 2 8 2 8 8 2 1 10 10 10 8 8 1 1 10 10 2 10
left_child=1 2 3 6 -4 28 7 26 14 10 11 12 13 -5 -2 19 18 23 -11 24 -13 -14 -10 -16 -12 -17 -1 -18 -3 -26
right_child=8 5 4 9 -6 -7 -8 -9 22 16 15 20 21 -15 17 25 27 -19 -20 -21 -22 -23 -24 -25 29 -27 -28 -29 -30 -31
leaf_value=0.028237192834031411 0.1565365877869577 -0.0055067357195076865 -0.027085474194868949 -0.018248055853500724 0.00071948347446834388 -0.050326173196463903 0.072795809426182231 -0.034958191733312098 0.0045523298518724909 -0.052479260571505371 0.0085167640257126972 0.069162149095733955 0.0069977062774994048 -0.10548321238975411 -0.033389564052866631 0.031834256404772644 0.015230034641237209 0.012659343666975194 -0.0070598006718570238 -0.018832943407771061 -0.014238042015603953 -0.044017317185902079 -0.027493071702352406 -0.07692792113976088 0.039046892856762327 -0.025178673080095929 -0.043596667668520744 -0.012255569837516527 -0.037642733170067923 0.018329998020356352
leaf_weight=435989 2748 455382 240313 189955 544395 95333 48625 38827 210522 75064 321802 57045 420661 18546 145716 31807 219132 32548 120403 57181 15842 34314 128698 60263 291764 93919 15334 177663 83465 336744
leaf_count=435989 2748 455382 240313 189955 544395 95333 48625 38827 210522 75064 321802 57045 420661 18546 145716 31807 219132 32548 120403 57181 15842 34314 128698 60263 291764 93919 15334 177663 83465 336744
internal_value=-2.64508e-07 0.00254275 0.0057287 0.00926552 -0.00779565 -0.0164737 0.0256595 0.0209839 -0.0193611 0.00567756 0.00941774 -0.000366056 -0.0060128 -0.0260076 -0.0358874 0.0157751 -0.00612886 -0.0381058 -0.024505 0.0190859 0.0510351 0.00315018 -0.00760528 -0.0461275 0.0213675 -0.0107546 0.0257966 0.00292349 -0.0104845 0.0279467
internal_weight=5e+06 4.4195e+06 3.78532e+06 3.00062e+06 784708 634180 538775 490150 580495 2.46184e+06 1.86958e+06 736363 663476 208501 241275 1.13322e+06 592262 238527 195467 1.00749e+06 72887 454975 339220 205979 950310 125726 451323 396795 538847 628508
internal_count=5000000 4419505 3785325 3000617 784708 634180 538775 490150 580495 2461842 1869580 736363 663476 208501 241275 1133217 592262 238527 195467 1007491 72887 454975 339220 205979 950310 125726 451323 396795 538847 628508
cat_boundaries=0 1 2 3 4 5 6
cat_threshold=30 261888 2088960 7174 5634 7168
is_linear=0
shrinkage=0.1


Tree=57
num_leaves=31
num_cat=6
split_feature=91 82 72 85 75 12 75 70 12 72 73 12 12 75 12 12 76 46 72 74 22 75 0 12 72 75 12 83 72 72
split_gain=23002.4 21373.7 19051.7 19255.9 17883.6 39954.9 22497.4 18448.1 15995.8 14382.5 13047.6 11788.7 11289.5 11235.6 12515.8 11020.2 10357.2 11985.3 9639.49 9375.47 10558.2 12407.5 7565.34 8356.88 8295.03 7197.76 7025.27 7188.08 6626.41 6587.83
threshold=0.94999998807907116 1.6500000357627871 30.90164947509766 1.1500000357627871 0 16.650000572204593 1 1.7500000000000002 23.550000190734867 38.085000991821296 141.52664947509768 15.550000190734865 13.050000190734865 2 2.8500000238418584 8.6500000953674334 3 1.0000000180025095e-35 38.602500915527351 639.50000000000011 2.4500000476837163 4 29.750000000000004 21.44999980926514 39.18499946594239 5 3.6499999761581425 12.84999990463257 42.246648788452156 44.01414871215821
decision_type=8 8 2 8 1 8 1 8 10 2 2 10 10 1 10 10 1 10 2 2 10 1 2 10 2 1 8 8 2 2
left_child=-1 28 11 -4 12 7 -7 13 9 25 19 -3 -5 14 -6 29 -15 26 -16 20 -9 -22 23 -14 -25 -8 -18 -28 -2 -12
right_child=1 2 3 4 5 6 8 10 -10 -11 15 -13 22 16 18 -17 17 -19 -20 -21 21 -23 -24 24 -26 -27 27 -29 -30 -31
leaf_value=0.013892158049907325 0.012784176896456882 0.11205616284569773 0.0080955349511734054 0.046991035192772201 -0.02264032683476188 -0.19188197064871287 -0.065768795513156925 0.033823924487213032 -0.13436638570753023 -0.11578108940708105 -0.029898737056366281 0.017372147536507943 0.0049247781879345094 0.012801561648280774 -0.058913007914054773 -0.082662327214622092 0.016039922158818162 -0.088145253005815383 -0.16620913678249938 -0.050501790407846192 -0.022095159148978985 0.011112519334883881 0.024096955771979695 -0.011821916909674633 -0.056295291774549255 -0.017324491908407413 -0.069838920002426266 -0.016858865279023454 -0.0071476483686398352 0.018527516152670127
leaf_weight=962428 852432 14458 506815 47037 137765 12205 42635 110227 21039 22996 99295 145311 277154 96668 103127 30429 47028 27522 9113 31063 172094 324949 85624 262293 49921 109313 32560 119952 207372 39175
leaf_count=962428 852432 14458 506815 47037 137765 12205 42635 110227 21039 22996 99295 145311 277154 96668 103127 30429 47028 27522 9113 31063 172094 324949 85624 262293 49921 109313 32560 119952 207372 39175
internal_value=-2.46937e-07 -0.00331175 -0.00765233 -0.0095569 -0.0134279 -0.0193571 -0.0601954 -0.0132007 -0.051982 -0.0420773 -0.00345662 0.0259404 -0.000377551 -0.0269104 -0.0428344 -0.0281725 -0.0146111 -0.0262816 -0.0676246 0.00308306 0.00582403 -0.000385383 -0.00367845 -0.00771369 -0.0189329 -0.0309229 -0.0177502 -0.0281697 0.00888411 -0.0161983
internal_weight=5e+06 4.03757e+06 2.97777e+06 2.818e+06 2.31118e+06 1.58916e+06 208188 1.38097e+06 195983 174944 807232 159769 722029 573735 250005 168899 323730 227062 112240 638333 607270 497043 674992 589368 312214 151948 199540 152512 1.0598e+06 138470
internal_count=5000000 4037572 2977768 2817999 2311184 1589155 208188 1380967 195983 174944 807232 159769 722029 573735 250005 168899 323730 227062 112240 638333 607270 497043 674992 589368 312214 151948 199540 152512 1059804 138470
cat_boundaries=0 1 2 3 4 5 6
cat_threshold=960 4110 4102 15728671 4102 2064
is_linear=0
shrinkage=0.1


Tree=58
num_leaves=31
num_cat=9
split_feature=75 12 72 75 12 12 74 75 76 12 75 75 0 29 17 76 12 24 0 15 76 12 72 48 67 12 12 76 0 11
split_gain=21273.2 24754.7 22608.1 32525 24569.1 24542 20064.1 19268.3 18574 17341.7 19452.2 17363.9 16073.3 15315.4 14394.6 12914.7 11796.5 11475.2 14242.4 12438.7 10627.4 12220.9 10924.6 10313 9716 9825.21 9672.72 9658.72 9439.95 9344.23
threshold=0 3.6499999761581425 37.249149322509773 1 13.050000190734865 12.650000095367433 396.50000000000006 2 3 21.849999427795414 4 5 4.0499999523162851 1.0000000180025095e-35 9.4499998092651385 6 21.44999980926514 1.0000000180025095e-35 19.650000572204593 16.750000000000004 7 21.44999980926514 42.385799407958991 4.5499999523162851 1.3499999642372134 13.449999809265138 26.44999980926514 8 25.250000000000004 20.849999427795414
decision_type=1 10 2 1 8 10 2 1 1 8 1 1 2 10 8 1 8 2 2 10 1 8 2 10 10 8 10 1 2 10
left_child=24 14 6 5 -5 12 8 16 17 11 -11 -10 13 23 -2 -14 -6 18 19 -3 22 -22 -9 27 25 -1 -12 -4 -28 -19
right_child=1 2 3 4 7 -7 -8 20 9 10 26 -13 15 -15 -16 -17 -18 29 -20 -21 21 -23 -24 -25 -26 -27 28 -29 -30 -31
leaf_value=-0.025638905197863566 0.020796582195802913 -0.016390184398505713 -0.15490358134514762 0.02705077095415271 0.028234985632455217 -0.10241724265442867 -0.017084345239223284 -0.027979889091016008 0.015269632963056315 0.018279953683841523 -0.0090661163679948142 0.048080783088416956 0.028287767944423226 -0.18451084711697477 0.13390768967118755 -0.029477645118478196 -0.0097845389991669824 0.06168291168273432 0.0049977232463175253 -0.085331466857544266 0.00064497688335790788 -0.046564460150085085 -0.086297617488764661 -0.1639092674500936 -0.0061626736805287449 -0.13191068547359952 -0.088843317764358026 -0.025843125117346183 0.015718512238958458 -0.0085782005716647982
leaf_weight=302892 507584 261766 6293 227198 150651 50901 331858 104174 420685 344848 154027 261600 62373 8852 11506 101955 178074 48096 459294 29078 192684 76645 46443 6867 495774 8957 33346 72716 11651 31212
leaf_count=302892 507584 261766 6293 227198 150651 50901 331858 104174 420685 344848 154027 261600 62373 8852 11506 101955 178074 48096 459294 29078 192684 76645 46443 6867 495774 8957 33346 72716 11651 31212
internal_value=-2.76877e-07 0.00286263 -2.59991e-05 -0.0107161 -0.00175249 -0.0389359 0.00573142 -0.0104934 0.00941482 0.0172329 0.00391292 0.0278509 -0.0264641 -0.0592716 0.0233038 -0.00755204 0.00763915 -0.0021427 -0.00596722 -0.0232828 -0.0246868 -0.0127893 -0.0459592 -0.0463621 -0.0148615 -0.0286913 -0.0209806 -0.0361456 -0.0617693 0.0340314
internal_weight=5e+06 4.19238e+06 3.67329e+06 1.28583e+06 975869 309957 2.38746e+06 748671 2.0556e+06 1.22616e+06 543872 682285 259056 94728 519090 164328 328725 829446 750138 290844 419946 269329 150617 85876 807623 311849 199024 79009 44997 79308
internal_count=5000000 4192377 3673287 1285826 975869 309957 2387461 748671 2055603 1226157 543872 682285 259056 94728 519090 164328 328725 829446 750138 290844 419946 269329 150617 85876 807623 311849 199024 79009 44997 79308
cat_boundaries=0 1 2 3 4 5 6 7 8 9
cat_threshold=6 6168 384 4190208 896 7176 16252991 262016 1048320
is_linear=0
shrinkage=0.1


Tree=59
num_leaves=31
num_cat=7
split_feature=74 52 73 71 75 48 12 53 13 0 76 78 76 75 74 56 72 75 0 0 12 75 75 37 32 72 12 21 0 22
split_gain=20911.2 20741.9 14567 13206.7 13486.5 12454.4 10529.8 10615.9 9088.3 11075.8 8907.09 12549.2 8518.12 8321.32 7381.82 7351.18 7028.03 6845.46 6842.75 6603.53 6370.56 11313.6 6859.55 6242.08 6226.8 6182.13 6083.52 6029.3 12431.7 7740.42
threshold=64.500000000000014 1.1500000357627871 139.97914886474612 0.94999998807907116 0 1.3499999642372134 3.4500000476837163 3.3500000238418584 2.2500000000000004 10.250000000000002 1 1.0000000180025095e-35 2 3 514.00000000000011 1.0500000119209292 30.90164947509766 4 -5.8500001430511466 21.650000572204593 17.050000190734867 5 6 1.0000000180025095e-35 1.0000000180025095e-35 31.958350181579593 26.050000190734867 1.2500000000000002 5.8500001430511483 8.2500000000000018
decision_type=2 10 2 10 1 10 10 10 8 2 1 10 1 1 2 10 2 1 2 2 10 1 1 8 10 2 10 8 2 10
left_child=2 5 6 4 -3 14 19 -8 18 -10 11 13 26 25 15 -2 -9 -17 -6 -1 21 27 -22 24 -14 -5 -4 -12 29 -29
right_child=1 3 12 10 8 -7 7 16 9 -11 20 -13 23 -15 -16 17 -18 -19 -20 -21 22 -23 -24 -25 -26 -27 -28 28 -30 -31
leaf_value=0.04166515776238261 0.022551309870219291 -0.011112238766085584 0.010318608736640124 0.042314920684706478 -0.093016721473268726 -0.013234792124574905 0.01592995774616323 0.021165994999924099 -0.088999790893788663 -0.027249275682068554 0.017307056036252023 0.035416996381366798 -0.0053516354548503939 -0.011031799047042715 -0.010959449987583808 -0.022457406440921198 -0.010634539736020153 0.012533666886369416 -0.0094499123093311922 0.54818873237385313 -0.0074935643073823681 0.037909660918778093 -0.065531386783958021 -0.046907888853406826 -0.052903955361079703 -0.043494933596233451 -0.036742875871093185 -0.029050879920570101 0.011958418565660359 -0.11345640426363951
leaf_weight=107344 425671 193846 411779 8808 11465 311982 993400 89869 75109 47363 96075 38969 443806 226747 136531 83249 306574 170196 67414 258 188929 93981 22816 45949 29359 179418 29431 64664 85939 13059
leaf_count=107344 425671 193846 411779 8808 11465 311982 993400 89869 75109 47363 96075 38969 443806 226747 136531 83249 306574 170196 67414 258 188929 93981 22816 45949 29359 179418 29431 64664 85939 13059
internal_value=-2.69246e-07 -0.00635896 0.00657694 -0.0144235 -0.0299419 0.00375801 0.0127421 0.0104089 -0.0480668 -0.0651193 -0.00840747 -0.01884 -0.00303654 -0.0239355 0.0102577 0.0145232 -0.00342573 0.00103977 -0.0215963 0.0428797 -3.21543e-05 0.00818014 -0.0137507 -0.0117191 -0.00830217 -0.0394774 0.0071792 -0.00257829 -0.0142518 -0.0432327
internal_weight=5e+06 2.54223e+06 2.45777e+06 1.4146e+06 395197 1.12763e+06 1.49744e+06 1.38984e+06 201351 122472 1.0194e+06 453942 960324 414973 815647 679116 396443 253445 78879 107602 565463 353718 211745 519114 473165 188226 441210 259737 163662 77723
internal_count=5000000 2542231 2457769 1414602 395197 1127629 1497445 1389843 201351 122472 1019405 453942 960324 414973 815647 679116 396443 253445 78879 107602 565463 353718 211745 519114 473165 188226 441210 259737 163662 77723
cat_boundaries=0 1 2 3 4 5 6 7
cat_threshold=1008 1040640 16515103 62 7170 7182 2016
is_linear=0
shrinkage=0.1


Tree=60
num_leaves=31
num_cat=11
split_feature=88 82 74 73 86 13 76 12 75 12 75 72 76 75 12 72 75 12 75 75 72 11 12 72 84 4 72 75 76 76
split_gain=20407.9 19085.6 19328.8 18403.2 12092.6 12494.4 11806.7 8976 11214.8 10324.1 14349.7 10022 8517.82 7886.61 7801.13 7796.61 7790.93 12876.3 11525.4 11262.7 10666.6 8739.79 7444.77 7376.42 7518.06 7355.23 7354.93 7290.54 8034.17 7101.4
threshold=0.84999999403953563 0.84999999403953563 249.50000000000003 139.97914886474612 16.150000572204593 6.8500001430511483 0 3.4500000476837163 1 16.94999980926514 2 27.989149093627933 3 4 23.849999427795414 45.113349914550788 5 8.2500000000000018 6 7 37.846700668334968 -1.4499999880790708 21.94999980926514 38.316650390625007 1.0000000180025095e-35 18.550000190734867 41.927499771118171 8 9 10
decision_type=8 8 2 2 8 8 1 10 1 10 1 2 1 1 10 2 1 8 1 1 2 8 10 2 10 10 2 1 1 1
left_child=-1 -2 3 7 5 -4 -5 -3 -9 12 11 -11 23 -7 27 16 22 19 -19 21 -20 -18 -8 24 25 -10 -23 28 -13 -17
right_child=1 2 4 6 -6 13 15 8 9 10 -12 14 -14 -15 -16 29 17 18 20 -21 -22 26 -24 -25 -26 -27 -28 -29 -30 -31
leaf_value=0.014333784697958174 0.014682552433249436 0.026603573832931923 -0.022282974094759784 0.0015205439454967452 -0.011703832365857451 -0.11675635246429671 0.0096515377605324582 -0.014996718586164186 -0.030545270172503958 0.020550256903905981 0.006923740851214351 0.028411466622925846 0.02949310169160356 -0.048933818005521268 -0.10270827428840068 -0.030600234749965868 -0.0097550089489287714 -0.034293622048255291 -0.031059934610672441 0.0091551638659811262 -0.12889253837858292 -0.032969200688399258 -0.036628526400241911 0.087305712543918307 0.0687105778540507 0.013484355445455266 -0.090653286746337977 -0.051287917467477788 -0.038105047626533578 0.075517218316357076
leaf_weight=828646 540568 166840 138725 420397 505673 26540 124530 305861 80912 40429 656083 35261 275338 48576 15470 10400 110058 136154 17999 115522 29264 75105 48217 9430 13222 71440 31322 68600 37418 16000
leaf_count=828646 540568 166840 138725 420397 505673 26540 124530 305861 80912 40429 656083 35261 275338 48576 15470 10400 110058 136154 17999 115522 29264 75105 48217 9430 13222 71440 31322 68600 37418 16000
internal_value=-2.55756e-07 -0.00284774 -0.00545772 -0.00183045 -0.0201343 -0.0400699 -0.011777 0.00452488 0.00223616 0.00627953 -0.000185654 -0.0238403 0.0185292 -0.0729189 -0.0352912 -0.0195999 -0.0216461 -0.0278057 -0.0490713 -0.0160584 -0.0916159 -0.029512 -0.00326593 0.00127777 -0.00362174 -0.00989916 -0.0499459 -0.027909 -0.00583437 0.0337304
internal_weight=5e+06 4.17135e+06 3.63079e+06 2.91127e+06 719514 213841 1.13497e+06 1.7763e+06 1.60946e+06 1.3036e+06 853261 197178 450342 75116 156749 714571 688171 515424 183417 332007 47263 216485 172747 175004 165574 152352 106427 141279 72679 26400
internal_count=5000000 4171354 3630786 2911272 719514 213841 1134968 1776304 1609464 1303603 853261 197178 450342 75116 156749 714571 688171 515424 183417 332007 47263 216485 172747 175004 165574 152352 106427 141279 72679 26400
cat_boundaries=0 1 2 3 4 5 6 7 8 9 10 11
cat_threshold=16515087 4102 2104 2080768 6158 448 1568 4110 32 15728767 1008
is_linear=0
shrinkage=0.1


Tree=61
num_leaves=31
num_cat=6
split_feature=79 73 74 11 75 12 75 72 12 76 86 41 71 11 86 88 75 2 0 72 76 54 10 47 11 27 73 76 8 0
split_gain=19130.2 17127.8 19257.9 14030.7 16898.5 17052.2 23669.9 16909.9 14336.8 13212.1 16835.7 10956.2 10576.7 15280.3 12654.7 12013.3 10182.4 9698.75 9212.42 8954.08 8415.18 8045 8014.33 7883.76 7868.67 9017.65 7679.45 9348.24 7997.2 7312.17
threshold=0.94999998807907116 142.07500457763675 749.50000000000011 -2.8500000238418575 0 16.94999980926514 1 34.909999847412116 26.349999427795414 2 16.550000190734867 1.0000000180025095e-35 3.5499999523162846 12.84999990463257 13.250000000000002 3.2500000000000004 3 13.250000000000002 10.84999990463257 32.232500076293952 4 2.5499999523162846 13.449999809265138 1.0000000180025095e-35 12.650000095367433 1.0000000180025095e-35 144.7174987792969 5 -10.249999999999998 -6.6499998569488517
decision_type=8 2 2 10 1 10 1 2 8 1 10 10 10 8 10 10 1 10 2 2 1 10 10 10 10 10 2 1 10 2
left_child=-1 2 3 17 12 9 -7 -8 16 18 11 23 13 14 15 21 -9 29 24 -15 -18 -5 -20 -11 -6 -26 27 28 -3 -2
right_child=1 26 -4 4 5 6 7 8 -10 10 -12 -13 -14 19 -16 -17 20 -19 22 -21 -22 -23 -24 -25 25 -27 -28 -29 -30 -31
leaf_value=0.01483628951818514 -0.021968303898153654 -0.14649511988753711 -0.039474734999619343 -0.0035741655034949049 0.031383138495300909 0.0044624956987256723 -0.006871620964832164 -0.085291479222703623 -0.1945700349279296 0.0059854458543654211 0.031200746612553794 -0.038551022824815026 0.0076094742567974164 -0.021281118672745167 0.088846727191207203 -0.05403452647981815 -0.0098473240083953948 0.27837595317911723 0.12109108446030024 -0.11425619231146883 -0.063498450358887459 -0.032949399232570495 0.043038817268178854 -0.039206624189533981 -0.00061228530010249077 -0.16162100402412524 0.010410642885406779 -0.017236197886743829 -0.044008453394757174 0.042421037529363131
leaf_weight=740380 21438 8336 121604 354623 155017 1085770 261613 40370 6335 571339 206527 71050 191026 17351 11498 76188 87129 1606 15786 25702 43998 126485 78936 41399 65696 3673 69130 312642 87887 99466
leaf_count=740380 21438 8336 121604 354623 155017 1085770 261613 40370 6335 571339 206527 71050 191026 17351 11498 76188 87129 1606 15786 25702 43998 126485 78936 41399 65696 3673 69130 312642 87887 99466
internal_value=-2.66972e-07 -0.00257906 -0.00032463 0.00097613 -0.000176087 0.00356889 -0.00346287 -0.0230442 -0.0468374 0.0124367 0.00617904 -0.00137827 -0.0129316 -0.019345 -0.0149972 -0.0171397 -0.0413803 0.0342467 0.0298946 -0.0767859 -0.0278527 -0.011297 0.0560467 0.00293209 0.0188562 -0.00913749 -0.0204149 -0.0256268 -0.0528816 0.0310039
internal_weight=5e+06 4.25962e+06 3.78162e+06 3.66002e+06 3.53751e+06 2.73464e+06 1.52522e+06 439445 177832 1.20942e+06 890315 683788 802873 611847 568794 557296 171497 122510 319108 43053 131127 481108 94722 612738 224386 69369 477995 408865 96223 120904
internal_count=5000000 4259620 3781625 3660021 3537511 2734638 1525215 439445 177832 1209423 890315 683788 802873 611847 568794 557296 171497 122510 319108 43053 131127 481108 94722 612738 224386 69369 477995 408865 96223 120904
cat_boundaries=0 1 2 3 4 5 6
cat_threshold=4102 960 15728671 2072 15728767 253952
is_linear=0
shrinkage=0.1


Tree=62
num_leaves=31
num_cat=5
split_feature=76 74 78 0 79 37 91 60 12 0 48 73 89 12 76 12 84 63 46 76 0 12 0 0 23 76 11 75 28 72
split_gain=18769.4 18216.3 14785.5 14485.9 13066.9 12988.3 12970 11698.5 11010.6 17462.9 13890.7 11845.5 10296.1 20173.9 10022.8 9840.46 9364.7 8855.22 8390.28 7869.21 8624.02 7841.73 11534.2 10811.6 7934.12 7806.03 8983.35 7725.44 7659.48 7475.98
threshold=0 18.500000000000004 1.0000000180025095e-35 -10.15000009536743 2.9500000476837163 1.0000000180025095e-35 1.7500000000000002 2.8500000238418584 -2.5499999523162837 -1.8499999642372129 1.6500000357627871 143.1683044433594 12.250000000000002 10.050000190734865 1 1.4499999880790713 1.0000000180025095e-35 4.6499998569488534 1.0000000180025095e-35 2 3.8500000238418584 16.94999980926514 9.6500000953674334 19.650000572204593 10.650000095367433 3 20.849999427795414 4 1.0000000180025095e-35 36.37919998168946
decision_type=1 2 10 2 10 10 8 10 10 2 8 2 8 10 1 10 10 10 10 1 2 10 2 2 8 1 10 1 8 2
left_child=2 7 4 14 5 16 -5 -2 11 10 -10 -8 13 17 -3 -12 28 -11 21 20 -13 22 -14 25 -24 -23 -27 -20 -1 -4
right_child=1 3 29 6 -6 -7 8 -9 9 12 15 19 18 -15 -16 -17 -18 -19 27 -21 -22 23 24 -25 -26 26 -28 -29 -30 -31
leaf_value=0.023182400059225974 0.015829167952742789 -0.19832373093182026 0.0038994286606661996 0.0028002361107992567 -0.019569726493278622 0.07278328078361905 0.029310074843657531 -0.0056884875451068823 -0.023697861969148373 -0.022248595196288495 -0.096968504223912691 -0.11391001015547415 -0.015964333674702343 -0.07860466430020846 -0.047952896041280745 -0.26492524171405318 -0.049812087880737592 0.032172453179191124 0.0013394041152644789 0.024059928668997466 0.10521294360877215 -0.024258769012067461 0.042711855108089926 -0.0057249364617749741 0.0057540110842855636 -0.062638133136678584 -0.24372500111053813 -0.048057258103982314 -0.041167313166975521 -0.055361342660071866
leaf_weight=579587 717368 5722 42508 1065358 81602 48272 117945 390034 28324 238561 18649 14553 236395 62042 19660 4291 19205 34184 48460 10413 2049 116960 68061 445511 396417 31766 2998 91354 19107 42644
leaf_count=579587 717368 5722 42508 1065358 81602 48272 117945 390034 28324 238561 18649 14553 236395 62042 19660 4291 19205 34184 48460 10413 2049 116960 68061 445511 396417 31766 2998 91354 19107 42644
internal_value=-2.74553e-07 -0.00273951 0.0137038 -0.00671719 0.0182 0.0228266 -0.00608787 0.00825051 -0.0108971 -0.0130053 -0.0705442 0.0156292 -0.0113413 -0.0271356 -0.0819488 -0.128385 0.0189238 -0.0154278 -0.00766397 -0.0441005 -0.0868138 -0.00515705 0.00201764 -0.0135768 0.0111695 -0.0366323 -0.0782323 -0.0309396 0.0211287 -0.0257783
internal_weight=5e+06 4.16708e+06 832925 3.05967e+06 747773 666171 3.03429e+06 1.1074e+06 1.96893e+06 1.82397e+06 51264 144960 1.77271e+06 334787 25382 22940 617899 272745 1.43792e+06 27015 16602 1.29811e+06 700873 597235 464478 151724 34764 139814 598694 85152
internal_count=5000000 4167075 832925 3059673 747773 666171 3034291 1107402 1968933 1823973 51264 144960 1772709 334787 25382 22940 617899 272745 1437922 27015 16602 1298108 700873 597235 464478 151724 34764 139814 598694 85152
cat_boundaries=0 1 2 3 4 5
cat_threshold=30 4165632 522240 15728865 448
is_linear=0
shrinkage=0.1


Tree=63
num_leaves=31
num_cat=3
split_feature=85 74 73 91 82 12 73 54 72 76 17 75 12 0 73 72 72 88 12 19 55 86 0 74 14 48 12 89 76 12
split_gain=17227.5 15814 14710.8 11360.4 10270.5 8783.95 8005.5 8985.84 7357.38 9179.9 7354.09 14446.9 11912.2 9824.8 7244.75 11544.5 8623.34 14370.3 8588.33 7357.35 7122.31 6727.56 6596.1 6538.36 6115.66 5677.51 5528.05 6647.29 5419.07 5396.69
threshold=0.84999999403953563 149.50000000000003 139.97914886474612 2.8500000238418584 1.9499999880790713 3.6499999761581425 131.06084442138675 1.2500000000000002 45.113349914550788 0 -1.2499999999999998 1 6.4500000476837167 -8.6500000953674299 137.77420043945315 34.689199447631843 30.90164947509766 3.1499999761581425 16.44999980926514 17.650000572204593 3.9500000476837163 23.650000572204593 2.2500000000000004 15.500000000000002 10.050000190734865 0.75000000000000011 23.44999980926514 16.650000572204593 2 20.44999980926514
decision_type=8 2 2 10 10 10 2 10 2 1 8 1 8 2 2 2 2 10 10 8 10 10 2 2 10 10 8 10 1 10
left_child=28 2 5 6 26 -2 -3 25 23 -10 13 12 22 -9 16 18 19 20 -16 -7 -18 -19 -12 -6 -13 -8 27 -4 -1 -17
right_child=1 3 4 -5 8 14 7 10 9 -11 11 24 -14 -15 15 29 17 21 -20 -21 -22 -23 -24 -25 -26 -27 -28 -29 -30 -31
leaf_value=-0.0040622538332595109 0.031099019463525182 0.022624216606213488 -0.0018963826863377894 -0.034444057147317991 -0.002880924870752183 0.083233879645169873 0.010554667833009804 -0.091336833507083909 0.073395444878489965 -0.02836748564503834 -0.055577906286842275 0.017509802905813217 -0.088771091527181337 0.022919192305939286 0.15742347005741852 0.022304672983586231 0.0072172368487278598 -0.042088717684559206 0.038181049348414015 0.015802564100139221 -0.018988360734745 0.00350573361118903 -0.0040882872811664073 -0.032020017597500033 -0.018531415776918032 -0.0099138677934396818 -0.026288720146574823 0.023895875580007987 0.016632064544517346 -0.0044381707532031604
leaf_weight=154331 145849 80139 531452 186727 107539 18676 235419 8502 18207 17261 48890 58108 51097 65561 9557 212571 728208 114592 16414 121106 120937 45098 50661 271203 248095 319330 71735 123061 702686 116988
leaf_count=154331 145849 80139 531452 186727 107539 18676 235419 8502 18207 17261 48890 58108 51097 65561 9557 212571 728208 114592 16414 121106 120937 45098 50661 271203 248095 319330 71735 123061 702686 116988
internal_value=-3.05743e-07 -0.00267002 0.00163129 -0.0115442 -0.00710209 0.00766769 -0.00787632 -0.0101277 -0.0196679 0.0238838 -0.0194274 -0.0241662 -0.0495178 0.00980327 0.00539568 0.01787 0.00153453 -0.00169074 0.0820608 0.0248119 0.00348498 -0.0292124 -0.0293751 -0.0237463 -0.0116915 -0.00122763 6.4706e-05 0.00295306 0.0129056 0.0128114
internal_weight=5e+06 4.14298e+06 2.79045e+06 1.35253e+06 1.14046e+06 1.65e+06 1.1658e+06 1.08566e+06 414210 35468 530914 456851 150648 74063 1.50415e+06 355530 1.14862e+06 1.00884e+06 25971 139782 849145 159690 99551 378742 306203 554749 726248 654513 857017 329559
internal_count=5000000 4142983 2790454 1352529 1140458 1649996 1165802 1085663 414210 35468 530914 456851 150648 74063 1504147 355530 1148617 1008835 25971 139782 849145 159690 99551 378742 306203 554749 726248 654513 857017 329559
cat_boundaries=0 1 2 3
cat_threshold=2096128 6158 3932160
is_linear=0
shrinkage=0.1


Tree=64
num_leaves=31
num_cat=7
split_feature=85 76 24 36 90 75 43 75 27 33 71 11 38 0 11 76 78 84 23 35 75 72 75 47 0 87 16 83 12 76
split_gain=16523.6 15867.8 18917.9 18310.7 17033.5 15052.4 13373.1 14644.8 13266.9 12502.4 12484.1 12074.7 14629.6 12738.3 11305.6 14013.7 15175 10965.3 10784 9478.79 9414.65 9320.71 9156.66 8992.77 8531.03 8078.79 7980.73 7859.09 13856 7702.85
threshold=2.6499999761581425 0 1.0000000180025095e-35 1.0000000180025095e-35 1.0000000180025095e-35 1 1.0000000180025095e-35 2 1.0000000180025095e-35 1.0000000180025095e-35 1.9499999880790713 20.849999427795414 1.0000000180025095e-35 6.6499998569488534 4.6499998569488534 3 1.0000000180025095e-35 1.0000000180025095e-35 5.4500000476837167 1.0000000180025095e-35 4 39.307500839233406 5 1.0000000180025095e-35 25.44999980926514 1.0000000180025095e-35 7.0499999523162851 12.050000190734865 8.6500000953674334 6
decision_type=10 1 2 8 10 1 8 1 10 10 10 10 10 2 8 1 10 10 10 10 1 2 1 10 2 10 8 8 8 1
left_child=1 2 3 4 8 21 9 -8 17 11 27 12 13 14 15 16 20 25 -15 -4 -3 -5 -16 -20 -13 -1 -9 28 -2 -11
right_child=10 6 19 5 -6 -7 7 26 -10 29 -12 24 -14 18 22 -17 -18 -19 23 -21 -22 -23 -24 -25 -26 -27 -28 -29 -30 -31
leaf_value=0.019265671569568928 -0.023857361791936173 0.010069002037067756 -0.042852437577511483 0.03572705835830526 -0.057016607984819327 0.08960627187053144 0.0038271127330910025 -0.021375664692224398 -0.052673605704353199 -0.060323621599119574 -0.0024837039493424556 -0.022544839546071831 -0.039116227565004963 0.056821211289736787 -0.047493244371920609 0.018353051243648565 0.084471104863287877 -0.06318147310000026 0.014403631394128839 0.022076165235814203 -0.04560016682904116 -0.097920212900690404 0.0072963456759427879 -0.03104115014845021 0.0029729346921012686 -0.060015240387445393 -0.06870331118525462 -0.012298842896682746 -0.086235801091558692 -0.012643925406822182
leaf_weight=963052 133488 43627 86872 18144 34027 57658 112283 73053 28247 44517 617839 275460 66577 57812 89439 265647 12914 16839 1034028 30336 100037 7325 46290 45458 249843 13027 69552 216219 48565 141825
leaf_count=963052 133488 43627 86872 18144 34027 57658 112283 73053 28247 44517 617839 275460 66577 57812 89439 265647 12914 16839 1034028 30336 100037 7325 46290 45458 249843 13027 69552 216219 48565 141825
internal_value=-2.63644e-07 0.00290298 0.0122064 0.0161453 0.0125855 0.0613324 -0.00137825 -0.0231876 0.0149048 0.000869173 -0.0113831 0.0028985 0.00686598 0.00867183 -0.00370408 0.00436662 -0.0193624 0.0168273 0.0147434 -0.0260475 -0.0286974 -0.00270944 -0.0288104 0.0124899 -0.0104082 0.0182076 -0.0444554 -0.0251887 -0.0404976 -0.0240385
internal_weight=5e+06 3.98389e+06 1.25553e+06 1.13832e+06 1.05519e+06 83127 2.72836e+06 254888 1.02116e+06 2.47347e+06 1.01611e+06 2.28713e+06 1.76183e+06 1.69525e+06 557954 422225 156578 992918 1.1373e+06 117208 143664 25469 135729 1.07949e+06 525303 976079 142605 398272 182053 186342
internal_count=5000000 3983889 1255527 1138319 1055192 83127 2728362 254888 1021165 2473474 1016111 2287132 1761829 1695252 557954 422225 156578 992918 1137298 117208 143664 25469 135729 1079486 525303 976079 142605 398272 182053 186342
cat_boundaries=0 1 2 3 4 5 6 7
cat_threshold=8388671 6150 992 1040384 6240 7174 960
is_linear=0
shrinkage=0.1


Tree=65
num_leaves=31
num_cat=7
split_feature=75 12 75 76 39 46 34 0 48 12 0 24 75 25 12 72 32 42 76 24 73 11 86 76 87 75 0 72 10 12
split_gain=15739.3 29392.7 17434.1 20473.5 24213.2 18720.6 20094.1 15653.4 15974 15404.9 22351.3 15717.6 15039.8 13429.5 12521.8 12324.3 11394.5 10644.4 9560.35 9902.73 9459.09 10416.8 13031.4 13711.1 32833 12804.9 10525.6 10012.3 9023.77 9008.96
threshold=0 20.750000000000004 1 2 1.0000000180025095e-35 1.0000000180025095e-35 1.0000000180025095e-35 15.250000000000002 5.2500000000000009 13.050000190734865 6.6499998569488534 1.0000000180025095e-35 3 1.0000000180025095e-35 21.44999980926514 36.613349914550788 1.0000000180025095e-35 1.0000000180025095e-35 4 1.0000000180025095e-35 129.87249755859378 13.449999809265138 12.050000190734865 5 1.0000000180025095e-35 6 19.44999980926514 36.775800704956062 -13.15000009536743 6.2500000000000009
decision_type=1 10 1 1 10 10 10 2 10 10 2 2 1 10 10 2 10 10 1 2 2 8 10 1 10 1 2 2 8 8
left_child=14 2 -2 7 5 6 16 8 9 10 11 29 15 -6 -1 -3 17 20 19 -16 -5 22 23 24 25 28 -23 -27 -22 -4
right_child=1 12 3 4 13 -7 -8 -9 -10 -11 -12 -13 -14 -15 18 -17 -18 -19 -20 -21 21 26 -24 -25 -26 27 -28 -29 -30 -31
leaf_value=0.033529452677204835 -0.017993380193737391 -0.010235454679522697 0.036574399928350869 0.059569097323753976 -0.046647350969233121 -0.034650685013350793 -0.03850181209587579 0.054817473245406659 -0.045497222663027248 -0.0030275868647500421 0.069384364615582325 -0.051156549152452352 -0.078477033659164683 0.014525346415051847 0.022383595126777168 -0.044201103042031925 -0.037317702750421101 -0.043172318088091723 -0.0074074932761528395 -0.038107272997604247 -0.16714220006033897 -0.018556714321944036 0.033933242735527919 0.020101951993042485 0.098670824676144811 -0.017746531177387885 0.011724018093494847 0.0270183435729279 -0.026669248440485894 0.00398364975719842
leaf_weight=210719 420742 471465 185936 37324 167449 130470 102354 95001 45742 284095 96452 32411 43981 45677 306815 138125 55900 38827 304525 29681 4682 239768 250156 460011 28661 95075 220231 105303 196460 155962
leaf_count=210719 420742 471465 185936 37324 167449 130470 102354 95001 45742 284095 96452 32411 43981 45677 306815 138125 55900 38827 304525 29681 4682 239768 250156 460011 28661 95075 220231 105303 196460 155962
internal_value=-2.44664e-07 -0.00254256 0.00109766 0.00371077 -0.00152213 0.00194982 0.0045525 0.0164385 0.0118846 0.0153617 0.0264593 0.0153984 -0.0220071 -0.0335369 0.0123816 -0.0179313 0.00709625 0.00857715 0.00542996 0.0170474 0.00980406 0.00864342 0.0137675 0.00810071 -0.00473309 -0.0121143 -0.00405939 0.0057781 -0.0299376 0.0217076
internal_weight=5e+06 4.14826e+06 3.49469e+06 3.07395e+06 2.17835e+06 1.96522e+06 1.83475e+06 895599 800598 754856 470761 374309 653571 213126 851740 609590 1.7324e+06 1.6765e+06 641021 336496 1.63767e+06 1.60035e+06 1.14035e+06 890192 430181 401520 459999 200378 201142 341898
internal_count=5000000 4148260 3494689 3073947 2178348 1965222 1834752 895599 800598 754856 470761 374309 653571 213126 851740 609590 1732398 1676498 641021 336496 1637671 1600347 1140348 890192 430181 401520 459999 200378 201142 341898
cat_boundaries=0 1 2 3 4 5 6 7
cat_threshold=384 2 14680095 3680 15728767 1044480 28
is_linear=0
shrinkage=0.1


Tree=66
num_leaves=31
num_cat=8
split_feature=74 72 76 11 74 31 12 75 75 75 12 72 12 76 48 0 12 0 0 23 76 75 12 86 67 52 0 11 0 75
split_gain=14320.1 16362.3 13430.2 13685.6 11088.5 9250.24 9149 13332.7 11818.7 8644.65 13500 10649.9 8442.83 9366.57 11365.6 8192.35 8184.45 17405.1 14313.1 11773.5 10747.6 9433.04 13943 12357.5 8418.69 8586.4 7628.69 9340.33 8885.26 7760.71
threshold=907.50000000000011 42.100000381469734 0 -2.8500000238418575 143.50000000000003 1.0000000180025095e-35 17.44999980926514 1 2 3 3.4500000476837163 32.093299865722663 6.4500000476837167 4 5.4500000476837167 20.849999427795414 23.650000572204593 24.94999980926514 20.94999980926514 20.650000572204593 5 6 15.550000190734865 12.449999809265138 1.3499999642372134 2.1499999761581425 -12.849999904632567 -6.6499998569488517 -7.5499999523162833 7
decision_type=2 2 1 10 2 10 8 1 1 1 10 2 8 1 10 2 10 2 2 10 1 1 10 10 8 10 2 8 2 1
left_child=1 2 -1 15 16 6 8 -8 12 10 -6 -12 13 14 -3 -4 18 20 19 21 -18 -5 23 24 25 -23 -15 28 -28 -29
right_child=-2 5 3 4 9 -7 7 -9 -10 -11 11 -13 -14 26 -16 -17 17 -19 -20 -21 -22 22 -24 -25 -26 -27 27 29 -30 -31
leaf_value=0.018963479868161895 -0.037006836333086796 -0.052771641166699274 0.039129798687430078 0.02646895117519063 -0.00047771549560573779 -0.044071359744702783 -0.014210858785386506 -0.081952028635900634 0.0081814549393564705 -0.0018690845075667484 0.025691868803103042 -0.048963061433036525 -0.066480670709851405 -0.063565803813779784 0.048518809758725939 0.41311403413066422 -0.021431189227999959 0.007666643454889867 0.025619401320398517 -0.031387641165782867 -0.089199320628712234 0.0007265990428994471 -0.024015961236903267 0.034320772012190116 0.0091714288928255623 -0.036519496701941205 0.016047547768304603 -0.047666152007103738 0.14460254511597323 0.012530294080143193
leaf_weight=496044 102423 76768 81046 184934 168833 78237 136313 36920 397820 796710 21751 157292 32574 15836 12946 590 147857 292285 352584 92477 27799 177761 173148 139578 561844 94957 12990 27844 9173 92666
leaf_count=496044 102423 76768 81046 184934 168833 78237 136313 36920 397820 796710 21751 157292 32574 15836 12946 590 147857 292285 352584 92477 27799 177761 173148 139578 561844 94957 12990 27844 9173 92666
internal_value=-2.36959e-07 0.000773682 0.00357225 0.0013729 0.000398518 -0.0111642 -0.00814191 -0.0286536 -0.00290581 -0.00761189 -0.0207635 -0.0398936 -0.0186133 -0.0123325 -0.0381509 0.0418327 0.00448212 -0.00728439 0.00758013 0.00311577 -0.0321623 0.00551085 0.00213231 0.00678005 0.00217394 -0.012242 0.00228259 0.00959159 0.0692549 -0.00138109
internal_weight=5e+06 4.89758e+06 3.96749e+06 3.47145e+06 3.38981e+06 930087 851850 173233 678617 1.14459e+06 347876 179043 280797 248223 89714 81636 2.24522e+06 467941 1.77728e+06 1.4247e+06 175656 1.33222e+06 1.14729e+06 974140 834562 272718 158509 142673 22163 120510
internal_count=5000000 4897577 3967490 3471446 3389810 930087 851850 173233 678617 1144586 347876 179043 280797 248223 89714 81636 2245224 467941 1777283 1424699 175656 1332222 1147288 974140 834562 272718 158509 142673 22163 120510
cat_boundaries=0 1 2 3 4 5 6 7 8
cat_threshold=28 896 30 6150 522240 14680291 992 2
is_linear=0
shrinkage=0.1


Tree=67
num_leaves=31
num_cat=6
split_feature=88 82 72 79 12 77 75 12 74 0 23 72 73 76 12 73 76 73 72 75 72 83 23 79 0 12 75 76 0 12
split_gain=14218.2 13266.3 12678.2 11874 11638.7 27875.2 16445.6 22025.5 14993.3 13454.5 16457.4 11121.6 14451.1 10346 9809.83 9493.03 10064 9755.66 16268.6 8757.51 8731.6 8662.65 8766.43 7748.12 7715.92 7010.38 7673.9 6946.4 6638.29 6549.47
threshold=0.94999998807907116 0.84999999403953563 31.958350181579593 1.7500000000000002 3.4500000476837163 3.6499999761581425 0 19.550000190734867 199.50000000000003 -2.4500000476837154 -2.4500000476837154 36.902500152587898 136.97330474853518 1 17.94999980926514 140.11250305175784 2 137.86834716796878 35.225851058959968 3 36.37919998168946 8.2500000000000018 -1.6500000357627866 3.3500000238418584 29.150000572204593 12.050000190734865 4 5 1.0000000180025095e-35 -0.45000000298023218
decision_type=8 8 2 8 8 8 1 8 2 2 8 2 2 1 10 2 1 2 2 1 2 10 10 8 2 8 1 1 2 10
left_child=-1 -2 -3 -4 9 23 14 8 15 10 -5 12 -11 -14 -7 17 -17 -8 -19 -10 -9 22 29 -6 27 26 -18 -16 -25 -13
right_child=1 2 3 4 5 6 7 20 19 11 -12 21 13 -15 24 16 25 18 -20 -21 -22 -23 -24 28 -26 -27 -28 -29 -30 -31
leaf_value=0.011114090977116426 0.012337210342310362 0.017005297740832953 0.0042795224817901859 -0.00041075021658425783 -0.053490573460924111 0.020056944847931142 -0.0099847336816632735 -0.047931918347865199 -0.020629199104739676 0.016648435506724756 -0.074596210780259437 0.079421386183580134 0.053553739661014177 -0.058336508842516281 -0.026696940967083534 0.0013481089817726543 -0.087374036444806735 0.077423953867086615 0.0024073938804145718 -0.060723629645504908 -0.11847453560004979 0.080903010449176693 0.0088217750525196991 -0.24909398860051507 0.018101578669642387 -0.079207577828349141 -0.016124603181346928 -0.0025056638472036041 -0.10786719448965357 -0.0029505200023935384
leaf_weight=935625 521204 249043 791672 92615 24521 178777 380874 86201 128264 96443 44163 34949 9567 60425 191862 87369 18313 37068 131344 94735 22031 24790 184957 4192 104744 37022 86478 311262 16154 13336
leaf_count=935625 521204 249043 791672 92615 24521 178777 380874 86201 128264 96443 44163 34949 9567 60425 191862 87369 18313 37068 131344 94735 22031 24790 184957 4192 104744 37022 86478 311262 16154 13336
internal_value=-2.51297e-07 -0.00255879 -0.00475001 -0.00639475 -0.00977164 -0.0134386 -0.0115954 -0.019436 -0.0148047 0.00291155 -0.0243638 0.0117006 -0.0084541 -0.0430432 -0.000534651 -0.00825589 -0.0253518 -0.00112287 0.0189188 -0.0376659 -0.0622911 0.0247008 0.0187273 -0.091344 -0.00659075 -0.0417983 -0.0285858 -0.0117314 -0.136965 0.0566708
internal_weight=5e+06 4.06438e+06 3.54317e+06 3.29413e+06 2.50246e+06 1.94121e+06 1.89634e+06 1.1097e+06 1.00147e+06 561245 136778 424467 166435 69992 786645 778468 229182 549286 168412 222999 108232 258032 233242 44867 607868 141813 104791 503124 20346 48285
internal_count=5000000 4064375 3543171 3294128 2502456 1941211 1896344 1109699 1001467 561245 136778 424467 166435 69992 786645 778468 229182 549286 168412 222999 108232 258032 233242 44867 607868 141813 104791 503124 20346 48285
cat_boundaries=0 1 2 3 4 5 6
cat_threshold=960 14680575 16252991 1072 4110 523264
is_linear=0
shrinkage=0.1


Tree=68
num_leaves=31
num_cat=6
split_feature=88 76 78 39 87 75 26 0 71 59 43 75 90 71 74 33 11 12 74 72 0 36 75 29 76 90 75 11 12 0
split_gain=13003.4 13150.4 15997.2 15068 13843.9 12634.4 10884 10815.6 10013.3 9610.12 9573.38 10603 9095.33 8536.29 7949.14 7643.99 7603.2 7507.88 7873.59 6877.97 6612.49 6331.25 6317.39 6189.11 6080.21 22476.6 10146.9 7111.36 6525.68 6288.01
threshold=2.4500000476837163 0 1.0000000180025095e-35 1.0000000180025095e-35 1.0000000180025095e-35 1 1.0000000180025095e-35 -12.849999904632567 1.5500000119209292 2.5499999523162846 1.0000000180025095e-35 2 1.0000000180025095e-35 1.6500000357627871 18.500000000000004 1.0000000180025095e-35 34.149999618530281 6.2500000000000009 733.00000000000011 39.307500839233406 2.6499999761581425 1.0000000180025095e-35 3 1.0000000180025095e-35 4 1.0000000180025095e-35 5 -2.8500000238418575 21.250000000000004 -2.1499999761581416
decision_type=10 1 10 10 10 1 8 2 8 8 10 1 10 8 2 10 8 10 2 2 2 10 1 10 1 10 1 10 10 2
left_child=1 2 3 4 6 19 12 -3 -2 10 14 -12 16 22 -9 -4 17 20 21 -5 -1 23 -11 -19 25 26 29 -26 -27 -16
right_child=8 7 15 5 -6 -7 -8 9 -10 13 11 -13 -14 -15 24 -17 -18 18 -20 -21 -22 -23 -24 -25 27 28 -28 -29 -30 -31
leaf_value=0.029778871115224644 -0.023558622395396519 -0.11250852568333312 -0.040438401510928354 0.029348166504682374 -0.051051566774939695 0.079907371916418876 -0.050956867224835667 0.017095598791042204 -0.003065190111801592 -0.0073781651147701265 0.0090829211529947912 -0.041555630140220699 -0.056275803411838105 -0.0043313117438500961 -0.092932052780862653 0.016041934631404998 0.11059698482973741 0.013443109515647454 -0.043488731825829616 -0.08401554511971876 0.10473805759325738 0.067444998079942781 -0.045633718639088598 -0.052103678768081932 0.044041187729178588 0.069753380511764426 -0.002292095538418941 0.0042485628022366044 -0.027337310422182671 -0.025717298575836097
leaf_weight=140880 350808 8709 82643 18588 34181 60719 25398 396217 744225 72541 71309 98406 17410 448830 15054 33747 8539 733455 24864 7516 12841 21301 106646 14694 47478 45465 334416 830476 8166 184478
leaf_count=140880 350808 8709 82643 18588 34181 60719 25398 396217 744225 72541 71309 98406 17410 448830 15054 33747 8539 733455 24864 7516 12841 21301 106646 14694 47478 45465 334416 830476 8166 184478
internal_value=-2.69661e-07 0.00270025 0.0112238 0.0148895 0.0115283 0.054902 0.0136687 -0.00125067 -0.00963053 -0.00088634 0.00245597 -0.0202808 0.0153539 -0.0116978 0.00452863 -0.0240621 0.0166576 0.0158115 0.0118966 -0.00329084 0.0360405 0.0136863 -0.0301495 0.0121557 0.00113106 -0.00674232 -0.012941 0.0064004 0.0549701 -0.0307869
internal_weight=5e+06 3.90497e+06 1.23678e+06 1.12039e+06 1.03356e+06 86823 999382 2.66819e+06 1.09503e+06 2.65948e+06 2.03146e+06 169715 973984 628017 1.86175e+06 116390 956574 948035 794314 26104 153721 769450 179187 748149 1.46553e+06 587579 533948 877954 53631 199532
internal_count=5000000 3904967 1236776 1120386 1033563 86823 999382 2668191 1095033 2659482 2031465 169715 973984 628017 1861750 116390 956574 948035 794314 26104 153721 769450 179187 748149 1465533 587579 533948 877954 53631 199532
cat_boundaries=0 1 2 3 4 5 6
cat_threshold=8388671 6150 960 496 1040384 62
is_linear=0
shrinkage=0.1


Tree=69
num_leaves=31
num_cat=8
split_feature=73 74 12 75 75 12 0 76 29 76 11 0 77 12 12 76 0 78 76 81 72 12 78 76 75 48 0 78 0 23
split_gain=12200 12283.7 12230.5 19592.3 18129.1 16784.4 20046.1 24989 17251.5 16753.9 15109.9 16233.2 14449.2 12121.3 11750.7 15693.9 14684.7 12392.2 12239.5 11724.5 11018.9 11977.4 10797.8 9606.51 9595.96 9494.45 9375.01 9301.73 9286.19 9017.47
threshold=141.68669891357425 907.50000000000011 21.849999427795414 0 1 8.2500000000000018 11.650000095367433 2 1.0000000180025095e-35 3 14.150000095367433 6.2500000000000009 6.6499998569488534 13.750000000000002 16.150000572204593 4 19.250000000000004 1.0000000180025095e-35 5 1.0000000180025095e-35 37.019998550415046 16.750000000000004 1.0000000180025095e-35 6 7 5.4500000476837167 6.6499998569488534 1.0000000180025095e-35 29.349999427795414 20.44999980926514
decision_type=2 2 10 1 1 8 2 1 8 1 8 2 10 8 10 1 2 10 1 10 2 10 10 1 1 10 2 10 2 8
left_child=1 2 4 23 9 12 7 8 19 20 11 -10 -6 26 15 -8 18 -17 -16 25 21 -1 -14 27 -11 -7 -9 -4 -25 -2
right_child=29 -3 3 -5 5 6 14 13 10 24 -12 -13 22 -15 16 17 -18 -19 -20 -21 -22 -23 -24 28 -26 -27 -28 -29 -30 -31
leaf_value=0.1575346394069998 -0.0078029631733580948 -0.032120204176943015 0.017534080208744845 -0.027816797228127639 0.0048072670647768996 0.0033528614732686863 0.060671733317285495 -0.12108923624442761 -0.19979387863746387 0.0044170962392881949 -0.25698096125294206 -0.0023041831167154529 0.028075707973583854 -0.16186855611238282 -0.010984374071213157 0.00012710194775289506 0.024231716611200847 0.073582679611797902 -0.070228864270217836 -0.086195160293078929 0.021206617511744408 0.054591387419881711 0.12598096528743016 -0.021458298677898419 0.037430922846574559 -0.089450655666998724 -0.039261188860544492 -0.034475301104504516 0.01267726475842902 -0.042356525915050264
leaf_weight=13033 674365 102423 370370 302784 984533 331719 66852 16459 5624 461959 4397 16012 200046 10934 124377 254785 79951 25242 48454 16434 100957 85112 11937 233311 108767 11403 93764 37907 121037 85052
leaf_count=13033 674365 102423 370370 302784 984533 331719 66852 16459 5624 461959 4397 16012 200046 10934 124377 254785 79951 25242 48454 16434 100957 85112 11937 233311 108767 11403 93764 37907 121037 85052
internal_value=-2.44271e-07 0.00209012 0.00293686 -0.00629576 0.00613806 0.00169699 -0.00718101 -0.0218235 -0.00937453 0.0194231 -0.0879837 -0.0536391 0.00990641 -0.0614372 0.00519269 0.0171426 -0.0112054 0.00674824 -0.0275986 -0.00368323 0.0443996 0.0682616 0.0335889 0.00224905 0.0107093 0.000268715 -0.0514801 0.0127049 -0.00979811 -0.0116728
internal_weight=5e+06 4.24058e+06 4.13816e+06 1.06541e+06 3.07275e+06 2.30292e+06 1.10641e+06 506746 385589 769828 26033 21636 1.19652e+06 121157 599661 346879 252782 280027 172831 359556 199102 98145 211983 762625 570726 343122 110223 408277 354348 759417
internal_count=5000000 4240583 4138160 1065409 3072751 2302923 1106407 506746 385589 769828 26033 21636 1196516 121157 599661 346879 252782 280027 172831 359556 199102 98145 211983 762625 570726 343122 110223 408277 354348 759417
cat_boundaries=0 1 2 3 4 5 6 7 8
cat_threshold=896 992 12583167 14680191 12583423 14680319 15728767 608
is_linear=0
shrinkage=0.1


Tree=70
num_leaves=31
num_cat=9
split_feature=75 12 0 76 81 75 72 23 12 12 47 75 72 12 78 0 76 75 80 11 0 72 23 29 11 76 4 75 75 74
split_gain=11965.3 16978.9 21038.8 27084.4 24833.3 19796.7 30134.5 18230.8 15737.2 14858.5 14173.6 13298.3 18122.8 13005.3 15798.1 17546.2 14508.5 12464.8 12448.4 11475.8 11152.3 10611.3 10602.4 10153.9 9854.88 9767.24 9690.08 9465.53 9426 9386.49
threshold=0 8.6500000953674334 3.4500000476837163 1 1.0000000180025095e-35 2 39.307500839233406 -1.2499999999999998 -3.5499999523162837 19.550000190734867 1.0000000180025095e-35 3 41.927499771118171 23.44999980926514 1.0000000180025095e-35 18.650000572204593 4 5 13.050000190734865 4.6499998569488534 21.849999427795414 32.94585037231446 21.750000000000004 1.0000000180025095e-35 -13.249999999999998 6 18.94999980926514 7 8 291.50000000000006
decision_type=1 10 2 1 10 1 2 8 10 10 10 1 2 8 10 2 1 1 10 10 2 2 10 10 10 1 10 1 1 2
left_child=-1 2 7 19 8 6 9 24 -5 10 29 12 -9 16 17 -16 26 -15 27 -4 22 -11 28 -8 -2 -22 -7 -10 -18 -3
right_child=1 5 3 4 -6 13 23 11 18 21 -12 -13 -14 14 15 -17 20 -19 -20 -21 25 -23 -24 -25 -26 -27 -28 -29 -30 -31
leaf_value=-0.016095091589168088 -0.078771236305243617 0.0052568790345591393 0.12859775900367557 0.11691127363263563 0.091966083332359616 0.016084506307176446 -0.064251904630481457 -0.0082075985124497909 0.026728727511621871 -0.018105684784345124 -0.04964167589252913 0.039878035017125786 -0.059591897756731543 0.0028928944690966149 -0.25238975631591648 -0.040414132818915205 -0.0083268186317037463 -0.02846407048528489 0.041088682456970373 0.050721295197139277 0.051498653063005162 -0.087985129154845909 -0.032491352820115109 -0.18532350318943475 0.0228968079017343 0.0088544754891872295 0.055088074559847183 -0.0084980977195831166 0.017676868642909585 -0.030724926388794
leaf_weight=422828 9926 508226 23403 13050 38056 265895 65664 262052 97413 50254 63345 38954 92996 600807 4140 68765 436650 160662 84014 98827 62016 38286 119297 7744 241514 400705 83763 351427 204758 84563
leaf_count=422828 9926 508226 23403 13050 38056 265895 65664 262052 97413 50254 63345 38954 92996 600807 4140 68765 436650 160662 84014 98827 62016 38286 119297 7744 241514 400705 83763 351427 204758 84563
internal_value=-2.21151e-07 0.00148662 0.0108953 0.0228228 0.0138621 -0.002456 -0.0158952 -0.0021548 0.00841753 -0.00986948 -0.00468054 -0.0155807 -0.0216658 0.00211085 -0.00798113 -0.0524514 0.00746372 -0.00372343 0.00576044 0.0656267 0.00232944 -0.0483226 -0.0051169 -0.0770241 0.0188833 0.0145711 0.0254274 -0.000852315 -2.54621e-05 0.000123974
internal_weight=5e+06 4.57717e+06 1.35163e+06 706190 583960 3.22554e+06 818082 645442 545904 744674 656134 394002 355048 2.40746e+06 834374 72905 1.57308e+06 761469 532854 122230 1.22343e+06 88540 760705 73408 251440 462721 349658 448840 641408 592789
internal_count=5000000 4577172 1351632 706190 583960 3225540 818082 645442 545904 744674 656134 394002 355048 2407458 834374 72905 1573084 761469 532854 122230 1223426 88540 760705 73408 251440 462721 349658 448840 641408 592789
cat_boundaries=0 1 2 3 4 5 6 7 8 9
cat_threshold=2 14680511 6172 6156 12582943 896 3146720 2784 1568
is_linear=0
shrinkage=0.1


Tree=71
num_leaves=31
num_cat=6
split_feature=91 73 82 12 80 0 75 12 72 12 76 72 75 80 0 23 23 76 11 0 82 0 76 24 72 73 89 84 0 75
split_gain=11866.4 11009 12303.9 10494.3 22948.7 11768.3 11192.4 19617.3 10254.1 10197.4 12115.9 10795.1 11865.7 9410.92 9325.87 11324.8 9947.08 8966.12 8928.24 8785.2 8735.03 7279.13 10939.5 14335.9 7805.61 9012.9 7264.96 6594.98 8131.62 6548.58
threshold=0.84999999403953563 129.97499847412112 1.7500000000000002 2.8500000238418584 3.6499999761581425 12.449999809265138 0 13.449999809265138 36.24749946594239 15.050000190734865 1 37.145000457763679 2 14.250000000000002 -5.2499999999999991 -3.8500000238418575 -3.0499999523162837 3 -2.2499999999999996 9.0500001907348651 3.9500000476837163 -1.0500000119209287 4 1.0000000180025095e-35 36.961700439453132 136.97330474853518 15.250000000000002 1.0000000180025095e-35 21.750000000000004 5
decision_type=8 2 8 10 8 2 1 10 2 10 1 2 1 10 2 8 8 1 8 2 8 2 1 2 2 2 10 10 2 1
left_child=-1 -2 -3 5 20 14 7 13 -9 10 -8 -11 -13 17 16 18 -4 19 -16 -6 -5 -17 23 24 25 -23 -19 28 -12 -26
right_child=1 2 3 4 6 -7 9 8 -10 11 27 12 -14 -15 15 21 -18 26 -20 -21 -22 22 -24 -25 29 -27 -28 -29 -30 -31
leaf_value=0.010757063552485825 0.019841676523702365 0.0053799323519110971 -0.011616497625836809 -0.043657124048504629 -0.0013509583687052896 0.071878881144115198 0.035649756944850397 -0.045436048503147537 -0.13104310618647916 -0.0025541626079649388 -0.012087485382783331 -0.010640358742437996 -0.050505328369236095 0.047063581202811129 0.079557945666244884 -0.022883425109176334 -0.10042163249913438 -0.026858295520679271 -0.0073126487359884019 0.082750211841290999 -0.12247166294648199 -0.0017140756461531714 0.043644457142763327 0.083498813159124607 0.044481827717652619 -0.060307768295733005 0.035889675757069951 0.050379026982295898 0.029726005981893344 -0.0055059464820309588
leaf_weight=850934 214746 1133653 58263 44429 114979 25264 121814 90974 16535 764518 265226 221026 112757 26021 35579 93315 16098 320173 17725 13925 20574 59355 70508 18628 37024 47071 19580 23265 56400 89641
leaf_count=850934 214746 1133653 58263 44429 114979 25264 121814 90974 16535 764518 265226 221026 112757 26021 35579 93315 16098 320173 17725 13925 20574 59355 70508 18628 37024 47071 19580 23265 56400 89641
internal_value=-1.81801e-07 -0.00220639 -0.00340983 -0.00696775 -0.0100569 0.00516215 -0.00830084 -0.019886 -0.0586025 -0.00384293 0.00854007 -0.00910492 -0.0241092 -0.0114721 0.00205922 0.00727741 -0.0308414 -0.0147221 0.0506712 0.00773357 -0.0686026 0.00171104 0.00883345 -0.000919019 -0.0076655 -0.0276294 -0.0232414 -0.00103595 -0.00475512 0.00910849
internal_weight=5e+06 4.14907e+06 3.93432e+06 2.80067e+06 2.2322e+06 568471 2.16719e+06 602187 107509 1.56501e+06 466705 1.0983e+06 333783 494678 543207 468846 74361 468657 53304 128904 65003 415542 322227 251719 233091 106426 339753 344891 321626 126665
internal_count=5000000 4149066 3934320 2800667 2232196 568471 2167193 602187 107509 1565006 466705 1098301 333783 494678 543207 468846 74361 468657 53304 128904 65003 415542 322227 251719 233091 106426 339753 344891 321626 126665
cat_boundaries=0 1 2 3 4 5 6
cat_threshold=6158 16253055 896 12582943 1048064 7264
is_linear=0
shrinkage=0.1


Tree=72
num_leaves=31
num_cat=5
split_feature=74 53 48 71 75 73 12 0 89 79 48 72 73 21 0 0 76 91 12 12 0 0 76 12 75 76 12 0 89 12
split_gain=11113.7 11340.6 9656.64 9287.57 9168.23 8733.94 8947.16 11125.5 9830.48 7854.02 7833.23 6514.76 9433.11 7390.79 9322.57 6475.86 6174.95 6033.17 7261.96 5781.16 10243.6 6737.39 5435.52 5878.34 5410.41 6120.32 5266.53 6402.46 5160.61 5151.89
threshold=64.500000000000014 1.2500000000000002 1.0500000119209292 1.0500000119209292 0 141.52664947509768 20.44999980926514 25.849999427795414 17.94999980926514 2.2500000000000004 2.5499999523162846 34.80999946594239 138.0100021362305 2.4500000476837163 2.2500000000000004 -7.5499999523162833 1 3.0499999523162846 2.8500000238418584 0.84999999403953563 10.250000000000002 -6.6499998569488517 2 26.150000572204593 3 4 25.550000190734867 21.050000190734867 1.8499999642372134 7.4500000476837167
decision_type=2 10 10 10 1 2 10 2 10 8 8 2 2 10 2 2 1 10 8 8 2 2 1 10 1 1 10 2 8 8
left_child=5 2 -2 4 19 6 8 10 9 -1 22 12 -5 15 -15 -13 -6 -11 -19 21 29 -3 -8 -24 25 -4 27 -12 -20 -21
right_child=1 3 24 11 16 -7 7 -9 -10 17 26 13 -14 14 -16 -17 -18 18 28 20 -22 -23 23 -25 -26 -27 -28 -29 -30 -31
leaf_value=0.020724389781799329 0.0099840113768703692 -0.091171469000451213 0.0044995354433781734 0.0019502887905933912 -0.038825551420235783 -0.008753790920056256 -0.03378713420806375 0.014661765675327934 0.033704974593543692 0.0080089688810720157 -0.05385954584714911 -0.04997191473441441 0.066569137059218533 -0.068256348583283777 -0.013016515746616995 0.014490945670341199 -0.0020565258585399475 0.020630911436833078 -0.10644342740408266 -0.054535119098206547 -0.014285566778216387 0.0021005393554850067 0.013442216939912696 -0.017683838238705788 0.00029983644784662518 -0.032750827868305903 -0.071714157386662883 -0.0027168931870694673 -0.019768719069759605 -0.1077765819893354
leaf_weight=375176 701287 9333 64938 227640 60101 398629 47852 263413 183737 602273 38964 17413 25080 32737 457614 148365 190193 48601 7252 47525 43730 45499 177180 92273 303838 137509 26387 65842 130190 29429
leaf_count=375176 701287 9333 64938 227640 60101 398629 47852 263413 183737 602273 38964 17413 25080 32737 457614 148365 190193 48601 7252 47525 43730 45499 177180 92273 303838 137509 26387 65842 130190 29429
internal_value=-1.522e-07 -0.00463576 0.00238589 -0.0109888 -0.023176 0.00479476 0.00741763 -0.00165029 0.0122094 0.0088148 -0.0112307 -0.00527892 0.00836308 -0.0105334 -0.0167045 0.00771989 -0.0108868 0.00314677 -0.0125935 -0.0406981 -0.0529337 -0.0137754 -0.00273292 0.00278313 -0.00813874 -0.0208026 -0.0317836 -0.0217303 -0.024342 -0.0748959
internal_weight=5e+06 2.54223e+06 1.20757e+06 1.33466e+06 425810 2.45777e+06 2.05914e+06 711911 1.34723e+06 1.16349e+06 448498 908849 252720 656129 490351 165778 250294 788316 186043 175516 120684 54832 317305 269453 506285 202447 131193 104806 137442 76954
internal_count=5000000 2542231 1207572 1334659 425810 2457769 2059140 711911 1347229 1163492 448498 908849 252720 656129 490351 165778 250294 788316 186043 175516 120684 54832 317305 269453 506285 202447 131193 104806 137442 76954
cat_boundaries=0 1 2 3 4 5
cat_threshold=7174 523776 1048064 7174 16711695
is_linear=0
shrinkage=0.1


Tree=73
num_leaves=31
num_cat=7
split_feature=76 75 12 0 12 5 75 12 4 75 11 0 12 0 0 21 30 11 54 76 5 42 20 0 21 11 12 76 5 76
split_gain=10909.5 10012.1 10962.2 11683.2 9640.87 16546.4 14805.1 14930.1 16194.8 11516.8 9432.43 14685.6 16292.4 13534.6 11787.5 15126.8 10820.9 16262.8 9124.68 9107.16 8860.03 8629.11 7959.24 7828.01 7710.83 7619.69 7534.77 10736.9 10063.3 9812.66
threshold=0 1 3.4500000476837163 4.8500001430511483 26.150000572204593 25.750000000000004 2 14.750000000000002 19.349999427795414 3 -2.2499999999999996 1.6500000357627871 5.8500001430511483 -6.6499998569488517 8.8499999046325701 8.4499998092651385 1.0000000180025095e-35 3.8500000238418584 2.1499999761581425 4 10.449999809265138 1.0000000180025095e-35 3.8500000238418584 -4.2499999999999991 -5.9500000476837149 29.349999427795414 18.650000572204593 5 15.150000095367433 6
decision_type=1 1 10 2 10 8 1 10 8 1 8 2 10 2 2 10 8 8 10 1 8 8 8 2 8 8 10 1 10 1
left_child=1 2 -1 -4 6 9 10 20 26 -6 13 16 19 -2 15 -14 18 -18 -12 -13 -8 -3 23 -20 -15 -22 28 -28 29 -9
right_child=4 21 3 -5 5 -7 7 8 -10 -11 11 12 14 24 -16 -17 17 -19 22 -21 25 -23 -24 -25 -26 -27 27 -29 -30 -31
leaf_value=0.026316211729095235 -0.017122963922501688 -0.0095834007855799836 -0.059701387873046068 -0.00055066711233797672 -0.020985732825716044 0.0087513603339699712 0.018413117884195328 -0.0765572063040518 0.01920948399723035 -0.085704398539944493 -0.0040748118692374253 0.078593341365201116 -0.0076002702729892754 0.10466347296943963 0.0045699995844335475 -0.06386778632366473 -0.053463014508246934 -0.27226013858636972 -0.12176661374951812 0.018021623877374087 0.046323867265458417 -0.040993467870427167 -0.11682267712421174 -0.019939695701083112 0.031486569286448787 0.35579553238567319 -0.0063264804713098338 -0.05293340922684725 0.027791607103839284 -0.00077379503027455801
leaf_weight=150607 52508 936397 34730 866799 128702 186471 330722 21134 441665 34965 150435 29853 163699 18480 383146 67471 23129 3982 8566 147202 144685 96475 13072 63629 65217 800 170301 69637 106485 89036
leaf_count=150607 52508 936397 34730 866799 128702 186471 330722 21134 441665 34965 150435 29853 163699 18480 383146 67471 23129 3982 8566 147202 144685 96475 13072 63629 65217 800 170301 69637 106485 89036
internal_value=-1.57505e-07 -0.00552324 0.00134265 -0.00282936 0.00395035 -0.0116147 0.00607521 0.0131457 0.00555719 -0.0348184 -0.00208872 -0.00528841 0.00151336 0.0226757 -0.00618965 -0.0240229 -0.0257696 -0.0855994 -0.0188878 0.02824 0.02746 -0.0125171 -0.0450221 -0.0320215 0.0476438 0.0480256 -0.00764874 -0.0198556 0.00586998 -0.0153184
internal_weight=5e+06 2.08501e+06 1.05214e+06 901529 2.91499e+06 350138 2.56485e+06 1.37446e+06 898258 163667 1.19039e+06 1.05418e+06 791371 136205 614316 231170 262813 27111 235702 177055 476207 1.03287e+06 85267 72195 83697 145485 456593 239938 216655 110170
internal_count=5000000 2085008 1052136 901529 2914992 350138 2564854 1374465 898258 163667 1190389 1054184 791371 136205 614316 231170 262813 27111 235702 177055 476207 1032872 85267 72195 83697 145485 456593 239938 216655 110170
cat_boundaries=0 1 2 3 4 5 6 7
cat_threshold=1040832 7616 7174 1920 12582927 63 15734784
is_linear=0
shrinkage=0.1


Tree=74
num_leaves=31
num_cat=8
split_feature=76 74 75 76 11 12 0 31 77 12 76 87 12 0 12 76 78 76 0 27 13 90 11 86 76 84 0 0 76 81
split_gain=11278 9912.95 9363.06 16418.3 19500.9 11790.7 22670.8 15775.5 13597.8 11364.5 11057.9 12365.9 9477.22 22037.9 12468.2 11424.7 11943.9 9971.96 9292.46 8807.78 8615.34 8428.12 8328.27 8449.39 8314.25 8223.88 10399 7183.36 7668.35 6789.74
threshold=0 18.500000000000004 1 2 12.650000095367433 3.6499999761581425 5.0499999523162851 1.0000000180025095e-35 2.4500000476837163 8.8499999046325701 3 1.0000000180025095e-35 10.449999809265138 14.34999990463257 17.94999980926514 4 1.0000000180025095e-35 5 0.45000000298023229 1.0000000180025095e-35 15.84999990463257 1.0000000180025095e-35 12.650000095367433 10.84999990463257 6 1.0000000180025095e-35 10.84999990463257 -12.849999904632567 7 1.0000000180025095e-35
decision_type=1 2 1 1 10 8 2 8 10 8 1 10 10 2 10 1 10 1 2 10 10 10 10 10 1 10 2 2 1 10
left_child=-1 22 3 29 24 8 7 10 27 18 11 19 15 17 21 -8 -17 -14 -9 -7 -19 -15 23 -2 -5 -6 -27 28 -4 -3
right_child=1 2 5 4 25 6 12 9 -10 -11 -12 -13 13 14 -16 16 -18 20 -20 -21 -22 -23 -24 -25 -26 26 -28 -29 -30 -31
leaf_value=0.015760095869550579 0.010320411404024898 -0.019975307555745746 -0.21531508336094599 0.06900209659713763 0.0056190986418353656 -0.016724643000683843 0.041651652528994498 -0.27816622928910117 0.02925991873560049 -0.31668075716394073 -0.088974971376887368 -0.15068836201096361 -0.027119797016489901 0.010967954906563996 -0.015268037954007073 -0.01105315971449434 0.068739625838478147 -0.063386047630161188 -0.064874257546838121 -0.18480706275623912 -0.20355162482856512 0.080761977098024476 -0.00067804768751768925 0.0449603422946259 0.023235867159374136 -0.21152151253599941 -0.020307278238407098 -0.0035325164153793063 -0.03777943236101871 0.024776943660194964
leaf_weight=416243 421851 348258 3018 60060 762863 164069 70499 2428 140487 2836 32642 7558 161504 156467 280744 217619 20529 59518 12868 3178 4734 19453 711084 84525 117142 2943 84666 580199 12457 37558
leaf_count=416243 421851 348258 3018 60060 762863 164069 70499 2428 140487 2836 32642 7558 161504 156467 280744 217619 20529 59518 12868 3178 4734 19453 711084 84525 117142 2943 84666 580199 12457 37558
internal_value=-1.71086e-07 -0.00143136 -0.00422804 0.00197089 0.00857447 -0.00871495 -0.0147593 -0.0433716 0.00127432 -0.13282 -0.0355533 -0.0255711 -0.00824675 -0.0148232 -0.0021881 0.0062939 -0.00417463 -0.0403819 -0.098731 -0.0199185 -0.0737018 0.0186857 0.00630148 0.0161026 0.0387529 0.00228668 -0.0267306 -0.00532595 -0.0725667 -0.0156184
internal_weight=5e+06 4.58376e+06 3.3663e+06 1.41349e+06 1.02767e+06 1.95281e+06 1.21665e+06 225579 736161 18132 207447 174805 991067 682420 456664 308647 238148 225756 15296 167247 64252 175920 1.21746e+06 506376 177202 850472 87609 595674 15475 385816
internal_count=5000000 4583757 3366297 1413490 1027674 1952807 1216646 225579 736161 18132 207447 174805 991067 682420 456664 308647 238148 225756 15296 167247 64252 175920 1217460 506376 177202 850472 87609 595674 15475 385816
cat_boundaries=0 1 2 3 4 5 6 7 8
cat_threshold=12 496 512000 12587507 14680499 12583411 15728739 8323072
is_linear=0
shrinkage=0.1


Tree=75
num_leaves=31
num_cat=6
split_feature=85 72 79 12 75 72 0 12 76 24 12 48 0 75 12 80 12 75 74 25 76 12 0 11 0 48 86 76 0 72
split_gain=10733.5 10123.2 10700.8 10398.2 26376.6 18491.9 15786.4 19393.6 15308.1 21548.7 14137.5 13400.4 13903.5 13078 12135.6 10307 9857.86 11200.9 9848.76 8797.6 9063.12 8617.53 8971.64 8409.74 9651.31 8114.43 7874.9 7587.9 9635.64 7477.4
threshold=0.84999999403953563 32.093299865722663 1.0500000119209292 7.6499998569488534 0 37.846700668334968 2.0499999523162846 0.84999999403953563 1 1.0000000180025095e-35 15.550000190734865 3.1499999761581425 -1.6500000357627866 2 -5.9500000476837149 12.84999990463257 21.44999980926514 3 205.50000000000003 1.0000000180025095e-35 4 15.34999990463257 5.8500001430511483 3.4500000476837163 5.6499998569488534 3.0499999523162846 -2.2499999999999996 5 24.849999427795414 44.350849151611335
decision_type=8 2 8 8 1 2 2 8 1 2 8 8 2 1 10 10 10 1 2 10 1 8 2 8 2 8 10 1 2 2
left_child=-1 -2 -3 6 16 10 7 26 9 14 18 19 -13 -12 -8 29 27 -18 -6 20 -9 22 25 -10 -25 -7 -4 -5 -29 -16
right_child=1 2 3 4 5 21 8 11 23 -11 13 12 -14 -15 15 -17 17 -19 -20 -21 -22 -23 -24 24 -26 -27 -28 28 -30 -31
leaf_value=0.010186851267886573 0.015553826304005492 0.0090215653981512434 -0.0081809827826307083 0.019597999349951652 -0.0024421359227719615 -0.070294204794873152 0.14628580176887782 0.00086829747346651217 0.089272228273521076 0.088419278705498483 -0.033589043588944947 -0.22246723040828612 -0.063714411396656095 -0.11848589418487282 -0.010703137424137716 0.036253064331552634 -0.051216281505994082 -0.0079051543382925877 -0.042227178796666189 -0.10652457910106328 -0.067938797060525177 -0.14916772850582002 -0.034128776803059695 0.0067844022560104248 0.068022095078352718 -0.18942162705547533 0.024545721111707317 -0.0068919794000121479 0.025588456939950002 0.076525909659537233
leaf_weight=857017 300966 580252 227308 227901 299546 21767 5529 85635 29305 28620 85095 6599 33637 23064 390287 59032 66497 584477 78535 11473 24645 11323 59349 70763 40447 7755 108680 555092 109323 10081
leaf_count=857017 300966 580252 227308 227901 299546 21767 5529 85635 29305 28620 85095 6599 33637 23064 390287 59032 66497 584477 78535 11473 24645 11323 59349 70763 40447 7755 108680 555092 109323 10081
internal_value=-1.97884e-07 -0.00210749 -0.003491 -0.00571692 -0.00983337 -0.0278867 0.0020274 -0.0112977 0.0124926 0.00420138 -0.0198264 -0.039719 -0.089751 -0.0517066 -0.000982801 -0.00275522 -0.00297309 -0.0123303 -0.0107063 -0.0231848 -0.0145146 -0.0670059 -0.0565378 0.0416118 0.0290565 -0.101587 0.00240493 0.00385326 -0.00154762 -0.00850677
internal_weight=5e+06 4.14298e+06 3.84202e+06 3.26176e+06 2.12972e+06 586434 1.13204e+06 497977 634064 493549 486240 161989 40236 108159 464929 459400 1.54329e+06 650974 378081 121753 110280 100194 88871 140515 111210 29522 335988 892316 664415 400368
internal_count=5000000 4142983 3842017 3261765 2129724 586434 1132041 497977 634064 493549 486240 161989 40236 108159 464929 459400 1543290 650974 378081 121753 110280 100194 88871 140515 111210 29522 335988 892316 664415 400368
cat_boundaries=0 1 2 3 4 5 6
cat_threshold=2016 1048064 2064 1056 12583167 16252943
is_linear=0
shrinkage=0.1


Tree=76
num_leaves=31
num_cat=6
split_feature=72 76 78 72 87 76 29 84 73 72 11 89 15 79 72 73 72 25 76 11 74 75 12 75 45 73 75 12 23 0
split_gain=10950.7 11649.3 25573.5 14070.6 13322.7 15193.5 13325.3 13492.1 12174.9 11710.7 11651.3 11195 10397.5 10112.1 9465.76 8983.82 9495.05 8865.05 9738.45 12931.4 10324.6 10113.6 9497.12 12600.8 8598.58 8547.17 7978.37 12459.7 7151.22 11842.1
threshold=42.100000381469734 0 1.0000000180025095e-35 40.354150772094734 1.0000000180025095e-35 1 1.0000000180025095e-35 1.0000000180025095e-35 129.87249755859378 36.24749946594239 20.849999427795414 12.449999809265138 7.4500000476837167 3.0499999523162846 36.851650238037116 136.97330474853518 35.362499237060554 1.0000000180025095e-35 2 2.8500000238418584 733.00000000000011 3 26.150000572204593 4 1.0000000180025095e-35 136.64249420166018 5 17.44999980926514 -6.5499999523162833 -4.2499999999999991
decision_type=2 1 10 2 10 1 8 10 2 2 10 8 10 10 2 2 2 10 1 10 2 1 10 1 10 2 1 10 8 2
left_child=1 2 3 8 6 -6 7 13 -1 25 -4 12 14 17 15 16 -10 18 -3 -20 21 -21 26 -24 -13 -7 27 -23 -2 -30
right_child=28 4 10 -5 5 9 -8 -9 11 -11 -12 24 -14 -15 -16 -17 -18 -19 19 20 -22 22 23 -25 -26 -27 -28 -29 29 -31
leaf_value=0.029835844493924808 0.017385013703887529 0.00012033019871264953 0.049976711614524813 0.035592181881713966 0.034747262594165863 -0.021637543415909788 -0.020332040666135809 -0.034026959783553849 -0.029968108965843423 -0.053504631563491251 -0.013887754267642547 -0.0051929603242297159 -0.068476269353057159 -0.007085350214411844 0.0036620977966392446 -0.06767522622432369 0.065249707957653225 -0.038918567383338765 0.049253883593742109 -0.01798573456225171 -0.029471029640676084 0.062650492498722898 0.011802109567146847 -0.05285101479929423 -0.038929188580702177 0.039140072519479006 0.017006499166570162 0.023963882740173026 -0.051758951273018619 -0.0090275240624444111
leaf_weight=68251 87706 328342 115005 67339 49983 91241 146456 64952 78670 91676 38007 855601 57788 238966 93505 58017 12081 30226 130218 73911 47644 118493 217205 34993 82867 31000 567572 279904 70805 771576
leaf_count=68251 87706 328342 115005 67339 49983 91241 146456 64952 78670 91676 38007 855601 57788 238966 93505 58017 12081 30226 130218 73911 47644 118493 217205 34993 82867 31000 567572 279904 70805 771576
internal_value=-2.29822e-07 0.00223698 -0.00466659 -0.00898487 0.00638308 -0.0148877 0.00884631 0.0108503 -0.0112819 -0.0264856 0.0341133 -0.0135478 -0.0303615 0.0122602 -0.0212702 -0.0369409 -0.0172925 0.0147884 0.0156911 0.0191691 0.016245 0.0179308 0.0201099 0.00282973 -0.00817188 -0.0062245 0.0246217 0.0354693 -0.00978988 -0.0126192
internal_weight=5e+06 4.06991e+06 1.52713e+06 1.37412e+06 2.54278e+06 263900 2.27888e+06 2.13243e+06 1.30678e+06 213917 153012 1.23853e+06 300061 2.06747e+06 242273 148768 90751 1.82851e+06 1.79828e+06 1.46994e+06 1.33972e+06 1.29208e+06 1.21817e+06 252198 938468 122241 965969 398397 930087 842381
internal_count=5000000 4069913 1527131 1374119 2542782 263900 2278882 2132426 1306780 213917 153012 1238529 300061 2067474 242273 148768 90751 1828508 1798282 1469940 1339722 1292078 1218167 252198 938468 122241 965969 398397 930087 842381
cat_boundaries=0 1 2 3 4 5 6
cat_threshold=4186112 7168 7168 2 1920 496
is_linear=0
shrinkage=0.1


Tree=77
num_leaves=31
num_cat=7
split_feature=76 48 35 81 27 74 75 73 11 0 84 72 12 0 75 12 24 12 0 76 90 76 12 75 7 76 86 16 34 23
split_gain=10067.3 11772.8 10264.2 9852.71 9806.32 8862.07 8334.84 8061.1 9308.48 10336.2 7967.28 6773.71 6667.25 10731.4 10995.8 12231.8 10411.2 9226.54 11395.4 10077.1 9944.71 10327.3 8372.93 9002.4 7885.52 7863 7219.09 7072.03 7044.63 6548.08
threshold=0 5.6499998569488534 1.0000000180025095e-35 1.0000000180025095e-35 1.0000000180025095e-35 18.500000000000004 1 142.07500457763675 -2.2499999999999996 0.45000000298023229 1.0000000180025095e-35 39.600799560546882 3.8500000238418584 9.2500000000000018 2 8.6500000953674334 1.0000000180025095e-35 13.050000190734865 17.150000572204593 3 1.0000000180025095e-35 4 21.150000572204593 5 7.4500000476837167 6 9.8499999046325701 12.449999809265138 1.0000000180025095e-35 10.250000000000002
decision_type=1 10 8 10 10 2 1 2 10 2 10 2 10 2 1 8 2 8 2 1 10 1 8 1 8 1 10 8 8 10
left_child=1 2 3 4 10 -2 11 8 -7 -10 -1 -4 16 14 -14 27 25 20 19 -19 21 -15 23 -20 -23 -11 -27 -16 29 -17
right_child=5 -3 6 -5 -6 7 -8 -9 9 12 -12 -13 13 17 15 28 -18 18 22 -21 -22 24 -24 -25 -26 26 -28 -29 -30 -31
leaf_value=0.01467291496540314 0.0055631512731771629 -0.038350166280294411 0.028345492264491335 -0.02769707850423709 -0.045020463956546068 0.021669038618847086 0.063850372456118007 -0.018759544980266739 -0.029863753048346903 0.039639239029153804 -0.050665121019204173 -0.08070544146960712 0.017099498024756604 0.045384816458000042 -0.019582948982226095 -0.033429033557749809 0.072521402390314793 -0.012951817122508003 -0.0065542110804781041 -0.057748371980256445 0.068393441648974165 -0.030866291391661083 -0.0091983772022009979 0.022600784856023459 0.0085126039751768929 -0.010502816330356907 0.037624069336927767 0.072520407558256811 -0.14931948109473522 -0.095178781912512209
leaf_weight=778911 1052133 50492 20978 71501 30118 143026 61977 378417 151603 54003 19121 7819 59000 58996 159318 58372 25066 199417 191732 67117 28850 66054 536613 236590 220946 193449 37154 8797 8099 24331
leaf_count=778911 1052133 50492 20978 71501 30118 143026 61977 378417 151603 54003 19121 7819 59000 58996 159318 58372 25066 199417 191732 67117 28850 66054 536613 236590 220946 193449 37154 8797 8099 24331
internal_value=-2.08281e-07 0.0087508 0.0111521 0.00791844 0.0109934 -0.00230103 0.0432006 -0.00514737 -0.00311019 -0.00459586 0.0131074 -0.00126372 -0.00288107 -0.00507268 -0.0218591 -0.0307361 0.0107371 -0.00175037 -0.00593174 -0.0242349 0.0119866 0.00728321 -0.00087606 0.00955036 -0.00055056 0.0052956 -0.00274865 -0.0147634 -0.060312 -0.0515956
internal_weight=5e+06 1.04092e+06 990425 899651 828150 3.95908e+06 90774 2.90695e+06 2.52853e+06 2.38551e+06 798032 28797 2.2339e+06 1.92423e+06 317917 258917 309672 1.60632e+06 1.23147e+06 266534 374846 345996 964935 428322 287000 284606 230603 168115 90802 82703
internal_count=5000000 1040917 990425 899651 828150 3959083 90774 2906950 2528533 2385507 798032 28797 2233904 1924232 317917 258917 309672 1606315 1231469 266534 374846 345996 964935 428322 287000 284606 230603 168115 90802 82703
cat_boundaries=0 1 2 3 4 5 6 7
cat_threshold=31 6150 1008 15729120 14681056 120 14681056
is_linear=0
shrinkage=0.1


Tree=78
num_leaves=31
num_cat=6
split_feature=88 74 73 68 12 48 75 77 22 75 76 72 75 11 0 23 72 38 33 51 0 12 12 83 23 12 75 9 75 12
split_gain=9310.88 9637.88 9369.27 9629.82 12874.8 12764.2 9412.24 8748.72 8308.49 8423.92 8056.08 6880.68 8437.31 6868.64 6633.43 6591.73 6534.7 5926.31 6249.23 5709.24 5700.06 5505.05 5043.95 5004.03 5277.89 4941.43 5558.09 5488.59 4774.97 4682.26
threshold=0.75000000000000011 907.50000000000011 141.071647644043 1.1500000357627871 18.050000190734867 1.6500000357627871 0 15.250000000000002 2.2500000000000004 1 2 27.989149093627933 3 12.84999990463257 10.650000095367433 12.650000095367433 30.90164947509766 1.0000000180025095e-35 1.0000000180025095e-35 1.4499999880790713 23.150000572204593 25.650000572204593 7.0499999523162851 10.84999990463257 9.4499998092651385 17.050000190734867 4 11.650000095367433 5 25.550000190734867
decision_type=8 2 2 8 10 10 1 10 8 1 1 2 1 8 2 10 2 8 8 10 2 10 10 10 10 10 1 8 1 8
left_child=-1 2 3 5 7 19 29 8 -5 13 21 -8 -13 16 -15 -11 -10 18 25 -2 22 -4 -7 24 -18 26 27 -12 -19 -6
right_child=1 -3 10 4 6 20 11 -9 9 15 17 12 -14 14 -16 -17 23 28 -20 -21 -22 -23 -24 -25 -26 -27 -28 -29 -30 -31
leaf_value=0.010505035817098494 0.0073136162949013058 -0.03654788670092432 0.0043521348499974853 0.025782965737200611 0.0072457036039899978 -0.010277947522110033 0.0041219176177806089 0.03140724168366886 0.11639154943813952 0.028756395821727621 -0.013108771755379979 -0.03064731068944597 -0.13112002947223728 -0.086430711969345389 -0.011805082051506308 0.0035939100467209128 0.00083648861106257785 -0.014471247995666736 -0.059927950287421053 -0.012474603768497346 2.0945273212664217e-05 -0.054961774089939297 -0.037948233938128614 0.029300726319352183 -0.025852248121762969 -0.033885380768683096 0.0078454089150868638 -0.081223759120197192 -0.07970034975525192 -0.0096924483760558525
leaf_weight=721880 505093 78240 335969 214876 440628 102315 56520 186713 4703 181462 221877 113311 9017 18978 31989 244234 304466 19451 28721 204970 96274 16412 184989 45582 97931 83804 151321 12496 26571 259207
leaf_count=721880 505093 78240 335969 214876 440628 102315 56520 186713 4703 181462 221877 113311 9017 18978 31989 244234 304466 19451 28721 204970 96274 16412 184989 45582 97931 83804 151321 12496 26571 259207
internal_value=-1.65183e-07 -0.00177279 -0.00112496 0.00133579 0.00513433 -0.00633886 -0.00426015 0.0113366 0.00806146 0.00396403 -0.0101907 -0.0247327 -0.0380665 -0.00478894 -0.0395926 0.0143196 -0.000870543 -0.0178177 -0.0146465 0.00160146 -0.0210376 0.00158957 -0.0280943 -0.00210159 -0.00565873 -0.0118765 -0.00709436 -0.0167397 -0.052152 0.000972086
internal_weight=5e+06 4.27812e+06 4.19988e+06 3.30326e+06 2.20962e+06 1.09364e+06 878683 1.33093e+06 1.14422e+06 929345 896622 178848 122328 503649 50967 425696 452682 544241 498219 710063 383578 352381 287304 447979 402397 469498 385694 234373 46022 699835
internal_count=5000000 4278120 4199880 3303258 2209617 1093641 878683 1330934 1144221 929345 896622 178848 122328 503649 50967 425696 452682 544241 498219 710063 383578 352381 287304 447979 402397 469498 385694 234373 46022 699835
cat_boundaries=0 1 2 3 4 5 6
cat_threshold=1984 4110 16515087 2096 4158 496
is_linear=0
shrinkage=0.1


Tree=79
num_leaves=31
num_cat=2
split_feature=74 73 73 76 12 87 76 72 87 91 73 73 72 72 5 12 89 12 0 91 82 60 48 12 0 12 0 9 26 5
split_gain=9147.58 9969.31 7966.43 7700.84 7398.41 8800.37 8157.42 10858.4 10889.8 7262.11 7225.88 8413.18 8275.85 8271.2 7252.73 6567.41 5970.37 6120.24 11217.9 6079.07 5922.41 5887.53 7403.85 5867.04 10170.3 7361.62 6564.17 8184.61 6155.16 5749.03
threshold=249.50000000000003 139.94915008544925 130.98335266113284 0 25.349999427795414 1.0000000180025095e-35 1 38.316650390625007 1.0000000180025095e-35 2.6499999761581425 129.87249755859378 134.46669769287112 35.185850143432624 30.90164947509766 19.650000572204593 26.650000572204593 17.050000190734867 15.550000190734865 7.6499998569488534 0.75000000000000011 4.3500001430511483 1.5500000119209292 7.2500000000000009 6.6499998569488534 1.2500000000000002 0.84999999403953563 -6.6499998569488517 -4.3500001430511466 1.0000000180025095e-35 27.050000190734867
decision_type=2 2 2 1 10 10 1 2 8 10 2 2 2 2 8 10 10 10 2 10 10 8 10 8 2 8 2 8 8 8
left_child=1 4 -2 15 6 29 7 8 10 -4 -1 12 13 -12 -15 16 17 18 23 -19 -8 -5 -23 24 25 26 -3 -28 -25 -6
right_child=2 3 9 21 5 -7 20 -9 -10 -11 11 -13 -14 14 -16 -17 -18 19 -20 -21 -22 22 -24 28 -26 -27 27 -29 -30 -31
leaf_value=0.032628425304088118 0.04621975040185957 -0.022685112402147475 -0.0063982200022717544 -0.0025652948220296931 -0.012725506750744861 -0.056790854048017363 0.016531017509120696 0.061920416112858159 0.03166418450028028 -0.031858214234308145 0.064532899215436576 0.0025409745888358925 0.032790266074448356 -0.045596236929876098 -0.011160801939466471 -0.032681742272817803 0.0281770364144464 0.001896807303384534 0.036092449596307419 -0.035410742015563337 -0.010248108542921132 -0.023477077093647523 0.031558116412835201 -0.014456659857823568 0.040319798839688586 -0.031745986874529238 0.093053168655931995 0.011335718188342867 -0.11199804212974454 0.012449769526063102
leaf_weight=45315 26350 44632 937349 423117 204415 31300 1052067 28198 87962 127241 9568 311394 25727 137011 110485 48156 99944 103626 108682 75496 89621 355524 26249 91599 68968 65438 14472 80064 6961 163069
leaf_count=45315 26350 44632 937349 423117 204415 31300 1052067 28198 87962 127241 9568 311394 25727 137011 110485 48156 99944 103626 108682 75496 89621 355524 26249 91599 68968 65438 14472 80064 6961 163069
internal_value=-1.98284e-07 0.00225941 -0.00809682 -0.00376601 0.00649199 -0.00588957 0.00909434 0.00103463 -0.00132542 -0.00944123 -0.00586308 -0.0087986 -0.0212851 -0.026697 -0.0302239 0.00313027 0.00539982 0.00195034 0.00782818 -0.0138275 0.0144288 -0.0106892 -0.0196931 -0.00042642 0.00711014 -0.00408408 0.00892279 0.0238454 -0.0213457 -0.00155412
internal_weight=5e+06 3.90906e+06 1.09094e+06 1.61293e+06 2.29613e+06 398784 1.89735e+06 755660 727462 1.06459e+06 639500 594185 282791 257064 247496 808038 759882 659938 480816 179122 1.14169e+06 804890 381773 372134 273574 204606 139168 94536 98560 367484
internal_count=5000000 3909060 1090940 1612928 2296132 398784 1897348 755660 727462 1064590 639500 594185 282791 257064 247496 808038 759882 659938 480816 179122 1141688 804890 381773 372134 273574 204606 139168 94536 98560 367484
cat_boundaries=0 1 2
cat_threshold=16515135 8372224
is_linear=0
shrinkage=0.1


Tree=80
num_leaves=31
num_cat=6
split_feature=75 12 89 12 65 23 75 72 72 52 0 13 90 76 90 89 76 71 27 0 0 12 90 55 48 75 10 72 76 0
split_gain=9047.22 16385.4 12935.5 12060 11541.6 10916.1 10108.1 11411.6 10742.4 8698.84 7879.81 11834.4 7386.73 7359.78 8293.82 7244.69 10251 6943.32 6683 6140.27 6128.54 5916.93 6024.26 5687.96 5644.93 5552.02 5459.06 5419.68 5241.03 6824.93
threshold=0 17.150000572204593 10.84999990463257 -1.6500000357627866 1.5500000119209292 11.250000000000002 1 30.03750038146973 37.095001220703132 1.6500000357627871 2.6499999761581425 3.4500000476837163 1.0000000180025095e-35 2 1.0000000180025095e-35 16.650000572204593 3 8.4499998092651385 1.0000000180025095e-35 -4.2499999999999991 5.2500000000000009 23.44999980926514 1.0000000180025095e-35 2.4500000476837163 1.9499999880790713 4 33.149999618530281 32.94585037231446 5 19.150000572204593
decision_type=1 8 10 10 8 8 1 2 2 10 2 8 10 1 10 10 1 10 10 2 2 8 10 10 10 1 8 2 1 2
left_child=3 2 4 20 9 -4 8 -8 27 24 23 -12 15 14 18 16 -7 -15 -6 -9 -1 25 26 -5 -2 -13 -23 -3 -10 -30
right_child=1 6 5 10 13 12 7 19 28 -11 11 21 -14 17 -16 -17 -18 -19 -20 -21 -22 22 -24 -25 -26 -27 -28 -29 29 -31
leaf_value=0.060894757504345691 0.0023848623455499105 0.012321715657680553 0.042697613349306059 -0.010921986887882236 0.02461116669286996 0.027153969173035565 -0.019639383606245692 -0.69064732566064235 -0.022126775414098993 -0.023378177582305513 0.066351538571054219 0.0044117926344783443 0.052394648829427848 -0.0032455060170488194 -0.03182757353427218 0.016708365056452269 -0.02614830519038322 0.046365087916623901 -0.040853678391119613 -0.10587957377501521 0.21406319067333121 -0.0012710269969011237 -0.034474666283699683 -0.082301535717595131 -0.025016435942662941 0.020281331837793893 0.054183763949186364 -0.010708380200482408 -0.11787018386775715 -0.038102675025683673
leaf_weight=13019 395114 131491 112145 35905 295395 50210 35015 181 128439 356513 32263 620013 33588 756338 32637 196051 128151 29304 16463 22644 3268 538349 53834 16201 92850 342100 18357 458463 14502 41197
leaf_count=13019 395114 131491 112145 35905 295395 50210 35015 181 128439 356513 32263 620013 33588 756338 32637 196051 128151 29304 16463 22644 3268 538349 53834 16201 92850 342100 18357 458463 14502 41197
internal_value=-1.78453e-07 -0.00301703 0.00103573 0.00599758 -0.00265998 0.0150657 -0.0151703 -0.0554921 -0.0121566 -0.0115043 0.00515595 0.00639849 0.00747059 0.00394878 0.0161353 0.00344052 -0.0111432 -0.00139504 0.0211553 -0.110517 0.0916281 0.00516856 -0.00253139 -0.0331156 -0.00282907 0.0100548 0.000557557 -0.00557535 -0.0332426 -0.0588607
internal_weight=5e+06 3.32669e+06 2.49476e+06 1.67331e+06 1.97461e+06 520145 831932 57840 774092 844477 1.65702e+06 1.60492e+06 408000 1.13014e+06 344495 374412 178361 785642 311858 22825 16287 1.57265e+06 610540 52106 487964 962113 556706 589954 184138 55699
internal_count=5000000 3326691 2494759 1673309 1974614 520145 831932 57840 774092 844477 1657022 1604916 408000 1130137 344495 374412 178361 785642 311858 22825 16287 1572653 610540 52106 487964 962113 556706 589954 184138 55699
cat_boundaries=0 1 2 3 4 5 6
cat_threshold=2496 1584 2097215 14680575 2112 15728767
is_linear=0
shrinkage=0.1


Tree=81
num_leaves=31
num_cat=5
split_feature=85 76 84 81 28 90 72 76 12 87 75 40 70 35 12 73 73 73 4 11 5 72 44 57 71 75 37 12 75 74
split_gain=8467.16 10122.1 15978.9 14049 14523.8 13372.2 10356.6 9978.56 9442.05 9390.4 8822.28 8292.94 7878.16 7481.41 7170.55 7849.98 6979.51 8989.55 7495.8 6682.55 5963.49 5807.11 5720.51 5645.33 5683.04 5535.23 6018.24 5769.6 5497.69 5075.75
threshold=2.7500000000000004 0 1.0000000180025095e-35 1.0000000180025095e-35 1.0000000180025095e-35 1.0000000180025095e-35 36.395851135253913 1 20.849999427795414 1.0000000180025095e-35 2 1.0000000180025095e-35 1.8499999642372134 1.0000000180025095e-35 23.849999427795414 137.77420043945315 144.7174987792969 143.31164550781253 -0.65000000596046437 12.84999990463257 10.449999809265138 37.846700668334968 1.0000000180025095e-35 2.7500000000000004 2.0499999523162846 3 1.0000000180025095e-35 20.650000572204593 4 69.500000000000014
decision_type=10 1 10 8 8 10 2 1 10 10 1 10 8 10 8 2 2 2 8 10 8 2 10 10 10 1 10 10 1 2
left_child=1 2 11 4 5 9 14 -4 -9 10 23 16 -2 -6 15 -5 17 22 -19 20 21 -12 -1 29 -25 27 -27 -21 -13 -3
right_child=12 3 7 6 13 -7 -8 8 -10 -11 19 28 -14 -15 -16 -17 -18 18 -20 25 -22 -23 -24 24 -26 26 -28 -29 -30 -31
leaf_value=-0.0029504575491990821 -0.020245713870325477 0.020195328506203262 -0.022286453769598195 0.0035535586387354292 -0.043122865119582743 -0.03664487433516584 -0.035433086156426909 0.052017592364772602 -0.016052694042936678 -0.036686741372964238 0.038640507846246563 -0.00400494740233703 -0.0015134014113877686 0.009722335561287378 -0.038111349399487245 0.074809608938180769 0.055332445973137218 -0.11472693095664517 -0.025456502662736764 0.0042651932629742574 0.073524744188955049 0.012462339397748927 -0.033902570165786614 -0.021578487906991097 0.0081749252151207645 0.01550204011029669 0.064056244775879248 -0.052452445052448816 -0.049051875241379092 0.0033484729686198422
leaf_weight=1157099 355516 317354 34407 85899 79135 58233 132815 101902 25471 38914 182495 42056 609286 40501 31386 18854 18671 12525 37771 112975 29266 158193 62960 127058 129754 465244 27010 21320 76188 409742
leaf_count=1157099 355516 317354 34407 85899 79135 58233 132815 101902 25471 38914 182495 42056 609286 40501 31386 18854 18671 12525 37771 112975 29266 158193 62960 127058 129754 465244 27010 21320 76188 409742
internal_value=-1.599e-07 0.00201204 -0.004267 0.00600697 0.00864769 0.0105987 -0.0155659 0.0254963 0.0384024 0.0119611 0.012917 -0.00768862 -0.008416 -0.0252329 0.00381628 0.0163786 -0.00536361 -0.00625569 -0.0476871 0.0195491 0.0302063 0.0264851 -0.00454771 0.00619979 -0.00654561 0.0132567 0.0181658 -0.00473866 -0.0330345 0.0107016
internal_weight=5e+06 4.0352e+06 1.56905e+06 2.46615e+06 2.19719e+06 2.07756e+06 268954 161780 127373 2.01932e+06 1.98041e+06 1.40727e+06 964802 119636 136139 104753 1.28903e+06 1.27036e+06 50296 996503 369954 340688 1.22006e+06 983908 256812 626549 492254 134295 118244 727096
internal_count=5000000 4035198 1569050 2466148 2197194 2077558 268954 161780 127373 2019325 1980411 1407270 964802 119636 136139 104753 1289026 1270355 50296 996503 369954 340688 1220059 983908 256812 626549 492254 134295 118244 727096
cat_boundaries=0 1 2 3 4 5
cat_threshold=2093312 1048832 7746 28 4544
is_linear=0
shrinkage=0.1


Tree=82
num_leaves=31
num_cat=8
split_feature=11 0 76 86 12 75 72 12 75 76 75 48 86 0 88 12 0 76 87 76 90 0 24 10 72 76 73 12 78 0
split_gain=8631.06 14856.3 13449.9 12315.1 16382.7 18512.5 17010 10938.7 10626.5 10362.6 11134.2 9213.2 9065.54 8958.17 8846.47 12270.2 12640.2 8467.98 10269.4 9920 7979.18 7618.57 7336.42 7227.58 7206.77 7192.64 8204.1 7118.1 10368.6 9586.94
threshold=-2.8500000238418575 -6.6499998569488517 0 5.6499998569488534 12.250000000000002 1 39.600799560546882 23.650000572204593 2 3 4 5.6499998569488534 13.449999809265138 15.150000095367433 3.5499999523162846 6.0499999523162851 -3.0499999523162837 5 1.0000000180025095e-35 6 1.0000000180025095e-35 4.6499998569488534 1.0000000180025095e-35 -6.6499998569488517 32.232500076293952 7 129.87249755859378 26.150000572204593 1.0000000180025095e-35 15.949999809265138
decision_type=10 2 1 8 10 1 2 10 1 1 1 8 10 2 8 10 2 1 8 1 10 2 2 8 2 1 2 10 10 2
left_child=1 -1 11 14 8 27 7 9 12 13 -11 21 17 -7 -2 16 -16 -5 25 -20 -8 22 -3 -4 -12 -19 -27 29 -29 -6
right_child=3 2 23 4 5 6 20 -9 -10 10 24 -13 -14 -15 15 -17 -18 18 19 -21 -22 -23 -24 -25 -26 26 -28 28 -30 -31
leaf_value=-0.018228399858327148 -0.0081749061795520338 -0.010314890014113466 0.16835409189544476 0.01889349301635998 -0.01172556959532795 -0.081277982257969936 -0.052850992034485282 -0.054717827806886471 0.025547399657700323 0.0084027396813324481 0.0054684710924728357 0.098452032881908361 0.032677236120350693 -0.019098793472667401 -0.13094259163355546 -0.10635988678067215 -0.01088050682998175 0.0036702208995101748 -0.026404644506535797 0.051946240727762119 -0.17092097446070209 0.066914837430937776 0.086594473599998945 0.059601797480916409 -0.045324789223190005 0.11770049553100954 -0.020645992538444097 -0.0051869688028526872 -0.067795298503840459 0.0091201770008981272
leaf_weight=83759 583762 100249 6951 214376 269985 27031 62574 54542 338365 361650 44086 12147 105461 162222 9750 21569 87141 260860 22560 56918 6300 18339 8472 50572 76242 4346 312664 402186 28314 1206607
leaf_count=83759 583762 100249 6951 214376 269985 27031 62574 54542 338365 361650 44086 12147 105461 162222 9750 21569 87141 260860 22560 56918 6300 18339 8472 50572 76242 4346 312664 402186 28314 1206607
internal_value=-1.58975e-07 0.0170425 0.0320593 -0.00101304 0.00112267 -0.00333347 -0.0161569 -0.0116501 0.0102742 -0.00815055 -0.000364396 0.0152468 0.00498533 -0.0279784 -0.013231 -0.0381471 -0.0229622 0.00163522 -0.00399332 0.0297094 -0.063651 0.00729358 -0.0027633 0.0727306 -0.0267128 -0.00862873 -0.0187488 0.00200989 -0.00930472 0.00530867
internal_weight=5e+06 280489 196730 4.71951e+06 4.01729e+06 2.70174e+06 794647 725773 1.31555e+06 671231 481978 139207 977185 189253 702222 118460 96891 871724 657348 79478 68874 127060 108721 57523 120328 577870 317010 1.90709e+06 430500 1.47659e+06
internal_count=5000000 280489 196730 4719511 4017289 2701739 794647 725773 1315550 671231 481978 139207 977185 189253 702222 118460 96891 871724 657348 79478 68874 127060 108721 57523 120328 577870 317010 1907092 430500 1476592
cat_boundaries=0 1 2 3 4 5 6 7 8
cat_threshold=1047552 1984 5150 1046528 2096 14680095 992 1052640
is_linear=0
shrinkage=0.1


Tree=83
num_leaves=31
num_cat=6
split_feature=76 48 38 75 81 26 84 73 12 0 80 75 86 12 0 12 30 88 81 76 75 23 72 90 76 87 11 72 12 80
split_gain=8800.71 14159.4 9303.93 9393.59 9310.95 10639.7 8804.52 8021.25 9312.78 21971.7 13270.9 8825.12 8249.1 12816.7 16458.2 12542.3 9762.48 8667.53 8621.86 10173.9 7855.16 7726.31 7605.5 7585.32 7216.67 7042.31 6831.38 6729.47 6480.92 6348.24
threshold=0 5.0499999523162851 1.0000000180025095e-35 1 1.0000000180025095e-35 1.0000000180025095e-35 1.0000000180025095e-35 129.97499847412112 3.4500000476837163 3.8500000238418584 5.0499999523162851 2 17.94999980926514 10.050000190734865 10.449999809265138 18.150000572204593 1.0000000180025095e-35 1.6500000357627871 1.0000000180025095e-35 3 4 18.349999427795414 41.927499771118171 1.0000000180025095e-35 5 1.0000000180025095e-35 4.4500000476837167 39.18499946594239 13.949999809265138 13.449999809265138
decision_type=1 10 10 1 10 8 10 2 8 2 10 1 10 10 2 10 10 10 10 1 1 10 2 10 1 10 10 2 10 10
left_child=1 2 4 27 5 6 23 -2 10 11 20 22 13 18 16 -14 24 -16 19 -11 -9 -19 -10 26 25 -15 -1 -4 -18 -21
right_child=7 -3 3 -5 -6 -7 -8 8 9 12 -12 -13 15 14 17 -17 28 21 -20 29 -22 -23 -24 -25 -26 -27 -28 -29 -30 -31
leaf_value=0.034119684581374481 0.019208810631601819 -0.031197157827271234 0.022059848543373204 0.053959020087892801 -0.022282142725985207 -0.040699682842411461 -0.04730201758766469 -0.0078095232153671326 -0.05857327919900468 0.028113836092388041 0.034185152428278048 -0.011609026744917227 0.021413021223152185 -0.016798022398863976 -0.0065258592549932203 -0.0048514599155644591 -0.10153996208698493 -0.018996606562514451 0.04336359634958617 -0.013613950433255162 0.015068947770182906 -0.068271136729548113 -0.16243667271778228 -0.0491761153586436 -0.081729815011699652 -0.16748120503460118 0.010370161120088468 -0.06899399159348539 -0.2914631734115789 0.019558716242650934
leaf_weight=139640 159700 93080 26565 84589 102957 41312 25309 446119 67609 100102 135557 40690 264030 68366 789270 583936 9943 124588 49765 319489 226135 42738 7871 19657 30487 3249 912965 11688 2193 70401
leaf_count=139640 159700 93080 26565 84589 102957 41312 25309 446119 67609 100102 135557 40690 264030 68366 789270 583936 9943 124588 49765 319489 226135 42738 7871 19657 30487 3249 912965 11688 2193 70401
internal_value=-1.26662e-07 0.00653972 0.00911367 0.0353665 0.00651675 0.00912022 0.0109954 -0.00269153 -0.00372552 -0.00666457 0.0056421 -0.0491616 -0.00465653 -0.00885953 -0.0151929 0.00332648 -0.0510676 -0.0109087 0.00370531 -0.000322499 -0.00011348 -0.0315822 -0.0693949 0.0123714 -0.0409892 -0.0236309 0.0135208 -0.00575966 -0.135859 -0.00762389
internal_weight=5e+06 1.45776e+06 1.36468e+06 122842 1.24184e+06 1.13888e+06 1.09757e+06 3.54224e+06 3.38254e+06 2.57473e+06 807811 116170 2.45856e+06 1.61059e+06 1.07083e+06 847966 114238 956596 539757 489992 672254 167326 75480 1.07226e+06 102102 71615 1.0526e+06 38253 12136 389890
internal_count=5000000 1457762 1364682 122842 1241840 1138883 1097571 3542238 3382538 2574727 807811 116170 2458557 1610591 1070834 847966 114238 956596 539757 489992 672254 167326 75480 1072262 102102 71615 1052605 38253 12136 389890
cat_boundaries=0 1 2 3 4 5 6
cat_threshold=8388671 6150 6150 6291904 14 6291648
is_linear=0
shrinkage=0.1


Tree=84
num_leaves=31
num_cat=7
split_feature=74 73 76 72 11 72 11 75 12 84 76 60 12 75 12 12 0 75 12 76 78 0 13 72 80 3 76 12 12 72
split_gain=8537.48 8129.64 7036.27 6763.39 6713.73 6413.42 6743.92 11022 7303.04 5876.8 6674.23 5883.48 5701.5 6481.58 5751.5 5627.13 5599.85 5504.96 6325.13 7956.6 6984.01 7955.01 9161.58 7948.07 6107.06 5921.83 7673.03 5437.13 5255.43 9005.35
threshold=249.50000000000003 139.94915008544925 0 45.113349914550788 4.4500000476837167 32.232500076293952 -2.2499999999999996 1 6.2500000000000009 1.0000000180025095e-35 2 2.1499999761581425 7.0499999523162851 3 16.94999980926514 0.84999999403953563 1.4499999880790713 4 25.550000190734867 5 1.0000000180025095e-35 23.44999980926514 20.94999980926514 38.316650390625007 19.650000572204593 25.94999980926514 6 27.44999980926514 13.050000190734865 30.90164947509766
decision_type=2 2 1 2 10 2 8 1 8 10 1 8 10 1 10 8 2 1 10 1 8 2 10 2 10 8 1 10 10 2
left_child=1 4 3 9 -1 -2 -7 8 -8 11 -11 -3 -9 14 -14 -13 -17 28 19 20 21 22 23 24 -19 26 -20 -4 29 -6
right_child=5 2 27 -5 17 6 7 12 -10 10 -12 15 13 -15 -16 16 -18 18 25 -21 -22 -23 -24 -25 -26 -27 -28 -29 -30 -31
leaf_value=0.021314917821142965 0.040913397841187672 -0.0086817457571303127 0.0045254662790729138 0.042826487816654719 0.11809546479832511 0.015700398500445824 -0.024215185779647888 0.011440223772926215 -0.075742501956928138 -0.034179972838597847 0.036589754238582191 -0.0032962082040992251 -0.013654576613296224 -0.0015002821099394292 -0.046606009058927172 -0.12495201783024204 -0.035416407980112294 -0.014751415379328121 -0.11305038444603728 0.018390786766655138 0.030440291469275682 0.013497812097062304 -0.066169729302526889 0.064560718594088504 0.01959732483057626 0.0066876717817909957 -0.013739710363411229 -0.033323855918310372 -0.031117723710630249 -0.0036880921188177729
leaf_weight=254662 26350 448573 835413 23081 6207 99931 144953 144697 33948 18635 46718 58898 216237 354668 70156 7368 134482 287719 8151 589920 80503 240444 26680 15518 63117 204437 166915 39760 72938 278921
leaf_count=254662 26350 448573 835413 23081 6207 99931 144953 144697 33948 18635 46718 58898 216237 354668 70156 7368 134482 287719 8151 589920 80503 240444 26680 15518 63117 204437 166915 39760 72938 278921
internal_value=-1.14801e-07 0.00218284 -0.00325831 -0.010452 0.00600499 -0.00782207 -0.00902834 -0.01159 -0.033991 -0.0121728 0.0164106 -0.0150496 -0.00648928 -0.0105363 -0.0217257 -0.0292788 -0.0400671 0.00409516 0.00649008 0.00979705 0.00269627 -0.00082943 -0.00959432 -0.00547417 -0.00857192 -0.00487189 -0.0183708 0.0028059 -0.00716421 -0.00103697
internal_weight=5e+06 3.90906e+06 1.61293e+06 737755 2.29613e+06 1.09094e+06 1.06459e+06 964659 178901 714674 65353 649321 785758 641061 286393 200748 141850 2.04147e+06 1.6834e+06 1.3039e+06 713981 633478 393034 366354 350836 379503 175066 875173 358066 285128
internal_count=5000000 3909060 1612928 737755 2296132 1090940 1064590 964659 178901 714674 65353 649321 785758 641061 286393 200748 141850 2041470 1683404 1303901 713981 633478 393034 366354 350836 379503 175066 875173 358066 285128
cat_boundaries=0 1 2 3 4 5 6 7
cat_threshold=262016 4102 896 3128 4102 2096640 4192256
is_linear=0
shrinkage=0.1


Tree=85
num_leaves=31
num_cat=9
split_feature=82 89 12 83 91 65 49 23 75 89 23 86 0 87 81 76 23 22 0 76 72 75 12 75 75 83 76 11 76 76
split_gain=7889.63 7727.29 12591.3 14777 12013.1 10656.3 10284.5 8332.65 7934.88 7817.04 6750.86 10410.6 8037.65 6666.41 6568.52 6548.61 6283.18 6165.11 9106.11 5411.46 5406.63 7281.88 5943.46 5333.52 5296.74 5230.74 5109.56 5040.14 4970.33 4951.31
threshold=0.75000000000000011 24.550000190734867 18.050000190734867 14.949999809265138 1.8499999642372134 1.4499999880790713 0.94999998807907116 14.150000095367433 0 17.650000572204593 13.449999809265138 9.0500001907348651 9.6500000953674334 1.0000000180025095e-35 1.0000000180025095e-35 1 24.349999427795414 2.6499999761581425 4.4500000476837167 2 41.162500381469734 3 6.0499999523162851 4 5 19.44999980926514 6 12.84999990463257 7 8
decision_type=8 10 10 10 10 10 10 10 1 8 10 10 2 8 10 1 10 10 2 1 2 1 8 1 1 10 1 10 1 1
left_child=-1 2 3 5 8 6 -2 -5 28 26 11 17 -12 29 19 -15 -11 23 20 25 24 -22 -23 -7 -19 -9 -6 -13 -4 -8
right_child=1 -3 4 7 9 10 13 14 -10 16 12 27 -14 15 -16 -17 -18 18 -20 -21 21 22 -24 -25 -26 -27 -28 -29 -30 -31
leaf_value=0.010518973244987023 0.0037162900127671499 0.011178822820415178 0.0050956014559379349 0.048193729388177627 -0.049428310796068485 -0.006370904088330737 -0.0084335838354828128 -0.018540696951387849 -0.025534602356627769 -0.011556308570596962 -0.060091783643363254 0.040766227937152191 -0.0049082751860457397 0.0389051060790431 0.060960788683192768 -0.020758756449367696 -0.056280701570653437 0.049832967327704258 0.0053825527158642746 0.027356249785175604 0.032964055992072298 -0.046325194737492276 -0.13600576073968704 0.019092763887709186 -0.017625609582762949 0.012360533355155176 -0.12832233889730033 0.0017495748769141698 -0.011477892421037134 -0.028246442284368331
leaf_weight=624028 340988 433106 434345 75252 51580 114083 191075 96140 173876 149587 30076 118620 215617 38581 24885 35146 39761 12697 357216 96942 8627 30069 9798 294836 138631 127327 9770 45928 310151 371262
leaf_count=624028 340988 433106 434345 75252 51580 114083 191075 96140 173876 149587 30076 118620 215617 38581 24885 35146 39761 12697 357216 96942 8627 30069 9798 294836 138631 127327 9770 45928 310151 371262
internal_value=-1.24818e-07 -0.00150018 -0.00289291 0.000775789 -0.0115975 -0.00230973 -0.0102961 0.0180414 -0.00630116 -0.0309992 0.00336032 0.00662544 -0.0116635 -0.017808 0.0114702 0.0104655 -0.0209479 0.00266477 -0.00418014 0.00762641 -0.0212751 -0.0503325 -0.0683486 0.011989 -0.0119634 -0.000933756 -0.0620212 0.0298761 -0.00180884 -0.0215149
internal_weight=5e+06 4.37597e+06 3.94287e+06 2.7738e+06 1.16907e+06 2.35325e+06 977052 420546 918372 250698 1.3762e+06 1.1305e+06 245693 636064 345294 73727 189348 965957 557038 320409 199822 48494 39867 408919 151328 223467 61350 164548 744496 562337
internal_count=5000000 4375972 3942866 2773796 1169070 2353250 977052 420546 918372 250698 1376198 1130505 245693 636064 345294 73727 189348 965957 557038 320409 199822 48494 39867 408919 151328 223467 61350 164548 744496 562337
cat_boundaries=0 1 2 3 4 5 6 7 8 9
cat_threshold=1984 1047552 522240 1632 2 1136 15728767 6291967 15729695
is_linear=0
shrinkage=0.1


Tree=86
num_leaves=31
num_cat=8
split_feature=74 72 76 81 83 12 75 0 12 75 12 11 86 12 0 75 12 3 75 11 75 23 83 20 72 75 1 75 12 12
split_gain=7775.4 8856.64 14289.1 18036.7 10806.6 10525.5 23259.7 16132.3 14504.7 13197 10491.6 10213.4 10771.3 9449.6 14002.3 9069.94 11797.8 8934.86 8850.76 8479.45 7679.22 6992.48 6968.35 6764.47 6584.56 6458.29 6419.75 6407.79 7239.32 6598.77
threshold=749.50000000000011 37.846700668334968 0 1.0000000180025095e-35 11.650000095367433 0.84999999403953563 1 -1.8499999642372129 10.650000095367433 2 5.8500001430511483 -2.2499999999999996 -4.2499999999999991 6.6499998569488534 1.4499999880790713 3 21.150000572204593 4.8500001430511483 4 20.849999427795414 5 -2.7499999999999996 -6.9500000476837149 19.44999980926514 36.851650238037116 6 14.050000190734865 7 17.94999980926514 18.150000572204593
decision_type=2 2 1 8 8 8 1 2 10 1 10 8 10 8 2 1 10 10 1 10 1 8 10 8 2 1 8 1 8 10
left_child=1 2 3 4 24 7 13 11 25 -10 17 12 22 14 -7 -12 18 -4 23 -5 -18 -9 -3 -17 -1 -8 -27 29 -29 -11
right_child=-2 5 10 19 -6 6 8 21 9 27 15 -13 -14 -15 -16 16 20 -19 -20 -21 -22 -23 -24 -25 -26 26 -28 28 -30 -31
leaf_value=-0.035778307610609066 -0.021996691281015751 -0.026431976334788901 0.023519047139095337 0.046301765665202395 -0.0035572427728834469 -0.060567914426701536 0.0060395295146673886 0.072413373381306739 -0.054855527261165826 0.031734410669818913 -0.010471263524541412 -0.046545176667993897 0.048254390541609349 -0.084275580524998103 -0.00077677457027739772 0.064520590900028582 0.0052921295379709772 0.0926414513037805 0.01345883468335024 -0.0086334370041634342 -0.025041656093751554 0.021215289951730876 0.019565547329068903 0.021374068001827767 0.014081170074561939 0.063216569726572622 0.005685528676846633 -0.0045920795313743228 -0.030491014519607812 -0.0038397750843012662
leaf_weight=182109 155695 94593 208280 96440 928715 76541 238421 31586 63026 67020 254561 55891 39893 40278 80215 68033 567008 20545 495379 39649 97851 171615 50528 77992 30995 45987 33544 275115 177601 234894
leaf_count=182109 155695 94593 208280 96440 928715 76541 238421 31586 63026 67020 254561 55891 39893 40278 80215 68033 567008 20545 495379 39649 97851 171615 50528 77992 30995 45987 33544 275115 177601 234894
internal_value=-1.36931e-07 0.000706828 0.00396096 -0.00411586 -0.00821739 -0.00491144 -0.00935464 0.0084214 -0.00385137 -0.0108989 0.00972823 -0.0090829 0.0022341 -0.0410705 -0.0299717 0.00679663 0.0101618 0.0297252 0.0198376 0.0302966 0.00082744 0.0291736 -0.0104166 0.0414732 -0.0285265 0.0142722 0.0389467 -0.00722687 -0.0147519 0.00405698
internal_weight=5e+06 4.8443e+06 3.06756e+06 1.27791e+06 1.14182e+06 1.77675e+06 1.33264e+06 444106 1.13561e+06 817656 1.78965e+06 240905 185014 197034 156756 1.56082e+06 1.30626e+06 228825 641404 136089 664859 203201 145121 146025 213104 317952 79531 754630 452716 301914
internal_count=5000000 4844305 3067557 1277908 1141819 1776748 1332642 444106 1135608 817656 1789649 240905 185014 197034 156756 1560824 1306263 228825 641404 136089 664859 203201 145121 146025 213104 317952 79531 754630 452716 301914
cat_boundaries=0 1 2 3 4 5 6 7 8
cat_threshold=4190208 4110 2064 4102 480 1984 3088 384
is_linear=0
shrinkage=0.1


Tree=87
num_leaves=31
num_cat=5
split_feature=76 74 88 57 75 76 24 11 75 73 12 0 80 23 75 71 72 12 86 89 23 86 48 86 12 86 72 73 48 23
split_gain=8283.31 7492.47 5921.37 5777.05 4968.41 7814.6 7584.78 7027.07 5546.44 4889.59 5205.47 8485.64 7662.02 5334.15 5364.06 4834.38 4804.29 4730.9 9349.78 4724.31 8636.21 5595.84 4641.39 4179.5 4055.69 6710.78 4847.57 5874.82 4015.03 3653.01
threshold=0 64.500000000000014 1.9499999880790713 1.0500000119209292 1 2 1.0000000180025095e-35 16.050000190734867 3 141.52664947509768 19.250000000000004 24.44999980926514 16.94999980926514 24.44999980926514 4 1.1500000357627871 32.232500076293952 1.0500000119209292 3.8500000238418584 15.250000000000002 12.449999809265138 9.8499999046325701 0.84999999403953563 -3.1499999761581416 8.6500000953674334 19.44999980926514 34.282499313354499 139.12249755859378 6.9500000476837167 13.250000000000002
decision_type=1 2 10 8 1 1 2 10 1 2 10 2 10 10 1 10 2 8 8 10 10 10 10 8 10 8 2 2 10 10
left_child=28 9 3 22 5 -5 7 8 -7 10 12 13 19 14 -12 -6 -16 23 -19 20 21 -2 -3 -4 -20 26 27 -26 -1 -21
right_child=1 2 17 4 15 6 -8 -9 -10 -11 11 -13 -14 -15 16 -17 -18 18 24 29 -22 -23 -24 -25 25 -27 -28 -29 -30 -31
leaf_value=0.015134934624278538 0.0052633963341926909 0.013006588410511173 -0.029456636046581136 -0.018305918366245021 -0.026079570565424034 0.081405299755721749 -0.038722225638555319 0.0017406664275608321 0.022531060062370614 -0.0077004462544175232 -0.0014786606855867199 0.0096316600270978936 0.030206870708783907 -0.040445342151609553 -0.012022568907911825 -0.006098098161854807 -0.074689450159958051 -0.06698162347682142 0.0028505795839663642 0.070461439047626875 -0.014380824674402768 0.032091183199264017 -0.0029185989793620313 0.014790139496915376 -0.018672488187470644 -0.0071549930340976536 -0.047198320931042148 0.11203722489799113 -0.045740824526872365 0.017674626896453455
leaf_weight=405111 584368 339332 28250 166542 205901 19265 31801 213546 94426 365542 269793 343246 149432 56442 30947 293941 20231 36821 102590 14743 210256 89681 397273 87381 29008 176438 104307 3901 11132 118353
leaf_count=405111 584368 339332 28250 166542 205901 19265 31801 213546 94426 365542 269793 343246 149432 56442 30947 293941 20231 36821 102590 14743 210256 89681 397273 87381 29008 176438 104307 3901 11132 118353
internal_value=-1.36353e-07 -0.00122668 -0.00520171 -0.0023382 -0.00719123 -0.000402881 0.00790183 0.012433 0.0325165 0.00288541 0.00493553 -0.00174679 0.00906266 -0.0120952 -0.00710984 -0.0143288 -0.036788 -0.0140739 -0.0186817 0.00595707 0.00331342 0.00883278 0.00441766 0.00398014 -0.0144091 -0.0200543 -0.0366408 -0.00317829 0.0135065 0.0235218
internal_weight=5e+06 4.58376e+06 2.33072e+06 1.76203e+06 1.02542e+06 525580 359038 327237 113691 2.25303e+06 1.88749e+06 720659 1.16683e+06 377413 320971 499842 51178 568696 453065 1.0174e+06 884305 674049 736605 115631 416244 313654 137216 32909 416243 133096
internal_count=5000000 4583757 2330723 1762027 1025422 525580 359038 327237 113691 2253034 1887492 720659 1166833 377413 320971 499842 51178 568696 453065 1017401 884305 674049 736605 115631 416244 313654 137216 32909 416243 133096
cat_boundaries=0 1 2 3 4 5
cat_threshold=12 504 1047552 416 2016
is_linear=0
shrinkage=0.1


Tree=88
num_leaves=31
num_cat=7
split_feature=76 78 11 0 12 0 12 30 12 76 0 53 0 78 76 76 81 11 0 12 12 25 76 12 76 26 12 23 0 75
split_gain=7794.22 13299 8249.73 12389.1 17431.3 15579.7 16439.9 15738.6 17663.4 15616.1 14753.8 12704.7 12135.1 11734.9 11550 11219.8 11153.7 11187.2 11140.6 11710.8 11127.8 10626.9 10132.9 9842.71 12771.5 9666.81 9290.79 8699.6 8697.07 8331.06
threshold=0 1.0000000180025095e-35 -2.2499999999999996 0.84999999403953563 6.2500000000000009 7.6499998569488534 15.050000190734865 1.0000000180025095e-35 11.050000190734865 1 18.349999427795414 1.9499999880790713 -5.8500001430511466 1.0000000180025095e-35 2 3 1.0000000180025095e-35 21.050000190734867 -3.8500000238418575 1.2500000000000002 20.44999980926514 1.0000000180025095e-35 4 23.44999980926514 5 1.0000000180025095e-35 12.050000190734865 -5.8500001430511466 12.050000190734865 6
decision_type=1 10 10 2 10 2 8 10 10 1 2 10 2 10 1 1 10 10 2 10 10 10 1 8 1 10 10 8 2 1
left_child=1 -1 12 11 15 7 9 13 -9 -7 14 21 -2 22 16 -5 -8 -18 -13 -20 -16 -4 -6 24 -12 -24 -15 -14 -11 -25
right_child=2 -3 3 4 5 6 10 8 -10 28 23 18 27 26 20 -17 17 -19 19 -21 -22 -23 25 29 -26 -27 -28 -29 -30 -31
leaf_value=-0.015189978386730805 -0.0091130770185881456 0.034323411401611541 0.0039555109979900324 0.04976146052161954 -0.064818312054435265 0.053794357758214811 -0.0016085176677277308 -0.051326480149177782 -0.24468995109969682 -0.0057063443729031974 0.0015408907680590457 -0.11340281226262339 0.086673593820558989 -0.062796051499841327 -0.027765497835928129 0.012020420246795213 -0.029165493164521723 -0.15459402225609542 -0.00018511182061611115 -0.060970675679274958 -0.11174885677795721 -0.069493637165322683 -0.0016666608676732611 0.00036265480600452686 0.030745413861956894 -0.13189052734811743 -0.27027533528385228 0.024933071016933182 0.018436950557295897 -0.027769558927921018
leaf_weight=565561 99367 60002 220286 94707 29997 90217 442633 25090 5820 239488 404558 18116 27284 16681 177720 467993 36022 8860 65556 61361 17314 21633 313274 580533 237730 5806 2479 139561 395778 128573
leaf_count=565561 99367 60002 220286 94707 29997 90217 442633 25090 5820 239488 404558 18116 27284 16681 177720 467993 36022 8860 65556 61361 17314 21633 313274 580533 237730 5806 2479 139561 395778 128573
internal_value=-1.05883e-07 -0.0104406 0.00149296 0.000387493 0.00215832 -0.000730446 0.00194066 -0.0191966 -0.0877346 0.0148646 -0.00266917 -0.0166423 0.0185527 -0.0134435 -0.0146533 0.0183736 -0.00642487 -0.0539259 -0.0400444 -0.0295733 -0.0352193 -0.00261249 -0.00926123 0.00338366 0.0123509 -0.0040361 -0.0896406 0.0350294 0.00933506 -0.00473858
internal_weight=5e+06 625563 4.37444e+06 4.10822e+06 3.72127e+06 3.15857e+06 2.75943e+06 399147 30910 725483 2.03394e+06 386952 266212 368237 682549 562700 487515 44882 145033 126917 195034 241919 349077 1.35139e+06 642288 319080 19160 166845 635266 709106
internal_count=5000000 625563 4374437 4108225 3721273 3158573 2759426 399147 30910 725483 2033943 386952 266212 368237 682549 562700 487515 44882 145033 126917 195034 241919 349077 1351394 642288 319080 19160 166845 635266 709106
cat_boundaries=0 1 2 3 4 5 6 7
cat_threshold=114688 8388639 12583039 14680095 1981952 933376 896
is_linear=0
shrinkage=0.1


Tree=89
num_leaves=31
num_cat=5
split_feature=76 48 81 25 38 75 28 78 11 0 24 76 37 75 33 45 30 76 72 83 12 9 72 0 12 12 0 87 41 90
split_gain=7742.47 14096.9 9192.28 11055.8 8981.98 10763 10386.2 8354.57 8276.81 7958.79 7912.89 28413.8 13104.2 12830.8 12742.9 12369.5 8803.21 10394.5 9351.35 9608.78 8159.19 8117.03 7962.42 7209.2 12323.3 10218.3 13121.8 6233.17 6228.62 6224.79
threshold=0 5.8500001430511483 1.0000000180025095e-35 1.0000000180025095e-35 1.0000000180025095e-35 1 1.0000000180025095e-35 1.0000000180025095e-35 2.4500000476837163 -1.0000000180025095e-35 1.0000000180025095e-35 2 1.0000000180025095e-35 3 1.0000000180025095e-35 1.0000000180025095e-35 1.0000000180025095e-35 4 45.113349914550788 7.2500000000000009 21.150000572204593 0.65000000596046459 36.902500152587898 3.0499999523162846 5.8500001430511483 13.650000095367433 9.6500000953674334 1.0000000180025095e-35 1.0000000180025095e-35 1.0000000180025095e-35
decision_type=1 10 10 8 10 1 8 10 10 2 2 1 8 1 10 10 10 1 2 8 10 10 2 2 8 10 2 10 10 10
left_child=1 2 3 4 6 -6 7 8 9 -1 12 -12 14 -14 15 16 17 21 19 22 -13 -2 -19 24 -4 -25 -27 -10 -21 -23
right_child=10 -3 23 -5 5 -7 -8 -9 27 -11 11 20 13 -15 -16 -17 -18 18 -20 28 -22 29 -24 25 -26 26 -28 -29 -30 -31
leaf_value=0.025384086009759839 0.040454759203439321 -0.034929921118347237 -0.033687835691097665 -0.031900938899479425 -0.0084139223502766418 0.058329316980559813 -0.038253549159965122 -0.049050890401671071 0.0096149432959563852 0.097158752851509184 -0.029471476580273378 0.044817987865202802 0.012621631645042609 -0.040815377347674459 -0.035388632324029751 -0.028832703521484766 -0.03595083830499473 -0.046171308085560622 0.071443682361132063 0.0011278449248230235 -0.0069819945157206381 0.0098488195493746968 -0.0082251296598398315 0.040069313358875439 -0.21667604483889158 -0.213627174194463 -0.014609456601960738 -0.051185041906951639 -0.041468570029003698 -0.060107777880963609
leaf_weight=118600 91158 84106 29791 62632 34767 79212 45405 23287 1220166 17763 105588 158404 60281 176472 113543 151295 63813 84992 16984 1361070 37632 497709 158277 36997 4199 3430 97060 17098 35216 13053
leaf_count=118600 91158 84106 29791 62632 34767 79212 45405 23287 1220166 17763 105588 158404 60281 176472 113543 151295 63813 84992 16984 1361070 37632 497709 158277 36997 4199 3430 97060 17098 35216 13053
internal_value=-8.41722e-08 0.00508114 0.00696072 0.0092927 0.0109505 0.037975 0.0088149 0.0103448 0.0113517 0.0347336 -0.00304756 0.0123481 -0.00469201 -0.0272107 -0.00263127 -0.00112763 0.000677346 0.00171228 -0.00237718 -0.0031419 0.0348724 0.0129667 -0.0214826 -0.0150557 -0.0562935 -0.00486076 -0.0214025 0.00877474 5.35125e-05 0.00806101
internal_weight=5e+06 1.87451e+06 1.79041e+06 1.61893e+06 1.5563e+06 113979 1.44232e+06 1.39691e+06 1.37363e+06 136363 3.12549e+06 301624 2.82386e+06 236753 2.58711e+06 2.47357e+06 2.32227e+06 2.25846e+06 1.65654e+06 1.63956e+06 196036 601920 243269 171477 33990 137487 100490 1.23726e+06 1.39629e+06 510762
internal_count=5000000 1874513 1790407 1618930 1556298 113979 1442319 1396914 1373627 136363 3125487 301624 2823863 236753 2587110 2473567 2322272 2258459 1656539 1639555 196036 601920 243269 171477 33990 137487 100490 1237264 1396286 510762
cat_boundaries=0 1 2 3 4 5
cat_threshold=14680127 6150 1049536 448 960
is_linear=0
shrinkage=0.1


Tree=90
num_leaves=31
num_cat=4
split_feature=72 79 76 81 78 26 12 77 87 12 90 74 75 11 0 41 75 77 12 76 73 77 12 0 73 29 39 0 12 12
split_gain=7325.81 7732.78 9689.11 14387.4 12380.2 9932.27 9372.42 15202.8 9360.89 9239.13 8279.5 7919.2 7268.14 10337.7 7648.52 7262.83 9323.75 7222.01 8746.33 7143.19 7031.68 6794.06 6519.27 6433.72 6239.17 6164.96 6097.07 6029.05 10692.7 7459.03
threshold=32.093299865722663 2.5499999523162846 0 1.0000000180025095e-35 1.0000000180025095e-35 1.0000000180025095e-35 8.4499998092651385 7.4500000476837167 1.0000000180025095e-35 22.150000572204593 1.0000000180025095e-35 18.500000000000004 1 4.2500000000000009 2.4500000476837163 1.0000000180025095e-35 2 4.0499999523162851 1.0500000119209292 3 143.25830078125003 22.550000190734867 14.449999809265138 -0.25000000745058054 144.53585052490237 1.0000000180025095e-35 1.0000000180025095e-35 4.0499999523162851 7.6499998569488534 13.650000095367433
decision_type=2 10 1 10 10 8 8 8 8 8 10 2 1 10 2 10 1 8 10 1 2 10 10 2 2 10 8 2 8 10
left_child=-1 2 3 4 5 10 17 -8 11 19 12 -4 -2 14 -14 24 -17 18 -3 -10 26 22 -9 -20 25 -15 -13 28 -5 -29
right_child=1 6 8 27 -6 -7 7 21 9 -11 -12 20 13 15 -16 16 -18 -19 23 -21 -22 -23 -24 -25 -26 -27 -28 29 -30 -31
leaf_value=0.014492141485854241 -0.010651313586310329 0.005053537931650141 0.0056738991774351183 -0.041192716003423807 -0.036247757094857939 -0.033920299638498908 -0.085065482604435139 -0.0060699281674351582 -0.0060796785578786875 -0.031747206630159043 -0.040448593885845853 -0.0056869141480111636 0.034021326132344799 0.012610616715552705 0.11968159685262875 -0.03697901866227947 0.056489333096976915 0.017360829536037622 -0.10129876672773729 0.035055438259894704 -0.036828325057255702 0.0024427576660472098 -0.0357055482324991 -0.024215530765774082 -0.056719576331754798 -0.035624893105379085 -0.029314035672168667 0.030616755140939384 -0.23711216483536735 -0.025512689157772141
leaf_weight=326061 111448 113774 445931 33912 56909 47065 32052 131571 59414 36041 28653 1230067 142864 1018145 11244 12674 67442 173834 14001 145837 88847 165059 170316 47776 13639 27205 119862 31688 3035 93634
leaf_count=326061 111448 113774 445931 33912 56909 47065 32052 131571 59414 36041 28653 1230067 142864 1018145 11244 12674 67442 173834 14001 145837 88847 165059 170316 47776 13639 27205 119862 31688 3035 93634
internal_value=-7.73073e-08 -0.00101108 0.000904393 0.00653307 0.00952237 0.0112819 -0.00964837 -0.0184433 -0.00359528 0.0149497 0.0127662 -0.00596954 0.0138517 0.0159633 0.0402713 0.0126748 0.0417055 0.00291271 -0.0113941 0.0231495 -0.00957829 -0.0138702 -0.0227895 -0.0416855 0.0104785 0.0113553 -0.0077848 -0.0217863 -0.0572865 -0.0113202
internal_weight=5e+06 4.67394e+06 3.82556e+06 1.69956e+06 1.53729e+06 1.48038e+06 848383 498998 2.126e+06 241292 1.43331e+06 1.88471e+06 1.40466e+06 1.29321e+06 154108 1.1391e+06 80116 349385 175551 205251 1.43878e+06 466946 301887 61777 1.05899e+06 1.04535e+06 1.34993e+06 162269 36947 125322
internal_count=5000000 4673939 3825556 1699557 1537288 1480379 848383 498998 2125999 241292 1433314 1884707 1404661 1293213 154108 1139105 80116 349385 175551 205251 1438776 466946 301887 61777 1058989 1045350 1349929 162269 36947 125322
cat_boundaries=0 1 2 3 4
cat_threshold=12583167 2 6148 3146496
is_linear=0
shrinkage=0.1


Tree=91
num_leaves=31
num_cat=5
split_feature=12 83 85 23 6 76 76 66 75 74 73 72 35 73 76 12 83 14 83 72 13 75 83 23 0 14 27 72 23 81
split_gain=7031.84 10919 9856.8 12314.8 9236.87 8982.68 8733.98 7856.39 6912.61 6302 7537.65 5973.34 6832.95 8569.23 5937.5 6820.35 5922.73 8980.96 7292.92 6544.61 6465.3 5743.09 5520.67 6080.46 5203.64 5178.94 5170.78 5035.6 4721.48 4424.44
threshold=26.349999427795414 21.050000190734867 2.5499999523162846 20.050000190734867 26.650000572204593 0 1 3.5499999523162846 2 43.500000000000007 144.46170043945315 36.961700439453132 1.0000000180025095e-35 137.68579864501956 3 20.750000000000004 14.949999809265138 3.0499999523162846 -2.2499999999999996 42.923349380493171 -6.6499998569488517 4 2.4500000476837163 13.550000190734865 -12.849999904632567 8.0500001907348651 1.0000000180025095e-35 31.834149360656742 -3.8500000238418575 1.0000000180025095e-35
decision_type=10 10 10 10 8 1 1 10 1 2 2 2 10 2 1 10 8 8 10 2 8 1 8 10 2 10 8 2 8 8
left_child=1 2 6 7 5 -2 11 16 -7 -8 24 12 -1 -14 -3 21 17 18 28 -20 -21 -16 -19 -24 -11 -18 29 -26 -4 -13
right_child=4 14 3 -5 -6 8 9 -9 -10 10 -12 26 13 -15 15 -17 25 22 19 20 -22 -23 23 -25 27 -27 -28 -29 -30 -31
leaf_value=0.012662368054707671 -0.096544545865011072 0.03394829125189907 -0.010058267507609716 -0.054564460711171707 0.002434769671783995 -0.012475828475055586 0.0051140832004076429 0.0094138044846592932 -0.06276301826361709 -0.098160267811294347 0.04866267701922819 0.0072844615871736663 0.027672766614316675 0.12073124749762086 0.012436440712181319 -0.0023369984576139197 0.053625639168656404 -0.084704132689618808 -0.0036559764936930626 0.1781752340271352 0.033372520020810217 0.049075577548034474 -0.019404002956590869 -0.062323195881674322 0.034579302519990397 -0.003600065018908508 -0.032075406034691258 -0.007445260048554299 -0.079309248500257612 -0.032479844150917148
leaf_weight=500820 17120 115720 23490 59867 211541 161323 813236 200390 32907 6228 24804 372829 41162 13027 181540 261428 18787 19142 90356 3472 27552 55972 156324 41845 29138 99956 43274 1329549 16949 30252
leaf_count=500820 17120 115720 23490 59867 211541 161323 813236 200390 32907 6228 24804 372829 41162 13027 181540 261428 18787 19142 90356 3472 27552 55972 156324 41845 29138 99956 43274 1329549 16949 30252
internal_value=-6.20022e-08 0.00113984 -0.00078383 -0.0110376 -0.0123377 -0.0271235 0.00164217 -0.0073057 -0.0209984 -0.00187775 -0.00596925 0.00938575 0.0163122 0.050044 0.0135409 0.00880695 -0.0140352 -0.0201391 -0.00230329 0.00995028 0.0495779 0.0210734 -0.0334205 -0.0284667 -0.00696205 0.00545394 0.000773481 -0.00654401 -0.0390831 0.00430007
internal_weight=5e+06 4.57711e+06 3.96245e+06 758130 422891 211350 3.20432e+06 698263 194230 2.20296e+06 1.38972e+06 1.00136e+06 555009 54189 614660 498940 497873 379130 161819 121380 31024 237512 217311 198169 1.36492e+06 118743 446355 1.35869e+06 40439 403081
internal_count=5000000 4577109 3962449 758130 422891 211350 3204319 698263 194230 2202955 1389719 1001364 555009 54189 614660 498940 497873 379130 161819 121380 31024 237512 217311 198169 1364915 118743 446355 1358687 40439 403081
cat_boundaries=0 1 2 3 4 5
cat_threshold=16769024 8388671 1924 15728831 752
is_linear=0
shrinkage=0.1


Tree=92
num_leaves=31
num_cat=6
split_feature=74 72 76 90 72 12 73 82 3 5 75 23 75 12 77 12 75 75 23 0 11 6 13 78 11 76 12 12 80 23
split_gain=6779.33 6716.46 7304.61 11651.2 8550.92 7946.02 7262.34 7131.63 7104.64 6890.74 6377.7 5966.15 8481.45 10296.4 7157.08 6674.78 13083.5 8651.14 7474.47 6128.43 5947.94 5702.29 5701.8 5876.06 5691.63 5663.55 5246.79 5170.15 5146.76 6317.3
threshold=388.50000000000006 41.927499771118171 0 1.0000000180025095e-35 40.670848846435554 26.650000572204593 129.87249755859378 3.4500000476837163 28.349999427795414 26.550000190734867 1 -7.4500000476837149 2 2.2500000000000004 -4.3500001430511466 11.050000190734865 3 4 19.94999980926514 -10.15000009536743 -3.5499999523162837 26.050000190734867 25.150000572204593 1.0000000180025095e-35 18.750000000000004 5 15.550000190734865 4.2500000000000009 13.449999809265138 13.250000000000002
decision_type=2 2 1 10 2 10 2 10 10 8 1 8 1 8 10 10 1 1 8 2 8 10 10 8 10 1 10 8 10 10
left_child=1 2 3 4 6 7 26 21 22 10 -7 19 13 14 -13 17 18 27 -17 -3 -21 -4 23 28 -5 -18 -1 -14 -8 -30
right_child=-2 11 5 24 -6 9 8 -9 -10 -11 -12 12 15 -15 -16 16 25 -19 -20 20 -22 -23 -24 -25 -26 -27 -28 -29 29 -31
leaf_value=0.07838052362154449 -0.0094931595578591071 -0.018013266995740147 0.010902549344298716 0.042203561438627475 0.039555189121905025 -0.011596803893643157 -0.018734180652480829 -0.0088464597144413074 0.011787344013706342 0.0097119407387501952 -0.059818499415122496 -0.048482273921296573 -0.00045833146186593962 -0.17828958101961254 0.0097529646116776402 0.0089894080591719269 -0.031527765644601823 0.020722409666800987 -0.02458939331180178 0.069293150090730643 -0.01077520005270741 0.065329052774292892 -0.067760982808546422 0.023776749421849951 -0.0015066513570134313 -0.086786446085129476 0.010094996459836402 -0.037792274775613227 0.040166400188367223 -0.007505776581646641
leaf_weight=14219 653887 24182 1643846 80975 40370 131844 569471 191336 138161 121213 34627 62028 150228 4836 31987 176595 66110 176397 106129 30261 13380 19478 18327 45056 47128 25797 53928 49255 31312 247637
leaf_count=14219 653887 24182 1643846 80975 40370 131844 569471 191336 138161 121213 34627 62028 150228 4836 31987 176595 66110 176397 106129 30261 13380 19478 18327 45056 47128 25797 53928 49255 31312 247637
internal_value=-7.10739e-08 0.0014282 0.00346134 -0.00249453 -0.00565902 0.00703812 -0.00729151 0.00943674 -0.00934471 -0.00842523 -0.0216315 -0.0061728 -0.00845189 -0.0359849 -0.0286687 -0.00482493 -0.0142713 0.00458994 -0.00361528 0.0223687 0.0447448 0.0115399 -0.0125467 -0.0114142 0.0261229 -0.0470459 0.0243429 -0.00967609 -0.013283 -0.00215458
internal_weight=5e+06 4.34611e+06 3.42893e+06 1.28658e+06 1.15848e+06 2.14234e+06 1.11811e+06 1.85466e+06 1.04996e+06 287684 166471 917185 849362 98851 94015 750511 374631 375880 282724 67823 43641 1.66332e+06 911803 893476 128103 91907 68147 199483 848420 278949
internal_count=5000000 4346113 3428928 1286584 1158481 2142344 1118111 1854660 1049964 287684 166471 917185 849362 98851 94015 750511 374631 375880 282724 67823 43641 1663324 911803 893476 128103 91907 68147 199483 848420 278949
cat_boundaries=0 1 2 3 4 5 6
cat_threshold=4186112 2948 6 960 4120 16253055
is_linear=0
shrinkage=0.1


Tree=93
num_leaves=31
num_cat=4
split_feature=12 89 5 76 76 12 0 86 75 87 23 0 12 79 12 0 29 77 87 76 80 23 0 12 0 0 52 7 12 0
split_gain=6572.16 13663.2 11427.9 17231 8377.41 9647.68 17327.5 14078.4 11946.3 9702.01 8128.93 8018.99 11213.3 8097.85 7580.43 12189.9 8485.13 7562.76 7429.57 7235.83 6769.61 9258.33 8229.65 6558.66 8344.79 7456.98 10425.5 7254.74 7430.28 6516.65
threshold=21.150000572204593 17.94999980926514 20.550000190734867 0 1 8.6500000953674334 10.449999809265138 6.4500000476837167 2 1.0000000180025095e-35 6.4500000476837167 12.449999809265138 15.34999990463257 4.9500000476837167 12.84999990463257 5.4500000476837167 1.0000000180025095e-35 7.8500001430511483 1.0000000180025095e-35 3 21.849999427795414 15.550000190734865 14.949999809265138 -3.5499999523162837 -8.6500000953674299 -3.0499999523162837 1.7500000000000002 -13.15000009536743 -7.5499999523162833 9.4499998092651385
decision_type=10 10 8 1 1 8 2 10 1 10 8 2 10 10 8 2 8 10 10 1 10 10 2 10 2 2 8 8 10 2
left_child=1 4 3 -2 11 7 8 17 -7 -10 -9 13 -13 14 15 -1 -16 23 -12 -5 21 -8 -23 24 -6 26 -25 -26 -29 -18
right_child=2 -3 -4 19 5 6 20 10 9 -11 18 12 -14 -15 16 -17 29 -19 -20 -21 -22 22 -24 25 27 -27 -28 28 -30 -31
leaf_value=0.0054802834942123064 -0.15281582579826239 0.017373752522578906 -0.0015441564440683273 -0.0078799834877977589 -0.034879436456721515 -0.055968963319326374 0.0062402496109892156 0.047493550325164502 9.1785484282680353e-05 -0.095692908978502605 0.0071580023980830111 0.10534767969504998 0.019757562339650987 -0.048996218338941522 -0.0054086901347491292 0.048149366183360201 -0.21147617843931765 0.024746738964449459 0.084907603873181012 -0.045165675373872005 0.027059345308793177 -0.042544447745463024 -0.0087845531353541485 -0.0048351583844745711 -0.067574228181458765 -0.0071751170827400318 -0.090809264386768132 0.059098699532647708 0.010842139239606585 -0.039191814267501637
leaf_weight=341575 10188 506580 1012131 159426 33612 122336 336015 83109 96643 11874 231349 17567 118972 27516 177587 83277 3479 88488 12980 77277 66289 91278 345599 30307 8975 718731 26383 45033 109473 5951
leaf_count=341575 10188 506580 1012131 159426 33612 122336 336015 83109 96643 11874 231349 17567 118972 27516 177587 83277 3479 88488 12980 77277 66289 91278 345599 30307 8975 718731 26383 45033 109473 5951
internal_value=-9.77587e-08 0.00210316 -0.00624959 -0.0255396 -0.000288557 -0.0031477 -0.0102835 0.00235167 -0.0345456 -0.0103881 0.0204779 0.0087704 0.0307695 0.00407268 0.00645922 0.013844 -0.0103171 -0.0032423 0.0112885 -0.0200541 -0.00360917 -0.00623954 -0.0158381 -0.00578899 0.0105 -0.00992924 -0.0448467 0.01983 0.0249072 -0.102753
internal_weight=5e+06 3.74098e+06 1.25902e+06 246891 3.2344e+06 2.45847e+06 1.07003e+06 1.38844e+06 230853 108517 327438 775924 136539 639385 611869 424852 187017 1.061e+06 244329 236703 839181 772892 436877 972514 197093 775421 56690 163481 154506 9430
internal_count=5000000 3740978 1259022 246891 3234398 2458474 1070034 1388440 230853 108517 327438 775924 136539 639385 611869 424852 187017 1061002 244329 236703 839181 772892 436877 972514 197093 775421 56690 163481 154506 9430
cat_boundaries=0 1 2 3 4
cat_threshold=8384512 8388639 7174 508
is_linear=0
shrinkage=0.1


Tree=94
num_leaves=31
num_cat=7
split_feature=76 90 75 11 75 72 12 4 76 75 0 12 11 0 72 12 23 0 0 23 71 4 76 75 11 72 12 8 12 28
split_gain=6251.27 16347.3 8196.49 7185.98 11289.6 14546.7 10822.7 11357.1 10835.9 10172.9 9919.3 9197.3 8852.73 11807 9183.73 8041.48 7842.26 7680.85 7086 11662.9 7040.48 6105.25 6022.26 5965.6 5707.98 5647.41 5616.59 5564.24 5563.79 5454.64
threshold=0 1.0000000180025095e-35 1 -1.9499999880790708 2 39.600799560546882 17.44999980926514 18.250000000000004 3 4 -5.8500001430511466 4.0499999523162851 12.84999990463257 7.2500000000000009 32.232500076293952 23.44999980926514 6.4500000476837167 -0.45000000298023218 13.050000190734865 9.8499999046325701 1.9499999880790713 14.449999809265138 5 6 -5.9500000476837149 30.03750038146973 9.0500001907348651 -13.050000190734862 3.2500000000000004 1.0000000180025095e-35
decision_type=1 10 1 10 1 2 10 8 1 1 2 10 10 2 2 10 10 2 2 10 10 10 1 1 8 2 10 8 8 10
left_child=1 2 -1 10 5 12 9 8 21 18 28 17 13 16 -14 -9 20 -7 19 -6 -5 -8 -11 -17 -12 -25 -24 -4 -2 -10
right_child=3 -3 27 4 6 11 7 15 29 22 24 -13 14 -15 -16 23 -18 -19 -20 -21 -22 -23 26 25 -26 -27 -28 -29 -30 -31
leaf_value=-0.0017299539348582739 -0.0056412221909987702 0.031443021825681108 -0.11427644057426189 -0.011547629428231366 0.0081584526579831975 -0.057937324159345195 -0.17354729668783808 0.012939752442855916 -0.0069342204308925392 0.011465871119965672 0.074009540582225364 -0.11886649257209739 -0.0046089051091191199 0.026815173828165645 -0.076395527738951141 0.00080058542842002367 -0.036690479645045175 0.0015746920107174067 0.020098997295144787 -0.018987396287455348 0.01709551945261081 -0.049358240051747167 0.099629887061053496 0.013010273074119772 0.024895706134560464 -0.033128953998367107 0.032708126943855706 -0.01912590784588495 -0.72713662305167903 -0.054453298979961519
leaf_weight=474392 96711 100500 6229 259241 553233 51629 4337 476454 333768 169637 29611 14483 38504 123938 33176 559195 78700 37395 238661 221694 128277 45365 13593 34983 117808 109765 162073 460500 107 26041
leaf_count=474392 96711 100500 6229 259241 553233 51629 4337 476454 333768 169637 29611 14483 38504 123938 33176 559195 78700 37395 238661 221694 128277 45365 13593 34983 117808 109765 162073 460500 107 26041
internal_value=-1.40357e-07 -0.00689302 -0.0109869 0.00181369 0.000721092 -0.0101008 0.00352986 -0.00207095 -0.0164202 0.0100829 0.018429 -0.0449622 -0.00464879 -0.000618106 -0.0378343 0.00290718 -0.00791089 -0.032939 0.00503255 0.000392467 -0.00206612 -0.0601829 0.0249065 -0.00388323 0.0347609 -0.0219764 0.0378844 -0.0203954 -0.00643859 -0.0103731
internal_weight=5e+06 1.04162e+06 941121 3.95838e+06 3.71414e+06 765343 2.9488e+06 1.58991e+06 409511 1.35889e+06 244237 103507 661836 590156 71680 1.1804e+06 466218 89024 1.01359e+06 774927 387518 49702 345303 703943 147419 144748 175666 466729 96818 359809
internal_count=5000000 1041621 941121 3958379 3714142 765343 2948799 1589908 409511 1358891 244237 103507 661836 590156 71680 1180397 466218 89024 1013588 774927 387518 49702 345303 703943 147419 144748 175666 466729 96818 359809
cat_boundaries=0 1 2 3 4 5 6 7
cat_threshold=253952 8064 4102 8133632 3096 270080 896
is_linear=0
shrinkage=0.1


Tree=95
num_leaves=31
num_cat=7
split_feature=76 48 24 76 40 33 81 25 47 84 75 75 35 12 75 31 36 12 12 75 0 76 48 73 83 90 11 73 71 55
split_gain=6343.41 11819.1 10737 14041.1 10528.8 9570.52 9127.15 10605.6 9111.32 9019.24 8276.81 7852.7 7620.99 7568.04 7119.86 6372.23 5768.95 5714.39 5484.51 9343.77 8729.39 8240.64 8687.66 7551.72 6695.34 5599.6 5494.02 5161.76 5129.32 6554.33
threshold=0 5.4500000476837167 1.0000000180025095e-35 1 1.0000000180025095e-35 1.0000000180025095e-35 1.0000000180025095e-35 1.0000000180025095e-35 1.0000000180025095e-35 1.0000000180025095e-35 2 3 1.0000000180025095e-35 5.8500001430511483 4 1.0000000180025095e-35 1.0000000180025095e-35 19.250000000000004 16.94999980926514 5 28.750000000000004 6 5.8500001430511483 129.87249755859378 14.949999809265138 1.0000000180025095e-35 -6.6499998569488517 139.87329864501956 1.2500000000000002 1.8499999642372134
decision_type=1 10 2 1 10 10 10 10 8 10 1 1 10 10 1 10 10 10 10 1 2 1 8 2 10 10 8 2 10 10
left_child=1 6 4 -4 5 8 7 9 12 11 -6 13 18 14 -1 -8 -15 -5 19 -2 -20 26 23 -23 25 -25 -21 -28 29 -13
right_child=2 -3 3 17 10 -7 15 -9 -10 -11 -12 28 -14 16 -16 -17 -18 -19 20 21 -22 22 -24 24 -26 -27 27 -29 -30 -31
leaf_value=0.029460675449774817 0.020175836514651338 -0.026117872686892425 -0.036189661127733037 0.036505726616034448 -0.0036306299724513584 -0.03068249231097453 -0.026908018036448225 -0.028989542317089341 -0.027444432482904485 -0.033584739611702691 -0.043985186349183233 0.0047306950409287023 -0.040266265657462968 0.010555172697176304 0.098039641455413648 0.010166473906196277 0.04644723189101551 0.00030649504030254315 -0.013788784733844631 0.071931396443894305 0.01335420730332976 0.071055618576987528 0.032039445019279127 -0.017262956268647135 0.0094598033146024822 0.046268306842754597 0.022064224420980827 -0.0052498052584640312 0.011387984312252679 -0.020454285083090516
leaf_weight=135256 295538 124289 42928 156285 88356 121006 137101 75741 129737 48071 119674 310724 46127 728210 17044 70045 47716 60486 464654 15478 159042 11589 56008 506595 135095 14264 167143 118055 442921 154822
leaf_count=135256 295538 124289 42928 156285 88356 121006 137101 75741 129737 48071 119674 310724 46127 728210 17044 70045 47716 60486 464654 15478 159042 11589 56008 506595 135095 14264 167143 118055 442921 154822
internal_value=-1.24213e-07 0.00387159 -0.00327691 0.0160568 -0.00532766 -0.00332936 0.00559114 0.00770039 -0.0017676 0.00917481 -0.0268478 0.0102939 -9.32627e-05 0.0167626 0.0371438 -0.0143715 0.0127624 0.0264038 0.000860222 0.00451212 -0.00686734 -7.79723e-06 -0.00579005 -0.0089641 -0.0103778 -0.0155231 0.0139064 0.0107578 0.00368435 -0.00364482
internal_weight=5e+06 2.29194e+06 2.70806e+06 259699 2.44836e+06 2.24033e+06 2.16765e+06 1.9605e+06 2.11932e+06 1.88476e+06 208030 1.83669e+06 1.98959e+06 928226 152300 207146 775926 216771 1.94346e+06 1.31976e+06 623696 1.02423e+06 723551 667543 655954 520859 300676 285198 908467 465546
internal_count=5000000 2291940 2708060 259699 2448361 2240331 2167651 1960505 2119325 1884764 208030 1836693 1989588 928226 152300 207146 775926 216771 1943461 1319765 623696 1024227 723551 667543 655954 520859 300676 285198 908467 465546
cat_boundaries=0 1 2 3 4 5 6 7
cat_threshold=15728767 384 4546 444 12 3008 1920
is_linear=0
shrinkage=0.1


Tree=96
num_leaves=31
num_cat=7
split_feature=11 0 30 87 12 75 72 76 16 12 75 0 76 0 12 11 86 23 75 72 12 46 16 84 12 76 12 75 23 18
split_gain=6478.55 15846.4 15899.3 12502.9 11256.9 13867.2 12962.2 12883.1 10701.1 9537.18 9266.98 8919.89 9667.39 8611.86 8520.61 7720.65 7829.94 7666.77 6561.63 6353.28 6827.12 6189.54 6185.18 7004.09 6118.83 6109.5 6089.01 5978.64 7034 5964.95
threshold=2.4500000476837163 3.6499999761581425 1.0000000180025095e-35 1.0000000180025095e-35 10.650000095367433 0 36.961700439453132 1 7.4500000476837167 7.0499999523162851 2 -0.45000000298023218 3 1.0000000180025095e-35 -6.6499998569488517 -1.4499999880790708 -3.1499999761581416 6.6499998569488534 4 40.00164985656739 22.150000572204593 1.0000000180025095e-35 14.449999809265138 1.0000000180025095e-35 7.4500000476837167 5 20.250000000000004 6 19.349999427795414 13.650000095367433
decision_type=10 2 10 10 10 1 2 1 10 8 1 2 1 2 8 8 10 10 1 2 8 10 10 10 8 1 8 1 8 8
left_child=8 2 3 10 7 19 21 -3 11 13 17 15 -13 -4 -14 16 -1 -2 -16 20 25 26 23 -9 -5 -6 -7 28 -21 -29
right_child=1 4 9 24 5 6 -8 22 -10 -11 -12 12 14 -15 18 -17 -18 -19 -20 27 -22 -23 -24 -25 -26 -27 -28 29 -30 -31
leaf_value=-0.0040544076515779881 -0.016202454851205476 0.039608917835637511 -0.20781795755436 -0.07271181759788703 0.026848042887276925 -0.0021136237499560103 -0.052372031885507875 0.00019716050372760977 0.083221746915276285 -0.21121043124406849 0.011627249290718926 0.064526529892230067 0.093009938259141361 -0.037432213606608832 0.0042174989293244846 -0.024559117399968119 0.03663152133809474 -0.072642867619654702 0.044224140690143521 0.015847220755326661 -0.0022344166259934762 -0.042737657012717478 0.053976692409738847 0.035876664935229279 -0.2351939657444696 0.0058872125547936313 -0.03497364258743673 -0.0014686659591082285 -0.014770667241060685 -0.037248562057332381
leaf_weight=211899 186257 129320 3533 14090 173060 414300 84248 610165 18445 5571 115788 37586 12438 18497 347007 130338 60894 27639 46480 142395 944026 52549 25099 60472 2774 707647 65276 78103 158610 115494
leaf_count=211899 186257 129320 3533 14090 173060 414300 84248 610165 18445 5571 115788 37586 12438 18497 347007 130338 60894 27639 46480 142395 944026 52549 25099 60472 2774 707647 65276 78103 158610 115494
internal_value=-9.90173e-08 -0.00164656 -0.0212733 -0.0154556 0.000306057 -0.00259433 -0.0159263 0.0106262 0.00786958 -0.0943175 -0.0111597 0.00622796 0.0160139 -0.0647574 0.01152 -0.00453816 0.00502768 -0.0234944 0.00894445 0.000948745 0.00367362 -0.0101563 0.0052384 0.00341442 -0.0994389 0.0100064 -0.00658626 -0.00910409 -0.000286399 -0.0228127
internal_weight=5e+06 4.13491e+06 374149 346548 3.76076e+06 2.93571e+06 616373 825056 865087 27601 329684 846642 443511 22030 405925 403131 272793 213896 393487 2.31934e+06 1.82473e+06 532125 695736 670637 16864 880707 479576 494602 301005 193597
internal_count=5000000 4134913 374149 346548 3760764 2935708 616373 825056 865087 27601 329684 846642 443511 22030 405925 403131 272793 213896 393487 2319335 1824733 532125 695736 670637 16864 880707 479576 494602 301005 193597
cat_boundaries=0 1 2 3 4 5 6 7
cat_threshold=2016 14680079 6150 14680095 4126 8388767 896
is_linear=0
shrinkage=0.1


Tree=97
num_leaves=31
num_cat=8
split_feature=74 72 11 75 11 0 72 12 76 0 75 23 65 17 75 72 76 72 75 23 71 76 32 40 76 0 12 0 16 0
split_gain=6745.29 6463.5 7605.45 8393.72 8531.65 10110.3 9129.77 7645 8778.14 10086.8 8690.01 7389.31 7329.02 7217.34 6180.53 6800.56 6017.68 6119.15 5620.58 5287.96 5869.1 5221.59 5273.53 5529.5 5180.39 10018.1 6059.65 5127.1 6349.9 4982.27
threshold=907.50000000000011 41.927499771118171 2.8500000238418584 0 12.84999990463257 7.6499998569488534 32.232500076293952 21.849999427795414 1 20.349999427795414 2 18.650000572204593 1.4499999880790713 8.6500000953674334 3 30.03750038146973 4 30.90164947509766 5 7.8500001430511483 2.4500000476837163 6 1.0000000180025095e-35 1.0000000180025095e-35 7 21.150000572204593 27.250000000000004 -10.15000009536743 -5.8500001430511466 15.250000000000002
decision_type=2 2 10 1 8 2 2 10 1 2 1 8 8 10 1 2 1 2 1 10 10 1 8 8 1 2 10 2 8 2
left_child=1 2 13 4 5 19 -6 8 -5 11 -11 12 -10 29 -9 -16 17 -7 -17 20 -4 27 23 -23 26 -26 -20 -3 -29 -1
right_child=-2 21 3 7 6 16 -8 14 9 10 -12 -13 -14 -15 15 18 -18 -19 24 -21 -22 22 -24 -25 25 -27 -28 28 -30 -31
leaf_value=0.010134417286951051 -0.025398492628190623 -0.050659864694440837 -0.014917391013752643 0.022031723877351056 -0.0017492871737431869 0.13269248646621035 -0.050581101261019168 0.0039160038809837117 -0.0097684747607452715 0.0061773168977743154 0.036751266310969498 -0.020009287526826527 0.012361442139884613 0.080832750300071088 0.018499423834149559 -0.075091944074111308 0.036085229286335278 -0.00063308589234486784 0.00082762528735578144 -0.036554495581130594 0.0147071664680474 -0.0073915457893168821 -0.044808414883668664 -0.04994653964278508 -0.14137049200070742 -0.023971220125482973 -0.034214777969044083 0.042754963689587408 -1.8520796863645713e-05 0.085187119443819029
leaf_weight=503793 102423 17739 262796 339836 67900 3518 87790 558687 267174 276541 140043 189102 340225 15445 65230 15601 77280 160238 225855 75411 89703 472838 48046 32642 7807 105409 63143 38651 340131 9003
leaf_count=503793 102423 17739 262796 339836 67900 3518 87790 558687 267174 276541 140043 189102 340225 15445 65230 15601 77280 160238 225855 75411 89703 472838 48046 32642 7807 105409 63143 38651 340131 9003
internal_value=-4.97268e-08 0.000531108 0.00231329 0.00058806 -0.00820044 -0.00329349 -0.0292844 0.00338125 0.00782709 0.00384756 0.0164564 -0.00274702 0.00262725 0.0134807 -0.00324618 -0.0115298 0.0130868 0.00223104 -0.0162182 -0.0125203 -0.00737861 -0.00687404 -0.0131486 -0.0101396 -0.0139324 -0.0320639 -0.00682853 0.00188527 0.0043461 0.0114521
internal_weight=5e+06 4.89758e+06 3.94753e+06 3.41929e+06 824636 668946 155690 2.59465e+06 1.55292e+06 1.21308e+06 416584 796501 607399 528241 1.04173e+06 483045 241036 163756 417815 427910 352499 950047 553526 505480 402214 113216 288998 396521 378782 512796
internal_count=5000000 4897577 3947530 3419289 824636 668946 155690 2594653 1552921 1213085 416584 796501 607399 528241 1041732 483045 241036 163756 417815 427910 352499 950047 553526 505480 402214 113216 288998 396521 378782 512796
cat_boundaries=0 1 2 3 4 5 6 7 8
cat_threshold=4110 12582943 624 384 4192256 2064 8257551 14680319
is_linear=0
shrinkage=0.1


Tree=98
num_leaves=31
num_cat=3
split_feature=74 70 76 84 48 58 72 0 73 13 0 80 81 75 12 73 73 13 83 86 57 88 75 71 89 12 8 89 73 74
split_gain=6684.64 5249.72 5983.33 16607.1 13837 10596.4 7606.22 7744.26 7097.67 6926.35 9910.5 8562.24 8266.83 6334.75 5821.39 5792.86 9977.14 5354.41 7117 7114.68 5241.7 4947.55 4831.16 7814.76 4694.37 4656.18 4438.11 4577.58 4315.05 4272.91
threshold=249.50000000000003 8.3499999046325701 0 1.0000000180025095e-35 6.3500001430511483 2.1499999761581425 45.113349914550788 29.94999980926514 129.87249755859378 22.849999427795414 23.150000572204593 22.94999980926514 1.0000000180025095e-35 1 22.650000572204593 141.81670379638675 144.7174987792969 13.050000190734865 18.250000000000004 14.750000000000002 2.7500000000000004 1.1500000357627871 2 1.9499999880790713 -3.0499999523162837 13.449999809265138 -5.9500000476837149 -6.1499998569488517 143.25830078125003 197.50000000000003
decision_type=2 10 1 10 10 10 2 2 2 10 2 10 10 1 10 2 2 10 8 10 10 10 1 10 8 10 8 10 2 2
left_child=1 2 3 6 5 20 7 8 25 11 -11 12 13 -10 -5 17 24 19 -19 -15 26 -2 23 -7 28 -1 27 -4 -17 -30
right_child=21 -3 4 14 -6 22 -8 -9 9 10 -12 -13 -14 15 -16 16 -18 18 -20 -21 -22 -23 -24 -25 -26 -27 -28 -29 29 -31
leaf_value=0.084382937696948754 -0.0023658007636953604 0.026854830578320488 0.037936902582297122 0.036437880161618412 -0.035139630726782493 -0.033746785211009961 0.060809810087648346 0.02015347191080091 -0.0023025542674629581 -0.19023037561577705 -0.029796095451638284 0.016945211875753128 0.032379373680602806 -0.014697826188194308 -0.017695856371621892 -0.062567485757792723 0.032438418327555549 -0.07500687324249343 -0.020378603819115826 0.020946805715816044 -0.013005579553431137 -0.016876486725677802 0.0026669443571046602 0.0029421862332928601 -0.043480902105551882 0.011315968970353099 0.013772697370538711 0.15551265581203039 -0.14600079631486282 -0.41825965929770903
leaf_weight=10582 748444 82725 21034 128879 83803 106104 16533 95097 338249 4011 96138 116155 40944 325627 23485 7432 16456 29049 133215 67627 72548 342496 795043 128203 85660 49603 1026237 3930 4018 673
leaf_count=10582 748444 82725 21034 128879 83803 106104 16533 95097 338249 4011 96138 116155 40944 325627 23485 7432 16456 29049 133215 67627 72548 342496 795043 128203 85660 49603 1026237 3930 4018 673
internal_value=-3.87827e-08 0.00193157 0.00139273 -0.00329845 0.00472604 0.00627772 -0.00662681 -0.00741168 -0.00938941 -0.0109854 -0.0362215 -0.00881619 -0.0116689 -0.0134581 0.0280938 -0.0190916 -0.0396002 -0.0148745 -0.0301583 -0.0085681 0.0129919 -0.00692137 -0.00105223 -0.0136715 -0.0517237 0.0241629 0.0147861 0.0564465 -0.109966 -0.185061
internal_weight=5e+06 3.90906e+06 3.82634e+06 1.58943e+06 2.2369e+06 2.1531e+06 1.43707e+06 1.42054e+06 1.32544e+06 1.26525e+06 100149 1.1651e+06 1.04895e+06 1.00801e+06 152364 669757 114239 555518 162264 393254 1.12375e+06 1.09094e+06 1.02935e+06 234307 97783 60185 1.0512e+06 24964 12123 4691
internal_count=5000000 3909060 3826335 1589433 2236902 2153099 1437069 1420536 1325439 1265254 100149 1165105 1048950 1008006 152364 669757 114239 555518 162264 393254 1123749 1090940 1029350 234307 97783 60185 1051201 24964 12123 4691
cat_boundaries=0 1 2 3
cat_threshold=1047552 6592 6146
is_linear=0
shrinkage=0.1


Tree=99
num_leaves=31
num_cat=6
split_feature=86 12 83 75 23 66 76 0 13 50 72 48 12 76 70 83 25 76 72 76 81 0 12 11 89 0 31 12 26 75
split_gain=6319.02 10514.8 10638.4 9815.52 9305.87 8218.82 7886.08 11896.1 8400.39 7791.8 6129.4 5525.67 5375.21 5759.01 5315.56 5215.15 5567.79 5144.7 5343.12 5117.3 4882.12 8995.3 5902.34 4645.2 7115.6 6401.72 7823.11 4970.25 4463.51 4936.71
threshold=22.750000000000004 18.650000572204593 12.84999990463257 0 13.050000190734865 1.4499999880790713 1 20.250000000000004 21.250000000000004 1.4499999880790713 36.37919998168946 2.1499999761581425 25.349999427795414 2 9.0500001907348651 16.44999980926514 1.0000000180025095e-35 3 39.536699295043952 4 1.0000000180025095e-35 16.94999980926514 27.250000000000004 9.2500000000000018 6.4500000476837167 10.449999809265138 1.0000000180025095e-35 12.84999990463257 1.0000000180025095e-35 5
decision_type=10 8 10 1 8 8 1 2 8 10 2 10 10 1 10 10 10 1 2 1 10 2 10 8 10 2 10 10 10 1
left_child=1 2 5 6 -4 9 20 8 -8 11 -5 -1 13 -2 17 -6 19 18 -7 -17 -3 -22 -23 24 -19 26 28 -28 29 -25
right_child=12 3 4 10 15 14 7 -9 -10 -11 -12 -13 -14 -15 -16 16 -18 23 -20 -21 21 22 -24 25 -26 -27 27 -29 -30 -31
leaf_value=0.0027675177349315884 0.010031536654227636 0.0019922209325817382 0.037150122443635004 -0.029505847772258672 -0.006779150770218666 0.025763309730918935 -0.049231755815225979 -0.0118311977474371 -0.17055023651607149 -0.01744992545232207 -0.1060525794813712 -0.033472229299040125 -0.0017803359096409542 0.03908091034456683 0.040743568920523748 0.0033988845905246999 0.059465322594528663 -0.00095804866505988127 -0.0021648648539029174 0.033310311551774489 -0.10393974487222198 0.0017736308562251208 -0.091540819907048612 -0.035163251938760985 0.022086557392806194 0.0003613174142657351 -0.065939300132582701 -0.21169337801850868 -0.095256793437995146 0.0067320134643029652
leaf_weight=522729 285735 660459 128926 102634 177231 170889 37535 275630 6731 480246 11648 45757 257892 89661 37284 233036 25380 662281 114336 75794 12091 54960 7732 57676 167974 223376 8995 3162 7333 54887
leaf_count=522729 285735 660459 128926 102634 177231 170889 37535 275630 6731 480246 11648 45757 257892 89661 37284 233036 25380 662281 114336 75794 12091 54960 7732 57676 167974 223376 8995 3162 7333 54887
internal_value=-3.48271e-08 -0.00135386 0.00161382 -0.00946777 0.0131402 -0.00127288 -0.00645236 -0.0195586 -0.0676792 -0.00807183 -0.0373045 -0.000149392 0.00933501 0.0169711 0.00345482 0.00708763 0.0144412 0.00250964 0.0145674 0.010741 -0.00074977 -0.0249662 -0.00973513 -0.000391076 0.00370425 -0.00995745 -0.0274123 -0.10385 -0.0196619 -0.0147372
internal_weight=5e+06 4.36671e+06 3.19729e+06 1.16942e+06 640367 2.55692e+06 1.05514e+06 319896 44266 1.04873e+06 114282 568486 633288 375396 1.50819e+06 511441 334210 1.47091e+06 285225 308830 735242 74783 62692 1.18568e+06 830255 355429 132053 12157 119896 112563
internal_count=5000000 4366712 3197292 1169420 640367 2556925 1055138 319896 44266 1048732 114282 568486 633288 375396 1508193 511441 334210 1470909 285225 308830 735242 74783 62692 1185684 830255 355429 132053 12157 119896 112563
cat_boundaries=0 1 2 3 4 5 6
cat_threshold=2016 14680575 523264 31 523264 7174
is_linear=0
shrinkage=0.1


Tree=100
num_leaves=31
num_cat=7
split_feature=74 73 76 73 72 12 75 72 76 72 12 87 72 11 20 76 75 73 12 86 11 75 12 0 48 75 82 12 82 72
split_gain=5683.08 6396.81 7047.45 6641.63 6833.89 5925.96 9457.24 6610.91 5711.55 7016.89 5339.55 5115.28 4597.68 4719.57 4535.12 4528.97 5072.71 4441.45 4367.8 5695.84 4313.89 4304.77 4078.81 4526.76 4053.32 3951.98 3901.42 3791.99 3635.71 3616.57
threshold=199.50000000000003 140.11250305175784 0 135.22000122070315 30.90164947509766 0.84999999403953563 1 37.670000076293952 2 35.73249816894532 17.44999980926514 1.0000000180025095e-35 32.232500076293952 12.84999990463257 18.050000190734867 3 4 143.65169525146487 15.550000190734865 9.6500000953674334 12.84999990463257 5 27.44999980926514 22.150000572204593 8.4499998092651385 6 1.5500000119209292 14.449999809265138 3.2500000000000004 45.113349914550788
decision_type=2 2 1 2 2 8 1 2 1 2 10 8 2 10 10 1 1 2 10 10 8 1 10 2 10 1 10 10 10 2
left_child=1 3 22 4 14 17 7 12 28 11 15 -10 13 -7 -1 16 -8 -2 19 -5 -14 -12 23 -3 26 -20 -4 -11 -6 -28
right_child=5 2 24 18 8 6 10 -9 9 27 21 -13 20 -15 -16 -17 -18 -19 25 -21 -22 -23 -24 -25 -26 -27 29 -29 -30 -31
leaf_value=0.057844576205634324 0.01076754387512667 0.0052552964041756309 -0.0040029705849202206 0.012059741551900351 0.0092657313089756204 0.067458857553793536 0.063069147983840154 -0.057153202688341398 -0.013884757825160321 0.13160717415403939 0.00049348744471514841 0.016045312541744652 -0.015918644430912433 -0.021544987816825501 0.012126506465293847 8.9340401411056936e-05 0.010739172850006877 -0.084542834524773347 -0.052827885689553988 0.037032867823181791 -0.054950025370789093 -0.019034249930407379 -0.032084642297765996 0.052528762945943858 0.03915363015480073 0.0060760602068932095 -0.020578279370529806 0.015769215241547851 -0.021523670184988169 0.021538194933863993
leaf_weight=26058 235347 540902 452361 403365 380088 12538 26391 47354 517019 5202 216709 64192 234954 11352 129668 254711 62135 4993 11642 118061 32197 235632 27994 21044 17017 506892 333623 6187 42656 21716
leaf_count=26058 235347 540902 452361 403365 380088 12538 26391 47354 517019 5202 216709 64192 234954 11352 129668 254711 62135 4993 11642 118061 32197 235632 27994 21044 17017 506892 333623 6187 42656 21716
internal_value=-1.98681e-08 0.00207563 -0.00317557 0.00543544 0.000270603 -0.00547597 -0.00849904 -0.0225014 -0.00272109 -0.00905573 -0.00254289 -0.0105791 -0.0168641 0.0251662 0.0197766 0.00686182 0.0263449 0.0087875 0.0112514 0.0177141 -0.0206227 -0.00967925 0.00516966 0.00702561 -0.00914506 0.00475266 -0.0101627 0.068679 0.00615885 -0.0180044
internal_weight=5e+06 3.62569e+06 1.41466e+06 2.21103e+06 1.17107e+06 1.37431e+06 1.13397e+06 338395 1.01534e+06 592600 795578 581211 291041 23890 155726 343237 88526 240340 1.03996e+06 521426 267151 452341 589940 561946 824717 518534 807700 11389 422744 355339
internal_count=5000000 3625687 1414657 2211030 1171070 1374313 1133973 338395 1015344 592600 795578 581211 291041 23890 155726 343237 88526 240340 1039960 521426 267151 452341 589940 561946 824717 518534 807700 11389 422744 355339
cat_boundaries=0 1 2 3 4 5 6 7
cat_threshold=16252959 6158 10236 15728687 480 384 4110
is_linear=0
shrinkage=0.1


Tree=101
num_leaves=31
num_cat=6
split_feature=12 0 76 0 29 81 81 12 11 0 76 76 0 12 27 0 11 12 0 80 78 12 23 76 75 11 54 75 72 25
split_gain=5723.6 12112.1 13138.5 10983.4 14349.5 11814.9 10277.7 9508.92 9110.82 12800.8 13402.5 12271.9 11560 9832.9 9313.02 11255.3 10787.4 8717.81 8803.65 8473.01 8153.62 8019.39 10913.9 9286.6 10659.8 7968.22 7925.84 7257.5 7359.83 6944.52
threshold=4.2500000000000009 1.4499999880790713 0 5.2500000000000009 1.0000000180025095e-35 1.0000000180025095e-35 1.0000000180025095e-35 -5.9500000476837149 12.650000095367433 15.949999809265138 1 2 10.650000095367433 16.650000572204593 1.0000000180025095e-35 11.050000190734865 20.44999980926514 9.8499999046325701 0.45000000298023229 9.2500000000000018 1.0000000180025095e-35 20.750000000000004 14.550000190734865 3 4 1.4499999880790713 2.9500000476837163 5 40.670848846435554 1.0000000180025095e-35
decision_type=10 2 1 2 10 10 10 10 10 2 1 1 2 10 10 2 10 10 2 10 10 8 8 1 1 8 10 1 2 10
left_child=1 25 6 4 5 26 7 -3 11 10 14 12 -5 -12 20 -16 -17 18 -6 -9 27 23 -23 24 -11 -1 -2 28 -10 -26
right_child=3 2 -4 8 17 -7 -8 19 9 21 13 -13 -14 -15 15 16 -18 -19 -20 -21 -22 22 -24 -25 29 -27 -28 -29 -30 -31
leaf_value=0.002220121208691249 -0.00051979763391568764 0.10746887583187292 0.052010638499216333 0.02044745519269307 -0.23290496182284595 -0.09679006883458996 0.073212172493171912 -0.0032961071845319882 0.030601831459752191 -0.014985014645569726 -0.035591447595184567 0.0022283673043425952 0.087504960186265426 -0.12528846260001944 -0.14793487320784451 -0.0086288365232286696 -0.19251734147995403 -0.23771996961535941 -0.044540328432745774 0.035844092544574928 -0.063443870607991767 -0.073460150116043912 -0.0025825205506643024 0.024655940009247163 0.0093676344948509464 -0.027671825321960219 -0.036249536562310745 -0.010965708479662391 -0.01233156615998956 0.064348343561289337
leaf_weight=489386 276628 9050 91920 175455 2799 15844 24320 307838 106388 223071 90692 647678 30121 14125 9637 32957 3532 3356 21854 67422 22773 22127 1195780 257634 252060 109048 80051 327261 63916 25277
leaf_count=489386 276628 9050 91920 175455 2799 15844 24320 307838 106388 223071 90692 647678 30121 14125 9637 32957 3532 3356 21854 67422 22773 22127 1195780 257634 252060 109048 80051 327261 63916 25277
internal_value=-1.61607e-08 0.00637444 0.0178533 -0.00179581 -0.0174823 -0.0122922 0.0101682 0.00617888 -9.3328e-07 -0.00289733 -0.0148278 0.00898517 0.0302712 -0.0476744 -0.008749 -0.0518146 -0.0264286 -0.0865105 -0.0659265 0.00373611 -0.00493157 0.00115577 -0.00387023 0.00923078 0.00128866 -0.00322686 -0.00853878 -0.00225352 0.0144878 0.0143782
internal_weight=5e+06 1.09898e+06 500550 3.90102e+06 400532 372523 408630 384310 3.50048e+06 2.64723e+06 671281 853254 205576 104817 566464 46126 36489 28009 24653 375260 520338 1.97595e+06 1.21791e+06 758042 500408 598434 356679 497565 170304 277337
internal_count=5000000 1098984 500550 3901016 400532 372523 408630 384310 3500484 2647230 671281 853254 205576 104817 566464 46126 36489 28009 24653 375260 520338 1975949 1217907 758042 500408 598434 356679 497565 170304 277337
cat_boundaries=0 1 2 3 4 5 6
cat_threshold=1048064 15728895 14680303 523776 120 480
is_linear=0
shrinkage=0.1


Tree=102
num_leaves=31
num_cat=9
split_feature=76 89 12 83 91 23 89 11 86 23 75 12 87 23 89 23 75 76 73 23 0 76 90 0 84 76 76 76 75 72
split_gain=6029.63 5853.72 9227.62 11274.3 10775.7 9156.08 8028.66 10061.8 7891.3 7875.1 7071.93 6884.22 5810.6 5808.41 5805.56 6777.07 5638.59 5228.89 5843.34 5149.83 6234.74 5804.17 7673.59 5772.27 5064.44 4828.85 4756.91 4755.26 4746.61 7428.4
threshold=0 22.150000572204593 15.050000190734865 11.050000190734865 1.8499999642372134 10.250000000000002 10.84999990463257 7.4500000476837167 4.0499999523162851 2.4500000476837163 1 23.94999980926514 1.0000000180025095e-35 10.050000190734865 12.84999990463257 20.94999980926514 2 3 140.11250305175784 -1.6500000357627866 1.8499999642372134 4 1.0000000180025095e-35 -12.849999904632567 1.0000000180025095e-35 5 6 7 8 41.927499771118171
decision_type=1 10 8 10 10 8 10 8 10 8 1 10 10 8 8 10 1 1 2 10 2 1 10 2 10 1 1 1 1 2
left_child=-1 2 3 6 16 -5 7 8 19 -10 -9 25 26 -8 -6 -16 -4 -12 -19 23 28 -22 -23 27 -7 -3 -11 -2 -21 -30
right_child=1 11 4 5 14 24 13 10 9 12 17 -13 -14 -15 15 -17 -18 18 -20 20 21 22 -24 -25 -26 -27 -28 -29 29 -31
leaf_value=0.0091930837639130712 -0.186774865109259 0.011021084531518621 -0.031194575977407504 0.045277063407433718 -0.070451011718170115 0.0052528886523717545 0.045782844507445027 0.015833160328658686 0.052711306105248081 -0.0040358846067540862 -0.010942765341402361 -0.0032894656791305661 0.061513155691869485 0.0066041343506749312 -0.011074027110903342 -0.047768888269901111 -0.0030407432677777638 -0.023564461163583874 -0.062956041957024381 0.030912602078156534 0.018971557565354714 -0.015041538140614359 0.050003194390684826 0.0098884078762426202 0.050439334720697518 0.04017297599226808 0.035254840402516703 -0.029839921938541205 -0.012669440682805379 -0.0476383221203657
leaf_weight=624356 2248 281503 76673 81146 28338 362214 49754 56447 45509 179600 210815 323658 18213 158032 161208 73177 983703 148636 50436 17918 110996 198726 19959 278053 26627 71191 37185 13421 227361 82897
leaf_count=624356 2248 281503 76673 81146 28338 362214 49754 56447 45509 179600 210815 323658 18213 158032 161208 73177 983703 148636 50436 17918 110996 198726 19959 278053 26627 71191 37185 13421 227361 82897
internal_value=-3.95689e-09 -0.00131177 -0.00287572 0.000851117 -0.00956887 0.0147233 -0.00256916 -0.00483914 -0.000103892 0.0146363 -0.01735 0.00724219 0.00726286 0.0159854 -0.0276993 -0.0225305 -0.0050768 -0.0219196 -0.0335429 -0.00444903 -0.00936462 0.000348294 -0.0091046 0.00656057 0.00834716 0.0169068 0.00270507 -0.0524933 -0.0191221 -0.022012
internal_weight=5e+06 4.37564e+06 3.69929e+06 2.37619e+06 1.3231e+06 469987 1.90621e+06 1.69842e+06 1.23209e+06 280507 466334 676352 234998 207786 262723 234385 1.06038e+06 409887 199072 951579 657857 329681 218685 293722 388841 352694 216785 15669 328176 310258
internal_count=5000000 4375644 3699292 2376193 1323099 469987 1906206 1698420 1232086 280507 466334 676352 234998 207786 262723 234385 1060376 409887 199072 951579 657857 329681 218685 293722 388841 352694 216785 15669 328176 310258
cat_boundaries=0 1 2 3 4 5 6 7 8 9
cat_threshold=14 992 6158 14680113 15729137 523264 1048064 4063232 1072
is_linear=0
shrinkage=0.1


Tree=103
num_leaves=31
num_cat=5
split_feature=74 76 79 69 12 0 89 75 64 76 49 12 0 76 88 12 6 7 23 80 23 86 76 0 24 72 12 54 10 23
split_gain=6141.77 5575.97 8088.91 5457.24 6058.82 10988.8 8848.32 6593.89 6381.49 6129.64 5597.56 5413.95 5795.76 6202.75 5111.44 4884.23 7464.54 6864.77 4852.34 4812.5 6649.88 6262.27 4639.97 7090.77 4675.85 4321.75 5179.49 4026.21 3997.64 3889.27
threshold=669.00000000000011 0 4.5499999523162851 0.84999999403953563 16.94999980926514 18.94999980926514 15.650000095367433 1 7.0499999523162851 2 1.0500000119209292 25.550000190734867 25.849999427795414 3 4.9500000476837167 28.650000572204593 25.250000000000004 24.550000190734867 20.94999980926514 15.84999990463257 12.650000095367433 8.2500000000000018 4 27.94999980926514 1.0000000180025095e-35 37.996650695800788 7.0499999523162851 5.6499998569488534 33.149999618530281 6.2500000000000009
decision_type=2 1 10 8 8 2 10 1 10 1 10 10 2 1 10 10 8 10 8 10 10 10 1 2 2 2 10 10 8 8
left_child=1 2 14 10 6 7 8 -6 19 -10 -3 22 13 -13 15 17 -17 25 -9 20 21 -5 -7 24 -24 26 -1 -11 -18 -23
right_child=-2 3 -4 4 5 11 -8 18 9 27 -12 12 -14 -15 -16 16 28 -19 -20 -21 -22 29 23 -25 -26 -27 -28 -29 -30 -31
leaf_value=0.040498471193158164 -0.016271073442538007 0.00068098537760838927 -0.028079850893755021 -0.001613667652571282 -0.075659666602798256 0.015925951222373013 0.021050306424923712 -0.012049980444125237 -0.0011501604798368373 0.015049316757123425 -0.016620842945643859 -0.022759821696573028 -0.0030801127880545533 -0.097448891288527156 -0.030375135102072799 -0.04919651666921851 -0.0020464410637692659 0.048263123671164046 -0.057567081507430506 0.021935959459860422 -0.015226731379469763 0.050935829633602207 -0.014530741120870891 0.020764491487251138 0.02295561436689111 0.0017097997843134199 0.011939601525880861 0.083982405230058399 0.063018117937181067 0.012091966422612033
leaf_weight=72913 221700 342182 63417 876018 24369 223241 268880 135569 31410 13275 412285 55472 158221 13904 32640 33830 69617 49717 28312 93296 281528 30379 262402 101757 38107 368932 492141 23424 10925 170137
leaf_count=72913 221700 342182 63417 876018 24369 223241 268880 135569 31410 13275 412285 55472 158221 13904 32640 33830 69617 49717 28312 93296 281528 30379 262402 101757 38107 368932 492141 23424 10925 170137
internal_value=-2.44534e-08 0.000754908 0.0066731 -0.00121686 0.00079798 -0.0052659 0.00432897 -0.0271339 0.00137002 0.0312858 -0.00877375 -0.000440406 -0.0136469 -0.037746 0.00862231 0.0097815 -0.00977785 0.0120556 -0.0199123 -3.38617e-05 -0.00154314 0.0020353 0.00436492 -0.00205131 -0.00977716 0.0101282 0.0156248 0.0590314 0.00677914 0.017977
internal_weight=5e+06 4.7783e+06 1.19413e+06 3.58417e+06 2.8297e+06 1.04135e+06 1.78835e+06 188250 1.51947e+06 68109 754467 853104 227597 69376 1.13072e+06 1.09808e+06 114372 983703 163881 1.45136e+06 1.35806e+06 1.07653e+06 625507 402266 300509 933986 565054 36699 80542 200516
internal_count=5000000 4778300 1194132 3584168 2829701 1041354 1788347 188250 1519467 68109 754467 853104 227597 69376 1130715 1098075 114372 983703 163881 1451358 1358062 1076534 625507 402266 300509 933986 565054 36699 80542 200516
cat_boundaries=0 1 2 3 4 5
cat_threshold=63 6158 14681024 14680256 16253824
is_linear=0
shrinkage=0.1


Tree=104
num_leaves=31
num_cat=7
split_feature=86 12 77 75 67 50 23 72 76 0 26 76 51 91 76 12 22 12 24 19 0 75 75 87 72 73 48 22 76 90
split_gain=5523.61 7623.82 8935.6 7574.21 7087.26 9011.89 6495.96 5985.08 5907.89 6120.16 5769.31 5136.25 4957.43 5046.76 4957.32 4884.56 4681.75 5810.05 4623.45 4541.04 5950.67 5653.16 4766.38 4366.09 4547 4380.51 4281.59 4275.4 4246.83 3993.88
threshold=24.550000190734867 19.250000000000004 14.84999990463257 0 1.2500000000000002 1.0500000119209292 14.650000095367433 36.658300399780281 1 20.150000572204593 1.0000000180025095e-35 2 6.7500000000000009 0.75000000000000011 3 24.44999980926514 15.750000000000002 28.650000572204593 1.0000000180025095e-35 6.4500000476837167 9.0500001907348651 4 5 1.0000000180025095e-35 36.658300399780281 138.946647644043 1.7500000000000002 12.650000095367433 6 1.0000000180025095e-35
decision_type=10 10 10 1 10 10 10 2 1 2 8 1 10 8 1 10 10 8 2 10 2 1 1 8 2 2 10 10 1 10
left_child=1 2 4 8 5 26 -4 -5 16 15 14 12 13 -6 -9 -10 -3 -18 -19 22 21 -21 -13 24 28 -26 -1 -23 -7 -8
right_child=-2 3 6 7 11 23 29 10 9 -11 -12 19 -14 -15 -16 -17 17 18 -20 20 -22 27 -24 -25 25 -27 -28 -29 -30 -31
leaf_value=0.00638786393594466 0.010715611069438906 -0.023866677437207051 0.038092169669997504 -0.014909657969428215 0.019027348893779092 -0.037837079555814467 0.0051740476551916 -0.16797060328706293 -0.05537107583058154 -0.0097451721008719461 -0.16417989080441997 0.01013544873848418 0.029941821591899138 -0.0069319695450127984 -0.033817798317207513 -0.38189549106362675 0.012065725167723435 -0.0095977964075588049 -0.11176141211456558 0.014611907205862194 0.011118612997107768 -0.016445437561050189 0.035215309307996115 0.0082802823343391101 0.038572689164925601 -0.012561285281625071 -0.027188116754061908 -0.07460834226315681 -0.011772904378928572 0.040837065657637277
leaf_weight=421442 438825 57173 91734 274175 83498 159903 343859 2925 24137 308766 4201 382645 44731 726469 45311 467 391171 106465 4622 59283 268070 133383 94490 70022 17950 251335 41741 13961 102688 34558
leaf_count=421442 438825 57173 91734 274175 83498 159903 343859 2925 24137 308766 4201 382645 44731 726469 45311 467 391171 106465 4622 59283 268070 133383 94490 70022 17950 251335 41741 13961 102688 34558
internal_value=-5.8224e-08 -0.001031 0.00143865 -0.007799 -0.000653678 -0.00712373 0.0142183 -0.020829 -0.00303197 -0.0135695 -0.0517835 0.00316089 -0.00246609 -0.00425587 -0.0419946 -0.0615687 0.0032476 0.00633414 -0.0138485 0.00821358 0.00128883 -0.011464 0.0151031 -0.0151929 -0.0182832 -0.0091528 0.00336207 -0.0219549 -0.0276464 0.00843088
internal_weight=5e+06 4.56118e+06 3.34176e+06 1.21941e+06 2.87161e+06 1.06508e+06 470151 326612 892801 333370 52437 1.80653e+06 854698 809967 48236 24604 559431 502258 111087 951832 474697 206627 477135 601898 531876 269285 463183 147344 262591 378417
internal_count=5000000 4561175 3341762 1219413 2871611 1065081 470151 326612 892801 333370 52437 1806530 854698 809967 48236 24604 559431 502258 111087 951832 474697 206627 477135 601898 531876 269285 463183 147344 262591 378417
cat_boundaries=0 1 2 3 4 5 6 7
cat_threshold=960 14680319 130944 1048064 1008 4238 2095104
is_linear=0
shrinkage=0.1


Tree=105
num_leaves=31
num_cat=4
split_feature=79 74 72 12 75 83 12 75 86 76 25 23 0 15 12 0 11 87 73 73 72 73 72 72 73 73 75 72 26 73
split_gain=5300.65 5841.11 5493.49 7296.8 12801.3 10548.7 8061.64 8341.87 7538.85 7047.48 11725.4 6967.07 6800.81 8063.85 6291.11 6764.65 5917.17 5514.42 5762.55 5898.12 10369 17293.1 8289.65 7408.5 11156 7422.63 8284.64 7132.79 5376.7 5327.51
threshold=0.65000000596046459 733.00000000000011 38.379999160766609 0.45000000298023229 0 -2.2499999999999996 12.250000000000002 1 -2.5499999523162837 2 1.0000000180025095e-35 -5.2499999999999991 23.250000000000004 21.150000572204593 6.2500000000000009 0.25000000745058065 2.8500000238418584 1.0000000180025095e-35 129.87249755859378 134.46669769287112 34.788349151611335 138.99334716796878 35.185850143432624 36.559150695800788 138.79664611816409 136.90335083007815 3 30.90164947509766 1.0000000180025095e-35 134.58415222167972
decision_type=8 2 2 8 1 10 10 1 10 1 8 8 2 10 8 2 10 10 2 2 2 2 2 2 2 2 1 2 10 2
left_child=-1 2 9 5 14 8 -6 28 11 10 12 -4 13 17 15 -5 -11 18 -2 22 21 -21 27 25 -25 29 -27 -20 -8 -22
right_child=1 -3 3 4 6 -7 7 -9 -10 16 -12 -13 -14 -15 -16 -17 -18 -19 19 20 23 -23 -24 24 -26 26 -28 -29 -30 -31
leaf_value=0.0099931017905651922 0.029620651933069904 -0.021009819179704438 0.0060956929844120785 -0.055189376623312386 0.0071610161092734922 0.031748844777353569 -0.031831278076821692 -0.0068468788934534222 0.027870508741307809 0.02767226955500365 0.026541922784511791 -0.032167682688586455 0.0046423359034192396 -0.070983510890242546 -0.074861076599159748 -0.008402144165663367 0.0047086926950164268 0.030674377909827157 0.072556989156261853 0.0094356878596769632 0.17534260168008947 0.15685139927475586 0.031075526177019225 0.04583142003055482 -0.014566911422101187 -0.070343052328361674 -0.019989227803524776 -0.033623297290395697 -0.1157187566702354 -0.0031038646981467011
leaf_weight=479848 31913 142161 89683 48775 346696 116056 86263 493269 54790 121075 117572 101379 365163 22431 32109 84333 1532700 31711 6498 62298 1716 9123 23719 44068 99927 52186 87439 239876 8383 66840
leaf_count=479848 31913 142161 89683 48775 346696 116056 86263 493269 54790 121075 117572 101379 365163 22431 32109 84333 1532700 31711 6498 62298 1716 9123 23719 44068 99927 52186 87439 239876 8383 66840
internal_value=-9.06948e-08 -0.00106094 -0.000413168 -0.00541657 -0.00946949 0.00690016 -0.00493318 -0.0120653 -0.00482983 0.00209472 -0.00353166 -0.0142072 -0.00661999 -0.0118943 -0.0351284 -0.0255465 0.00638985 -0.0101441 -0.011928 -0.0138394 -0.00647641 0.0282659 -0.0253871 -0.0135221 0.0039173 -0.0255847 -0.0388159 -0.0308228 -0.0392572 0.00136276
internal_weight=5e+06 4.52015e+06 4.37799e+06 1.46174e+06 1.09983e+06 361908 934611 587915 245852 2.91626e+06 1.26248e+06 191062 1.14491e+06 779745 165217 133108 1.65378e+06 757314 725603 693690 423597 71421 270093 352176 143995 208181 139625 246374 94646 68556
internal_count=5000000 4520152 4377991 1461736 1099828 361908 934611 587915 245852 2916255 1262480 191062 1144908 779745 165217 133108 1653775 757314 725603 693690 423597 71421 270093 352176 143995 208181 139625 246374 94646 68556
cat_boundaries=0 1 2 3 4
cat_threshold=4110 2096 4190208 4102
is_linear=0
shrinkage=0.1


Tree=106
num_leaves=31
num_cat=3
split_feature=82 85 74 83 23 12 14 75 72 12 64 48 77 17 83 85 83 3 76 23 12 77 72 12 18 72 72 76 73 73
split_gain=5092.2 5592.02 5925.65 5138.98 9723.15 5453.08 4684.59 6089.29 4478.17 4278.64 4196.56 4817.45 4172.99 3753.49 5827.1 4065.56 3766.6 3619 5209.85 3607.34 3575.33 3484.45 3467.4 3336.52 3146.71 3126.79 3030.84 2978.97 4644.71 5591.37
threshold=0.65000000596046459 0.55000001192092907 249.50000000000003 20.349999427795414 20.650000572204593 26.150000572204593 -0.65000000596046437 0 32.232500076293952 12.650000095367433 1.2500000000000002 0.84999999403953563 23.349999427795414 5.8500001430511483 6.6499998569488534 3.1499999761581425 -1.1500000357627866 26.050000190734867 1 -4.6499998569488517 15.550000190734865 6.4500000476837167 39.600799560546882 12.84999990463257 -1.1500000357627866 37.249149322509773 26.048299789428714 2 144.7174987792969 141.27500152587893
decision_type=8 8 2 8 10 10 8 1 2 8 8 10 10 8 10 8 10 8 1 8 10 10 2 10 10 2 2 1 2 2
left_child=-1 -2 3 4 10 12 21 8 -8 22 11 -3 27 16 15 -15 19 18 -7 -12 -16 -4 -10 -17 -18 -9 -22 28 29 -5
right_child=1 2 6 5 -6 17 7 25 9 -11 13 -13 -14 14 20 23 24 -19 -20 -21 26 -23 -24 -25 -26 -27 -28 -29 -30 -31
leaf_value=0.0092578260921271308 0.0097276981077800799 0.0067220173383289701 0.004216433498770795 0.00016324467351503283 -0.038495432456444781 -0.015067259744382647 0.052777173333760967 -0.0042601991603777685 -0.031284616859469282 -0.16656692145046453 0.018810777800977143 -0.017725737289588716 0.017794106196295019 -0.012833573690109025 0.008356967773287231 -0.04685472778802232 0.048803535264878614 0.00039397603576047356 -0.081168610566850513 -0.01828021973954605 0.050764594191253877 0.07631416050230036 -0.10907440074783487 -0.18822430297254619 0.012639820739013633 -0.020247325705406688 -0.011301348544459786 0.0070207189846870424 0.069879782526174744 -0.031530290342283898
leaf_weight=531026 430965 110015 111529 366614 80635 110463 5587 420585 96444 2569 40559 301463 240304 91705 286680 28337 27565 165620 13359 74174 8190 7132 6092 1774 189270 172518 200028 804642 8527 65629
leaf_count=531026 430965 110015 111529 366614 80635 110463 5587 420585 96444 2569 40559 301463 240304 91705 286680 28337 27565 165620 13359 74174 8190 7132 6092 1774 189270 172518 200028 804642 8527 65629
internal_value=-1.01056e-07 -0.00110017 -0.0022558 -0.000318431 -0.00475644 0.00328265 -0.00983033 -0.0129293 -0.0344595 -0.0391 -0.00275569 -0.0111893 0.00572898 0.000903796 -0.00370931 -0.0233018 0.00948414 -0.00927446 -0.0222066 -0.00516827 0.00111326 0.00854979 -0.0359064 -0.0551836 0.0172371 -0.00891028 -0.00886006 0.003401 -0.00320702 -0.0046489
internal_weight=5e+06 4.46897e+06 4.03801e+06 3.21555e+06 1.4404e+06 1.77516e+06 822456 703795 110692 105105 1.35976e+06 411478 1.48572e+06 948282 616714 121816 331568 289442 123822 114733 494898 118661 102536 30111 216835 593103 208218 1.24541e+06 440770 432243
internal_count=5000000 4468974 4038009 3215553 1440395 1775158 822456 703795 110692 105105 1359760 411478 1485716 948282 616714 121816 331568 289442 123822 114733 494898 118661 102536 30111 216835 593103 208218 1245412 440770 432243
cat_boundaries=0 1 2 3
cat_threshold=4102 8389631 520192
is_linear=0
shrinkage=0.1


Tree=107
num_leaves=31
num_cat=7
split_feature=75 11 16 86 12 88 5 76 12 76 12 83 76 75 85 80 23 76 0 12 8 0 75 86 61 23 72 83 12 0
split_gain=5073.9 8172.65 8766.42 6842.36 8225.09 7903.25 7586.02 10218.5 6444.47 6063.29 5742.69 5441.94 6812.67 5848.24 5693.61 5372.36 6898.76 4914.35 10364 5176.49 5275.6 4970.21 4655.34 4640.2 4829.99 4595.46 5927.57 5991.26 4851.07 4423.61
threshold=0 4.4500000476837167 9.8499999046325701 13.449999809265138 20.750000000000004 3.2500000000000004 20.44999980926514 1 14.750000000000002 2 11.050000190734865 18.849999427795414 3 4 1.0500000119209292 1.8499999642372134 1.4499999880790713 5 20.750000000000004 29.250000000000004 29.849999427795414 30.550000190734867 6 4.0499999523162851 4.2500000000000009 -3.8500000238418575 41.927499771118171 0.65000000596046459 -13.15000009536743 23.750000000000004
decision_type=1 10 8 8 10 8 8 1 10 1 8 10 1 1 10 10 8 1 2 10 8 2 1 10 8 10 2 10 10 2
left_child=-1 2 15 5 11 9 7 -6 23 10 -3 12 22 -13 -14 25 -17 18 -8 29 -21 -20 -5 -7 -25 28 -27 -28 -2 -19
right_child=1 3 -4 4 6 8 17 -9 -10 -11 -12 13 14 -15 -16 16 -18 19 21 20 -22 -23 -24 24 -26 26 27 -29 -30 -31
leaf_value=-0.010480972600033646 -0.051658022209919163 -0.01161315372985706 0.080994101383677575 0.025454890565357019 -0.013194753964029108 -0.068572209462517214 -0.11993241310931679 -0.077169353597347612 -0.085459463626912729 0.00043549203413403701 -0.057756732597070683 0.006531233657928865 0.0037345728291987182 0.031655682738673148 -0.013939872580888383 0.057932179111946903 0.013208501282835326 0.003352194649573498 -0.011921164034795007 -0.027345217622507426 0.010831439881487222 0.015215966630634795 0.0045731110765763602 -0.02702145283588174 0.021303865126080151 0.006588717584938425 -0.028267423166282807 0.019901688945039936 0.025571844443880245 0.024494192657534452
leaf_weight=422828 8740 118536 16995 171591 210810 18412 8255 28314 18520 535471 34915 238342 480941 151570 293483 41985 193211 304187 360951 86089 62459 83013 282593 77870 28162 307684 117088 33127 117167 146691
leaf_count=422828 8740 118536 16995 171591 210810 18412 8255 28314 18520 535471 34915 238342 480941 151570 293483 41985 193211 304187 360951 86089 62459 83013 282593 77870 28162 307684 117088 33127 117167 146691
internal_value=-1.08802e-07 0.000968109 0.00990702 -0.00102936 0.00125748 -0.00902698 -0.00469656 -0.0207736 -0.0304235 -0.00458681 -0.0221108 0.00600583 0.00273924 0.0162988 -0.00296346 0.0084319 0.0211922 -0.00104095 -0.00891114 0.00489655 -0.0112933 -0.00684703 0.0124626 -0.0222329 -0.0141863 0.00329122 -0.00136111 -0.0176447 0.0202108 0.0102306
internal_weight=5e+06 4.57717e+06 835997 3.74118e+06 2.90929e+06 831886 1.29077e+06 239124 142964 688922 153451 1.61852e+06 1.22861e+06 389912 774424 819002 235196 1.05164e+06 452219 599426 148548 443964 454184 124444 106032 583806 457899 150215 125907 450878
internal_count=5000000 4577172 835997 3741175 2909289 831886 1290769 239124 142964 688922 153451 1618520 1228608 389912 774424 819002 235196 1051645 452219 599426 148548 443964 454184 124444 106032 583806 457899 150215 125907 450878
cat_boundaries=0 1 2 3 4 5 6 7
cat_threshold=2 2047 1036032 15728703 624 1047936 240
is_linear=0
shrinkage=0.1


Tree=108
num_leaves=31
num_cat=7
split_feature=88 74 12 86 83 76 86 12 0 23 86 75 12 77 76 84 88 12 47 76 23 89 76 84 75 76 0 67 72 77
split_gain=4962.07 5230.04 4902.8 9760.56 6773.83 5840.73 5488.98 5381.32 9860.21 7707.08 6758.06 6080.31 5275.31 5607.25 5078 4925.33 4838.22 5035.55 4576.62 4570.98 4459.68 4609.7 4164.25 6154.88 4291.4 4047.35 5438.03 4234.23 3999.23 3846.02
threshold=0.65000000596046459 907.50000000000011 2.8500000238418584 7.0499999523162851 10.050000190734865 0 -5.2499999999999991 23.44999980926514 20.550000190734867 19.349999427795414 23.050000190734867 1 15.550000190734865 13.250000000000002 2 1.0000000180025095e-35 4.1499998569488534 12.250000000000002 1.0000000180025095e-35 3 -2.4500000476837154 -1.0000000180025095e-35 4 1.0000000180025095e-35 5 6 10.250000000000002 1.1500000357627871 26.048299789428714 11.050000190734865
decision_type=8 2 10 8 10 1 8 8 2 10 8 1 8 10 1 10 8 10 10 1 8 8 1 10 1 1 2 8 2 10
left_child=-1 2 4 16 6 15 -2 8 9 11 19 -7 13 25 -10 18 -4 -18 -5 -9 -8 -22 23 29 -24 26 -13 -27 -14 -23
right_child=1 -3 3 5 -6 7 20 10 14 -11 -12 12 28 -15 -16 -17 17 -19 -20 -21 21 22 24 -25 -26 27 -28 -29 -30 -31
leaf_value=0.0084051672734024776 -0.020793748780162963 -0.026305865575634454 -0.013561545176255213 -0.009746489269036953 0.045811785527065045 0.013621078693988051 0.021925501615223872 -0.020090924991317413 0.012074244435173687 -0.018572938181942143 -0.0013124558184169292 0.0041967646707897557 0.066046950508338115 0.026213760406785441 0.039229043435130312 0.019260796729693427 -0.03999660847172129 -0.18117146084337979 -0.042562649383201374 -0.079481165834977843 -0.015358019407730461 -0.0047131907881799639 0.014663228571908108 0.049773935942149267 0.065852894251216779 -0.021642769573405756 0.048357220847098779 0.00029782558367209881 -0.016474271407914159 0.056710126979064628
leaf_weight=615850 78350 81313 296774 470487 41381 391433 156963 116703 305870 186602 522683 175414 6030 91067 88879 53135 44684 2678 46718 14573 111169 266788 75708 24652 20895 120826 33156 323349 225271 10599
leaf_count=615850 78350 81313 296774 470487 41381 391433 156963 116703 305870 186602 522683 175414 6030 91067 88879 53135 44684 2678 46718 14573 111169 266788 75708 24652 20895 120826 33156 323349 225271 10599
internal_value=-1.04355e-07 -0.00118081 -0.000706008 -0.00230244 0.00643137 -0.000567128 0.00424435 0.00144188 0.00407697 0.000490114 -0.00640704 0.00309318 -0.0011331 0.0029685 0.0181895 -0.00973195 -0.0182983 -0.0479791 -0.0127107 -0.0266914 0.00718648 0.00264856 0.00767004 0.00188935 0.0257411 -0.00027454 0.0112163 -0.0056704 -0.0143229 -0.0023662
internal_weight=5e+06 4.38415e+06 4.30284e+06 3.51633e+06 786505 3.1722e+06 745124 2.60186e+06 1.9479e+06 1.55315e+06 653959 1.36655e+06 975113 743812 394749 570340 344136 47362 517205 131276 666774 509811 398642 302039 96603 652745 208570 444175 231301 277387
internal_count=5000000 4384150 4302837 3516332 786505 3172196 745124 2601856 1947897 1553148 653959 1366546 975113 743812 394749 570340 344136 47362 517205 131276 666774 509811 398642 302039 96603 652745 208570 444175 231301 277387
cat_boundaries=0 1 2 3 4 5 6 7
cat_threshold=245760 992 802304 12583167 1048064 6150 12582943
is_linear=0
shrinkage=0.1


Tree=109
num_leaves=31
num_cat=4
split_feature=74 76 48 58 74 49 73 74 73 76 75 72 64 12 72 81 73 80 83 86 81 73 72 73 72 73 72 15 87 76
split_gain=4584.07 5672.67 10658.4 6628.92 4739.79 7573.4 4667.12 4901.95 5588.81 5418.94 5312.19 4555.67 4197.65 4091.51 3938.78 3888.36 3757.66 3899.73 3662.8 3637.79 3447.28 3391.28 3624.21 3767.46 6727.64 10727.6 4110.45 3969.89 3573.09 4455.34
threshold=396.50000000000006 0 4.6499998569488534 1.6500000357627871 18.500000000000004 5.7500000000000009 142.07500457763675 90.500000000000014 144.7174987792969 1 2 43.531650543212898 5.7500000000000009 8.6500000953674334 42.466650009155281 1.0000000180025095e-35 145.15920257568362 9.8499999046325701 1.0500000119209292 12.250000000000002 1.0000000180025095e-35 129.87249755859378 30.90164947509766 134.46669769287112 34.80999946594239 138.1632995605469 36.173299789428718 17.250000000000004 1.0000000180025095e-35 3
decision_type=2 1 10 10 2 8 2 2 2 1 1 2 8 10 2 10 2 10 8 8 8 2 2 2 2 2 2 10 10 1
left_child=1 2 3 -1 13 6 21 9 -9 -8 -11 14 -7 16 -12 18 17 -3 -16 -15 -5 -6 -23 26 25 -25 28 -27 29 -24
right_child=-2 4 -4 20 5 12 7 8 -10 10 11 -13 -14 19 15 -17 -18 -19 -20 -21 -22 22 23 24 -26 27 -28 -29 -30 -31
leaf_value=0.017832904169118102 -0.0080427344063825189 0.0081785022977911466 -0.021847549593018323 0.0053879241850157307 0.023288738697696182 0.0065017008501550844 -0.0092130194718665782 -0.01179651770909659 0.058975534188021123 -0.013935624391224193 0.19110542525736218 -0.035389368955746306 0.044358189075721255 -0.024522888174627378 -0.19156428131450443 0.065815660836627973 0.099270777516034969 0.041839753715004084 -0.095767449522582412 0.0024759444973710141 -0.016787317910309758 0.042317317893482392 -0.00070094680539689504 0.0067234798055789205 -0.0042250859350499567 0.13791221039337059 0.10640204122197483 0.047917926309751474 0.01473989810185101 -0.023671621150562708
leaf_weight=507344 620707 241147 123736 751213 45624 87934 50094 161572 11986 22069 445 16863 43920 54938 5265 1202 5139 40147 16498 544784 77319 16454 123052 80591 1017720 9008 2876 10753 40483 269117
leaf_count=507344 620707 241147 123736 751213 45624 87934 50094 161572 11986 22069 445 16863 43920 54938 5265 1202 5139 40147 16498 544784 77319 16454 123052 80591 1017720 9008 2876 10753 40483 269117
internal_value=-8.47424e-08 0.00113985 0.0062301 0.00883085 -0.00140489 -0.00406465 -0.00567158 -0.0174464 -0.00690897 -0.0337122 -0.0533882 -0.0749988 0.0191115 0.00469865 -0.103563 -0.109273 0.0145308 0.0129827 -0.118943 2.69544e-06 0.00331852 -0.0035873 -0.00436829 -0.00486273 -0.00178927 0.0229136 -0.0127528 0.0889416 -0.0135449 -0.0164647
internal_weight=5e+06 4.37929e+06 1.45961e+06 1.33588e+06 2.91968e+06 2.03353e+06 1.90167e+06 285994 173558 112436 62342 40273 131854 886155 23410 22965 286433 281294 21763 599722 828532 1.61568e+06 1.57005e+06 1.5536e+06 1.11807e+06 100352 435528 19761 432652 392169
internal_count=5000000 4379293 1459612 1335876 2919681 2033526 1901672 285994 173558 112436 62342 40273 131854 886155 23410 22965 286433 281294 21763 599722 828532 1615678 1570054 1553600 1118072 100352 435528 19761 432652 392169
cat_boundaries=0 1 2 3 4
cat_threshold=8388735 7865216 960 4196224
is_linear=0
shrinkage=0.1


Tree=110
num_leaves=31
num_cat=6
split_feature=75 12 89 76 75 76 86 12 72 23 81 72 73 16 11 73 71 0 11 91 12 6 89 12 80 76 76 15 84 0
split_gain=4416.28 8748.23 8356.52 8201.1 6628.11 5938.7 5760.49 6646.19 5701.27 5676.41 5263.05 5144.52 4904.46 4819.28 5968.7 7439.67 5222.84 4800.73 5080.9 4748.4 4670.56 5456.85 4595.33 4459.65 4897.87 6137.91 4259.52 4144.87 4126.8 4621.59
threshold=0 12.84999990463257 19.94999980926514 1 2 3 8.0500001907348651 8.6500000953674334 41.162500381469734 7.2500000000000009 1.0000000180025095e-35 33.010000228881843 142.79664611816409 16.349999427795414 3.4500000476837163 141.81670379638675 0.84999999403953563 5.6499998569488534 4.4500000476837167 3.0499999523162846 18.550000190734867 12.650000095367433 10.250000000000002 23.94999980926514 19.550000190734867 4 5 7.8500001430511483 1.0000000180025095e-35 27.94999980926514
decision_type=1 10 8 1 1 1 10 8 2 10 10 2 2 10 8 2 8 2 8 10 10 10 10 10 8 1 1 8 10 2
left_child=6 4 3 10 5 17 7 -1 11 -6 20 -9 19 14 27 16 -16 18 -2 -5 21 -3 -21 24 26 28 -4 -7 29 -26
right_child=1 2 23 12 9 13 -8 8 -10 -11 -12 -13 -14 -15 15 -17 -18 -19 -20 22 -22 -23 -24 -25 25 -27 -28 -29 -30 -31
leaf_value=-0.0062705270908850787 0.020268464847381446 -0.098183468200632007 -0.032476612323904745 -0.00040076663210659221 0.077337529062507016 0.0073638671745798459 0.017502459901961722 0.0016164502211422375 -0.45134638360842616 0.019079376586381196 0.0055314091180873508 -0.052153862469493079 -0.0343584185817815 0.04572284413537208 -0.023863584782223893 -0.042428279851290801 0.0015973497916267759 0.027107710406872446 -0.0070348022181256969 -0.083251919531038318 -0.10190161997527272 -0.026330042953198386 -0.016340770790475002 -0.0046626736958576718 -0.0066293652844062485 0.018393450758419139 6.6055659352040652e-06 0.074797622180829818 0.033594664158458493 0.019998871321826976
leaf_weight=638544 130021 12238 51530 566407 18574 356740 87208 26233 330 167988 27110 55308 57098 22794 100930 54558 399336 176683 143248 11797 12272 77515 78989 684477 338010 391275 186250 9354 36433 80750
leaf_count=638544 130021 12238 51530 566407 18574 356740 87208 26233 330 167988 27110 55308 57098 22794 100930 54558 399336 176683 143248 11797 12272 77515 78989 684477 338010 391275 186250 9354 36433 80750
internal_value=-8.57743e-08 0.00130434 -0.00224862 -0.0104393 0.00717747 0.00480776 -0.00677129 -0.00970978 -0.0365339 0.0248782 -0.0336298 -0.0348551 -0.00624619 0.000300274 -0.000823995 -0.00736355 -0.00353946 0.0142614 0.00595605 -0.00380385 -0.044039 -0.0361274 -0.0250354 0.00165715 0.00564681 0.00920903 -0.00703429 0.00908685 0.00131386 -0.00149461
internal_weight=5e+06 4.19238e+06 2.61215e+06 843426 1.58023e+06 1.39366e+06 807623 720415 81871 186562 129135 81541 714291 943712 920918 554824 500266 449952 273269 657193 102025 89753 90786 1.76872e+06 1.08425e+06 846468 237780 366094 455193 418760
internal_count=5000000 4192377 2612151 843426 1580226 1393664 807623 720415 81871 186562 129135 81541 714291 943712 920918 554824 500266 449952 273269 657193 102025 89753 90786 1768725 1084248 846468 237780 366094 455193 418760
cat_boundaries=0 1 2 3 4 5 6
cat_threshold=6 523264 7192 15859727 522240 523776
is_linear=0
shrinkage=0.1


Tree=111
num_leaves=31
num_cat=7
split_feature=11 0 89 12 75 72 87 91 0 23 80 76 29 0 76 7 72 75 76 12 64 72 89 11 16 16 76 35 3 76
split_gain=4409.72 8247.29 6647.64 8517.04 9848.54 7205.03 8652.37 7036.84 5587.95 7418.43 5582.47 5544.53 5542.12 5407.13 5383.61 4983.06 4948.94 5736.65 6194.55 6052.25 4833.89 5202.06 4817.95 5232.8 5634.98 4659.01 4622.87 4530.99 5535.35 5277.62
threshold=-2.8500000238418575 5.2500000000000009 5.8500001430511483 13.449999809265138 0 36.436649322509773 1.0000000180025095e-35 0.65000000596046459 -8.6500000953674299 -6.5499999523162833 13.449999809265138 1 1.0000000180025095e-35 10.250000000000002 2 -13.15000009536743 26.891649246215824 3 4 23.650000572204593 1.8499999642372134 42.100000381469734 12.250000000000002 8.2500000000000018 12.050000190734865 -3.1499999761581416 5 1.0000000180025095e-35 13.050000190734865 6
decision_type=10 2 8 10 1 2 10 8 2 8 10 1 10 2 1 10 2 1 1 8 8 2 10 10 8 10 1 10 8 1
left_child=1 8 20 7 27 16 12 -4 25 -10 11 13 14 -9 -7 -11 -6 -18 -19 -20 -2 -22 23 24 -13 -1 -12 -5 -29 -30
right_child=2 -3 3 4 5 6 -8 10 9 15 26 22 -14 -15 -16 -17 17 18 19 -21 21 -23 -24 -25 -26 -27 -28 28 29 -31
leaf_value=-0.034733668131217567 -0.018639499833372937 0.076279389945602863 0.034746644432731906 -0.00049852813604269201 0.01908512941042392 -0.067077043838742675 -0.10490164007560701 0.01006521766566954 0.051624651010892211 -0.077199653226770318 0.016080726581055384 -0.0016825035612428058 -0.1066920464333958 0.055887539806403902 -0.010233891246078916 0.0088840575869353205 -0.04709603789333161 -0.035149203453408072 0.0016200056912455845 -0.043883524739434389 0.0045609889204114963 -0.020485502955836597 0.014056562258980755 -0.018495679700500655 0.052322022024653296 0.047173789533637614 0.075135170462566792 -0.093286258999783961 0.040480653371387773 0.0055270185449209563
leaf_weight=43776 322020 18733 85985 1659906 61933 19805 14836 245061 43523 7021 203707 485443 7701 28776 104778 159182 40223 68686 330797 32063 301775 114345 163344 204345 20122 8254 14171 4539 68655 116495
leaf_count=43776 322020 18733 85985 1659906 61933 19805 14836 245061 43523 7021 203707 485443 7701 28776 104778 159182 40223 68686 330797 32063 301775 114345 163344 204345 20122 8254 14171 4539 68655 116495
internal_value=-8.00119e-08 0.0121817 -0.000724066 0.000891923 -0.00261042 -0.0128931 -0.0324869 0.0069999 0.00759446 0.0148719 0.00525202 0.00246487 -0.0243654 0.0148799 -0.0192765 0.00524758 -0.00749214 -0.0109812 -0.00761374 -0.00240071 -0.00944037 -0.0023215 -0.00142841 -0.00499139 0.000466931 -0.0217399 0.0199259 0.00117463 0.0158159 0.0184906
internal_weight=5e+06 280489 4.71951e+06 3.98137e+06 2.53042e+06 680822 147120 1.45095e+06 261756 209726 1.36497e+06 1.14709e+06 132284 273837 124583 166203 533702 471769 431546 362860 738140 416120 873254 709910 505565 52030 217878 1.8496e+06 189689 185150
internal_count=5000000 280489 4719511 3981371 2530417 680822 147120 1450954 261756 209726 1364969 1147091 132284 273837 124583 166203 533702 471769 431546 362860 738140 416120 873254 709910 505565 52030 217878 1849595 189689 185150
cat_boundaries=0 1 2 3 4 5 6 7
cat_threshold=1984 14680095 523264 4102 516096 1048064 16252943
is_linear=0
shrinkage=0.1


Tree=112
num_leaves=31
num_cat=6
split_feature=76 74 11 0 75 12 75 12 76 37 73 73 76 89 80 12 34 16 72 17 90 0 73 89 12 86 87 91 47 75
split_gain=4422.91 4689.42 3488.8 8976.67 8583.58 4837.14 6742.17 6234.25 5906.11 4509.86 4209.23 9098.84 7327.64 5755.51 4479.48 5674.71 3982.43 3815.23 3712.71 3658.88 4170.06 3619.49 3560.06 3272.23 5573.1 4733.08 3196.08 3181.57 3156.7 3135.01
threshold=0 64.500000000000014 1.6500000357627871 3.0499999523162846 1 9.0500001907348651 2 18.050000190734867 3 1.0000000180025095e-35 143.1683044433594 144.46170043945315 4 -2.1499999761581416 -13.749999999999998 -7.5499999523162833 1.0000000180025095e-35 5.4500000476837167 37.649148941040046 13.150000095367433 1.0000000180025095e-35 -8.6500000953674299 143.31164550781253 26.050000190734867 22.250000000000004 20.349999427795414 1.0000000180025095e-35 1.5500000119209292 1.0000000180025095e-35 5
decision_type=1 2 8 2 1 10 1 10 1 10 2 2 1 8 8 8 8 8 2 8 10 2 2 10 8 10 10 10 10 1
left_child=-1 23 10 4 16 8 7 -7 -5 18 14 12 -12 22 -3 21 -4 29 28 20 -10 -16 -14 24 25 -2 -6 -26 -8 -17
right_child=1 2 3 5 26 6 9 -9 19 -11 11 -13 13 -15 15 17 -18 -19 -20 -21 -22 -23 -24 -25 27 -27 -28 -29 -30 -31
leaf_value=0.0078734668323217141 0.001719130516304241 -0.11422215897304791 -0.03947036263610753 0.04561682322441965 0.010103519457246229 0.016063972038174012 -0.0050736035723493037 -0.0056763791767124594 -0.0048185807127285032 -0.040981435946827995 0.00053018328549256572 0.055163240194990304 -0.086711553617549064 -0.054549764141855743 -0.006572610775674473 -0.0046063128866003864 -0.10953925914391059 0.050511413610283364 -0.029480429551012356 0.041659069067194021 0.037369356925406917 0.069776969175883871 -0.25019535135522897 0.01518705361948211 -0.0046022217149424205 0.020126651862448348 -0.080898158188459732 -0.026185980895187883 -0.038077098777934665 0.016042774995581974
leaf_weight=624356 1478727 3005 98172 34779 51204 172286 362808 562718 255217 60434 20231 11939 2526 17756 8521 220280 8842 17261 97755 21715 25798 22886 2818 178112 244865 154258 4174 94710 31497 110350
leaf_count=624356 1478727 3005 98172 34779 51204 172286 362808 562718 255217 60434 20231 11939 2526 17756 8521 220280 8842 17261 97755 21715 25798 22886 2818 178112 244865 154258 4174 94710 31497 110350
internal_value=-7.64783e-08 -0.00112356 -0.00434213 -0.00630139 -0.0287191 -0.00406111 -0.00685453 -0.000580402 0.00659497 -0.015201 0.00366102 -0.022134 -0.0434317 -0.0818983 0.00739023 0.00835371 -0.0452556 0.00467857 -0.012035 0.00211038 -0.000945604 0.0490626 -0.17292 0.0022062 0.0010341 0.00345798 0.00324387 -0.0106221 -0.00770992 0.00228581
internal_weight=5e+06 4.37564e+06 2.22497e+06 1.7874e+06 162392 1.62501e+06 1.2875e+06 735004 337509 552494 437573 55270 43331 23100 382303 379298 107014 347891 492060 302730 281015 31407 5344 2.15067e+06 1.97256e+06 1.63298e+06 55378 339575 394305 330630
internal_count=5000000 4375644 2224972 1787399 162392 1625007 1287498 735004 337509 552494 437573 55270 43331 23100 382303 379298 107014 347891 492060 302730 281015 31407 5344 2150672 1972560 1632985 55378 339575 394305 330630
cat_boundaries=0 1 2 3 4 5 6
cat_threshold=14 6150 960 14680065 14682097 14
is_linear=0
shrinkage=0.1


Tree=113
num_leaves=31
num_cat=7
split_feature=91 74 72 76 25 0 15 15 0 75 14 75 12 11 12 83 83 72 73 12 55 77 76 23 75 12 75 2 2 76
split_gain=4241.99 4836.68 4419.28 5608.75 10121.2 5503.55 7864.56 5328.43 10460.4 8699.81 6099.48 6491.99 5773.1 5296.98 5257.6 5672.6 5055.82 4857.93 5822 4839.93 4663.7 4630.98 4290.92 4289.46 4253.25 4700.6 4168.37 4160.93 4044 4036.65
threshold=0.65000000596046459 907.50000000000011 38.379999160766609 0 1.0000000180025095e-35 22.349999427795414 20.750000000000004 -1.0000000180025095e-35 -3.4500000476837154 1 10.650000095367433 2 5.8500001430511483 19.44999980926514 -3.5499999523162837 -3.7499999999999996 4.8500001430511483 36.902500152587898 138.72585296630862 5.8500001430511483 2.6499999761581425 8.8499999046325701 3 9.2500000000000018 4 19.150000572204593 5 5.2500000000000009 7.2500000000000009 6
decision_type=8 2 2 1 8 2 10 8 2 1 10 1 8 10 8 10 10 2 2 10 10 10 1 8 1 10 1 10 10 1
left_child=-1 2 3 4 5 6 17 8 14 12 -11 -12 -9 -6 15 -4 20 21 -19 27 29 -2 -16 -23 -21 26 -26 -5 -28 -10
right_child=1 -3 7 19 13 -7 -8 9 16 10 11 -13 -14 -15 22 -17 -18 18 -20 24 -22 23 -24 -25 25 -27 28 -29 -30 -31
leaf_value=0.0076785548432673351 -0.017812711172810278 -0.025209594814359068 -0.0095977629876888119 0.017874059104119534 0.038115129717636392 0.0035048644799299082 -0.066793061128239739 -0.019865292547955368 -0.01532422592228134 0.007541809137004446 -0.046012792143487677 -0.0071618516777798447 -0.065394336059968555 -0.0025960100449146624 -0.024537778162729059 0.069838042821941337 0.076449050638970284 0.049043017241722428 -0.0017699806868469979 -0.0094565974140558475 0.038279377689581395 0.030776816063080123 -0.098623565669518867 -0.0061850939137424454 0.010220552702797488 0.0011508292086101356 0.15455100122309745 0.082002449732738639 0.031998570312843116 0.024194087683592273
leaf_weight=628955 448212 81687 101119 164267 87413 470981 23635 148021 53247 288382 46328 599205 34305 50379 27946 9867 15618 28829 103508 195742 63524 36124 10857 239960 308441 598193 2798 10782 71461 50214
leaf_count=628955 448212 81687 101119 164267 87413 470981 23635 148021 53247 288382 46328 599205 34305 50379 27946 9867 15618 28829 103508 195742 63524 36124 10857 239960 308441 598193 2798 10782 71461 50214
internal_value=-5.57403e-08 -0.00110494 -0.000645889 0.00164627 -0.00258726 -0.00522001 -0.0098882 -0.00514074 0.00597336 -0.00845027 -0.0045493 -0.00995089 -0.0284301 0.0232305 -0.0136134 -0.00253567 0.0220404 -0.00831816 0.00929939 0.00630998 0.0169516 -0.0115371 -0.0452986 -0.00134884 0.004002 0.00668776 0.0153426 0.021824 0.0366113 0.00385654
internal_weight=5e+06 4.37104e+06 4.28936e+06 2.84072e+06 1.48904e+06 1.35125e+06 880268 1.44863e+06 332392 1.11624e+06 933915 645533 182326 137792 149789 110986 182603 856633 132337 1.35168e+06 166985 724296 38803 276084 1.17664e+06 980893 382700 175049 74259 103461
internal_count=5000000 4371045 4289358 2840725 1489041 1351249 880268 1448633 332392 1116241 933915 645533 182326 137792 149789 110986 182603 856633 132337 1351684 166985 724296 38803 276084 1176635 980893 382700 175049 74259 103461
cat_boundaries=0 1 2 3 4 5 6 7
cat_threshold=8386560 4110 2064 14680127 4102 3096 130048
is_linear=0
shrinkage=0.1


Tree=114
num_leaves=31
num_cat=7
split_feature=76 72 73 75 12 11 0 75 12 0 76 75 72 23 23 75 22 12 25 23 74 5 0 76 11 17 0 8 89 0
split_gain=4394.37 5479.08 11360.6 5058.61 6694.7 5563.79 4662.1 4005.07 5570.5 6760.56 6778.73 4784.57 5481.31 4514.9 4435.33 4215.53 5460.29 3937.52 5109.1 4644.58 4132.03 3762.99 3655.62 3522.7 5701.71 4710.8 3546.73 4060.25 3496.68 3464.88
threshold=0 34.788349151611335 138.99334716796878 1 22.150000572204593 15.949999809265138 22.150000572204593 2 7.0499999523162851 2.2500000000000004 3 4 37.019998550415046 1.6500000357627871 7.8500001430511483 5 -1.8499999642372129 26.650000572204593 1.0000000180025095e-35 18.750000000000004 396.50000000000006 0.84999999403953563 20.650000572204593 6 -6.6499998569488517 -3.9500000476837154 7.8500001430511483 8.2500000000000018 20.250000000000004 10.050000190734865
decision_type=1 2 2 1 8 8 2 1 10 2 1 1 2 10 10 1 10 8 8 8 2 8 2 1 8 10 2 10 8 2
left_child=1 2 -1 5 -5 23 -6 -2 9 15 -11 12 14 -12 -10 16 -9 20 19 -19 28 -15 -20 -3 25 -25 27 -26 -13 -16
right_child=7 3 -4 4 6 -7 -8 8 11 10 13 17 -14 21 29 -17 -18 18 22 -21 -22 -23 -24 24 26 -27 -28 -29 -30 -31
leaf_value=0.0020656449419628074 -0.0094857195059918232 -0.021419923261001235 0.090554923693619116 0.0022310490389685009 -0.079323670683329489 -0.056232121692199488 -0.016171590788830386 0.013896543795043194 0.007391689332539449 0.061977609162314699 0.05133901445121352 0.0017413308355781008 -0.046254924767879742 -0.02316102561734032 -0.039807535925880544 0.046456240059074602 -0.011885361075772186 -0.043896893586641832 -0.20519193738334349 -0.00039074034986512682 -0.0082323614819425038 0.01680990034789796 -0.045468847256596223 0.016288788255615951 -0.016057761143971019 0.123800025412887 0.0054392008082936542 -0.13154277716015597 0.011737927615787758 -0.0060571517384088282
leaf_weight=550659 264140 231680 14901 628555 12886 30554 125926 150048 131328 39094 33047 685268 37919 27159 48557 20540 181523 26897 1576 279822 208858 177387 15785 14539 151101 5663 105065 3107 714989 81427
leaf_count=550659 264140 231680 14901 628555 12886 30554 125926 150048 131328 39094 33047 685268 37919 27159 48557 20540 181523 26897 1576 279822 208858 177387 15785 14539 151101 5663 105065 3107 714989 81427
internal_value=-8.35083e-08 -0.00382792 0.0043971 -0.00738141 -0.00215833 -0.0147799 -0.022034 0.00229591 0.00338359 0.0116975 0.0233947 0.00104186 -0.010725 0.0170428 -0.00556964 0.00250591 -0.0002181 0.00286324 -0.0071931 -0.00420591 0.00488863 0.0115027 -0.0599682 -0.0123024 -0.00474328 0.0464262 -0.00873048 -0.0183846 0.00684572 -0.018665
internal_weight=5e+06 1.87464e+06 565560 1.30908e+06 767367 541709 138812 3.12536e+06 2.86122e+06 628798 276687 2.23243e+06 299231 237593 261312 352111 331571 1.9332e+06 324080 306719 1.60912e+06 204546 17361 511155 279475 20202 259273 154208 1.40026e+06 129984
internal_count=5000000 1874636 565560 1309076 767367 541709 138812 3125364 2861224 628798 276687 2232426 299231 237593 261312 352111 331571 1933195 324080 306719 1609115 204546 17361 511155 279475 20202 259273 154208 1400257 129984
cat_boundaries=0 1 2 3 4 5 6 7
cat_threshold=255872 62 2 12582927 4108 6156 245760
is_linear=0
shrinkage=0.1


Tree=115
num_leaves=31
num_cat=4
split_feature=72 79 12 77 76 78 87 81 27 25 84 77 12 12 0 87 80 11 75 73 0 12 74 76 76 12 0 72 74 73
split_gain=3962.46 5372.53 5777.95 6574.35 5712.08 9121.62 9155.35 7825.73 7301.58 5922.94 5220.07 5096.92 4993.1 4977.45 8022.27 6579.61 6236.78 4839.82 5186.13 5242.93 4695.43 7361.37 4598.42 4478.12 4400.31 4342.3 6580.75 4286.82 4272.19 4265.5
threshold=32.093299865722663 2.2500000000000004 4.0499999523162851 4.8500001430511483 0 1.0000000180025095e-35 1.0000000180025095e-35 1.0000000180025095e-35 1.0000000180025095e-35 1.0000000180025095e-35 1.0000000180025095e-35 -3.1499999761581416 -3.5499999523162837 22.250000000000004 22.250000000000004 1.0000000180025095e-35 18.650000572204593 2.8500000238418584 1 144.53585052490237 4.6499998569488534 7.4500000476837167 1099.0000000000002 2 3 14.34999990463257 9.4499998092651385 37.249149322509773 18.500000000000004 143.31164550781253
decision_type=2 10 8 8 1 10 10 10 8 10 10 8 10 8 2 8 10 10 1 2 2 8 2 1 1 10 2 2 2 2
left_child=-1 4 11 -4 5 6 7 8 9 10 17 12 -3 15 23 16 28 27 -19 22 21 -7 -20 -15 -17 -22 -27 -2 -6 -30
right_child=1 2 3 -5 13 20 -8 -9 -10 -11 -12 -13 -14 14 -16 24 -18 18 19 -21 25 -23 -24 -25 -26 26 -28 -29 29 -31
leaf_value=0.010658279742680471 0.057587022542578338 0.00062050096929626821 -0.045528345493102591 -0.0091403570842963546 0.0052236106044972093 -0.031919338049136776 -0.032622793068094187 -0.038724824467373943 -0.028916977767710864 -0.050603322116796162 -0.043792880414458446 0.012475833230708253 -0.06499399328510784 -0.042043729590459794 -0.0093074243173034872 -0.0029452313721673902 0.011421269398814181 -0.018701628116713484 0.013778726770676068 -0.048404998705978038 0.024054102015346256 -0.16922961441982465 -0.062075532512505083 -0.13393074780138284 0.027954644690841902 -0.20217266447959015 -0.014818423330736309 0.019966233277356533 -0.0069217767830614639 -0.033170450856098509
leaf_weight=326061 40531 32258 53553 681617 284654 35167 53937 33090 45526 15043 16276 208536 18108 20287 257697 72819 259050 56153 1088379 13981 32092 4392 8051 7189 125539 1916 87123 119858 934817 66300
leaf_count=326061 40531 32258 53553 681617 284654 35167 53937 33090 45526 15043 16276 208536 18108 20287 257697 72819 259050 56153 1088379 13981 32092 4392 8051 7189 125539 1916 87123 119858 934817 66300
internal_value=-5.96473e-08 -0.000743601 -0.00726671 -0.011791 0.00101854 0.0053848 0.00782475 0.00934305 0.0104761 0.0117965 0.0124953 0.00558036 -0.0229698 -0.00253655 -0.0147841 -0.000532943 -0.00273442 0.0131857 0.0109463 0.0124457 -0.0172519 -0.0471641 0.0132217 -0.0661497 0.0166123 -0.00748317 -0.01885 0.0294732 -0.00558643 -0.00866012
internal_weight=5e+06 4.67394e+06 994072 735170 3.67987e+06 1.65152e+06 1.49082e+06 1.43689e+06 1.4038e+06 1.35827e+06 1.34323e+06 258902 50366 2.02835e+06 285173 1.74318e+06 1.54482e+06 1.32695e+06 1.16656e+06 1.11041e+06 160690 39559 1.09643e+06 27476 198358 121131 89039 160389 1.28577e+06 1.00112e+06
internal_count=5000000 4673939 994072 735170 3679867 1651515 1490825 1436888 1403798 1358272 1343229 258902 50366 2028352 285173 1743179 1544821 1326953 1166564 1110411 160690 39559 1096430 27476 198358 121131 89039 160389 1285771 1001117
cat_boundaries=0 1 2 3 4
cat_threshold=12583167 2 3145984 3670784
is_linear=0
shrinkage=0.1


Tree=116
num_leaves=31
num_cat=6
split_feature=12 86 6 76 75 12 0 12 22 25 0 32 12 76 0 28 76 90 76 31 76 16 87 11 7 0 25 72 23 0
split_gain=4022.1 10795.7 7828.29 11566.1 5850.95 7779.82 7401.45 8267.33 8242.35 8112.35 6655.73 9714.79 8969.68 7940.35 6875.6 6532.66 6212.12 6082.17 6296.71 6036.9 5963.26 5930.67 5869.34 5824.68 5680.98 5641.15 5125.31 5084.44 4853.08 4732.7
threshold=17.94999980926514 14.750000000000002 18.150000572204593 0 1 7.0499999523162851 2.0499999523162846 0.84999999403953563 1.4499999880790713 1.0000000180025095e-35 8.8499999046325701 1.0000000180025095e-35 12.250000000000002 2 2.4500000476837163 1.0000000180025095e-35 3 1.0000000180025095e-35 4 1.0000000180025095e-35 5 4.0499999523162851 1.0000000180025095e-35 13.449999809265138 15.84999990463257 -1.0500000119209287 1.0000000180025095e-35 37.649148941040046 14.150000095367433 4.0499999523162851
decision_type=10 10 8 1 1 8 2 8 10 10 2 8 8 1 2 10 1 10 1 10 1 10 10 10 10 2 10 2 10 2
left_child=1 4 3 -2 -1 6 7 21 -8 16 11 15 14 23 -13 17 -10 18 26 20 22 -6 27 -12 -5 -21 -7 -9 -3 -17
right_child=2 28 -4 24 5 10 8 19 9 -11 13 12 -14 -15 -16 29 -18 -19 -20 25 -22 -23 -24 -25 -26 -27 -28 -29 -30 -31
leaf_value=0.012628682769675409 -0.0086286919489977545 0.037313042473897093 -0.00081378255130560976 -0.13167333634276807 0.0017903433816417542 -0.0016629040083443619 0.036415715000211422 0.017362619192145223 0.030200487698280792 0.047067298262324732 0.049216157928462533 -0.19167479413080035 -0.18106985867440931 -0.0084583023712860514 -0.030059338923131475 -0.172720539325464 -0.0017850170037478179 -0.070326173175131346 -0.040753888260151284 -0.17166060691804275 -0.043352698820673496 0.080567014951606369 -0.076571002261284785 0.0049815868492355002 -0.044818462808078649 -0.044391728842655243 -0.11297160109344673 -0.018179034989226267 0.011240296515745931 -0.046275775284027897
leaf_weight=309636 243138 87376 1525313 8805 465538 325662 101776 81857 69568 43689 44924 2913 5833 381492 27323 3682 476957 16407 51239 4191 52629 9757 10708 88235 52034 20609 4190 79188 390233 15098
leaf_count=309636 243138 87376 1525313 8805 465538 325662 101776 81857 69568 43689 44924 2913 5833 381492 27323 3682 476957 16407 51239 4191 52629 9757 10708 88235 52034 20609 4190 79188 390233 15098
internal_value=-8.76184e-08 0.0021542 -0.00373412 -0.018388 -0.000303088 -0.0019831 0.00273741 -0.00432727 0.0101338 0.00560173 -0.00889777 -0.017747 -0.0675328 -0.00111983 -0.0456297 -0.0134332 0.00228699 -0.0107103 -0.0081437 -0.0190807 -0.0139061 0.00340749 -0.00488017 0.0199036 -0.0573792 -0.0658991 -0.00307673 -0.000113692 0.0160102 -0.0710665
internal_weight=5e+06 3.17071e+06 1.82929e+06 303977 2.6931e+06 2.38346e+06 1.41647e+06 724477 691990 590214 966998 452347 36069 514651 30236 416278 546525 397498 381091 249182 224382 475295 171753 133159 60839 24800 329852 161045 477609 18780
internal_count=5000000 3170710 1829290 303977 2693101 2383465 1416467 724477 691990 590214 966998 452347 36069 514651 30236 416278 546525 397498 381091 249182 224382 475295 171753 133159 60839 24800 329852 161045 477609 18780
cat_boundaries=0 1 2 3 4 5 6
cat_threshold=2046 992 12582975 12583391 12583423 12587263
is_linear=0
shrinkage=0.1


Tree=117
num_leaves=31
num_cat=7
split_feature=83 12 86 76 0 75 64 48 55 76 75 12 76 16 0 75 12 0 84 75 88 48 77 12 0 73 11 0 0 30
split_gain=3951.92 6402.53 7540.59 6774.37 11724.5 5866.26 5773.72 5143.92 4759.35 4477.92 4883.04 4233.31 4180.85 3962.35 4122.2 4057.28 3960.56 5716.8 4870.6 4462.77 3942.99 3930.21 3596.05 3827.24 4511.03 3564.9 3850.73 4075.21 3431.4 4964.71
threshold=24.250000000000004 19.250000000000004 15.84999990463257 0 20.349999427795414 1 1.4499999880790713 0.65000000596046459 1.1500000357627871 2 3 22.849999427795414 4 8.6500000953674334 3.0499999523162846 5 26.650000572204593 21.94999980926514 1.0000000180025095e-35 6 2.1499999761581425 3.4500000476837163 27.94999980926514 22.750000000000004 23.650000572204593 140.11250305175784 -1.4499999880790708 -1.4499999880790708 10.650000095367433 1.0000000180025095e-35
decision_type=10 8 10 1 2 1 8 10 8 1 1 10 1 10 2 1 10 2 10 1 10 10 10 10 2 2 8 2 2 10
left_child=1 2 6 4 11 -5 7 8 -1 10 -4 -3 25 14 -14 -16 17 21 19 -18 -9 -7 23 -6 -25 -8 -27 -28 29 -15
right_child=-2 3 9 5 22 16 12 20 -10 -11 -12 -13 13 28 15 -17 18 -19 -20 -21 -22 -23 -24 24 -26 26 27 -29 -30 -31
leaf_value=0.015604209931911479 0.008591350751167395 -0.072329725374901704 -0.0038110687631691012 -0.032879684521885985 -0.0092961527901839324 0.0012180906421690677 0.0031773172337325496 -0.0061633096732177824 -0.0093477219222164801 0.028194692218060619 0.021176537597264736 -0.24218603980455378 0.0055539983239400095 -0.0038974060564792648 0.011854374114401814 0.038382129972729835 -0.0013877980627526574 0.022178095126755653 -0.070285416234085935 -0.040281725911169672 -0.022081752902376784 -0.030676487905351421 0.012612692788199972 -0.085883508872335576 -0.025081372946281016 0.0070834007884746329 -0.090566505648259521 -0.017334069713143479 0.0087476552094565042 -0.055987057434935039
leaf_weight=181406 483612 26587 185648 60623 146471 446707 321500 674758 132116 139167 135121 1553 374317 236190 146303 95176 161674 128277 13632 36077 202245 42293 43080 15019 65061 69969 7955 169683 237946 19834
leaf_count=181406 483612 26587 185648 60623 146471 446707 321500 674758 132116 139167 135121 1553 374317 236190 146303 95176 161674 128277 13632 36077 202245 42293 43080 15019 65061 69969 7955 169683 237946 19834
internal_value=-9.08838e-08 -0.000920057 0.00132815 -0.00722562 -0.0202804 -0.00285405 -0.000577208 -0.00590408 0.00508964 0.0132151 0.00671506 -0.0817038 0.00320019 0.00677375 0.0121255 0.022312 -0.000657069 0.00338854 -0.012471 -0.00848558 -0.00983425 -0.00154043 -0.0138707 -0.0189066 -0.0364848 -0.00376834 -0.0127869 -0.0206136 0.000102221 -0.00793275
internal_weight=5e+06 4.51639e+06 3.32933e+06 1.18705e+06 297771 889283 2.8694e+06 1.19052e+06 313522 459936 320769 28140 1.67887e+06 1.10977e+06 615796 241479 828660 617277 211383 197751 877003 489000 269631 226551 80080 569107 247607 177638 493970 256024
internal_count=5000000 4516388 3329334 1187054 297771 889283 2869398 1190525 313522 459936 320769 28140 1678873 1109766 615796 241479 828660 617277 211383 197751 877003 489000 269631 226551 80080 569107 247607 177638 493970 256024
cat_boundaries=0 1 2 3 4 5 6 7
cat_threshold=1048064 4126 523264 624 124800 30 896
is_linear=0
shrinkage=0.1


Tree=118
num_leaves=31
num_cat=6
split_feature=74 73 91 19 12 80 65 50 73 3 76 49 86 11 0 73 75 12 76 75 12 75 12 72 0 76 11 19 21 72
split_gain=3941.86 4142.91 4081.34 3711.44 3479.64 5812.99 3221.24 3510.48 3146.65 3036.78 5587.21 3022.04 2975.07 2835.57 4411.04 3599.48 3217.23 4134.92 3658.67 6120.62 4176.99 4061.96 3281.36 5512.35 3697.16 4028.39 3599.55 3429.51 2912.94 2826.65
threshold=149.50000000000003 142.22499847412112 3.0499999523162846 21.650000572204593 25.550000190734867 24.250000000000004 0.94999998807907116 1.2500000000000002 143.75664520263675 25.349999427795414 0 1.2500000000000002 -10.849999904632567 -1.9499999880790708 -8.6500000953674299 140.23665618896487 1 16.94999980926514 2 3 6.2500000000000009 4 13.449999809265138 31.958350181579593 6.8500001430511483 5 4.6499998569488534 5.2500000000000009 6.8500001430511483 42.635850906372077
decision_type=2 2 10 8 10 10 8 10 2 8 1 8 8 8 2 2 1 10 1 1 10 1 8 2 2 1 8 10 10 2
left_child=1 4 13 8 5 6 7 -1 11 10 -6 12 -3 14 15 -2 22 18 19 20 -18 -20 23 -15 26 -26 -25 -28 -27 -24
right_child=2 3 -4 -5 9 -7 -8 -9 -10 -11 -12 -13 -14 16 -16 -17 17 -19 21 -21 -22 -23 29 24 25 28 27 -29 -30 -31
leaf_value=0.0056810869066258665 0.085036995571419458 -0.09010675597044876 -0.018269235908053193 -0.045570587714931075 -0.011907199328205271 0.023797371723872824 0.0053370536880191291 -0.010524418028587812 0.0053161123432442746 0.0016662852846917762 -0.097791584684207358 -0.025074685996745213 0.0070769449238310567 0.062224797005170009 0.019512260059379088 -0.044132103001720296 0.063704204867252368 -0.0055526241357312517 -0.014204965857581381 0.056146703428532632 0.00021244394079617196 0.012871217063744569 -0.033569921456172103 -0.0071436275491177986 -0.011653195774645755 0.051593769541952605 -0.014972184821667811 -0.051152517195527575 0.0050200543156339109 -0.29960840093272351
leaf_weight=238321 2429 3317 177582 24908 150831 147930 1880248 304417 145938 235828 7966 106282 62566 11036 113195 19291 11836 542708 101819 36815 83182 121526 44424 200809 61570 24150 64124 44298 30251 403
leaf_count=238321 2429 3317 177582 24908 150831 147930 1880248 304417 145938 235828 7966 106282 62566 11036 113195 19291 11836 542708 101819 36815 83182 121526 44424 200809 61570 24150 64124 44298 30251 403
internal_value=-7.75468e-08 0.00200752 -0.00392703 -0.00839724 0.00321099 0.00455302 0.0033781 -0.00340844 -0.0054865 -0.00553215 -0.0162225 -0.0146435 0.00218405 -0.00224463 0.0115917 -0.0296868 -0.00359836 -6.27444e-05 0.00832573 0.0215353 0.0081205 0.000527585 -0.0101972 -0.00754995 -0.00936093 0.00586567 -0.0150714 -0.0297544 0.0256906 -0.0359616
internal_weight=5e+06 3.30855e+06 1.69145e+06 343011 2.96554e+06 2.57092e+06 2.42299e+06 542738 318103 394625 158797 172165 65883 1.51387e+06 134915 21720 1.37895e+06 897886 355178 131833 95018 223345 481065 436238 425202 115971 309231 108422 54401 44827
internal_count=5000000 3308552 1691448 343011 2965541 2570916 2422986 542738 318103 394625 158797 172165 65883 1513866 134915 21720 1378951 897886 355178 131833 95018 223345 481065 436238 425202 115971 309231 108422 54401 44827
cat_boundaries=0 1 2 3 4 5 6
cat_threshold=12583935 6158 15728895 1808 48 130048
is_linear=0
shrinkage=0.1


Tree=119
num_leaves=31
num_cat=5
split_feature=76 82 68 11 0 30 83 76 90 62 76 86 11 16 49 0 5 16 0 13 86 11 7 51 59 76 75 89 23 90
split_gain=4134.12 4615.98 4034.42 4859.94 6960.83 7995.15 6263.14 4951.41 5675.96 4471.87 5228.07 4359.9 4306.63 4892.74 4167.59 3785.59 3730.48 4567.65 4102.5 3764.1 3375.44 4241.39 3408.43 3336.59 3324.54 3297.79 3225.42 3174.27 4528.51 3411.47
threshold=0 4.4500000476837167 0.94999998807907116 15.949999809265138 15.84999990463257 1.0000000180025095e-35 13.449999809265138 1 1.0000000180025095e-35 8.3499999046325701 2 13.449999809265138 9.6500000953674334 13.750000000000002 0.65000000596046459 13.250000000000002 15.84999990463257 6.0499999523162851 -0.15000000223517415 -6.6499998569488517 27.44999980926514 21.150000572204593 15.550000190734865 3.2500000000000004 0.94999998807907116 3 4 6.4500000476837167 4.8500001430511483 1.0000000180025095e-35
decision_type=1 10 10 10 2 10 10 1 10 10 1 10 8 8 10 2 8 8 2 8 10 10 8 10 10 1 1 10 10 10
left_child=1 24 14 6 5 7 9 8 23 11 -11 12 13 27 -2 -7 17 18 -16 -20 21 22 25 -5 -1 -6 -24 -4 -29 -30
right_child=2 -3 3 4 20 15 -8 -9 -10 10 -12 -13 -14 -15 16 -17 -18 -19 19 -21 -22 -23 26 -25 -26 -27 -28 28 29 -31
leaf_value=0.022364786068524649 0.0032888306989252458 -0.02345082064448584 -0.0026620592039008351 0.0012388939766891907 0.0045016764352660502 -0.20251082638530821 0.016820018793243029 -0.09010815704370366 -0.11253169374193309 0.07550144944527791 -0.00098471660596816525 0.01807910569004624 -0.012934692642194877 0.046438730636379044 -0.031978001322949499 -0.071816731641354242 -0.0038564513127974766 -0.032031649895520244 0.096578163392103539 -0.0032719715719838633 0.011989951930901235 -0.010382392431639033 0.018487352237625595 -0.049251908195555055 0.0049267672369119548 -0.065391267595589567 -0.0008979436667156329 0.046528627241770482 0.0015213904184105487 0.055586994164420603
leaf_weight=125172 289026 51938 786604 78800 13301 3111 303114 9037 5403 17262 18527 123602 265442 23519 57532 7706 372066 142807 3868 157711 148843 504241 130906 15695 863807 13704 249234 30768 174748 12506
leaf_count=125172 289026 51938 786604 78800 13301 3111 303114 9037 5403 17262 18527 123602 265442 23519 57532 7706 372066 142807 3868 157711 148843 504241 130906 15695 863807 13704 249234 30768 174748 12506
internal_value=-8.30994e-08 0.00560772 -0.00147449 0.000409803 -0.00455347 -0.0274069 0.00374481 -0.0192647 -0.0128457 0.00101711 0.0359274 0.000135503 -0.00157901 0.00135276 -0.00688249 -0.109405 -0.0108877 -0.0181162 -0.00904665 -0.000881684 -0.0019722 -0.00425242 0.00333942 -0.0071473 0.00713384 -0.0309889 0.00577809 0.000297262 0.0109742 0.00513223
internal_weight=5e+06 1.04092e+06 3.95908e+06 2.93607e+06 1.17998e+06 119752 1.75609e+06 108935 99898 1.45298e+06 35789 1.41719e+06 1.29359e+06 1.02814e+06 1.02301e+06 10817 733984 361918 219111 161579 1.06023e+06 911386 407145 94495 988979 27005 380140 1.00463e+06 218022 187254
internal_count=5000000 1040917 3959083 2936073 1179981 119752 1756092 108935 99898 1452978 35789 1417189 1293587 1028145 1023010 10817 733984 361918 219111 161579 1060229 911386 407145 94495 988979 27005 380140 1004626 218022 187254
cat_boundaries=0 1 2 3 4 5
cat_threshold=31 16253152 1047552 16253920 1408
is_linear=0
shrinkage=0.1


Tree=120
num_leaves=31
num_cat=5
split_feature=76 78 76 48 24 90 26 87 75 48 43 35 72 73 13 75 48 11 75 56 88 86 12 30 0 72 73 73 72 70
split_gain=3951.94 8663.45 10650.5 8315.37 5804.34 9286.36 7848.24 6970.71 6234.5 5692.87 6094.47 6279.46 5478.28 8067.73 6440.04 4967.75 4956.78 4653.68 4587.15 4447.33 4261 4501.53 4019.02 3983.15 4009.21 3906.78 3873.43 7492.58 4297.34 3860.5
threshold=0 1.0000000180025095e-35 1 6.9500000476837167 1.0000000180025095e-35 1.0000000180025095e-35 1.0000000180025095e-35 1.0000000180025095e-35 2 5.7500000000000009 1.0000000180025095e-35 1.0000000180025095e-35 36.527500152587898 137.68579864501956 18.750000000000004 3 0.65000000596046459 5.0499999523162851 4 1.4499999880790713 0.75000000000000011 8.4499998092651385 23.44999980926514 1.0000000180025095e-35 12.84999990463257 44.350849151611335 144.7174987792969 143.1683044433594 43.024999618530281 1.0500000119209292
decision_type=1 8 1 10 2 10 10 10 1 10 8 8 2 2 10 1 10 10 1 10 8 8 10 8 2 2 2 2 2 10
left_child=3 9 -3 4 5 6 7 8 17 10 11 16 13 -6 -15 -12 19 -1 -13 -2 -18 26 -4 29 -25 -11 27 28 -22 -10
right_child=1 2 22 -5 12 -7 -8 -9 23 25 15 18 -14 14 -16 -17 20 -19 -20 -21 21 -23 -24 24 -26 -27 -28 -29 -30 -31
leaf_value=0.032436510291772899 0.017974496424168662 -0.029529438675483983 0.026251357331547234 -0.032770570301100546 -0.0091492760036467665 -0.027568657597670326 -0.027690009087778272 -0.033371396442071419 -0.0029465614684977149 0.0088224945210288504 -0.0044043341092555892 0.0056637223866050981 -0.027625112619984505 0.11325113947483148 0.003260487953869802 -0.037108104695033874 0.011916718108449759 0.012078840102828866 -0.038449392326679425 -0.014138628497885213 -0.022272618809695218 -0.0040287147126721384 -0.0166217340873459 -0.060567238052415422 0.0060765843166307749 0.06748845172534132 0.040921850772965146 -0.078745864760099538 0.015647489003065038 0.010500192818559498
leaf_weight=130744 184701 47866 221737 63004 87868 80361 62652 39315 378645 159174 81449 32285 106722 10882 10421 108111 139068 795552 87368 56262 177185 1309225 24257 19182 17051 12223 10393 20807 35949 489541
leaf_count=130744 184701 47866 221737 63004 87868 80361 62652 39315 378645 159174 81449 32285 106722 10882 10421 108111 139068 795552 87368 56262 177185 1309225 24257 19182 17051 12223 10393 20807 35949 489541
internal_value=-8.65696e-08 -0.00258647 0.0136254 0.00305587 0.00406857 0.00573974 0.0071247 0.0082911 0.00918582 -0.00455981 -0.00590222 -0.00431832 -0.0115138 0.004236 0.0594459 -0.0230583 -0.00294263 0.0149521 -0.0265494 0.0104765 -0.00485298 -0.00635413 0.0220228 0.00327984 -0.0292051 0.0130062 -0.0188145 -0.0214684 -0.0158767 0.00463561
internal_weight=5e+06 2.70806e+06 293860 2.29194e+06 2.22894e+06 2.01304e+06 1.93268e+06 1.87003e+06 1.83072e+06 2.4142e+06 2.2428e+06 2.05324e+06 215893 109171 21303 189560 1.93359e+06 926296 119653 240963 1.69263e+06 1.55356e+06 245994 904419 36233 171397 244334 233941 213134 868186
internal_count=5000000 2708060 293860 2291940 2228936 2013043 1932682 1870030 1830715 2414200 2242803 2053243 215893 109171 21303 189560 1933590 926296 119653 240963 1692627 1553559 245994 904419 36233 171397 244334 233941 213134 868186
cat_boundaries=0 1 2 3 4 5
cat_threshold=15728767 384 444 4546 448
is_linear=0
shrinkage=0.1


Tree=121
num_leaves=31
num_cat=7
split_feature=74 72 11 76 79 72 23 26 83 23 12 73 76 75 11 83 80 75 11 0 18 73 18 75 76 12 13 83 23 75
split_gain=3796.38 4498.63 5236.45 4510.58 4945.57 4450.75 4975.64 4128.78 4960.55 5333.31 3956.06 3951.11 7545.01 4787.25 5359.72 9178.28 6903.48 4514.51 5427.26 4740.15 4460.49 4055.57 3769.49 4461.85 3766.7 3709.26 4694.12 3652.04 3760.41 3509.71
threshold=669.00000000000011 41.927499771118171 1.6500000357627871 0 3.4500000476837163 42.923349380493171 20.250000000000004 1.0000000180025095e-35 17.750000000000004 15.550000190734865 25.050000190734867 141.52664947509768 1 2 -5.9500000476837149 -6.9500000476837149 -7.3500001430511466 3 1.8499999642372134 -3.4500000476837154 -5.3500001430511466 144.7174987792969 6.6499998569488534 4 5 29.250000000000004 33.049999237060554 8.6500000953674334 7.2500000000000009 6
decision_type=2 2 10 1 10 2 8 8 8 10 8 2 1 1 8 10 10 1 8 2 10 2 8 1 1 10 8 10 8 1
left_child=1 2 -1 4 25 -3 11 8 9 27 -9 12 -7 -13 15 16 21 18 19 20 -16 -15 -19 -24 -17 29 -27 -5 -29 -4
right_child=-2 5 3 7 -6 6 -8 10 -10 -11 -12 13 -14 14 17 24 -18 22 -20 -21 -22 -23 23 -25 -26 26 -28 28 -30 -31
leaf_value=0.013214643486882283 -0.012792541914464516 -0.016773805206501593 0.00016177198940994607 -0.019182318127501031 -0.011762109513661748 0.063442887301502868 -0.024781479336472016 0.016832868240716323 -0.00075753411985926002 -0.034628795432159493 -0.039107880093882559 0.025482314262290709 -0.002512517640326126 -0.03569651012840025 -0.0052128238914838244 0.033064184840232068 0.06317608936880556 0.0084175512693166667 -0.11209147162876312 0.0075270888273240057 -0.071632272713219605 0.081338120520170878 -0.0061535222972475901 -0.047194046198580919 0.10972389699167007 -0.019720626596442997 0.033234468476256052 0.040183905773345005 -0.0035945274806094066 0.010716464089242553
leaf_weight=382989 221700 258066 453842 155698 171097 28703 80349 151457 1058275 93027 13793 59536 43812 34828 17256 14040 11329 140774 7385 30959 24419 3236 151425 32100 11830 99527 20124 22081 176095 1030248
leaf_count=382989 221700 258066 453842 155698 171097 28703 80349 151457 1058275 93027 13793 59536 43812 34828 17256 14040 11329 140774 7385 30959 24419 3236 151425 32100 11830 99527 20124 22081 176095 1030248
internal_value=-9.8676e-08 0.000593436 0.00212197 0.000888866 0.00439911 -0.00556586 -0.00138599 -0.0028408 -0.00448813 -0.0133223 0.0121636 0.00168743 0.0236025 -0.00126029 -0.0045806 0.0199218 -0.00535108 -0.0091418 -0.0304128 -0.0221124 -0.0441306 -0.0257468 -0.00389224 -0.0133347 0.0681748 0.00612332 -0.0108142 -0.00772118 0.00128332 0.00748886
internal_weight=5e+06 4.7783e+06 3.82825e+06 3.44526e+06 1.77484e+06 950047 691981 1.67043e+06 1.50518e+06 446901 165250 611632 72515 539117 479581 75263 49393 404318 80019 72634 41675 38064 324299 183525 25870 1.60374e+06 119651 353874 198176 1.48409e+06
internal_count=5000000 4778300 3828253 3445264 1774838 950047 691981 1670426 1505176 446901 165250 611632 72515 539117 479581 75263 49393 404318 80019 72634 41675 38064 324299 183525 25870 1603741 119651 353874 198176 1484090
cat_boundaries=0 1 2 3 4 5 6 7
cat_threshold=8392191 2095104 384 4102 1632 258048 5126
is_linear=0
shrinkage=0.1


Tree=122
num_leaves=31
num_cat=7
split_feature=89 11 0 76 90 5 76 8 11 0 32 0 31 12 76 0 12 84 86 90 75 55 28 12 12 76 0 75 76 74
split_gain=3672.48 6146.82 10344.3 9831.59 7880.49 7693.67 13140.1 7000.94 6906.06 6904.17 6796.13 7718.07 6468.15 6333.85 7820.47 6327.27 6219.5 5549.97 5540.07 5245.27 5242.92 4686.05 4590.92 4557.36 4550.57 5156.35 4399.34 4187.37 5204.27 3992.95
threshold=23.94999980926514 12.650000095367433 5.8500001430511483 0 1.0000000180025095e-35 13.34999990463257 1 6.8500001430511483 4.6499998569488534 9.4499998092651385 1.0000000180025095e-35 10.650000095367433 1.0000000180025095e-35 16.650000572204593 2 2.4500000476837163 -3.5499999523162837 1.0000000180025095e-35 2.4500000476837163 1.0000000180025095e-35 3 2.7500000000000004 1.0000000180025095e-35 15.449999809265138 23.750000000000004 4 14.050000190734865 5 6 514.00000000000011
decision_type=10 8 2 1 10 10 1 10 8 2 8 2 10 10 1 2 8 8 10 10 1 8 10 10 10 1 2 1 1 2
left_child=1 2 8 4 16 6 23 -5 18 -9 21 -12 17 14 -7 -14 -4 19 -1 22 -15 29 27 -3 25 -22 -16 28 -10 -8
right_child=-2 5 3 7 -6 13 10 9 12 -11 11 -13 15 20 26 -17 -18 -19 -20 -21 24 -23 -24 -25 -26 -27 -28 -29 -30 -31
leaf_value=-0.001989681471230925 0.0079126868105927721 -0.058206668836375187 0.093926681986793506 0.060007816275929195 0.04332200124236768 0.034284926988795976 0.003083665053350065 0.0047604153718259438 -0.038023647642845187 0.035808665475445721 -0.1499328782819008 -0.01636109104431158 -0.13750895137730809 -0.0019527404982628838 -0.022746340385198516 -0.031946070232606975 -0.00052995598665612272 -0.060327676986542636 0.019869240089616436 -0.08843177019339607 -0.0011972189591318598 -0.033847541835189447 -0.091671592708250205 -0.15399663410270534 -0.045951514206837248 -0.028927871474000458 0.0074833987465778365 0.011219655574742604 -0.0022552810793059776 -0.04413220280333785
leaf_weight=750245 524967 35152 7047 46746 45980 94124 204306 164028 57996 127130 7322 10572 7757 1128451 61039 21185 645781 21398 137141 7858 178161 54108 6093 5784 44686 107516 227833 113770 136192 19632
leaf_count=750245 524967 35152 7047 46746 45980 94124 204306 164028 57996 127130 7322 10572 7757 1128451 61039 21185 645781 21398 137141 7858 178161 54108 6093 5784 44686 107516 227833 113770 136192 19632
internal_value=-5.14626e-08 -0.000928296 0.00268169 0.0100799 0.00330789 -0.00473324 -0.0186282 0.024084 -0.00340721 0.0183172 -0.0112809 -0.071017 -0.0148395 -0.00219179 0.00925317 -0.0602389 0.000489663 -0.0110121 0.0013885 -0.00773403 -0.00519654 -0.00743695 -0.00571486 -0.0717237 -0.0162761 -0.0116348 0.00109578 -0.00401419 -0.0129392 -0.00105561
internal_weight=5e+06 4.47503e+06 2.29635e+06 1.03671e+06 698808 2.17869e+06 336876 337904 1.25964e+06 291158 295940 17894 372249 1.84181e+06 382996 28942 652828 343307 887386 321909 1.45881e+06 278046 314051 40936 330363 285677 288872 307958 194188 223938
internal_count=5000000 4475033 2296347 1036712 698808 2178686 336876 337904 1259635 291158 295940 17894 372249 1841810 382996 28942 652828 343307 887386 321909 1458814 278046 314051 40936 330363 285677 288872 307958 194188 223938
cat_boundaries=0 1 2 3 4 5 6 7
cat_threshold=785920 7600128 12586527 1984 15729215 6150 4001728
is_linear=0
shrinkage=0.1


Tree=123
num_leaves=31
num_cat=6
split_feature=72 91 12 89 89 72 12 11 89 25 76 76 89 76 90 24 27 84 30 76 81 75 75 11 73 11 81 0 78 12
split_gain=3861.68 4276.52 6144.95 8463.81 5769.35 5561.41 4946.69 4889.27 4249.37 4366.88 5483.5 4142.63 4717.98 4004.51 5952.94 7632.38 6013.25 5952.49 5210.78 4597.51 4539.04 4525.34 4342.63 3904.39 4209.46 3685.11 4226.95 4047.91 3611.81 3519.04
threshold=30.90164947509766 2.0499999523162846 9.0500001907348651 8.0500001907348651 -3.0499999523162837 43.729999542236335 -2.2499999999999996 -1.9499999880790708 25.94999980926514 1.0000000180025095e-35 0 1 15.650000095367433 2 1.0000000180025095e-35 1.0000000180025095e-35 1.0000000180025095e-35 1.0000000180025095e-35 1.0000000180025095e-35 3 1.0000000180025095e-35 4 5 2.4500000476837163 144.04920196533206 21.750000000000004 1.0000000180025095e-35 22.250000000000004 1.0000000180025095e-35 21.849999427795414
decision_type=2 10 10 8 8 2 8 8 10 10 1 1 8 1 8 2 10 10 8 1 10 1 1 10 2 8 10 2 8 10
left_child=-1 13 4 -4 7 11 -7 -3 9 10 -5 -6 28 21 15 16 17 18 20 -16 22 -2 -15 -24 -25 26 -23 -27 -13 -12
right_child=1 2 3 8 5 6 -8 -9 -10 -11 29 12 -14 14 19 -17 -18 -19 -20 -21 -22 25 23 24 -26 27 -28 -29 -30 -31
leaf_value=0.014295276171723685 -0.0096767887124818517 -0.0090762610230765983 -0.049418943164431954 -0.028946032263601235 0.020911183101377951 0.1090144171246767 0.024143516095660147 -0.071139748572808331 0.0068110271794712685 0.011269002897255447 -0.0008750502937243048 -0.010096140471656079 0.03263443134123329 0.0045731229610926037 0.0072221253331920324 -0.028268462785429462 -0.02256197662493932 -0.036110865742092824 -0.020541672487095361 -0.022354206883272335 -0.040169714445757676 0.0024674803725632539 0.034582772438742658 0.014058109658314475 -0.035101946184492881 -0.059504015217904188 0.02831506367335895 -0.0063149500788499974 0.026571259964717198 -0.025095870041398627
leaf_weight=182086 569991 50322 53816 188604 98935 8301 39767 16975 147711 69357 226345 268917 34479 659946 84155 62688 65203 29543 57002 139961 17678 628601 93269 822495 17795 15635 70349 168614 29845 81615
leaf_count=182086 569991 50322 53816 188604 98935 8301 39767 16975 147711 69357 226345 268917 34479 659946 84155 62688 65203 29543 57002 139961 17678 628601 93269 822495 17795 15635 70349 168614 29845 81615
internal_value=-5.16888e-08 -0.000540323 -0.00540294 -0.011177 0.00269015 0.00653272 0.0388001 -0.0247312 -0.00829313 -0.0122355 -0.0155184 0.00294384 -0.002391 0.00128509 0.00413197 0.0060202 0.00723947 0.00838402 0.00917201 -0.011249 0.0102232 -0.00273047 0.0107823 0.0151714 0.013017 0.00175254 0.00506903 -0.0108285 -0.00643323 -0.00729377
internal_weight=5e+06 4.81791e+06 1.31499e+06 767448 547541 480244 48068 67297 713632 565921 496564 432176 333241 3.50292e+06 2.04974e+06 1.82562e+06 1.76293e+06 1.69773e+06 1.66818e+06 224116 1.61118e+06 1.45319e+06 1.5935e+06 933559 840290 883199 698950 184249 298762 307960
internal_count=5000000 4817914 1314989 767448 547541 480244 48068 67297 713632 565921 496564 432176 333241 3502925 2049735 1825619 1762931 1697728 1668185 224116 1611183 1453190 1593505 933559 840290 883199 698950 184249 298762 307960
cat_boundaries=0 1 2 3 4 5 6
cat_threshold=260096 16252943 2092544 4111 572 5698
is_linear=0
shrinkage=0.1


Tree=124
num_leaves=31
num_cat=6
split_feature=12 89 76 12 12 0 22 91 89 12 84 76 17 89 75 72 77 76 7 12 75 8 11 74 23 76 49 0 59 32
split_gain=3723.42 6228.34 4525.44 4641.1 4461.81 9087.41 8678.35 7986.93 6702.19 6372.49 6084.63 6895.88 5539.27 5159.51 4841.48 6400.33 4514.2 5353.1 4495.68 5813.67 5065.76 4376.78 4207.46 4193.56 4083.47 4035.95 5409.06 4672.57 3898.55 3742.93
threshold=26.349999427795414 20.94999980926514 0 20.750000000000004 10.650000095367433 4.6499998569488534 2.2500000000000004 2.6499999761581425 7.8500001430511483 1.2500000000000002 1.0000000180025095e-35 1 4.4500000476837167 9.4499998092651385 2 39.460000991821296 15.949999809265138 3 7.6499998569488534 8.0500001907348651 4 30.44999980926514 6.6499998569488534 58.500000000000007 20.250000000000004 5 5.7500000000000009 -0.65000000596046437 4.9500000476837167 1.0000000180025095e-35
decision_type=10 10 1 10 8 2 8 10 8 10 10 1 10 8 1 2 8 1 8 10 1 8 8 2 10 1 10 2 10 10
left_child=1 4 -3 -4 5 9 -7 16 -9 12 11 13 25 28 15 23 17 -6 19 -15 -20 -2 -13 -11 -10 27 -27 -1 -8 -17
right_child=21 2 3 -5 7 6 10 8 24 14 -12 22 -14 18 -16 29 -18 -19 20 -21 -22 -23 -24 -25 -26 26 -28 -29 -30 -31
leaf_value=0.006164438511225636 -0.013887006562219702 0.027562868288576389 0.015955066090834132 -0.003131715482089167 -0.0034526687010344825 0.045312669104439852 -0.020497973357980735 -0.074667846612889208 -0.0092329516808828584 0.0043363833597911509 0.035968573325920065 0.04605311688818179 0.056435071742511528 0.00019015590841418262 0.0031685500962146751 -0.036458803898881766 0.0017032998832592528 -0.028369244259385681 -0.0015558443400080224 -0.055389106674784652 0.028523466434224834 0.012104347985053986 0.01238080218781051 -0.021188610254344639 -0.041015016516445013 -0.0073296355557828687 0.037009817087389603 0.047039947100876334 0.037374726807292764 -0.10585802596979997
leaf_weight=138727 343016 119662 243227 267511 324046 64680 145800 20482 212645 104036 68198 51157 19143 192381 148548 62550 1230732 117480 101791 20861 124434 79875 135130 168797 49916 358826 29798 35027 12650 8874
leaf_count=138727 343016 119662 243227 267511 324046 64680 145800 20482 212645 104036 68198 51157 19143 192381 148548 62550 1230732 117480 101791 20861 124434 79875 135130 168797 49916 358826 29798 35027 12650 8874
internal_value=-5.21739e-08 0.000829425 0.0100594 0.0059578 -0.000644858 0.00268683 0.00999829 -0.00403807 -0.019573 -0.00355448 0.00731864 0.00482711 0.00353544 -0.000407268 -0.0119207 -0.0184314 -0.00140867 -0.0100831 0.00517058 -0.00524704 0.0149903 -0.0089778 0.0216265 -0.0114555 -0.0152751 0.00173477 -0.00392978 0.0144037 -0.0158777 -0.0450812
internal_weight=5e+06 4.57711e+06 630400 510738 3.94671e+06 1.99141e+06 917082 1.9553e+06 283043 1.07433e+06 852402 784204 581521 597917 492805 344257 1.67226e+06 441526 439467 213242 226225 422891 186287 272833 262561 562378 388624 173754 158450 71424
internal_count=5000000 4577109 630400 510738 3946709 1991408 917082 1955301 283043 1074326 852402 784204 581521 597917 492805 344257 1672258 441526 439467 213242 226225 422891 186287 272833 262561 562378 388624 173754 158450 71424
cat_boundaries=0 1 2 3 4 5 6
cat_threshold=15728831 2096128 6150 12583167 56 14680607
is_linear=0
shrinkage=0.1


Tree=125
num_leaves=31
num_cat=6
split_feature=76 75 72 73 75 35 69 53 12 42 12 73 72 0 73 48 76 74 73 72 0 6 12 15 5 73 74 76 11 76
split_gain=3685.8 4809.26 5294.71 7527.62 4195.19 7782.65 5264.53 7119.02 5010.49 3681.8 3554.28 3845.61 4582.84 4507.05 4010.58 3411.16 3357.26 3207.19 3153.41 3443.62 3148.69 2999.86 3772.02 3918.96 3041.24 4909.22 3775.29 3678.2 3546.01 2994.13
threshold=0 1 34.788349151611335 138.99334716796878 2 1.0000000180025095e-35 1.1500000357627871 1.9499999880790713 14.949999809265138 1.0000000180025095e-35 2.6499999761581425 143.1683044433594 36.902500152587898 6.4500000476837167 138.67330169677737 2.7500000000000004 3 58.500000000000007 136.01665496826175 36.613349914550788 0.65000000596046459 29.349999427795414 29.44999980926514 30.650000572204593 17.550000190734867 142.79664611816409 514.00000000000011 4 20.849999427795414 5
decision_type=1 1 2 2 1 8 10 10 10 10 10 2 2 2 2 10 1 2 2 2 2 8 10 8 8 2 2 1 10 1
left_child=1 10 3 -3 6 8 7 15 -6 21 11 12 14 -14 -1 17 -7 -2 -18 -20 -12 22 24 -24 25 26 27 -10 -26 -4
right_child=4 2 29 -5 5 16 -8 -9 9 -11 20 -13 13 -15 -16 -17 18 -19 19 -21 -22 -23 23 -25 28 -27 -28 -29 -30 -31
leaf_value=0.012264766866027779 0.01563724686114917 0.0004198021295972632 -0.0056962441585600198 0.090559327459540262 0.012531210057146781 0.0069699714545898702 0.0030745598451339391 -0.030781016651769633 0.0094909139988808636 0.02082604373586892 -0.078638991942993078 -0.024978120494065642 0.028597466138198697 0.097227767397465067 -0.068935924469564161 -0.044556498095686042 0.015218450642954545 -0.0066902142546004925 0.082468014319717065 0.033882571670849813 0.00027416032003935343 0.015284638812677909 -0.041977894660068731 -0.0014050771754079592 0.017633779746781944 -0.049501912732196944 -0.043861500388439632 -0.017825065526606149 -0.0013817883466692284 -0.017621928741594999
leaf_weight=32277 88189 353431 420638 9514 423794 59281 732504 126357 125049 77324 5091 18344 62954 11284 7495 18711 41747 237847 22135 42788 741239 93703 49181 46143 123598 28608 23153 81358 474742 421521
leaf_count=32277 88189 353431 420638 9514 423794 59281 732504 126357 125049 77324 5091 18344 62954 11284 7495 18711 41747 237847 22135 42788 741239 93703 49181 46143 123598 28608 23153 81358 474742 421521
internal_value=-4.17763e-08 -0.00321194 -0.00731412 0.00278266 0.00229504 0.00547468 -0.00222926 -0.010476 0.00326656 -0.00023014 0.00241416 0.017517 0.0243543 0.0390291 -0.00303744 -0.00303385 0.0260545 -0.000650892 0.0366566 0.0504474 -0.000264136 -0.00178738 -0.00346803 -0.022338 -0.00136792 -0.0104395 -0.00557149 -0.00127644 0.00254622 -0.0116656
internal_weight=5e+06 2.08379e+06 1.2051e+06 362945 2.91621e+06 1.7126e+06 1.20361e+06 471104 1.54665e+06 1.12286e+06 878684 132354 114010 74238 39772 344747 165951 326036 106670 64923 746330 1.04554e+06 951832 95324 856508 258168 229560 206407 598340 842159
internal_count=5000000 2083788 1205104 362945 2916212 1712604 1203608 471104 1546653 1122859 878684 132354 114010 74238 39772 344747 165951 326036 106670 64923 746330 1045535 951832 95324 856508 258168 229560 206407 598340 842159
cat_boundaries=0 1 2 3 4 5 6
cat_threshold=518016 7552 7174 6256 524412 10112
is_linear=0
shrinkage=0.1


Tree=126
num_leaves=31
num_cat=7
split_feature=74 76 48 59 12 0 83 64 25 76 76 87 72 73 75 47 86 76 75 49 76 23 13 89 89 83 83 12 54 73
split_gain=3425.78 4116.96 7445.1 5069.57 4513 6736.67 6471.79 4300.26 4263.31 7109.85 5204.58 5968.17 4712.47 4616.49 4348.97 5265.4 4202.76 4182.05 3980.49 3792.52 3212.1 3590.09 3092.8 5257.87 4620.79 3154.26 3036.3 2968.05 2912.48 2816.92
threshold=396.50000000000006 0 4.4500000476837167 1.7500000000000002 25.349999427795414 24.550000190734867 23.650000572204593 7.3500001430511483 1.0000000180025095e-35 1 2 1.0000000180025095e-35 45.113349914550788 129.87249755859378 3 1.0000000180025095e-35 0.65000000596046459 4 5 1.9499999880790713 6 19.050000190734867 11.650000095367433 17.050000190734867 13.250000000000002 12.84999990463257 16.750000000000004 9.0500001907348651 3.5499999523162846 141.27500152587893
decision_type=2 1 10 10 10 2 10 10 8 1 1 10 2 2 1 10 8 1 1 8 1 8 8 8 10 10 8 10 10 2
left_child=1 2 3 -1 6 17 7 8 10 -10 18 12 13 27 20 16 -16 -6 -3 -11 21 -15 24 -24 25 -18 -25 -12 -20 -2
right_child=29 4 -4 -5 5 -7 -8 -9 9 19 11 -13 -14 14 15 -17 22 -19 28 -21 -22 -23 23 26 -26 -27 -28 -29 -30 -31
leaf_value=0.015661458829764604 -0.0051920017354073538 0.013381718034115975 -0.016966240807528388 0.0028534423850029062 -0.036732397481849761 -0.0075355711320519159 0.014787409596851184 0.022430048650533677 -0.011460258674331848 0.0080871501347245123 0.096428555095032328 0.022415961301237283 0.045211487355175613 0.016180274852710896 -0.048363270384213813 -0.043704453930927506 -0.016172477196229228 -0.12080269127792079 0.0018505510542409457 0.040144328851764589 -0.0085946559322867041 -0.017328191939016364 -0.053105334040834097 -0.055680033363923437 0.014098356146054382 0.013122786075141654 -0.0099970273040820758 0.014040921588496215 -0.018275408239330597 -0.032727339339713529
leaf_weight=491630 581016 251282 135917 832065 26084 199056 265781 71950 92823 75006 5022 64795 16057 126241 31846 60725 240772 7657 332764 72649 426588 42819 39752 15732 91871 43375 193492 33819 91723 39691
leaf_count=491630 581016 251282 135917 832065 26084 199056 265781 71950 92823 75006 5022 64795 16057 126241 31846 60725 240772 7657 332764 72649 426588 42819 39752 15732 91871 43375 193492 33819 91723 39691
internal_value=-4.25419e-08 0.000985411 0.00532185 0.00761043 -0.00118248 -0.0145392 -2.52328e-05 -0.00165132 -0.00238888 0.010226 -0.00382752 -0.00723925 -0.0086438 -0.00928338 -0.0102883 -0.0155314 -0.012927 -0.0558575 0.00340679 0.0238583 -0.00397178 0.0076929 -0.0111214 -0.0197663 -0.00539721 -0.0117006 -0.013432 0.0246933 -0.0024982 -0.00695274
internal_weight=5e+06 4.37929e+06 1.45961e+06 1.3237e+06 2.91968e+06 232797 2.68688e+06 2.4211e+06 2.34915e+06 240478 2.10868e+06 1.43291e+06 1.36811e+06 1.35205e+06 1.31321e+06 717565 656840 33741 675769 147655 595648 169060 624994 248976 376018 284147 209224 38841 424487 620707
internal_count=5000000 4379293 1459612 1323695 2919681 232797 2686884 2421103 2349153 240478 2108675 1432906 1368111 1352054 1313213 717565 656840 33741 675769 147655 595648 169060 624994 248976 376018 284147 209224 38841 424487 620707
cat_boundaries=0 1 2 3 4 5 6 7
cat_threshold=8388735 7340928 7340416 6594 6291584 440 917504
is_linear=0
shrinkage=0.1


Tree=127
num_leaves=31
num_cat=7
split_feature=11 0 72 0 73 76 76 73 72 13 76 75 72 51 0 77 76 72 73 73 37 72 74 11 15 72 76 72 11 75
split_gain=3723.89 6046.08 5116.22 8210.9 6025.81 8726.32 6027.69 4950.2 9644.37 5916.22 4852.22 5918.05 7085.79 4773.26 5255.37 4658.94 4898.27 4648.86 4602.98 5444.23 4533.71 7062.21 4501.15 4474.27 4446.75 4317.67 4306.21 4048.71 3975.38 8641.53
threshold=-2.8500000238418575 7.6499998569488534 37.846700668334968 -1.6500000357627866 139.55834960937503 0 1 137.86834716796878 35.204200744628913 20.550000190734867 2 3 36.902500152587898 2.8500000238418584 -4.2499999999999991 -7.9500000476837149 4 43.828350067138679 143.1683044433594 144.7174987792969 1.0000000180025095e-35 36.436649322509773 442.00000000000006 3.4500000476837163 0.84999999403953563 34.689199447631843 5 32.94585037231446 3.4500000476837163 6
decision_type=10 2 2 2 2 1 1 2 2 10 1 1 2 8 2 8 1 2 2 2 10 2 2 10 8 2 1 2 8 1
left_child=1 15 7 13 5 -5 24 22 9 25 11 12 -10 -4 -15 -1 17 18 -17 -20 -12 -22 23 -2 -6 26 -9 -25 -8 -30
right_child=2 -3 3 4 6 -7 28 8 10 -11 20 -13 -14 14 -16 16 -18 -19 19 -21 21 -23 -24 27 -26 -27 -28 -29 29 -31
leaf_value=-0.024443871494951523 0.016260806428839734 0.086672222464725071 -0.018468236586353503 0.066311271479780096 0.026955983552422066 -0.0074713509028075664 0.0025435131473395709 0.15714543917393373 -0.057776407550716884 0.0058374100224935707 0.0070965597373169225 0.001350036321873309 0.01218102009767516 -0.1291400682163816 -0.038688734842455934 0.00404762027865351 0.032455814944049304 0.039666485115393349 -0.069881917286100825 0.040658566792130292 0.084535147817438025 0.0072975371597250168 -0.015311551321254084 0.007198453105486816 -0.00014272696893132173 0.041204999677782267 0.050195300499870699 -0.0035747711218448875 -0.037462509969105398 -0.0081590032957320167
leaf_weight=37359 165274 10226 82264 29738 68796 34762 184946 7403 40894 37338 478085 241089 22414 8931 22879 94070 86537 27297 19198 5802 20110 28780 197803 463823 505467 46632 7716 1407156 126602 490609
leaf_count=37359 165274 10226 82264 29738 68796 34762 184946 7403 40894 37338 478085 241089 22414 8931 22879 94070 86537 27297 19198 5802 20110 28780 197803 463823 505467 46632 7716 1407156 126602 490609
internal_value=-7.1126e-08 0.0111944 -0.000665379 -0.00536232 -0.00331774 0.0265556 -0.00471762 0.00164263 0.00777115 0.037261 0.00425633 -0.0057955 -0.033003 -0.0311884 -0.0640839 0.00833854 0.013597 0.00244467 -0.00608829 -0.0442277 0.0100625 0.0390678 -0.000909841 0.000489151 0.00310361 0.0562614 0.1027 -0.000904047 -0.0103167 -0.0141705
internal_weight=5e+06 280489 4.71951e+06 1.55499e+06 1.44092e+06 64500 1.37642e+06 3.16452e+06 930461 99089 831372 304397 63308 114074 31810 270263 232904 146367 119070 25000 526975 48890 2.23406e+06 2.03625e+06 574263 61751 15119 1.87098e+06 802157 617211
internal_count=5000000 280489 4719511 1554994 1440920 64500 1376420 3164517 930461 99089 831372 304397 63308 114074 31810 270263 232904 146367 119070 25000 526975 48890 2234056 2036253 574263 61751 15119 1870979 802157 617211
cat_boundaries=0 1 2 3 4 5 6 7
cat_threshold=2096128 16515087 1044512 4102 2095136 2096128 6174
is_linear=0
shrinkage=0.1


Tree=128
num_leaves=31
num_cat=5
split_feature=12 0 23 75 89 11 83 31 0 72 75 76 76 16 12 0 11 87 77 87 83 22 86 23 72 6 12 76 0 12
split_gain=3353.31 10256.1 8055.15 7720.11 7171.39 7687.28 6090.09 5857.81 5660.73 5552.88 5490.74 5465.14 5161.43 4939.15 4665.24 4527.07 4409.65 4407.15 4748.91 4318.21 4212.42 4481.35 4224.88 3924.06 3837.2 3783.28 5572.78 4109.65 5730.37 4322.69
threshold=15.050000190734865 8.4499998092651385 7.4500000476837167 0 8.4499998092651385 6.6499998569488534 12.449999809265138 1.0000000180025095e-35 3.4500000476837163 26.891649246215824 1 2 3 11.449999809265138 23.650000572204593 12.449999809265138 10.449999809265138 1.0000000180025095e-35 19.650000572204593 1.0000000180025095e-35 5.0499999523162851 -0.15000000223517415 0.45000000298023229 2.2500000000000004 40.670848846435554 15.84999990463257 18.150000572204593 4 19.94999980926514 29.44999980926514
decision_type=10 2 10 1 10 8 8 8 2 2 1 1 1 10 8 2 10 10 10 10 10 10 10 10 2 8 8 1 2 8
left_child=1 4 -3 25 5 13 -4 19 -9 -5 -11 -12 15 20 24 -8 -10 18 -14 -7 21 22 -1 -22 -13 -2 -27 29 -29 -28
right_child=3 2 6 9 -6 7 12 8 16 10 11 14 17 -15 -16 -17 -18 -19 -20 -21 23 -23 -24 -25 -26 26 27 28 -30 -31
leaf_value=0.00073123494040200788 -0.014589587176838613 0.033789244933779126 -0.0072276422847464793 0.015857584749322671 0.0291072785324854 -0.0095051552100561421 0.011131879254019657 -0.14448334269541641 -0.014142782921525834 -0.060775191644372686 -0.040398918853537684 -0.0032494478003178315 0.002297103060434986 0.05489180641162248 -0.041379375080070682 0.054395397936838223 -0.10743262997322565 0.041653017781535712 0.028873376503849614 -0.055000508667455844 0.054231140699702654 -0.0089771795896917451 0.028911571353927207 0.0083500333636794249 -0.044580550415175446 0.018847015537848417 0.0095217515382608631 -0.034871221003200663 -0.0026624969104698331 -0.010438662408150137
leaf_weight=406525 152426 125844 231586 59441 68310 352782 48030 5929 20883 26486 67207 339533 495485 16281 41486 48721 6690 36691 77793 22174 22848 535710 61212 101237 24054 173036 540162 60002 695670 135766
leaf_count=406525 152426 125844 231586 59441 68310 352782 48030 5929 20883 26486 67207 339533 495485 16281 41486 48721 6690 36691 77793 22174 22848 535710 61212 101237 24054 173036 540162 60002 695670 135766
internal_value=-1.31457e-08 0.00240491 0.0100323 -0.00278871 -0.00260356 -0.00399905 0.00684602 -0.0157753 -0.0558387 -0.0130335 -0.0164769 -0.013991 0.0114578 0.00020627 -0.00960865 0.0329147 -0.0367776 0.00805375 0.00590347 -0.0121956 -0.000583362 -0.00273274 0.00441915 0.0167982 -0.00598381 0.000466054 0.00189621 -0.000152619 -0.00521987 0.00551245
internal_weight=5e+06 2.68473e+06 1.06415e+06 2.31527e+06 1.62058e+06 1.55227e+06 938306 408458 33502 558207 498766 472280 706720 1.14381e+06 405073 96751 27573 609969 573278 374956 1.12753e+06 1.00345e+06 467737 124085 363587 1.75706e+06 1.60464e+06 1.4316e+06 755672 675928
internal_count=5000000 2684731 1064150 2315269 1620581 1552271 938306 408458 33502 558207 498766 472280 706720 1143813 405073 96751 27573 609969 573278 374956 1127532 1003447 467737 124085 363587 1757062 1604636 1431600 755672 675928
cat_boundaries=0 1 2 3 4 5
cat_threshold=1984 4102 520192 14680575 14680191
is_linear=0
shrinkage=0.1


Tree=129
num_leaves=31
num_cat=5
split_feature=76 0 12 89 76 0 0 12 68 51 75 48 48 81 0 76 23 0 15 11 0 29 16 33 63 76 52 87 72 12
split_gain=3229.09 3379.36 4491.63 7936.71 5440.27 7488.79 5115.04 4771.48 4174.85 4268.53 4170.3 4114.58 3914.16 3772.18 4910.9 4101.74 3481.72 3369.82 3452.98 3249.01 3877.17 6465.36 3588.03 3542.41 3307.75 3921.8 4161.77 3208.8 3129.95 3097.72
threshold=0 31.150000572204593 21.44999980926514 18.650000572204593 1 22.150000572204593 22.849999427795414 26.150000572204593 1.4499999880790713 1.3499999642372134 2 3.4500000476837163 1.8499999642372134 1.0000000180025095e-35 17.750000000000004 3 18.250000000000004 -5.2499999999999991 -2.8500000238418575 13.449999809265138 13.550000190734865 1.0000000180025095e-35 17.250000000000004 1.0000000180025095e-35 5.8500001430511483 4 5.9500000476837167 1.0000000180025095e-35 34.788349151611335 25.550000190734867
decision_type=1 2 10 10 1 2 2 8 10 10 1 8 10 10 2 1 10 2 8 8 2 10 8 10 8 1 8 10 2 10
left_child=-1 2 3 8 5 -4 11 -8 9 12 -5 13 -2 15 -15 -6 -12 -11 -19 22 21 23 24 27 -10 26 -26 -21 -7 -30
right_child=1 -3 4 10 6 28 7 -9 19 17 16 -13 -14 14 -16 -17 -18 18 -20 20 -22 -23 -24 -25 25 -27 -28 -29 29 -31
leaf_value=0.0084330591851360121 0.0030823798161141755 0.021331368432726296 -0.10710773328198744 0.00047964973127083042 -0.043891639190770923 -0.005534763808303849 0.017951460689644094 -0.0043524735047848337 0.001930627506582552 -0.050399542132149505 0.041180542760147154 -0.044540921090595348 -0.02024653367330603 -0.13253095693899031 -0.024284922255223561 -0.0013982478654498958 0.01440720208825403 0.016565411671525473 -0.01218287201522731 -0.0056727702236175782 0.00036676220182095944 -0.092876797538346337 0.038120783674584664 -0.093799406309978309 0.011916822219794843 0.0035559600681946816 0.066863241954805253 -0.0833094968097116 -0.02382540449636341 -0.0797609783968945
leaf_weight=416243 563461 68179 9708 172981 24637 107304 162105 234909 1143500 21447 61676 34197 82443 4866 30222 289917 228618 45085 569977 109760 345740 11087 30898 5202 27963 71975 27187 5595 81855 11263
leaf_count=416243 563461 68179 9708 172981 24637 107304 162105 234909 1143500 21447 61676 34197 82443 4866 30222 289917 228618 45085 569977 109760 345740 11087 30898 5202 27963 71975 27187 5595 81855 11263
internal_value=-3.20592e-08 -0.000765843 -0.00109948 0.000572856 -0.00704743 -0.02133 -0.00320364 0.00475446 -0.00127314 -0.00562253 0.0127712 -0.011435 0.000104684 -0.00819702 -0.0392965 -0.00472792 0.0200948 -0.0114343 -0.0100756 0.00186233 -0.00519419 -0.0197991 0.00445059 -0.0130785 0.00363183 0.0189343 0.0389964 -0.00943834 -0.0171762 -0.030591
internal_weight=5e+06 4.58376e+06 4.51558e+06 3.5246e+06 990983 210130 780853 397014 3.06132e+06 1.28241e+06 463275 383839 645904 349642 35088 314554 290294 636509 615062 1.77891e+06 477384 131644 1.30152e+06 120557 1.27062e+06 127125 55150 115355 200422 93118
internal_count=5000000 4583757 4515578 3524595 990983 210130 780853 397014 3061320 1282413 463275 383839 645904 349642 35088 314554 290294 636509 615062 1778907 477384 131644 1301523 120557 1270625 127125 55150 115355 200422 93118
cat_boundaries=0 1 2 3 4 5
cat_threshold=12 522240 96 1574656 2096128
is_linear=0
shrinkage=0.1


Tree=130
num_leaves=31
num_cat=5
split_feature=82 74 88 80 12 86 76 48 84 76 76 12 50 80 83 73 6 76 6 88 72 73 72 72 91 72 72 73 76 73
split_gain=3192.46 3516.71 3197.15 2869.51 3667.02 4577.83 3777.5 4641.16 4618.04 4475.64 3591.54 3512.01 4142.6 3933.19 3906.18 3535.14 3459.38 5656.34 3127.11 3114.27 3682.06 4912.94 6865.84 4321.62 3543.64 3472.89 3799.38 6956.4 3913.18 3552.32
threshold=0.45000000298023229 249.50000000000003 0.65000000596046459 27.849999427795414 23.94999980926514 20.849999427795414 0 7.9500000476837167 1.0000000180025095e-35 1 2 16.050000190734867 6.6499998569488534 15.449999809265138 17.650000572204593 129.87249755859378 24.849999427795414 3 21.050000190734867 0.65000000596046459 33.418348312377937 139.55834960937503 38.316650390625007 44.01414871215821 1.2500000000000002 35.808349609375007 36.823350906372077 140.60749816894534 4 141.68669891357425
decision_type=8 2 10 10 10 10 1 10 10 1 1 8 10 10 8 2 8 1 10 8 2 2 2 2 8 2 2 2 1 2
left_child=-1 3 -3 4 5 6 8 -8 11 -10 -7 12 13 15 -13 -2 17 -6 -19 -17 24 22 -22 25 -21 -23 27 28 -27 -28
right_child=1 2 -4 -5 16 10 7 -9 9 -11 -12 14 -14 -15 -16 19 -18 18 -20 20 21 23 -24 -25 -26 26 29 -29 -30 -31
leaf_value=0.0091741299042870979 0.043150860831436023 -0.00099493476448694407 -0.012461089680693139 0.015764819290037993 -0.010793925459676735 0.0063362686038855006 0.0050076088997715951 -0.031984441375226769 -0.024764105119633631 0.021655448716771258 0.030078431574224185 -0.047650792114409465 0.023572964725208725 0.011762786888661855 -0.011119113242227859 0.013290314317376671 -0.00077907506703684412 -0.20109032928021928 -0.050615388391955451 0.011636839484816133 0.00030711202221536085 0.027009947572711076 0.10793216325868094 0.011996945639254552 -0.047476783622594637 -0.017793128769269174 -0.0087190370902759211 0.093120132236076153 -0.097699117618425355 -0.030891937407220828
leaf_weight=352562 13797 558708 430601 122758 184933 230828 1286182 34835 25186 118308 88007 34318 55960 129174 198958 63737 313142 1453 27896 13132 265096 15817 6063 52570 44521 9332 181082 2876 17940 120228
leaf_count=352562 13797 558708 430601 122758 184933 230828 1286182 34835 25186 118308 88007 34318 55960 129174 198958 63737 313142 1453 27896 13132 265096 15817 6063 52570 44521 9332 181082 2876 17940 120228
internal_value=-3.54148e-08 -0.000696002 -0.00598563 0.000734531 0.000212637 0.00156124 0.000217938 0.0040321 -0.00346498 0.0135077 0.0128909 -0.0054538 -0.00285599 -0.00443715 -0.0164934 -0.00703283 -0.00747856 -0.0172689 -0.0580453 -0.00790662 -0.00976075 -0.00767707 0.00271356 -0.0147236 -0.0340121 -0.0187685 -0.020953 -0.0548 -0.070399 -0.0175664
internal_weight=5e+06 4.64744e+06 989309 3.65813e+06 3.53537e+06 3.00795e+06 2.68911e+06 1.32102e+06 1.3681e+06 143494 318835 1.2246e+06 991325 935365 233276 806191 527424 214282 29349 792394 728657 671004 271159 399845 57653 347275 331458 30148 27272 301310
internal_count=5000000 4647438 989309 3658129 3535371 3007947 2689112 1321017 1368095 143494 318835 1224601 991325 935365 233276 806191 527424 214282 29349 792394 728657 671004 271159 399845 57653 347275 331458 30148 27272 301310
cat_boundaries=0 1 2 3 4 5
cat_threshold=917376 384 523264 4095 1920
is_linear=0
shrinkage=0.1


Tree=131
num_leaves=31
num_cat=7
split_feature=11 0 17 0 23 72 76 71 48 12 80 76 72 90 0 76 12 79 76 0 76 75 73 9 26 76 81 72 72 73
split_gain=3149.67 6422.41 5888.93 4676.63 5579.52 4151.23 4714.09 4204.7 6152.93 4271.46 4673.71 4768.81 6110.3 5636.27 4199.54 4221.58 4970.79 4065.18 3843.01 3507.71 3504.35 3478.38 3432.55 3358.64 3321.29 4212.81 3756.19 3805.3 4187.2 4128.46
threshold=-5.9500000476837149 -10.15000009536743 -3.5499999523162837 2.6499999761581425 -8.5500001907348615 41.927499771118171 0 0.65000000596046459 1.0500000119209292 19.550000190734867 17.650000572204593 1 40.354150772094734 1.0000000180025095e-35 24.150000572204593 2 24.150000572204593 4.5499999523162851 3 20.44999980926514 4 5 129.87249755859378 -10.349999904632567 1.0000000180025095e-35 6 1.0000000180025095e-35 33.418348312377937 30.90164947509766 139.74584960937503
decision_type=10 2 10 2 8 2 1 8 10 8 10 1 2 10 2 1 10 10 1 2 1 1 2 10 8 1 10 2 2 2
left_child=1 2 -1 4 -3 7 21 8 -2 10 11 17 13 22 15 -11 19 -9 -6 -17 -15 -7 -13 -20 25 -24 27 28 -27 -30
right_child=5 3 -4 -5 18 6 -8 9 -10 14 -12 12 -14 20 -16 16 -18 -19 23 -21 -22 -23 24 -25 -26 26 -28 -29 29 -31
leaf_value=-0.047914951716424008 0.0012253547748346657 0.069730910708776711 0.094350225895105208 0.096323400870204426 0.030123217172072322 -0.036419915938229984 0.00048237954599441972 0.01274803863487824 -0.017077390637152471 -0.0036593594442072895 0.01821667770432539 0.026969840540887455 0.027341274822382078 -0.0034633066816324486 0.0038228056892410673 -0.051919786405048865 -0.089652512335420487 -0.022518639908903661 -0.058149527737297424 -0.0099923590112001026 0.031723731983397695 -0.010595304860078952 0.0049018002224393703 0.0059744056444001256 0.020191319895930052 0.079481913832180076 0.033707784802902055 -0.0085801807652704596 -0.037108615912172363 0.18335195095154855
leaf_weight=22311 489532 18247 3346 8786 39011 61263 435913 574750 293976 437222 242606 34459 76714 45015 542147 24867 10577 34656 12071 100993 76243 350825 248248 25263 49413 3324 19028 633330 85006 858
leaf_count=22311 489532 18247 3346 8786 39011 61263 435913 574750 293976 437222 242606 34459 76714 45015 542147 24867 10577 34656 12071 100993 76243 350825 248248 25263 49413 3324 19028 633330 85006 858
internal_value=-5.047e-08 0.0154205 -0.0293618 0.0265349 0.0200527 -0.000408552 -0.00676707 0.000931761 -0.00564192 0.0025217 0.00515382 0.00346904 -1.65957e-05 -0.00177297 -0.00248786 -0.00845187 -0.0238078 0.0107423 0.00817927 -0.0182762 0.0186635 -0.0144353 -0.00408102 -0.0147545 -0.00511064 -0.00637377 -0.0101484 -0.0113036 -0.0306425 -0.0349057
internal_weight=5e+06 129035 25657 103378 94592 4.87096e+06 848001 4.02296e+06 783508 3.23946e+06 2.12365e+06 1.88104e+06 1.27164e+06 1.19492e+06 1.11581e+06 573659 136437 609406 76345 125860 121258 412088 1.07367e+06 37334 1.03921e+06 989794 741546 722518 89188 85864
internal_count=5000000 129035 25657 103378 94592 4870965 848001 4022964 783508 3239456 2123650 1881044 1271638 1194924 1115806 573659 136437 609406 76345 125860 121258 412088 1073666 37334 1039207 989794 741546 722518 89188 85864
cat_boundaries=0 1 2 3 4 5 6 7
cat_threshold=131024 8388863 14680575 8134528 7865088 4102 6292224
is_linear=0
shrinkage=0.1


Tree=132
num_leaves=31
num_cat=10
split_feature=75 12 12 72 75 76 75 75 12 12 0 76 76 86 74 72 0 13 23 9 6 6 12 75 82 76 72 76 23 11
split_gain=3097.24 5094.59 4738.93 4316.03 3341.84 3328.38 6493.26 4960.4 5917.45 4971.61 5994.31 4198.28 3950.63 3552.7 3506.22 3394.18 3220.74 4426.13 3108.17 3087.58 3036.37 3031.19 3128.44 3005.67 2988.75 2983.39 2739.27 2737.72 2729.62 2713.42
threshold=0 -2.5499999523162837 23.44999980926514 32.880001068115241 1 2 3 4 12.050000190734865 8.2500000000000018 12.449999809265138 5 6 5.2500000000000009 1099.0000000000002 40.964998245239265 0.84999999403953563 2.2500000000000004 10.84999990463257 -10.349999904632567 17.750000000000004 9.8499999046325701 8.2500000000000018 7 3.7500000000000004 8 30.03750038146973 9 6.2500000000000009 1.2500000000000002
decision_type=1 10 8 2 1 1 1 1 10 10 2 1 1 10 2 2 2 8 10 10 8 8 10 1 10 1 2 1 10 8
left_child=1 -1 3 25 -4 6 11 9 21 13 18 -5 19 29 15 -10 28 -18 24 -8 -17 22 27 -20 -11 -2 -6 -9 -3 -7
right_child=2 16 4 5 26 7 12 8 14 10 -12 -13 -14 -15 -16 20 17 -19 23 -21 -22 -23 -24 -25 -26 -27 -28 -29 -30 -31
leaf_value=0.071164891966121038 0.025569551898933909 -0.016469479240245763 -0.060909771410787142 0.018577034374639114 0.012254595954571129 0.0048309668097583887 -0.10488460049681403 0.053352363845800665 0.0063869082125284603 -0.011263915870145625 0.0035070199025214691 -0.0033455569298067723 -0.0035926435682791581 0.017425781212995355 -0.076114879917691336 -0.020952212474530729 0.043335922835750162 0.0035793739821570296 -0.11728754805159891 -0.019727531761568995 0.013215445509299687 0.039404377147931928 -0.0048662573498892241 -0.033077175793892286 -0.056888940781199042 0.0037091179449384617 -0.01432142260588825 0.013938402989671406 -0.10458475558924651 -0.0074396280185427656
leaf_weight=11288 99815 28926 13785 122856 44982 371454 4318 24830 514897 211930 172126 302237 229236 120518 5690 95370 28679 1188277 4536 304966 35762 64639 56944 63581 15401 166686 281486 60749 4002 350034
leaf_count=11288 99815 28926 13785 122856 44982 371454 4318 24830 514897 211930 172126 302237 229236 120518 5690 95370 28679 1188277 4536 304966 35762 64639 56944 63581 15401 166686 281486 60749 4002 350034
internal_value=-4.28082e-08 0.00428525 -0.00144556 -0.000319076 -0.0126973 -0.00135858 -0.00624873 0.000814508 0.00672031 -0.0030588 -0.0113271 0.00299057 -0.0135419 0.00153263 0.00204061 0.00272898 0.00368128 0.00451628 -0.0199694 -0.0209158 -0.0116341 0.0214427 0.0132965 -0.0387069 -0.0143549 0.0118978 -0.0106594 0.0253819 -0.0271788 -0.00112218
internal_weight=5e+06 1.26117e+06 3.73883e+06 3.39858e+06 340253 3.13207e+06 963613 2.16846e+06 858881 1.30958e+06 467574 425093 538520 842006 651719 646029 1.24988e+06 1.21696e+06 295448 309284 131132 207162 142523 68117 227331 266501 326468 85579 32928 721488
internal_count=5000000 1261172 3738828 3398575 340253 3132074 963613 2168461 858881 1309580 467574 425093 538520 842006 651719 646029 1249884 1216956 295448 309284 131132 207162 142523 68117 227331 266501 326468 85579 32928 721488
cat_boundaries=0 1 2 3 4 5 6 7 8 9 10
cat_threshold=2432 4126 508672 5634 5134 393216 491520 4 8389119 3670132
is_linear=0
shrinkage=0.1


Tree=133
num_leaves=31
num_cat=4
split_feature=76 85 12 0 0 17 0 72 11 74 72 70 12 77 0 12 0 83 86 11 76 75 56 76 48 0 89 23 88 12
split_gain=3016.76 5758 3904.06 5597.1 5102.46 4761.66 4250.53 5016.39 4067.63 3410.74 3440.28 3347.75 4151.38 5357.93 5061.36 3289.43 5938.85 4093.13 3289.28 3619.88 3289.19 3211.1 3122.59 4401.72 4093.28 3108.86 3060.29 3034.3 2968.9 2936.31
threshold=0 5.4500000476837167 -7.5499999523162833 -4.7499999999999991 -1.0000000180025095e-35 -3.5499999523162837 -12.849999904632567 43.490848541259773 2.8500000238418584 1099.0000000000002 44.199998855590827 1.0500000119209292 22.750000000000004 21.550000190734867 23.550000190734867 14.449999809265138 15.34999990463257 11.250000000000002 10.250000000000002 8.2500000000000018 1 2 2.1499999761581425 3 1.8499999642372134 11.250000000000002 7.6499998569488534 9.6500000953674334 4.9500000476837167 28.650000572204593
decision_type=1 10 8 2 2 10 2 2 8 2 2 8 10 10 2 8 2 10 10 8 1 1 8 1 8 2 8 8 10 10
left_child=1 9 4 8 5 6 -2 -8 -4 10 28 26 13 15 20 17 -17 18 19 22 -14 -18 23 -13 -24 -19 -5 -20 29 -1
right_child=2 -3 3 11 -6 -7 7 -9 -10 -11 -12 12 14 -15 -16 16 21 25 27 -21 -22 -23 24 -25 -26 -27 -28 -29 -30 -31
leaf_value=0.0087080800351826745 -0.071568358111590666 -0.029988899308453498 -0.030857890134556906 -0.019548800589016823 0.09814134884150244 0.11491947640045869 -0.012772841635815921 0.047210302689339241 -0.32534875376543809 -0.049566375682776144 -0.023291177786567686 -0.013965429543266423 -0.022226438922084615 0.01729151462530502 -0.0036512572440133618 -0.028685126964796744 0.010297161223415671 0.043355623653796901 0.040190789624273165 -0.015586404990731826 -0.075568544649861236 -0.0073237930191774412 -0.010881428410925639 0.0078320330328673065 0.014792444304129813 0.009866154199388133 -0.0041177388661225297 0.0062194632598735512 -0.020502847513940912 -0.0068660486141857132
leaf_weight=1182281 6459 48667 55846 155546 7698 4227 31151 25238 473 11364 40468 231940 60074 209299 332731 95811 156856 30777 33225 166484 14315 303513 84082 154245 237528 279024 739683 126013 40114 134868
leaf_count=1182281 6459 48667 55846 155546 7698 4227 31151 25238 473 11364 40468 231940 60074 209299 332731 95811 156856 30777 33225 166484 14315 303513 84082 154245 237528 279024 739683 126013 40114 134868
internal_value=-5.91396e-08 0.00382889 -0.00157582 -0.00206334 0.0210317 0.0121821 0.00527219 0.0140738 -0.0333312 0.00499691 0.00544052 -0.00154709 0.000321629 0.00210644 -0.00892331 0.000433249 -0.00603405 0.00311093 8.87469e-05 -0.00231888 -0.0325044 -0.00131995 0.000801837 -0.00525953 0.00808024 0.0131931 -0.00679889 0.0133076 0.00629718 0.00711338
internal_weight=5e+06 1.45776e+06 3.54224e+06 3.46746e+06 74773 67075 62848 56389 56319 1.4091e+06 1.39773e+06 3.41115e+06 2.51592e+06 2.1088e+06 407120 1.8995e+06 556180 1.34332e+06 1.03352e+06 874279 74389 460369 707795 386185 321610 309801 895229 159238 1.35726e+06 1.31715e+06
internal_count=5000000 1457762 3542238 3467465 74773 67075 62848 56389 56319 1409095 1397731 3411146 2515917 2108797 407120 1899498 556180 1343318 1033517 874279 74389 460369 707795 386185 321610 309801 895229 159238 1357263 1317149
cat_boundaries=0 1 2 3 4
cat_threshold=8388671 7340480 1408 130560
is_linear=0
shrinkage=0.1


Tree=134
num_leaves=31
num_cat=2
split_feature=79 77 12 77 22 12 77 23 76 78 80 74 23 12 9 6 77 31 12 0 89 14 0 50 0 90 12 76 6 90
split_gain=2992.25 3499.4 6827.57 6193.27 5702.58 3883.96 3866.31 4511.92 3776.85 5528.74 4531.57 3576.52 3555.9 3470.73 3468.1 3465.85 3465.22 3231.41 4722.9 3377.91 3113.2 4175.34 2966.57 2984.88 3043.46 3030.15 2836.3 3524.42 3626.58 2809.88
threshold=0.55000001192092907 19.650000572204593 10.050000190734865 5.4500000476837167 4.0499999523162851 0.45000000298023229 -4.7499999999999991 -3.0499999523162837 0 1.0000000180025095e-35 -3.7499999999999996 573.00000000000011 20.150000572204593 29.44999980926514 30.94999980926514 27.44999980926514 12.250000000000002 1.0000000180025095e-35 15.750000000000002 6.4500000476837167 25.44999980926514 21.050000190734867 0.84999999403953563 3.3500000238418584 -3.0499999523162837 1.0000000180025095e-35 19.150000572204593 1 10.050000190734865 1.0000000180025095e-35
decision_type=8 8 8 10 8 8 10 10 1 8 8 2 8 10 8 10 10 10 10 2 8 10 2 10 2 10 10 1 8 8
left_child=-1 2 3 5 -5 6 -2 -8 9 10 -3 12 16 15 -15 -10 17 -4 19 -19 21 29 23 25 -25 -7 27 28 -18 -12
right_child=1 8 11 4 -6 22 7 -9 13 -11 20 -13 -14 14 -16 -17 26 18 -20 -21 -22 -23 -24 24 -26 -27 -28 -29 -30 -31
leaf_value=0.0083288241484067611 -0.016045135414760808 -0.066855009157639173 -0.013444982812340127 0.040902526458983554 0.0060687241025673151 -0.013522599164014685 0.036087648609525506 0.0013596857500660006 0.0047011877086625816 0.017148035391467108 -0.0084683107735383598 -0.042906178566307268 -0.030049119365012224 -0.024287837773256552 0.010245502650016107 0.030366679668864041 -0.075987284854847403 -0.14414311113296924 -0.17792241677383475 -0.018523680614453999 0.00099818227040538972 -0.037016000346597105 -0.0062157116955988273 -0.17629816609900661 -0.04938993744998639 -0.083813987871043882 -0.014308922404144414 0.012073748611845967 -0.0059050124458815655 0.03258564113398546
leaf_weight=397087 75008 11820 215347 54818 329402 72916 51345 137859 1564671 122484 477300 34728 78746 79758 45770 54446 8171 2492 2714 15180 513297 51264 183287 2142 16042 6696 121503 179787 76645 17275
leaf_count=397087 75008 11820 215347 54818 329402 72916 51345 137859 1564671 122484 477300 34728 78746 79758 45770 54446 8171 2492 2714 15180 513297 51264 183287 2142 16042 6696 121503 179787 76645 17275
internal_value=-7.34227e-08 -0.000718596 -0.00438152 0.0013143 0.0110386 -0.00553752 0.00316735 0.0107839 0.00135695 -0.002978 -0.00527982 -0.0115817 -0.0100289 0.00432231 -0.0116963 0.00556424 -0.00749366 -0.0170473 -0.0551003 -0.0362378 -0.00459264 -0.00985015 -0.0137199 -0.0277841 -0.0643392 -0.0194347 -0.00166077 0.00414713 -0.0126551 -0.00703434
internal_weight=5e+06 4.60291e+06 1.66483e+06 929515 384220 545295 264212 189204 2.93808e+06 1.19344e+06 1.07096e+06 735313 700585 1.74464e+06 125528 1.61912e+06 621839 235733 20386 17672 1.05914e+06 545839 281083 97796 18184 79612 386106 264603 84816 494575
internal_count=5000000 4602913 1664828 929515 384220 545295 264212 189204 2938085 1193440 1070956 735313 700585 1744645 125528 1619117 621839 235733 20386 17672 1059136 545839 281083 97796 18184 79612 386106 264603 84816 494575
cat_boundaries=0 1 2
cat_threshold=2093056 261120
is_linear=0
shrinkage=0.1


Tree=135
num_leaves=31
num_cat=8
split_feature=11 0 24 76 50 11 12 76 86 23 7 0 80 76 48 12 80 27 23 76 83 0 29 75 76 43 76 82 75 80
split_gain=2890.07 5350.89 6625.3 6793.34 6704.26 6457.87 5678.13 6384 4795.28 5224.32 4785.54 4350.65 4258.82 4560.18 4698.87 4060.91 4629.81 4983.6 4429.81 3942.64 4675.23 3913.02 3726.37 3692.04 3604.56 4905.89 3600.27 3491.56 3436.31 3339.54
threshold=-1.9499999880790708 0.45000000298023229 1.0000000180025095e-35 0 3.6499999761581425 2.8500000238418584 4.2500000000000009 1 16.550000190734867 15.949999809265138 -1.2499999999999998 -2.7499999999999996 -5.4500000476837149 2 4.3500001430511483 22.750000000000004 16.550000190734867 1.0000000180025095e-35 15.949999809265138 3 23.050000190734867 14.650000095367433 1.0000000180025095e-35 4 5 1.0000000180025095e-35 6 3.6499999761581425 7 8.6500000953674334
decision_type=10 2 2 1 10 10 8 1 8 10 8 2 8 1 8 8 8 10 8 1 8 2 10 1 1 10 1 8 1 10
left_child=12 2 3 4 22 11 7 -3 9 23 26 -4 -1 14 -14 16 27 24 21 -20 -21 -17 -2 -8 25 28 -9 -10 -18 -12
right_child=1 6 5 -5 -6 -7 8 10 15 -11 29 -13 13 -15 -16 18 17 -19 19 20 -22 -23 -24 -25 -26 -27 -28 -29 -30 -31
leaf_value=-0.011058925577265325 0.014457720177932388 0.048479769446694368 -0.12702397105121518 -0.024605320347553795 -0.060697466437134168 -0.15693690846979058 0.011099391409579523 -0.043082365268499137 -0.0010371734214135063 -0.021354939501597416 0.0060038085915589019 -0.018708182666365671 -0.0001768213143831775 0.035597167853159833 0.042498153473127936 0.0098642425181741291 -0.0071049477814616215 0.025409528270833606 0.0058759580517165361 -0.03125303182869766 -0.004137224934839456 -0.057256369242358877 -0.067197567777781006 -0.0059741391291475441 0.010911738716785725 -0.029888261055205367 0.040133635864428745 -0.026363037556609039 0.0088698958362765559 0.030022089513645489
leaf_weight=82853 148068 40254 4416 138153 14088 5265 149363 29225 342383 193498 356707 23138 160990 76082 30726 12620 224599 134152 343831 73539 469784 27860 5808 832763 552355 51118 6317 64728 336212 69105
leaf_count=82853 148068 40254 4416 138153 14088 5265 149363 29225 342383 193498 356707 23138 160990 76082 30726 12620 224599 134152 343831 73539 469784 27860 5808 832763 552355 51118 6317 64728 336212 69105
internal_value=-6.36604e-08 -0.000660317 -0.0127584 -0.00818056 0.00533021 -0.0554581 0.00029098 0.0102923 -0.00102616 -0.00633646 0.00695912 -0.0360676 0.00875436 0.0148843 0.00666228 0.00134471 0.0042409 0.0071583 -0.00398023 -0.0025041 -0.00780722 -0.0363309 0.0113757 -0.00337752 0.00505534 -0.000231084 -0.0282929 -0.00506382 0.00247217 0.00990173
internal_weight=5e+06 4.64935e+06 338936 306117 167964 32819 4.31041e+06 501608 3.8088e+06 1.17562e+06 461354 27554 350651 267798 191716 2.63318e+06 1.70555e+06 1.29844e+06 927634 887154 543323 40480 153876 982126 1.16428e+06 611929 35542 407111 560811 425812
internal_count=5000000 4649349 338936 306117 167964 32819 4310413 501608 3808805 1175624 461354 27554 350651 267798 191716 2633181 1705547 1298436 927634 887154 543323 40480 153876 982126 1164284 611929 35542 407111 560811 425812
cat_boundaries=0 1 2 3 4 5 6 7 8
cat_threshold=127 12582943 2096160 127 928 522240 130048 112
is_linear=0
shrinkage=0.1


Tree=136
num_leaves=31
num_cat=6
split_feature=74 73 76 73 72 76 72 24 72 73 82 72 73 76 72 75 12 75 72 11 72 88 13 21 72 76 27 14 72 1
split_gain=2854.06 2939.85 5445.85 4920.39 4295.49 4493.85 4861.19 3786.06 3728.02 4820.48 3838.78 3109.16 4940.92 7610.36 2985.98 2962.4 2843.32 4789.73 3164.69 2709.53 3252.65 2635.96 2632.44 2581.11 2480.03 3584.37 2905.92 2455.05 2423.17 2794.17
threshold=199.50000000000003 140.11250305175784 0 135.22000122070315 30.90164947509766 1 35.44585037231446 1.0000000180025095e-35 44.050001144409187 141.78749847412112 2.1499999761581425 34.879999160766609 138.99334716796878 2 34.47669982910157 3 0.45000000298023229 4 40.00164985656739 16.349999427795414 32.232500076293952 3.4500000476837163 15.550000190734865 15.550000190734865 44.288349151611335 5 1.0000000180025095e-35 16.150000572204593 37.670000076293952 1.0500000119209292
decision_type=2 2 1 2 2 1 2 2 2 2 10 2 2 1 2 1 8 1 2 8 2 8 10 10 2 1 8 8 2 10
left_child=1 3 7 4 23 6 14 8 10 -10 -3 12 -5 22 -6 -11 -2 18 19 20 -18 -13 -14 -1 -4 -26 -27 -8 29 -19
right_child=16 2 24 11 5 -7 27 -9 9 15 -12 21 13 -15 -16 -17 17 28 -20 -21 -22 -23 -24 -25 25 26 -28 -29 -30 -31
leaf_value=0.059652220578428908 0.0064649235950122374 -0.0078203914596151943 0.0055441303953173348 0.012328079367537288 -0.0086218795265146086 0.0030585932569767494 0.054530892000872078 0.016041018232908828 0.052995514367465447 0.035006079781768805 -0.025841803969222029 0.011774627143893549 0.14581830754094185 0.010748905199616667 -0.028704463806047749 -0.017525144809801173 0.03294125091146554 0.034798290222850289 -0.096855288698721023 -0.11281592880102237 -0.021287674448390512 0.0003453905374072681 0.068003555674678626 0.011075032063134718 0.025390023219324862 -0.017846904051494496 -0.092824088372329305 -0.0027943529172920391 -0.01207514472598132 -0.0014961829378343679
leaf_weight=11838 222622 329988 687590 191792 341305 549347 16480 55889 19002 14111 184167 387895 7180 21478 94546 44765 11958 21849 5394 3021 147369 420595 11020 143888 18489 54950 5706 13666 235070 727030
leaf_count=11838 222622 329988 687590 191792 341305 549347 16480 55889 19002 14111 184167 387895 7180 21478 94546 44765 11958 21849 5394 3021 147369 420595 11020 143888 18489 54950 5706 13666 235070 727030
internal_value=-4.12496e-08 0.0014709 -0.00208901 0.00374859 -0.000696896 -0.00306875 -0.0102919 -0.00883839 -0.0111872 0.00920226 -0.0142755 0.00875453 0.0189734 0.051095 -0.0129782 -0.00493185 -0.00388064 -0.00588044 -0.0214989 -0.0189965 -0.0172176 0.00582888 0.0986477 0.0147678 0.00361455 -0.0131487 -0.024896 0.0285438 -0.00321758 -0.00043727
internal_weight=5e+06 3.62569e+06 1.41466e+06 2.21103e+06 1.17107e+06 1.01534e+06 465997 647922 592033 77878 514155 1.03996e+06 231470 39678 435851 58876 1.37431e+06 1.15169e+06 167742 162348 159327 808490 18200 155726 766735 79145 60656 30146 983949 748879
internal_count=5000000 3625687 1414657 2211030 1171070 1015344 465997 647922 592033 77878 514155 1039960 231470 39678 435851 58876 1374313 1151691 167742 162348 159327 808490 18200 155726 766735 79145 60656 30146 983949 748879
cat_boundaries=0 1 2 3 4 5 6
cat_threshold=524032 16744451 2096128 6146 4102 3670016
is_linear=0
shrinkage=0.1


Tree=137
num_leaves=31
num_cat=9
split_feature=75 12 12 76 0 76 72 12 73 34 76 48 72 6 76 7 75 12 17 0 17 12 76 6 76 76 12 0 7 12
split_gain=2871.28 5173.19 4732.82 6063.58 5861.72 4266.94 4535.91 7748.12 4871.28 4888.21 4953.37 3917.2 3877.01 3849.38 7000.01 3718.83 3573.85 3628.95 4275.28 3471.58 3460 3429.23 4531.48 3563.62 5177.79 3482.95 4353.55 4261.73 3744.5 3371.11
threshold=0 20.250000000000004 14.750000000000002 1 21.150000572204593 2 37.019998550415046 1.2500000000000002 137.86834716796878 1.0000000180025095e-35 3 5.3500001430511483 32.968299865722663 15.650000095367433 4 12.84999990463257 5 4.2500000000000009 18.150000572204593 -5.2499999999999991 9.2500000000000018 18.650000572204593 6 19.650000572204593 7 8 27.250000000000004 19.050000190734867 28.250000000000004 21.44999980926514
decision_type=1 8 10 1 2 1 2 10 2 10 1 8 2 8 1 8 1 8 10 2 10 8 1 8 1 1 8 2 8 10
left_child=1 5 3 -2 16 11 8 -8 12 -10 -11 19 -7 14 15 -4 17 20 -19 -1 -5 22 -15 24 -23 27 -27 -25 -28 -26
right_child=2 -3 13 4 -6 6 7 -9 9 10 -12 -13 -14 21 -16 -17 -18 18 -20 -21 -22 23 -24 25 29 26 28 -29 -30 -31
leaf_value=-0.06244511736638908 0.018095488581096452 -0.035434307358961407 -0.15205261885746016 0.004130760771115463 0.032808404447882765 0.018153695740980327 0.0060268684893710275 -0.018830666960228844 0.015512391383151546 0.13931125760500643 0.018691370956145596 0.014842872138483114 -0.0033862553426606077 0.028722281072398645 -0.0060038033218692017 -0.042877138571928881 0.012588413894393106 -0.011630046612000724 0.041675822980348165 -0.012910542860714311 0.077093359859075672 -0.0056931174154395631 0.0024753900538380426 -0.075566474592408658 -0.032885130633721747 0.01053291293181682 -0.015587440000461784 -0.0043923071337061232 0.008634524615254692 -0.11809375336229143
leaf_weight=14759 336528 48984 3453 234150 58608 104994 246131 255629 157670 6683 6954 50324 409360 91251 240527 32354 177374 371974 15680 342048 6685 224774 235600 8553 39989 498631 151617 513244 110219 5253
leaf_count=14759 336528 48984 3453 234150 58608 104994 246131 255629 157670 6683 6954 50324 409360 91251 240527 32354 177374 371974 15680 342048 6685 224774 235600 8553 39989 498631 151617 513244 110219 5253
internal_value=-2.57947e-08 -0.00342457 0.00167685 0.00670744 0.00227397 -0.00244126 0.000587808 -0.00663717 0.00587498 0.0204803 0.0779187 -0.0112755 0.00101065 -0.00112613 -0.0121462 -0.0533904 5.33241e-05 -0.00348451 -0.00947391 -0.0149595 0.00615603 0.00049443 0.00980401 -0.00146581 -0.0119071 0.000732891 0.00504999 -0.00555885 -0.00539128 -0.0427692
internal_weight=5e+06 1.64354e+06 3.35646e+06 1.201e+06 864471 1.59455e+06 1.18742e+06 501760 685661 171307 13637 407131 514354 2.15546e+06 276334 35807 805863 628489 387654 356807 240835 1.87913e+06 326851 1.55228e+06 270016 1.28226e+06 760467 521797 261836 45242
internal_count=5000000 1643536 3356464 1200999 864471 1594552 1187421 501760 685661 171307 13637 407131 514354 2155465 276334 35807 805863 628489 387654 356807 240835 1879131 326851 1552280 270016 1282264 760467 521797 261836 45242
cat_boundaries=0 1 2 3 4 5 6 7 8 9
cat_threshold=30 12976143 1032192 14680127 15986688 7168 12590607 4095 1039680
is_linear=0
shrinkage=0.1


Tree=138
num_leaves=31
num_cat=9
split_feature=74 89 11 72 0 75 11 75 76 73 83 12 73 76 76 48 77 41 72 76 76 75 75 23 0 85 0 16 90 73
split_gain=2779.42 2861.49 5578.3 4253.15 5156.55 4745.25 4591.06 5784.62 4573.19 4971.03 3984.09 3925.74 3560.54 3498.25 3486.83 3919.65 3569.88 3442.91 3340.16 3259.87 3019.76 3050.4 2892.69 3053.35 3331.47 2784.09 2721.46 5093.72 2822.58 2692.65
threshold=733.00000000000011 -5.5499999523162833 -1.4499999880790708 37.846700668334968 -0.15000000223517415 0 4.4500000476837167 1 2 140.40999603271487 0.84999999403953563 17.44999980926514 137.86834716796878 3 4 4.3500001430511483 -3.1499999761581416 1.0000000180025095e-35 36.436649322509773 5 6 7 8 21.250000000000004 19.94999980926514 2.2500000000000004 15.050000190734865 11.449999809265138 1.0000000180025095e-35 144.7174987792969
decision_type=2 8 10 2 2 1 8 1 1 2 10 8 2 1 1 8 8 10 2 1 1 1 1 8 2 8 2 10 10 2
left_child=1 29 14 8 5 -5 20 19 9 26 -7 13 -10 -9 15 -3 -16 -14 -19 -8 -6 -22 -13 -24 -25 -2 27 28 -4 -1
right_child=25 2 3 4 6 10 7 11 12 -11 -12 22 17 -15 16 -17 -18 18 -20 -21 21 -23 23 24 -26 -27 -28 -29 -30 -31
leaf_value=-0.021743258877357105 -7.3478903570111138e-05 0.0010556545302224803 -0.0091112582651286314 0.033635065729849561 0.028124773091759238 -0.034991297728930434 0.00024799845400078058 0.015562404166472614 0.0023801495457671184 0.031790793337117866 0.04977300277213112 -0.023073513870368437 0.0095072465136385054 -0.0022120628253734492 0.0060690499041646745 0.038626423270465525 0.048126297496360208 0.064226205336237643 0.011589719758969235 -0.031879906273708659 -0.0089459774414687408 0.018612150601249974 0.005635861378425094 -0.058724222269160124 -0.0093792839395560428 -0.025754045959400132 -0.00026379014436634648 -0.038612965715855263 0.021064888811160594 0.034136409391537663
leaf_weight=89652 86496 169800 326625 12831 66478 106033 43559 165608 1354302 39575 5851 112774 475603 334096 33506 33197 50754 23785 24447 114913 93753 70257 156230 14954 160853 82463 651618 56199 34247 9541
leaf_count=89652 86496 169800 326625 12831 66478 106033 43559 165608 1354302 39575 5851 112774 475603 334096 33506 33197 50754 23785 24447 114913 93753 70257 156230 14954 160853 82463 651618 56199 34247 9541
internal_value=1.84247e-08 0.000440941 0.000793313 -7.95683e-05 -0.00450653 -0.0239514 -0.00268793 -0.0053702 0.00208202 -0.00301219 -0.0305558 -0.00240367 0.00508803 0.00367888 0.014299 0.00719941 0.0313985 0.012089 0.0375467 -0.0230495 0.0101479 0.00285952 -0.00923691 -0.00453658 -0.0135765 -0.0126073 -0.00430102 -0.0106087 -0.00624752 -0.0163684
internal_weight=5e+06 4.83104e+06 4.73185e+06 4.44459e+06 1.45819e+06 124715 1.33348e+06 1.10299e+06 2.9864e+06 1.10826e+06 111884 944515 1.87814e+06 499704 287257 202997 84260 523835 48232 158472 230488 164010 444811 332037 175807 168959 1.06869e+06 417071 360872 99193
internal_count=5000000 4831041 4731848 4444591 1458190 124715 1333475 1102987 2986401 1108264 111884 944515 1878137 499704 287257 202997 84260 523835 48232 158472 230488 164010 444811 332037 175807 168959 1068689 417071 360872 99193
cat_boundaries=0 1 2 3 4 5 6 7 8 9
cat_threshold=1136 4126 8372224 16515079 2096160 16252928 16253135 30 3168
is_linear=0
shrinkage=0.1


Tree=139
num_leaves=31
num_cat=4
split_feature=82 85 77 12 83 6 11 76 0 76 25 8 39 12 3 5 75 14 17 62 83 12 0 11 11 0 75 13 0 16
split_gain=2683.86 3218.51 3350.38 4239.69 6734.22 5263.16 6406.22 5424.55 4814.51 3705.98 6155.76 4893.61 3986.97 3641.5 4732 3604.4 3227.39 3297.99 3153.27 3406.72 3101.72 3085.21 3742.32 5022.4 4698.35 6589.22 3801.81 3078.61 3555.05 2902.99
threshold=0.65000000596046459 0.65000000596046459 25.849999427795414 8.2500000000000018 11.250000000000002 4.8500001430511483 4.6499998569488534 0 5.8500001430511483 1 1.0000000180025095e-35 7.2500000000000009 1.2500000000000002 13.250000000000002 13.750000000000002 8.2500000000000018 2 3.0499999523162846 10.650000095367433 3.8500000238418584 26.94999980926514 27.250000000000004 18.849999427795414 20.849999427795414 16.750000000000004 12.050000190734865 3 21.849999427795414 22.550000190734867 11.84999990463257
decision_type=8 8 10 8 8 8 8 1 2 1 10 8 10 8 8 8 1 10 10 10 10 10 2 10 10 2 1 10 2 8
left_child=-1 -2 3 5 -5 6 18 -7 -9 10 11 -6 13 15 -15 -13 -10 -18 19 -3 27 22 24 -24 25 -11 -26 -16 -29 -8
right_child=1 2 -4 4 9 7 29 8 16 21 -12 12 -14 14 20 -17 17 -19 -20 -21 -22 -23 23 -25 26 -27 -28 28 -30 -31
leaf_value=0.0067211302805911454 0.0065976082852219724 -0.0033466119707198554 0.0091919363122298283 -0.019827800789253586 -0.071655965470890939 0.027791926545985442 -0.029481257251858642 -0.017569409256650691 -0.0024221674980381214 -0.0080291129461971308 0.018198876475798813 -0.048372241040991942 -0.04713751939717846 -0.073712637079667159 -0.011572521403210918 0.0069641274687956296 0.048512348058373234 0.012131945413494046 0.050046211695641198 0.013721457590163424 0.0072667577792974881 -0.013629743411317327 0.026158459105672018 0.00242810895955659 -0.037985799530468746 0.018176497835543214 -0.0070460146116868615 -0.1182948421427317 -0.02907421295367428 0.02831860509511186
leaf_weight=531026 519903 614194 260326 274369 13443 131872 104443 79914 104902 193850 75514 12670 28699 12837 296249 165884 32861 103089 12752 144443 69343 148197 122106 330824 45577 189989 308474 4839 57933 9478
leaf_count=531026 519903 614194 260326 274369 13443 131872 104443 79914 104902 193850 75514 12670 28699 12837 296249 165884 32861 103089 12752 144443 69343 148197 122106 330824 45577 189989 308474 4839 57933 9478
internal_value=2.25964e-08 -0.000798613 -0.00177234 -0.00254612 -0.00510376 0.00194769 -0.00253699 0.0107192 0.0036994 -0.0031582 -0.00885101 -0.0119372 -0.0106992 -0.00901182 -0.0138882 0.00303752 0.0107565 0.0209241 0.000732042 -9.68849e-05 -0.0120954 -2.30435e-05 0.0016703 0.00882561 -0.00272175 0.00494189 -0.0110302 -0.0158351 -0.0359521 -0.0246724
internal_weight=5e+06 4.46897e+06 3.94907e+06 3.68874e+06 2.3508e+06 1.33795e+06 885310 452638 320766 2.07643e+06 737411 661897 648454 619755 441201 178554 240852 135950 771389 758637 428364 1.33902e+06 1.19082e+06 452930 737890 383839 354051 359021 62772 113921
internal_count=5000000 4468974 3949071 3688745 2350797 1337948 885310 452638 320766 2076428 737411 661897 648454 619755 441201 178554 240852 135950 771389 758637 428364 1339017 1190820 452930 737890 383839 354051 359021 62772 113921
cat_boundaries=0 1 2 3 4
cat_threshold=14695439 261120 312 6158
is_linear=0
shrinkage=0.1


Tree=140
num_leaves=31
num_cat=6
split_feature=12 0 75 76 81 26 90 78 28 81 11 48 49 87 80 73 72 73 72 17 72 76 0 75 75 75 12 72 0 12
split_gain=2664.02 5716 4189.18 4137.92 6747.86 9490.52 7852.07 6893.13 6606.44 6251.28 5977.14 4651.53 4508.55 4332.37 4309.75 4213.91 4211.64 6565.33 5250.17 4008.2 3890.32 3826.43 4209.14 3593.85 3575.61 3554.65 4634.07 3789.08 3467.68 6637.68
threshold=-7.5499999523162833 -12.849999904632567 0 1 1.0000000180025095e-35 1.0000000180025095e-35 1.0000000180025095e-35 1.0000000180025095e-35 1.0000000180025095e-35 1.0000000180025095e-35 5.0499999523162851 5.4500000476837167 1.8499999642372134 1.0000000180025095e-35 4.4500000476837167 141.71585083007815 36.241651535034187 136.54419708251956 34.963350296020515 -5.9500000476837149 43.847499847412116 2 0.65000000596046459 3 4 5 14.949999809265138 40.792499542236335 13.250000000000002 14.84999990463257
decision_type=8 2 1 1 8 10 10 10 10 10 10 10 10 10 10 2 2 2 2 8 2 1 2 1 1 1 10 2 2 10
left_child=1 19 -2 9 5 6 7 8 10 11 14 15 -11 25 -5 20 17 18 -6 -1 -4 -3 24 -17 -23 26 27 -12 29 -7
right_child=2 21 3 4 16 28 -8 -9 -10 12 13 -13 -14 -15 -16 23 -18 -19 -20 -21 -22 22 -24 -25 -26 -27 -28 -29 -30 -31
leaf_value=-0.089113731551272071 -0.010246821471013941 0.069027539066635432 -0.00413000109270406 0.022137520037136767 -0.00078536479853963848 -0.032506606320143058 -0.029890352715353782 -0.037468829583366142 -0.026215030869103428 -0.0010871773158187719 0.091070136693713138 0.011520953550805329 0.027589500451482014 -0.038238419601564544 0.090773783151199439 -0.003361626363639088 -0.023841179400380736 0.038839391498222825 -0.062183963232468803 0.056444138223021301 0.062739141627488532 0.02683991934462901 0.096282358461573125 -0.027449082326480686 -0.028568635764701658 0.0057829130366302238 0.013439972853921421 0.024039968366736331 -0.0078251016694542482 -0.15637685263780018
leaf_weight=7553 389692 17113 1595591 221236 72756 37861 55956 32579 51956 107373 14485 172011 112026 20237 9543 104965 135079 34373 17224 2524 8748 30124 5690 151149 18974 1196893 301461 20185 49759 4884
leaf_count=7553 389692 17113 1595591 221236 72756 37861 55956 32579 51956 107373 14485 172011 112026 20237 9543 104965 135079 34373 17224 2524 8748 30124 5690 151149 18974 1196893 301461 20185 49759 4884
internal_value=1.6405e-08 0.0178785 -0.000297998 0.000558184 0.00356468 0.00551727 0.00702113 0.00812647 0.00893554 -0.00248117 0.00995922 -0.00421227 0.0135552 0.00772812 0.0249757 -0.00566691 -0.0116162 0.00166325 -0.0125383 -0.0526557 -0.00376538 0.0277639 0.0148599 -0.0175784 0.00542684 0.00833491 0.0174213 0.0520449 -0.0257702 -0.0466599
internal_weight=5e+06 81978 4.91802e+06 4.52833e+06 2.27647e+06 2.01704e+06 1.92453e+06 1.86858e+06 1.836e+06 2.25186e+06 1.78404e+06 2.03246e+06 219399 1.55326e+06 230779 1.86045e+06 259432 124353 89980 10077 1.60434e+06 71901 54788 256114 49098 1.53302e+06 336131 34670 92504 42745
internal_count=5000000 81978 4918022 4528330 2276467 2017035 1924531 1868575 1835996 2251863 1784040 2032464 219399 1553261 230779 1860453 259432 124353 89980 10077 1604339 71901 54788 256114 49098 1533024 336131 34670 92504 42745
cat_boundaries=0 1 2 3 4 5 6
cat_threshold=2 1048320 14681991 2496 6146 288
is_linear=0
shrinkage=0.1


Tree=141
num_leaves=31
num_cat=4
split_feature=86 12 83 23 89 11 86 23 23 88 76 0 85 75 72 76 6 11 83 0 12 83 11 17 0 72 76 16 0 0
split_gain=2605.23 4524.36 6587.26 5404.7 4991.83 5436.59 5487.03 4950.53 4770.21 4663.75 4457.41 4850.66 4077.09 3665.7 3712.54 3120.62 2950.66 2863.19 2846.12 2838.17 2746.19 2734.63 2721.93 4551.67 4940.56 4063.39 3449.83 4616.9 3124.61 2969.81
threshold=23.849999427795414 17.150000572204593 11.650000095367433 11.050000190734865 12.449999809265138 9.2500000000000018 5.2500000000000009 4.6499998569488534 11.449999809265138 2.1499999761581425 0 7.2500000000000009 4.4500000476837167 1 40.354150772094734 2 14.449999809265138 12.650000095367433 14.949999809265138 15.050000190734865 22.250000000000004 18.849999427795414 -6.6499998569488517 -2.8500000238418575 -10.15000009536743 43.490848541259773 3 11.84999990463257 4.6499998569488534 -4.7499999999999991
decision_type=10 8 10 8 10 8 10 8 8 10 1 2 10 1 2 1 8 8 8 2 10 8 8 10 2 2 1 8 2 2
left_child=1 2 4 -4 5 6 22 -8 -6 13 12 17 16 14 -3 21 -7 -12 -5 -13 -2 -15 23 24 -1 -26 28 29 -24 -28
right_child=20 9 3 18 8 10 7 -9 -10 -11 11 19 -14 15 -16 -17 -18 -19 -20 -21 -22 -23 26 -25 25 -27 27 -29 -30 -31
leaf_value=-0.035630247856954365 0.017912131969787064 -0.016921899178305288 0.032108344369953884 -0.0044044182008372654 0.043229352794906056 -0.0046975666361954958 0.034197020771901003 0.0052339482880596989 0.0061569349836656248 -0.018319933641101443 -0.047348855633831378 -0.023276529482746763 -0.057109730701224208 -0.040565795193920652 -0.15336739304352581 0.002559319621663524 0.029470733294433879 -0.13458800742925761 0.011541249576264071 0.0074311931493491207 0.0019461751005587979 -0.0062801586089632367 -0.00041682768481563198 0.086259967444756558 -0.00041944325524365399 0.047080536292364715 -0.038329245033914938 0.031194346240303091 0.023941420552072983 -0.0085819037054365842
leaf_weight=21053 154272 122963 98670 162323 43058 307400 77657 245838 178989 230930 23897 136457 13926 24905 2027 768552 27538 4465 360598 38616 357101 352944 437893 7869 43481 30743 35541 28077 59862 602355
leaf_count=21053 154272 122963 98670 162323 43058 307400 77657 245838 178989 230930 23897 136457 13926 24905 2027 768552 27538 4465 360598 38616 357101 352944 437893 7869 43481 30743 35541 28077 59862 602355
internal_value=2.11651e-08 -0.00077044 0.00148139 0.010642 -0.000926562 -0.00240562 0.00056279 0.0121867 0.0133458 -0.00524662 -0.0109533 -0.0227173 -0.00409253 -0.00287204 -0.0191331 -0.00109894 -0.00188831 -0.0610828 0.00659146 -0.0165033 0.00676282 -0.00853979 -0.00240537 0.013164 0.00712696 0.0192547 -0.00378535 -0.00849236 0.00251254 -0.0102393
internal_weight=5e+06 4.48863e+06 2.98631e+06 621591 2.36472e+06 2.14267e+06 1.59037e+06 323495 222047 1.50232e+06 552299 203435 348864 1.27139e+06 124990 1.1464e+06 334938 28362 522921 175073 511373 377849 1.26687e+06 103146 95277 74224 1.16373e+06 665973 497755 637896
internal_count=5000000 4488627 2986306 621591 2364715 2142668 1590369 323495 222047 1502321 552299 203435 348864 1271391 124990 1146401 334938 28362 522921 175073 511373 377849 1266874 103146 95277 74224 1163728 665973 497755 637896
cat_boundaries=0 1 2 3 4
cat_threshold=12587135 6174 2096640 14811199
is_linear=0
shrinkage=0.1


Tree=142
num_leaves=31
num_cat=9
split_feature=74 76 48 58 26 49 0 13 89 65 0 76 74 59 76 76 90 72 83 75 73 88 76 72 75 12 75 80 57 75
split_gain=2719.84 3286.85 6912.76 4665.96 4084.49 4851.77 3378.32 4073.1 3895.9 3683.7 3438.41 3586.2 3329.54 3081.41 3070.23 2889.26 5502.07 3700.83 3496.29 4187.85 3930.35 2888.72 2652.78 2539.97 2622.04 2480.03 3089.87 2910.75 2479.5 2425.71
threshold=396.50000000000006 0 5.5499999523162851 1.9499999880790713 1.0000000180025095e-35 1.9499999880790713 28.94999980926514 22.849999427795414 21.750000000000004 6.4500000476837167 23.44999980926514 1 18.500000000000004 2.1499999761581425 2 3 1.0000000180025095e-35 45.276649475097663 -2.8500000238418575 4 143.1933517456055 4.5499999523162851 5 40.964998245239265 6 -8.6500000953674299 7 -13.749999999999998 2.5499999523162846 8
decision_type=2 1 10 8 8 8 2 10 10 10 2 1 2 10 1 1 10 2 8 1 2 10 1 2 1 8 1 8 10 1
left_child=1 2 3 21 6 13 7 8 9 12 22 -12 -3 -6 -7 25 17 18 20 -20 -17 28 -9 -5 -25 27 -27 -14 -1 -10
right_child=-2 4 -4 23 5 14 -8 10 29 -11 11 -13 15 -15 -16 16 -18 -19 19 -21 -22 -23 -24 24 -26 26 -28 -29 -30 -31
leaf_value=0.014264602875129099 -0.0061950419329991555 0.0023371239777092343 -0.022048066261803445 0.0039786139643231072 0.0047525627756214908 -0.0026319368084777939 0.011434664754357553 -0.026369500229734385 0.0012489166999756103 0.016676453638202773 0.00072809635959853293 -0.026540789471192178 -0.079727697148126039 -0.033547057563613529 0.033110063038300934 -0.024706807503747766 0.024572775108493802 0.10858427016235345 -0.020900134618458736 -0.0050928611770237149 -0.11228983108677759 -0.02884987717359111 -0.083425811438821787 -0.022803563550689385 0.00053796089586703917 0.0061794578256076683 -0.0095415244964283715 0.066020956426030827 -0.010688707005464648 0.022035197727741849
leaf_weight=671466 620707 500466 93114 619023 105042 31841 162592 28989 129470 85637 117850 81630 1600 26258 98061 17056 40396 2479 314229 359210 7324 17063 11345 81404 117713 223784 283254 9542 42331 99124
leaf_count=671466 620707 500466 93114 619023 105042 31841 162592 28989 129470 85637 117850 81630 1600 26258 98061 17056 40396 2479 314229 359210 7324 17063 11345 81404 117713 223784 283254 9542 42331 99124
internal_value=1.95622e-08 0.000878088 0.0044151 0.00600589 -0.00124388 0.0106494 -0.00249856 -0.00347783 -0.00205086 -0.0035766 -0.0158163 -0.010432 -0.00456243 -0.00290678 0.0243515 -0.00730535 -0.0113123 -0.0133825 -0.0138158 -0.012469 -0.0510176 0.0118128 -0.0424453 0.000818509 -0.00900576 -0.00157749 -0.00260305 0.0450913 0.0127848 0.0102634
internal_weight=5e+06 4.37929e+06 1.64211e+06 1.549e+06 2.73718e+06 261202 2.47598e+06 2.31338e+06 2.07357e+06 1.84498e+06 239814 199480 1.75934e+06 131300 129902 1.25887e+06 740694 700298 697819 673439 24380 730860 40334 818140 199117 518180 507038 11142 713797 228594
internal_count=5000000 4379293 1642114 1549000 2737179 261202 2475977 2313385 2073571 1844977 239814 199480 1759340 131300 129902 1258874 740694 700298 697819 673439 24380 730860 40334 818140 199117 518180 507038 11142 713797 228594
cat_boundaries=0 1 2 3 4 5 6 7 8 9
cat_threshold=8388863 7865088 7340288 7341824 1592 6291712 6226 504 612
is_linear=0
shrinkage=0.1


Tree=143
num_leaves=31
num_cat=3
split_feature=12 0 23 76 65 49 90 0 24 11 0 13 11 87 72 11 89 80 23 75 72 23 31 76 27 72 12 73 73 72
split_gain=2936.94 4157.84 5162.51 4771.53 3730.09 4013.7 3667.83 3248.8 3013.64 3548.9 3359.75 2896.25 2836.96 2615.92 2692.25 2608.93 5180.68 3904.32 3833.53 3507.44 4433.45 3386.67 3087.68 3452.15 2796.06 2794.69 2542.96 2488.57 3779.68 4074.14
threshold=26.650000572204593 22.250000000000004 22.94999980926514 0 1.1500000357627871 0.65000000596046459 1.0000000180025095e-35 20.150000572204593 1.0000000180025095e-35 15.949999809265138 29.349999427795414 34.049999237060554 22.550000190734867 1.0000000180025095e-35 35.121698379516609 12.650000095367433 8.6500000953674334 8.6500000953674334 2.6499999761581425 1 35.770000457763679 8.0500001907348651 1.0000000180025095e-35 2 1.0000000180025095e-35 26.048299789428714 18.550000190734867 136.97330474853518 137.86834716796878 36.436649322509773
decision_type=10 2 8 1 10 10 10 2 2 10 2 10 10 8 2 8 10 10 8 1 2 10 10 1 10 2 8 2 2 2
left_child=1 2 4 12 5 -1 11 -8 9 -5 -11 -2 -3 14 -7 16 17 18 22 20 25 -18 24 -24 -6 -17 -27 -16 29 -29
right_child=6 3 -4 8 15 13 7 -9 -10 10 -12 -13 -14 -15 27 19 21 -19 -20 -21 -22 -23 23 -25 -26 26 -28 28 -30 -31
leaf_value=0.0041839574571412011 -0.007323822668727384 0.060221937104798562 -0.02139385883238187 0.021400779040104859 0.010539555155714989 -0.018968086269462781 -0.19898104757554291 -0.037246277247804438 0.032166198616676266 -0.0055650425218954983 0.01461996152903457 0.048102237519345482 0.018441350113362637 0.0068128422420814481 0.014807386419343769 0.027167417321013639 0.040054962098105509 0.019889636663286095 -0.005597658984134276 0.00046665087321173641 -0.07572928453353106 0.01187521214912641 -0.043228149572725118 0.0092110733796468055 -0.02167587978717371 -0.010581930693932005 -0.055424979689580323 -0.05475266924873582 -0.0057802363908822929 0.021114171570172244
leaf_weight=385726 353620 18663 116069 80167 460859 234522 1313 22963 34866 388815 104657 9686 125796 105104 51214 15860 52063 111274 556014 849338 11975 235835 25458 24756 28614 71939 15343 31357 466992 9142
leaf_count=385726 353620 18663 116069 80167 460859 234522 1313 22963 34866 388815 104657 9686 125796 105104 51214 15860 52063 111274 556014 849338 11975 235835 25458 24756 28614 71939 15343 31357 466992 9142
internal_value=-9.09028e-09 0.000702546 -0.000623608 0.00749999 2.0403e-05 -0.00434821 -0.00836076 -0.0459939 0.00362103 0.00188611 -0.00128415 -0.00584612 0.0238374 -0.00801176 -0.00997604 0.00230133 0.00491747 0.00204232 0.00022983 -0.0017536 -0.0181332 0.0169712 0.00623362 -0.0173819 0.00865628 -0.0114479 -0.0184647 -0.00620154 -0.00832168 -0.0376269
internal_weight=5e+06 4.61242e+06 3.85945e+06 752964 3.74338e+06 1.28406e+06 387582 24276 608505 573639 493472 363306 144459 898331 793227 2.45933e+06 1.49487e+06 1.20698e+06 1.0957e+06 964455 115117 287898 539687 50214 489473 103142 87282 558705 507491 40499
internal_count=5000000 4612418 3859454 752964 3743385 1284057 387582 24276 608505 573639 493472 363306 144459 898331 793227 2459328 1494873 1206975 1095701 964455 115117 287898 539687 50214 489473 103142 87282 558705 507491 40499
cat_boundaries=0 1 2 3
cat_threshold=15729087 4110 14681080
is_linear=0
shrinkage=0.1


Tree=144
num_leaves=31
num_cat=5
split_feature=11 0 32 26 84 86 0 12 76 6 76 89 55 23 72 73 11 0 76 26 5 76 10 0 77 76 12 0 77 12
split_gain=2633.75 6032.15 7621.44 6724.71 5197.95 4839.61 4602.98 4404.68 5294.16 4881.85 4919.49 4869.3 4262.28 4030.76 3657.37 3674.71 3494 4088.72 5029.13 4861.86 4039.17 4776.8 3649.68 4220.8 3613.86 3272.1 3808.41 3783.78 3263.18 3241.45
threshold=2.4500000476837163 2.6499999761581425 1.0000000180025095e-35 1.0000000180025095e-35 1.0000000180025095e-35 0.65000000596046459 -0.45000000298023218 9.0500001907348651 0 2.2500000000000004 1 16.44999980926514 2.7500000000000004 17.849999427795414 36.527500152587898 136.90335083007815 21.150000572204593 13.050000190734865 2 1.0000000180025095e-35 21.849999427795414 3 14.449999809265138 19.750000000000004 26.150000572204593 4 29.44999980926514 21.94999980926514 0.45000000298023229 -5.3500001430511466
decision_type=8 2 8 10 10 10 2 10 1 8 1 8 10 10 2 2 10 2 1 10 8 1 10 2 10 1 10 2 10 10
left_child=5 2 3 4 12 28 -4 8 -3 10 -10 13 -2 -9 15 -7 17 -13 22 24 21 -18 -19 -24 -20 26 -22 -27 -1 -16
right_child=1 7 6 -5 -6 14 -8 11 9 -11 -12 16 -14 -15 29 -17 20 18 19 -21 25 -23 23 -25 -26 27 -28 -29 -30 -31
leaf_value=-0.0030149377311309714 0.0032733856350776109 0.035965430711404844 -0.1881896003164889 -0.084210946400121778 -0.089966430489088547 0.015715972058869553 -0.054355365709509079 -0.0057582912916777839 -0.05798476262294279 0.0068546739347114492 0.014610651196159423 -0.0080488798279958369 -0.026076426601847377 -0.027989971301629731 0.085010482579489011 -0.025646947676645621 -0.008532052841999628 0.060629359141824747 -0.0019840615144724387 0.029614630379480734 0.012742929572898694 -0.046960385536759207 0.0087137302218313548 0.039160981602358917 0.028281288188260634 -0.03864211350060083 -0.00799181830430481 -0.0031801460147039503 0.016768278132959096 0.022531893525208985
leaf_weight=510235 181309 58757 3035 11857 7367 60754 16767 707974 23859 587337 15329 211945 68052 92171 8795 33224 235883 19156 586570 61028 294704 37481 206427 58414 42298 32234 126651 452042 99663 148682
leaf_count=510235 181309 58757 3035 11857 7367 60754 16767 707974 23859 587337 15329 211945 68052 92171 8795 33224 235883 19156 586570 61028 294704 37481 206427 58414 42298 32234 126651 452042 99663 148682
internal_value=-1.48858e-08 -0.00104706 -0.0149967 -0.0105826 -0.00718208 0.00503083 -0.0748678 -2.21551e-06 0.00726658 0.00457449 -0.029599 -0.00157606 -0.00473634 -0.00831922 0.0167047 0.00109296 0.000705502 0.0045382 0.00727748 0.0026667 -0.00314944 -0.013803 0.0184774 0.0154293 5.16022e-05 6.63306e-05 0.00651032 -0.00554042 0.000217824 0.0260213
internal_weight=5e+06 4.13865e+06 288387 268585 256728 861353 19802 3.85026e+06 685282 626525 39188 3.16498e+06 249361 800145 251455 93978 2.36483e+06 1.18584e+06 973893 689896 1.179e+06 273364 283997 264841 628868 905631 421355 484276 609898 157477
internal_count=5000000 4138647 288387 268585 256728 861353 19802 3850260 685282 626525 39188 3164978 249361 800145 251455 93978 2364833 1185838 973893 689896 1178995 273364 283997 264841 628868 905631 421355 484276 609898 157477
cat_boundaries=0 1 2 3 4 5
cat_threshold=8388623 64512 16253391 8390655 14680639
is_linear=0
shrinkage=0.1


Tree=145
num_leaves=31
num_cat=9
split_feature=76 91 84 73 72 75 12 86 11 5 76 11 6 5 76 72 11 75 12 76 30 0 72 74 11 76 0 5 76 76
split_gain=2642.05 2950.03 3310.58 2853.68 3710.46 2583.14 4326.2 4890.8 4011.16 3802.86 6359.43 4716.59 4171.26 3748.87 3673.88 3629.54 3325.54 3227.16 2988.01 2923.81 2918.93 6048.56 2894.67 2853.95 2839.45 2827.09 3484.14 2762.63 3862.95 2726.7
threshold=0 0.65000000596046459 1.0000000180025095e-35 141.52664947509768 43.847499847412116 1 10.449999809265138 8.2500000000000018 13.449999809265138 14.449999809265138 2 18.349999427795414 11.050000190734865 19.550000190734867 3 40.00164985656739 20.849999427795414 4 23.650000572204593 5 1.0000000180025095e-35 11.250000000000002 33.70579910278321 1099.0000000000002 15.949999809265138 6 17.050000190734867 25.050000190734867 7 8
decision_type=1 8 10 2 2 1 8 10 10 8 1 8 8 8 1 2 10 1 8 1 10 2 2 2 10 1 2 8 1 1
left_child=1 -1 3 4 -3 6 7 19 17 10 20 25 -12 14 16 22 -13 -7 -15 -2 23 -22 -8 -10 -14 26 -11 28 -20 -19
right_child=5 2 -4 -5 -6 8 15 -9 9 11 12 13 24 18 -16 -17 -18 29 27 -21 21 -23 -24 -25 -26 -27 -28 -29 -30 -31
leaf_value=0.013031535111729671 -0.010618368746689338 -0.0047587127003180614 0.010514976352740795 -0.017073836169714099 0.063171735312798294 0.024806933243916713 -0.0050482439415115129 0.033677201916932631 0.0022481282788033158 -0.0045007636525328911 -0.11263729788497479 -0.023511241473492844 -0.014779234750080514 0.009883127289538815 -0.0050817663829756492 -0.22729111647949771 -0.094034721873625188 -0.0016902136077973995 -0.030560202973656206 0.0026356335993871836 -0.13746388152167843 0.0016832379867927211 -0.036140028779659404 -0.12272878318996111 -0.060627557802803635 0.027942470493067136 0.022879598020707586 0.0049387305704645147 -0.0025015769305271329 0.011303765544891825
leaf_weight=99581 266114 1015032 127869 207821 8105 110609 65258 39840 213215 110955 6438 40262 45951 373519 249528 845 8018 259275 62431 444330 4763 9078 55334 1843 19132 96866 79972 320706 229108 428202
leaf_count=99581 266114 1015032 127869 207821 8105 110609 65258 39840 213215 110955 6438 40262 45951 373519 249528 845 8018 259275 62431 444330 4763 9078 55334 1843 19132 96866 79972 320706 229108 428202
internal_value=-2.59775e-08 -0.00358217 -0.00479973 -0.00639058 -0.00422059 0.00147509 -0.0032513 -0.000417156 0.00301827 0.000487319 -0.00982132 0.00245817 -0.0358475 -0.000136045 -0.00996842 -0.020762 -0.035216 0.00895427 0.0028344 -0.00232909 -0.00168763 -0.0462004 -0.0193148 0.0011771 -0.0282569 0.0140285 0.00696746 -0.00146589 -0.00851127 0.00640326
internal_weight=5e+06 1.45841e+06 1.35883e+06 1.23096e+06 1.02314e+06 3.54159e+06 871721 750284 2.66987e+06 1.87178e+06 300420 1.57136e+06 71521 1.28357e+06 297808 121437 48280 798086 985764 710444 228899 13841 120592 215058 65083 287793 190927 612245 291539 687477
internal_count=5000000 1458408 1358827 1230958 1023137 3541592 871721 750284 2669871 1871785 300420 1571365 71521 1283572 297808 121437 48280 798086 985764 710444 228899 13841 120592 215058 65083 287793 190927 612245 291539 687477
cat_boundaries=0 1 2 3 4 5 6 7 8 9
cat_threshold=254720 4102 524543 8132608 992 3670240 3936496 16521216 793600
is_linear=0
shrinkage=0.1


Tree=146
num_leaves=31
num_cat=5
split_feature=72 79 76 85 78 81 24 25 84 12 0 29 27 90 80 74 16 77 77 76 29 11 73 72 72 75 75 1 23 75
split_gain=2571.3 3074.24 3548.7 4343.32 3757.91 4729.81 4569.17 4063.09 3651.85 3413.76 3793.72 3343.8 3341.54 3345.27 3332.05 3271.97 3228.78 3666.22 3382.76 3207.25 3061.75 3024.09 3838.51 3743.35 3941.72 2990.76 2980.14 4494.32 3365.16 2867.27
threshold=26.048299789428714 2.2500000000000004 0 5.6499998569488534 1.0000000180025095e-35 1.0000000180025095e-35 1.0000000180025095e-35 1.0000000180025095e-35 1.0000000180025095e-35 25.050000190734867 25.550000190734867 1.0000000180025095e-35 1.0000000180025095e-35 1.0000000180025095e-35 22.849999427795414 1241.5000000000002 -0.15000000223517415 -6.4500000476837149 -0.65000000596046437 1 1.0000000180025095e-35 2.4500000476837163 144.53585052490237 43.106649398803718 40.964998245239265 2 3 10.449999809265138 8.6500000953674334 4
decision_type=2 10 1 10 10 10 2 10 10 10 2 8 10 10 10 2 10 8 8 1 10 10 2 2 2 1 1 8 8 1
left_child=-1 2 3 4 5 6 7 8 11 14 -11 12 13 21 -4 16 17 -3 -18 -6 -21 -2 23 24 26 -25 27 29 -29 -23
right_child=1 15 9 -5 19 -7 -8 -9 -10 10 -12 -13 -14 -15 -16 -17 18 -19 -20 20 -22 22 -24 25 -26 -27 -28 28 -30 -31
leaf_value=0.019545311194051122 0.025609492008131514 -0.033540495993338734 -0.0020300975704858914 -0.032588631326419697 -0.036784036809757358 -0.023138269617041039 -0.035603844883319823 -0.030722688362448316 -0.031451463721914819 -0.04969428399225044 -0.0084240912731978045 -0.015917650563733753 -0.032247327853726936 -0.034710510431825208 0.01142158365245957 -0.095583042116018202 -0.044352765753654808 0.017228710044706171 -0.005651907130567662 -0.014838884381500632 0.016703470492508903 0.073607838442443743 -0.042716840712665738 0.059302139572656988 -0.012617293417710534 0.019050103313274062 0.0073479754259716248 -0.042746168171039253 0.015068456124922764 0.028730585078923523
leaf_weight=66414 140979 16382 1778149 31125 33793 51559 24003 26093 21873 28251 105274 49086 17921 15672 205417 3969 23143 107971 937620 76506 51482 19780 13593 25248 77808 68715 721567 10604 199060 50943
leaf_count=66414 140979 16382 1778149 31125 33793 51559 24003 26093 21873 28251 105274 49086 17921 15672 205417 3969 23143 107971 937620 76506 51482 19780 13593 25248 77808 68715 721567 10604 199060 50943
internal_value=-2.01316e-08 -0.000263132 0.00106548 0.00442893 0.00510819 0.00663647 0.00767168 0.00838366 0.00909581 -0.00167889 -0.017156 0.00972438 0.0106486 0.0112206 -0.000637049 -0.00495317 -0.00462168 0.0105405 -0.00658414 -0.00938767 -0.00215109 0.0117625 0.0101183 0.0107302 0.00906427 0.0298742 0.010748 0.0194968 0.0121444 0.0412964
internal_weight=5e+06 4.93359e+06 3.8445e+06 1.72741e+06 1.69628e+06 1.5345e+06 1.48294e+06 1.45894e+06 1.43285e+06 2.11709e+06 133525 1.41098e+06 1.36189e+06 1.34397e+06 1.98357e+06 1.08908e+06 1.08512e+06 124353 960763 161781 127988 1.3283e+06 1.18732e+06 1.17372e+06 1.07976e+06 93963 1.00195e+06 280387 209664 70723
internal_count=5000000 4933586 3844501 1727410 1696285 1534504 1482945 1458942 1432849 2117091 133525 1410976 1361890 1343969 1983566 1089085 1085116 124353 960763 161781 127988 1328297 1187318 1173725 1079762 93963 1001954 280387 209664 70723
cat_boundaries=0 1 2 3 4 5
cat_threshold=12583167 192 160 304 288
is_linear=0
shrinkage=0.1


Tree=147
num_leaves=31
num_cat=4
split_feature=69 50 11 7 76 83 12 77 12 89 76 23 89 8 0 16 23 12 76 4 48 76 54 51 28 72 73 81 54 48
split_gain=2633.71 5698.51 3862.42 4266.32 5608.1 4062.96 3222.33 3188.67 3105.78 3234.02 3511.15 3050.8 3660.55 2907.88 2767.43 2752.96 2560.94 2405.71 2405.26 4481.25 2392.6 2375.13 4181.21 3161.7 2822.44 4059.07 4806.4 3352.39 2995.44 3447.01
threshold=0.84999999403953563 0.94999998807907116 15.949999809265138 16.550000190734867 0 13.050000190734865 19.650000572204593 14.250000000000002 20.44999980926514 22.550000190734867 1 11.449999809265138 9.8499999046325701 14.150000095367433 10.250000000000002 3.4500000476837163 13.050000190734865 10.449999809265138 2 16.750000000000004 1.6500000357627871 3 3.1499999761581425 2.5499999523162846 1.0000000180025095e-35 36.37919998168946 137.88999938964847 1.0000000180025095e-35 3.1499999761581425 1.4499999880790713
decision_type=10 10 10 8 1 10 10 10 8 8 1 10 10 8 2 10 10 8 1 8 10 1 10 10 10 2 2 10 8 10
left_child=1 20 5 4 -4 7 13 11 18 10 -10 12 21 -6 17 -16 -7 -3 -5 -20 -1 22 -2 -24 27 26 -26 28 29 -23
right_child=2 14 3 8 6 16 -8 -9 9 -11 -12 -13 -14 -15 15 -17 -18 -19 19 -21 -22 24 23 -25 25 -27 -28 -29 -30 -31
leaf_value=0.0048777150498024282 -0.0094707945549023301 -0.013667557846807954 -0.0074775931467124385 0.027415711077418078 -0.13715062689847532 0.030685475764092158 -0.17113781438651599 0.019692785388613163 -0.043569891304164242 -9.3843889141096473e-05 -0.0086819789020316281 -0.0079500860667052701 0.020813609958025295 -0.034857068978077832 0.03914420278930103 -0.0066510003761828217 0.0095794400397314905 -0.038239975917353237 -0.028084270991675927 0.0078539289686949069 -0.020561926715365348 0.0051092994732802599 -0.027383268272431462 0.020203179171383982 0.0019001693352034442 -0.028024810282131437 0.12983885142246074 -0.019652122421150556 -0.0010073918414754263 0.022094472752201302
leaf_weight=557408 349194 210914 150196 49788 3012 72268 2059 98167 33070 714090 225592 302447 107972 35915 13570 401940 281122 49122 38906 320689 39596 263355 16455 92165 16610 54193 3567 45579 232331 218708
leaf_count=557408 349194 210914 150196 49788 3012 72268 2059 98167 33070 714090 225592 302447 107972 35915 13570 401940 281122 49122 38906 320689 39596 263355 16455 92165 16610 54193 3567 45579 232331 218708
internal_value=1.21235e-08 -0.00392795 0.00134102 -0.00242561 -0.016427 0.00409205 -0.0492088 0.00216813 -0.000488887 -0.00356409 -0.0131444 0.0011577 0.00312511 -0.0427721 -0.0102187 -0.00515539 0.0138956 -0.0183094 0.00681824 0.00396552 0.00319044 0.00164706 -0.0041407 0.0129942 0.00482287 -0.0137697 0.0245179 0.00664237 0.00831999 0.0128153
internal_weight=5e+06 1.27255e+06 3.72745e+06 1.57332e+06 191182 2.15413e+06 40986 1.80074e+06 1.38214e+06 972752 258662 1.70258e+06 1.40013e+06 38927 675546 415510 353390 260036 409383 359595 597004 1.29216e+06 457814 108620 834343 74370 20177 759973 714394 482063
internal_count=5000000 1272550 3727450 1573317 191182 2154133 40986 1800743 1382135 972752 258662 1702576 1400129 38927 675546 415510 353390 260036 409383 359595 597004 1292157 457814 108620 834343 74370 20177 759973 714394 482063
cat_boundaries=0 1 2 3 4
cat_threshold=528382 1048064 8388623 130816
is_linear=0
shrinkage=0.1


Tree=148
num_leaves=31
num_cat=4
split_feature=12 0 76 23 83 12 80 85 83 55 76 76 74 0 13 12 89 72 12 16 89 0 56 76 23 72 86 83 11 23
split_gain=2466.23 3990.91 4393.49 3651.2 3516.38 3520.42 4874.05 4390.17 4587.23 3998.44 3805.78 3551.92 3823.15 3753.59 3351.31 3195.68 3099.22 2894.62 2879.42 4188.53 4067.15 2962.18 2872.92 2845.77 2785.14 3692.04 3515.97 3804.37 3742.17 2788.15
threshold=26.150000572204593 22.349999427795414 0 22.250000000000004 18.44999980926514 3.6499999761581425 3.0499999523162846 3.4500000476837163 1.4499999880790713 3.2500000000000004 1 2 514.00000000000011 0.84999999403953563 -3.5499999523162837 18.44999980926514 0.65000000596046459 36.436649322509773 12.84999990463257 15.449999809265138 11.650000095367433 9.0500001907348651 2.7500000000000004 3 -10.15000009536743 39.460000991821296 -5.2499999999999991 -6.2499999999999991 -2.5499999523162837 -4.2499999999999991
decision_type=10 2 1 8 10 8 10 10 8 10 1 1 2 2 10 10 10 2 8 8 10 2 10 1 8 2 10 10 8 10
left_child=1 3 -3 4 5 6 16 11 -9 -10 -8 12 22 -13 -12 -11 24 -14 19 20 -15 -20 -7 -18 -1 -26 27 -27 29 -28
right_child=-2 2 -4 -5 -6 7 10 8 9 15 14 13 17 18 -16 -17 23 -19 21 -21 -22 -23 -24 -25 25 26 28 -29 -30 -31
leaf_value=0.022485309059396663 -0.0070845772743797402 0.0018501798707617073 0.018509117316102833 -0.014979012779662458 0.0098218796838271654 0.0080034155947331376 0.063634487655077024 -0.088011359055119642 -0.024379451118234353 0.0068652822203039117 0.06671806098778342 -0.053126386033629507 -0.0030670467386164613 -0.0078111937638543072 0.010395776988489525 -0.049452524054651323 0.048825810697446022 -0.041695046068745849 -0.059370530008912549 0.034399541234457452 0.010379055350655218 -0.01008731983779549 -0.0038390286157027591 0.007465542630204049 0.0048043524452688821 -0.036149116277921743 0.042770117895899434 -0.0043120155035207951 -0.01369603114249991 0.00095396254294585758
leaf_weight=39830 447399 454005 243069 168026 337582 668208 16702 8410 136421 99805 11246 16387 49543 430788 174365 11207 18224 31884 12608 32194 171992 373126 295419 189923 231448 88940 25059 64937 107411 43842
leaf_count=39830 447399 454005 243069 168026 337582 668208 16702 8410 136421 99805 11246 16387 49543 430788 174365 11207 18224 31884 12608 32194 171992 373126 295419 189923 231448 88940 25059 64937 107411 43842
internal_value=4.44946e-09 0.000696229 0.00765943 -0.000562707 9.41916e-05 -0.000886099 0.0040414 -0.00301881 -0.0153808 -0.0129122 0.0179249 -0.00149984 0.00261464 -0.00564587 0.0138075 0.00117983 0.000572093 -0.0181924 -0.00488365 -0.00074396 -0.00262095 -0.0116982 0.00437288 0.0110895 -0.00306761 -0.00487977 -0.0116679 -0.0227137 -0.00202768 0.0161623
internal_weight=5e+06 4.5526e+06 697074 3.85553e+06 3.6875e+06 3.34992e+06 1.01193e+06 2.33799e+06 255843 247433 202313 2.08215e+06 1.04505e+06 1.0371e+06 185611 111012 809614 81427 1.02071e+06 634974 602780 385734 963627 208147 601467 561637 330189 153877 176312 68901
internal_count=5000000 4552601 697074 3855527 3687501 3349919 1011927 2337992 255843 247433 202313 2082149 1045054 1037095 185611 111012 809614 81427 1020708 634974 602780 385734 963627 208147 601467 561637 330189 153877 176312 68901
cat_boundaries=0 1 2 3 4
cat_threshold=522240 14680575 10485887 12582943
is_linear=0
shrinkage=0.1


Tree=149
num_leaves=31
num_cat=2
split_feature=74 72 82 73 73 73 72 72 76 56 73 73 89 74 59 12 2 89 73 72 73 72 73 87 73 75 9 72 72 73
split_gain=2471.55 2588.58 2443.21 3721.83 3164.65 3549.99 3269.72 3000.06 2670.86 5379.05 3065.61 3120.73 4183.28 3457.32 3035.23 2960.07 2838.84 2802.29 2770.9 5928.45 4813.63 4140.6 3719.08 3749.2 3151.71 2819.44 2747.74 2565.72 2997.88 2967.64
threshold=219.50000000000003 30.90164947509766 3.0499999523162846 132.18415069580081 139.82914733886722 138.0100021362305 42.974149703979499 35.418300628662116 0 3.6499999761581425 144.7174987792969 143.31164550781253 -1.6500000357627866 208.50000000000003 1.7500000000000002 25.250000000000004 25.550000190734867 25.94999980926514 134.46669769287112 34.879999160766609 138.99334716796878 35.44585037231446 129.87249755859378 1.0000000180025095e-35 135.43164825439456 1 -2.2499999999999996 34.495000839233406 35.097499847412116 133.8891525268555
decision_type=2 2 10 2 2 2 2 2 1 10 2 2 8 2 8 10 8 10 2 2 2 2 2 8 2 1 10 2 2 2
left_child=1 -1 8 -4 5 -5 -6 -7 9 14 11 15 13 -13 26 17 -17 18 21 20 24 22 -10 27 -20 -21 -3 -24 29 -29
right_child=-2 2 3 4 6 7 -8 -9 10 -11 -12 12 -14 -15 -16 16 -18 -19 19 25 -22 -23 23 -25 -26 -27 -28 28 -30 -31
leaf_value=0.013897559202368397 -0.0038794099081545875 0.044250585681430442 -0.02548041696719193 -0.0023209394166976084 -0.01779510015477042 0.058619607160670231 0.0028960256335369807 0.012968911558851154 0.031795472278477122 -0.009272496121629609 0.028621740448292712 -0.060922261109165758 -0.011884660272873488 -0.25376268821890963 0.0031273247559272552 -0.041827400236907501 -0.0067726514928432031 0.017417934905479927 0.045192750372221285 -0.0080280091476121161 0.086329259057665142 0.039408441461727305 -0.011635997678617732 0.015181923770387906 0.005697627039231809 0.0039419815150691468 0.011871527561526617 -0.034039299424272501 0.00029749965957334652 -0.095117461257159738
leaf_weight=155726 1236199 27678 78220 128078 168535 19732 139663 53232 20184 214341 34789 9217 68590 1034 592096 29991 100572 95865 28712 301495 11314 17876 233998 43041 68194 566503 493746 33369 17565 10445
leaf_count=155726 1236199 27678 78220 128078 168535 19732 139663 53232 20184 214341 34789 9217 68590 1034 592096 29991 100572 95865 28712 301495 11314 17876 233998 43041 68194 566503 493746 33369 17565 10445
internal_value=3.20653e-08 0.00127421 0.000729384 -0.00517129 -0.00205178 0.00770875 -0.00841871 0.0253144 0.00187697 0.00523431 -0.000756685 -0.00137314 -0.0207897 -0.0803737 0.00802677 -0.000403725 -0.0148249 0.000896098 -0.000274797 0.00253585 0.0246059 -0.00756289 -0.00990438 -0.0123914 0.0173995 -0.000215785 0.0135903 -0.0164093 -0.0346068 -0.0486
internal_weight=5e+06 3.7638e+06 3.60808e+06 587460 509240 201042 308198 72964 3.02062e+06 1.32786e+06 1.69275e+06 1.65796e+06 78841 10251 1.11352e+06 1.57912e+06 130563 1.44856e+06 1.3527e+06 976218 108220 376478 358602 338418 96906 867998 521424 295377 61379 43814
internal_count=5000000 3763801 3608075 587460 509240 201042 308198 72964 3020615 1327861 1692754 1657965 78841 10251 1113520 1579124 130563 1448561 1352696 976218 108220 376478 358602 338418 96906 867998 521424 295377 61379 43814
cat_boundaries=0 1 2
cat_threshold=4194815 526
is_linear=0
shrinkage=0.1


Tree=150
num_leaves=31
num_cat=6
split_feature=12 0 89 12 75 74 86 48 73 23 73 83 23 80 63 72 76 75 72 76 72 75 23 13 85 35 0 26 77 75
split_gain=2454.2 5076.55 3675.5 4948.64 4446.92 5137.24 3912.53 3655.05 3443.52 3285.26 3169.31 3766.99 4038.74 3527.42 3159.73 3550.85 3146.23 3508.82 2785.96 2767.19 2682.91 3582.04 4131.81 2996.82 2808.92 2561.18 2529.83 2465.04 2557.08 3119.16
threshold=-3.5499999523162837 4.0499999523162851 5.6499998569488534 12.250000000000002 0 396.50000000000006 6.4500000476837167 0.65000000596046459 143.05250549316409 1.0000000180025095e-35 144.7174987792969 -6.9500000476837149 -4.6499998569488517 -6.0499999523162833 1.4499999880790713 42.100000381469734 1 2 43.281700134277351 3 27.989149093627933 4 16.349999427795414 17.849999427795414 7.2500000000000009 1.0000000180025095e-35 12.84999990463257 1.0000000180025095e-35 14.449999809265138 5
decision_type=10 2 8 10 1 2 8 8 2 10 2 10 8 10 8 2 1 1 2 1 2 1 10 10 10 8 2 8 10 1
left_child=1 10 14 6 25 8 -4 -8 20 -3 11 13 -13 18 -2 -16 17 -9 -1 -10 24 23 -23 -22 -6 -5 -27 28 -18 -30
right_child=2 9 3 4 5 -7 7 16 19 -11 -12 12 -14 -15 15 -17 27 -19 -20 -21 21 22 -24 -25 -26 26 -28 -29 29 -31
leaf_value=-0.0019756459104232726 -0.016203880427708386 0.16388458555070584 -0.004455875674835112 -0.00037231820562384164 0.020079484972718779 -0.035980701925069164 0.02350134659255966 0.0065715248747937717 -0.16555288649196334 0.04369273622483294 0.056302297578540064 0.041438321079460258 0.00065331953064949404 0.020924866087020353 0.0028962901451740092 -0.015861293598786925 -0.0009215373403530353 0.037596028965287284 -0.039423612888549481 -0.03714169418666699 -0.023711166397768824 0.0026058288568070204 -0.014277057963577609 -0.10089466155465816 -0.036112708669593471 -0.044267222303359166 0.013985004201163187 0.025052881413627888 0.050536139899620684 0.0078845734597565772
leaf_weight=39847 246473 2740 293214 1710927 67639 60766 142557 88032 2015 13376 11843 40435 60770 27467 359548 140301 557527 62228 39619 9933 46893 333369 256489 5635 10243 7762 188691 49622 20544 103495
leaf_count=39847 246473 2740 293214 1710927 67639 60766 142557 88032 2015 13376 11843 40435 60770 27467 359548 140301 557527 62228 39619 9933 46893 333369 256489 5635 10243 7762 188691 49622 20544 103495
internal_value=2.80446e-08 0.00995194 -0.000493184 0.00070399 -0.00174721 -0.00804085 0.00572906 0.00864542 -0.00572225 0.0641274 0.00598299 0.00311984 0.0169484 -0.00996796 -0.00693778 -0.00236872 0.00624277 0.0194215 -0.0206459 -0.0589676 -0.00483901 -0.00696409 -0.00473531 -0.031985 0.0126891 0.000869373 0.0116834 0.00353421 0.00196757 0.0149535
internal_weight=5e+06 236097 4.7639e+06 4.01758e+06 2.70036e+06 792982 1.31722e+06 1.024e+06 732216 16116 219981 208138 101205 106933 746322 499849 881448 150260 79466 11948 720268 642386 589858 52528 77882 1.90738e+06 196453 731188 681566 124039
internal_count=5000000 236097 4763903 4017581 2700362 792982 1317219 1024005 732216 16116 219981 208138 101205 106933 746322 499849 881448 150260 79466 11948 720268 642386 589858 52528 77882 1907380 196453 731188 681566 124039
cat_boundaries=0 1 2 3 4 5 6
cat_threshold=1984 15728783 4174 261888 4102 4238
is_linear=0
shrinkage=0.1


Tree=151
num_leaves=31
num_cat=6
split_feature=76 74 49 76 54 48 73 75 16 75 59 74 73 11 86 8 11 80 57 5 12 5 12 4 76 6 11 11 76 0
split_gain=2442.22 3177.41 3550.19 4725.96 3332.5 3035.56 2811.8 2692.92 2708.4 3050.59 2461.27 2437.63 2618.37 2415.58 2559.26 2678.8 2366.58 2572.1 2329.3 2288.06 3658.93 3134.91 3098.04 4188.68 3387.38 4344.85 3172.22 2829.51 5047.39 3864.14
threshold=0 7.5000000000000009 5.4500000476837167 1 3.8500000238418584 8.1500000953674334 141.20420074462893 2 1.8499999642372134 3 3.1499999761581425 907.50000000000011 137.77420043945315 1.6500000357627871 15.84999990463257 15.650000095367433 18.150000572204593 13.84999990463257 3.9500000476837163 29.050000190734867 28.650000572204593 23.44999980926514 21.849999427795414 14.34999990463257 4 19.349999427795414 16.050000190734867 13.449999809265138 5 6.2500000000000009
decision_type=1 2 10 1 8 10 2 1 10 1 8 2 2 10 8 10 8 8 8 8 10 8 10 8 1 8 10 8 1 2
left_child=5 -2 6 -4 -5 7 11 -1 9 -9 18 13 -13 -3 15 -15 17 -16 -8 20 21 22 23 27 -24 -26 -25 29 -29 -10
right_child=1 2 3 4 -6 -7 10 8 19 -11 -12 12 -14 14 16 -17 -18 -19 -20 -21 -22 -23 24 26 25 -27 -28 28 -30 -31
leaf_value=-0.0085580886028958393 0.0062328971756582426 0.0069272968438524266 -0.029231896275477232 -0.0050950793274593675 0.027674857688498058 -0.025620075558572781 -0.0072318592917746845 0.052476954655632194 -0.0037860724520294301 0.010493035436503791 -0.029928347018506742 -0.054868627194975719 -0.0082010955899488938 -0.0085912009823244095 -0.0099847663010387416 -0.041073698279530287 -0.0059151831795780452 0.007179858793032963 -0.05355412742526753 0.020582474797329671 -0.014272653798031483 0.014829119660413718 -5.0434192153639685e-05 0.032123556996412138 -0.091137781202245222 -0.016343784221622856 0.0081866221725195708 -0.044192905241596969 -0.0033838371976918618 0.014176390320467806
leaf_weight=188712 396957 254370 25500 45098 99501 38013 361998 18666 279555 236451 63426 17903 36604 309569 110803 27657 536861 411593 11191 67812 130092 201499 195407 67284 8507 89261 312502 35345 212340 209523
leaf_count=188712 396957 254370 25500 45098 99501 38013 361998 18666 279555 236451 63426 17903 36604 309569 110803 27657 536861 411593 11191 67812 130092 201499 195407 67284 8507 89261 312502 35345 212340 209523
internal_value=5.21674e-09 -0.00203239 -0.00345146 0.0104539 0.0174533 0.00240328 -0.00455571 0.00287612 0.00392145 0.0135673 -0.0117162 -0.00272244 -0.0235292 -0.00203546 -0.00366803 -0.0112552 -0.00125257 0.00353915 -0.00862095 0.00256124 0.00185944 0.00316196 0.00149432 0.00389647 -0.00765422 -0.0228494 0.0124274 -0.000501021 -0.00920927 0.00390912
internal_weight=5e+06 2.70903e+06 2.31207e+06 170099 144599 2.29097e+06 2.14198e+06 2.25296e+06 2.06424e+06 255117 436615 1.70536e+06 54507 1.65085e+06 1.39648e+06 337226 1.05926e+06 522396 373189 1.80913e+06 1.74132e+06 1.61122e+06 1.40972e+06 1.11655e+06 293175 97768 379786 736763 247685 489078
internal_count=5000000 2709031 2312074 170099 144599 2290969 2141975 2252956 2064244 255117 436615 1705360 54507 1650853 1396483 337226 1059257 522396 373189 1809127 1741315 1611223 1409724 1116549 293175 97768 379786 736763 247685 489078
cat_boundaries=0 1 2 3 4 5 6
cat_threshold=15730751 448 2 1968 62 7342080
is_linear=0
shrinkage=0.1


Tree=152
num_leaves=31
num_cat=6
split_feature=12 0 72 17 0 54 12 72 15 0 58 83 12 75 72 86 76 87 0 76 90 6 12 75 0 76 11 74 65 75
split_gain=2359.21 4077.01 3333.02 3004.53 2806.07 6177.81 4399.6 3646.89 3170.07 3170.12 3106.52 3074.74 4409.27 4734.05 3939.26 3895.83 3823.61 3218.85 3705.18 2992.31 3698.94 3430.63 6823.26 3219.21 3215.14 4181.99 2867.51 2859.99 2839.37 2805.16
threshold=-7.5499999523162833 -12.849999904632567 43.490848541259773 -5.9500000476837149 -4.7499999999999991 2.4500000476837163 -1.0500000119209287 37.567501068115241 -1.6500000357627866 7.6499998569488534 2.2500000000000004 6.4500000476837167 14.449999809265138 0 33.159149169921882 9.8499999046325701 1 1.0000000180025095e-35 8.8499999046325701 2 1.0000000180025095e-35 10.449999809265138 10.449999809265138 3 12.050000190734865 4 22.650000572204593 514.00000000000011 1.0500000119209292 5
decision_type=8 2 2 8 2 8 8 2 10 2 10 8 10 1 2 8 1 10 2 1 10 8 8 1 2 1 8 2 8 1
left_child=1 3 -3 -1 5 7 -7 -2 9 10 -6 28 15 -14 -15 -13 -16 27 -19 20 21 22 -17 -23 -21 -26 -20 29 -10 -18
right_child=4 2 -4 -5 8 6 -8 -9 11 -11 -12 12 13 14 16 19 17 18 26 24 -22 23 -24 -25 25 -27 -28 -29 -30 -31
leaf_value=-0.074310038952233662 0.04866827398703269 0.0064828018225555522 0.049975049032171974 0.051712761283889068 -0.00058612630481529677 -0.03234856016912508 -0.12154045349606434 -0.0086443573435371086 -0.018022684697234739 0.061322785376971473 0.025121568193847778 -0.0024712353509277387 0.00048988310282986722 0.0027083997285327708 -0.041151641733876643 -0.00060937572072510817 -0.061088441526781667 -0.19588755259846902 -0.02529200185115188 0.0085483835285154585 0.032875647632313897 0.00095330051364209871 -0.051302262140139103 0.021909109315149628 0.019731206869840225 0.066717028888097024 -0.13576552738251085 -0.048070602857622907 -0.0029957957062067622 -0.004601170610880858
leaf_weight=7553 13497 41002 30899 2524 126093 35649 6546 62582 166072 12286 74943 494403 1791154 175250 49856 254345 9047 1460 32445 259804 41560 182487 29647 122522 116120 22635 2533 17272 517802 300012
leaf_count=7553 13497 41002 30899 2524 126093 35649 6546 62582 166072 12286 74943 494403 1791154 175250 49856 254345 9047 1460 32445 259804 41560 182487 29647 122522 116120 22635 2533 17272 517802 300012
internal_value=2.04674e-10 0.0168246 0.0251733 -0.0427449 -0.000280447 -0.0154971 -0.0461855 0.00152334 9.4517e-05 0.0120109 0.00899729 -0.000459733 0.000624145 -0.00206574 -0.00985212 0.00482448 -0.0151871 -0.0116173 -0.039807 0.00832945 0.00404221 0.00200779 -0.0059014 0.00937199 0.0151118 0.0274022 -0.0332922 -0.00846995 -0.00664493 -0.00625683
internal_weight=5e+06 81978 71901 10077 4.91802e+06 118274 42195 76079 4.79975e+06 213322 201036 4.58643e+06 3.90255e+06 2.37903e+06 587875 1.52352e+06 412625 362769 36438 1.02912e+06 630561 589001 283992 305009 398559 138755 34978 326331 683874 309059
internal_count=5000000 81978 71901 10077 4918022 118274 42195 76079 4799748 213322 201036 4586426 3902552 2379029 587875 1523523 412625 362769 36438 1029120 630561 589001 283992 305009 398559 138755 34978 326331 683874 309059
cat_boundaries=0 1 2 3 4 5 6
cat_threshold=1984 516096 785408 1080 3408768 4102
is_linear=0
shrinkage=0.1


Tree=153
num_leaves=31
num_cat=3
split_feature=76 79 71 12 77 50 0 76 75 12 6 7 72 73 34 72 12 0 0 25 12 85 0 74 0 12 9 0 22 73
split_gain=2553.8 3491.64 3341.31 3070.52 3346.37 2879.4 2431.26 3535.93 2380.52 2855.87 3194.14 2921.73 2892.37 3949.38 6161.9 3039.04 3018.94 2792.43 2313.97 2289.44 2392.1 2288.42 2270.86 2247.06 2422.9 2188.42 2183 2458.75 3579.06 2168.81
threshold=0 5.5499999523162851 0.75000000000000011 25.050000190734867 26.550000190734867 0.84999999403953563 26.94999980926514 1 2 22.44999980926514 17.050000190734867 25.550000190734867 37.019998550415046 137.77420043945315 1.0000000180025095e-35 33.70579910278321 1.6500000357627871 11.84999990463257 -1.0500000119209287 2.2500000000000004 7.2500000000000009 0.65000000596046459 18.650000572204593 128.50000000000003 17.750000000000004 28.250000000000004 19.94999980926514 12.250000000000002 11.050000190734865 141.45334625244143
decision_type=1 10 8 8 10 10 2 1 1 8 8 10 2 2 8 2 8 2 2 10 10 8 2 2 2 8 8 2 8 2
left_child=1 8 5 4 21 -2 7 -5 23 10 12 25 13 15 19 -10 18 -12 -14 20 -15 -4 -13 -1 -25 26 -11 -28 -29 -23
right_child=2 -3 3 6 -6 -7 -8 -9 9 11 17 22 16 14 -16 -17 -18 -19 -20 -21 -22 29 -24 24 -26 -27 27 28 -30 -31
leaf_value=0.014093292566225747 -0.0002098867549175581 -0.023060133688646844 0.0096823871731720051 -0.010519895910889959 0.018972420673589535 -0.013914339647944966 -0.0021683268468032568 -0.050966349867310273 0.020017807878481019 -0.063125379696756925 0.068202949500719923 0.064743221408890092 0.0025798984070049564 0.046021788663971587 0.12165707442408757 -0.0075953185160004934 -0.01399310526016543 0.014931543085291469 0.051010951720293497 0.18986627124154171 0.0043028522540235889 0.0008065163134254932 0.0015112901133587397 -0.0057012722522602191 0.016580332012066441 -0.053597000912324437 0.045651335457331438 -0.093761834549062964 -0.0094123502922882126 -0.0069362446977413311
leaf_weight=366166 267214 47787 234602 74931 99348 359676 142922 30377 57779 8194 11076 6159 63793 19953 6475 128496 168698 88175 11670 778 44167 1886066 72967 153274 71600 15097 7501 5291 102140 447628
leaf_count=366166 267214 47787 234602 74931 99348 359676 142922 30377 57779 8194 11076 6159 63793 19953 6475 128496 168698 88175 11670 778 44167 1886066 72967 153274 71600 15097 7501 5291 102140 447628
internal_value=7.74053e-10 0.00352381 -0.00144945 -2.54889e-05 0.000964396 -0.00807277 -0.0106634 -0.0221929 0.00442516 0.000932603 0.00448487 -0.00889084 0.00124285 0.0086335 0.028635 0.000969754 -0.00655605 0.0208764 0.0100695 0.019354 0.017285 0.000267801 0.00643313 0.00926111 0.0013932 -0.0176631 -0.0132571 -0.00970174 -0.0135666 -0.00067863
internal_weight=5e+06 1.45724e+06 3.54276e+06 2.91587e+06 2.66764e+06 626890 248230 105308 1.40945e+06 818409 601060 217349 501809 257648 71373 186275 244161 99251 75463 64898 64120 2.5683e+06 79126 591040 224874 138223 123126 114932 107431 2.33369e+06
internal_count=5000000 1457236 3542764 2915874 2667644 626890 248230 105308 1409449 818409 601060 217349 501809 257648 71373 186275 244161 99251 75463 64898 64120 2568296 79126 591040 224874 138223 123126 114932 107431 2333694
cat_boundaries=0 1 2 3
cat_threshold=12582943 3145952 7936
is_linear=0
shrinkage=0.1


Tree=154
num_leaves=31
num_cat=8
split_feature=11 5 76 17 86 72 87 11 76 75 8 73 0 15 72 73 34 76 75 73 76 89 24 6 11 76 77 75 86 83
split_gain=2374.93 4769.45 5782.78 4676.09 3854.02 3678.55 4707.02 3646.15 4711.19 4164.67 4082.48 3639.06 3575.22 3323.18 3136.56 3236.31 4216.78 3227.26 3626.46 3175.94 3109.07 4242.67 3322.87 2909 3007.08 2802.71 2772.42 2771.22 3265.31 2679.36
threshold=4.4500000476837167 4.8500001430511483 0 10.050000190734865 1.6500000357627871 36.527500152587898 1.0000000180025095e-35 9.2500000000000018 1 2 4.2500000000000009 136.97330474853518 6.6499998569488534 13.250000000000002 37.095001220703132 137.86834716796878 1.0000000180025095e-35 3 4 143.05250549316409 5 17.849999427795414 1.0000000180025095e-35 2.2500000000000004 7.0499999523162851 6 4.4500000476837167 7 7.8500001430511483 20.44999980926514
decision_type=8 8 1 10 10 2 8 10 1 1 8 2 2 10 2 2 8 1 1 2 1 8 2 10 8 1 10 1 10 8
left_child=3 2 23 4 26 6 11 8 -3 -9 -10 -6 -12 -4 15 20 -17 -16 19 -19 -11 -22 29 -2 -25 -13 -1 28 -7 -23
right_child=1 7 13 -5 5 27 -8 9 10 14 12 25 -14 -15 17 16 -18 18 -20 -21 21 22 -24 24 -26 -27 -28 -29 -30 -31
leaf_value=-0.0024769992546838796 -0.087212909812573694 0.02450781984932909 -0.0095379065990636117 0.047581613595112843 0.0071942090280725807 0.0262878038276603 0.087435325998231936 -0.012498264165034759 -0.061718880762863242 0.0044058242151441586 -0.012831618939554677 0.093182200190577463 0.010318792820241568 0.033706461097907731 0.0019246220015446049 0.0064866322311719453 0.039491600998092624 -0.020347527701378616 -0.0056694179408968304 -0.079152480187070148 -0.027877625858996898 -0.023119510291199276 0.020242092198537169 -0.01713464851317853 -0.06766755157313091 -0.034692082344691864 0.019175246570670101 0.01113360689229604 0.079352550613223202 -0.0020334797839840803
leaf_weight=715020 10392 126445 170864 24149 89396 62437 5879 307663 9798 724950 92945 1785 236328 19833 424237 393455 42934 103671 473278 10077 72557 69136 59082 46118 15814 38486 64468 105091 14241 469471
leaf_count=715020 10392 126445 170864 24149 89396 62437 5879 307663 9798 724950 92945 1785 236328 19833 424237 393455 42934 103671 473278 10077 72557 69136 59082 46118 15814 38486 64468 105091 14241 469471
internal_value=-1.15967e-08 -0.00117159 -0.0141731 0.00405423 0.00309586 0.0123866 -8.17328e-05 -0.000225896 0.00803495 -0.00144651 0.00189118 -0.00404969 0.00378405 -0.00504011 -0.000250406 0.00221773 0.00973382 -0.00472065 -0.00952299 -0.0255548 -0.000133155 -0.00504259 -0.00227059 -0.0382479 -0.030038 -0.0290096 -0.000686238 0.0216844 0.0361385 -0.0047401
internal_weight=5e+06 3.87905e+06 263021 1.12095e+06 1.0968e+06 317315 135546 3.61603e+06 465516 3.15051e+06 339071 129667 329273 190697 2.84285e+06 1.83158e+06 436389 1.01126e+06 587026 113748 1.3952e+06 670246 597689 72324 61932 40271 779488 181769 76678 538607
internal_count=5000000 3879048 263021 1120952 1096803 317315 135546 3616027 465516 3150511 339071 129667 329273 190697 2842848 1831585 436389 1011263 587026 113748 1395196 670246 597689 72324 61932 40271 779488 181769 76678 538607
cat_boundaries=0 1 2 3 4 5 6 7 8
cat_threshold=15744512 12590095 4110 16252943 2096 14680575 14680191 6148
is_linear=0
shrinkage=0.1


Tree=155
num_leaves=31
num_cat=5
split_feature=67 49 12 86 73 75 63 76 72 90 5 73 73 72 86 88 15 0 16 0 23 23 89 76 9 27 11 75 23 75
split_gain=2425.53 3843.25 3529.55 3694.96 3186.44 2700.37 2541.89 2799.53 2728.31 2420.37 2446.58 2324.74 2288.74 2265.58 2254.51 2249.95 2223.93 2514.59 2113.9 2105.24 3072.83 2076.55 3100.54 2069.95 2128.69 2060.75 1954.41 3613.79 1915.6 1913.03
threshold=0.94999998807907116 1.0500000119209292 19.550000190734867 16.750000000000004 142.61585235595706 0 1.4499999880790713 1 36.073350906372077 1.0000000180025095e-35 21.349999427795414 138.99334716796878 136.15579986572268 35.225851058959968 -13.749999999999998 0.84999999403953563 5.8500001430511483 13.050000190734865 7.6499998569488534 26.94999980926514 27.650000572204593 24.250000000000004 18.44999980926514 2 -10.349999904632567 1.0000000180025095e-35 1.6500000357627871 3 15.949999809265138 4
decision_type=10 10 10 10 2 1 8 1 2 10 10 2 2 2 8 10 8 2 8 2 10 8 8 1 8 8 8 1 8 1
left_child=1 14 3 6 5 -4 15 8 11 10 16 -8 -10 -13 -1 -2 17 -3 29 20 -7 22 -6 24 -16 -15 -14 -28 -5 -9
right_child=2 9 4 28 21 19 7 18 12 -11 -12 13 26 25 23 -17 -18 -19 -20 -21 -22 -23 -24 -25 -26 -27 27 -29 -30 -31
leaf_value=-0.090568555385428962 0.0018842430531493589 -0.009872120565722035 -0.035802130735347625 0.030773917402568726 -0.064653895853698767 -0.0026376199120319564 0.0042348900923646115 0.008277840609407382 0.082146112107596536 0.00855100576383859 -0.0012377871687507046 0.06922445175552551 0.0030750526134245022 0.0057201814799982681 0.11334876619399091 -0.0098253203867349273 -0.020296479403056927 0.029347482634169104 0.003422989946515072 0.0062882841169729087 -0.028967474265272589 -0.093024691172616136 0.0059006599611480118 0.0055075858343473887 -0.0082949706575657697 0.11166576446710166 -0.023752998457310354 -0.00090364389755479653 0.010027405201002591 0.023282148910982799
leaf_weight=2623 383226 183994 23694 53286 10660 734224 276110 212493 3007 75647 206332 10970 170676 22257 1451 286971 266880 17942 363355 251728 47172 5148 14983 508977 167986 2001 118973 165503 270095 141636
leaf_count=2623 383226 183994 23694 53286 10660 734224 276110 212493 3007 75647 206332 10970 170676 22257 1451 286971 266880 17942 363355 251728 47172 5148 14983 508977 167986 2001 118973 165503 270095 141636
internal_value=6.02242e-09 -0.00347692 0.00139522 0.00347779 -0.00335458 -0.00243067 0.00198346 0.004288 9.81514e-05 -0.00841124 -0.0103118 0.00732145 -0.00481038 0.0315133 0.00196283 -0.00312966 -0.0143054 -0.00638746 0.00878147 -0.00166495 -0.00422712 -0.0350652 -0.0234294 0.00232059 -0.00725283 0.0144594 -0.00538486 -0.0104605 0.013446 0.0142798
internal_weight=5e+06 1.43183e+06 3.56817e+06 2.48056e+06 1.08761e+06 1.05682e+06 2.15718e+06 1.48698e+06 769497 750795 675148 311338 458159 35228 681037 670197 468816 201936 717484 1.03312e+06 781396 30791 25643 678414 169437 24258 455152 284476 323381 354129
internal_count=5000000 1431832 3568168 2480559 1087609 1056818 2157178 1486981 769497 750795 675148 311338 458159 35228 681037 670197 468816 201936 717484 1033124 781396 30791 25643 678414 169437 24258 455152 284476 323381 354129
cat_boundaries=0 1 2 3 4 5
cat_threshold=4110 4325312 1574880 4126 14
is_linear=0
shrinkage=0.1


Tree=156
num_leaves=31
num_cat=3
split_feature=12 84 13 76 7 74 82 68 89 17 89 72 12 6 7 76 0 23 0 66 55 0 22 72 73 72 76 73 12 12
split_gain=2258.77 3278.1 2943.66 2759.74 5072.15 2980.65 2722.78 2441.56 2229.06 2534.55 2860.96 2106 2138.32 3314.11 3132.84 2522.16 2340.19 2796.82 4082.44 2077.76 2574.96 2038.53 2550.16 2005.03 6931.62 3642.29 3431.47 3295.23 4707.13 2501.03
threshold=29.44999980926514 1.0000000180025095e-35 33.049999237060554 0 25.44999980926514 7.5000000000000009 5.0499999523162851 0.94999998807907116 17.050000190734867 5.8500001430511483 4.6499998569488534 44.147500991821296 19.44999980926514 16.250000000000004 18.44999980926514 1 11.84999990463257 14.84999990463257 14.949999809265138 2.0499999523162846 1.7500000000000002 9.4499998092651385 7.4500000476837167 34.80999946594239 138.99334716796878 35.121698379516609 2 136.54419708251956 11.050000190734865 -5.9500000476837149
decision_type=10 10 8 1 10 2 10 8 8 8 8 2 8 8 10 1 2 8 2 10 10 2 8 2 2 2 1 2 10 8
left_child=3 2 -2 4 6 -5 11 8 9 10 -7 12 13 19 15 21 -16 18 -18 20 -1 -14 -23 24 -9 -25 -26 28 -27 -29
right_child=1 -3 -4 5 -6 7 -8 23 -10 -11 -12 -13 14 -15 16 -17 17 -19 -20 -21 -22 22 -24 25 26 27 -28 29 -30 -31
leaf_value=0.0080772548905161928 -0.01521427103947027 -0.08669868693201703 0.025443975875754494 0.0059170301811476362 0.031436599154975986 -0.016364798348510685 -0.021990147583521844 0.0020633065706643114 -0.0027017810430109753 -0.02278114734440561 0.0098650377423737876 -0.019234921756229883 0.032038657117886248 0.03399538761752989 0.057554122340986127 -0.046368438472745861 0.017353834710054073 0.0067082897376608639 -0.050092622724653528 0.013901195845466025 -0.0089740586413823067 -0.096637399903359456 -0.0097960663487848872 -0.020387948318599865 0.0092176681700680049 0.037736560386890251 0.081194117741160865 0.015260139537476822 -0.0019020465688420877 -0.0034030419392266421
leaf_weight=239920 120657 5679 20890 539053 66614 95419 41892 624878 516099 150276 73703 37558 10747 46495 7921 22878 15025 216982 22285 225311 140385 3628 49777 104332 10890 51329 16944 75761 71956 1374716
leaf_count=239920 120657 5679 20890 539053 66614 95419 41892 624878 516099 150276 73703 37558 10747 46495 7921 22878 15025 216982 22285 225311 140385 3628 49777 104332 10890 51329 16944 75761 71956 1374716
internal_value=7.44349e-10 -0.0122026 -0.00921379 0.000370211 0.00465561 -0.000956835 0.00300504 -0.00212709 -0.00676517 -0.013331 -0.00493389 0.00401291 0.00488488 0.00826666 -0.00142963 -0.0178695 0.00402685 0.00235951 -0.0229315 0.00629139 0.00178297 -0.0076977 -0.0156955 -0.000464534 0.00423824 -0.00229373 0.053066 -0.00109418 0.0146013 -0.00242823
internal_weight=5e+06 147226 141547 4.85277e+06 1.14742e+06 3.70536e+06 1.0808e+06 3.1663e+06 835497 319398 169122 1.03891e+06 1.00135e+06 652111 349243 87030 262213 254292 37310 605616 380305 64152 53405 2.33081e+06 652712 1.67809e+06 27834 1.57376e+06 123285 1.45048e+06
internal_count=5000000 147226 141547 4852774 1147418 3705356 1080804 3166303 835497 319398 169122 1038912 1001354 652111 349243 87030 262213 254292 37310 605616 380305 64152 53405 2330806 652712 1678094 27834 1573762 123285 1450477
cat_boundaries=0 1 2 3
cat_threshold=8388639 28 6292448
is_linear=0
shrinkage=0.1


Tree=157
num_leaves=31
num_cat=6
split_feature=12 80 8 76 7 76 7 11 0 75 17 81 7 12 86 76 75 28 88 11 16 76 23 16 12 18 0 72 8 83
split_gain=2174.62 3107.16 2728.45 2685.84 2802.24 2539.96 3856.01 2847.85 5737.91 6132.4 5137.27 5088.28 4091.43 4230.14 3837.41 3624.84 3299.43 2785.31 2778.62 2694.28 3121.32 2680.29 2466.54 2447.31 2445.58 2949.58 3201.94 3162.53 2903.06 2639.05
threshold=26.650000572204593 23.150000572204593 30.849999427795414 0 24.250000000000004 1 23.94999980926514 7.4500000476837167 8.8499999046325701 2 12.050000190734865 1.0000000180025095e-35 6.8500001430511483 13.449999809265138 6.0499999523162851 3 4 1.0000000180025095e-35 0.55000001192092907 12.650000095367433 16.050000190734867 5 13.050000190734865 7.4500000476837167 -7.5499999523162833 -4.2499999999999991 -10.15000009536743 43.490848541259773 -13.050000190734862 5.8500001430511483
decision_type=10 10 8 1 8 1 10 8 2 1 8 8 8 10 10 1 1 10 10 8 8 1 8 8 10 10 2 2 8 10
left_child=1 5 3 -2 -5 6 -1 10 9 19 14 17 15 -14 24 -10 -15 -11 -16 20 -9 -20 -12 -21 25 26 -7 28 -28 -26
right_child=2 -3 -4 4 -6 7 -8 8 12 11 22 -13 13 16 18 -17 -18 -19 21 23 -22 -23 -24 -25 29 -27 27 -29 -30 -31
leaf_value=0.0028972377736317216 -0.00072105149267890712 0.0095766252242650909 0.011360154245222007 -0.062301701574918038 -0.015505321789593282 -0.036509847032948656 0.033715152855921741 -0.033389731032078776 -0.0051237565487585422 0.01344600703275063 0.053143563083439788 -0.064323980199492745 0.0067023807301220236 0.0044975994549939606 0.049979290785812647 -0.084346143450325262 -0.0074500709690027396 -0.067694317750850538 0.032687015063803816 -0.012871278344938026 0.029345463330509747 0.0043970922016796183 0.0027587906212924243 -0.098194567417823564 -0.0058374194555901896 0.0639157623528913 -0.068159115999492287 0.046930192734168402 0.012009073086017239 0.0094777109774731912
leaf_weight=996517 142206 356184 65799 13867 165710 13343 42325 97754 11838 75704 28555 10760 461910 306786 17444 11282 937322 4481 39555 4819 8631 218196 14727 11116 747902 10664 5545 22255 24365 132438
leaf_count=996517 142206 356184 65799 13867 165710 13343 42325 97754 11838 75704 28555 10760 461910 306786 17444 11282 937322 4481 39555 4819 8631 218196 14727 11116 747902 10664 5545 22255 24365 132438
internal_value=9.47635e-09 0.000604548 -0.0071943 -0.0109884 -0.0191179 -0.000146282 0.0041528 -0.00153439 -0.0039448 -0.0194209 0.00213778 0.00024685 -0.00203604 -0.00146977 0.000947872 -0.0438211 -0.00450391 0.00891162 0.011354 -0.0340412 -0.0283 0.00873996 0.0359998 -0.0723914 -0.00204605 0.0151438 0.0072043 0.0183857 -0.00285327 -0.00353342
internal_weight=5e+06 4.61242e+06 387582 321783 179577 4.25623e+06 1.03884e+06 3.21739e+06 1.9424e+06 213265 1.27499e+06 90945 1.72914e+06 1.70602e+06 1.23171e+06 23120 1.24411e+06 80185 275195 122320 106385 257751 43282 15935 956512 76172 65508 52165 29910 880340
internal_count=5000000 4612418 387582 321783 179577 4256234 1038842 3217392 1942403 213265 1274989 90945 1729138 1706018 1231707 23120 1244108 80185 275195 122320 106385 257751 43282 15935 956512 76172 65508 52165 29910 880340
cat_boundaries=0 1 2 3 4 5 6
cat_threshold=124 8388639 7174 133088 384 7865312
is_linear=0
shrinkage=0.1


Tree=158
num_leaves=31
num_cat=7
split_feature=76 87 81 75 8 11 17 0 75 72 5 11 86 11 17 5 15 11 76 11 30 4 11 76 16 76 76 89 11 4
split_gain=2207.29 4410.24 3840.43 3514.88 2872.93 2640.2 3765.39 3765.21 3405.25 2649.3 2574.41 2514.67 2310.07 2245.62 4222.07 3513.67 4958.82 4583.54 3717.05 4568.05 3464.57 3406.04 4462.07 3924.49 2930.64 2858.26 2788.74 2692.36 3927.06 3387.47
threshold=0 1.0000000180025095e-35 1.0000000180025095e-35 1 -13.050000190734862 -6.6499998569488517 -1.9499999880790708 -8.6500000953674299 2 43.209150314331062 -12.949999809265135 3.4500000476837163 -8.0500001907348615 6.2500000000000009 10.84999990463257 7.4500000476837167 14.550000190734865 9.6500000953674334 3 9.6500000953674334 1.0000000180025095e-35 3.0499999523162846 2.4500000476837163 4 12.449999809265138 5 6 15.150000095367433 20.849999427795414 21.150000572204593
decision_type=1 10 10 1 8 8 10 2 1 2 8 8 10 10 8 8 8 10 1 10 10 8 8 1 8 1 1 8 10 8
left_child=1 2 3 4 -1 6 7 12 9 -7 -9 -11 -2 14 21 16 18 26 -15 24 -18 22 -10 -23 -20 -24 -17 -19 -29 -30
right_child=5 -3 -4 -5 -6 8 -8 10 13 11 -12 -13 -14 15 -16 17 20 27 19 -21 -22 23 25 -25 -26 -27 -28 28 29 -31
leaf_value=-0.12938044280347902 -0.023748740711660277 0.017561400047688316 0.027717897792341174 -0.002677085194388135 -0.015980292711428822 -0.0068424297940832407 0.11310907859592999 -0.033468646596675054 0.0055351158133832463 -0.039435200003154279 0.041926316095447828 -0.36426821617577815 0.066347668636568422 -0.0047920784950478135 0.038147415866481266 0.0068547372806232222 0.026506549613200626 -0.0058939306180928576 -0.03037293423465939 -0.082347668017422826 -0.19965046247888454 0.032181249840064423 -0.034006592812059748 0.0052064618244611772 0.010303682289793373 -0.0038443565173338608 0.034127689731685944 0.0070127676965762338 -0.011596922350804109 0.0012432907253702545
leaf_weight=2251 25713 80438 30448 423759 297067 299703 4060 5145 351683 21432 37821 241 3200 158950 39432 91128 40149 541886 77031 13824 689 80955 53030 161592 23001 77093 63711 887080 272522 834966
leaf_count=2251 25713 80438 30448 423759 297067 299703 4060 5145 351683 21432 37821 241 3200 158950 39432 91128 40149 541886 77031 13824 689 80955 53030 161592 23001 77093 63711 887080 272522 834966
internal_value=-2.68816e-09 -0.00469603 -0.00707205 -0.00853701 -0.0168325 0.000940063 0.0194154 0.0141232 0.000597043 -0.00928373 0.0328981 -0.0430473 -0.0137772 0.00143964 0.00628141 0.000208983 -0.00980772 0.00137633 -0.0146726 -0.0284636 0.0226909 0.0045467 -0.000318624 0.0142114 -0.0210199 -0.0161395 0.0180793 0.000356693 0.00205487 -0.00191633
internal_weight=5e+06 833963 753525 723077 299318 4.16604e+06 75939 71879 4.0901e+06 321376 42966 21673 28913 3.76872e+06 763785 3.00494e+06 313644 2.69129e+06 272806 113856 40838 724353 481806 242547 100032 130123 154839 2.53645e+06 1.99457e+06 1.10749e+06
internal_count=5000000 833963 753525 723077 299318 4166037 75939 71879 4090098 321376 42966 21673 28913 3768722 763785 3004937 313644 2691293 272806 113856 40838 724353 481806 242547 100032 130123 154839 2536454 1994568 1107488
cat_boundaries=0 1 2 3 4 5 6 7
cat_threshold=245760 124 2 9175103 14687247 10493824 1844176
is_linear=0
shrinkage=0.1


Tree=159
num_leaves=31
num_cat=7
split_feature=74 12 89 6 76 7 23 64 75 91 12 76 12 75 56 0 54 20 89 90 89 76 12 74 76 56 61 75 54 11
split_gain=2204.82 2468.04 3884.47 2871.56 5533.11 3535.8 2859.07 2693.76 2482.48 2377.99 2304.69 2296.56 2319.5 2287.51 2273.46 2199.06 2122.53 2076.55 2028.68 2008.95 1996.49 2472.14 2276.5 1924.49 1922.21 3771.25 2536.06 2316.16 1750.55 1715.14
threshold=669.00000000000011 23.650000572204593 19.44999980926514 25.250000000000004 0 22.050000190734867 18.750000000000004 1.2500000000000002 1 0.84999999403953563 28.050000190734867 2 28.650000572204593 3 0.84999999403953563 25.44999980926514 2.8500000238418584 12.84999990463257 13.449999809265138 1.0000000180025095e-35 26.550000190734867 4 16.650000572204593 28.500000000000004 5 2.6499999761581425 3.5499999523162846 6 2.3500000238418584 35.149999618530281
decision_type=2 10 10 8 1 8 10 10 1 10 10 1 10 1 8 2 10 10 8 10 10 1 10 2 1 10 10 1 8 8
left_child=1 2 7 4 16 -6 8 9 -4 14 -7 12 -5 -2 -1 -13 -3 18 -11 20 21 22 -8 -16 25 26 -9 -27 -29 -14
right_child=13 3 6 11 5 10 19 24 -10 17 -12 15 29 -15 23 -17 -18 -19 -20 -21 -22 -23 -24 -25 -26 27 -28 28 -30 -31
leaf_value=0.0071518347805036107 -0.027565032434275868 -0.00093689838132457101 0.0093651238262563007 0.021658945799930607 -0.096539675595348859 -0.022468570131529298 0.0094375034255329768 -0.0082298703024147168 0.042739445986528769 -0.0078394845450374308 -0.097188506243155892 -0.025621922456688262 -0.0021247806038146855 -0.0039569289107560359 0.0074576831211319696 -0.00088944889911034579 -0.025960355208920979 -0.019110073220201411 0.01253555903820616 0.027707456295079754 0.017535738663875804 0.013972991824451006 -0.011458410112533235 -0.0079581785510763944 0.0037642893690901674 -0.0083189255447315459 -0.043977783931879677 -0.013342881358749809 0.024619856925482402 0.070141595387318387
leaf_weight=287805 54378 255402 45765 82636 7910 76642 76325 229146 43471 332042 4363 45324 117035 167322 106551 173827 39084 138183 57300 39370 87850 98427 164516 337439 1766483 49265 21727 14436 76597 3379
leaf_count=287805 54378 255402 45765 82636 7910 76642 76325 229146 43471 332042 4363 45324 117035 167322 106551 173827 39084 138183 57300 39370 87850 98427 164516 337439 1766483 49265 21727 14436 76597 3379
internal_value=4.19606e-09 0.000452326 0.00147575 -0.00459454 -0.0108597 -0.0327208 0.00922955 0.000214704 0.0256291 -0.0034605 -0.0264931 0.00109485 0.00875674 -0.00974889 0.000228968 -0.00600425 -0.00425785 -0.00857862 -0.00484086 0.00609242 0.00410004 0.000620999 -0.00483608 -0.0042586 0.00235975 -0.003983 -0.0113258 0.00914678 0.0185977 -9.68762e-05
internal_weight=5e+06 4.7783e+06 3.9727e+06 805602 383401 88915 555724 3.41697e+06 89236 1.25932e+06 81005 422201 203050 221700 731795 219151 294486 527525 389342 466488 427118 339268 240841 443990 2.15765e+06 391171 250873 140298 91033 120414
internal_count=5000000 4778300 3972698 805602 383401 88915 555724 3416974 89236 1259320 81005 422201 203050 221700 731795 219151 294486 527525 389342 466488 427118 339268 240841 443990 2157654 391171 250873 140298 91033 120414
cat_boundaries=0 1 2 3 4 5 6 7
cat_threshold=4094 112 12595263 38 1047552 123392 120
is_linear=0
shrinkage=0.1


Tree=160
num_leaves=31
num_cat=3
split_feature=79 82 74 72 77 12 75 12 48 12 80 76 84 48 25 73 72 73 72 75 74 0 73 82 50 73 72 73 72 72
split_gain=2048.79 2344.26 2542.13 2420.2 2315.72 2719.08 2222.06 2254.14 2139.86 2023.34 3100.68 2235.67 6498 4246.29 3603.52 3254.45 6799.69 3218.81 2960.35 4179.61 3022.58 2902.79 2900.19 3025.23 2753.84 2723.89 3388.84 2507.05 3276.03 4393.02
threshold=0.45000000298023229 0.45000000298023229 249.50000000000003 32.232500076293952 9.0500001907348651 0.84999999403953563 0 14.949999809265138 2.2500000000000004 26.150000572204593 26.349999427795414 1 1.0000000180025095e-35 7.4500000476837167 1.0000000180025095e-35 140.11250305175784 38.316650390625007 139.78585052490237 44.050001144409187 2 210.50000000000003 24.250000000000004 145.49250030517581 1.9499999880790713 2.1499999761581425 135.22000122070315 32.94585037231446 129.87249755859378 33.418348312377937 30.90164947509766
decision_type=8 8 2 2 8 8 1 8 10 10 10 1 10 10 10 2 2 2 2 1 2 2 2 10 10 2 2 2 2 2
left_child=8 -2 9 -4 -5 -6 -7 -8 -1 10 11 12 14 21 15 16 27 -18 20 -20 22 25 23 -17 -14 26 -13 -3 29 -29
right_child=1 2 3 4 5 6 7 -9 -10 -11 -12 13 24 -15 -16 18 17 -19 19 -21 -22 -23 -24 -25 -26 -27 -28 28 -30 -31
leaf_value=0.0047184239858743052 0.00794872807425283 0.016449654446484177 0.025371327226493143 -0.017562490458313523 0.011208918728505391 -0.0023974625421528529 -0.0098132356841873283 -0.035393391380710182 0.029839597181178124 -0.0072355343856754491 0.017298289357677354 0.010230689596321724 0.0034298755309822449 -0.025251220306233932 0.020674175318705371 -0.010164304899843501 0.076886751858122229 0.018239298761847361 0.043870272696669953 -0.0087936548296648279 0.022632063034093694 0.03314933316857327 0.089479234409483341 -0.027063003567564255 0.030564985368115829 0.0061464062573160427 -0.0094544194954551252 0.042528375927519298 -0.0021404819417898931 -0.025956682633884703
leaf_weight=279495 305022 56630 24235 159769 98206 415635 173486 42984 38590 337512 111395 125497 72876 51278 54170 266826 13890 28684 21787 48823 20925 33442 2579 175694 76830 1008654 288487 10219 544121 112259
leaf_count=279495 305022 56630 24235 159769 98206 415635 173486 42984 38590 337512 111395 125497 72876 51278 54170 266826 13890 28684 21787 48823 20925 33442 2579 175694 76830 1008654 288487 10219 544121 112259
internal_value=9.77817e-09 -0.000527613 -0.00111832 -0.00580827 -0.00665722 -0.00427149 -0.00667658 -0.0148919 0.00776612 0.000120087 0.000914506 0.000308909 -0.00241571 0.00303163 -0.00459758 -0.00564866 -0.00146419 0.0373734 -0.0116201 0.00746098 -0.0145112 0.00402768 -0.0162574 -0.0168736 0.0173558 0.00334311 -0.00348699 -0.00375042 -0.00546649 -0.0202426
internal_weight=5e+06 4.68192e+06 4.37689e+06 914315 890080 730311 632105 216470 318085 3.46258e+06 3.12507e+06 3.01367e+06 1.50631e+06 1.50736e+06 1.35661e+06 1.30244e+06 765803 42574 536634 70610 466024 1.45608e+06 445099 442520 149706 1.42264e+06 413984 723229 666599 122478
internal_count=5000000 4681915 4376893 914315 890080 730311 632105 216470 318085 3462578 3125066 3013671 1506313 1507358 1356607 1302437 765803 42574 536634 70610 466024 1456080 445099 442520 149706 1422638 413984 723229 666599 122478
cat_boundaries=0 1 2 3
cat_threshold=2000 524032 7170
is_linear=0
shrinkage=0.1


Tree=161
num_leaves=31
num_cat=5
split_feature=11 0 27 78 33 86 11 87 0 75 76 11 7 76 75 76 15 72 73 72 87 73 8 72 12 73 23 83 72 72
split_gain=2047.65 4211.4 5102.22 4830.16 4307.88 3867.69 3543.43 3248.21 3204.1 3185.48 3506.73 3036.17 3954.9 4691.55 3645.75 3062.31 2996.24 2981.69 2966.1 2842.04 2790.97 2780.65 2705.53 3165.98 2622.05 2522.13 2588.32 3181.17 4599.76 2573.64
threshold=3.4500000476837163 3.8500000238418584 1.0000000180025095e-35 1.0000000180025095e-35 1.0000000180025095e-35 0.65000000596046459 8.2500000000000018 1.0000000180025095e-35 1.0000000180025095e-35 0 1 9.6500000953674334 2.8500000238418584 2 3 4 7.8500001430511483 33.70579910278321 135.9633483886719 36.527500152587898 1.0000000180025095e-35 138.67330169677737 8.0500001907348651 37.225849151611335 20.150000572204593 136.54419708251956 -8.5500001907348615 -0.55000001192092884 36.851650238037116 35.269151687622077
decision_type=8 2 8 10 8 10 10 10 2 1 1 10 8 1 1 1 10 2 2 2 8 2 10 2 10 2 8 10 2 2
left_child=5 2 3 4 7 16 8 9 -4 10 -2 12 13 -3 17 18 25 -13 -14 20 21 -7 23 -11 -19 29 -27 -28 -29 -1
right_child=1 11 6 -5 -6 19 -8 -9 -10 22 -12 14 15 -15 -16 -17 -18 24 -20 -21 -22 -23 -24 -25 -26 26 27 28 -30 -31
leaf_value=0.0067201015699821154 -0.036582295282698095 -0.073702488793600307 -0.15502830209311458 -0.075341024025804823 -0.065394275744203617 0.0048608689810590803 -0.1614717886845902 -0.086549180847728488 -0.02768442978138503 0.016137340406709152 -0.0019064688394605615 0.00061713838267407107 0.00099235661579667061 0.0082899379600306806 0.0002073697081000435 0.005256759283631951 0.058302905448802213 -0.012843450159980705 0.040972789726713782 0.020777560631497057 0.073128868495347818 -0.037077603111534636 0.029376899287293569 -0.017863393146472187 -0.051458390058325323 0.016448766400742231 -0.01033203044119624 -0.021721896191646124 0.017872533034160167 0.051445348231216097
leaf_weight=64692 44526 13186 2242 10453 11795 97640 2903 4657 16643 55355 84512 194595 29293 14814 2561078 507599 8644 291826 50627 192958 5174 18864 41198 54202 18712 59956 378571 40459 106766 16060
leaf_count=64692 44526 13186 2242 10453 11795 97640 2903 4657 16643 55355 84512 194595 29293 14814 2561078 507599 8644 291826 50627 192958 5174 18864 41198 54202 18712 59956 378571 40459 106766 16060
internal_value=1.53348e-08 -0.00100536 -0.0118545 -0.00853273 -0.0061754 0.00407341 -0.0586138 -0.00371983 -0.0428025 -0.00234119 -0.0138737 -3.73925e-05 0.006372 -0.030346 -0.00132403 0.00812191 -0.000193962 -0.00908822 0.0263155 0.0132304 0.00126195 -0.00192969 0.0075304 -0.000684111 -0.0151703 -0.000952617 -0.00323665 -0.00548135 0.00699156 0.0156151
internal_weight=5e+06 4.01022e+06 328486 306698 296245 989784 21788 284450 18885 279793 129038 3.68173e+06 615519 28000 3.06621e+06 587519 675148 505133 79920 314636 121678 116504 150755 109557 310538 666504 585752 525796 147225 80752
internal_count=5000000 4010216 328486 306698 296245 989784 21788 284450 18885 279793 129038 3681730 615519 28000 3066211 587519 675148 505133 79920 314636 121678 116504 150755 109557 310538 666504 585752 525796 147225 80752
cat_boundaries=0 1 2 3 4 5
cat_threshold=6146 3936224 129024 4126 14680079
is_linear=0
shrinkage=0.1


Tree=162
num_leaves=31
num_cat=7
split_feature=76 75 12 87 76 75 76 4 11 76 76 36 31 28 42 54 48 0 56 72 73 48 11 90 0 15 74 48 51 0
split_gain=2003.22 4383.07 4395.17 3464.84 3375.13 3319.94 3746.92 3245.85 2991.87 3077.49 2966.66 2904.46 3942.92 2787.43 2819.57 2727.26 2915.28 2713.56 2700.83 2640.81 3001.99 2554.15 2393.91 2375.44 2307 3301.92 2257.52 2308.46 2512.33 2230.46
threshold=0 1 22.150000572204593 1.0000000180025095e-35 2 3 4 22.750000000000004 15.949999809265138 5 6 1.0000000180025095e-35 1.0000000180025095e-35 1.0000000180025095e-35 1.0000000180025095e-35 2.9500000476837163 1.9499999880790713 22.550000190734867 2.3500000238418584 37.019998550415046 137.86834716796878 0.75000000000000011 1.2500000000000002 1.0000000180025095e-35 14.949999809265138 15.34999990463257 58.500000000000007 3.9500000476837163 2.3500000238418584 -3.4500000476837154
decision_type=1 1 10 10 1 1 1 8 10 1 1 8 10 10 10 10 10 2 8 2 2 8 8 10 2 8 2 8 8 2
left_child=1 10 3 4 -3 8 11 18 9 -2 -1 12 13 14 15 22 -17 -4 21 20 -11 -6 -7 29 25 -13 27 -8 -29 -12
right_child=5 2 17 -5 7 6 26 -9 -10 19 23 24 -14 -15 -16 16 -18 -19 -20 -21 -22 -23 -24 -25 -26 -27 -28 28 -30 -31
leaf_value=-0.0015420554450632767 0.022359719719793465 0.014431666400251737 -0.069695267815999606 0.026950063217112592 0.010469456963821731 0.020792800194561062 0.009986354806454309 0.018363787918324964 0.0012291535492067072 0.006864001370971682 -0.072180199784123114 -0.032541862082490984 -0.039242109786278241 -0.037069222040373301 -0.033029063097986616 -0.031168825009136064 -0.0011148711860716508 -0.0096705629936609909 0.0083984965886242779 -0.00048156149611472063 0.032807452613690766 -0.015432806940530192 0.00020795054037883918 0.0095780125942149311 0.0026651835643820075 -0.132763392180588 -0.0025351421591045735 -0.041839664101442256 2.3834301827652907e-05 -0.017142536544691341
leaf_weight=256756 148827 177779 7868 66068 46085 72118 406960 66552 1138983 158760 7547 41250 33122 23847 27794 50534 89331 176084 99460 279307 62028 218862 260798 33421 17076 3572 608546 16695 101421 302549
leaf_count=256756 148827 177779 7868 66068 46085 72118 406960 66552 1138983 158760 7547 41250 33122 23847 27794 50534 89331 176084 99460 279307 62028 218862 260798 33421 17076 3572 608546 16695 101421 302549
internal_value=-5.88994e-09 -0.00311822 0.00146422 0.00519945 0.0028388 0.00128484 -0.00180743 -0.00194378 0.00431684 0.00973639 -0.00967384 -0.00806157 -0.00578015 -0.00366672 -0.00207545 -0.000255741 -0.0119735 -0.0122379 -0.00565262 0.00597916 0.0141525 -0.0109274 0.00466715 -0.0157516 -0.0286127 -0.0405288 0.00161005 0.00641422 -0.00589332 -0.018482
internal_weight=5e+06 1.45903e+06 858758 674806 608738 3.54097e+06 1.75306e+06 430959 1.7879e+06 648922 600273 619442 557544 524422 500575 472781 139865 183952 364407 500095 220788 264947 332916 343517 61898 44822 1.13362e+06 525076 118116 310096
internal_count=5000000 1459031 858758 674806 608738 3540969 1753064 430959 1787905 648922 600273 619442 557544 524422 500575 472781 139865 183952 364407 500095 220788 264947 332916 343517 61898 44822 1133622 525076 118116 310096
cat_boundaries=0 1 2 3 4 5 6 7
cat_threshold=516352 124 393216 504 3670240 3145824 24832
is_linear=0
shrinkage=0.1


Tree=163
num_leaves=31
num_cat=6
split_feature=0 12 89 76 23 83 12 16 5 75 77 15 0 87 0 28 0 11 6 76 11 75 23 76 70 0 73 72 12 76
split_gain=2076.44 2585.07 5509.43 4388.87 4151.35 4137.32 3691.17 3884.1 3627.02 3414.12 3041.59 3336.19 3038.06 5761.68 5678.32 5381.23 6141.04 4406.2 3894.37 4311 3883.42 3425.18 3670.84 3024.99 3251.46 3123.21 2954.66 2670.56 3786.5 2611.28
threshold=31.150000572204593 17.44999980926514 13.949999809265138 0 12.84999990463257 14.550000190734865 6.2500000000000009 10.449999809265138 16.94999980926514 1 3.2500000000000004 -3.1499999761581416 18.849999427795414 1.0000000180025095e-35 12.650000095367433 1.0000000180025095e-35 12.449999809265138 24.44999980926514 21.250000000000004 2 21.750000000000004 3 17.550000190734867 4 1.0500000119209292 9.6500000953674334 141.16085052490237 34.788349151611335 25.050000190734867 5
decision_type=2 10 10 1 10 10 8 10 8 1 10 8 2 10 2 10 2 10 8 1 10 1 10 1 8 2 2 2 8 1
left_child=1 2 5 8 -4 6 7 10 -3 -8 -1 -12 13 15 -15 18 -17 -16 19 -5 -14 22 -22 25 -25 -11 -26 -10 -29 -20
right_child=-2 3 4 12 -6 -7 9 -9 27 23 11 -13 20 14 17 16 -18 -19 29 -21 21 -23 -24 24 26 -27 -28 28 -30 -31
leaf_value=-0.0010593369979914522 0.017331003019436599 -0.054191654528812985 0.032340395358325474 0.0049056357909400099 0.0072108345892051111 0.01410465526575597 0.0073170292352831264 0.048372398640250003 -0.0011567433532307877 -0.0068404027208507972 0.067437858787736282 0.0086477671958329269 0.018246756801947671 -0.15709939266006834 -0.022190602958711919 -0.22938542859069722 -0.035973930287110246 -0.17165860307245781 0.034225235285877308 -0.016627416984399061 -0.068738918414445779 0.0034761065483647964 -0.0094415480774668516 -0.027562069344195868 -0.0051660853079419202 0.013061512896428255 -0.034487992424890694 -0.012694172124787415 -0.056751269867161183 -0.0068114986952313014
leaf_weight=1013742 68188 18906 77558 208660 431364 183959 168163 17905 211872 361825 10016 266014 146738 3795 40591 1797 18988 2073 47713 167685 11616 576187 103108 127163 285402 100824 39070 244911 21196 22971
leaf_count=1013742 68188 18906 77558 208660 431364 183959 168163 17905 211872 361825 10016 266014 146738 3795 40591 1797 18988 2073 47713 167685 11616 576187 103108 127163 285402 100824 39070 244911 21196 22971
internal_value=1.75109e-09 -0.000239619 0.00153331 -0.0031961 0.0110405 -0.000346354 -0.00145859 0.00211681 -0.0112327 -0.00577795 0.00147467 0.010781 -0.000242241 -0.00629226 -0.0398799 -0.00295664 -0.0526956 -0.0294531 -0.000643985 -0.00468898 0.00347215 0.000334271 -0.0154442 -0.00818648 -0.0140082 -0.00250317 -0.00869677 -0.00953373 -0.0162034 0.0208929
internal_weight=5e+06 4.93181e+06 3.083e+06 1.84881e+06 508922 2.57408e+06 2.39012e+06 1.30768e+06 496885 1.08245e+06 1.28977e+06 276030 1.35192e+06 514273 46459 467814 20785 42664 447029 376345 837649 690911 114724 914284 451635 462649 324472 477979 266107 70684
internal_count=5000000 4931812 3083005 1848807 508922 2574083 2390124 1307677 496885 1082447 1289772 276030 1351922 514273 46459 467814 20785 42664 447029 376345 837649 690911 114724 914284 451635 462649 324472 477979 266107 70684
cat_boundaries=0 1 2 3 4 5 6
cat_threshold=523264 992 124 4206 12587071 12582975
is_linear=0
shrinkage=0.1


Tree=164
num_leaves=31
num_cat=2
split_feature=76 78 75 32 72 42 35 11 29 22 70 55 91 48 72 72 73 49 16 0 72 89 11 12 0 24 86 80 27 14
split_gain=1933.88 4193.72 3049.24 3875.08 5786.21 4715.71 4478.19 3779.14 3657.21 3083.13 3020.89 2929.17 2818.38 2852.48 3082.44 3335.14 2828.91 2601.45 2454.96 3914.2 2447.51 2519.05 2331.75 2297.31 2673.87 2623.49 2230.14 2213.96 2316.83 2191.44
threshold=0 1.0000000180025095e-35 1 1.0000000180025095e-35 39.600799560546882 1.0000000180025095e-35 1.0000000180025095e-35 6.6499998569488534 1.0000000180025095e-35 -1.2499999999999998 1.0500000119209292 1.4499999880790713 0.55000001192092907 5.3500001430511483 42.50835037231446 42.923349380493171 141.52664947509768 1.6500000357627871 15.250000000000002 14.650000095367433 40.354150772094734 18.94999980926514 1.0500000119209292 29.250000000000004 24.250000000000004 1.0000000180025095e-35 0.25000000745058065 -13.749999999999998 1.0000000180025095e-35 32.049999237060554
decision_type=1 8 1 8 2 10 8 10 10 10 10 10 8 10 2 2 2 8 8 2 2 8 8 8 2 2 8 8 8 10
left_child=1 12 3 5 18 6 8 -4 9 27 11 -11 -1 14 20 26 -17 -3 -5 -20 21 -14 -6 24 -9 29 -16 -2 -29 -25
right_child=2 17 7 4 22 -7 -8 23 -10 10 -12 -13 13 -15 15 16 -18 -19 19 -21 -22 -23 -24 25 -26 -27 -28 28 -30 -31
leaf_value=0.013586667821419866 -0.033714428937394202 -0.0022965554186304437 0.017478025079008228 1.7504215853966114e-05 -0.037600085576122301 -0.025641987347811687 -0.035011000171618199 0.0019462778475403241 -0.029445664103137821 0.00080381436214647852 0.0052767730917800508 -0.024311943593426172 -0.012307383694708881 0.0077159749014446824 -0.092960194992009471 0.023931072886231461 -0.015225508851344214 0.020694936470882514 -0.14434306391329879 -0.005662103146684006 0.012862793637367984 -0.0022444345699385868 -0.097383272985925307 -0.01361813445590669 0.013671208631178981 -0.075879622732327012 -0.031668841324154595 0.019200603266930516 -0.039255695132114882 0.014469728716315239
leaf_weight=84739 9004 84682 181972 63628 16896 71254 32950 1539943 34157 107240 398271 81898 374789 155876 6978 20640 173934 117497 3210 5561 76495 739801 10628 113077 222617 5693 39776 182930 7041 36823
leaf_count=84739 9004 84682 181972 63628 16896 71254 32950 1539943 34157 107240 398271 81898 374789 155876 6978 20640 173934 117497 3210 5561 76495 739801 10628 113077 222617 5693 39776 182930 7041 36823
internal_value=6.8725e-09 -0.00253871 0.00152351 -0.00294862 -0.0216566 -0.000927167 0.00113616 0.0037055 0.0025877 0.00397909 0.000334839 -0.0100715 -0.00418268 -0.00513072 -0.0065287 -0.0168345 -0.0110719 0.011065 -0.00681935 -0.0564164 -0.00444063 -0.00562817 -0.0606845 0.00239894 0.00342717 -0.00924888 -0.0408165 0.0147375 0.017034 -0.00671834
internal_weight=5e+06 1.87521e+06 3.12479e+06 1.02467e+06 99923 924745 853491 2.10012e+06 820541 786384 587409 189138 1.67303e+06 1.58829e+06 1.43241e+06 241328 194574 202179 72399 8771 1.19108e+06 1.11459e+06 27524 1.91815e+06 1.76256e+06 155593 46754 198975 189971 149900
internal_count=5000000 1875207 3124793 1024668 99923 924745 853491 2100125 820541 786384 587409 189138 1673028 1588289 1432413 241328 194574 202179 72399 8771 1191085 1114590 27524 1918153 1762560 155593 46754 198975 189971 149900
cat_boundaries=0 1 2
cat_threshold=520960 6150
is_linear=0
shrinkage=0.1


Tree=165
num_leaves=31
num_cat=3
split_feature=11 0 32 76 0 24 11 76 6 5 51 16 50 89 83 76 72 73 73 0 72 16 0 11 10 72 73 73 84 12
split_gain=2062.36 3715.59 5091.77 4797.54 4077.36 3466.24 3324.72 3862.65 4802.4 3739.98 3342.63 4496.91 3100.62 3064.33 3003.4 3508.62 2992.68 4288.72 3814.07 3754.97 4175.24 2792.42 2664.87 2579.78 2575.83 2574.62 2484.72 4444.47 2453.92 2439.35
threshold=-1.4499999880790708 1.0000000180025095e-35 1.0000000180025095e-35 0 -3.0499999523162837 1.0000000180025095e-35 4.6499998569488534 1 -1.0500000119209287 4.4500000476837167 2.2500000000000004 11.050000190734865 4.1499998569488534 5.6499998569488534 -4.5499999523162833 2 36.902500152587898 136.97330474853518 140.92085266113284 5.2500000000000009 43.490848541259773 1.2500000000000002 16.550000190734867 1.4499999880790713 0.45000000298023229 34.454999923706062 144.7174987792969 143.31164550781253 1.0000000180025095e-35 8.6500000953674334
decision_type=8 2 8 1 2 2 10 1 8 8 8 8 10 10 8 1 2 2 2 2 2 10 2 8 8 2 2 2 10 8
left_child=14 2 3 5 -4 12 7 13 -9 10 11 -8 25 24 -1 16 17 -16 -18 20 26 -17 -10 -6 -3 -2 27 -20 -29 -11
right_child=1 6 4 -5 23 -7 9 8 22 29 -12 -13 -14 -15 15 21 18 -19 19 -21 -22 -23 -24 -25 -26 -27 -28 28 -30 -31
leaf_value=-0.0076816165561736666 0.053599291726660406 0.056667808360529974 -0.14768856689477661 -0.024079770729805938 -0.014275987216922255 -0.06770355523820383 -0.037142302466489176 -0.036188886133045009 0.0036548885503100955 0.006980691216519657 0.0086818024946699584 0.0063162177083569207 -0.053417377650129216 0.071511836316501598 0.019703702968946014 0.022987034099786446 0.035673921417548091 -0.037466498416109363 -0.014101049827819234 0.060422550030654415 0.021333411886940701 0.08038361587038545 0.045327029387605106 -0.092601308995385878 0.012302110705401617 0.0064751277130026654 0.053902352082446647 -0.10080055660969874 0.17858753111956219 -0.00120854750239341
leaf_weight=103228 12861 14695 4017 103576 14253 6424 82953 29929 358926 410095 40520 33396 7895 11241 21758 72247 48364 33058 43339 9853 37663 9603 16031 5965 119552 117665 4042 8814 326 3217711
leaf_count=103228 12861 14695 4017 103576 14253 6424 82953 29929 358926 410095 40520 33396 7895 11241 21758 72247 48364 33058 43339 9853 37663 9603 16031 5965 119552 117665 4042 8814 326 3217711
internal_value=6.18278e-09 -0.000592593 -0.0119156 -0.00764729 -0.0556677 0.00410465 0.000119575 0.00738173 0.00235956 -0.000936501 -0.0160538 -0.0246683 0.0074375 0.0213566 0.00696039 0.0121892 0.00526386 -0.0147741 0.0124715 0.00168531 -0.00445945 0.0297174 0.00543655 -0.0373846 0.0171585 0.0111184 -0.0216466 -0.0274655 -0.0908355 -0.000282818
internal_weight=5e+06 4.6077e+06 272656 248421 24235 144845 4.33505e+06 550374 404886 3.78468e+06 156869 116349 138421 145488 392295 289067 207217 54816 152401 104037 94184 81850 374957 20218 134247 130526 56521 52479 9140 3.62781e+06
internal_count=5000000 4607705 272656 248421 24235 144845 4335049 550374 404886 3784675 156869 116349 138421 145488 392295 289067 207217 54816 152401 104037 94184 81850 374957 20218 134247 130526 56521 52479 9140 3627806
cat_boundaries=0 1 2 3
cat_threshold=4223 15729119 10484736
is_linear=0
shrinkage=0.1


Tree=166
num_leaves=31
num_cat=8
split_feature=76 74 11 75 76 11 86 12 90 72 77 48 16 75 11 73 73 12 76 89 24 85 75 72 72 73 73 74 76 76
split_gain=1894.25 2086.61 2142.95 2285.29 3272.64 2973.67 4071.68 2928.97 2882.63 2433.2 2242.95 2096.72 1968.03 1947.14 2265.19 1864.78 4329.02 2966.9 2611.39 3007.71 2339.1 2088.62 1942.74 1828.89 1804.61 2516.82 2906.42 3867.6 2785.46 2462.9
threshold=0 64.500000000000014 -1.2499999999999998 1 2 12.84999990463257 9.8499999046325701 11.050000190734865 1.0000000180025095e-35 31.958350181579593 -7.1499998569488517 1.8499999642372134 17.250000000000004 3 16.650000572204593 143.1683044433594 144.16750335693362 -8.6500000953674299 4 -6.9500000476837149 1.0000000180025095e-35 6.4500000476837167 5 36.436649322509773 39.460000991821296 134.58415222167972 132.91915130615237 34.500000000000007 6 7
decision_type=1 2 8 1 1 8 10 10 10 2 8 8 8 1 8 2 2 8 1 8 2 8 1 2 2 2 2 2 1 1
left_child=-1 24 10 5 7 6 9 -5 -6 -4 -3 -10 -11 14 23 17 18 -12 -17 -20 -21 -18 -19 -9 25 26 -2 -28 -29 -26
right_child=1 2 3 4 8 -7 -8 13 11 12 15 -13 -14 -15 -16 16 21 22 19 20 -22 -23 -24 -25 29 -27 27 28 -30 -31
leaf_value=0.0051526950439215943 0.0027754300586105385 -0.021747941714513004 0.03638291188209198 0.026231715657170203 -0.0079750233175784301 -0.027584497344028111 0.014764426248673149 0.063199997692910473 -0.00085200313354012042 -0.011078634414310694 0.052792112790168544 0.033149877155327377 0.057131775658769292 -0.0060101988704052301 0.0034707721361840701 0.0082197377842808932 0.0046202311386367122 0.057773499652840871 -0.2426120809688683 -0.057383291878825043 0.14867928291424357 0.10257168130912293 0.0067671375297932842 0.015708516159997001 0.0067955106209425381 0.0072863682550549022 -0.006249371331348022 -0.016743347028033997 -0.086022441319423812 -0.0068734456603546448
leaf_weight=624356 539609 26005 11303 54768 664561 73962 79417 11192 45830 514106 17213 30012 4265 192980 271004 8951 5011 7828 851 13671 574 3849 158184 29435 184954 787296 156759 12142 11137 458775
leaf_count=624356 539609 26005 11303 54768 664561 73962 79417 11192 45830 514106 17213 30012 4265 192980 271004 8951 5011 7828 851 13671 574 3849 158184 29435 184954 787296 156759 12142 11137 458775
internal_value=7.5161e-10 -0.000735242 -0.00288221 -0.00396671 -0.00150561 -0.00864978 -0.00635068 0.00426726 -0.00586705 -0.00951659 0.00599869 0.0126031 -0.0105174 0.00188343 0.0067716 0.00933716 -0.0125809 0.0132736 -0.0345969 -0.0599502 -0.04908 0.0471727 0.00917614 0.0287916 0.00148589 0.00337914 -0.000895377 -0.0118975 -0.0499316 -0.00294613
internal_weight=5e+06 4.37564e+06 2.22497e+06 1.98284e+06 1.29978e+06 683053 609091 559379 740403 529674 242137 75842 518371 504611 311631 216132 32907 183225 24047 15096 14245 8860 166012 40627 2.15067e+06 1.50694e+06 719647 180038 23279 643729
internal_count=5000000 4375644 2224972 1982835 1299782 683053 609091 559379 740403 529674 242137 75842 518371 504611 311631 216132 32907 183225 24047 15096 14245 8860 166012 40627 2150672 1506943 719647 180038 23279 643729
cat_boundaries=0 1 2 3 4 5 6 7 8
cat_threshold=14 6158 14680561 480 14682097 3104 14682097 8257536
is_linear=0
shrinkage=0.1


Tree=167
num_leaves=31
num_cat=7
split_feature=74 12 86 75 83 23 89 1 85 75 68 74 23 52 6 76 7 12 48 74 0 16 0 76 0 12 12 75 76 76
split_gain=1891.22 2191.95 4016.33 2653.28 2523.75 3584.82 3902.74 3386.49 3217.69 2913.68 3257.19 2749.97 2530.97 2481.52 2475.6 5229.11 4093.8 2479.08 2452.3 2414.64 2253.34 2606.44 2234.37 2165.52 2444.93 2025.38 2022.46 1957.73 1954.08 1894.34
threshold=907.50000000000011 21.849999427795414 20.94999980926514 0 17.750000000000004 15.250000000000002 13.750000000000002 11.250000000000002 1.4499999880790713 1 1.2500000000000002 19.500000000000004 17.250000000000004 1.6500000357627871 23.44999980926514 2 20.050000190734867 23.94999980926514 2.7500000000000004 58.500000000000007 -5.8500001430511466 4.4500000476837167 12.050000190734865 3 23.050000190734867 28.650000572204593 25.550000190734867 4 5 6
decision_type=2 10 10 1 10 10 10 8 10 1 10 2 10 10 8 1 8 10 10 2 2 10 2 1 2 10 8 1 1 1
left_child=1 2 4 -4 5 6 9 -8 22 11 13 -1 -6 18 15 25 -17 -18 19 -11 -15 -22 -7 24 -16 27 -25 -3 -2 -28
right_child=28 14 3 -5 12 8 7 -9 -10 10 -12 -13 -14 20 23 16 17 -19 -20 -21 21 -23 -24 26 -26 -27 29 -29 -30 -31
leaf_value=-0.011822707854921892 0.013325193115873929 -0.035624577594951121 0.029637251998395814 0.0073541726099062678 0.023397133741326064 -0.027871501993178824 0.065085525353593979 0.011477912808869555 -0.019736122132164347 0.0123036454131078 0.0022497948039129907 0.024318904191484324 0.0037842329548232996 -0.051648530354151262 -0.083827035053345114 -0.088443050588160321 -0.011960179368392058 -0.042813803564760451 -0.028458907679992481 -0.0037570134073460766 -0.002106541758879454 -0.020539272417483583 -0.00080809768095805104 0.011970895773245765 -0.0082921696750812273 -0.038542196031162962 0.0068684373218154994 0.0017289525686743587 -0.020572456370731088 -0.0075429268307686164
leaf_weight=27759 21527 14797 69883 227045 85034 33156 12648 172529 158101 125779 1381095 87146 290837 14086 4415 9688 89055 36805 31435 366024 163633 144417 381741 173231 145767 14506 164421 267719 80896 204825
leaf_count=27759 21527 14797 69883 227045 85034 33156 12648 172529 158101 125779 1381095 87146 290837 14086 4415 9688 89055 36805 31435 366024 163633 144417 381741 173231 145767 14506 164421 267719 80896 204825
internal_value=-5.51538e-09 0.000281246 0.00143666 0.0125998 0.000482921 -0.000455483 0.00116408 0.0151394 -0.0075967 5.87797e-05 -0.000742645 0.0155864 0.0082213 -0.00563143 -0.00359231 -0.00952772 -0.0258023 -0.0209826 -0.00138029 0.000350513 -0.0125364 -0.010748 -0.00297084 0.000114397 -0.010512 -0.00209976 0.0030564 -0.000228668 -0.0134486 -0.00112573
internal_weight=5e+06 4.89758e+06 3.77235e+06 296928 3.47542e+06 3.09955e+06 2.52655e+06 185177 572998 2.34137e+06 2.22647e+06 114905 375871 845374 1.12523e+06 432570 135548 125860 523238 491803 322136 308050 414897 692659 150182 297022 542477 282516 102423 369246
internal_count=5000000 4897577 3772348 296928 3475420 3099549 2526551 185177 572998 2341374 2226469 114905 375871 845374 1125229 432570 135548 125860 523238 491803 322136 308050 414897 692659 150182 297022 542477 282516 102423 369246
cat_boundaries=0 1 2 3 4 5 6 7
cat_threshold=7426 416 1022 491904 4126 16252928 63
is_linear=0
shrinkage=0.1


Tree=168
num_leaves=31
num_cat=5
split_feature=12 0 17 72 0 34 76 73 74 76 53 74 73 13 72 26 27 89 72 76 76 86 23 83 23 73 72 72 73 76
split_gain=1913.37 3192.93 3536.08 3057.59 5071.91 4147.11 3624.65 4324.67 4290.03 3493.48 3375.96 3354.56 2975.19 2988.27 5022.89 6322.95 2677.35 2909.74 2713.31 2671.5 2654.62 2582.01 3200.93 3084.21 2526.66 2451.05 5080.69 2780.69 2329.69 2269.35
threshold=-3.5499999523162837 3.2500000000000004 -0.65000000596046437 37.670000076293952 -3.0499999523162837 1.0000000180025095e-35 0 140.40999603271487 1099.0000000000002 1 2.5499999523162846 322.00000000000006 137.86834716796878 19.650000572204593 35.977499008178718 1.0000000180025095e-35 1.0000000180025095e-35 9.6500000953674334 36.902500152587898 2 3 -5.8500001430511466 -4.2499999999999991 -7.8500001430511466 -0.65000000596046437 136.94915008544925 35.362499237060554 35.269151687622077 144.46170043945315 4
decision_type=8 2 10 2 2 8 1 2 2 1 8 2 2 10 2 8 8 8 2 1 1 10 8 10 10 2 2 2 2 1
left_child=1 2 21 6 5 10 7 16 12 -6 -5 -11 -8 14 15 -14 17 18 25 -4 -16 23 -23 28 -3 26 -2 -27 -1 -29
right_child=3 24 19 4 9 -7 8 -9 -10 11 -12 -13 13 -15 20 -17 -18 -19 -20 -21 -22 22 -24 -25 -26 27 -28 29 -30 -31
leaf_value=-0.025748756554340935 -0.022689345557671887 0.1438181379457987 0.12447047872106867 -0.0067622958005338785 0.0040459277489604054 -0.098410807722786625 0.0020490040979907541 0.029905643580372822 -0.040463416530229834 -0.0044291125393864789 -0.052573496484161625 -0.026396808953743519 0.025086568429198677 0.0011027416370740623 0.021728732981693474 0.1038939825415881 0.010753062833512638 -0.0034428284648834583 0.018562499264472194 0.003986715119164679 -0.0014375090406998888 0.039253938462330794 -6.961888966999605e-05 0.012099720320062294 0.034646250030742169 0.019629881412897808 0.045089393884289029 -0.017167364511043153 0.036881718085193201 -0.067076018162423826
leaf_weight=63500 80378 2483 4293 51982 517003 7608 1401073 38574 21458 951272 23295 74993 120904 203194 77414 11117 109014 862880 17855 3228 136976 35856 48972 52891 14499 6497 12824 13576 6552 27839
leaf_count=63500 80378 2483 4293 51982 517003 7608 1401073 38574 21458 951272 23295 74993 120904 203194 77414 11117 109014 862880 17855 3228 136976 35856 48972 52891 14499 6497 12824 13576 6552 27839
internal_value=-5.92847e-09 0.00886277 0.0055699 -0.000431782 -0.00395166 -0.02805 0.00139019 -0.00302083 0.00400583 -0.00265739 -0.0209389 -0.00603432 0.00449502 0.0107305 0.0163778 0.0317226 -0.00414398 -0.00573325 -0.0181656 0.0729299 0.00692853 0.00313157 0.0165521 -0.00612829 0.0506087 -0.0228127 -0.0133634 -0.0411943 -0.0198909 -0.0507361
internal_weight=5e+06 232274 215292 4.76773e+06 1.62615e+06 82885 3.14157e+06 1.16944e+06 1.97214e+06 1.54327e+06 75277 1.02626e+06 1.95068e+06 549605 346411 132021 1.13086e+06 1.02185e+06 158969 7521 214390 207771 84828 122943 16982 141114 93202 47912 70052 41415
internal_count=5000000 232274 215292 4767726 1626153 82885 3141573 1169437 1972136 1543268 75277 1026265 1950678 549605 346411 132021 1130863 1021849 158969 7521 214390 207771 84828 122943 16982 141114 93202 47912 70052 41415
cat_boundaries=0 1 2 3 4 5
cat_threshold=8372224 16515075 960 8388639 6291456
is_linear=0
shrinkage=0.1


Tree=169
num_leaves=31
num_cat=6
split_feature=12 0 90 27 84 0 14 80 76 53 12 75 7 76 72 74 87 76 72 12 76 23 75 89 72 17 58 17 60 83
split_gain=2014.91 3347.29 4162.43 4249.6 3622.21 3242.96 3284.09 3046.05 3006.33 2989.05 2733.54 3566.99 3163.91 3685.23 2712.53 2854.38 2673.02 2598.79 2549.62 2428.19 2405.01 2380.16 2368.37 2367.86 2289.48 2263.07 2315.62 2261.3 2408.65 2548.84
threshold=2.2500000000000004 3.2500000000000004 1.0000000180025095e-35 1.0000000180025095e-35 1.0000000180025095e-35 -0.15000000223517415 7.8500001430511483 -1.7499999999999998 0 4.4500000476837167 10.650000095367433 1 1.8499999642372134 2 37.095001220703132 531.00000000000011 1.0000000180025095e-35 3 36.436649322509773 9.0500001907348651 4 -8.5500001907348615 5 13.250000000000002 32.093299865722663 15.050000190734865 1.5500000119209292 7.2500000000000009 3.5499999523162846 9.4499998092651385
decision_type=10 2 10 10 10 2 10 8 1 10 10 1 8 1 2 2 10 1 2 10 1 8 1 8 2 8 8 10 10 10
left_child=7 2 3 4 8 -4 -7 21 -2 16 12 18 13 -3 -13 17 22 23 -12 -11 -14 -1 -10 -16 -24 26 -22 28 29 -9
right_child=1 10 5 -5 -6 6 -8 27 9 19 11 14 20 -15 15 -17 -18 -19 -20 -21 25 -23 24 -25 -26 -27 -28 -29 -30 -31
leaf_value=0.016501236718380913 -0.033024835466731121 -0.053274580019942779 -0.13591317378057596 -0.061780736880104492 -0.073435595281881261 -0.017755145179260141 -0.12399469008617155 0.0024804481812888751 0.074037177371569646 -0.02424834531104441 -0.010486372433247203 0.0018257825067829168 0.024862394589666784 0.0095851752866992056 -0.040439800695351372 -0.034591115004143351 -0.081835143938379928 0.00066730148735784009 -0.050714654585022279 -0.13134187841559991 -0.0022225289222678481 -0.010809938011185821 0.074738878330124367 -0.0081024816607328885 0.0016242666125863355 0.030490223610078228 0.0090581285905317038 0.044144995097531545 0.022802896829669322 0.028625125798792724
leaf_weight=39026 30319 19696 3677 13657 7507 18520 3452 485337 4760 17477 211633 1774461 63764 17707 24212 31132 3660 535767 17022 2409 359130 174999 4359 349584 245018 32434 368877 16834 83178 40392
leaf_count=39026 30319 19696 3677 13657 7507 18520 3452 485337 4760 17477 211633 1774461 63764 17707 24212 31132 3660 535767 17022 2409 359130 174999 4359 349584 245018 32434 368877 16834 83178 40392
internal_value=8.38011e-09 -0.000901902 -0.0101913 -0.00716787 -0.00480392 -0.0489925 -0.0344463 0.00446811 -0.00313115 0.000134001 -3.57635e-05 -0.00148574 0.0049183 -0.0235277 -0.000475556 -0.00481664 0.00301556 -0.00379754 -0.0134805 -0.0372217 0.0062092 -0.00582993 0.00423755 -0.0101968 0.00290216 0.00464472 0.00349332 0.00799039 0.00699085 0.00448916
internal_weight=5e+06 4.16023e+06 354815 329166 315509 25649 21972 839766 308002 277683 3.80542e+06 2.94381e+06 861608 37403 2.71516e+06 940695 257797 909563 228655 19886 824205 214025 254137 373796 249377 760441 728007 625741 608907 525729
internal_count=5000000 4160234 354815 329166 315509 25649 21972 839766 308002 277683 3805419 2943811 861608 37403 2715156 940695 257797 909563 228655 19886 824205 214025 254137 373796 249377 760441 728007 625741 608907 525729
cat_boundaries=0 1 2 3 4 5 6
cat_threshold=1838848 4110 63488 262016 8388615 608
is_linear=0
shrinkage=0.1


Tree=170
num_leaves=31
num_cat=3
split_feature=86 12 80 76 0 23 89 11 16 76 5 55 11 0 86 23 78 6 0 51 0 29 12 24 0 24 0 0 33 76
split_gain=1900.51 2917.16 4324.2 3961.41 5623.99 3100.67 2827.32 3170.46 3247.1 2903.17 2933.46 3347.04 3234.22 2850.35 2809.42 2781.39 2811.48 2766.09 2719.93 2667.44 3566.4 3969.09 2578.63 2534.19 2518.01 2459.44 2442.63 2432.84 2418.9 2398
threshold=26.750000000000004 18.349999427795414 14.84999990463257 0 20.650000572204593 13.750000000000002 14.550000190734865 6.6499998569488534 11.050000190734865 1 7.4500000476837167 2.9500000476837163 11.84999990463257 4.8500001430511483 2.6499999761581425 1.8499999642372134 1.0000000180025095e-35 14.650000095367433 11.449999809265138 1.9499999880790713 16.250000000000004 1.0000000180025095e-35 23.849999427795414 1.0000000180025095e-35 16.349999427795414 1.0000000180025095e-35 12.250000000000002 9.2500000000000018 1.0000000180025095e-35 2
decision_type=10 8 10 1 2 8 10 8 10 1 8 10 8 2 10 8 8 8 2 8 2 10 10 2 2 2 2 2 8 1
left_child=1 2 6 4 -3 -4 7 8 14 -9 11 29 27 -13 -1 -16 -17 18 28 23 21 -21 -22 -5 -25 -6 -8 -12 -14 -11
right_child=-2 3 5 19 25 -7 26 9 -10 10 12 13 17 -15 15 16 -18 -19 -20 20 22 -23 -24 24 -26 -27 -28 -29 -30 -31
leaf_value=-0.0015713769823903125 0.0085722873672394242 -0.041334030785288703 0.03053595045330534 0.0045691803102127105 -0.010499360867330462 0.0069546459338908897 0.054443486214235254 -0.011492345799814337 0.035802573897336647 -0.044384182768781075 0.0063362557539031238 -0.049991960724981591 -0.012049299020232935 0.00019037744528956757 0.027812439071405327 0.0018268224928696059 0.035176443414898104 0.012038545233776633 0.0091753338804866618 -0.023187197150154215 0.006660145588735452 -0.12546786047018593 -0.01223837257683668 -0.064004873680777577 -0.008034766596830752 0.014183063901635382 0.0075093082521772549 0.033303416938029802 -0.061749090426969723 -0.00075526524260195954
leaf_weight=960736 245909 56695 65369 663476 351695 379310 11586 441157 27843 13595 96414 33490 148141 17097 62885 286273 27727 95174 63361 55772 136579 4071 153168 9350 57281 45605 258312 51229 10486 170214
leaf_count=960736 245909 56695 65369 663476 351695 379310 11586 441157 27843 13595 96414 33490 148141 17097 62885 286273 27727 95174 63361 55772 136579 4071 153168 9350 57281 45605 258312 51229 10486 170214
internal_value=1.21119e-08 -0.000443395 0.00126607 -0.00403288 -0.0118703 0.0104212 -0.000200602 -0.00124803 0.00200259 -0.00514032 -0.00113237 -0.0102535 0.00346731 -0.0330317 0.00129903 0.00861614 0.00477168 -0.00222404 -0.00833891 -0.000737247 -0.00792033 -0.0301451 -0.00333012 0.00270215 -0.0158888 -0.00766613 0.00952407 0.0156933 -0.0153347 -0.00398463
internal_weight=5e+06 4.75409e+06 3.2204e+06 1.53369e+06 453995 444679 2.77572e+06 2.50582e+06 1.36546e+06 1.14036e+06 699201 234396 464805 50587 1.33762e+06 376885 314000 317162 221988 1.0797e+06 349590 59843 289747 730107 66631 397300 269898 147643 158627 183809
internal_count=5000000 4754091 3220399 1533692 453995 444679 2775720 2505822 1365464 1140358 699201 234396 464805 50587 1337621 376885 314000 317162 221988 1079697 349590 59843 289747 730107 66631 397300 269898 147643 158627 183809
cat_boundaries=0 1 2 3
cat_threshold=1048064 2084736 6303744
is_linear=0
shrinkage=0.1


Tree=171
num_leaves=31
num_cat=4
split_feature=88 62 86 12 86 86 26 76 86 12 79 74 76 75 72 58 49 91 50 11 48 0 59 75 86 17 11 52 0 74
split_gain=1827.17 2846.64 2328.43 2645.31 2887.84 2577.06 2056.22 2391.84 2226.46 2189.54 2046.01 2960.68 2751.05 3100.74 2577.8 2375.93 2674 2850.82 2195.88 2160.32 2154.17 2147.63 2070.25 2052.83 2001.86 2825.99 1988.67 2292.34 2045.34 1960.21
threshold=2.4500000476837163 5.2500000000000009 25.650000572204593 11.050000190734865 13.449999809265138 8.0500001907348651 1.0000000180025095e-35 0 19.050000190734867 16.94999980926514 2.5499999523162846 1241.5000000000002 1 2 44.147500991821296 3.5499999523162846 1.6500000357627871 1.1500000357627871 1.5500000119209292 18.250000000000004 2.1499999761581425 -1.8499999642372129 1.5500000119209292 3 -4.2499999999999991 -1.0500000119209287 20.849999427795414 1.0500000119209292 21.550000190734867 514.00000000000011
decision_type=10 8 8 8 10 8 10 1 10 8 10 2 1 1 2 10 8 10 8 8 8 2 8 1 10 10 10 8 2 2
left_child=10 2 3 4 24 -5 7 8 -7 -10 12 -12 13 21 15 16 20 18 -18 -20 22 -1 29 -24 -2 -26 27 -15 -28 -14
right_child=1 -3 -4 5 -6 6 -8 -9 9 -11 11 -13 14 26 -16 -17 17 -19 19 -21 -22 -23 23 -25 25 -27 28 -29 -30 -31
leaf_value=-0.056301017062465819 -0.031984805041429865 0.008778463362292396 0.0064611466446562339 -0.051863561497622716 0.01604691192347087 -0.040057668571323202 0.0074581463273552476 -0.006161016425976629 0.0014680558206323386 -0.027954147158657541 -0.0038916563406491212 -0.098706767415305138 0.0090673093554652761 0.016931610093421871 -0.016851368962607534 -0.0032593876357457467 0.0039799781797412604 0.0035600954514015321 0.028149136139518246 0.0091164740166986939 -0.012277512196621246 -0.013537990086244234 -0.01610921849065404 0.0016397052280696192 0.015942033750018719 -0.0082182348710284122 -0.039456484044465334 -0.00073087844910351178 -0.0059425403196813054 -0.0060897250091073041
leaf_weight=13307 27447 158615 134621 17047 71010 54373 46873 154234 45102 57589 584376 3312 693822 89898 60473 377955 99649 312439 168902 92188 87603 99999 75169 489160 59035 269087 21025 402381 136020 97289
leaf_count=13307 27447 158615 134621 17047 71010 54373 46873 154234 45102 57589 584376 3312 693822 89898 60473 377955 99649 312439 168902 92188 87603 99999 75169 489160 59035 269087 21025 402381 136020 97289
internal_value=-4.22499e-10 -0.00360994 -0.00570835 -0.00775159 -0.00236457 -0.013876 -0.012068 -0.0150081 -0.0236939 -0.0150319 0.0010123 -0.004426 0.00197575 -0.00329491 0.00354918 0.00404382 0.00534816 0.0105526 0.0166089 0.0214289 0.00292029 -0.0185586 0.00390254 -0.00072472 -0.0060415 -0.00387137 -0.000631186 0.00249457 -0.0104293 0.00720333
internal_weight=5e+06 1.09503e+06 936418 801797 426579 375218 358171 311298 157064 102691 3.90497e+06 587688 3.31728e+06 762630 2.55465e+06 2.49418e+06 2.11622e+06 673178 360739 261090 1.44304e+06 113306 1.35544e+06 564329 355569 328122 649324 492279 157045 791111
internal_count=5000000 1095033 936418 801797 426579 375218 358171 311298 157064 102691 3904967 587688 3317279 762630 2554649 2494176 2116221 673178 360739 261090 1443043 113306 1355440 564329 355569 328122 649324 492279 157045 791111
cat_boundaries=0 1 2 3 4
cat_threshold=261888 2064384 12 4098
is_linear=0
shrinkage=0.1


Tree=172
num_leaves=31
num_cat=4
split_feature=12 83 25 76 85 11 0 75 89 79 73 62 12 72 73 6 77 74 72 12 73 74 75 35 7 76 70 18 72 80
split_gain=1906.08 2650.31 2530.45 2246.59 3871 2987.95 3845.74 4433.87 3602.86 2566.88 2506.73 2384.04 2366.81 2343.51 3176.58 3135.73 2298.45 2269.48 2245.1 3409.84 3887.76 3022.37 2775.19 2731.27 2240.49 2781.41 2212.86 2139.98 2311.41 2420.63
threshold=27.250000000000004 23.050000190734867 1.0000000180025095e-35 0 6.4500000476837167 18.750000000000004 19.650000572204593 1 17.050000190734867 6.0499999523162851 145.49250030517581 9.1500000953674334 -7.5499999523162833 33.215848922729499 133.62664794921878 22.050000190734867 0.25000000745058065 1099.0000000000002 37.019998550415046 7.0499999523162851 138.4433517456055 437.50000000000006 2 1.0000000180025095e-35 28.650000572204593 3 0.65000000596046459 -4.2499999999999991 43.490848541259773 -9.3499999046325666
decision_type=10 10 8 1 10 8 2 1 10 10 2 10 10 2 2 10 10 2 2 8 2 2 1 10 8 1 8 10 2 8
left_child=1 3 24 4 9 8 7 -7 10 13 11 12 16 -1 -15 17 27 18 19 20 -16 -20 -21 -22 25 -2 -14 28 -5 -30
right_child=2 -3 -4 5 -6 6 -8 -9 -10 -11 -12 -13 26 14 15 -17 -18 -19 21 22 23 -23 -24 -25 -26 -27 -28 -29 29 -31
leaf_value=0.01707562806287926 -0.052312314243914963 0.007727905535256813 -0.045555452743804292 -0.014780698175167762 -0.033369260055393334 -0.0049152928812905674 -0.0039161864520542112 -0.042567428337421546 0.0095997869847038002 -0.024893961098518661 0.082858793264400543 0.029136865380459832 -0.011426820660431021 -0.010104272041631958 0.015113665194935656 0.023003716276072839 0.0838507572844083 -0.03950065139070183 0.0016051483311625401 0.015933007440914984 0.053436701194525031 -0.030454768859286236 -0.002735484232233739 0.16932214749691521 0.0060670712795421917 -0.0082793994143490392 -0.0017304651522597322 0.054798663012090423 -0.031965408716536352 0.041089887226736829
leaf_weight=131226 15575 459108 16523 31657 28710 61644 396399 63498 313795 30640 3480 24151 276192 160404 53983 88605 4578 12202 532735 138928 17572 31123 186542 2300 109691 180563 1592093 9444 5797 20842
leaf_count=131226 15575 459108 16523 31657 28710 61644 396399 63498 313795 30640 3480 24151 276192 160404 53983 88605 4578 12202 532735 138928 17572 31123 186542 2300 109691 180563 1592093 9444 5797 20842
internal_value=-4.50818e-09 0.000512546 -0.00743762 -0.000272709 0.00297563 -0.00191216 -0.008741 -0.0240241 -0.000351482 0.00372837 -0.00193801 -0.0020882 -0.0024768 0.00437529 0.00301412 0.00499181 0.0152737 0.00335559 0.00389851 0.00963551 0.0290341 -0.000164448 0.00523363 0.0668494 -0.00537824 -0.0117791 -0.0031639 0.0106392 0.00348531 0.0251921
internal_weight=5e+06 4.67765e+06 322352 4.21854e+06 1.41497e+06 2.80357e+06 521541 125142 2.28203e+06 1.38626e+06 1.96823e+06 1.96475e+06 1.9406e+06 1.35562e+06 1.22439e+06 1.06399e+06 72318 975385 963183 399325 73855 563858 325470 19872 305829 196138 1.86828e+06 67740 58296 26639
internal_count=5000000 4677648 322352 4218540 1414970 2803570 521541 125142 2282029 1386260 1968234 1964754 1940603 1355620 1224394 1063990 72318 975385 963183 399325 73855 563858 325470 19872 305829 196138 1868285 67740 58296 26639
cat_boundaries=0 1 2 3 4
cat_threshold=12582975 224 4464 16744448
is_linear=0
shrinkage=0.1


Tree=173
num_leaves=31
num_cat=5
split_feature=12 77 75 6 76 6 79 74 82 12 76 26 75 74 80 72 90 72 72 73 86 77 72 75 87 23 77 91 5 72
split_gain=1831.21 3534.91 2486.85 2469.68 4226.02 2376.4 2258.33 2963.56 2800.61 2706.7 2417.31 2938.38 2747.61 2642.52 2519.9 2917.52 3448.85 3363.53 4069.75 3470.04 2912.77 2174.55 2223.31 2161.34 2109.62 2072.53 2166.47 1915.44 1898.52 1880.45
threshold=23.44999980926514 21.650000572204593 0 26.050000190734867 1 22.150000572204593 0.94999998807907116 376.00000000000006 2.2500000000000004 5.8500001430511483 2 1.0000000180025095e-35 3 69.500000000000014 -5.4500000476837149 36.658300399780281 1.0000000180025095e-35 42.50835037231446 40.354150772094734 138.4433517456055 7.0499999523162851 7.4500000476837167 41.162500381469734 4 1.0000000180025095e-35 15.050000190734865 17.050000190734867 2.9500000476837163 23.250000000000004 36.436649322509773
decision_type=10 10 1 8 1 8 10 2 8 8 1 8 1 2 8 2 10 2 2 2 8 8 2 1 10 10 8 10 8 2
left_child=1 6 -3 4 5 -2 10 9 -9 -8 11 14 13 -12 -1 16 20 18 19 -17 -16 22 -11 -19 27 -23 -27 -22 29 -14
right_child=3 2 -4 -5 -6 -7 7 8 -10 21 12 -13 28 -15 15 17 -18 23 -20 -21 24 25 -24 -25 -26 26 -28 -29 -30 -31
leaf_value=-0.05248582421903332 -0.085699006924904939 0.034066180142913065 0.0076595520780607801 0.0020909987419793809 -0.0046528998837546964 -0.024313509485820454 0.0046258486284106578 0.0010442097918054378 -0.025652104827758478 -0.0089706879456052033 0.0065575282228916608 0.01509323483609896 0.011189820610404678 -0.0085916475889638647 -0.03570759743850601 0.038268880873504309 0.032270612485384619 0.0036176702422903891 0.036262270739460915 -0.0022684669361978035 -0.0057959240877314116 0.0033919794219497827 -0.037524622446544302 -0.023230086484943804 0.042889655541881309 -0.017133865024535441 -0.0014109910254708959 -0.024883899792455588 0.038608004050771097 0.0025340161105006989
leaf_weight=10662 6877 41238 263600 359161 411151 76019 474805 63210 103869 117477 205223 87833 485753 262326 42885 24601 19235 58439 48402 149091 287551 325059 35512 61575 7924 144029 223833 64333 19021 519306
leaf_count=10662 6877 41238 263600 359161 411151 76019 474805 63210 103869 117477 205223 87833 485753 262326 42885 24601 19235 58439 48402 149091 287551 325059 35512 61575 7924 144029 223833 64333 19021 519306
internal_value=-2.30349e-08 0.000868047 0.0112332 -0.00421905 -0.00880631 -0.0294025 4.56317e-05 -0.00300412 -0.0155522 -0.0014167 0.00197303 -0.00224094 0.00440973 -0.00194212 -0.00420627 -0.00353253 -0.00909685 0.00333005 0.010619 0.00347307 -0.0110728 -0.00480835 -0.0155987 -0.0101586 -0.00813662 -0.00242597 -0.00756697 -0.00928567 0.00730969 0.00671744
internal_weight=5e+06 4.14679e+06 304838 853208 494047 82896 3.84195e+06 1.48779e+06 167079 1.32072e+06 2.35416e+06 862531 1.49163e+06 467549 774698 764036 421928 342108 222094 173692 402693 845910 152989 120014 359808 692921 367862 351884 1.02408e+06 1.00506e+06
internal_count=5000000 4146792 304838 853208 494047 82896 3841954 1487794 167079 1320715 2354160 862531 1491629 467549 774698 764036 421928 342108 222094 173692 402693 845910 152989 120014 359808 692921 367862 351884 1024080 1005059
cat_boundaries=0 1 2 3 4 5
cat_threshold=7184 16769024 2093056 5122 6594
is_linear=0
shrinkage=0.1


Tree=174
num_leaves=31
num_cat=9
split_feature=12 0 75 72 73 12 7 5 16 51 9 11 6 76 12 76 7 76 0 76 12 76 89 76 49 12 76 0 75 15
split_gain=1901.57 3534.01 4208.61 4323.05 3355.23 3164.52 3538.96 2828.92 4744.48 3757.71 3099.33 2839.83 3672.5 5732.29 3198.2 3970.58 3027.46 3547.09 2896.16 4077.7 2817.93 2788.37 2669.09 3320.25 2675.59 2620.1 2951.28 3182.76 2547.5 2519.09
threshold=0.84999999403953563 2.4500000476837163 0 41.162500381469734 138.0100021362305 7.6499998569488534 -0.25000000745058054 7.4500000476837167 15.250000000000002 2.3500000238418584 6.6499998569488534 12.84999990463257 13.84999990463257 1 16.150000572204593 2 17.150000572204593 3 9.2500000000000018 4 15.650000095367433 5 -4.0499999523162833 6 4.6499998569488534 20.44999980926514 7 17.150000572204593 8 20.250000000000004
decision_type=8 2 1 2 2 10 8 8 8 8 8 8 8 1 8 1 8 1 2 1 10 1 8 1 8 8 1 2 1 10
left_child=22 2 3 -2 -4 6 -3 8 9 -7 -9 18 13 20 15 -14 17 -16 21 -20 -13 -12 -1 -24 -25 26 27 28 -18 -15
right_child=1 5 4 -5 -6 7 -8 10 -10 -11 11 12 14 29 16 -17 25 -19 19 -21 -22 -23 23 24 -26 -27 -28 -29 -30 -31
leaf_value=-0.0078327464311236088 -0.011770294209498357 -0.038925045430052693 0.03993532429843849 -0.048295287529148911 -0.0027107088460141056 -0.029402721670162849 0.0079117873065944807 -0.065272675625606083 0.02216655421375037 0.004344141855068275 0.007880121991489358 -0.033427675587922361 0.026471102706689849 -0.010458391199274147 -0.042810231977986002 0.0018123306670674037 0.00082004248988865448 -0.0073836045175029444 0.042751083480257163 0.007693343192037615 -0.10174982758300383 -0.020279449772668143 0.021557962033154861 0.00013660728836245473 0.023902363820720356 -0.0025146149749918638 0.014308206335195873 0.0028949684895813611 -0.057175240944162181 0.015793848141432806
leaf_weight=130032 220485 16574 23102 37988 91590 115867 605561 7343 32326 46133 72948 41793 93422 209907 32940 216891 13510 198786 36759 339897 7056 67874 137021 337126 55116 1326998 228150 195303 17243 44259
leaf_count=130032 220485 16574 23102 37988 91590 115867 605561 7343 32326 46133 72948 41793 93422 209907 32940 216891 13510 198786 36759 339897 7056 67874 137021 337126 55116 1326998 228150 195303 17243 44259
internal_value=-1.72415e-08 -0.000760048 -0.0100639 -0.0171377 0.00587882 0.000115023 0.00666403 -0.00110288 -0.0128127 -0.0197926 -0.000380735 -0.000229164 -0.0015633 -0.0119178 -0.000212795 0.00923695 -0.00166957 -0.0124217 0.00654173 0.0111161 -0.0432876 -0.00569323 0.00500392 0.00815769 0.00347597 -0.000270766 0.00628481 -0.00181346 -0.0317158 -0.00588675
internal_weight=5e+06 4.3407e+06 373165 258473 114692 3.96754e+06 622135 3.3454e+06 194326 162000 3.15108e+06 3.14374e+06 2.62626e+06 303015 2.32324e+06 310313 2.01293e+06 231726 517478 376656 48849 140822 659295 529263 392242 1.7812e+06 454206 226056 30753 254166
internal_count=5000000 4340705 373165 258473 114692 3967540 622135 3345405 194326 162000 3151079 3143736 2626258 303015 2323243 310313 2012930 231726 517478 376656 48849 140822 659295 529263 392242 1781204 454206 226056 30753 254166
cat_boundaries=0 1 2 3 4 5 6 7 8 9
cat_threshold=6150 15855616 12598799 14934016 8388735 14695439 14680975 2064880 480
is_linear=0
shrinkage=0.1


Tree=175
num_leaves=31
num_cat=3
split_feature=76 24 50 88 81 0 85 91 76 78 90 26 24 84 29 72 76 87 28 72 87 73 72 48 0 19 73 48 73 48
split_gain=1873.35 5139.35 3832.58 3361.1 3286.05 3472.98 3245.78 3214.99 2877.23 2760.42 5040.03 4561.11 4670.5 4016.93 3416.04 3531.2 4479.58 3642.94 3023.26 2978.38 2840.04 2805.19 4193.85 3366.33 3244.68 3164.49 2798.54 2730.05 3187.86 3197.83
threshold=0 1.0000000180025095e-35 1.8499999642372134 0.65000000596046459 1.0000000180025095e-35 30.150000572204593 6.0499999523162851 0.65000000596046459 1 1.0000000180025095e-35 1.0000000180025095e-35 1.0000000180025095e-35 1.0000000180025095e-35 1.0000000180025095e-35 1.0000000180025095e-35 35.390001296997077 2 1.0000000180025095e-35 1.0000000180025095e-35 43.579198837280281 1.0000000180025095e-35 139.17414855957034 42.974149703979499 1.4499999880790713 -10.15000009536743 -0.45000000298023218 142.79664611816409 6.8500001430511483 129.87249755859378 0.65000000596046459
decision_type=1 2 8 8 10 2 10 8 1 10 10 10 2 10 10 2 1 10 10 2 8 2 2 8 2 10 2 10 2 8
left_child=1 3 -3 -1 5 7 9 -5 -6 10 11 12 13 14 15 16 -2 18 21 20 -11 23 25 -17 26 -23 -24 28 -9 -30
right_child=6 2 -4 4 8 -7 -8 27 -10 19 -12 -13 -14 -15 -16 17 -18 -19 -20 -21 -22 22 24 -25 -26 -27 -28 -29 29 -31
leaf_value=0.011954213195089696 0.009909214340048959 -0.00090701301746937092 0.025630856928687065 0.010810862943674502 -0.027138507233844936 0.01233019426297146 -0.019497047991046328 0.01467975033571272 0.026664242529685064 -0.019596033505306212 -0.019080113643709817 -0.019533727771150686 -0.034262967289734027 -0.027665609365858865 -0.015634482974117622 0.011337751062806913 -0.0047307469829116254 -0.03423084633812816 -0.031712512782492722 -0.048013091455941251 0.0031854396326084543 0.02165004720812326 -0.064197972514018584 0.032899407444121301 0.022545165089986798 0.0014792332635302453 0.010959027282816789 0.010834548887244666 0.0062103287947796243 -0.010643486572119198
leaf_weight=129574 387461 107631 110077 101160 12108 103675 69849 57504 55342 83230 95625 77233 29604 35440 68854 179976 453768 18007 16288 16917 159761 90926 8170 121151 246564 537883 12588 77064 122316 1414254
leaf_count=129574 387461 107631 110077 101160 12108 103675 69849 57504 55342 83230 95625 77233 29604 35440 68854 179976 453768 18007 16288 16917 159761 90926 8170 121151 246564 537883 12588 77064 122316 1414254
internal_value=-1.63847e-08 -0.00210509 0.012511 -0.00364009 -0.00467981 -0.00545952 0.00177982 -0.00650017 0.017006 0.00234289 0.00341168 0.00435339 0.00518943 0.00572591 0.00627847 0.00700638 0.00201232 0.0104176 0.0110802 -0.00744227 -0.00461774 0.0116623 0.00885639 0.0200126 0.0193485 0.00439594 -0.0186215 -0.00754807 -0.00843676 -0.00930187
internal_weight=5e+06 2.2907e+06 217708 2.073e+06 1.94342e+06 1.87597e+06 2.7093e+06 1.7723e+06 67450 2.63945e+06 2.37954e+06 2.28391e+06 2.20668e+06 2.17708e+06 2.14164e+06 2.07278e+06 841229 1.23155e+06 1.21355e+06 259908 242991 1.19726e+06 896131 301127 267322 628809 20758 1.67114e+06 1.59407e+06 1.53657e+06
internal_count=5000000 2290705 217708 2072997 1943423 1875973 2709295 1772298 67450 2639446 2379538 2283913 2206680 2177076 2141636 2072782 841229 1231553 1213546 259908 242991 1197258 896131 301127 267322 628809 20758 1671138 1594074 1536570
cat_boundaries=0 1 2 3
cat_threshold=524032 768 252
is_linear=0
shrinkage=0.1


Tree=176
num_leaves=31
num_cat=6
split_feature=11 17 80 0 52 33 72 11 12 76 6 0 8 0 81 27 76 12 6 15 50 76 12 0 76 76 7 76 8 7
split_gain=1787.76 3040.43 2491.79 2381.99 6172.83 3505.89 2757.42 2269.22 2048.01 3109.53 5099.29 3914.06 3900.97 3034.93 3587.24 3019.29 2797.5 2765.12 2958.41 5242.1 3068.48 2991.96 2933.21 4177.43 4459.68 4333.92 3688.25 5255.22 2835.9 2664.24
threshold=-5.9500000476837149 -1.2499999999999998 -0.35000000894069666 -4.7499999999999991 2.6499999761581425 1.0000000180025095e-35 37.225849151611335 1.4499999880790713 0.45000000298023229 0 -5.2499999999999991 -0.84999999403953541 -3.5499999523162837 1.6500000357627871 1.0000000180025095e-35 1.0000000180025095e-35 1 8.2500000000000018 9.0500001907348651 15.050000190734865 2.2500000000000004 2 14.750000000000002 10.449999809265138 3 4 15.050000190734865 5 8.2500000000000018 -0.65000000596046437
decision_type=8 10 10 2 8 8 2 8 10 1 8 2 8 2 8 10 1 8 8 10 8 1 8 2 1 1 8 1 8 8
left_child=1 2 -1 4 5 6 -2 -6 9 10 -5 12 -11 14 15 16 -10 29 19 20 -19 -21 23 24 -20 -25 27 -24 -27 -15
right_child=3 -3 -4 8 7 -7 -8 -9 13 11 -12 -13 -14 17 -16 -17 -18 18 22 21 -22 -23 26 25 -26 28 -28 -29 -30 -31
leaf_value=0.0042785227629559214 0.049251885342230919 0.095562859370419528 0.053440387946139416 -0.060624020772900328 -0.051044585122852662 -0.089910690484709066 -0.0042744049642658172 -0.19783808420606305 -0.028592054342244128 0.049531927331026515 0.0038245422600011111 0.043475369303304132 -0.0039954102716901483 -0.034788854922368481 -0.041433414413635516 -0.053093915741263278 0.00020878786923702946 -0.025101944962391345 -0.027635708661753557 0.023113600785644589 -0.00098414783651922292 -0.096605287524334837 -0.051682583581755495 0.047197386394311536 0.0050474684094863982 -0.051491490827600343 -0.00054945370003190233 -0.007887449673765836 0.0089958191912216188 0.0063408169560940312
leaf_weight=109734 11820 4188 11379 12873 25205 4084 51810 1099 39689 17093 265055 44878 66915 16084 32804 13222 224146 158768 68093 49454 79003 2170 31492 29974 107889 7886 2092744 210485 453037 756927
leaf_count=109734 11820 4188 11379 12873 25205 4084 51810 1099 39689 17093 265055 44878 66915 16084 32804 13222 224146 158768 68093 49454 79003 2170 31492 29974 107889 7886 2092744 210485 453037 756927
internal_value=-1.38096e-08 0.0117941 0.00889746 -0.000303174 -0.016066 -9.59166e-05 0.00566872 -0.0571777 6.822e-06 0.00679349 0.0008394 0.0196312 0.00689573 -0.000624407 -0.0101641 -0.00646178 -0.00412483 0.000102951 -0.00116123 -0.0108172 -0.0170884 0.018067 -0.000230262 0.00561884 -0.00759997 0.0103577 -0.00190097 -0.0135896 0.00796076 0.00548503
internal_weight=5e+06 125301 121113 4.8747e+06 94018 67714 63630 26304 4.78068e+06 406814 277928 128886 84008 4.37387e+06 309861 277057 263835 4.06401e+06 3.291e+06 289395 237771 51624 3.0016e+06 666879 175982 490897 2.33472e+06 241977 460923 773011
internal_count=5000000 125301 121113 4874699 94018 67714 63630 26304 4780681 406814 277928 128886 84008 4373867 309861 277057 263835 4064006 3290995 289395 237771 51624 3001600 666879 175982 490897 2334721 241977 460923 773011
cat_boundaries=0 1 2 3 4 5 6
cat_threshold=2096128 3043072 67580 2032624 63 16248832
is_linear=0
shrinkage=0.1


Tree=177
num_leaves=31
num_cat=3
split_feature=72 79 76 76 88 27 74 90 74 74 72 1 9 72 72 75 0 49 58 46 80 49 11 51 52 77 12 77 77 55
split_gain=1771 1993 2592.35 2484.67 2658.91 2574.98 2522.42 2436.94 2336.3 2326.13 4191.75 2545.95 2499.95 2790.68 2258.76 2245.97 2540.14 2203.31 2166.91 2156.44 2055.19 1902.91 2544.24 2990.81 1910.94 1883.33 2684.57 2280.83 2137.43 2155.09
threshold=26.048299789428714 2.5499999523162846 0 1 4.3500001430511483 1.0000000180025095e-35 1175.0000000000002 1.0000000180025095e-35 1241.5000000000002 396.50000000000006 37.649148941040046 -6.6499998569488517 -10.349999904632567 43.900848388671882 43.063348770141609 2 -1.8499999642372129 2.1499999761581425 2.7500000000000004 1.0000000180025095e-35 -13.749999999999998 1.6500000357627871 18.349999427795414 1.4499999880790713 4.5499999523162851 28.849999427795414 13.650000095367433 10.449999809265138 19.650000572204593 1.7500000000000002
decision_type=2 10 1 1 10 8 2 10 2 2 2 8 8 2 2 1 2 8 10 10 8 8 8 8 10 8 10 8 8 10
left_child=-1 3 14 5 9 6 7 15 25 12 11 -11 20 18 -3 -2 -17 -7 21 -18 -5 -14 23 -23 -25 26 28 -28 29 -4
right_child=1 2 8 4 -6 17 -8 -9 -10 10 -12 -13 13 -15 -16 16 19 -19 -20 -21 -22 22 -24 24 -26 -27 27 -29 -30 -31
leaf_value=0.016220908587377247 0.00049333252580939307 0.0038085784441258029 -0.012786252443035495 -0.020007582392817268 -0.013366928878109969 0.00048118494693290639 0.052410891163618814 0.013439070850969532 -0.094727679992851463 0.066721995829184019 -0.027977935537739126 -0.00061732162229337752 0.0047345889916514334 -0.012698460470201473 0.042930692053528216 -0.03344769060389461 -0.0057185853732788505 0.026755378578493395 -9.6138527238364072e-05 -0.025343780321369077 0.068998551022924598 0.0027694300017792727 0.0024784980597004473 0.028621778806787037 -0.011990739610832468 0.013786110201767565 -0.051441560149079892 -0.012113844329125538 0.025614193460050574 0.0018420170267426862
leaf_weight=66414 407002 87524 163852 3457 100582 84257 7858 71973 2974 5729 61840 280963 1030625 93826 17751 39327 670042 51379 603336 61095 10395 81322 152614 169285 12437 45740 15475 313337 26238 261351
leaf_count=66414 407002 87524 163852 3457 100582 84257 7858 71973 2974 5729 61840 280963 1030625 93826 17751 39327 670042 51379 603336 61095 10395 81322 152614 169285 12437 45740 15475 313337 26238 261351
internal_value=-3.97953e-08 -0.0002184 -0.0043769 0.000753022 0.00257517 -0.00265651 -0.00406871 -0.00442393 -0.00625408 0.00321508 -0.00436502 0.000728328 0.00443972 0.00416606 0.0104042 -0.00551581 -0.00869006 0.0104339 0.00493807 -0.0073585 0.0467856 0.00703815 0.0127499 0.0187091 0.0258423 -0.00593561 -0.00709174 -0.0139647 -0.00208571 -0.00379499
internal_weight=5e+06 4.93359e+06 934242 3.99934e+06 2.60641e+06 1.39293e+06 1.2573e+06 1.24944e+06 828967 2.50583e+06 348532 286692 2.1573e+06 2.14344e+06 105275 1.17747e+06 770464 135636 2.04962e+06 731137 13852 1.44628e+06 415658 263044 181722 825993 780253 328812 451441 425203
internal_count=5000000 4933586 934242 3999344 2606411 1392933 1257297 1249439 828967 2505829 348532 286692 2157297 2143445 105275 1177466 770464 135636 2049619 731137 13852 1446283 415658 263044 181722 825993 780253 328812 451441 425203
cat_boundaries=0 1 2 3
cat_threshold=1835008 2093056 6528
is_linear=0
shrinkage=0.1


Tree=178
num_leaves=31
num_cat=8
split_feature=11 0 54 15 12 75 72 76 16 76 76 18 76 25 48 47 0 12 0 7 86 75 30 0 33 73 89 76 73 75
split_gain=1704.82 2629.32 4166.05 3766.83 2619.22 2962.42 3385.34 2563.32 2428.59 2671.13 2412.24 2493.44 2388.98 2446.22 2691.19 2379.65 2346.7 2267.86 2701.95 2316.31 2262.61 2286.25 2221.16 2161.63 2464.95 2060.11 2293.91 2737.9 3321.2 2192.42
threshold=-2.8500000238418575 -1.6500000357627866 1.8499999642372134 2.6499999761581425 3.4500000476837163 0 36.24749946594239 1 0.45000000298023229 2 3 9.2500000000000018 4 1.0000000180025095e-35 1.8499999642372134 1.0000000180025095e-35 7.4500000476837167 29.44999980926514 25.44999980926514 27.44999980926514 9.0500001907348651 5 1.0000000180025095e-35 -4.2499999999999991 1.0000000180025095e-35 144.7174987792969 -7.8500001430511466 6 143.1683044433594 7
decision_type=8 2 8 10 10 1 2 1 10 1 1 8 1 8 10 8 2 10 2 8 10 1 10 2 8 2 8 1 2 1
left_child=8 2 3 -2 10 6 7 -6 16 -10 -3 20 17 15 -15 -14 25 18 -7 -19 -12 -22 -5 24 -4 26 -1 28 29 -28
right_child=1 4 23 22 5 12 -8 -9 9 -11 11 -13 13 14 -16 -17 -18 19 -20 -21 21 -23 -24 -25 -26 -27 27 -29 -30 -31
leaf_value=-0.020463185117207572 -0.013969488173485527 0.025261830122857265 -0.0439687304991246 0.028805865918780045 -0.011489162961555645 0.0028839657725182773 -0.022048083443328887 0.0038221245722884624 0.10631383680056437 -0.0059462979349749773 0.00023834394110225355 0.038008616221946095 -0.0025171357414613587 -0.003078268161670878 0.022561853396743103 -0.016483648689319279 0.060327557856987596 -0.028473737159568576 0.021464434843415155 -0.00038580376774584942 0.044558853203478757 0.0041848470299564533 -0.17734639004171598 -0.018953219359366155 -0.14964325098356199 0.042399597423143573 0.03116725031505448 0.017962328955701629 -0.043462720450618449 -0.0057378152276153019
leaf_weight=37677 62150 60210 20342 37637 208254 1529867 126013 230188 5079 3639 437761 20825 1360944 86253 77914 134006 7705 44199 82484 87452 24396 32997 530 56347 2476 13478 21224 102947 18471 66535
leaf_count=37677 62150 60210 20342 37637 208254 1529867 126013 230188 5079 3639 437761 20825 1360944 86253 77914 134006 7705 44199 82484 87452 24396 32997 530 56347 2476 13478 21224 102947 18471 66535
internal_value=-3.5714e-08 -0.00044701 -0.0123183 0.00121584 2.19159e-05 -0.000893036 -0.00760238 -0.0034507 0.00762825 0.0595702 0.00632217 0.00411152 0.000219825 -0.00249662 0.00909059 -0.00376908 0.00593882 0.00280406 0.0038345 -0.00981573 0.00268597 0.0213551 0.0259432 -0.0294686 -0.0554356 0.00432909 0.00225047 0.00634166 -0.0049211 0.00319036
internal_weight=5e+06 4.72324e+06 179482 100317 4.54376e+06 3.96757e+06 564455 438442 276755 8718 576189 515979 3.40312e+06 1.65912e+06 164167 1.49495e+06 268037 1.744e+06 1.61235e+06 131651 495154 57393 38167 79165 22818 260332 246854 209177 106230 87759
internal_count=5000000 4723245 179482 100317 4543763 3967574 564455 438442 276755 8718 576189 515979 3403119 1659117 164167 1494950 268037 1744002 1612351 131651 495154 57393 38167 79165 22818 260332 246854 209177 106230 87759
cat_boundaries=0 1 2 3 4 5 6 7 8
cat_threshold=14 16760835 992 12582927 16253151 3590 391264 6144
is_linear=0
shrinkage=0.1


Tree=179
num_leaves=31
num_cat=9
split_feature=12 89 75 76 0 76 76 71 11 75 0 15 83 75 7 65 76 80 86 11 16 0 89 23 76 80 23 76 72 27
split_gain=1730.19 3040.04 2508.01 2683.47 2774.22 2471.13 2092.93 2232.66 2330.48 3861.23 2950.27 2520.88 2221.54 2605.4 2159.62 1983.03 1900.8 1885.52 1851.06 2362.68 2431.89 1812.48 1811.51 2735.85 1747.19 1743.25 1888.47 1725.36 2305.84 1876.62
threshold=25.550000190734867 22.849999427795414 0 1 26.44999980926514 2 3 0.55000001192092907 15.949999809265138 4 18.150000572204593 19.150000572204593 14.949999809265138 5 23.94999980926514 5.7500000000000009 6 25.94999980926514 14.34999990463257 9.2500000000000018 13.150000095367433 12.449999809265138 7.8500001430511483 7.2500000000000009 7 7.0499999523162851 4.0499999523162851 8 43.138349533081062 1.0000000180025095e-35
decision_type=8 10 1 1 2 1 1 8 8 1 2 10 10 1 10 8 1 10 10 10 8 2 10 8 1 10 10 1 2 10
left_child=1 6 3 -2 5 -5 14 -8 11 10 -10 12 15 -14 -1 18 -3 27 19 20 22 -20 25 24 -24 26 -9 28 29 -11
right_child=2 16 -4 4 -6 -7 7 8 9 17 -12 -13 13 -15 -16 -17 -18 -19 21 -21 -22 -23 23 -25 -26 -27 -28 -29 -30 -31
leaf_value=0.0034595437845944114 0.0035380588541079113 0.030514888574326212 -0.03576787735529148 -0.018252982241777651 -0.0024759661879483765 -0.067609701186735441 -0.0078571107184852614 -0.00065146586254324424 -0.046085620305758482 -0.01161151174683365 -0.0056054681644581821 0.029850692620889976 0.05573255226027677 0.0075766865774884564 0.034293008189921703 0.010708185121093379 0.0067875859820923133 0.016557380189000732 0.054547702853724733 -0.0096603226985746797 0.031021700007307848 0.0071507356364861 0.0093833935498563899 0.00089959220669999116 0.046158486601990505 0.0095919747659330978 -0.010865005282049721 0.00012935086172778749 -0.041174009027049034 0.010884320902349379
leaf_weight=799938 249227 37297 25860 91585 152264 11403 448841 515135 38002 200416 34214 30978 11767 244531 23380 152326 355709 47728 8670 331582 24636 116219 25977 144978 25726 102909 279126 401979 22095 45502
leaf_count=799938 249227 37297 25860 91585 152264 11403 448841 515135 38002 200416 34214 30978 11767 244531 23380 152326 355709 47728 8670 331582 24636 116219 25977 144978 25726 102909 279126 401979 22095 45502
internal_value=9.87038e-09 0.000640778 -0.00540034 -0.00384289 -0.0110495 -0.0237262 -0.00016897 -0.00130881 -0.000260806 -0.00486431 -0.0269035 0.00154429 0.00110222 0.00979006 0.00433508 -0.000186894 0.0090403 -0.00264635 -0.00124064 -0.00224674 -4.89456e-05 0.0104411 -0.000748727 0.00794282 0.0276924 -0.00265412 -0.0042408 -0.0040144 -0.010229 -0.00744913
internal_weight=5e+06 4.46966e+06 530339 504479 255252 102988 4.07666e+06 3.25334e+06 2.8045e+06 789936 72216 2.01456e+06 1.98358e+06 256298 823318 1.72728e+06 393006 717720 1.57496e+06 1.45007e+06 1.11849e+06 124889 1.09385e+06 196681 51703 897170 794261 669992 268013 245918
internal_count=5000000 4469661 530339 504479 255252 102988 4076655 3253337 2804496 789936 72216 2014560 1983582 256298 823318 1727284 393006 717720 1574958 1450069 1118487 124889 1093851 196681 51703 897170 794261 669992 268013 245918
cat_boundaries=0 1 2 3 4 5 6 7 8 9
cat_threshold=1984 127 15729024 8388623 6158 4102 15728783 130048 523776
is_linear=0
shrinkage=0.1


Tree=180
num_leaves=31
num_cat=6
split_feature=12 77 75 83 76 83 23 89 89 1 3 66 76 0 73 74 76 48 54 85 0 23 75 72 76 84 11 50 74 73
split_gain=1699.15 3949.35 3071.65 2575.43 3757.44 2422.5 2646.71 3159.1 2342.41 2332.14 2303.5 2289.04 1953.31 2447.89 1994.58 1930.29 1905.35 1868.32 2612.04 1851.82 1810.57 1737.08 1694.36 2583.17 3658.47 1839.93 2051.35 2104.27 1690.39 1907.95
threshold=20.750000000000004 18.349999427795414 0 23.050000190734867 1 16.250000000000004 12.250000000000002 12.050000190734865 16.750000000000004 10.449999809265138 20.150000572204593 1.0500000119209292 2 31.150000572204593 142.07500457763675 349.50000000000006 3 1.7500000000000002 1.6500000357627871 3.3500000238418584 14.449999809265138 16.250000000000004 4 36.436649322509773 5 1.0000000180025095e-35 15.84999990463257 2.2500000000000004 907.50000000000011 139.94915008544925
decision_type=10 10 1 8 1 10 10 10 10 8 10 10 1 2 2 2 1 10 10 8 2 10 1 2 1 10 10 10 2 2
left_child=1 5 -3 4 19 6 7 11 22 15 -6 -1 13 14 -5 -9 28 18 -18 -2 -7 -4 23 24 -8 -24 27 -27 29 -13
right_child=3 2 21 12 10 20 8 9 -10 -11 -12 16 -14 -15 -16 -17 17 -19 -20 -21 -22 -23 25 -25 -26 26 -28 -29 -30 -31
leaf_value=-0.0051320296351101205 -0.0028450986269665602 0.0050650256271267541 0.058755410492193308 -0.0093410920109660064 -0.073286108828195348 0.040851440996765589 0.041090225070272365 0.070402008388686321 0.0057467204388314819 0.010056877893577395 -0.022790571335324184 0.0046028987178719531 0.0033472774087582625 0.011419646704953039 -0.072185156149314492 0.0067772864231556281 0.0087431065873051876 0.010755122640131454 -0.008500809252223105 -0.028569401776921924 0.0060672944183158863 0.020359002389088755 -0.015156368539189155 -0.0083283305763433482 -0.0095570306268512213 -0.0028346364067014904 -0.028783829289974944 0.045657434464649704 -0.034732372400618654 -0.006077958190748179
leaf_weight=641914 312965 259533 13472 256042 10519 15597 29549 12821 135836 114839 63995 322365 588942 62719 5152 7592 184141 360967 167974 30732 368820 93955 349220 150334 27558 21379 12976 15391 15136 347565
leaf_count=641914 312965 259533 13472 256042 10519 15597 29549 12821 135836 114839 63995 322365 588942 62719 5152 7592 184141 360967 167974 30732 368820 93955 349220 150334 27558 21379 12976 15391 15136 347565
internal_value=1.6526e-08 0.00111037 0.0109521 -0.00306054 -0.00955927 1.66244e-05 -0.000966564 0.0007928 -0.00612279 0.0155931 -0.0299149 -0.00018843 -8.32501e-05 -0.00632058 -0.0105807 0.0467387 0.00208126 0.00569954 0.000517017 -0.00514511 0.0074786 0.0251718 -0.00878157 -0.00145053 0.016655 -0.012593 0.00539969 0.0174629 -0.00168504 -0.000938415
internal_weight=5e+06 3.66893e+06 366960 1.33107e+06 418211 3.30197e+06 2.91756e+06 2.17531e+06 742243 135252 74514 2.04006e+06 912855 323913 261194 20413 1.39815e+06 713082 352115 343697 384417 107427 606407 207441 57107 398966 49746 36770 685066 669930
internal_count=5000000 3668934 366960 1331066 418211 3301974 2917557 2175314 742243 135252 74514 2040062 912855 323913 261194 20413 1398148 713082 352115 343697 384417 107427 606407 207441 57107 398966 49746 36770 685066 669930
cat_boundaries=0 1 2 3 4 5 6
cat_threshold=752 12583423 523264 8519616 992 14680319
is_linear=0
shrinkage=0.1


Tree=181
num_leaves=31
num_cat=5
split_feature=12 83 72 72 76 11 75 75 30 37 28 33 25 74 82 73 72 72 76 72 28 72 72 15 73 13 76 72 91 22
split_gain=1697.51 2631.39 1985.81 1889.79 3240.9 2681.14 3031.64 2071.1 3188.29 3213.99 2860.39 2284.49 2040.77 2019.73 2685.51 2162.44 4212.34 3093.47 2857.01 2913.4 2794.31 2418.09 2184.98 2842 2099.69 2651.73 2096.37 2002.78 1887.81 1853.15
threshold=-7.5499999523162833 -13.249999999999998 43.490848541259773 41.927499771118171 0 22.150000572204593 1 2 1.0000000180025095e-35 1.0000000180025095e-35 1.0000000180025095e-35 1.0000000180025095e-35 1.0000000180025095e-35 94.000000000000014 2.5499999523162846 135.22000122070315 35.390001296997077 30.90164947509766 3 35.32085037231446 1.0000000180025095e-35 34.47669982910157 34.187500000000007 17.44999980926514 132.50000000000003 17.550000190734867 4 42.974149703979499 3.7500000000000004 18.849999427795414
decision_type=8 8 2 2 1 8 1 1 10 8 10 10 10 2 10 2 2 2 1 2 8 2 2 10 2 8 1 2 10 10
left_child=1 -1 -3 13 5 6 -5 27 9 10 11 12 -9 15 26 17 20 29 -19 21 22 -20 23 -17 -23 -26 -15 -6 -4 -2
right_child=3 2 28 4 7 -7 -8 8 -10 -11 -12 -13 -14 14 -16 16 -18 18 19 -21 -22 24 -24 -25 25 -27 -28 -29 -30 -31
leaf_value=-0.048572463133653751 0.037437895268179526 0.0052981278937234179 0.029255283595352888 -0.00017930763041794704 -0.0067665516541315146 -0.066203068381395752 -0.018930222072530811 0.0072435734832189029 -0.043259486472939764 -0.0468318869271344 -0.056173842698872135 -0.055670442527980694 -0.045099267141391855 0.0065046776592333063 -0.012267250809497209 0.073871369018252669 0.0022896708398647439 0.0027322804946011141 -0.0079100767713931909 0.015978929236416323 0.04817301414411862 0.0018916266893119066 0.0097912497428187528 0.01104527799371572 -0.059155013003223872 -0.012591261123122244 -0.0023468882436037037 0.011791612649016087 0.10421778842712744 0.0075825152835852219
leaf_weight=6162 25629 43151 28863 158083 82006 8831 189694 181749 21209 15323 8490 6395 7767 343174 217147 12908 978053 432273 323319 42880 24805 16663 231147 16283 28408 21476 1214268 199915 3802 110127
leaf_count=6162 25629 43151 28863 158083 82006 8831 189694 181749 21209 15323 8490 6395 7767 343174 217147 12908 978053 432273 323319 42880 24805 16663 231147 16283 28408 21476 1214268 199915 3802 110127
internal_value=2.28619e-08 0.0142715 0.0193792 -0.000237867 -0.00443851 -0.0117889 -0.0104075 0.000574958 -0.006233 -0.00265928 0.000652139 0.00311475 0.00509839 0.000676892 -0.00184903 0.00265681 0.00540767 -0.000815381 -0.00301791 -0.00876167 0.0161026 -0.011483 0.0130469 0.0388264 -0.0288423 -0.0391084 -0.000396466 0.00639313 0.0379804 0.0132188
internal_weight=5e+06 81978 75816 4.91802e+06 879462 356608 347777 522854 240933 219724 204401 195911 189516 4.03856e+06 1.77459e+06 2.26397e+06 1.2632e+06 1.00078e+06 865019 432746 285143 389866 260338 29191 66547 49884 1.55744e+06 281921 32665 135756
internal_count=5000000 81978 75816 4918022 879462 356608 347777 522854 240933 219724 204401 195911 189516 4038560 1774589 2263971 1263196 1000775 865019 432746 285143 389866 260338 29191 66547 49884 1557442 281921 32665 135756
cat_boundaries=0 1 2 3 4 5
cat_threshold=130944 3520 1968 32760 8388623
is_linear=0
shrinkage=0.1


Tree=182
num_leaves=31
num_cat=7
split_feature=11 5 76 16 17 0 11 76 89 76 8 23 80 72 73 12 73 91 62 76 75 89 23 72 1 72 76 58 12 75
split_gain=1796.43 3211.71 3850.47 2687.04 2285.19 2872.69 3306.55 3065.94 2728.88 2515.33 2613.12 2462.81 2235.11 2058.44 4938.39 2393.21 2103.61 1946.2 2033.48 1865.75 2021.56 1856.61 2048.41 2770.2 1967.57 1774.62 1730.95 1715.67 1683.18 1659.93
threshold=2.4500000476837163 3.2500000000000004 0 6.4500000476837167 1.4499999880790713 4.4500000476837167 9.6500000953674334 1 21.750000000000004 2 3.0499999523162846 23.250000000000004 0.45000000298023229 36.902500152587898 139.36750030517581 -3.9500000476837154 138.9049987792969 3.0499999523162846 3.3500000238418584 3 4 -1.8499999642372129 -7.4500000476837149 41.475000381469734 -6.6499998569488517 30.03750038146973 5 2.9500000476837163 5.8500001430511483 6
decision_type=8 8 1 10 8 2 10 1 8 1 8 10 10 2 2 10 2 10 10 1 1 10 8 2 8 2 1 10 10 1
left_child=3 2 -2 12 -3 7 9 -6 11 10 -7 17 21 14 -14 -15 -17 25 -19 20 -18 22 -1 -24 -23 -8 -5 -26 -11 -10
right_child=1 4 -4 26 5 6 8 -9 29 28 -12 -13 13 15 -16 16 19 18 -20 -21 -22 24 23 -25 27 -27 -28 -29 -30 -31
leaf_value=0.010963059864343708 -0.024826421595715093 0.015714198841806425 -0.00065987168080793458 -0.026636208912582594 -0.03366447891609238 -0.037352759737128441 0.044363981072022655 -0.0047877952428047287 -0.0079423411987883507 0.035500753520300014 0.0041285686928919435 -0.02246130560701045 0.008211077966321435 0.055783063003678496 -0.065679112981822982 0.072224238174884367 0.024173197696974475 -0.018453848873221497 0.0001969625745924021 0.033664161254167393 -0.0065147299082477256 0.10792024263958666 0.0018476839953840149 -0.016633960422112324 0.0020801071344716177 -0.0019689875320876272 0.044439602493669364 0.02485417507944146 0.011850846948726915 0.0024540128675410891
leaf_weight=74076 119375 88898 147260 3984 50460 15865 8337 135472 170399 37383 355030 73112 73723 15636 10310 5984 33627 155975 93502 28938 59319 1938 160917 163510 163592 978315 24336 41463 154329 1554935
leaf_count=74076 119375 88898 147260 3984 50460 15865 8337 135472 170399 37383 355030 73112 73723 15636 10310 5984 33627 155975 93502 28938 59319 1938 160917 163510 163592 978315 24336 41463 154329 1554935
internal_value=1.81256e-08 -0.000864713 -0.0114804 0.0041549 -0.000133693 -0.000506096 0.000120396 -0.0126267 -0.00118505 0.00716169 0.00235415 -0.00462752 0.00312507 0.0115749 -0.000854502 0.0188533 0.0143375 -0.00357273 -0.0114637 0.0114955 0.00458928 -5.02538e-05 -0.00404111 -0.007467 0.00763295 -0.00157748 0.0344471 0.00668512 0.0164616 0.00142721
internal_weight=5e+06 4.13865e+06 266635 861353 3.87201e+06 3.78311e+06 3.59718e+06 185932 3.03458e+06 562607 370895 1.30924e+06 833033 227537 84033 143504 127868 1.23613e+06 249477 121884 92946 605496 398503 324427 206993 986652 28320 205055 191712 1.72533e+06
internal_count=5000000 4138647 266635 861353 3872012 3783114 3597182 185932 3034575 562607 370895 1309241 833033 227537 84033 143504 127868 1236129 249477 121884 92946 605496 398503 324427 206993 986652 28320 205055 191712 1725334
cat_boundaries=0 1 2 3 4 5 6 7
cat_threshold=14712323 3147712 4187648 523776 7264 1042444 4126
is_linear=0
shrinkage=0.1


Tree=183
num_leaves=31
num_cat=7
split_feature=12 83 75 23 77 76 11 15 75 73 85 50 55 76 88 83 11 7 76 7 75 76 12 8 89 73 72 74 5 74
split_gain=1757.09 3589.89 2612.34 2445.94 2359.52 2343.02 2645.44 2907.06 2893.54 2890.68 2353.65 2447.64 2744.56 2896.61 2427.09 2267.49 2691.31 2113.86 4099.04 2341.87 2099.59 1930.18 1997.71 2102.61 1888.65 1842.66 1917.6 2145.94 2036.84 1798.88
threshold=22.750000000000004 20.44999980926514 0 19.750000000000004 23.349999427795414 1 16.750000000000004 19.44999980926514 2 141.20420074462893 0.55000001192092907 5.0499999523162851 3.7500000000000004 3 0.65000000596046459 14.949999809265138 10.250000000000002 23.550000190734867 4 19.250000000000004 5 6 28.250000000000004 27.849999427795414 24.750000000000004 144.7174987792969 42.50835037231446 43.500000000000007 14.84999990463257 143.50000000000003
decision_type=10 10 1 10 10 1 8 8 1 2 8 10 10 1 8 8 10 8 1 10 1 1 8 8 8 2 2 2 10 2
left_child=1 4 -3 -4 5 -1 7 10 -8 -10 -7 14 -13 -14 -12 16 -16 18 -2 -20 -15 22 23 -19 -23 26 27 -17 -29 -27
right_child=17 2 3 -5 -6 6 8 -9 9 -11 11 12 13 20 15 25 -18 21 19 -21 -22 24 -24 -25 -26 29 -28 28 -30 -31
leaf_value=0.0023571502203859375 -0.0049960241469139645 -0.0011155544588642159 0.035309759112563642 0.010957891768368882 0.018963642540544435 0.011384776037177982 -0.0028950503823530218 0.02642077120116338 -0.020890088546042372 -0.10906292393358691 0.0091655665143467492 -0.0086092023407757234 -0.019014044673919123 0.048732292963198191 -0.0074914120292466791 0.0093063967338662384 -0.026859446456752856 0.015545373975448638 -0.14165158607541525 -0.030557739810905066 0.015248981416915445 -0.015874562276432549 -0.00034290389794923979 0.079074398094402143 -0.00072507488395739527 0.0040151866996435684 -0.014815213297335606 -0.0088333732416548856 0.010085283185956707 0.077221272495466564
leaf_weight=1627615 246340 144799 50772 219831 63839 122588 152657 36987 113601 3844 118868 60321 17521 26987 509050 170032 83516 71524 1962 57723 61251 106582 123368 5619 361083 8039 102648 251739 73531 5763
leaf_count=1627615 246340 144799 50772 219831 63839 122588 152657 36987 113601 3844 118868 60321 17521 26987 509050 170032 83516 71524 1962 57723 61251 106582 123368 5619 361083 8039 102648 251739 73531 5763
internal_value=1.62616e-08 0.000922184 0.00972573 0.0155263 -9.0727e-05 -0.000433711 -0.00280087 -0.00129812 -0.0119746 -0.023774 -0.00193418 -0.00303052 0.00841247 0.018121 -0.00446679 -0.00581232 -0.0102211 -0.00381076 -0.0106938 -0.034204 0.025494 -0.000658317 0.00754975 0.0201727 -0.00417759 -0.00154178 -0.0023756 0.000202425 -0.00455659 0.0345823
internal_weight=5e+06 4.0258e+06 415402 270603 3.6104e+06 3.54656e+06 1.91894e+06 1.64884e+06 270102 117445 1.61185e+06 1.48927e+06 166080 105759 1.32319e+06 1.20432e+06 592566 974201 306025 59685 88238 668176 200511 77143 467665 611752 597950 495302 325270 13802
internal_count=5000000 4025799 415402 270603 3610397 3546558 1918943 1648841 270102 117445 1611854 1489266 166080 105759 1323186 1204318 592566 974201 306025 59685 88238 668176 200511 77143 467665 611752 597950 495302 325270 13802
cat_boundaries=0 1 2 3 4 5 6 7
cat_threshold=100 15859775 960 448 4094 7680 63
is_linear=0
shrinkage=0.1


Tree=184
num_leaves=31
num_cat=6
split_feature=12 27 80 8 73 0 76 48 26 49 75 75 12 89 47 75 12 76 74 73 75 11 73 72 73 80 83 12 72 54
split_gain=1665.24 2165.43 2033.63 1957.1 1894.03 1811.72 1754.6 4602.7 4578.64 3626.24 3084.69 2920.82 3281.72 3003.91 2876.1 2820.45 2661.99 2311.11 2296.84 2294.45 2173.22 2146.06 2115.44 2738.74 2052.03 2003.57 1996.63 2518.1 2653 1996.25
threshold=27.44999980926514 1.0000000180025095e-35 23.94999980926514 31.250000000000004 143.05250549316409 19.050000190734867 0 4.6499998569488534 1.0000000180025095e-35 1.7500000000000002 1 2 5.8500001430511483 3.6499999761581425 1.0000000180025095e-35 3 -10.349999904632567 4 1099.0000000000002 144.7174987792969 5 18.750000000000004 143.1933517456055 43.024999618530281 140.55999755859378 -4.9500000476837149 3.2500000000000004 15.050000190734865 42.385799407958991 2.3500000238418584
decision_type=10 10 10 8 2 2 1 10 8 10 1 1 8 10 10 1 8 1 2 2 1 10 2 2 2 10 8 8 2 10
left_child=2 3 6 4 -2 -3 7 11 10 15 16 -1 13 -13 26 -10 22 21 19 -14 -9 -18 23 -8 -15 -25 -12 -28 -29 -19
right_child=1 5 -4 -5 -6 -7 8 20 9 -11 14 12 18 24 -16 -17 17 29 -20 -21 -22 -23 -24 25 -26 -27 27 28 -30 -31
leaf_value=-0.0047288564815269859 -0.008073705144179778 -0.29739207583612631 0.0081095160851466144 0.012742176516222548 -0.087359977056625404 -0.040442783762618804 0.0075207773880483185 -0.00094625255597613825 -0.030202739220107605 0.023882785867597654 -0.020446454475237272 0.012208931953026183 0.0040803353886025686 0.027477363230253245 -0.02251407705638335 0.0073128301523045312 0.019728702854904166 -0.0059671928386935413 -0.041347049337948985 -0.029829767409546733 -0.023452599180190378 -0.010995890858601172 5.299917835366214e-05 0.087336469003747863 0.088733742612884706 0.24176002329634 -0.00059408173584525343 -0.0089905604985024666 -0.04629497990428507 0.006254778182584274
leaf_weight=375261 235407 280 323820 49609 3052 13740 4079 75809 26123 114258 80794 211613 1381457 14992 107092 85940 98134 428590 11467 20246 98856 29588 7561 4788 8609 1019 669153 304135 20339 194189
leaf_count=375261 235407 280 323820 49609 3052 13740 4079 75809 26123 114258 80794 211613 1381457 14992 107092 85940 98134 428590 11467 20246 98856 29588 7561 4788 8609 1019 669153 304135 20339 194189
internal_value=2.23072e-08 -0.00719677 0.000462795 -0.00532896 -0.00908848 -0.0455744 -0.000103303 0.00188924 -0.00211648 0.0113469 -0.00367951 0.00323355 0.00504622 0.015983 -0.00688645 -0.00143446 0.00125455 0.000356882 0.0032259 0.00359054 -0.0136857 0.0126101 0.0398692 0.0703214 0.049822 0.114434 -0.00532884 -0.0040996 -0.0113289 -0.00215622
internal_weight=5e+06 302088 4.69791e+06 288068 238459 14020 4.37409e+06 2.19831e+06 2.17578e+06 226321 1.94946e+06 2.02364e+06 1.64838e+06 235214 1.18151e+06 112063 767948 750501 1.41317e+06 1.4017e+06 174665 127722 17447 9886 23601 5807 1.07442e+06 993627 324474 622779
internal_count=5000000 302088 4697912 288068 238459 14020 4374092 2198310 2175782 226321 1949461 2023645 1648384 235214 1181513 112063 767948 750501 1413170 1401703 174665 127722 17447 9886 23601 5807 1074421 993627 324474 622779
cat_boundaries=0 1 2 3 4 5 6
cat_threshold=15728895 6530 4098 56 393216 1848
is_linear=0
shrinkage=0.1


Tree=185
num_leaves=31
num_cat=8
split_feature=11 89 12 7 76 86 8 76 48 27 6 75 12 76 0 10 14 56 75 75 72 11 23 17 33 0 0 76 76 61
split_gain=1619.65 2663.85 2530.19 3383.26 5186.97 2955.34 2658.31 2362.09 3373.96 2817.23 2890.06 3933.98 3235.3 2996.67 2643.7 3279.79 2456.21 2450 2208.34 2188.82 2186.17 2131.97 2129.83 2123.09 2122.15 3113.06 2059.04 2326.67 2145.43 2002.01
threshold=-1.2499999999999998 4.8500001430511483 16.150000572204593 16.650000572204593 0 11.449999809265138 15.150000095367433 1 0.65000000596046459 1.0000000180025095e-35 12.050000190734865 2 12.050000190734865 3 12.250000000000002 13.050000190734865 12.449999809265138 1.2500000000000002 4 5 32.093299865722663 18.349999427795414 8.6500000953674334 3.6499999761581425 1.0000000180025095e-35 14.250000000000002 17.44999980926514 6 7 4.0499999523162851
decision_type=8 8 10 8 1 8 8 1 8 8 8 1 10 1 2 10 10 8 1 1 2 10 10 10 10 2 2 1 1 10
left_child=23 20 5 4 24 22 -6 8 -7 10 12 13 17 -12 18 -16 -13 19 -9 -10 -2 26 -3 -1 -4 -26 28 -28 -5 -24
right_child=1 2 3 21 6 7 -8 14 9 -11 11 16 -14 -15 15 -17 -18 -19 -20 -21 -22 -23 29 -25 25 -27 27 -29 -30 -31
leaf_value=0.0048114401312051277 0.056105118827973879 0.0020573839570658592 -0.0017773314782178731 0.014024606767856119 -0.068016214724180762 0.025338630862182382 -0.024006809381862112 0.022274844821163351 -0.027601501755878229 0.024811062331157568 -0.02591334967498863 0.028087992695703914 -0.038453565084713745 0.0064936087950803094 0.041776076470003851 0.012521073065266146 0.0051876802180787496 0.0046696023874849219 0.00080545401990558861 -0.002179019613075726 -0.0075153495411683455 -0.0015118986278487281 -0.013787116310745771 0.049110526356344109 -0.10326705082508481 -0.0063178518890795402 0.0018291627922905941 0.029917029005470105 -0.025530601044831455 0.0089242578385384016
leaf_weight=400697 5453 434446 203878 27171 18558 58969 52703 60870 64698 44041 56059 75416 31871 58100 52783 139873 123592 136699 224904 71074 568582 1664111 204965 11119 5209 9095 52969 66551 27664 47880
leaf_count=400697 5453 434446 203878 27171 18558 58969 52703 60870 64698 44041 56059 75416 31871 58100 52783 139873 123592 136699 224904 71074 568582 1664111 204965 11119 5209 9095 52969 66551 27664 47880
internal_value=9.66429e-09 -0.000539198 0.000371987 -0.00199177 -0.0120411 0.00303859 -0.0354629 0.00603551 0.00241849 0.000375477 -0.00136728 0.00537684 -0.00830695 -0.00942105 0.0114825 0.0205362 0.0138653 -0.0047807 0.00537925 -0.0142955 -0.00691099 -0.000409626 -0.00218941 0.00600751 -0.00438943 -0.0416232 0.0101109 0.0174717 -0.00593291 -0.00948638
internal_weight=5e+06 4.58818e+06 4.01415e+06 2.12791e+06 289443 1.88624e+06 71261 1.19895e+06 720519 661550 617509 313167 304342 114159 478430 192656 199008 272471 285774 135772 574035 1.83847e+06 687291 411816 218182 14304 174355 119520 54835 252845
internal_count=5000000 4588184 4014149 2127909 289443 1886240 71261 1198949 720519 661550 617509 313167 304342 114159 478430 192656 199008 272471 285774 135772 574035 1838466 687291 411816 218182 14304 174355 119520 54835 252845
cat_boundaries=0 1 2 3 4 5 6 7 8
cat_threshold=1576956 523296 48 458752 944 7426 245760 14680079
is_linear=0
shrinkage=0.1


Tree=186
num_leaves=31
num_cat=7
split_feature=76 75 76 24 12 0 76 4 50 48 50 91 55 48 0 12 72 50 48 75 11 76 35 31 41 76 58 12 89 87
split_gain=1538.5 3224.04 2948.53 2264.19 2254.61 2533.31 2278.99 2327.86 2008.53 2341.25 2317.88 1887.94 2281.43 2286.19 1884.86 1810.42 1747.33 1735.62 1730.83 1695.26 2569.27 2509.86 2649.11 2821.81 2502.16 2355.57 2019.54 1717.46 1838.09 1812.78
threshold=0 1 2 1.0000000180025095e-35 18.050000190734867 18.550000190734867 3 23.550000190734867 0.75000000000000011 2.8500000238418584 2.6499999761581425 0.84999999403953563 2.4500000476837163 0.75000000000000011 28.550000190734867 26.349999427795414 36.013349533081062 1.6500000357627871 4.6499998569488534 4 4.0499999523162851 5 1.0000000180025095e-35 1.0000000180025095e-35 1.0000000180025095e-35 6 3.1499999761581425 29.44999980926514 22.750000000000004 1.0000000180025095e-35
decision_type=1 1 1 2 10 2 1 10 8 10 10 8 10 10 2 10 2 10 10 1 10 1 8 10 10 1 10 8 8 10
left_child=1 2 18 4 6 -6 8 11 -3 10 -10 -8 13 -13 15 -7 -5 -14 -1 21 25 22 23 24 26 -21 -2 28 -22 -29
right_child=19 3 -4 16 5 14 7 -9 9 -11 -12 12 17 -15 -16 -17 -18 -19 -20 20 27 -23 -24 -25 -26 -27 -28 29 -30 -31
leaf_value=-0.025497813701679757 0.0033621552882079895 0.043120339667581997 -0.0035582304905337498 0.026215896456491757 -0.061563115279404335 -0.0090463767497116262 0.014369452220879111 0.031115211578090215 0.010015744388472539 0.026835166341010398 -0.019633674972608248 0.009730342400582008 -0.028327029593884553 -0.012624897684815145 0.003938644851687852 -0.045183489254833994 0.0021002989817812271 0.010532458391763132 0.0027813560732502405 0.00097299696901197326 -3.6038387014910648e-05 0.0012444433210635388 -0.035772048975609559 -0.044985328788105933 -0.04106991936345996 0.028737368446733105 -0.016656074353470145 -0.006279571161782134 0.00609550168659077 -0.064478081763385528
leaf_weight=131918 206881 18070 262332 55075 8467 245014 58016 21251 84315 47789 38364 54485 12772 285218 122938 14695 66112 114838 25891 53717 1069488 751183 33563 17671 16985 70889 66627 139248 900622 5566
leaf_count=131918 206881 18070 262332 55075 8467 245014 58016 21251 84315 47789 38364 54485 12772 285218 122938 14695 66112 114838 25891 53717 1069488 751183 33563 17671 16985 70889 66627 139248 900622 5566
internal_value=7.51356e-09 -0.00247972 -0.0100561 7.21337e-05 -0.00132541 -0.00745948 0.00193818 -0.00133202 0.0114181 0.00805827 0.000743821 -0.00264463 -0.00475689 -0.00903934 -0.0062623 -0.0110911 0.0130599 0.00664316 -0.0208569 0.00124087 0.00281648 -0.00198778 -0.00909268 -0.00618725 -0.00382712 0.0167707 -0.00151432 0.00199435 0.00276695 -0.00851646
internal_weight=5e+06 1.66756e+06 420141 1.24742e+06 1.12623e+06 391114 735118 546580 188538 170468 122679 525329 467313 339703 382647 259709 121187 127610 157809 3.33244e+06 2.23953e+06 1.09291e+06 341727 308164 290493 124606 273508 2.11492e+06 1.97011e+06 144814
internal_count=5000000 1667560 420141 1247419 1126232 391114 735118 546580 188538 170468 122679 525329 467313 339703 382647 259709 121187 127610 157809 3332440 2239530 1092910 341727 308164 290493 124606 273508 2114924 1970110 144814
cat_boundaries=0 1 2 3 4 5 6 7
cat_threshold=516864 56 458752 393216 6150 3145952 531456
is_linear=0
shrinkage=0.1


Tree=187
num_leaves=31
num_cat=5
split_feature=72 11 91 83 76 89 89 12 6 76 76 72 73 72 12 84 72 12 73 79 76 15 49 0 72 76 0 74 72 72
split_gain=1545.98 1729.07 2851.24 2519.48 3252.01 2402.84 2388.04 2253.18 2249.17 3454.94 2117.73 1981.73 3616.84 2590.21 2556.06 2009.33 2005.39 1963.62 2184.89 2087.23 1997.68 1904.38 1921.02 2290.1 1903.87 1861.2 1852.01 1832.66 2035.08 1711.85
threshold=26.891649246215824 3.4500000476837163 3.2500000000000004 2.6499999761581425 0 2.0499999523162846 4.0499999523162851 11.050000190734865 4.0499999523162851 1 2 38.73915100097657 138.79664611816409 36.658300399780281 -3.9500000476837154 1.0000000180025095e-35 36.823350906372077 6.6499998569488534 144.04920196533206 2.8500000238418584 3 11.449999809265138 1.5500000119209292 -1.0500000119209287 35.390001296997077 4 6.4500000476837167 158.50000000000003 33.418348312377937 33.109149932861335
decision_type=2 8 10 10 1 10 8 10 8 1 1 2 2 2 10 10 2 10 2 10 1 10 8 2 2 1 2 2 2 2
left_child=-1 3 8 5 11 -2 7 -4 9 -3 -10 12 13 15 -13 -5 24 20 19 -19 -12 22 23 -11 -14 -20 -22 28 29 -8
right_child=1 2 6 4 -6 -7 27 -9 10 21 17 14 16 -15 -16 -17 -18 18 25 -21 26 -23 -24 -25 -26 -27 -28 -29 -30 -31
leaf_value=0.011745394763411415 -0.0017787638007082799 -0.030325973528386764 -0.02745533524238962 0.006291202819371235 0.047354412658138501 0.013497170496062414 -0.013840659390854085 -0.13189920625832474 -0.0047699939291700796 0.010533714504646862 0.031208241052117475 0.087236080987042497 0.063917245049468302 0.073638868187733034 0.016841543516426676 0.094234674400356322 -0.0031401161387488424 0.0025890612415563449 -0.0012808034514074425 -0.0067220284432436524 -0.0044745372246810522 0.024711059328016396 0.0098868846264275126 -0.02675863571861517 -0.052063779858925942 -0.040155001449155722 0.022619439004043229 -0.019344041804891854 -0.0006952820813125463 -0.062643693741829487
leaf_weight=109608 636705 60590 29157 79324 24137 122835 44044 2223 613258 23118 42532 5641 1529 6745 60260 2686 30881 2088914 25956 272114 67713 22654 44406 57237 19041 23437 40211 89246 345209 8589
leaf_count=109608 636705 60590 29157 79324 24137 122835 44044 2223 613258 23118 42532 5641 1529 6745 60260 2686 30881 2088914 25956 272114 67713 22654 44406 57237 19041 23437 40211 89246 345209 8589
internal_value=1.22468e-08 -0.000263236 -0.00121043 0.00346952 0.0126331 0.000691704 -0.00811577 -0.0348543 -0.000151868 -0.0102256 0.000508277 0.00856424 0.00184204 0.0140708 0.0228672 0.00917154 -0.019253 0.00177229 0.00108047 0.00151594 0.0128558 -0.00196184 -0.00680524 -0.0160297 -0.0434427 -0.019735 0.00561979 -0.00639318 -0.00348797 -0.0218047
internal_weight=5e+06 4.89039e+06 3.90061e+06 989784 230244 759540 518468 31380 3.38214e+06 208005 3.17414e+06 206107 140206 88755 65901 82010 51451 2.56088e+06 2.41042e+06 2.36103e+06 150456 147415 124761 80355 20570 49393 107924 487088 397842 52633
internal_count=5000000 4890392 3900608 989784 230244 759540 518468 31380 3382140 208005 3174135 206107 140206 88755 65901 82010 51451 2560877 2410421 2361028 150456 147415 124761 80355 20570 49393 107924 487088 397842 52633
cat_boundaries=0 1 2 3 4 5
cat_threshold=1048064 15760385 1015808 8402951 15759363
is_linear=0
shrinkage=0.1


Tree=188
num_leaves=31
num_cat=6
split_feature=69 50 12 0 76 12 76 89 75 72 23 76 56 49 78 85 75 79 26 76 82 89 13 83 73 73 72 72 72 73
split_gain=1545.51 2540.04 2084.13 2792.75 2920.28 2378.38 3453.03 2568.96 2178.43 2252.12 4121.17 2103.62 2440.75 2323.67 2226.03 2538.93 2197.42 2128.94 2116.61 2202.55 2186.19 2033.72 1992.79 2115.34 2137.1 2513.65 2486.24 2038.85 2029.11 2469.43
threshold=0.45000000298023229 0.65000000596046459 23.94999980926514 21.650000572204593 0 19.550000190734867 1 19.150000572204593 2 35.475000381469734 17.650000572204593 3 6.5499999523162851 5.8500001430511483 1.0000000180025095e-35 0.65000000596046459 4 0.65000000596046459 1.0000000180025095e-35 5 0.75000000000000011 24.550000190734867 13.250000000000002 3.6499999761581425 143.1933517456055 145.15920257568362 43.063348770141609 42.50835037231446 33.418348312377937 131.06084442138675
decision_type=10 10 8 2 1 8 1 10 1 2 10 1 10 10 8 8 1 8 10 1 8 8 8 8 2 2 2 2 2 2
left_child=1 -1 3 5 21 7 -7 11 -4 -10 -11 12 14 -13 15 -2 -16 -17 20 -20 -19 -5 23 24 26 -26 27 -22 -25 -30
right_child=2 -3 8 4 -6 6 -8 -9 9 10 -12 13 -14 -15 16 17 -18 18 19 -21 22 -23 -24 28 25 -27 -28 -29 29 -31
leaf_value=0.0030824709412121364 0.011797158978137936 -0.009684682287295833 -0.0024684398540250796 -0.0076069533774768827 0.019880149035751589 -0.033390596758122733 -0.0035118417053535151 0.014996925369537305 -0.011331577384342803 -0.02094386794505149 -0.13097112342879355 0.0045476201119391407 0.0181960267847356 -0.012598816175221053 0.039349813315044731 0.013228225034597564 0.0036781841445207731 0.010256665071331337 -0.020103297967354793 0.028666961188960411 -0.016279792144397797 0.0084125127434665735 -0.020594562569828549 -0.022914690030433629 -0.060472895066551569 0.087581028525603039 0.013705653880425415 -0.064366061009336756 0.04476224615306252 -0.0039623919044704152
leaf_weight=260497 87184 387836 593286 113718 154827 44208 308843 133420 56296 11504 4835 1292270 56557 84185 20121 54517 121516 60355 13150 31257 65587 261454 134741 56549 17329 1228 24850 10187 10611 527082
leaf_count=260497 87184 387836 593286 113718 154827 44208 308843 133420 56296 11504 4835 1292270 56557 84185 20121 54517 121516 60355 13150 31257 65587 261454 134741 56549 17329 1228 24850 10187 10611 527082
internal_value=1.1432e-08 -0.0045549 0.000678625 0.00160884 0.00832571 0.000480759 -0.00725422 0.00145512 -0.00446993 -0.020815 -0.0535029 0.000778253 -0.00211841 0.00349891 -0.00304778 -0.00457417 0.00874875 -0.00599094 -0.00709047 0.0142268 -0.00813243 0.00355677 -0.00944099 -0.00733446 -0.0194934 -0.0506755 -0.0137428 -0.0227445 -0.00489588 -0.00300084
internal_weight=5e+06 648333 4.35167e+06 3.68575e+06 529999 3.15575e+06 353051 2.8027e+06 665921 72635 16339 2.66928e+06 1.29282e+06 1.37646e+06 1.23626e+06 1.09463e+06 141637 1.00744e+06 952926 44407 908519 375172 848164 713423 119181 18557 100624 75774 594242 537693
internal_count=5000000 648333 4351667 3685746 529999 3155747 353051 2802696 665921 72635 16339 2669276 1292821 1376455 1236264 1094627 141637 1007443 952926 44407 908519 375172 848164 713423 119181 18557 100624 75774 594242 537693
cat_boundaries=0 1 2 3 4 5 6
cat_threshold=522240 1048064 960 917248 1664 1792
is_linear=0
shrinkage=0.1


Tree=189
num_leaves=31
num_cat=5
split_feature=11 0 26 72 86 11 11 6 51 16 6 76 0 18 58 89 12 76 75 0 9 2 86 6 75 77 76 0 0 72
split_gain=1451.02 2390.85 3064 2959.78 3010.71 2954.05 2613.01 3142.48 3249.16 3774.89 2987.18 2490 2313.92 2295.83 2371.1 2265.75 2230.61 3069.3 2482.37 2264.09 2540.47 2183.49 2147.71 2147.42 2118.3 2093.23 2122.38 2507.88 2142.64 2568.39
threshold=-2.2499999999999996 -0.15000000223517415 1.0000000180025095e-35 38.453350067138679 1.8499999642372134 1.4499999880790713 4.6499998569488534 5.8500001430511483 2.4500000476837163 13.050000190734865 -2.1499999761581416 0 -3.8500000238418575 10.650000095367433 1.5500000119209292 1.2500000000000002 10.650000095367433 1 2 7.6499998569488534 5.0499999523162851 8.2500000000000018 22.050000190734867 8.6500000953674334 3 -7.1499998569488517 4 -3.4500000476837154 8.2500000000000018 36.902500152587898
decision_type=8 2 10 2 10 10 10 8 8 8 8 1 2 8 8 10 8 1 1 2 8 10 8 10 1 8 1 2 2 2
left_child=25 2 3 11 15 12 10 8 9 -8 -3 -2 -4 14 -12 -5 17 23 -18 24 -21 -10 -20 -9 -19 -1 27 -27 29 -28
right_child=1 6 5 4 -6 -7 7 16 21 -11 13 -13 -14 -15 -16 -17 18 19 22 20 -22 -23 -24 -25 -26 26 28 -29 -30 -31
leaf_value=-0.012922020035425945 0.024286252704128555 -0.030762946428908724 -0.1250359239099009 -0.021235814046808674 0.071349829689760891 -0.1142597641053726 -0.024120190033808175 0.0088123376727660529 0.013203980565071769 0.014201260556774786 1.1842766150036284e-05 -0.0054981481159077222 -0.013583408783244927 0.035261061409079614 0.013171340818524569 0.040608136802545595 -0.011122308234890882 0.018882724601786475 -0.0037337122567163983 -0.047027807271583351 0.0080728594982735977 -0.043786282138055181 0.0019952363284494834 0.033099447706799734 -0.014449543842029205 0.013019918025123834 -0.022923524379329058 0.053469349794594161 0.048915483686337642 0.0073998812922270191
leaf_weight=47377 43867 21022 2097 131719 3837 4756 162711 102161 62506 30528 292292 77901 16680 28549 257585 6203 230911 22681 1098970 8634 271193 7533 1617498 56561 119392 58184 34251 20810 10184 151407
leaf_count=47377 43867 21022 2097 131719 3837 4756 162711 102161 62506 30528 292292 77901 16680 28549 257585 6203 230911 22681 1098970 8634 271193 7533 1617498 56561 119392 58184 34251 20810 10184 151407
internal_value=1.67057e-08 -0.000447082 -0.00928882 -0.00620148 -0.0160237 -0.0438614 0.000130979 -0.000839051 -0.0113781 -0.0180661 0.00626605 0.00523324 -0.0260303 0.00761181 0.00617629 -0.0184544 -5.25731e-05 0.00561268 -0.0011686 0.00115292 0.00637274 0.00707443 -0.000322457 0.017466 -0.00912796 0.00649085 0.0098373 0.0236728 0.00425523 0.00180569
internal_weight=5e+06 4.67779e+06 287060 263527 141759 23533 4.39073e+06 3.79128e+06 263278 193239 599448 121768 18777 578426 549877 137922 3.528e+06 580622 2.94738e+06 421900 279827 70039 2.71647e+06 158722 142073 322213 274836 78994 195842 185658
internal_count=5000000 4677787 287060 263527 141759 23533 4390727 3791279 263278 193239 599448 121768 18777 578426 549877 137922 3528001 580622 2947379 421900 279827 70039 2716468 158722 142073 322213 274836 78994 195842 185658
cat_boundaries=0 1 2 3 4 5
cat_threshold=6204 8403983 4110 240 6292447
is_linear=0
shrinkage=0.1


Tree=190
num_leaves=31
num_cat=6
split_feature=72 73 72 76 73 72 76 72 73 12 75 83 12 6 55 83 34 11 11 85 76 75 0 23 11 75 12 56 18 74
split_gain=1507.38 2198.67 4324.42 3919.86 2953.71 2814.53 2664.93 2736.18 2580.86 2436.32 2365.9 2186.72 2167.64 2819.49 2121.62 2078.73 2018.91 2005.4 1952.38 1924.96 1885.57 1816.56 1739.11 1667.75 1648.01 2288.72 2272.83 2148.15 2137.09 2134.19
threshold=32.94585037231446 134.46669769287112 34.879999160766609 0 134.58415222167972 36.173299789428718 1 35.170000076293952 139.55834960937503 15.150000095367433 2 7.6499998569488534 12.050000190734865 12.449999809265138 2.2500000000000004 5.8500001430511483 2.2500000000000004 8.2500000000000018 15.949999809265138 1.9499999880790713 3 4 10.250000000000002 5.4500000476837167 -7.5499999523162833 5 17.94999980926514 2.7500000000000004 -2.8500000238418575 907.50000000000011
decision_type=2 2 2 1 2 2 1 2 2 10 1 10 8 8 8 10 8 8 10 10 1 1 2 10 8 1 8 8 10 2
left_child=23 5 8 10 -5 6 7 21 9 11 -4 -3 15 14 -14 -12 24 -17 -15 -8 -7 -2 -16 -1 28 29 -27 -28 -6 -26
right_child=1 2 3 4 16 20 19 -9 -10 -11 12 -13 13 18 22 17 -18 -19 -20 -21 -22 -23 -24 -25 25 26 27 -29 -30 -31
leaf_value=0.027610973816271169 -0.023582007405024676 0.010904052055073594 -0.0024096802657967002 0.081560645093076367 0.0064372886580728308 0.11880612463920147 0.0029036647932360049 0.012415029649404587 0.054744145520904786 0.0017552416681264615 0.0096221634952173493 0.037216168724357783 -0.0033658828551712387 0.024932192533485772 -0.05364824142501301 0.061610959810239299 -0.024638182867539181 0.019975240442631752 0.0040108881220235482 -0.010537994157043366 0.010565683357002647 -0.008672579984632783 0.020168744253021537 0.0037352676030842722 -0.0062365548213292746 0.0043706991103151602 -0.0024719467465319626 -0.021892179894203567 0.065513579584537449 -0.034181366542261539
leaf_weight=31232 138643 102580 399931 4095 59268 2991 382735 41502 13093 182902 200124 45637 46887 49644 18410 15658 44011 44291 439481 147638 3490 199126 3861 462492 899245 520958 398606 66454 6829 28186
leaf_count=31232 138643 102580 399931 4095 59268 2991 382735 41502 13093 182902 200124 45637 46887 49644 18410 15658 44011 44291 439481 147638 3490 199126 3861 462492 899245 520958 398606 66454 6829 28186
internal_value=1.74565e-08 -0.000574707 0.000541107 -0.00058908 -0.00328273 -0.00494741 -0.00541527 -0.0118158 0.0111988 0.00947698 0.00389409 0.0190057 0.00697474 0.0034621 -0.0154372 0.0145154 -0.00345444 0.03085 0.00613431 -0.000838025 0.0607186 -0.0147934 -0.040851 0.0052456 -0.00298347 -0.00351973 -0.000165518 -0.00524697 0.0125409 -0.00708576
internal_weight=5e+06 4.50628e+06 3.59015e+06 3.24594e+06 2.02765e+06 916125 909644 379271 344212 331119 1.21829e+06 148217 818356 558283 69158 260073 2.02356e+06 59949 489125 530373 6481 337769 22271 493724 1.97955e+06 1.91345e+06 986018 465060 66097 927431
internal_count=5000000 4506276 3590151 3245939 2027652 916125 909644 379271 344212 331119 1218287 148217 818356 558283 69158 260073 2023557 59949 489125 530373 6481 337769 22271 493724 1979546 1913449 986018 465060 66097 927431
cat_boundaries=0 1 2 3 4 5 6
cat_threshold=16252943 16711683 78 2096128 124 4158
is_linear=0
shrinkage=0.1


Tree=191
num_leaves=31
num_cat=11
split_feature=11 89 16 76 76 11 17 7 76 16 12 76 7 76 11 91 75 7 76 86 12 76 7 75 0 22 6 76 76 2
split_gain=1497.12 2769.34 2211.76 2412.82 2119.42 2039.66 3482.29 3397.01 3368.03 2126.01 2125.92 2643.68 2500.25 3265.83 1964.04 1960.45 1935.79 1860.5 3321.61 3007.63 2708.72 3976.03 2634.87 2377.82 2782.94 3035.91 2284.42 2831.53 2085.53 2065.61
threshold=1.4499999880790713 6.4500000476837167 5.0499999523162851 0 1 13.449999809265138 17.94999980926514 14.150000095367433 2 20.849999427795414 17.150000572204593 3 17.550000190734867 4 20.849999427795414 0.65000000596046459 5 11.050000190734865 6 11.84999990463257 10.050000190734865 7 8.6500000953674334 8 13.550000190734865 11.250000000000002 2.8500000238418584 9 10 15.34999990463257
decision_type=8 8 10 1 1 10 10 8 1 8 8 1 8 1 8 8 1 8 1 8 8 1 10 1 2 10 8 1 1 8
left_child=2 4 -1 -4 -2 6 15 8 -7 -10 11 -9 13 -12 -14 -3 -16 20 -19 -20 26 22 -22 29 -25 -26 27 -17 -28 -21
right_child=1 5 3 -5 -6 7 -8 10 9 -11 12 -13 14 -15 16 17 -18 18 19 23 21 -23 -24 24 25 -27 28 -29 -30 -31
leaf_value=0.0030468952754029092 -0.019933448033855567 0.019054021900612783 0.051019249385262117 -0.0099727706753770969 -0.0042768111559911663 -0.046702024602830246 0.029714398758452911 0.019391419628571105 -0.013044344072875811 0.013881293845544743 -0.036465268254373642 0.0013120382368286354 0.0058183885304434156 -0.0055885510677756095 -0.038636219365762468 -0.0316038085306862 -0.0017753002971573233 0.02232790393937641 -0.020886835574529382 0.018155035783522389 -0.074005773835983515 -0.00078783633978248826 -0.022473934309472268 -0.0037348015414631619 0.072609734784287769 0.018306138080556936 -0.0033980409808644879 0.00083849466170556096 0.010382770671325687 -0.019469948421959409
leaf_weight=706251 108076 67620 19774 9651 432246 25998 49162 113297 176316 35175 42719 282636 402781 172804 14400 41517 1260747 105727 49586 21000 12676 99542 45673 46429 12430 59942 180011 76401 281600 47813
leaf_count=706251 108076 67620 19774 9651 432246 25998 49162 113297 176316 35175 42719 282636 402781 172804 14400 41517 1260747 105727 49586 21000 12676 99542 45673 46429 12430 59942 180011 76401 281600 47813
internal_value=3.4654e-08 -0.000718688 0.00416609 0.0310286 -0.00740892 0.00025201 0.00365214 -0.00135883 -0.0127428 -0.00856569 -0.000177913 0.00648601 -0.00157138 -0.0117106 -0.000269042 0.00253601 -0.00219188 0.00150213 0.00758754 0.00101634 -0.0013278 -0.0129392 -0.0336632 0.00680536 0.0153727 0.0276329 0.00183568 -0.0105865 0.00500892 -0.00798659
internal_weight=5e+06 4.26432e+06 735676 29425 540322 3.724e+06 1.19713e+06 2.52687e+06 237489 211491 2.28938e+06 395933 1.89345e+06 215523 1.67793e+06 1.14797e+06 1.27515e+06 1.08035e+06 342927 237200 737420 157891 58349 187614 118801 72372 579529 117918 461611 68813
internal_count=5000000 4264324 735676 29425 540322 3724002 1197129 2526873 237489 211491 2289384 395933 1893451 215523 1677928 1147967 1275147 1080347 342927 237200 737420 157891 58349 187614 118801 72372 579529 117918 461611 68813
cat_boundaries=0 1 2 3 4 5 6 7 8 9 10 11
cat_threshold=13632496 788352 14802944 8404495 14938113 4110 14710799 15858176 48 15792128 246240
is_linear=0
shrinkage=0.1


Tree=192
num_leaves=31
num_cat=7
split_feature=72 11 80 76 6 76 11 0 72 91 6 89 12 75 24 76 89 76 0 16 8 12 10 16 86 11 75 76 88 83
split_gain=1395.91 1438.92 2606.05 2595.17 2502.05 3198.34 2755.65 2658.44 2559.82 2264.82 2007.68 1935.89 2321.78 2684.65 2174.5 2316.88 1922.99 1845.57 2911.73 3241.63 2770.22 2697.53 2289.73 2236.26 2231.28 1929.16 1925.03 1829.81 1811.02 1730.25
threshold=26.891649246215824 4.6499998569488534 3.6499999761581425 0 5.8500001430511483 1 8.0500001907348651 5.4500000476837167 33.750799179077156 2.2500000000000004 3.0499999523162846 28.650000572204593 14.449999809265138 2 1.0000000180025095e-35 3 2.2500000000000004 4 11.250000000000002 7.2500000000000009 10.449999809265138 8.6500000953674334 13.050000190734865 15.34999990463257 16.849999427795414 20.849999427795414 5 6 4.0499999523162851 21.050000190734867
decision_type=2 8 10 1 8 1 8 2 2 10 10 10 8 1 2 1 10 1 2 10 8 10 10 8 8 8 1 1 10 8
left_child=-1 2 16 -4 5 6 10 8 -7 17 -3 12 -11 -14 15 -15 -2 18 19 26 23 -19 -20 -21 -24 -26 -6 -18 -23 -27
right_child=1 4 3 -5 9 7 -8 -9 -10 11 -12 -13 13 14 -16 -17 27 21 22 20 -22 28 24 -25 25 29 -28 -29 -30 -31
leaf_value=0.011160772043190414 -0.0017916473854103509 -0.049571677760585103 0.0078880109606283364 0.037544340323208081 0.053443186158175393 0.024675975258645264 -0.069983043615277532 0.026259318463252992 -0.011390512104145885 -2.8123852831907107e-07 -0.011139255680586303 0.011247914779554898 -0.046615175239344254 -0.022197944827685667 0.0098512268160910327 -0.0057025015971005066 0.033517909992802158 0.0231072799271579 0.011783923603462322 -0.016138906363759153 -0.03763496659338314 0.0034416931130281329 -0.013598350957636006 0.033848321192576351 0.0061770113365100798 -0.021354615475392483 -0.0025447077108562478 0.0054660061449989753 -0.014426043821790947 -0.0015031828815771954
leaf_weight=109608 738110 16782 192464 34845 6478 22336 11755 27371 165426 314114 71518 66847 20519 142089 50578 212514 27356 67553 157154 58257 61735 1194281 126708 10574 351237 49955 114861 154815 59555 362605
leaf_count=109608 738110 16782 192464 34845 6478 22336 11755 27371 165426 314114 71518 66847 20519 142089 50578 212514 27356 67553 157154 58257 61735 1194281 126708 10574 351237 49955 114861 154815 59555 362605
internal_value=1.24126e-08 -0.000250133 0.00284765 0.0124361 -0.00119995 -0.00972626 -0.0244963 -0.00285568 -0.00710007 -0.000415912 -0.0184436 -0.00504937 -0.00652194 -0.0113341 -0.00954604 -0.012313 0.000479302 0.00101015 -0.00166564 -0.0113188 -0.0222545 0.00364172 0.000655399 -0.00845974 -0.00130853 0.000730251 0.000448547 0.00968061 0.00259301 -0.0039069
internal_weight=5e+06 4.89039e+06 1.14759e+06 227309 3.7428e+06 315188 100055 215133 187762 3.42761e+06 88300 806661 739814 425700 405181 354603 920281 2.62095e+06 1.29956e+06 251905 130566 1.32139e+06 1.04766e+06 68831 890505 763797 121339 182171 1.25384e+06 412560
internal_count=5000000 4890392 1147590 227309 3742802 315188 100055 215133 187762 3427614 88300 806661 739814 425700 405181 354603 920281 2620953 1299564 251905 130566 1321389 1047659 68831 890505 763797 121339 182171 1253836 412560
cat_boundaries=0 1 2 3 4 5 6 7
cat_threshold=1047552 14745088 4110 261120 8357760 96 14680447
is_linear=0
shrinkage=0.1


Tree=193
num_leaves=31
num_cat=1
split_feature=74 72 12 91 12 72 73 73 48 88 75 74 79 79 73 72 73 91 0 74 86 23 83 23 89 89 48 12 80 29
split_gain=1412.96 1621.74 1995.76 1824.76 1551.98 2371.37 3878.53 2508.06 3097.26 2430.89 2580.57 2505.54 2454.74 2168.69 2028.34 3102.04 2755.5 2049.31 1991.58 1792.75 1562.6 1442.77 1777.32 1487.97 2719.41 2071.98 2056.85 1984.18 2066.33 2205.55
threshold=219.50000000000003 30.90164947509766 23.94999980926514 8.0500001907348651 -2.5499999523162837 37.670000076293952 137.86834716796878 131.31250000000003 0.45000000298023229 0.65000000596046459 0 927.50000000000011 1.0500000119209292 1.3499999642372134 140.32749938964847 37.145000457763679 140.55999755859378 3.3500000238418584 4.0499999523162851 326.00000000000006 21.349999427795414 -12.949999809265135 -6.2499999999999991 0.65000000596046459 3.6499999761581425 7.0499999523162851 0.65000000596046459 26.349999427795414 27.050000190734867 1.0000000180025095e-35
decision_type=2 2 10 10 8 2 2 2 10 8 1 2 8 10 2 2 2 8 2 2 8 8 8 10 10 8 8 8 10 8
left_child=1 2 3 -1 18 6 7 -6 -9 -10 -11 -12 -13 -7 15 17 -16 -8 -2 -15 -19 -3 -23 24 -24 -25 -27 28 29 -28
right_child=4 21 -4 -5 5 13 14 8 9 10 11 12 -14 19 16 -17 -18 20 -20 -21 -22 22 23 25 -26 26 27 -29 -30 -31
leaf_value=0.026734993391589967 0.0040970789782733448 0.031037286178582597 -0.00056680793727231988 -0.027375849098904188 0.0056285315611972163 -0.00716925817964955 0.014910139320541721 0.0030938490607064022 0.0041682826171676518 -0.0064097409333662026 -0.024604202100373201 0.013578685027052737 -0.10041961016144303 -0.012771004747967232 0.047710281029007644 -0.020186011617805602 0.0010979941752579804 -0.018811891353521567 0.049426218273870143 -0.046764776899856163 0.0053226230249888888 -0.017122210023947981 0.0041829484598188841 -0.0060192898532547114 0.035842934727063867 0.0075735466874881615 -0.00088805093302230225 -0.0087386272539782522 0.016133352623862261 0.010173231104466015
leaf_weight=72415 87122 15438 76492 6819 117837 175390 155182 113146 48003 85139 147623 2443 8328 32698 25681 48332 25056 39309 10906 29520 84484 56963 326367 485100 29590 413043 1757358 237906 85443 200867
leaf_count=72415 87122 15438 76492 6819 117837 175390 155182 113146 48003 85139 147623 2443 8328 32698 25681 48332 25056 39309 10906 29520 84484 56963 326367 485100 29590 413043 1757358 237906 85443 200867
internal_value=2.33325e-08 0.000963433 0.010955 0.0220781 -0.00293323 -0.00397308 -0.00162847 -0.00721056 -0.0109491 -0.0163992 -0.0204533 -0.0279997 -0.0745633 -0.0128594 0.00608689 0.00320297 0.0246912 0.00725508 0.00914012 -0.0288997 -0.00234101 0.000532191 0.000401107 0.000683424 0.00681478 -2.95745e-06 0.00108014 -9.53933e-05 0.000910777 0.000246572
internal_weight=5e+06 3.7638e+06 155726 79234 1.2362e+06 1.13817e+06 900563 522519 404682 291536 243533 158394 10771 237608 378044 327307 50737 278975 98028 62218 123793 3.60808e+06 3.59264e+06 3.53567e+06 355957 3.17972e+06 2.69462e+06 2.28157e+06 2.04367e+06 1.95822e+06
internal_count=5000000 3763801 155726 79234 1236199 1138171 900563 522519 404682 291536 243533 158394 10771 237608 378044 327307 50737 278975 98028 62218 123793 3608075 3592637 3535674 355957 3179717 2694617 2281574 2043668 1958225
cat_boundaries=0 1
cat_threshold=960
is_linear=0
shrinkage=0.1


Tree=194
num_leaves=31
num_cat=4
split_feature=71 49 12 86 73 76 48 27 50 84 75 75 80 72 73 0 73 72 73 72 72 73 18 73 72 73 75 85 49 74
split_gain=1393.96 2334.42 1815.59 2712.26 2082.1 1745.9 3479 2924.97 3814.62 2551.34 2655.09 2457.57 2325.08 1998.34 2283.98 2980.15 2889.89 2414.9 5887.71 6041.89 5242.2 4075.51 2994.85 2213.89 3511.91 2313.49 2057.41 1956.26 1955.02 2834.51
threshold=0.35000000894069677 0.45000000298023229 22.250000000000004 21.150000572204593 142.79664611816409 0 4.9500000476837167 1.0000000180025095e-35 2.2500000000000004 1.0000000180025095e-35 1 2 21.750000000000004 43.828350067138679 143.31164550781253 7.0499999523162851 145.49250030517581 36.902500152587898 136.97330474853518 34.689199447631843 35.362499237060554 139.55834960937503 11.650000095367433 139.12249755859378 35.859998703002937 140.60749816894534 3 0.94999998807907116 1.6500000357627871 84.500000000000014
decision_type=10 10 8 10 2 1 10 8 10 10 1 1 10 2 2 2 2 2 2 2 2 2 8 2 2 2 1 8 10 2
left_child=1 -1 3 5 -4 7 -7 9 11 10 12 -9 -2 14 17 16 28 18 20 -20 27 26 23 -21 -25 -26 -19 -12 -16 -30
right_child=2 -3 4 -5 -6 6 -8 8 -10 -11 13 -13 -14 -15 15 -17 -18 21 19 22 -22 -23 -24 24 25 -27 -28 -29 29 -31
leaf_value=0.0037251984207374578 -0.0099989559783309201 -0.010283070547979258 -0.0026656632495842651 0.010706815166786426 -0.03638233791055407 0.0046697467324148083 -0.012806548886794023 -0.018171582372438402 0.028192259729447996 0.013776430032923932 0.020418562748734725 0.012865278536563768 0.013556431702889928 0.018488974092342826 -0.016189811030284391 0.007280399029971062 0.12852477735933829 0.010135758174307962 0.10564155500733846 -0.021621851286774213 0.041034805443728416 0.0030789394680361664 -0.0029110261624902098 -0.015647489166798052 -0.087698200937966875 0.016736360704859239 0.061911297372864715 -0.004588904500546582 -0.11321662366127652 -0.026541742500620198
leaf_weight=191473 625297 314134 927841 299327 18684 1391015 124068 47946 73522 87735 36522 54503 44914 55103 9464 18488 921 12831 3694 59242 33582 232285 46280 15577 20806 2362 19145 218005 8352 6882
leaf_count=191473 625297 314134 927841 299327 18684 1391015 124068 47946 73522 87735 36522 54503 44914 55103 9464 18488 921 12831 3694 59242 33582 232285 46280 15577 20806 2362 19145 218005 8352 6882
internal_value=1.97137e-08 -0.00497815 0.00056005 0.00159819 -0.00333122 0.000758903 0.00323862 -0.00140844 0.0108122 -0.00278918 -0.00377805 -0.00166045 -0.00842027 0.000113376 -0.00124678 -0.0233182 -0.0453997 0.000143284 -0.00442798 -0.0206423 0.00389906 0.00768655 -0.0238759 -0.0337777 -0.0523644 -0.077051 0.0411579 -0.00100059 -0.0518854 -0.074061
internal_weight=5e+06 505607 4.49439e+06 3.54787e+06 946525 3.24854e+06 1.51508e+06 1.73346e+06 175971 1.55749e+06 1.46975e+06 102449 670211 799541 744438 44107 25619 700331 436070 147961 288109 264261 144267 97987 38745 23168 31976 254527 24698 15234
internal_count=5000000 505607 4494393 3547868 946525 3248541 1515083 1733458 175971 1557487 1469752 102449 670211 799541 744438 44107 25619 700331 436070 147961 288109 264261 144267 97987 38745 23168 31976 254527 24698 15234
cat_boundaries=0 1 2 3 4
cat_threshold=1048320 1592 2108 452
is_linear=0
shrinkage=0.1


Tree=195
num_leaves=31
num_cat=8
split_feature=0 76 27 87 49 78 9 80 90 47 75 7 18 50 75 39 11 80 86 76 75 35 76 89 11 4 5 76 72 75
split_gain=1317.18 1553.04 2621.21 2887.95 2641.65 2416.88 2023.38 1978.64 1971.55 2099.1 2059.08 1862.38 1858.34 1827.66 1700.26 1584.03 1493.17 3256.59 2251.32 2199.51 1980.17 1941.09 1933.74 1862.31 2230.02 3162.44 2251.34 2454.34 2111.04 3674.84
threshold=32.350000381469734 0 1.0000000180025095e-35 1.0000000180025095e-35 0.55000001192092907 1.0000000180025095e-35 -10.349999904632567 -13.749999999999998 1.0000000180025095e-35 1.0000000180025095e-35 1 -6.6499998569488517 -5.9500000476837149 2.0499999523162846 2 1.0000000180025095e-35 6.2500000000000009 7.2500000000000009 7.2500000000000009 3 4 1.0000000180025095e-35 5 15.150000095367433 18.849999427795414 13.84999990463257 19.650000572204593 6 39.673351287841804 7
decision_type=2 1 8 10 8 10 10 10 10 8 1 8 10 10 1 10 8 10 10 1 1 8 1 8 8 8 8 1 2 1
left_child=1 2 3 4 -1 8 7 12 9 11 -11 -6 -3 -4 -8 -13 17 18 19 -16 21 -21 -19 28 25 -25 27 -26 29 -18
right_child=-2 6 13 -5 5 -7 14 -9 -10 10 -12 15 -14 -15 16 -17 23 22 -20 20 -22 -23 -24 24 26 -27 -28 -29 -30 -31
leaf_value=0.023556161877348009 0.019573087151152382 -0.034487698898037371 -0.0012678042541646036 0.017453297443884866 -0.037582619844102154 0.024482829333773399 -0.0063699574276504722 0.052848776900615325 0.023634394766194246 0.0053653497523137193 -0.036209226438848698 -0.0057914221832901982 0.043308568524292303 0.026148504984300849 -0.006334103210512425 -0.026796142008272406 0.020458458973697396 0.015544594323490335 0.025575969304705383 0.019635241100958451 0.003917519371394433 0.089149937054710485 0.053025361724125211 -0.00048464906445258663 -0.0029361353651140253 0.012537954814709843 0.0013855438206843193 -0.024394831559979801 -0.011833056470077848 -0.0036083744773611711
leaf_weight=28019 34147 7183 50300 52734 20362 22763 323451 14682 18597 15604 50391 674017 5363 47068 224831 37923 72381 49665 41711 28314 367496 4681 19050 366617 189595 379516 1029778 74139 236205 513417
leaf_count=28019 34147 7183 50300 52734 20362 22763 323451 14682 18597 15604 50391 674017 5363 47068 224831 37923 72381 49665 41711 28314 367496 4681 19050 366617 189595 379516 1029778 74139 236205 513417
internal_value=3.10998e-08 -0.00013456 -0.0036176 -0.00526824 -0.00664916 -0.0076571 0.000763343 0.0279295 -0.00855269 -0.00930252 -0.0263839 -0.00776314 -0.00123237 0.0119853 0.000574692 -0.00691028 0.00119912 0.00521707 0.00308172 0.00158128 0.00602489 0.0294884 0.0259454 0.00016608 0.00178556 0.00613922 -0.000725742 -0.00896949 -0.00385237 -0.000634397
internal_weight=5e+06 4.96585e+06 1.01778e+06 920410 867676 839657 3.94808e+06 27228 816894 798297 65995 732302 12546 97368 3.92085e+06 711940 3.5974e+06 735748 667033 625322 400491 32995 68715 2.86165e+06 2.03964e+06 746133 1.29351e+06 263734 822003 585798
internal_count=5000000 4965853 1017778 920410 867676 839657 3948075 27228 816894 798297 65995 732302 12546 97368 3920847 711940 3597396 735748 667033 625322 400491 32995 68715 2861648 2039645 746133 1293512 263734 822003 585798
cat_boundaries=0 1 2 3 4 5 6 7 8
cat_threshold=253952 4226 2 790272 1648 269328 262655 480
is_linear=0
shrinkage=0.1


Tree=196
num_leaves=31
num_cat=3
split_feature=11 0 90 29 76 14 83 0 86 25 49 73 6 11 5 16 51 8 11 32 75 72 12 91 12 28 7 89 76 16
split_gain=1374.54 2207.26 2931.61 3077.11 2440.05 2342.29 2212.45 2157.86 2113.8 2072.25 1945.43 1883.38 1837.11 2070.29 2769.43 3053.93 3205.25 2462.01 2243.52 1877.53 1793.9 2289.25 3289.09 2273.54 1887.78 2096.55 1805.97 1787.48 1779.25 1778.75
threshold=1.6500000357627871 2.2500000000000004 1.0000000180025095e-35 1.0000000180025095e-35 0 7.6499998569488534 -0.25000000745058054 -0.25000000745058054 -2.2499999999999996 1.0000000180025095e-35 5.2500000000000009 144.7174987792969 -1.0000000180025095e-35 6.4500000476837167 6.8500001430511483 13.949999809265138 2.3500000238418584 5.8500001430511483 9.6500000953674334 1.0000000180025095e-35 1 27.989149093627933 28.250000000000004 2.9500000476837163 17.94999980926514 1.0000000180025095e-35 29.050000190734867 7.0499999523162851 2 9.2500000000000018
decision_type=8 2 10 8 1 10 8 2 8 8 10 2 8 10 8 8 8 8 8 10 1 2 8 10 8 10 10 8 1 10
left_child=8 2 3 4 29 7 -3 -4 11 10 -6 -1 -8 28 15 16 -15 -16 -19 -17 24 -22 23 -23 25 -20 -24 -25 -14 -2
right_child=1 6 5 -5 9 -7 12 -9 -10 -11 -12 -13 13 14 17 19 -18 18 20 -21 21 22 26 27 -26 -27 -28 -29 -30 -31
leaf_value=-0.0073426878362256483 -0.043357432571256474 0.044438829770110565 -0.098743712769136918 -0.052975310267749258 0.0028346148988571485 -0.13647175928012065 -0.04427050062837011 -0.01571131643403214 0.0070827148865570556 -0.066989357920183318 -0.049953419271035991 0.032767039211372806 0.025819675658413362 -0.02807332460038799 -0.058291454094737787 0.016572753344469896 0.0030312360098745787 0.0088479267718676695 0.0083527358255666151 -0.14707106854411664 0.011696463778169327 -0.0017187968316968274 -0.060940191300334103 -0.05250523677289979 0.00056599779259996032 0.046316323496743271 0.034623674449096302 -0.010181135699781883 0.0043369574730627311 0.0070813491600471073
leaf_weight=189192 24276 11136 3931 13391 220230 2448 9435 15358 558723 4551 7210 12479 42897 108961 7282 36097 47603 259244 144525 715 101548 1399961 14453 10389 1093043 16175 2291 252531 380105 9820
leaf_count=189192 24276 11136 3931 13391 220230 2448 9435 15358 558723 4551 7210 12479 42897 108961 7282 36097 47603 259244 144525 715 101548 1399961 14453 10389 1093043 16175 2291 252531 380105 9820
internal_value=3.16742e-08 -0.00070215 -0.00895275 -0.00620143 -0.00384751 -0.0443271 -7.11297e-05 -0.0326329 0.00391507 -0.000175713 0.0011612 -0.00486078 -0.000197341 -9.12026e-05 -0.000890948 -0.0125224 -0.018616 -0.000209657 -8.12631e-05 0.0133943 -0.000843999 -0.00288374 -0.00376526 -0.00332121 0.00205384 0.0121739 -0.0478647 -0.0118535 0.00651625 -0.0288221
internal_weight=5e+06 4.23961e+06 301215 279478 266087 21737 3.93839e+06 19289 760394 231991 227440 201671 3.92726e+06 3.91782e+06 3.49482e+06 193376 156564 3.30144e+06 3.29416e+06 36812 3.03492e+06 1.78117e+06 1.67962e+06 1.66288e+06 1.25374e+06 160700 16744 262920 423002 34096
internal_count=5000000 4239606 301215 279478 266087 21737 3938391 19289 760394 231991 227440 201671 3927255 3917820 3494818 193376 156564 3301442 3294160 36812 3034916 1781173 1679625 1662881 1253743 160700 16744 262920 423002 34096
cat_boundaries=0 1 2 3
cat_threshold=919424 896 14680079
is_linear=0
shrinkage=0.1


Tree=197
num_leaves=31
num_cat=6
split_feature=76 72 74 74 85 82 80 12 0 6 53 15 83 11 0 75 24 6 76 11 16 16 11 75 6 76 28 83 76 7
split_gain=1412.62 1949.71 1852.36 1515.61 1851.84 1445.96 1445.1 2093.42 1902.06 2159.33 1949.1 1879.04 1682.29 1852.06 2563.13 2741.4 4724.04 2591.22 2224.53 2230.86 2093.12 2015.42 1851.91 2559.6 2879.44 2724.23 2202.04 1815.79 1713.46 2252.8
threshold=0 44.199998855590827 7.5000000000000009 4.5000000000000009 3.0499999523162846 8.7500000000000018 -13.749999999999998 -8.6500000953674299 -6.6499998569488517 -10.249999999999998 1.5500000119209292 -2.8500000238418575 6.4500000476837167 11.84999990463257 14.949999809265138 1 1.0000000180025095e-35 20.550000190734867 2 22.349999427795414 16.650000572204593 12.650000095367433 18.349999427795414 3 12.650000095367433 4 1.0000000180025095e-35 19.550000190734867 5 17.550000190734867
decision_type=1 2 2 2 10 8 8 8 2 8 8 10 8 8 2 1 2 8 1 10 10 8 8 1 8 1 10 8 1 8
left_child=1 -1 3 4 -2 -6 -4 -8 10 -10 -9 -11 -13 20 15 16 17 18 -15 -20 -14 -17 23 25 -25 -16 -26 -24 -29 -30
right_child=2 -3 6 -5 5 -7 7 8 9 11 -12 12 13 14 22 21 -18 -19 19 -21 -22 -23 27 24 26 -27 -28 28 29 -31
leaf_value=0.0040625274281181241 0.0036049121894010036 -0.020600372092779415 -0.047300087982401845 0.0099717008222833959 -0.0046289726426752224 -0.03601875078388464 0.018209468094064443 -6.2229978509028609e-05 -0.085301482138226442 0.0096876723056997481 -0.045470662983978921 -0.0077693252351010217 0.0016344715033574722 0.014644365643825956 0.030622830626106802 -0.0068370324482773751 -0.047115799450654181 0.043202268999796484 -0.0097735200125498578 -0.16054618088655004 0.031710976900786683 -0.031350229078064194 -0.015390830271139841 -0.030112289762213879 0.011166104996498036 -0.0071890303843938977 0.044117316340394487 0.0018201388944295294 -0.062746341261356406 -0.0060166507096213392
leaf_weight=1007810 251176 33107 6953 263003 43252 22211 52185 17761 3088 140179 20208 454882 912112 54395 21068 55335 21027 14824 77161 994 23741 85155 117572 15309 181180 198446 22837 485936 7128 389965
leaf_count=1007810 251176 33107 6953 263003 43252 22211 52185 17761 3088 140179 20208 454882 912112 54395 21068 55335 21027 14824 77161 994 23741 85155 117572 15309 181180 198446 22837 485936 7128 389965
internal_value=3.4541e-08 0.00327808 -0.00086183 0.00436102 -0.00029926 -0.0152792 -0.00175766 -0.00166376 -0.00197611 -0.00171869 -0.0242297 -0.00163998 -0.00214583 -0.00119283 -0.00311465 -0.0113801 -0.00277455 0.00355178 -0.000882616 -0.0116896 0.00239746 -0.0216936 -0.00134096 0.00407519 0.0117153 -0.00355878 0.0148546 -0.00371635 -0.00216193 -0.0070348
internal_weight=5e+06 1.04092e+06 3.95908e+06 579642 316639 65463 3.37944e+06 3.37249e+06 3.3203e+06 3.28233e+06 37969 3.27925e+06 3.13907e+06 2.68418e+06 1.74833e+06 308891 168401 147374 132550 78155 935853 140490 1.43944e+06 438840 219326 219514 204017 1.0006e+06 883029 397093
internal_count=5000000 1040917 3959083 579642 316639 65463 3379441 3372488 3320303 3282334 37969 3279246 3139067 2684185 1748332 308891 168401 147374 132550 78155 935853 140490 1439441 438840 219326 219514 204017 1000601 883029 397093
cat_boundaries=0 1 2 3 4 5 6
cat_threshold=31 504 1581152 124 14680288 16253920
is_linear=0
shrinkage=0.1


Tree=198
num_leaves=31
num_cat=9
split_feature=76 79 48 53 54 74 72 76 75 48 5 12 15 75 76 17 6 63 76 0 73 73 86 76 76 75 72 9 74 18
split_gain=1318.1 1917.91 1903.02 3157.68 2423.96 2288.16 2189.79 2363.98 2155.31 1636.48 1585.54 1772.53 2045.24 1587.46 1871.48 1552.74 1772.35 1559.26 1538.59 1529.32 1519.22 1895.31 2420 2352.35 2007.71 2745.06 1871.84 1492.54 1490.81 1475.33
threshold=0 6.6499998569488534 4.7500000000000009 3.2500000000000004 5.0499999523162851 7.5000000000000009 38.73915100097657 1 2 2.7500000000000004 29.650000572204593 29.44999980926514 30.44999980926514 3 4 1.2500000000000002 5.4500000476837167 2.0499999523162846 5 19.44999980926514 141.71585083007815 144.7174987792969 17.94999980926514 6 7 8 43.847499847412116 -8.6500000953674299 3.5000000000000004 -4.7499999999999991
decision_type=1 10 10 8 10 2 2 1 1 10 10 8 8 1 1 8 10 10 1 2 2 2 8 1 1 1 2 8 2 10
left_child=2 10 4 19 5 -1 28 -8 -9 -6 11 13 -13 14 -2 16 17 -15 -3 -4 26 24 23 -23 27 -26 -7 29 -5 -22
right_child=1 18 3 6 9 20 7 8 -10 -11 -12 12 -14 15 -16 -17 -18 -19 -20 -21 21 22 -24 -25 25 -27 -28 -29 -30 -31
leaf_value=0.0067476402306366409 -0.0130661913193484 0.0086225219789088942 -0.021354445877215539 -0.024906641072072713 -0.038115270977755564 -0.0024399320879851653 -0.009138951716351363 0.011903174257544686 0.050799698576723853 -0.0088036856073411447 0.019173386637303329 -0.023282135319227872 0.003250963591980949 -0.0028485003712476831 0.0010191038298223551 0.0024088668717725473 0.029232235746691274 0.018264026768071998 -0.027049001575556366 0.0078529288771077427 0.00046178755131440539 -0.019132217807584426 -0.024294574196026694 0.070042129531293421 -0.0049723731321780883 -0.032579703452345142 0.049194354598467382 -0.0054219405664220864 0.0085244988112307112 0.086784634049716758
leaf_weight=252266 136354 17174 51064 15097 30395 1410845 15125 23857 35430 51018 52024 60400 55974 79177 306028 1851670 45127 62670 40840 27626 4334 4253 8699 9704 64457 81658 7056 81493 114540 3645
leaf_count=252266 136354 17174 51064 15097 30395 1410845 15125 23857 35430 51018 52024 60400 55974 79177 306028 1851670 45127 62670 40840 27626 4334 4253 8699 9704 64457 81658 7056 81493 114540 3645
internal_value=3.90645e-08 0.0014941 -0.0017644 0.00591711 -0.00284503 -0.00213147 0.0124798 0.0261533 0.0351524 -0.019747 0.00188795 0.00154174 -0.0105201 0.00210751 -0.00332256 0.00328583 0.0119708 0.00647931 -0.0164923 -0.0111005 -0.00346781 -0.0105223 0.0171032 0.0429053 -0.013179 -0.0204022 -0.00218298 -0.00138038 0.00463124 0.0398961
internal_weight=5e+06 2.70744e+06 2.29256e+06 282739 2.00982e+06 1.92841e+06 204049 74412 59287 81413 2.64942e+06 2.5974e+06 116374 2.48103e+06 442382 2.03864e+06 186974 141847 58014 78690 1.67614e+06 258243 22656 13957 235587 146115 1.4179e+06 89472 129637 7979
internal_count=5000000 2707438 2292562 282739 2009823 1928410 204049 74412 59287 81413 2649424 2597400 116374 2481026 442382 2038644 186974 141847 58014 78690 1676144 258243 22656 13957 235587 146115 1417901 89472 129637 7979
cat_boundaries=0 1 2 3 4 5 6 7 8 9
cat_threshold=1045376 896 496 4098 3145824 1051648 896 525184 6592
is_linear=0
shrinkage=0.1


Tree=199
num_leaves=31
num_cat=4
split_feature=74 85 77 12 89 76 0 76 75 63 5 91 56 7 0 23 76 79 48 0 5 74 48 81 12 0 49 48 56 11
split_gain=1263.65 1744.44 1966.1 1607.66 2529.71 1877.96 2947.3 2420.46 1973.55 1869.16 1786.76 1742.05 1579.4 1500.38 1595.71 3754.54 1488.33 1479.35 1455.12 1452.05 1497.74 1442.89 1442.37 1428.13 1348.95 1522.14 1324.77 3087.56 2748.83 2622.7
threshold=669.00000000000011 1.8499999642372134 9.6500000953674334 24.550000190734867 21.349999427795414 0 25.550000190734867 1 2 1.2500000000000002 26.849999427795414 1.0500000119209292 0.94999998807907116 28.250000000000004 14.250000000000002 13.949999809265138 3 0.84999999403953563 2.3500000238418584 16.550000190734867 17.550000190734867 29.500000000000004 0.94999998807907116 1.0000000180025095e-35 12.250000000000002 17.150000572204593 1.6500000357627871 2.6499999761581425 1.1500000357627871 15.750000000000002
decision_type=2 8 8 10 10 1 2 1 1 8 8 10 8 8 2 10 1 10 8 2 10 2 10 10 8 2 8 8 8 8
left_child=3 24 17 4 9 8 7 10 18 11 -7 12 -1 14 -10 19 -6 -3 23 20 -16 -14 -13 -5 -2 -26 27 -11 -28 -30
right_child=1 2 -4 5 16 6 -8 -9 13 26 -12 22 21 -15 15 -17 -18 -19 -20 -21 -22 -23 -24 -25 25 -27 28 -29 29 -31
leaf_value=0.0049837112461158396 0.01368097532932715 -0.0022457659743922681 -0.008274178444963096 0.011762951054574471 0.022103751742692496 -0.025921862371474064 -0.0026931218375577052 -0.058710059076449744 0.021169604578777604 0.00036362854240846906 0.0018417957908353493 0.0012392209612144547 0.0059033320757373563 0.059363303913648628 -0.14454124696605589 -0.014110573669259961 0.0057879105937000269 -0.052169144673472549 -0.0098494431349090902 -0.15918714765777267 -0.010791228098840751 -0.0071466278328664286 -0.010542628842662501 -0.02308607625936944 -0.028228499274493314 0.0070213527220759596 -0.0072523931191253712 -0.025804049582173375 0.0086243590892541022 -0.0018902087212287325
leaf_weight=366671 51401 8278 91846 181948 65486 68207 233076 15626 9517 910791 35113 143498 113253 2703 1300 49647 382180 20976 48503 2349 2352 336360 376632 12572 23037 26162 189984 47439 854728 328365
leaf_count=366671 51401 8278 91846 181948 65486 68207 233076 15626 9517 910791 35113 143498 113253 2703 1300 49647 382180 20976 48503 2349 2352 336360 376632 12572 23037 26162 189984 47439 854728 328365
internal_value=4.24479e-08 -0.00738039 -0.0154652 0.000342474 0.00107865 -0.00422774 -0.00922948 -0.0220383 0.00143598 0.00021247 -0.0164849 -0.00276917 0.000112844 -0.0136397 -0.0166699 -0.0231412 0.00817527 -0.0380423 0.00564647 -0.0978529 -0.0584021 -0.00385947 -0.00729215 0.00951063 0.00235197 -0.00948408 0.00192168 -0.000931852 0.00391308 0.00570606
internal_weight=5e+06 221700 121100 4.7783e+06 4.11539e+06 662913 352022 118946 310891 3.66772e+06 103320 1.33641e+06 816284 67868 65165 55648 447666 29254 243023 6001 3652 449613 520130 194520 100600 49199 2.33131e+06 958230 1.37308e+06 1.18309e+06
internal_count=5000000 221700 121100 4778300 4115387 662913 352022 118946 310891 3667721 103320 1336414 816284 67868 65165 55648 447666 29254 243023 6001 3652 449613 520130 194520 100600 49199 2331307 958230 1373077 1183093
cat_boundaries=0 1 2 3 4
cat_threshold=127 15729024 1920 15729039
is_linear=0
shrinkage=0.1


Tree=200
num_leaves=31
num_cat=6
split_feature=11 77 16 75 72 73 72 76 73 73 74 73 75 12 5 12 5 83 0 11 27 12 75 72 76 76 10 72 12 72
split_gain=1236.69 2089.27 2121.96 2083.45 2988.38 2746.41 2052.58 1944.21 2200.87 2048.98 2686.15 2096.59 2026.04 1933.02 4345.82 2262.03 2095.93 1911.11 1849.4 1920.6 1826.37 1757.48 1666.19 1651.33 1773.78 1646.76 1622.96 1730.42 1594.56 2720.45
threshold=2.4500000476837163 10.050000190734865 6.2500000000000009 0 36.125000000000007 137.9433517456055 33.951650619506843 1 135.29250335693362 139.94915008544925 96.000000000000014 134.86249542236331 2 15.550000190734865 17.750000000000004 29.250000000000004 9.8499999046325701 -0.74999999999999989 24.050000190734867 21.750000000000004 1.0000000180025095e-35 8.8499999046325701 3 34.337501525878913 4 5 10.650000095367433 42.100000381469734 18.44999980926514 37.846700668334968
decision_type=8 10 10 1 2 2 2 1 2 2 2 2 1 8 8 10 8 8 2 10 10 10 1 2 1 1 8 2 8 2
left_child=1 2 -1 4 5 6 17 8 -5 10 11 -9 26 16 -15 18 -10 -2 19 -16 23 -13 -17 -7 -25 -6 -11 -28 29 -14
right_child=3 -3 -4 7 25 20 -8 9 13 12 -12 21 28 14 15 22 -18 -19 -20 -21 -22 -23 -24 24 -26 -27 27 -29 -30 -31
leaf_value=0.0015367354754830369 0.059701636165750464 0.028779395557595164 0.029313423587114619 -0.0026615959698741937 -0.034681076947627225 0.071888392123093767 -0.012197145701245221 5.9316959757912263e-05 0.0056785812281117745 -0.013672880085739936 -0.0042196608884718743 0.028616694801258176 0.02162807699304542 -0.010589836250372749 0.021998286158830059 -0.13174862741284682 0.023314310984789033 0.0004657186309727768 0.034454873532406963 0.0041105036085973727 0.071575890800707712 0.0075301000385645592 -0.0068178566708616568 -0.012825220416350307 0.021647711683625354 -0.011707479090047136 -0.03317312307385209 -0.119489115807795 -0.010259929875758135 -0.0029532118682581449
leaf_weight=801501 5597 31372 28480 389255 39683 4273 196220 475959 155715 73883 620364 45016 50346 163662 86987 1078 118804 202522 33679 193646 5533 324071 57072 25174 36640 146065 12017 2879 246696 425811
leaf_count=801501 5597 31372 28480 389255 39683 4273 196220 475959 155715 73883 620364 45016 50346 163662 86987 1078 118804 202522 33679 193646 5533 324071 57072 25174 36640 146065 12017 2879 246696 425811
internal_value=3.20377e-08 0.00344738 0.00248987 -0.000717444 -0.00586053 -0.00166243 -0.00485943 0.000261369 0.00351886 -0.00145519 0.000777259 0.00444559 -0.00548592 0.00648665 0.00299237 0.00896047 0.0133108 0.00205877 0.0123125 0.00965513 0.0163866 0.0101019 -0.00915769 0.011766 0.0076099 -0.016618 -0.0197417 -0.0498557 -0.00373474 -0.000354133
internal_weight=5e+06 861353 829981 4.13865e+06 661707 475959 404339 3.47694e+06 1.1999e+06 2.27704e+06 1.46541e+06 845046 811632 810643 536124 372462 274519 208119 314312 280633 71620 369087 58150 66087 61814 185748 88779 14896 722853 476157
internal_count=5000000 861353 829981 4138647 661707 475959 404339 3476940 1199898 2277042 1465410 845046 811632 810643 536124 372462 274519 208119 314312 280633 71620 369087 58150 66087 61814 185748 88779 14896 722853 476157
cat_boundaries=0 1 2 3 4 5 6
cat_threshold=14 15728655 6144 1056 16769024 312256
is_linear=0
shrinkage=0.1


Tree=201
num_leaves=31
num_cat=5
split_feature=83 12 80 23 85 89 1 11 86 75 74 16 72 75 76 49 37 76 2 52 4 51 0 81 0 23 86 14 76 16
split_gain=1219.61 1708.52 2864.88 3672.81 2691.57 2650.95 2795.68 2245.57 2429.29 2066.89 2080.23 2063.57 1881.53 2087.41 1811.23 2005.25 2583.06 1752.54 2826.34 1829.5 1737.97 2004.38 1635.85 1624.24 1617.79 4176.76 1586.49 1645.77 1707.54 1566.81
threshold=26.250000000000004 16.650000572204593 10.84999990463257 9.2500000000000018 1.5500000119209292 10.449999809265138 8.0500001907348651 5.0499999523162851 11.449999809265138 0 18.500000000000004 9.8499999046325701 33.159149169921882 1 2 2.0499999523162846 1.0000000180025095e-35 3 17.050000190734867 3.2500000000000004 10.250000000000002 1.7500000000000002 12.449999809265138 1.0000000180025095e-35 7.4500000476837167 7.0499999523162851 2.4500000476837163 -5.9500000476837149 4 15.050000190734865
decision_type=10 8 10 8 10 10 8 8 10 1 2 10 2 1 1 8 10 1 8 8 10 8 2 8 2 8 10 8 1 8
left_child=1 2 5 -4 17 7 -7 11 9 10 -9 26 -6 -14 -11 16 29 19 -19 23 21 -17 -21 24 -3 -26 -1 -28 -29 -16
right_child=-2 4 3 -5 12 6 -8 8 -10 14 -12 -13 13 -15 15 20 -18 18 -20 22 -22 -23 -24 -25 25 -27 27 28 -30 -31
leaf_value=-0.0015360404230688992 0.0062691305428206005 0.033555066071773582 0.030149768584529529 0.0046021897997442452 0.001651125057801869 0.047221166966613083 0.0055753332436646059 -0.024581761923842774 0.010723856766093762 -0.0044870830315049117 0.01920843114816367 0.033260471812798627 -0.037648213670587446 -0.010516272157414581 -0.021780314953761457 -0.033287290288650594 -0.059264034687146618 -0.037045417652922984 -0.003412805026519845 -0.05742994662519129 -0.022541154661158538 0.0077876976469058203 -0.0074002053531084903 -0.0099823948157091516 -0.049024618530207252 0.0058721390899610509 0.074225023529474438 0.030690090952908245 0.0037073914205516889 0.0050525187599175913
leaf_weight=823153 292183 19974 63090 520786 118894 16949 329254 13768 83265 436836 51153 19691 31035 327973 138607 13851 16333 26436 455651 7148 41286 83496 76287 75202 14174 624517 3645 26196 223353 25814
leaf_count=823153 292183 19974 63090 520786 118894 16949 329254 13768 83265 436836 51153 19691 31035 327973 138607 13851 16333 26436 455651 7148 41286 83496 76287 75202 14174 624517 3645 26196 223353 25814
internal_value=-6.39231e-09 -0.00038909 0.00109448 0.0073627 -0.0028353 -0.000465136 0.00761418 -0.00186337 -0.0055517 -0.00720206 0.00992018 0.00118011 -0.00925219 -0.0128631 -0.00867201 -0.0143955 -0.0213353 -0.000475239 -0.00525699 0.00234532 -0.00534833 0.00194335 -0.0116863 0.00394064 0.00553028 0.00465386 0.000593222 0.00751562 0.00654123 -0.0175676
internal_weight=5e+06 4.70782e+06 2.93053e+06 583876 1.77729e+06 2.34665e+06 346203 2.00045e+06 904409 821144 64921 1.09604e+06 477902 359008 756223 319387 180754 1.29939e+06 482087 817302 138633 97347 83435 733867 658665 638691 1.07635e+06 253194 249549 164421
internal_count=5000000 4707817 2930526 583876 1777291 2346650 346203 2000447 904409 821144 64921 1096038 477902 359008 756223 319387 180754 1299389 482087 817302 138633 97347 83435 733867 658665 638691 1076347 253194 249549 164421
cat_boundaries=0 1 2 3 4 5
cat_threshold=992 6172 12597311 12583423 14680191
is_linear=0
shrinkage=0.1


Tree=202
num_leaves=31
num_cat=1
split_feature=76 48 12 0 11 0 89 12 80 17 73 0 62 72 72 77 72 83 77 1 81 12 0 83 50 9 16 74 72 0
split_gain=1215.83 3361.71 2227.76 2633.77 2892.84 2443.94 2160.95 2116.55 2633.32 2283.02 2168.66 2089.61 2041.73 2021.47 2159.32 4893.29 2154.64 1963.21 2686.94 2519.87 1943.86 1890.27 2115.05 1748.82 1693.66 1690.71 3204.23 1673.95 2831.97 1769.34
threshold=0 4.0499999523162851 25.349999427795414 24.550000190734867 21.150000572204593 26.44999980926514 20.050000190734867 11.050000190734865 13.949999809265138 14.650000095367433 129.87249755859378 20.94999980926514 3.1499999761581425 33.418348312377937 33.468299865722663 21.050000190734867 30.90164947509766 8.4499998092651385 12.250000000000002 11.650000095367433 1.0000000180025095e-35 -5.9500000476837149 -4.7499999999999991 11.650000095367433 4.0499999523162851 -2.5499999523162837 -0.65000000596046437 396.50000000000006 37.649148941040046 -6.6499998569488517
decision_type=1 10 10 2 8 2 10 10 8 8 2 2 8 2 2 8 2 10 10 8 8 10 2 8 10 10 10 2 2 2
left_child=1 24 3 4 6 -4 7 9 -9 10 -2 -6 -3 16 15 -15 -12 18 21 -19 -18 -16 25 -21 27 26 -23 -1 29 -29
right_child=2 12 5 -5 11 -7 -8 8 -10 -11 13 -13 -14 14 17 -17 20 19 -20 23 -22 22 -24 -25 -26 -27 -28 28 -30 -31
leaf_value=0.0050097802345373723 0.04591505922525712 -0.024179755124855509 -0.032904920819343084 0.0073657230612252144 -0.036633179093041014 -0.0055749531516202074 0.0082921773029533755 -0.022673129720147886 -0.0041023508361393655 0.023395748586134024 0.096775132572597719 -0.008816832587602649 -0.003333587844618516 0.00012937985614566822 0.0097650963857691189 0.24848627272400667 -0.02087203447950611 0.017625529806413118 0.02226034101059176 -0.026999825413623647 0.042335043012117157 -0.042864201883697058 -0.0040864641759761405 0.0031277694509442284 -0.012374154483394009 -0.089866883267467904 0.054361166790010997 0.061249824889446337 -0.027222059873618316 -0.00038581100138428598
leaf_weight=1553653 10024 68721 42946 359755 34435 137412 230228 88527 555380 41541 1689 125184 148534 2588 97244 1144 84456 129541 42895 22624 5163 15494 749966 129851 67174 4439 4339 4770 42891 197392
leaf_count=1553653 10024 68721 42946 359755 34435 137412 230228 88527 555380 41541 1689 125184 148534 2588 97244 1144 84456 129541 42895 22624 5163 15494 749966 129851 67174 4439 4339 4770 42891 197392
internal_value=-9.40484e-09 0.00184522 -0.00131782 -0.000608331 -0.00181532 -0.0120826 -0.000879229 -0.00194194 -0.00665554 0.000318012 -0.000418603 -0.0148177 -0.00992754 -0.000778241 0.000313045 0.0762602 -0.0151218 7.61371e-05 -0.00217354 0.00737025 -0.0172306 -0.0033762 -0.00502674 -0.00134252 0.003216 -0.0340798 -0.0215935 0.00379822 -0.00388314 0.00106848
internal_weight=5e+06 2.08314e+06 2.91686e+06 2.73651e+06 2.37675e+06 180358 2.21713e+06 1.9869e+06 643907 1.343e+06 1.30146e+06 159619 217255 1.29143e+06 1.20012e+06 3732 91308 1.19639e+06 914377 282016 89619 871482 774238 152475 1.86588e+06 24272 19833 1.79871e+06 245053 202162
internal_count=5000000 2083135 2916865 2736507 2376752 180358 2217133 1986905 643907 1342998 1301457 159619 217255 1291433 1200125 3732 91308 1196393 914377 282016 89619 871482 774238 152475 1865880 24272 19833 1798706 245053 202162
cat_boundaries=0 1
cat_threshold=14680191
is_linear=0
shrinkage=0.1


Tree=203
num_leaves=31
num_cat=4
split_feature=76 28 87 50 90 72 8 11 0 75 72 16 72 11 5 6 15 89 83 33 50 72 76 81 86 18 23 11 0 76
split_gain=1277.21 1975.23 2130.39 1962.13 1787.35 1617.51 1741.59 1590.4 2730.65 3209.39 2709.9 2613.27 2479.4 2219.64 2766.01 2551.97 2310.59 2182.91 2126.68 2111.93 2059.1 1965.81 1916.05 1887.6 1839.63 1805.42 1738.83 1625.28 2166.62 2370.9
threshold=0 1.0000000180025095e-35 1.0000000180025095e-35 0.55000001192092907 1.0000000180025095e-35 45.113349914550788 -8.6500000953674299 -0.35000000894069666 1.2500000000000002 1 41.162500381469734 3.0499999523162846 36.24749946594239 6.6499998569488534 7.4500000476837167 -1.0500000119209287 13.84999990463257 2.6499999761581425 -2.2499999999999996 1.0000000180025095e-35 2.1499999761581425 36.902500152587898 2 1.0000000180025095e-35 -2.2499999999999996 12.050000190734865 4.4500000476837167 11.650000095367433 9.2500000000000018 3
decision_type=1 8 10 8 10 2 8 8 2 1 2 10 2 10 8 8 8 10 10 10 8 2 1 10 10 8 8 10 2 1
left_child=1 2 3 -1 5 6 -5 11 9 10 23 18 -11 15 16 -10 20 22 24 -18 -15 -20 -12 -9 -2 -17 -13 28 -16 -30
right_child=7 -3 -4 4 -6 -7 -8 8 13 12 17 26 -14 14 27 25 19 -19 21 -21 -22 -23 -24 -25 -26 -27 -28 -29 29 -31
leaf_value=0.024994950387269271 -0.0039828207272371175 0.011571301119158486 0.015701977235140111 -0.045696443638260864 0.020750129314168055 0.038950786365723494 -0.0080858095551245932 -0.0065066751515425562 -0.033421184465993223 0.043943788121422356 -0.075078532962807351 0.067405126461431777 -0.00011945674644763035 -0.021316556604324747 -0.0021004940222433348 0.0067736930883767772 0.013001011968475319 0.084880897544342887 -0.0043571453460777461 -0.13713892502817385 -0.00065018224450673671 0.025453327882127522 -0.02783288569945019 -0.040135841122029822 0.017873283894540765 0.029942635638867277 0.0056685140313749716 -5.6113726860292701e-05 0.049007792436009126 0.010707946344065265
leaf_weight=19258 209888 78069 46071 12550 21892 7171 648952 174875 14902 15393 12114 11512 74943 142080 140036 419299 46862 1411 31185 956 72973 76108 29570 18452 47165 36566 7557 2387567 17782 176841
leaf_count=19258 209888 78069 46071 12550 21892 7171 648952 174875 14902 15393 12114 11512 74943 142080 140036 419299 46862 1411 31185 956 72973 76108 29570 18452 47165 36566 7557 2387567 17782 176841
internal_value=-8.46004e-09 -0.00357217 -0.00513624 -0.00648875 -0.00736674 -0.00828727 -0.00879936 0.000715079 9.30248e-05 -0.00864477 -0.0147705 0.00685204 0.00738798 0.000919199 -8.72387e-05 0.00730094 -0.009883 -0.0374471 0.00496334 0.00999934 -0.0143039 0.0167888 -0.0415879 -0.00971639 2.74152e-05 0.00863213 0.0429391 0.000858686 0.00738517 0.0142103
internal_weight=5e+06 833963 755894 709823 690565 668673 661502 4.16604e+06 3.78262e+06 326758 236422 383415 90336 3.45586e+06 2.9851e+06 470767 262871 43095 364346 47818 215053 107293 41684 193327 257053 455865 19069 2.72223e+06 334659 194623
internal_count=5000000 833963 755894 709823 690565 668673 661502 4166037 3782622 326758 236422 383415 90336 3455864 2985097 470767 262871 43095 364346 47818 215053 107293 41684 193327 257053 455865 19069 2722226 334659 194623
cat_boundaries=0 1 2 3 4
cat_threshold=245760 6662 2032 127
is_linear=0
shrinkage=0.1


Tree=204
num_leaves=31
num_cat=6
split_feature=74 76 72 76 73 29 73 13 72 29 74 73 73 11 89 83 76 76 73 0 75 75 11 12 5 11 49 73 72 74
split_gain=1212.86 1458.49 1357.7 3061.3 4802.49 2734.43 2614.11 2578.15 2710.68 4102.84 2536.24 2483.36 2359.64 2349.22 3458.21 2800.98 2585.6 2507.79 2506.47 2281.55 2172.24 2170.13 2134.53 2130.86 2080.11 2178.99 2068.15 2028.48 3212.2 2841.67
threshold=907.50000000000011 0 37.670000076293952 1 140.40999603271487 1.0000000180025095e-35 137.86834716796878 19.250000000000004 35.977499008178718 1.0000000180025095e-35 536.00000000000011 139.12249755859378 139.40080261230472 -1.2499999999999998 -3.0499999523162837 -2.8500000238418575 2 3 140.55999755859378 -4.7499999999999991 4 5 22.550000190734867 28.44999980926514 13.750000000000002 12.84999990463257 7.1499998569488534 139.29000091552737 35.225851058959968 248.50000000000003
decision_type=2 1 2 1 2 8 2 10 2 10 2 2 2 8 10 10 1 1 2 2 1 1 8 8 8 8 10 2 2 2
left_child=2 -2 3 4 5 24 -5 8 9 -8 12 -7 -4 14 15 -14 -16 21 20 -17 -19 -15 26 -20 25 27 -23 -1 -29 -30
right_child=1 -3 10 6 -6 11 7 -9 -10 -11 -12 -13 13 17 16 19 -18 18 23 -21 -22 22 -24 -25 -26 -27 -28 28 29 -31
leaf_value=-0.0050578186160290658 0.012360384025791725 -0.016924522773639792 0.019415565485371558 0.0021025811482706142 0.027980392845666197 0.0055460680542192648 0.024631840976927232 0.0018348493284799682 0.0096769544085445018 0.098655143728368394 -0.026916876996355456 0.046098532159554562 -0.0061583402420318806 -0.016885217157427166 0.058241461861783077 0.13741126645353993 0.014339519349130185 -0.022441740064186793 0.0042148280161384173 0.019403111734801373 -0.0013645946983184987 -0.0035734501445694542 -0.028136787389550263 -0.033567900996990328 -0.0012316988433183529 -0.036927205024900121 0.036697222066701396 0.068175682174357474 -0.042789384372976053 0.0085740564849000871
leaf_weight=378293 21527 80896 52943 1110039 52824 128383 88005 171931 159564 8184 39759 17114 176586 205684 16223 1729 77436 79891 583145 31249 126032 369199 34550 15319 871245 27278 13209 3519 43979 14265
leaf_count=378293 21527 80896 52943 1110039 52824 128383 88005 171931 159564 8184 39759 17114 176586 205684 16223 1729 77436 79891 583145 31249 126032 369199 34550 15319 871245 27278 13209 3519 43979 14265
internal_value=-1.62605e-08 -0.0107699 0.000225215 0.00150726 -0.00164901 -0.00270364 0.00466182 0.0113043 0.0176702 0.0309299 -0.0019371 0.010316 -0.00138014 -0.00201645 0.00597714 -0.00116225 0.0219517 -0.00371498 -2.67088e-05 0.0255901 -0.00954295 -0.00847969 -0.00433296 0.0032477 -0.00411882 -0.00950124 -0.00218244 -0.00780117 -0.024604 -0.0302096
internal_weight=5e+06 102423 4.89758e+06 3.07462e+06 1.5369e+06 1.48408e+06 1.53772e+06 427684 255753 96189 1.82295e+06 145497 1.7832e+06 1.73025e+06 303223 209564 93659 1.42703e+06 804387 32978 205923 622642 416958 598464 1.33858e+06 467334 382408 440056 61763 58244
internal_count=5000000 102423 4897577 3074623 1536900 1484076 1537723 427684 255753 96189 1822954 145497 1783195 1730252 303223 209564 93659 1427029 804387 32978 205923 622642 416958 598464 1338579 467334 382408 440056 61763 58244
cat_boundaries=0 1 2 3 4 5 6
cat_threshold=16252928 16773120 14680575 262016 62 62
is_linear=0
shrinkage=0.1


Tree=205
num_leaves=31
num_cat=9
split_feature=86 12 76 83 0 75 75 77 62 82 54 47 76 15 74 75 48 75 77 72 80 75 13 76 37 23 73 76 59 24
split_gain=1241.65 1429.17 2604.9 2490.33 2335.67 2206.46 2088.57 1968.82 2046.97 2004.12 2260.11 1743.77 1737.43 1761.56 1593.97 1550.66 2141.52 1533.98 1527.41 1517.68 1508.15 1672.5 1499.1 1459.66 1455.02 1453.97 1441.3 1422.64 1357.53 1354.48
threshold=29.94999980926514 21.44999980926514 0 18.550000190734867 22.550000190734867 1 2 21.550000190734867 1.4499999880790713 2.5499999523162846 2.5499999523162846 1.0000000180025095e-35 3 7.2500000000000009 733.00000000000011 4 2.5499999523162846 5 24.750000000000004 42.974149703979499 14.949999809265138 6 -13.15000009536743 7 1.0000000180025095e-35 15.650000095367433 140.62335205078128 8 2.8500000238418584 1.0000000180025095e-35
decision_type=10 8 1 10 2 1 1 10 8 10 10 8 1 8 2 1 10 1 8 2 8 1 8 1 8 8 2 1 8 2
left_child=1 3 4 7 -3 23 18 8 9 10 11 15 26 -14 17 -1 24 -15 -4 20 -11 -22 -21 -5 28 -7 -10 -26 -17 -6
right_child=-2 2 6 5 29 25 -8 -9 12 19 -12 -13 13 14 -16 16 -18 -19 -20 22 21 -23 -24 -25 27 -27 -28 -29 -30 -31
leaf_value=-0.0043561039213647111 0.012445670711072269 -0.049168420962100841 -0.0049693821922248997 -0.0045934179361165114 -0.012481776740135226 0.05272493984713026 -0.022807036243395244 0.01580899832170465 0.00053820462914188564 -0.022064152230645596 -0.011334054262405963 -0.013534111973723473 0.0078316088433184466 -0.0082767438603746288 -0.028994232941165123 0.0098196207615457026 -0.011621151803084515 0.003304504878014656 0.0036767723127075049 0.10042519066660277 0.046277853386146449 -0.0085990439721571211 0.00069147700854552943 0.0087569715990223843 0.021505985702823634 0.01526731021184036 -0.010142085541592176 -0.021925009541701412 -0.017982608270943282 0.01284977147179072
leaf_weight=287711 78896 16192 338416 139418 203945 11329 41168 74788 368101 128838 205971 83588 551108 140849 17991 428614 70395 608151 515633 1561 6374 42696 43661 198472 10027 121499 192396 30354 18313 23545
leaf_count=287711 78896 16192 338416 139418 203945 11329 41168 74788 368101 128838 205971 83588 551108 140849 17991 428614 70395 608151 515633 1561 6374 42696 43661 198472 10027 121499 192396 30354 18313 23545
internal_value=-9.1632e-09 -0.00019954 -0.00330511 0.000735609 -0.0124714 0.00754153 -0.000809852 -0.000231832 -0.000602476 -0.00356018 -0.00185692 0.000244276 0.00153575 0.00351886 0.00042006 0.00160658 0.00468263 0.00112659 0.00025074 -0.012224 -0.016382 -0.00146307 0.00413414 0.00324845 0.00703792 0.0184607 -0.00312785 -0.0111408 0.00868041 -0.00985999
internal_weight=5e+06 4.9211e+06 1.1389e+06 3.7822e+06 243682 470718 895217 3.31149e+06 3.2367e+06 1.3581e+06 1.13497e+06 929002 1.8786e+06 1.3181e+06 766991 845414 557703 749000 854049 223130 177908 49070 45222 337890 487308 132828 560497 40381 446927 227490
internal_count=5000000 4921104 1138899 3782205 243682 470718 895217 3311487 3236699 1358103 1134973 929002 1878596 1318099 766991 845414 557703 749000 854049 223130 177908 49070 45222 337890 487308 132828 560497 40381 446927 227490
cat_boundaries=0 1 2 3 4 5 6 7 8 9
cat_threshold=523264 752 2016 124800 1560 4102 4110 495632 12582927
is_linear=0
shrinkage=0.1


Tree=206
num_leaves=31
num_cat=7
split_feature=12 83 87 0 76 8 76 76 7 75 70 11 75 72 16 12 72 72 7 0 25 73 75 60 7 12 12 77 75 77
split_gain=1209.39 1871.26 1608.86 1780.95 1537.71 1484.16 1827.88 1404.68 2349.08 1785.32 1725.23 1977.79 3010.39 2330.38 2099.21 1545.99 1964.49 1989.64 2385.81 1669.92 1644.62 1486.62 1813.06 1379.07 1328.13 1326.01 1275.07 1241.86 2301.19 1340.16
threshold=27.250000000000004 24.050000190734867 1.0000000180025095e-35 21.94999980926514 0 29.650000572204593 1 2 25.44999980926514 3 0.65000000596046459 15.750000000000002 4 35.059200286865241 18.94999980926514 1.2500000000000002 40.354150772094734 42.731649398803718 13.449999809265138 -2.4500000476837154 1.2500000000000002 131.59835052490237 5 3.4500000476837163 24.250000000000004 30.050000190734867 22.250000000000004 14.84999990463257 6 19.550000190734867
decision_type=10 10 10 2 1 8 1 1 10 1 8 8 1 2 10 8 2 2 8 2 8 2 1 10 8 10 10 10 1 10
left_child=1 7 5 -4 -3 6 -2 8 9 -1 -9 14 13 -13 27 19 20 -18 -19 -11 -17 -14 -23 -15 -8 -26 -6 -12 29 -29
right_child=2 4 3 -5 26 -7 24 10 -10 15 11 12 21 23 -16 16 17 18 -20 -21 -22 22 -24 -25 25 -27 -28 28 -30 -31
leaf_value=0.0072533625397724873 -0.0015102158725364293 0.023479401890203918 -0.11698233108127608 -0.022867427219192521 0.011528289898134439 0.0062789828069197764 -0.066422964591861519 -0.0061490759144441033 0.035684960649809215 0.0028793978935169719 0.00027231508958973724 -0.01543834733234219 0.0075836175510826404 -0.040663877364860712 0.021716156896104288 -0.0023296720606940514 -0.040979174751847397 -0.025835205417103324 0.020098331710196905 0.040218785397057005 0.032586290322266107 0.0031295506584213791 -0.0076015054806175923 -0.11486876951809151 -0.011610233261476047 -0.049632902496839666 -0.0011826401437912118 0.020810611197108204 0.0026680248817488629 0.068397937093895023
leaf_weight=417237 129695 50394 2293 16328 146426 93843 5891 563799 21949 44341 1689116 67555 131790 8014 51052 296599 26294 26935 19490 16410 14133 237389 467495 3643 63584 10718 171177 41188 158311 6911
leaf_count=417237 129695 50394 2293 16328 146426 93843 5891 563799 21949 44341 1689116 67555 131790 8014 51052 296599 26294 26935 19490 16410 14133 237389 467495 3643 63584 10718 171177 41188 158311 6911
internal_value=-6.38522e-09 0.000408265 -0.00592443 -0.0344568 0.00725293 -0.00417518 -0.00884934 -0.000176194 0.00337929 0.0025562 -0.00109291 -9.70334e-05 -0.00392912 -0.0225605 0.00170601 -0.00185594 -0.00420418 -0.019 -0.00655153 0.0129655 -0.000741592 -0.00216491 -0.00398759 -0.0638541 -0.020716 -0.017095 0.00467739 0.00116708 0.00848917 0.0276423
internal_weight=5e+06 4.67765e+06 322352 18621 367997 303731 209888 4.30965e+06 883388 861439 3.42626e+06 2.86246e+06 915886 79212 1.94658e+06 444202 383451 72719 46425 60751 310732 836674 704884 11657 80193 74302 317603 1.89553e+06 206410 48099
internal_count=5000000 4677648 322352 18621 367997 303731 209888 4309651 883388 861439 3426263 2862464 915886 79212 1946578 444202 383451 72719 46425 60751 310732 836674 704884 11657 80193 74302 317603 1895526 206410 48099
cat_boundaries=0 1 2 3 4 5 6 7
cat_threshold=15729039 8956 8388623 7968 6158 384 6158
is_linear=0
shrinkage=0.1


Tree=207
num_leaves=31
num_cat=6
split_feature=0 12 72 76 4 75 0 0 23 8 80 76 48 11 82 83 76 73 76 77 88 80 84 23 15 63 23 89 72 76
split_gain=1141.27 1264.39 2136.13 2117.86 2048.22 1833.07 1645.98 1661.14 2892.96 1700.7 1621.3 1899.9 1523.14 1395.95 2432.12 2189.71 2178.46 2132.04 2125.26 2020.41 1780.88 1623.59 1514.28 1546.04 1417.37 1556.93 1652.25 1559.43 1412.35 1409.48
threshold=32.350000381469734 23.650000572204593 30.90164947509766 0 23.550000190734867 1 25.250000000000004 13.34999990463257 12.050000190734865 24.44999980926514 21.250000000000004 2 3.4500000476837163 4.0499999523162851 3.0499999523162846 3.6499999761581425 3 132.18415069580081 4 6.8500001430511483 4.1499998569488534 -1.5500000119209287 1.0000000180025095e-35 -0.65000000596046437 7.8500001430511483 3.4500000476837163 -10.15000009536743 1.0500000119209292 33.70579910278321 5
decision_type=2 10 2 1 8 1 2 2 10 8 10 1 10 8 10 10 1 2 1 10 10 8 10 10 10 10 8 10 2 1
left_child=1 2 -1 4 -3 -5 7 -7 9 -9 13 -12 -6 15 20 19 22 -16 -19 24 29 -20 23 -17 25 26 -4 -28 -23 -15
right_child=-2 3 10 5 12 6 -8 8 -10 -11 11 -13 -14 14 17 16 -18 18 21 -21 -22 28 -24 -25 -26 -27 27 -29 -30 -31
leaf_value=0.015483397234681943 0.018219199952250974 -0.07300758022965563 0.017484142254947942 0.0011051916237578383 -0.021933426844748471 0.019742340911790304 0.018577911395943159 -0.12360564702777649 -0.01612293376493578 0.0073008512702023359 0.0019509148215185114 0.018390087416982167 0.00099376514998579242 -0.0032868596214213927 -0.028501575620090244 0.063624182055107115 0.032785164467994531 0.0077922388452491944 -0.14176451616542149 0.022871090826446439 -0.01189934378063065 0.036124817248769141 0.052283287539171788 0.0036107684393207394 0.030051192087518885 0.0067996398542255355 -0.0079721811955364829 0.0041579148089474242 -0.012230770415517483 0.0020463636772459761
leaf_weight=93889 34147 5930 34663 532014 72845 11729 15590 4046 101602 1315 233404 100601 48115 751158 50184 4402 39521 79222 951 38060 128040 6223 7074 172782 14708 183260 432432 140391 205564 1456138
leaf_count=93889 34147 5930 34663 532014 72845 11729 15590 4046 101602 1315 233404 100601 48115 751158 50184 4402 39521 79222 951 38060 128040 6223 7074 172782 14708 183260 432432 140391 205564 1456138
internal_value=-2.62448e-10 -0.000125282 0.000570422 -0.00378513 -0.0156254 -0.00153001 -0.0119698 -0.0159832 -0.0199006 -0.0914956 0.000227142 0.00690294 -0.0128135 -0.000368288 -0.00158728 0.00268976 0.0114838 -0.00946136 -0.0061886 0.000356756 -0.000433671 -0.0113948 0.00691277 0.00510176 -0.00070711 -0.00127922 -0.00371636 -0.00499926 -0.0108099 0.000231426
internal_weight=5e+06 4.96585e+06 4.17267e+06 793186 126890 666296 134282 118692 106963 5361 4.07878e+06 334005 120960 3.74477e+06 2.67748e+06 1.06729e+06 223779 342144 291960 843514 2.33534e+06 212738 184258 177184 805454 790746 607486 572823 211787 2.2073e+06
internal_count=5000000 4965853 4172667 793186 126890 666296 134282 118692 106963 5361 4078778 334005 120960 3744773 2677480 1067293 223779 342144 291960 843514 2335336 212738 184258 177184 805454 790746 607486 572823 211787 2207296
cat_boundaries=0 1 2 3 4 5 6
cat_threshold=522240 1920 522240 523264 4063238 2067968
is_linear=0
shrinkage=0.1


Tree=208
num_leaves=31
num_cat=5
split_feature=77 79 72 73 72 76 72 73 73 72 76 76 74 86 16 76 85 78 81 25 30 28 24 49 11 75 74 56 51 84
split_gain=1157.2 1549.88 1871.15 1932.36 3380.6 2837.12 2307.2 2256.01 2325.39 1954.68 1838.96 1763.38 2096.68 2028.86 1685.36 1675.49 2874.83 2214.27 2217.27 2454.41 2473.34 2767.8 2221.17 2081.51 2482.76 2377.28 2314.63 1960.78 2099.88 1791.25
threshold=27.650000572204593 0.84999999403953563 32.826700210571296 133.94165039062503 34.909999847412116 0 36.173299789428718 132.01335144042972 132.18415069580081 33.817499160766609 1 2 37.500000000000007 2.8500000238418584 -3.4500000476837154 3 5.2500000000000009 1.0000000180025095e-35 1.0000000180025095e-35 1.0000000180025095e-35 1.0000000180025095e-35 1.0000000180025095e-35 1.0000000180025095e-35 1.6500000357627871 18.150000572204593 4 15.500000000000002 4.2500000000000009 1.4499999880790713 1.0000000180025095e-35
decision_type=10 10 2 2 2 1 2 2 2 2 1 1 2 10 10 1 10 10 10 10 10 10 2 8 8 1 2 10 8 8
left_child=1 15 -3 6 9 14 7 -4 -9 10 -5 -11 13 -13 -6 16 17 18 19 20 21 22 23 25 27 -1 -27 28 -25 -19
right_child=-2 2 3 4 5 -7 -8 8 -10 11 -12 12 -14 -15 -16 -17 -18 29 -20 -21 -22 -23 -24 24 -26 26 -28 -29 -30 -31
leaf_value=-0.0004924195020988869 0.0081782147440575877 0.0062727938349573555 -0.0039690829843147648 0.010565785042856282 0.019828931944135125 -0.0073337265139714449 0.061326610018789585 -0.064073697753442391 -0.017061409019746548 0.0025429175598567825 -0.077623815018041192 -0.023466205149221479 0.043023789595588412 0.022783782228829409 0.0003215629592393337 -0.0014135302477414461 -0.022688903230166181 -0.023063529460151597 -0.016436442161595465 -0.022069369183421172 -0.013513586273998441 -0.027324061735312197 -0.041667823345998195 0.0080340861352834712 0.0045185240708008178 -0.0049855272167098471 0.013594922503019455 0.0025156775250375967 0.032747804515288498 0.00041661511213223845
leaf_weight=325043 167232 222148 179019 4849 48899 800456 4419 11448 129989 69183 4606 12740 34532 37121 469776 1286816 40812 49025 44549 29880 56517 21909 8743 46355 133289 80217 408322 42674 133099 96333
leaf_count=325043 167232 222148 179019 4849 48899 800456 4419 11448 129989 69183 4606 12740 34532 37121 469776 1286816 40812 49025 44549 29880 56517 21909 8743 46355 133289 80217 408322 42674 133099 96333
internal_value=1.19109e-08 -0.000282985 -0.00238796 -0.00345267 -0.00192168 -0.00360064 -0.0104374 -0.011427 -0.0208666 0.0116633 -0.0324667 0.0143802 0.0240808 0.0109664 0.00216061 0.00124056 0.00349226 0.00421622 0.00549641 0.00625617 0.00692994 0.00789306 0.00854819 0.00892376 0.0153081 0.00613475 0.0105438 0.0217824 0.026364 -0.00750255
internal_weight=5e+06 4.83277e+06 2.02918e+06 1.80704e+06 1.48216e+06 1.31913e+06 324875 320456 141437 163031 9455 153576 84393 49861 518675 2.80358e+06 1.51677e+06 1.47596e+06 1.3306e+06 1.28605e+06 1.25617e+06 1.19965e+06 1.17774e+06 1.169e+06 355417 813582 488539 222128 179454 145358
internal_count=5000000 4832768 2029185 1807037 1482162 1319131 324875 320456 141437 163031 9455 153576 84393 49861 518675 2803583 1516767 1475955 1330597 1286048 1256168 1199651 1177742 1168999 355417 813582 488539 222128 179454 145358
cat_boundaries=0 1 2 3 4 5
cat_threshold=16515087 15728895 14680319 12584447 7186
is_linear=0
shrinkage=0.1


Tree=209
num_leaves=31
num_cat=6
split_feature=83 11 17 72 76 75 74 2 5 11 86 82 73 72 28 72 72 76 73 76 13 73 72 76 83 23 77 76 73 73
split_gain=1209.07 1900.83 2038.95 1584.28 2516.57 2038.54 1813.62 1604.02 1584 1912.28 1597.22 1572.21 1555.94 2787.4 2696.77 2110.27 2684.88 3685.98 2003.45 2448.17 1595.29 1580.13 1572.42 2512.19 1546.59 1777.17 1585.77 1534.68 1524.87 1492.34
threshold=-13.249999999999998 -5.9500000476837149 -1.2499999999999998 41.927499771118171 0 1 118.00000000000001 15.449999809265138 6.8500001430511483 9.4499998092651385 16.250000000000004 2.2500000000000004 135.22000122070315 35.808349609375007 1.0000000180025095e-35 33.951650619506843 35.73249816894532 2 136.15579986572268 3 16.349999427795414 136.39334869384768 34.187500000000007 4 -0.15000000223517415 -10.15000009536743 1.0500000119209292 5 130.66835021972659 144.11249542236331
decision_type=8 8 10 2 1 1 2 10 8 10 8 10 2 2 8 2 2 1 2 1 10 2 2 1 10 8 10 1 2 2
left_child=-1 2 24 6 8 7 12 -6 29 -10 -11 27 15 14 22 -3 -17 -18 19 20 -15 -16 23 -14 25 -2 -27 -8 -13 -5
right_child=1 3 -4 4 5 -7 11 -9 9 10 -12 28 13 18 21 16 17 -19 -20 -21 -22 -23 -24 -25 -26 26 -28 -29 -30 -31
leaf_value=-0.02979786832190064 0.035036085358140276 0.0029041548455386035 0.082866621776603894 -0.010773296248949321 -0.014364620629514772 -0.0039735982752907928 0.0048027285549943136 -0.049093555382442138 0.033865797501444701 -0.0054916855802562827 0.013624331959663583 -0.095963344805078107 0.060672046174624628 0.18533678129221265 0.007033716723591381 -0.0084763578000065457 0.076170450210844065 -0.010820770737888959 0.0011994487627068574 -0.0033093802673208501 0.044282234058394029 0.051545212765721431 0.0070616563496456444 0.0019967230489270535 0.044856492709937502 -0.0023255892122425958 0.077344759755361106 -0.0026395760393289574 -0.0085915483951598936 0.018959484594339947
leaf_weight=13580 17686 650345 3999 106437 162458 340322 378490 14485 25414 83515 91703 2014 14534 1707 11711 357259 9079 10496 921885 3358 1512 25002 345212 14657 11559 80821 2578 1034036 244083 20063
leaf_count=13580 17686 650345 3999 106437 162458 340322 378490 14485 25414 83515 91703 2014 14534 1707 11711 357259 9079 10496 921885 3358 1512 25002 345212 14657 11559 80821 2578 1034036 244083 20063
internal_value=-4.02545e-09 8.11474e-05 0.0126966 -0.000221023 -0.00415916 -0.00850053 0.000605074 -0.0172066 0.00270563 0.00823109 0.00451297 -0.00193048 0.00238199 0.00462721 0.0114823 -0.00054608 -0.00650054 0.0295597 0.00159181 0.0565879 0.118713 0.0373466 0.00894616 0.0312322 0.0102055 0.00624313 0.000137152 -0.000645376 -0.00930658 -0.00605765
internal_weight=5e+06 4.98642e+06 116643 4.86978e+06 844397 517265 4.02538e+06 176943 327132 200632 175218 1.65862e+06 2.36676e+06 1.33958e+06 411116 1.02718e+06 376834 19575 928462 6577 3219 36713 374403 29191 112644 101085 83399 1.41253e+06 246097 126500
internal_count=5000000 4986420 116643 4869777 844397 517265 4025380 176943 327132 200632 175218 1658623 2366757 1339578 411116 1027179 376834 19575 928462 6577 3219 36713 374403 29191 112644 101085 83399 1412526 246097 126500
cat_boundaries=0 1 2 3 4 5 6
cat_threshold=16515079 4150 2096128 2096640 8386560 8388655
is_linear=0
shrinkage=0.1


Tree=210
num_leaves=31
num_cat=6
split_feature=12 0 76 23 86 83 62 53 48 74 0 72 76 5 76 8 12 13 73 77 17 76 49 75 12 74 15 75 1 12
split_gain=1249.34 1943.1 2342.53 1588.97 2020.7 1518.01 1493.96 1608.38 2576.2 1825.48 1479.69 1765.05 1461.06 1864.12 1605.82 1470.83 1481.98 1442.53 1314.99 1295.77 1429.97 1316.93 1294.29 1276.76 1271.75 1251.52 1242.42 1694.94 1624.32 1585.36
threshold=26.150000572204593 24.550000190734867 0 23.750000000000004 21.750000000000004 28.050000190734867 1.3499999642372134 2.3500000238418584 2.7500000000000004 16.500000000000004 -5.8500001430511466 36.704999923706062 1 28.050000190734867 2 28.250000000000004 29.050000190734867 17.44999980926514 142.50080108642581 15.449999809265138 9.8499999046325701 3 1.8499999642372134 4 22.150000572204593 143.50000000000003 -8.6500000953674299 5 -12.849999904632567 12.650000095367433
decision_type=10 2 1 10 10 8 10 10 10 2 2 2 1 8 1 8 10 10 2 10 8 1 8 1 10 2 8 1 10 8
left_child=1 3 5 4 6 -3 7 8 9 23 -9 19 15 14 -14 -2 -17 -5 -19 21 -21 -12 -10 -1 -7 -26 28 -28 -8 -29
right_child=12 2 -4 17 -6 24 26 10 22 -11 11 -13 13 -15 -16 16 -18 18 -20 20 -22 -23 -24 -25 25 -27 27 29 -30 -31
leaf_value=0.02161202915103197 -0.0045875909952297336 -0.0050596572243910964 0.022886260854340566 0.012428005852892346 0.01068240929926513 0.017778398216321861 -0.045973131098564879 -0.04978708865273973 -0.034736490120372519 -0.0006879154491045696 -0.028847588915227464 -0.00041004717305936678 -0.013469191746759738 -0.0014730996666146847 -0.042145802758208513 0.056996163568589303 0.0078897087216065285 -0.01140681567934362 -0.063193414676086329 0.05559664207121498 -0.0052660724246821732 -0.0092144244195454857 -0.0092355294857500679 0.00081703389018667871 0.0086631102651695806 -0.013291699553481143 -0.0067454147171260789 0.0047503366486739496 0.03359842987202704 -0.00086640773018277029
leaf_weight=67088 170192 129746 75866 25826 177451 89045 2919 8520 24113 887703 69069 170870 82075 102811 25630 6849 59842 146578 5073 4437 29702 67662 113994 52739 87058 36999 243664 1058810 21178 956491
leaf_count=67088 170192 129746 75866 25826 177451 89045 2919 8520 24113 887703 69069 170870 82075 102811 25630 6849 59842 146578 5073 4437 29702 67662 113994 52739 87058 36999 243664 1058810 21178 956491
internal_value=2.0957e-08 0.000495554 0.00698696 -0.000161949 0.000253292 0.00346797 -0.000236435 -0.00269279 -0.000879719 0.000875961 -0.00862303 -0.00759676 -0.00504238 -0.011104 -0.0202984 0.000345014 0.0129328 -0.0094187 -0.0131392 -0.0147835 0.00264417 -0.0191348 -0.0136879 0.0124615 0.00866013 0.00211527 0.00137301 0.00113207 0.0239595 0.00208454
internal_weight=5e+06 4.5526e+06 418714 4.13389e+06 3.95641e+06 342848 3.77896e+06 1.4959e+06 1.14564e+06 1.00753e+06 350260 341740 447399 210516 107705 236883 66691 177477 151651 170870 34139 136731 138107 119827 213102 124057 2.28306e+06 2.25896e+06 24097 2.0153e+06
internal_count=5000000 4552601 418714 4133887 3956410 342848 3778959 1495897 1145637 1007530 350260 341740 447399 210516 107705 236883 66691 177477 151651 170870 34139 136731 138107 119827 213102 124057 2283062 2258965 24097 2015301
cat_boundaries=0 1 2 3 4 5 6
cat_threshold=523264 127 8396672 1949713 6158 2
is_linear=0
shrinkage=0.1


Tree=211
num_leaves=31
num_cat=4
split_feature=12 90 14 83 13 12 80 89 0 23 76 7 75 72 72 86 11 16 76 15 75 74 61 20 12 5 1 23 74 49
split_gain=1232.29 1499.5 1430.8 1281.74 1376.48 1327.51 2854.9 2695.03 2655.22 2582.68 2147.13 3607.77 2322.38 2729.54 2291.65 2120.8 2304.46 2415.11 2053.36 1949.61 1785.82 1782.82 1677.94 1613.53 1795.84 2306.68 1609.72 1594.3 1533.45 1441.96
threshold=29.44999980926514 1.0000000180025095e-35 32.049999237060554 24.349999427795414 32.049999237060554 12.250000000000002 8.8499999046325701 7.2500000000000009 7.4500000476837167 4.6499998569488534 0 12.050000190734865 1 35.578300476074226 43.175001144409187 9.4499998092651385 1.2500000000000002 3.8500000238418584 2 13.650000095367433 3 1099.0000000000002 3.9500000476837163 11.250000000000002 15.650000095367433 15.84999990463257 7.6499998569488534 13.449999809265138 249.50000000000003 1.5500000119209292
decision_type=10 10 10 10 8 8 10 10 2 8 1 8 1 2 2 10 8 10 1 10 1 2 10 8 10 8 8 10 2 8
left_child=3 2 -2 5 -5 6 7 15 28 -9 11 -7 13 -12 23 16 17 22 19 29 -10 -14 -1 -13 -25 -26 -17 -15 -8 -18
right_child=1 -3 -4 4 -6 10 8 9 20 -11 12 14 21 27 -16 26 18 -19 -20 -21 -22 -23 -24 24 25 -27 -28 -29 -30 -31
leaf_value=-0.0019273809313456694 -0.012983651727365564 -0.059245888189271026 0.0098708753143647923 0.005431844718962648 0.19196095084489387 -0.039563758369692545 0.079020361016485977 0.032278777291164407 0.02353006454513799 0.0048369327670904627 -0.010389216665970348 -0.085365642591694088 0.0011015416363914711 -0.058371651576189953 -0.026462244519985217 0.055688318863004065 -0.024323376206809036 0.027546305682163649 -0.0029286221660132635 0.02127197277849328 0.0046136970880941187 -0.040997344160971304 0.012524137466026698 0.0067360972840932792 -0.035339089990052697 -0.0044045158090262387 0.0096140720155735229 -0.22438479643777753 0.015520095273272916 -0.0084749311105109821
leaf_weight=505101 104374 5712 37140 411297 396 32213 8328 39067 59135 280829 64990 2387 1503746 7929 46561 8821 110788 34587 582925 14852 319648 10127 95540 140507 25802 366399 54024 624 6999 119152
leaf_count=505101 104374 5712 37140 411297 396 32213 8328 39067 59135 280829 64990 2387 1503746 7929 46561 8821 110788 34587 582925 14852 319648 10127 95540 140507 25802 366399 54024 624 6999 119152
internal_value=7.83606e-09 -0.00901311 -0.00698554 0.000273452 0.00561126 -0.000221368 0.00149262 -0.000157138 0.00921874 0.00818824 -0.00196535 -0.00698754 -2.31705e-05 -0.0173758 -0.00518354 -0.00190682 -0.00267955 0.00185095 -0.00615646 -0.0138423 0.00756763 0.000819917 0.000371327 -0.00333198 -0.0029644 -0.00643963 0.0160811 -0.0704834 0.0500233 -0.0161109
internal_weight=5e+06 147226 141514 4.85277e+06 411693 4.44108e+06 2.2398e+06 1.84569e+06 394110 319896 2.20128e+06 613869 1.58742e+06 73543 581656 1.52579e+06 1.46294e+06 635228 827717 244792 378783 1.51387e+06 600641 535095 532708 392201 62845 8553 15327 229940
internal_count=5000000 147226 141514 4852774 411693 4441081 2239796 1845686 394110 319896 2201285 613869 1587416 73543 581656 1525790 1462945 635228 827717 244792 378783 1513873 600641 535095 532708 392201 62845 8553 15327 229940
cat_boundaries=0 1 2 3 4
cat_threshold=523264 4102 788416 198
is_linear=0
shrinkage=0.1


Tree=212
num_leaves=31
num_cat=4
split_feature=91 48 69 49 12 86 89 0 83 23 89 5 75 76 1 13 3 62 76 50 59 55 35 74 76 53 48 74 48 73
split_gain=1096.17 1330.75 1180.21 1824.52 1394.52 2148.92 2007.02 1655.89 1633.35 1687.24 2044.82 1705.45 1588.83 1521.8 1426.68 1397.54 1345.43 1293.17 1279.3 1306.22 2199.21 1621.91 1273.56 1269.47 1230.92 1214.4 1624.21 1512.58 1128.11 1393.15
threshold=0.35000000894069677 1.8499999642372134 0.45000000298023229 0.55000001192092907 20.250000000000004 18.44999980926514 23.94999980926514 15.34999990463257 19.250000000000004 15.050000190734865 14.949999809265138 8.0500001907348651 0 1 12.650000095367433 24.94999980926514 20.150000572204593 1.3499999642372134 2 1.4499999880790713 2.0499999523162846 1.4499999880790713 1.0000000180025095e-35 180.00000000000003 3 2.5499999523162846 3.0499999523162846 16.500000000000004 3.1499999761581425 143.05250549316409
decision_type=8 10 8 10 10 10 8 2 10 10 10 8 1 1 10 8 10 8 1 8 8 8 8 2 1 10 10 2 8 2
left_child=1 -1 3 -2 5 8 13 -7 9 10 17 -11 24 28 23 16 -15 25 19 20 22 -21 -19 -12 -9 26 27 -4 29 -6
right_child=2 -3 4 -5 6 7 -8 12 -10 11 14 -13 -14 15 -16 -17 -18 18 -20 21 -22 -23 -24 -25 -26 -27 -28 -29 -30 -31
leaf_value=0.0023757363870822129 0.0030991145401819647 0.018338637180083713 0.01609334605155496 -0.0089182119157077133 -0.00066602502937472422 0.063357903654310377 0.00024360750280654124 -0.013979851475227539 0.011595313595673538 -0.026554004538034189 0.084321542854561338 -0.0038597035627662051 0.013565057985457919 -0.043411929543135087 0.011383486263546329 -0.062382545626662449 -0.0107246618960836 0.00094099223473659982 0.0039336715224134646 -0.01638469345779657 -0.03559555696885932 0.0055668569793939212 -0.055626887495961369 0.013435496941478099 0.0064184056087961509 -0.011131397914374473 -0.016254967543107599 -0.0010704928036630735 -0.019313446807121055 -0.0386917183254483
leaf_weight=252301 194330 65856 59035 361088 235385 5485 757103 45087 123752 35882 5415 429169 200117 14997 77610 6970 78531 59945 1003191 42558 30041 160961 4263 4736 85985 149534 60688 394106 45833 10046
leaf_count=252301 194330 65856 59035 361088 235385 5485 757103 45087 123752 35882 5415 429169 200117 14997 77610 6970 78531 59945 1003191 42558 30041 160961 4263 4736 85985 149534 60688 394106 45833 10046
internal_value=1.20943e-08 0.00567993 -0.00038597 -0.00471358 0.000196528 0.00133843 -0.00276299 0.00886244 0.000379231 -0.000172195 0.00106031 -0.00561073 0.00795991 -0.00857341 0.0159946 -0.0191833 -0.015966 0.000393079 0.00222525 -0.00353051 -0.0132633 0.000976553 -0.00281475 0.0512493 -0.000598851 -0.00320009 -0.000891928 0.0011656 -0.00491174 -0.0022225
internal_weight=5e+06 318157 4.68184e+06 555418 4.12642e+06 2.97756e+06 1.14886e+06 336674 2.64089e+06 2.51713e+06 2.05208e+06 465051 331189 391762 87761 100498 93528 1.96432e+06 1.30096e+06 297768 94249 203519 64208 10151 131072 663363 513829 453141 291264 245431
internal_count=5000000 318157 4681843 555418 4126425 2977560 1148865 336674 2640886 2517134 2052083 465051 331189 391762 87761 100498 93528 1964322 1300959 297768 94249 203519 64208 10151 131072 663363 513829 453141 291264 245431
cat_boundaries=0 1 2 3 4
cat_threshold=96 12583423 51072 491547
is_linear=0
shrinkage=0.1


Tree=213
num_leaves=31
num_cat=7
split_feature=9 12 75 14 73 80 76 5 48 27 76 50 82 12 80 75 73 48 72 91 73 75 88 73 72 72 76 89 59 75
split_gain=1075.56 1613.13 1220.01 1180.63 1123.61 1113.17 1260.8 3123.27 3172.3 1964.84 4396.87 3459.65 1862.8 1748.33 2124.99 2034.8 1799.07 1671.76 1648.98 3230.48 2307.84 2411.99 2785.41 2833.71 3923.61 2437.51 1694.76 2181.49 1644.29 1604.08
threshold=34.049999237060554 29.44999980926514 0 33.049999237060554 140.62335205078128 28.849999427795414 1 25.750000000000004 7.7500000000000009 1.0000000180025095e-35 2 1.6500000357627871 5.1499998569488534 17.250000000000004 18.650000572204593 3 145.49250030517581 1.8499999642372134 44.025800704956062 3.6499999761581425 143.25830078125003 4 1.3499999642372134 144.46170043945315 43.063348770141609 43.652500152587898 5 -6.1499998569488517 7.1499998569488534 6
decision_type=8 8 1 10 2 10 1 8 10 8 1 8 10 8 10 1 2 8 2 10 2 1 8 2 2 2 1 8 10 1
left_child=1 3 -3 5 -4 6 7 8 12 13 -11 -12 -1 14 16 -16 18 -13 20 29 28 -22 -23 25 -25 26 -24 -28 -8 -20
right_child=-2 2 4 -5 -6 -7 9 -9 -10 10 11 17 -14 -15 15 -17 -18 -19 19 -21 21 22 23 24 -26 -27 27 -29 -30 -31
leaf_value=0.0022279973560046526 0.028323989950563767 -0.063693808557093681 -0.0065210316257233048 0.10656078033771686 -0.042206953006030543 0.010864431296625279 -0.0020448199027492844 0.020295132687123383 -0.028398581151682142 -0.023093071252008948 -0.0015082665043336942 0.0022294577643568176 -0.016156364128764585 -0.0063172299161422824 0.046844361197752052 0.0068308037303413151 0.075451926269985967 0.028759876649925249 -0.018469141915965187 0.047064718127789562 0.01244663301117134 0.012724137499002029 -0.024126058947740718 0.11996244845700244 -0.019462216122329411 -0.018952550282817629 -0.20697948861115797 -0.074572671752010447 0.020177741651067175 0.013340585601242367
leaf_weight=1762672 13371 4197 126439 1044 9485 96063 1375358 88564 35818 42589 108298 30974 56894 745404 13828 155933 3019 101853 25767 19811 22429 16307 6374 2195 25087 15829 1338 17772 34122 41166
leaf_count=1762672 13371 4197 126439 1044 9485 96063 1375358 88564 35818 42589 108298 30974 56894 745404 13828 155933 3019 101853 25767 19811 22429 16307 6374 2195 25087 15829 1338 17772 34122 41166
internal_value=1.28745e-08 -7.59342e-05 -0.0106537 0.000229887 -0.00901059 0.000206977 -8.58413e-06 0.00194874 0.00107301 -0.00136485 0.00652506 0.0117569 0.00165316 -0.00225253 -0.000546855 0.0100933 -0.00167116 0.0225732 -0.00181636 0.0115931 -0.00258323 -0.0167185 -0.0244218 -0.033256 -0.00824467 -0.0497728 -0.0689164 -0.0837994 -0.00150684 0.00109412
internal_weight=5e+06 4.98663e+06 140121 4.84651e+06 135924 4.84546e+06 4.7494e+06 1.94395e+06 1.85538e+06 2.80545e+06 283714 241125 1.81957e+06 2.52174e+06 1.77634e+06 169761 1.60657e+06 132827 1.60356e+06 86744 1.51681e+06 107331 84902 68595 27282 41313 25484 19110 1.40948e+06 66933
internal_count=5000000 4986629 140121 4846508 135924 4845464 4749401 1943948 1855384 2805453 283714 241125 1819566 2521739 1776335 169761 1606574 132827 1603555 86744 1516811 107331 84902 68595 27282 41313 25484 19110 1409480 66933
cat_boundaries=0 1 2 3 4 5 6 7
cat_threshold=3128 14680255 320 6158 960 1856 796
is_linear=0
shrinkage=0.1


Tree=214
num_leaves=31
num_cat=7
split_feature=11 16 76 0 86 89 76 0 51 31 75 5 9 6 12 88 12 0 75 16 48 75 74 72 76 0 23 7 76 78
split_gain=1109.41 2552.45 2509.77 2129.3 2826.85 2477.91 2328.95 2089.35 3655.42 2736.39 2210.02 2058.55 1828.23 1804.14 1771.77 1725.74 1709.37 1914.68 1728.24 1697.62 1687.15 1675.53 2125.55 1875.43 2105.29 1564.94 1711.87 1546.16 1889.45 1532.06
threshold=-3.5499999523162837 -0.25000000745058054 0 -7.5499999523162833 -6.4500000476837149 -6.1499998569488517 1 -2.7499999999999996 2.2500000000000004 1.0000000180025095e-35 2 -12.949999809265135 -7.5499999523162833 -10.249999999999998 1.6500000357627871 5.1499998569488534 2.8500000238418584 12.84999990463257 3 -5.8500001430511466 3.7500000000000004 4 396.50000000000006 37.095001220703132 5 4.6499998569488534 -4.6499998569488517 -4.2499999999999991 6 1.0000000180025095e-35
decision_type=8 10 1 2 10 10 1 2 8 8 1 8 8 10 10 10 10 2 1 10 10 1 2 2 1 2 8 8 1 8
left_child=1 3 -3 4 5 13 11 8 9 10 -2 -5 -8 19 -10 25 17 27 -19 -1 -20 22 23 24 -18 26 -13 28 -9 -28
right_child=7 2 -4 6 -6 -7 12 16 14 -11 -12 15 -14 -15 -16 -17 21 18 20 -21 -22 -23 -24 -25 -26 -27 29 -29 -30 -31
leaf_value=-0.020936352413676997 -0.012617954716276719 0.11294031735895327 -0.0049880965113905931 -0.058781543156953976 0.059665889545555129 0.059657256739322539 0.082516022790575738 -0.075807537133432953 -0.029843404158967732 -0.076153303660654911 0.019709772712747133 0.020161014279969768 0.022376195243907979 -0.038313736151913018 -0.092481338706046121 0.053952300936229713 0.0055973917986429445 0.089454987633076022 0.0055915303358248722 0.038571380891465133 0.068682563171388752 0.00015674945547062367 -0.026632263727615908 -0.016279306143554925 -0.0077696684408368327 0.039473182097640391 -0.0144474048173025 0.0045053483839599595 0.015418846657505661 0.037583919550569132
leaf_weight=14057 45277 4369 3077 5097 5193 3885 5788 5284 34897 4669 39662 27011 39905 31463 5187 7089 230697 4224 18413 7275 5506 3445003 44204 100439 240803 10565 61170 539580 3975 6236
leaf_count=14057 45277 4369 3077 5097 5193 3885 5788 5284 34897 4669 39662 27011 39905 31463 5187 7089 230697 4224 18413 7275 5506 3445003 44204 100439 240803 10565 61170 539580 3975 6236
internal_value=1.60605e-09 0.00675007 0.0643523 0.00484157 -0.0109506 -0.0174205 0.0108412 -0.000328709 -0.0128474 -0.00161886 0.00247821 0.00337168 0.0299876 -0.0230923 -0.037949 0.00619872 2.13415e-05 0.00511453 0.0305538 -0.000642017 0.0201063 -0.000702266 -0.00550514 -0.00387237 -0.00122944 0.00297412 -0.00111003 0.00381007 -0.0367082 -0.00963378
internal_weight=5e+06 232180 7446 224734 61873 56680 162861 4.76782e+06 129692 89608 84939 117168 45693 52795 40084 112071 4.63813e+06 576982 28143 21332 23919 4.06115e+06 616143 571939 471500 104982 94417 548839 9259 67406
internal_count=5000000 232180 7446 224734 61873 56680 162861 4767820 129692 89608 84939 117168 45693 52795 40084 112071 4638128 576982 28143 21332 23919 4061146 616143 571939 471500 104982 94417 548839 9259 67406
cat_boundaries=0 1 2 3 4 5 6 7
cat_threshold=992 1047552 6146 902 14 8188 63488
is_linear=0
shrinkage=0.1


Tree=215
num_leaves=31
num_cat=6
split_feature=12 0 76 86 48 75 72 76 71 11 86 50 75 75 90 28 72 73 25 72 19 11 75 51 59 12 0 6 89 41
split_gain=1023.49 2398.34 1672.43 1618.57 1416.08 1715.12 1346.59 2080.1 1491.92 1895.61 1824.82 1818.68 1701.5 1463.86 1421.55 1676.4 1534.98 2162.36 1525.48 1465.23 1580.39 1390.86 1402.56 1609.33 1756.29 1564.98 1359.75 1941.72 1714.62 1364.16
threshold=-8.6500000953674299 -12.849999904632567 0 -9.1500000953674299 3.7500000000000004 1 41.927499771118171 2 0.65000000596046459 21.150000572204593 19.849999427795414 0.55000001192092907 3 4 1.0000000180025095e-35 1.0000000180025095e-35 43.579198837280281 142.79664611816409 1.0000000180025095e-35 42.974149703979499 -1.4499999880790708 22.44999980926514 5 2.2500000000000004 3.1499999761581425 16.44999980926514 -5.8500001430511466 -4.7499999999999991 -4.4500000476837149 1.0000000180025095e-35
decision_type=8 2 1 10 8 1 2 1 8 10 10 10 1 1 10 10 2 2 10 2 10 8 1 10 8 8 2 10 10 8
left_child=1 3 4 -1 5 -3 8 21 11 10 -10 -2 -11 -9 15 18 17 -16 19 20 -15 22 -8 24 -24 -25 28 -28 29 -21
right_child=6 2 -4 -5 -6 -7 7 13 9 12 -12 -13 -14 14 16 -17 -18 -19 -20 26 -22 -23 23 25 -26 -27 27 -29 -30 -31
leaf_value=-0.048790628258185885 0.003115449165243069 -0.10124603320688992 0.038549375800377643 0.13705913134935016 0.052418960607477111 0.0005950063169355205 0.00206866683846754 0.0084265661518914039 0.0021146496854884574 -0.038703007500938649 0.011216045767788549 -0.0069018709735418739 -0.0017822908631651207 0.010908917725937575 -0.025444490082556205 -0.027956884443522591 -0.0457679315856774 0.04297090970643129 -0.037224728881609971 -0.011137498313579706 -0.016175783272609948 -0.054485388153909811 -0.016716837903406185 -0.0013550141677724993 -0.055316386898731251 -0.051060285984592661 0.071400577701960219 0.0074934571159076951 0.086034889633106681 -0.086595048137367431
leaf_weight=7693 283372 1793 26291 499 4751 19974 83941 151235 2093831 12647 246198 502857 904267 30346 15158 22094 15484 6645 10444 32113 74270 6880 111737 106245 13178 6736 4870 200160 1702 2589
leaf_count=7693 283372 1793 26291 499 4751 19974 83941 151235 2093831 12647 246198 502857 904267 30346 15158 22094 15484 6645 10444 32113 74270 6880 111737 106245 13178 6736 4870 200160 1702 2589
internal_value=2.98587e-08 0.0128739 0.0206835 -0.0374699 0.00295486 -0.00784012 -0.000158974 -0.00366688 0.000618256 0.00156206 0.00307222 -0.00329144 -0.00229198 1.87101e-06 -0.00306194 -0.00122719 -0.0216916 -0.00459322 0.000429407 0.00156583 -0.00831931 -0.00999598 -0.00904522 -0.0129663 -0.0207889 -0.00431847 0.00584917 0.00901142 -0.0119608 -0.0167671
internal_weight=5e+06 61001 52809 8192 26518 21767 4.939e+06 895827 4.04317e+06 3.25694e+06 2.34003e+06 786229 916914 567110 415875 378588 37287 21803 356494 346050 104616 328717 321837 237896 124915 112981 241434 205030 36404 34702
internal_count=5000000 61001 52809 8192 26518 21767 4938999 895827 4043172 3256943 2340029 786229 916914 567110 415875 378588 37287 21803 356494 346050 104616 328717 321837 237896 124915 112981 241434 205030 36404 34702
cat_boundaries=0 1 2 3 4 5 6
cat_threshold=778300 8 65408 4110 1664 2432
is_linear=0
shrinkage=0.1


Tree=216
num_leaves=31
num_cat=5
split_feature=74 91 77 73 73 76 72 76 73 72 79 76 73 12 89 76 6 0 76 28 88 50 87 81 72 72 73 73 72 79
split_gain=1024.12 1730.28 1698.72 1573.1 2366.6 1811.91 1426.84 3017.76 2319.04 1813.21 1505.85 1477.65 1317.44 1243.41 1784.46 1426.33 1869.91 1637.06 1369.32 3874.18 3519.37 3389.27 3299.16 2632.41 2551.51 3435.49 3162.8 2943.63 2721.2 5577.77
threshold=542.00000000000011 1.9499999880790713 14.050000190734865 137.88999938964847 138.34999847412112 0 36.436649322509773 1 137.77420043945315 35.525800704956062 0.45000000298023229 2 140.23665618896487 25.550000190734867 22.849999427795414 3 28.349999427795414 25.050000190734867 4 1.0000000180025095e-35 6.3500001430511483 1.8499999642372134 1.0000000180025095e-35 1.0000000180025095e-35 33.418348312377937 30.90164947509766 131.06084442138675 139.74584960937503 33.468299865722663 5.1499998569488534
decision_type=2 10 8 2 2 1 2 1 2 2 8 1 2 10 10 1 8 2 1 8 10 8 10 10 2 2 2 2 2 8
left_child=13 6 -3 -4 -5 -6 8 12 10 -10 -2 -11 -8 14 18 -15 17 -17 19 22 -20 -21 23 24 25 -1 -26 -27 29 -28
right_child=1 2 3 4 5 -7 7 -9 9 11 -12 -13 -14 15 -16 16 -18 -19 20 21 -22 -23 -24 -25 26 27 28 -29 -30 -31
leaf_value=0.011334263363352279 0.030553300470273926 -0.051982596226378623 -0.037559785225092429 0.032835612801541951 -0.077403752361951267 -0.0045325132036704375 -0.018728042585755143 0.0054161162235092479 -0.016875991730028003 0.0065337632169274601 -0.012325574622789834 0.040033925089100177 -0.055607833059739875 0.0018716463565775034 0.0075705024667199021 -0.02764739780219674 0.00058156685330921782 -0.0076785051355439454 0.0028035487303829792 -0.0021127129215020974 -0.027495037093005294 0.024084484856349109 0.013793497497301211 0.018952074494046817 0.03026930135892654 -0.024683685271594681 -0.061100942421077435 0.091865887800887738 -0.0044858628319207608 0.16597772964589619
leaf_weight=36536 9326 13451 15836 13496 4492 14116 40942 58317 11917 22454 67250 31875 12688 217690 370253 67700 123729 104308 1873528 94204 39138 103802 107435 47174 27131 144520 1824 2200 1320010 2658
leaf_count=36536 9326 13451 15836 13496 4492 14116 40942 58317 11917 22454 67250 31875 12688 217690 370253 67700 123729 104308 1873528 94204 39138 103802 107435 47174 27131 144520 1824 2200 1320010 2658
internal_value=8.46037e-09 -0.00550855 -0.020579 -0.0117677 0.000954755 -0.0221678 -0.00187707 -0.01033 0.0047485 0.0184486 -0.00710346 0.026197 -0.0274481 0.000371837 0.00094352 -0.00427177 -0.00879367 -0.015538 0.000297848 -0.00161301 0.00218355 0.0116208 -0.00316401 -0.00431557 -0.00503069 -0.0161036 -0.00352941 -0.0229361 -0.00422174 0.0735655
internal_weight=5e+06 316160 61391 47940 32104 18608 254769 111947 142822 66246 76576 54329 53630 4.68384e+06 4.17041e+06 513427 295737 172008 3.80016e+06 1.88749e+06 1.91267e+06 198006 1.68949e+06 1.58205e+06 1.53488e+06 183256 1.35162e+06 146720 1.32449e+06 4482
internal_count=5000000 316160 61391 47940 32104 18608 254769 111947 142822 66246 76576 54329 53630 4683840 4170413 513427 295737 172008 3800160 1887494 1912666 198006 1689488 1582053 1534879 183256 1351623 146720 1324492 4482
cat_boundaries=0 1 2 3 4 5
cat_threshold=8389119 2047 6287361 126 2096640
is_linear=0
shrinkage=0.1


Tree=217
num_leaves=31
num_cat=5
split_feature=12 83 76 89 75 72 72 86 88 12 61 12 0 48 75 13 72 73 8 12 83 76 72 88 74 1 11 73 72 76
split_gain=1122.56 2528.36 2596.52 2427.23 2259.82 2524.08 1538.16 1399.84 1846.23 1781.43 1622.33 1393.89 1380.28 1376 1353.01 1431.98 1652.98 2139.57 1449.47 1334.68 1315.15 1300.07 1772.78 1260.6 1399.09 1256.99 1225.31 1572.44 1679.98 2307.18
threshold=7.0499999523162851 5.8500001430511483 0 7.6499998569488534 1 33.87249946594239 42.466650009155281 21.750000000000004 3.3500000238418584 23.44999980926514 5.4500000476837167 12.650000095367433 4.0499999523162851 1.0000000180025095e-35 2 3.4500000476837163 36.851650238037116 139.44834899902347 4.8500001430511483 -0.84999999403953541 -0.15000000223517415 3 43.773349761962898 0.35000000894069677 349.50000000000006 20.150000572204593 -7.5499999523162833 141.071647644043 36.902500152587898 4
decision_type=8 10 1 10 1 2 2 8 10 8 8 10 2 8 1 8 2 2 8 10 8 1 2 8 2 8 8 2 2 1
left_child=1 3 14 13 5 20 11 8 23 10 -10 -7 -5 -1 15 16 17 -3 -17 -18 -2 22 -15 -6 25 -25 -23 28 -28 -30
right_child=4 2 -4 12 7 6 -8 -9 9 -11 -12 -13 -14 21 -16 18 19 -19 -20 -21 -22 26 -24 24 -26 -27 27 -29 29 -31
leaf_value=-0.019466896026415548 0.063737293132434189 0.024040050627019048 0.032462318240996699 0.077558209613100837 0.0066383112504068394 -0.018531894468400006 -0.21491818151458922 0.001415378467691806 -0.012663726355076017 -0.051683071106012925 0.010089746374525012 -0.058062540404099174 0.013642630714642296 0.0075361115852294949 -0.00021853302882810562 -0.015895004341566928 0.098147381918689713 -0.042460172202508278 0.016040179753882781 0.035386577690088274 -0.0023151154970469266 0.010119236355287192 -0.014433994094361342 0.000487516165959131 -0.011960838742420501 -0.0099159537563167071 -0.0063457011796955679 -0.011054784028321277 -0.0072163009218197587 0.014701452584554207
leaf_weight=39105 3128 31233 45766 3519 177996 77385 420 1876984 191032 10181 37485 10082 84760 293053 135491 23059 4428 5725 37046 14433 82990 67039 41990 780164 135127 136451 236488 216158 79140 122142
leaf_count=39105 3128 31233 45766 3519 177996 77385 420 1876984 191032 10181 37485 10082 84760 293053 135491 23059 4428 5725 37046 14433 82990 67039 41990 780164 135127 136451 236488 216158 79140 122142
internal_value=1.99944e-09 0.00231016 0.0105564 0.000239298 -0.000971849 -0.0120823 -0.0240052 -0.000393924 -0.00270661 -0.0107548 -0.00893134 -0.0230884 0.0161904 -0.00104655 0.00656729 0.0144978 0.0260322 0.0137388 0.0037884 0.0501209 8.4057e-05 -0.000364429 0.00478252 -0.00114442 -0.00246157 -0.00106119 -0.00275631 -0.00407632 -0.000630561 0.00608421
internal_weight=5e+06 1.48058e+06 297181 1.18339e+06 3.51942e+06 174005 87887 3.34542e+06 1.46844e+06 238698 228517 87467 88279 1.09512e+06 251415 115924 55819 36958 60105 18861 86118 1.05601e+06 335043 1.22974e+06 1.05174e+06 916615 720967 653928 437770 201282
internal_count=5000000 1480575 297181 1183394 3519425 174005 87887 3345420 1468436 238698 228517 87467 88279 1095115 251415 115924 55819 36958 60105 18861 86118 1056010 335043 1229738 1051742 916615 720967 653928 437770 201282
cat_boundaries=0 1 2 3 4 5
cat_threshold=1047552 6 3142 6291615 8390496
is_linear=0
shrinkage=0.1


Tree=218
num_leaves=31
num_cat=6
split_feature=76 27 81 84 78 49 72 73 72 72 76 75 46 11 16 75 34 72 44 31 37 28 75 72 30 0 76 72 10 40
split_gain=1016.01 3286.67 3368.28 2905.8 2339.55 2169.35 2067.94 2142.23 2214.86 1989.68 1970.99 1946.62 2103.56 1937.95 3005.33 2464.79 2809.17 4132.02 3493.82 3786.37 3299.17 2508.1 2840.75 2360.81 2158.94 2152.32 2109.03 2053.32 1996.61 1957.1
threshold=0 1.0000000180025095e-35 1.0000000180025095e-35 1.0000000180025095e-35 1.0000000180025095e-35 0.45000000298023229 45.113349914550788 129.97499847412112 33.781700134277351 44.835000991821296 1 2 1.0000000180025095e-35 -3.5499999523162837 -1.0500000119209287 3 1.0000000180025095e-35 39.600799560546882 1.0000000180025095e-35 1.0000000180025095e-35 1.0000000180025095e-35 1.0000000180025095e-35 4 40.00164985656739 1.0000000180025095e-35 -5.8500001430511466 5 39.600799560546882 3.2500000000000004 1.0000000180025095e-35
decision_type=1 10 10 10 10 8 2 2 2 2 1 1 10 8 10 1 8 2 10 10 10 10 1 2 10 2 1 2 10 10
left_child=1 2 3 4 5 -1 7 8 -7 13 -11 -9 -13 14 25 16 18 26 19 20 21 22 -15 -23 29 -2 -18 -21 -17 -24
right_child=9 -3 -4 -5 -6 6 -8 11 -10 10 -12 12 -14 15 -16 28 17 -19 -20 27 -22 23 24 -25 -26 -27 -28 -29 -30 -31
leaf_value=0.019080834664885724 -0.0025348719360709809 0.012540321883360099 0.017341842335329944 0.023202522820442079 0.026318415126272029 0.0055433907911044472 0.034044976665760097 -0.0034379620755722283 0.076286680428294951 0.02256505157752314 -0.02702721956257903 -0.010289974076359237 -0.030957619119307857 -0.0069899118712925361 0.067498932798799163 0.016220911920975464 -0.03044913354853972 -0.058069741357880761 -0.022943320244676407 -0.016758859929831376 -0.03354916477815633 -0.010689540742526427 0.0089266093364258597 -0.077889095225157912 -0.046646746408501791 0.025198266658946686 0.0036233647531390793 -0.069007562081864066 0.0019272460167522245 -0.0305326784433269
leaf_weight=32546 67326 136692 71625 35603 22288 49105 12090 449377 4864 9770 44457 590503 53727 181626 9504 102199 28347 21505 70863 29940 25813 24474 558080 6648 7312 47889 50553 10045 2232370 12859
leaf_count=32546 67326 136692 71625 35603 22288 49105 12090 449377 4864 9770 44457 590503 53727 181626 9504 102199 28347 21505 70863 29940 25813 24474 558080 6648 7312 47889 50553 10045 2232370 12859
internal_value=9.74399e-09 -0.00222135 -0.00374801 -0.00495636 -0.00578183 -0.00638194 -0.00709655 -0.00752998 0.0119192 0.000914768 -0.0180931 -0.00848979 -0.0120134 0.00121034 0.0134508 0.000756342 -0.00332348 -0.0192125 -0.00160378 0.000161151 0.00163197 0.00278005 0.00391964 -0.0250441 0.00734627 0.00899238 -0.00862152 -0.0298847 0.00255296 0.00803789
internal_weight=5e+06 1.45842e+06 1.32173e+06 1.2501e+06 1.2145e+06 1.19221e+06 1.15967e+06 1.14758e+06 53969 3.54158e+06 54227 1.09361e+06 644230 3.48735e+06 124719 3.36263e+06 1.02806e+06 100405 927660 856797 816812 790999 759877 31122 578251 115215 78900 39985 2.33457e+06 570939
internal_count=5000000 1458420 1321728 1250103 1214500 1192212 1159666 1147576 53969 3541580 54227 1093607 644230 3487353 124719 3362634 1028065 100405 927660 856797 816812 790999 759877 31122 578251 115215 78900 39985 2334569 570939
cat_boundaries=0 1 2 3 4 5 6
cat_threshold=520192 3670016 7040 6150 2 1008
is_linear=0
shrinkage=0.1


Tree=219
num_leaves=31
num_cat=6
split_feature=12 80 76 89 6 76 34 9 11 12 57 6 76 16 31 15 76 23 0 2 50 0 58 0 12 76 7 76 0 26
split_gain=1081.99 2764.63 2653.79 2358.31 2102.54 5365.17 2452 2160.08 2623.13 2117.84 2105.79 2049.31 3513.43 2088.64 2806.84 1922.14 1830.93 1828.42 1794.54 1942.48 1785.19 1739.6 1725.19 1664.84 1649.25 2496.11 2389.1 2338.26 2186.81 4125.05
threshold=8.6500000953674334 6.4500000476837167 0 5.2500000000000009 9.2500000000000018 1 1.0000000180025095e-35 8.2500000000000018 12.650000095367433 11.050000190734865 3.1499999761581425 12.84999990463257 2 19.750000000000004 1.0000000180025095e-35 14.949999809265138 3 2.4500000476837163 11.650000095367433 16.250000000000004 2.3500000238418584 7.0499999523162851 1.8499999642372134 5.8500001430511483 16.150000572204593 4 16.94999980926514 5 11.250000000000002 1.0000000180025095e-35
decision_type=8 10 1 10 8 1 10 8 10 10 10 8 1 8 10 10 1 8 2 8 8 2 10 2 8 1 8 1 2 10
left_child=1 3 -3 -1 5 9 10 -6 16 -2 15 12 -10 -14 -15 20 -9 -5 22 -20 -7 -12 -18 -8 25 -13 27 -26 29 -28
right_child=4 2 -4 17 7 6 23 8 11 -11 21 24 13 14 -16 -17 18 -19 19 -21 -22 -23 -24 -25 26 -27 28 -29 -30 -31
leaf_value=-0.0017747328291205695 -0.027368195753808507 0.0060596357273590201 0.029442066879328301 0.032985803039716204 -0.051039753840030101 -0.0067396879615370586 -0.092935056070594213 0.019818598904107407 -0.052631359526564336 -0.076058595199331711 -0.031085231878998823 0.016723586189228794 -0.012030587282262537 0.019251383783416318 -0.1701969821889652 0.020110079648227617 -0.022927746576368559 0.0059240027423264514 0.023141500135572524 -0.00094386116856645945 0.022910807016997312 0.011459985129488183 0.0045087231922636911 -0.018761526349412472 -0.03682369100317897 -0.00023810872019345466 0.037619730278825342 -0.0070598619463730083 -0.00058153889065605232 -0.27034733692888879
leaf_weight=1151368 41844 260713 59638 28270 8344 128326 4673 97852 18315 11358 35349 133484 143985 34862 800 52677 39840 213669 65830 68150 24123 13199 53958 8586 30026 247844 21293 217884 1783296 444
leaf_count=1151368 41844 260713 59638 28270 8344 128326 4673 97852 18315 11358 35349 133484 143985 34862 800 52677 39840 213669 65830 68150 24123 13199 53958 8586 30026 247844 21293 217884 1783296 444
internal_value=4.30221e-10 0.00203714 0.0104137 0.000111184 -0.00106226 -0.00876153 -0.00298118 -0.000231301 -8.79722e-05 -0.0377559 -0.000790119 -0.00113539 -0.0109198 -0.00666403 0.0150015 0.00364234 0.00837886 0.00908611 0.0034634 0.0108903 -0.0020479 -0.0195182 -0.00714471 -0.0449032 -0.000339695 0.00569977 -0.00146151 -0.0106665 -0.000197256 0.0313292
internal_weight=5e+06 1.71366e+06 320351 1.39331e+06 3.28634e+06 320135 266933 2.96621e+06 2.95786e+06 53202 253674 2.63223e+06 197962 179647 35662 205126 325630 241939 227778 133980 152449 48548 93798 13259 2.43427e+06 381328 2.05294e+06 247910 1.80503e+06 21737
internal_count=5000000 1713658 320351 1393307 3286342 320135 266933 2966207 2957863 53202 253674 2632233 197962 179647 35662 205126 325630 241939 227778 133980 152449 48548 93798 13259 2434271 381328 2052943 247910 1805033 21737
cat_boundaries=0 1 2 3 4 5 6
cat_threshold=1047552 15857664 7401472 8403983 12598799 14934016
is_linear=0
shrinkage=0.1


Tree=220
num_leaves=31
num_cat=7
split_feature=12 86 76 0 49 75 77 0 72 73 4 73 0 75 83 72 76 76 7 75 7 11 6 76 15 18 23 11 9 12
split_gain=1039.91 1826.55 1749.98 1822.03 1626.9 1865.24 2113.3 1765.21 1665.78 4509.52 2526.34 1928.04 1617.08 2310.73 2022.04 1883.15 1864.42 1677.78 1661.83 1764.8 1572.67 1758.32 2797.66 3029.72 2034.09 1825.72 1771.91 1725.43 1721.3 1931.33
threshold=0.84999999403953563 -3.8500000238418575 0 1.0000000180025095e-35 4.3500001430511483 1 8.2500000000000018 9.8499999046325701 36.902500152587898 137.58249664306643 5.0499999523162851 143.1683044433594 1.6500000357627871 2 -0.74999999999999989 36.24749946594239 3 4 6.8500001430511483 5 -1.4499999880790708 8.2500000000000018 9.0500001907348651 6 16.94999980926514 12.84999990463257 13.050000190734865 10.050000190734865 7.8500001430511483 13.449999809265138
decision_type=8 8 1 2 8 1 10 2 2 2 8 2 2 1 8 2 1 1 10 1 8 10 8 1 10 8 10 10 8 8
left_child=1 -1 3 -3 5 6 8 -6 9 -4 11 -10 13 17 -14 -15 -17 -2 19 -18 -16 25 23 27 -25 -22 -27 -23 -24 -30
right_child=12 2 4 -5 7 -7 -8 -9 10 -11 -12 -13 14 15 20 16 18 -19 -20 -21 21 22 28 24 -26 26 -28 -29 29 -31
leaf_value=-0.0064349807975412933 -0.0055231505173667572 0.0098116942893463916 0.0096671280032558319 0.036937480480592769 0.013217370013426412 -0.014401308356001364 0.043962375680245892 0.080943537034424931 0.010039890138841911 -0.03660569182190522 0.0539226025379319 -0.022229760666901504 0.043157864699207626 0.017664210538309719 -0.057297735074748002 -0.067778532429095026 0.047639566209243582 -0.026652544623572739 0.034949797529951858 -0.011526866203552763 0.002887137995690639 -0.022803203922850488 -0.059417789742600757 -0.0096983106133668572 0.020889630475555414 0.039497830538480688 0.0044728005312751158 -0.06760602231808896 0.0054792877067948997 -0.0012582015822757092
leaf_weight=140039 73062 111469 52289 31834 56823 70287 12602 4128 111047 35265 11292 22220 10809 47264 4810 4720 5360 77413 10085 82453 673983 30301 4903 193645 24490 27954 29886 12000 512072 2515495
leaf_count=140039 73062 111469 52289 31834 56823 70287 12602 4128 111047 35265 11292 22220 10809 47264 4810 4720 5360 77413 10085 82453 673983 30301 4903 193645 24490 27954 29886 12000 512072 2515495
internal_value=-4.56198e-09 0.00370044 0.00643388 0.0158364 0.00284939 -4.41958e-05 0.00407987 0.0178042 0.00191473 -0.00897064 0.00850759 0.00465948 -0.000562053 -0.00764113 -3.57989e-05 0.00114777 -0.00645929 -0.0163944 -0.0034956 -0.00791131 -0.000151663 -8.33675e-05 -0.00106872 -0.0110149 -0.00626392 0.00435034 0.0214004 -0.0355045 -0.000214523 -0.000118646
internal_weight=5e+06 659295 519256 143303 375953 315002 244715 60951 232113 87554 144559 133267 4.3407e+06 300357 4.04035e+06 149882 102618 150475 97898 87813 4.02954e+06 4.02473e+06 3.29291e+06 260436 218135 731823 57840 42301 3.03247e+06 3.02757e+06
internal_count=5000000 659295 519256 143303 375953 315002 244715 60951 232113 87554 144559 133267 4340705 300357 4040348 149882 102618 150475 97898 87813 4029539 4024729 3292906 260436 218135 731823 57840 42301 3032470 3027567
cat_boundaries=0 1 2 3 4 5 6 7
cat_threshold=14681007 6150 6146 1792 130079 1632 7403520
is_linear=0
shrinkage=0.1


Tree=221
num_leaves=31
num_cat=5
split_feature=76 82 85 80 11 28 49 75 51 74 53 73 72 76 73 72 75 88 85 74 86 14 0 75 72 12 58 72 74 73
split_gain=992.558 2616.34 1956.12 1789.04 2178.05 1783.06 3301.49 1893.79 1831.55 1668.05 1588.1 1498.12 2263.2 2197.79 2186.73 3547.24 2762.07 2151.3 1926.36 1747.06 1579.22 1565.57 1526.85 2034.93 2616.67 2281.88 1577.7 1511.4 1463.78 2198.84
threshold=0 5.0499999523162851 4.2500000000000009 12.050000190734865 14.650000095367433 1.0000000180025095e-35 1.6500000357627871 1 1.7500000000000002 1099.0000000000002 5.3500001430511483 144.7174987792969 43.063348770141609 2 143.31164550781253 43.490848541259773 3 1.3499999642372134 2.1499999761581425 53.500000000000007 -2.8500000238418575 -5.9500000476837149 0.84999999403953563 4 43.024999618530281 -13.15000009536743 1.2500000000000002 44.01414871215821 67.500000000000014 143.1933517456055
decision_type=1 10 10 8 10 8 8 1 8 2 10 2 2 1 2 2 1 8 8 2 8 10 2 1 2 8 10 2 2 2
left_child=1 2 9 4 -3 11 7 -7 -8 10 -1 14 -13 -14 21 16 17 -16 -19 -17 -21 22 23 24 -2 -26 -25 -15 29 -23
right_child=5 3 -4 -5 -6 6 8 -9 -10 -11 -12 12 13 27 15 19 -18 18 -20 20 -22 28 -24 26 25 -27 -28 -29 -30 -31
leaf_value=0.0037653846643687563 -0.0044747040024446924 -0.022765281656978109 -0.010233998820544521 3.6638156060959827e-05 -0.11252395293487583 -0.02335314182476023 -0.0034775585414013356 0.0033590432396426607 0.022509756963623548 -0.027985003466392107 -0.010317115860331579 0.095897670770344653 0.041097580056935402 -0.0218915532806374 -0.010703133797943161 0.026063207623754261 -0.017089911402742613 -0.031981261124092095 -0.11450101024360836 -0.088397857260735152 -0.0066656415274826053 1.9173206321376651e-05 0.056436452488043333 -0.044250147337293072 0.12500908377688966 0.032866285958016599 0.010189723903711975 0.046558599145580436 -0.0048472503442381866 0.082315516679540443
leaf_weight=1978923 16838 46319 119242 42336 2871 41318 35609 74175 113769 17301 83456 3346 13859 18128 4762 17517 25317 4090 9175 2557 31329 1128289 7398 10306 3361 13415 11011 3924 1116803 3256
leaf_count=1978923 16838 46319 119242 42336 2871 41318 35609 74175 113769 17301 83456 3346 13859 18128 4762 17517 25317 4090 9175 2557 31329 1128289 7398 10306 3361 13415 11011 3924 1116803 3256
internal_value=-1.97502e-08 0.00153241 0.00222195 -0.0150337 -0.0280041 -0.00129542 0.006498 -0.00619906 0.0163149 0.00293613 0.00319552 -0.00213981 0.0172377 0.00990861 -0.00245605 -0.0173458 -0.0384172 -0.0683217 -0.0890577 0.000421921 -0.0128331 -0.00184551 0.0137879 0.00804407 0.0233676 0.0513267 -0.0161224 -0.00970692 -0.0022789 0.000255979
internal_weight=5e+06 2.29045e+06 2.19892e+06 91526 49190 2.70955e+06 264871 115493 149378 2.07968e+06 2.06238e+06 2.44468e+06 39257 35911 2.40542e+06 94747 43344 18027 13265 51403 33886 2.31068e+06 62329 54931 33614 16776 21317 22052 2.24835e+06 1.13154e+06
internal_count=5000000 2290448 2198922 91526 49190 2709552 264871 115493 149378 2079680 2062379 2444681 39257 35911 2405424 94747 43344 18027 13265 51403 33886 2310677 62329 54931 33614 16776 21317 22052 2248348 1131545
cat_boundaries=0 1 2 3 4 5
cat_threshold=12584191 2108 4063232 7174 6146
is_linear=0
shrinkage=0.1


Tree=222
num_leaves=31
num_cat=9
split_feature=11 0 16 6 76 48 16 9 12 80 76 0 75 11 78 7 4 76 76 51 12 76 28 77 12 83 28 76 75 75
split_gain=1002.99 2007.96 1589.42 1568.34 2503.84 1460.56 1427.91 1394.51 1343.46 1341.29 1479.2 1284.56 3168.33 3067.8 2918.15 3149.65 2790.06 2571.96 2396.34 2251.18 2054.56 1946.5 1882.29 1551.44 1496.13 2173.84 1978.59 1891.63 1880.95 1859.3
threshold=3.4500000476837163 15.750000000000002 8.0500001907348651 4.0499999523162851 0 2.5499999523162846 -1.2499999999999998 3.0499999523162846 6.2500000000000009 0.45000000298023229 1 6.6499998569488534 2 9.2500000000000018 1.0000000180025095e-35 10.050000190734865 7.2500000000000009 3 4 2.4500000476837163 9.6500000953674334 5 1.0000000180025095e-35 17.150000572204593 22.750000000000004 16.650000572204593 1.0000000180025095e-35 6 7 8
decision_type=8 2 10 8 1 8 8 8 8 10 1 2 1 10 8 10 10 1 1 10 8 1 10 8 8 8 8 1 1 1
left_child=1 2 9 4 8 -3 -5 -8 -2 -1 -11 12 16 17 15 18 21 -13 -14 -17 -16 -9 -18 -15 25 -25 27 29 -28 -27
right_child=3 5 -4 6 -6 -7 7 11 -10 10 -12 13 14 23 20 19 22 -19 -20 -21 -22 -23 -24 24 -26 26 28 -29 -30 -31
leaf_value=-0.00072011766843548507 -0.013126095209619163 0.0063001793638431504 0.028592974141287111 0.025597973714814173 0.00048403911071636161 0.072011466871396243 -0.047793596935203533 -0.017107394898294027 -0.038419705797921186 0.024873402331353656 0.0044724283389753839 0.034063014534365804 -0.016903985511550465 -0.0051218307032357873 -0.013485533254788429 0.048601566702143217 -0.027335291247402877 0.0062229797791998357 0.015533940243202624 -0.010597724222439993 -0.098732065456386922 0.0035856161233617963 -0.11026286078764919 -0.0048315728880218593 -0.0026548305603259922 0.0042168176601408433 0.023453306863060408 0.007965229184170983 -0.0052107978100826421 -0.0073966467767004607
leaf_weight=673310 75367 6397 22495 21323 133886 7178 6186 88703 29110 41753 238651 36999 41570 625601 10203 28795 57860 321232 50344 8268 3911 93228 2873 316806 929254 320643 93776 442181 30287 241810
leaf_count=673310 75367 6397 22495 21323 133886 7178 6186 88703 29110 41753 238651 36999 41570 625601 10203 28795 57860 321232 50344 8268 3911 93228 2873 316806 929254 320643 93776 442181 30287 241810
internal_value=-1.69755e-08 0.00285084 0.00231971 -0.000703654 -0.00857038 0.0410461 -0.000206515 -0.000353222 -0.0201716 0.00170001 0.00751124 -0.000274846 -0.00574013 0.000352876 0.00606183 0.0107863 -0.0126991 0.00909949 0.000863071 0.0353954 -0.0371074 -0.00650429 -0.0312582 -0.000691436 0.000475698 0.00248819 0.00454272 0.0030714 0.0164571 -0.00077609
internal_weight=5e+06 989784 976209 4.01022e+06 238363 13575 3.77185e+06 3.75053e+06 104477 953714 280404 3.74434e+06 385755 3.35859e+06 143091 128977 242664 358231 91914 37063 14114 181931 60733 3.00036e+06 2.37476e+06 1.4455e+06 1.1287e+06 1.00463e+06 124063 562453
internal_count=5000000 989784 976209 4010216 238363 13575 3771853 3750530 104477 953714 280404 3744344 385755 3358589 143091 128977 242664 358231 91914 37063 14114 181931 60733 3000358 2374757 1445503 1128697 1004634 124063 562453
cat_boundaries=0 1 2 3 4 5 6 7 8 9
cat_threshold=14712323 15728863 7174 12583167 12845959 7341040 522288 4032 8064
is_linear=0
shrinkage=0.1


Tree=223
num_leaves=31
num_cat=5
split_feature=0 23 13 73 72 82 12 75 80 73 23 89 1 86 12 76 76 8 72 13 75 73 76 18 59 52 0 11 23 20
split_gain=1044.96 1965.11 1179.03 1516.33 1140.08 1245.79 1239.57 3314.46 2696.47 2639.19 2559.88 1988.16 2237.34 1848.98 2293.3 1828.63 1756.76 2166.56 1397.75 1468.8 1897.13 1421.76 1395.37 1390.99 1595.98 2316.43 2073.9 2081.85 1489.54 1460.85
threshold=27.550000190734867 27.650000572204593 20.44999980926514 142.4674987792969 26.048299789428714 7.2500000000000009 15.050000190734865 0 10.84999990463257 141.68669891357425 9.2500000000000018 9.4499998092651385 6.8500001430511483 11.84999990463257 5.8500001430511483 1 2 14.84999990463257 34.80999946594239 22.150000572204593 3 138.99334716796878 4 10.84999990463257 2.3500000238418584 3.3500000238418584 -7.5499999523162833 -5.9500000476837149 -10.15000009536743 -4.7499999999999991
decision_type=2 10 10 2 2 8 8 1 10 2 10 10 8 10 10 1 1 10 2 8 1 2 1 10 10 10 2 8 8 8
left_child=1 4 -3 -4 5 -1 8 9 11 15 -10 13 -13 14 23 -8 17 -9 21 20 -20 -19 -16 24 25 28 29 -28 -6 -26
right_child=-2 2 3 -5 6 -7 7 16 10 -11 -12 12 -14 -15 22 -17 -18 18 19 -21 -22 -23 -24 -25 26 -27 27 -29 -30 -31
leaf_value=0.036534539539400147 0.0058034247353726809 0.01674578013333267 -0.018230176449643139 -0.12633192567037646 0.022670460368435008 0.0023784507764309532 -0.0068949590883950473 -0.049526189384652891 0.027744267560213434 -0.15097834315050268 0.0052743451619145058 0.043021331256821962 0.0048846810391676527 0.014978875817959989 -0.012749886070960007 -0.029637791538287724 0.00035948041191389185 0.0010639894644160781 -0.0010294421157780666 -0.040127740587193483 -0.026208563823559003 0.064803115128268321 -0.0032541469424215486 0.026704570784647788 -0.0055158943721247619 -0.017525487320655835 0.040963128435873367 0.0055466476032639406 -0.0015937447054552797 -0.053179985128265876
leaf_weight=17582 292136 9807 70198 1322 26386 27196 100753 12329 57985 1438 403607 16138 328890 64976 252353 54473 1497050 80805 97123 16738 43242 3658 400147 19899 21304 92470 17427 348625 614733 9210
leaf_count=17582 292136 9807 70198 1322 26386 27196 100753 12329 57985 1438 403607 16138 328890 64976 252353 54473 1497050 80805 97123 16738 43242 3658 400147 19899 21304 92470 17427 348625 614733 9210
internal_value=3.76324e-10 -0.000360118 -0.0157698 -0.0202284 -8.92418e-05 0.0157898 -0.000244429 -0.00219189 0.00114479 -0.0161266 0.00809701 -0.000305604 0.00666845 -0.00159407 -0.00219147 -0.0148784 -0.000944995 -0.00863633 -0.00654976 -0.0121272 -0.00878827 0.00382446 -0.00692685 0.000495224 3.37473e-05 -0.00272922 0.00514483 0.00723276 -0.000595123 -0.0199023
internal_weight=5e+06 4.70786e+06 81327 71520 4.62654e+06 44778 4.58176e+06 1.90761e+06 2.67415e+06 156664 461592 2.21256e+06 345028 1.86753e+06 1.80255e+06 155226 1.75094e+06 253895 241566 157103 140365 84463 652500 1.15005e+06 1.13016e+06 733589 396566 366052 641119 30514
internal_count=5000000 4707864 81327 71520 4626537 44778 4581759 1907609 2674150 156664 461592 2212558 345028 1867530 1802554 155226 1750945 253895 241566 157103 140365 84463 652500 1150054 1130155 733589 396566 366052 641119 30514
cat_boundaries=0 1 2 3 4 5
cat_threshold=6158 12845631 258048 1920 3917760
is_linear=0
shrinkage=0.1


Tree=224
num_leaves=31
num_cat=3
split_feature=76 48 52 72 72 75 86 72 73 74 72 76 74 73 72 72 48 54 46 79 89 4 88 48 74 48 89 3 12 0
split_gain=981.349 2100.32 2148.83 1965.57 1840.32 1750.14 1902.38 1507.34 1784.26 1499.18 2702.55 2442.94 1676.95 1669.06 2856.22 1759.26 1606.53 1445.84 1434.9 1363.47 1337.58 1334.4 1376.85 1324.15 1390.72 1316.36 1243.83 1672.46 1580.66 1817.15
threshold=0 4.7500000000000009 3.6499999761581425 44.835000991821296 38.73915100097657 1 0.25000000745058065 43.828350067138679 142.9716491699219 396.50000000000006 37.649148941040046 2 878.50000000000011 137.86834716796878 36.436649322509773 35.808349609375007 8.5500001907348651 3.9500000476837163 1.0000000180025095e-35 0.45000000298023229 12.650000095367433 4.2500000000000009 1.0500000119209292 0.65000000596046459 1003.5000000000001 3.0499999523162846 12.050000190734865 13.250000000000002 18.44999980926514 20.650000572204593
decision_type=1 8 8 2 2 1 8 2 2 2 2 1 2 2 2 2 10 8 10 8 8 10 8 10 2 10 8 10 10 2
left_child=1 5 -3 9 -4 7 -7 8 -1 16 13 -12 -13 19 15 -15 -2 18 26 -11 -9 22 -10 -21 -25 -19 27 -8 -28 -30
right_child=3 2 4 -5 -6 6 17 20 21 10 11 12 -14 14 -16 -17 -18 25 -20 23 -22 -23 -24 24 -26 -27 28 -29 29 -31
leaf_value=0.0016812933420110574 0.002397719338079053 -0.009857556342347442 0.0048208659572207425 -0.018484724838013011 0.026705844231624139 -0.031403379354382394 -0.0076295595002904143 0.046513080360497124 0.014222322371961691 0.01556155554581295 0.0017753486662794083 -0.028744417942072883 -0.087935495237126626 0.0017672987515692084 -0.0057093684318777057 0.032384889343738399 -0.017095566235483927 -0.026622332624469908 -0.017124111063966222 3.4213628827489374e-07 0.0013534769016682721 0.00095403362390248053 -0.061238501817960235 -0.016026858081476504 -0.072155877854796588 -0.0045108452330745825 0.0030511339186816487 -0.045819055069856784 -0.036578328698852705 -0.0046076403336300573
leaf_weight=436129 2824395 56003 105425 51025 60459 28277 102503 13644 3062 22271 27953 41057 5418 30830 89412 47962 42921 55845 72076 63181 12630 10859 11495 80629 4670 51989 412209 12912 19482 203277
leaf_count=436129 2824395 56003 105425 51025 60459 28277 102503 13644 3062 22271 27953 41057 5418 30830 89412 47962 42921 55845 72076 63181 12630 10859 11495 80629 4670 51989 412209 12912 19482 203277
internal_value=-1.55457e-08 -0.00197984 0.00707926 0.000991332 0.0127972 -0.00336958 -0.00585103 0.00150658 0.000180335 0.00129425 -0.00433571 -0.0215907 -0.0356372 -0.000546859 0.00652329 0.0204047 0.00210592 -0.00507441 -0.00364693 -0.00751155 0.0248047 -0.0255755 -0.0453657 -0.0109724 -0.0190998 -0.0159619 -0.00235241 -0.011902 -0.000616632 -0.00740372
internal_weight=5e+06 1.66828e+06 221887 3.33172e+06 165884 1.44639e+06 958570 487819 461545 3.2807e+06 413383 74428 46475 338955 168204 78792 2.86732e+06 930293 822459 170751 26274 25416 14557 148480 85299 107834 750383 115415 634968 222759
internal_count=5000000 1668276 221887 3331724 165884 1446389 958570 487819 461545 3280699 413383 74428 46475 338955 168204 78792 2867316 930293 822459 170751 26274 25416 14557 148480 85299 107834 750383 115415 634968 222759
cat_boundaries=0 1 2 3
cat_threshold=1040896 6274 7347200
is_linear=0
shrinkage=0.1


Tree=225
num_leaves=31
num_cat=3
split_feature=11 75 0 0 34 54 28 73 77 76 0 24 48 30 10 74 73 73 89 85 86 16 0 7 73 74 76 12 35 72
split_gain=969.808 1631.06 1676.5 1599.81 3127.33 2651.3 2016.88 1684.97 1328.57 1608.51 2243.89 1699.87 1526.45 1372.08 1337.23 1252.39 1779.14 1675.77 1719.82 1264.78 1242.77 1241.63 1235.98 1218.91 1200.83 1199.92 1529.29 1657.77 1363.09 1282.47
threshold=-1.9499999880790708 0 7.2500000000000009 -1.6500000357627866 1.0000000180025095e-35 1.7500000000000002 1.0000000180025095e-35 136.30250549316409 -7.9500000476837149 1 -3.4500000476837154 1.0000000180025095e-35 3.8500000238418584 1.0000000180025095e-35 -3.9500000476837154 123.50000000000001 144.7174987792969 143.45414733886722 -4.9500000476837149 5.3500001430511483 -5.2499999999999991 0.45000000298023229 -4.2499999999999991 -8.6500000953674299 142.79664611816409 118.00000000000001 2 1.6500000357627871 3.2500000000000004 30.90164947509766
decision_type=8 1 2 2 8 10 10 2 8 1 2 2 10 10 10 2 2 2 8 8 10 10 2 8 2 2 1 8 10 2
left_child=1 2 -1 4 5 6 7 -2 20 11 13 12 15 21 -12 -10 17 -17 19 -19 -3 23 -6 -11 -13 29 27 -27 -28 -5
right_child=3 8 -4 25 22 -7 -8 -9 9 10 14 24 -14 -15 -16 16 -18 18 -20 -21 -22 -23 -24 -25 -26 26 28 -29 -30 -31
leaf_value=0.027863442141809205 0.042643777776412414 -0.016736022732122355 0.1491712498436617 0.010486242354983865 -0.12065443198905715 -0.022956021549867589 -0.076586260000322121 0.0020377661984413982 -0.016911525070704626 0.035204154935648872 0.078836034636415753 0.02352505216431916 0.016544353929988879 -0.031263989874351562 0.02781028996901419 0.003311824584323041 0.11126506708128608 -0.051760475720190324 -0.026043011853700504 -0.28175588702293913 0.084791058328032617 0.061847366306389553 -0.042698334488768586 0.0010576851437156028 0.1171465165215223 0.038917623909940753 -0.0033882049571347579 0.0019633426142756723 -0.027663566715688537 0.00074618732025460695
leaf_weight=12354 12093 38159 1255 142507 2606 56401 2901 65946 65017 13303 6967 13328 35311 8188 19543 71813 1460 431 2998 537 1245 4668 9263 48813 1527 12499 1272918 421840 23559 2630550
leaf_count=12354 12093 38159 1255 142507 2606 56401 2901 65946 65017 13303 6967 13328 35311 8188 19543 71813 1460 431 2998 537 1245 4668 9263 48813 1527 12499 1272918 421840 23559 2630550
internal_value=-1.36368e-08 0.00510052 0.0390216 -0.000380291 -0.0105676 -0.00631163 0.00528659 0.00833011 0.00371424 0.00602607 0.0162122 0.000653094 -0.00206541 0.0073716 0.0412202 -0.00668475 0.00192377 -0.000182855 -0.0634616 -0.179351 -0.0135282 0.0121085 -0.0598147 0.00837062 0.0331487 -4.27941e-05 -0.00210882 0.00302671 -0.0038293 0.00124673
internal_weight=5e+06 346917 13609 4.65308e+06 149210 137341 80940 78039 333308 293904 101482 192422 177567 74972 26510 142256 77239 75779 3966 968 39404 66784 11869 62116 14855 4.50387e+06 1.73082e+06 434339 1.29648e+06 2.77306e+06
internal_count=5000000 346917 13609 4653083 149210 137341 80940 78039 333308 293904 101482 192422 177567 74972 26510 142256 77239 75779 3966 968 39404 66784 11869 62116 14855 4503873 1730816 434339 1296477 2773057
cat_boundaries=0 1 2 3
cat_threshold=2080 2096128 12582927
is_linear=0
shrinkage=0.1


Tree=226
num_leaves=31
num_cat=5
split_feature=12 86 76 26 0 48 11 73 88 63 74 91 73 77 12 85 59 76 23 86 86 0 18 12 76 75 86 76 78 0
split_gain=981.298 1488.71 1496.39 1325.4 1647.52 1269.06 1211.29 1108.41 1064.27 1815.51 1738.79 2254.93 2389.09 1369.98 1411.26 1355.6 1347.13 1379.31 1305.04 2150.22 1926.91 4167.37 1497.71 1479.47 1649.7 1502.18 1394.84 1333.49 1315.35 1313.45
threshold=27.44999980926514 24.550000190734867 0 1.0000000180025095e-35 21.849999427795414 1.6500000357627871 35.149999618530281 143.05250549316409 0.65000000596046459 5.0499999523162851 482.50000000000006 1.6500000357627871 137.77420043945315 5.8500001430511483 -10.349999904632567 3.5499999523162846 4.8500001430511483 1 5.8500001430511483 8.4499998092651385 12.84999990463257 12.250000000000002 -0.55000001192092884 19.250000000000004 2 3 18.650000572204593 4 1.0000000180025095e-35 6.6499998569488534
decision_type=10 10 1 10 2 8 10 2 10 10 2 10 2 8 8 8 10 1 10 8 8 2 8 8 1 1 10 1 10 2
left_child=1 8 -3 5 -5 6 7 -2 13 10 18 -12 -13 14 -1 -14 -11 -18 19 -10 -20 -22 -21 24 25 26 -23 28 -25 -24
right_child=3 2 -4 4 -6 -7 -8 -9 9 16 11 12 15 -15 -16 -17 17 -19 20 22 21 23 29 27 -26 -27 -28 -29 -30 -31
leaf_value=0.031333738726908297 0.0013137509628929139 0.0041413083216753242 0.023666798745627115 -0.12669936722516695 -0.02263650650174345 -0.012170295159320129 0.070192950797344472 -0.068312791916721058 0.00038834353193577454 -0.0034305739730312399 -0.0048822355347355774 -0.064993731104418459 0.0033432459022609551 0.0026194885510671152 -0.0052073812177569467 -0.037716766276281545 -0.002657555591214346 0.018170761941550848 -0.0087698470160806133 0.081488101301283644 0.035209158809098008 -0.013869339742097113 0.056610261410128017 -0.025989480725820049 0.0097333179938850559 0.010731741124333997 0.00096247181734509895 -0.0037525405459113365 0.0055889144818082759 0.0095223849828662572
leaf_weight=10895 167658 278781 45675 1729 12670 115192 2521 2318 503706 86757 107900 14439 17021 1768587 353437 15240 44757 109792 454092 3980 31147 122320 7105 58660 160691 66199 131650 252434 17017 35630
leaf_count=10895 167658 278781 45675 1729 12670 115192 2521 2318 503706 86757 107900 14439 17021 1768587 353437 15240 44757 109792 454092 3980 31147 122320 7105 58660 160691 66199 131650 252434 17017 35630
internal_value=-1.22736e-08 0.000355234 0.00689085 -0.00552462 -0.0351321 -0.00404274 0.00138477 0.000364239 -0.000129627 -0.00165166 -0.00264062 -0.0128275 -0.0311851 0.0014692 -0.00411465 -0.0160534 0.00654186 0.0121399 -0.00178684 0.00229176 -0.00352145 -0.000684641 0.0228154 -0.00206662 0.00146592 -0.00268366 -0.00618076 -0.00724372 -0.0188862 0.0173511
internal_weight=5e+06 4.69791e+06 324456 302088 14399 287689 172497 169976 4.37346e+06 2.24054e+06 1.99923e+06 154600 46700 2.13292e+06 364332 32261 241306 154549 1.84463e+06 550421 1.29421e+06 840118 46715 808971 480860 320169 253970 328111 75677 42735
internal_count=5000000 4697912 324456 302088 14399 287689 172497 169976 4373456 2240537 1999231 154600 46700 2132919 364332 32261 241306 154549 1844631 550421 1294210 840118 46715 808971 480860 320169 253970 328111 75677 42735
cat_boundaries=0 1 2 3 4 5
cat_threshold=1048080 6292448 523264 3696 523776
is_linear=0
shrinkage=0.1


Tree=227
num_leaves=31
num_cat=3
split_feature=12 7 76 86 8 80 1 0 23 12 83 23 76 0 26 23 11 6 51 89 55 76 0 11 7 34 54 1 0 52
split_gain=943.897 2584.11 5205.41 2392.1 2189.49 2049.69 1834.15 1810.17 3071.87 1784.48 1779.67 2888.24 1779.68 1767.26 2998.63 1954.1 1709.55 1680.01 1644.8 1605.18 1557.44 1502.98 1774.78 3380.48 2955.99 1992.93 1824.88 2043.22 1628.03 1742.28
threshold=19.250000000000004 19.550000190734867 0 15.550000190734865 17.250000000000004 15.84999990463257 13.84999990463257 9.0500001907348651 8.4499998092651385 10.650000095367433 7.0499999523162851 7.2500000000000009 1 14.050000190734865 1.0000000180025095e-35 12.250000000000002 21.150000572204593 24.44999980926514 2.8500000238418584 9.8499999046325701 3.2500000000000004 2 12.449999809265138 13.650000095367433 17.349999427795414 1.2500000000000002 3.3500000238418584 7.0499999523162851 17.550000190734867 2.4500000476837163
decision_type=10 8 1 10 8 10 8 2 8 8 10 10 1 2 10 8 10 8 10 10 10 1 2 8 10 8 10 10 2 10
left_child=3 2 7 5 -4 9 -5 20 -9 10 19 12 -12 14 18 17 -6 -15 -3 -1 -2 22 24 -24 25 26 -11 -28 29 -23
right_child=1 13 4 6 16 -7 -8 8 -10 21 11 -13 -14 15 -16 -17 -18 -19 -20 -21 -22 28 23 -25 -26 -27 27 -29 -30 -31
leaf_value=-0.0015313994363566185 0.043491895412288706 0.042244768558445993 -0.078431101225450772 0.033529262012611659 -0.016483293782878616 0.0097735008910628911 0.0058204978794435978 -0.064048275940600238 -0.0019978559489723406 -0.0019625095321154453 0.037291327486333903 0.0013272769692839949 0.01079241780695589 -0.06335030689780051 -0.22416834718142839 -0.00031914890245564879 -0.05167829904301055 0.075033096085171641 -0.06105492181140626 0.01296291160049665 -0.10458678325672668 -0.019729232612704834 0.067764130996183197 0.0047156207773581286 0.03624340454212456 -0.050833870130206175 -0.054424584489770403 -0.0099344584192966653 0.0044532068942988853 -0.0037910223361364947
leaf_weight=1430890 11743 19193 9324 25085 47504 192543 501121 8352 178335 266251 40524 264585 67711 7767 460 1295160 19453 989 1676 80716 756 164937 9331 95964 16900 9898 14480 35953 64989 117410
leaf_count=1430890 11743 19193 9324 25085 47504 192543 501121 8352 178335 266251 40524 264585 67711 7767 460 1295160 19453 989 1676 80716 756 164937 9331 95964 16900 9898 14480 35953 64989 117410
internal_value=9.56237e-10 -0.00200223 -0.010815 0.000942845 -0.0330263 -0.000192425 0.00714141 -0.00230708 -0.00477387 -0.000908277 0.000768758 0.00695676 0.0207183 -0.000170402 0.0283819 -0.000637451 -0.0267085 -0.0477197 0.0339487 -0.000757439 0.0345354 -0.00487788 -0.00105521 0.0103028 -0.00453707 -0.00664738 -0.00526633 -0.0227082 -0.00981665 -0.0131016
internal_weight=5e+06 1.60071e+06 275467 3.39929e+06 76281 2.87308e+06 526206 199186 186687 2.68054e+06 1.88443e+06 372820 108235 1.32524e+06 21329 1.30392e+06 66957 8756 20869 1.51161e+06 12499 796113 448777 105295 343482 326582 316684 50433 347336 282347
internal_count=5000000 1600712 275467 3399288 76281 2873082 526206 199186 186687 2680539 1884426 372820 108235 1325245 21329 1303916 66957 8756 20869 1511606 12499 796113 448777 105295 343482 326582 316684 50433 347336 282347
cat_boundaries=0 1 2 3
cat_threshold=788476 10223743 12583039
is_linear=0
shrinkage=0.1


Tree=228
num_leaves=31
num_cat=9
split_feature=76 75 29 50 76 73 48 11 18 83 80 72 27 76 75 76 73 72 72 72 76 10 64 71 91 76 90 76 50 58
split_gain=945.113 2244.4 2075.42 1821.53 1585.63 1568.55 1514.44 1482.62 2304.66 2222.61 1595.71 1485.22 2152.19 1641.45 1383.79 2968.29 2826.88 2792.17 2154.68 3060.17 4541.7 2320.51 2316.69 2047.58 1983.9 1928.61 1720.37 1563.59 1477 2667.81
threshold=0 1 1.0000000180025095e-35 0.65000000596046459 2 145.49250030517581 4.4500000476837167 -10.349999904632567 -5.9500000476837149 -10.550000190734862 -13.749999999999998 43.900848388671882 1.0000000180025095e-35 3 4 5 144.7174987792969 43.281700134277351 40.792499542236335 42.731649398803718 6 13.449999809265138 2.8500000238418584 0.65000000596046459 4.2500000000000009 7 1.0000000180025095e-35 8 1.3499999642372134 2.3500000238418584
decision_type=1 1 8 8 1 2 8 8 10 10 10 2 10 1 1 1 2 2 2 2 1 10 8 10 8 1 10 1 8 8
left_child=1 4 3 -3 6 -5 -1 8 9 10 -2 14 13 -13 16 -16 17 18 21 20 -20 22 -9 -17 -22 -19 -27 -18 29 -25
right_child=7 2 -4 5 -6 -7 -8 11 -10 -11 -12 12 -14 -15 15 23 27 25 19 -21 24 -23 -24 28 -26 26 -28 -29 -30 -31
leaf_value=-0.025038921708901304 -0.065616781723621231 0.017284111863711208 0.014332829765061339 -0.0028028770306021411 -0.0046630184624139705 0.11085904910263421 0.0073635392361504756 0.005085432435145326 0.076919715295537705 0.052906559620004789 0.021574151224510965 0.017962695610835987 -0.042805890024112087 -0.0093656251042708808 0.004873274877598156 -0.012140564639112249 0.040145342533275521 0.0041970091289949898 0.014554502140248471 0.006504206261718601 -0.041393139014468554 0.0016687600438397181 0.022111307644580441 -0.0029826297544081858 -0.0046963655056135624 0.039136928288512812 -0.029239116409674873 -0.039686441109408305 0.0015609402597384062 -0.026427338570529098
leaf_weight=87771 4792 48754 92082 793664 210025 1216 17261 232687 6477 5778 3735 26398 16441 131049 588826 236707 2759 39730 29379 86993 56025 1140070 121727 316999 19988 46222 3998 21747 553389 57311
leaf_count=87771 4792 48754 92082 793664 210025 1216 17261 232687 6477 5778 3735 26398 16441 131049 588826 236707 2759 39730 29379 86993 56025 1140070 121727 316999 19988 46222 3998 21747 553389 57311
internal_value=1.04836e-08 -0.00238032 7.77228e-05 -0.00147821 -0.00968044 -0.002629 -0.019712 0.000794111 0.0274298 0.00502188 -0.0274254 0.000645648 -0.00837816 -0.00478314 0.00108709 -0.000912856 0.00303363 0.00349888 0.00258349 -0.0073777 -0.0188361 0.00386579 0.0109331 -0.00383885 -0.0317394 0.0206657 0.0336868 -0.0306984 -0.00172067 -0.00657227
internal_weight=5e+06 1.25077e+06 935716 843634 315057 794880 105032 3.74923e+06 20782 14305 8527 3.72844e+06 173888 157447 3.55456e+06 1.75323e+06 1.80132e+06 1.77682e+06 1.68687e+06 192385 105392 1.49448e+06 354414 1.16441e+06 76013 89950 50220 24506 927699 374310
internal_count=5000000 1250773 935716 843634 315057 794880 105032 3749227 20782 14305 8527 3728445 173888 157447 3554557 1753232 1801325 1776819 1686869 192385 105392 1494484 354414 1164406 76013 89950 50220 24506 927699 374310
cat_boundaries=0 1 2 3 4 5 6 7 8 9
cat_threshold=516096 56 393216 3670016 504 12582927 1580032 7872000 1572864
is_linear=0
shrinkage=0.1


Tree=229
num_leaves=31
num_cat=5
split_feature=11 80 6 76 86 11 76 58 14 89 75 73 72 72 78 83 23 73 89 91 54 72 12 77 75 72 0 78 79 75
split_gain=948.174 1539.29 1528.3 2805.64 1458.94 1407.29 2236.96 1352.98 1352.23 1248.56 1290.57 1202.62 2108.76 1222.02 1232.14 1189.06 1260.22 1397.56 1178.26 1652.11 1940.56 1802.69 1514.24 1880.3 1817.69 2225.55 2551.87 1698.78 1495.48 1453.47
threshold=1.6500000357627871 -2.4500000476837154 2.2500000000000004 0 -1.4499999880790708 4.4500000476837167 1 2.3500000238418584 8.6500000953674334 3.6499999761581425 2 138.79664611816409 36.961700439453132 36.559150695800788 0.75000000000000011 -2.2499999999999996 -5.2499999999999991 140.46165466308597 18.650000572204593 3.9500000476837163 3.3500000238418584 32.94585037231446 23.94999980926514 15.449999809265138 3 35.059200286865241 20.550000190734867 1.0000000180025095e-35 2.9500000476837163 4
decision_type=8 8 8 1 10 8 1 8 10 8 1 2 2 2 10 10 8 2 8 10 10 2 10 8 1 2 2 10 8 1
left_child=1 4 3 -2 15 6 -4 9 -5 -3 -11 13 -13 14 -12 16 -1 -18 19 21 -21 -7 23 28 -24 -26 27 -27 -20 -25
right_child=2 7 5 8 -6 18 -8 -9 -10 10 11 12 -14 -15 -16 -17 17 -19 22 20 -22 -23 24 29 25 26 -28 -29 -30 -31
leaf_value=-9.0032126006129258e-05 -0.025557534388395517 -0.0039108002338925181 0.024335976163631166 -0.0054699637895317312 0.032449224716258496 0.011627383378711352 0.0014606797777404175 0.01332573762495623 0.019853723191292624 0.031428108079118451 0.0080510722146484633 -0.028204734639780394 0.0049838830000075579 0.049363871365703145 0.085821135032213447 0.021810692760289262 0.0058388330623315677 -0.024871631852010995 -0.00082728634796896407 -0.020824873310843449 -0.00078774207354532209 -0.0025913675071324934 -0.001521731451348148 0.0070752657482331107 -0.0098595183260962119 -0.017165118626151738 -0.12945365858030775 -0.18963363938964906 -0.017611293437387581 0.00047866660901402637
leaf_weight=78573 68233 168420 58850 116955 10012 96525 156198 168934 25724 20334 85383 23816 97606 8623 2087 13414 19292 63900 227537 102934 91122 1169474 651056 728495 47929 8357 3517 613 69242 616845
leaf_count=78573 68233 168420 58850 116955 10012 96525 156198 168934 25724 20334 85383 23816 97606 8623 2087 13414 19292 63900 227537 102934 91122 1169474 651056 728495 47929 8357 3517 613 69242 616845
internal_value=1.50381e-08 0.00325166 -0.000583183 -0.00888117 -0.00467776 -0.000148763 0.00772193 0.00580459 -0.000904221 0.00267716 0.00734207 0.00508875 -0.00152581 0.0134474 0.00990664 -0.00679967 -0.00917212 -0.01775 -0.000592584 -0.00282426 -0.0114161 -0.00150727 0.00079184 0.00246143 -0.00306166 -0.0196528 -0.0572582 -0.0289514 -0.00474319 0.00405075
internal_weight=5e+06 760394 4.23961e+06 210912 185191 4.02869e+06 215048 575203 142679 406269 237849 217515 121422 96093 87470 175179 161765 83192 3.81365e+06 1.46006e+06 194056 1.266e+06 2.35359e+06 1.64212e+06 711472 60416 12487 8970 296779 1.34534e+06
internal_count=5000000 760394 4239606 210912 185191 4028694 215048 575203 142679 406269 237849 217515 121422 96093 87470 175179 161765 83192 3813646 1460055 194056 1265999 2353591 1642119 711472 60416 12487 8970 296779 1345340
cat_boundaries=0 1 2 3 4 5
cat_threshold=14711297 12598287 2048 960 3968
is_linear=0
shrinkage=0.1


Tree=230
num_leaves=31
num_cat=8
split_feature=76 85 25 72 75 79 78 90 84 26 25 87 24 29 81 28 27 31 11 72 73 75 73 75 75 75 75 0 75 72
split_gain=968.994 2541.71 1831.32 2264.87 1764.64 1764.57 1587.63 3696.05 3551.58 3758.1 3448.4 3092.11 2818.62 2715.52 2447.29 2310.33 2229.2 1908.11 2100.45 2514.04 4413.91 2419.15 2279.23 1969.53 1891.89 1781.45 1698.37 1613.59 1609.86 1575.55
threshold=0 6.2500000000000009 1.0000000180025095e-35 36.013349533081062 1 6.0499999523162851 1.0000000180025095e-35 1.0000000180025095e-35 1.0000000180025095e-35 1.0000000180025095e-35 1.0000000180025095e-35 1.0000000180025095e-35 1.0000000180025095e-35 1.0000000180025095e-35 1.0000000180025095e-35 1.0000000180025095e-35 1.0000000180025095e-35 1.0000000180025095e-35 1.4499999880790713 43.281700134277351 143.63079833984378 2 145.12500000000003 3 4 5 6 1.4499999880790713 7 44.199998855590827
decision_type=1 10 8 2 1 10 8 10 10 10 10 10 2 10 10 8 10 10 8 2 2 1 2 1 1 1 1 2 1 2
left_child=1 5 -2 4 -4 6 7 8 9 10 11 12 13 14 16 -8 17 18 27 20 26 -22 23 -21 -19 -15 -20 -1 -24 -25
right_child=2 -3 3 -5 -6 -7 15 -9 -10 -11 -12 -13 -14 25 -16 -17 -18 24 19 22 21 -23 28 29 -26 -27 -28 -29 -30 -31
leaf_value=0.019463618349126143 -0.0019935516011896316 -0.021131115214790247 0.0029059982963462699 -0.0019976293937891145 0.026188560972871134 -0.017903596020376524 -0.014219485727857365 -0.019264920182791898 -0.023813771217990057 -0.02358239345298373 -0.038184191711214927 -0.030185487461828611 -0.046038407161018008 -0.083068394012372981 -0.03705634621206283 0.0067474387033372787 -0.032116928140360552 -0.0570740959071563 0.011142760720144522 -0.021504974215978554 -0.082193631523627894 -0.001676953212182127 0.03295454925418792 0.039194879102088048 -0.0015724589246752119 -0.010988784574076699 0.00367580941333854 0.082849556276086297 -0.094910844690091645 0.010340221274986267
leaf_weight=125395 2636206 47863 57840 147790 74484 42817 126047 68000 43158 44036 17454 22644 9945 3740 11923 90134 13441 7996 637928 7908 8466 6678 1544 63059 26389 40182 583048 4149 2699 27037
leaf_count=125395 2636206 47863 57840 147790 74484 42817 126047 68000 43158 44036 17454 22644 9945 3740 11923 90134 13441 7996 637928 7908 8466 6678 1544 63059 26389 40182 583048 4149 2699 27037
internal_value=2.10719e-08 0.00164696 -0.0011767 0.00651082 0.0160137 0.00218249 0.00261401 0.00359849 0.00450831 0.00524215 0.00602489 0.0065059 0.00703124 0.00736707 0.0080719 -0.00547759 0.00842689 0.00878963 0.00933509 0.00815822 0.00691172 -0.0467438 0.0232279 0.0263345 -0.014496 -0.0171478 0.00757722 0.0214937 -0.0485275 0.0305325
internal_weight=5e+06 2.08368e+06 2.91632e+06 280114 132324 2.03582e+06 1.993e+06 1.77682e+06 1.70882e+06 1.66566e+06 1.62162e+06 1.60417e+06 1.58153e+06 1.57158e+06 1.52766e+06 216181 1.51574e+06 1.5023e+06 1.46791e+06 1.33837e+06 1.23612e+06 15144 102247 98004 34385 43922 1.22098e+06 129544 4243 90096
internal_count=5000000 2083680 2916320 280114 132324 2035817 1993000 1776819 1708819 1665661 1621625 1604171 1581527 1571582 1527660 216181 1515737 1502296 1467911 1338367 1236120 15144 102247 98004 34385 43922 1220976 129544 4243 90096
cat_boundaries=0 1 2 3 4 5 6 7 8
cat_threshold=10486015 2232 498 4110 7168 2048 6456 7680
is_linear=0
shrinkage=0.1


Tree=231
num_leaves=31
num_cat=4
split_feature=12 8 76 86 83 0 0 26 12 0 53 73 23 6 76 9 11 76 0 0 7 16 15 11 74 55 75 0 12 88
split_gain=982.771 2385.4 4480.93 2203.3 2192.77 2044.01 2002.51 2696.4 1837.39 1831.34 1726.04 1692.3 1663.11 1647.96 1620.63 1606.02 1585.77 1794.22 1993.67 1694.1 2076.35 1669.12 1572.4 1562.19 1560.55 1547.23 1531.36 1862.16 1520.71 1504.72
threshold=17.050000190734867 17.250000000000004 0 13.750000000000002 14.150000095367433 12.84999990463257 10.250000000000002 1.0000000180025095e-35 19.550000190734867 12.84999990463257 3.8500000238418584 143.10250091552737 9.0500001907348651 22.650000572204593 1 15.650000095367433 8.2500000000000018 2 18.349999427795414 10.84999990463257 15.050000190734865 12.050000190734865 19.349999427795414 13.449999809265138 105.50000000000001 1.9499999880790713 3 11.449999809265138 12.650000095367433 1.1500000357627871
decision_type=10 8 1 10 10 2 2 10 10 2 10 2 8 10 1 8 8 1 2 2 10 8 10 8 2 8 1 2 8 10
left_child=3 2 11 4 16 24 7 10 15 -6 -3 -2 13 -8 29 -4 21 19 22 20 25 26 -19 -21 -5 -18 27 -1 -27 -7
right_child=1 6 8 5 9 14 12 -9 -10 -11 -12 -13 -14 -15 -16 -17 17 18 -20 23 -22 -23 -24 -25 -26 28 -28 -29 -30 -31
leaf_value=0.041021916694224156 0.0016529541546797064 0.046489605026821507 -0.055015357104982225 0.059364749839245182 0.043785386635195725 0.01663395195142035 -0.046063075591595219 -0.26823588622118388 -0.062189075196166767 0.0074129964031081248 -0.082311156348923303 -0.043008699151148355 -0.0005559304707562692 0.099708953738466485 0.016891982741163655 -0.015364658029769952 0.0027139405922907509 -0.011292729016613913 0.016969319578348744 0.044322835065639964 0.043387812945043631 0.021961958094306719 0.024631041932859761 0.0067004055698538113 0.013571363575985006 -0.0038258917453581893 9.0252942959546115e-05 -0.027894509092284615 -0.027550305982969172 -0.00065428357790741048
leaf_weight=18060 138446 16166 12746 12594 15026 61209 12024 292 14926 175807 1112 9038 1727566 829 99658 51448 159798 419185 28701 15196 9700 37082 12549 40323 18190 74553 1486754 5008 42375 283639
leaf_count=18060 138446 16166 12746 12594 15026 61209 12024 292 14926 175807 1112 9038 1727566 829 99658 51448 159798 419185 28701 15196 9700 37082 12549 40323 18190 74553 1486754 5008 42375 283639
internal_value=-3.62603e-08 -0.00172817 -0.0113847 0.00113734 -3.1935e-05 0.00738635 -0.000483458 0.0331073 -0.0305818 0.0102769 0.0382001 -0.00108389 -0.000822566 -0.036661 0.00566057 -0.0232375 -0.000869326 -0.00447672 -0.00855175 0.0010106 -0.00208826 0.00100183 -0.0102486 0.016998 0.0323058 -0.00368232 0.000487041 0.0260491 -0.0124237 0.00241423
internal_weight=5e+06 1.98459e+06 226604 3.01541e+06 2.54012e+06 475290 1.75799e+06 17570 79120 190833 17278 147484 1.74042e+06 12853 444506 64194 2.34928e+06 802380 460435 341945 286426 1.5469e+06 431734 55519 30784 276726 1.50982e+06 23068 116928 344848
internal_count=5000000 1984593 226604 3015407 2540117 475290 1757989 17570 79120 190833 17278 147484 1740419 12853 444506 64194 2349284 802380 460435 341945 286426 1546904 431734 55519 30784 276726 1509822 23068 116928 344848
cat_boundaries=0 1 2 3 4
cat_threshold=1837048 1571840 8388671 224
is_linear=0
shrinkage=0.1


Tree=232
num_leaves=31
num_cat=3
split_feature=0 23 76 29 87 84 51 90 7 12 40 91 11 0 14 89 77 72 5 83 75 80 0 51 33 27 73 9 76 0
split_gain=948.897 1756.4 1108.41 1246.16 1601.99 1576.06 1466.39 1452.6 1411.3 1636.92 1490.58 1339.86 1231.31 2545.21 2192.72 1885.78 1449.73 1392.12 1276.39 1243.96 1232.33 1770.24 1207.75 3515.59 2386.52 1694.47 1756.23 1517.67 1631.52 1902.78
threshold=30.150000572204593 30.250000000000004 0 1.0000000180025095e-35 1.0000000180025095e-35 1.0000000180025095e-35 2.5499999523162846 1.0000000180025095e-35 -3.8500000238418575 -3.9500000476837154 1.2500000000000002 0.65000000596046459 -5.3500001430511466 -8.6500000953674299 -3.9500000476837154 -7.8500001430511466 -7.9500000476837149 42.843351364135749 -12.949999809265135 -7.8500001430511466 1 -3.0499999523162837 -4.7499999999999991 3.3500000238418584 1.0000000180025095e-35 1.0000000180025095e-35 139.44834899902347 -1.4499999880790708 2 -2.1499999761581416
decision_type=2 10 1 10 10 10 10 10 10 10 10 8 8 2 8 10 10 2 8 10 1 10 2 10 8 10 2 10 1 2
left_child=1 2 3 4 5 7 -5 8 9 -1 11 -10 13 14 15 16 19 -15 -17 -4 -19 -22 23 24 25 26 -14 28 -24 -30
right_child=-2 -3 12 6 -6 -7 -8 -9 10 -11 -12 -13 22 17 -16 18 -18 20 -20 -21 21 -23 27 -25 -26 -27 -28 -29 29 -31
leaf_value=-0.016828902926462039 0.0091926941908346532 -0.021620713392072027 -0.036957863073071827 -0.0026005367937594584 0.013426553684119442 0.021589672819520275 0.025264653910055026 0.024370014712689094 0.024019761373844813 -0.070863596550884853 -0.036199643859537313 -0.0064797071358554869 0.042499775885437942 0.0057994223915649491 0.068056696547285495 0.16038685796876687 0.063006218361072341 -0.015099453079125195 0.0191904577662356 0.041594053826494032 0.031331436350387189 0.09477198477202986 -0.00033894994647278834 -0.061201265303378875 -0.072217408617129761 -0.081425568201689336 -0.0024314041519762053 0.00021262697543474198 0.0092741952339678111 0.044273323607019743
leaf_weight=32526 109821 38004 26801 48099 44547 19797 31094 14353 14802 6774 16459 535283 10419 30111 3305 790 1737 4546 3377 2180 31896 5102 63111 12201 4656 2354 52707 3766181 42478 24489
leaf_count=32526 109821 38004 26801 48099 44547 19797 31094 14353 14802 6774 16459 535283 10419 30111 3305 790 1737 4546 3377 2180 31896 5102 63111 12201 4656 2354 52707 3766181 42478 24489
internal_value=-2.92366e-08 -0.000206474 -3.87503e-05 -0.00353568 -0.00490964 -0.00618593 0.00834033 -0.00707254 -0.00781745 -0.0261427 -0.00654626 -0.00565901 0.000614494 0.0110588 -0.00979187 -0.0171672 -0.0257305 0.0221716 0.0459592 -0.0310491 0.0340382 0.040069 0.000326138 -0.0116592 -0.00304076 0.00187809 0.00498453 0.000579416 0.0111992 0.0220696
internal_weight=5e+06 4.89018e+06 4.85218e+06 763734 684541 639994 79193 620197 605844 39300 566544 550085 4.08844e+06 109845 38190 34885 30718 71655 4167 28981 41544 36998 3.9786e+06 82337 70136 65480 63126 3.89626e+06 130078 66967
internal_count=5000000 4890179 4852175 763734 684541 639994 79193 620197 605844 39300 566544 550085 4088441 109845 38190 34885 30718 71655 4167 28981 41544 36998 3978596 82337 70136 65480 63126 3896259 130078 66967
cat_boundaries=0 1 2 3
cat_threshold=122880 24 138752
is_linear=0
shrinkage=0.1


Tree=233
num_leaves=31
num_cat=5
split_feature=71 51 12 86 75 72 69 75 76 7 86 80 11 76 0 15 7 0 56 83 0 6 1 83 75 7 89 23 89 77
split_gain=921.344 1278.51 1213.84 1758.99 1741.07 1804.88 1975.9 1668.04 1261.77 2885.38 1233.71 1180.9 1493.49 1539.55 2696.53 1535.82 1445.37 1762.48 1818.06 1278.22 3282.09 1900.75 1523.5 1945.81 1625.9 1417.65 1335.71 1433.9 1348.36 1251.99
threshold=0.35000000894069677 0.65000000596046459 20.44999980926514 18.94999980926514 0 33.559150695800788 3.1499999761581425 1 2 20.050000190734867 25.44999980926514 17.849999427795414 12.650000095367433 3 8.8499999046325701 16.550000190734867 14.84999990463257 12.84999990463257 1.9499999880790713 8.6500000953674334 9.0500001907348651 7.4500000476837167 12.650000095367433 12.050000190734865 4 10.449999809265138 11.650000095367433 4.6499998569488534 6.2500000000000009 6.6499998569488534
decision_type=10 10 8 10 1 2 8 1 1 8 8 10 8 1 2 10 8 2 8 10 2 8 8 10 1 8 10 10 10 10
left_child=1 -1 3 11 8 -6 -7 -5 -4 -10 -11 12 15 16 -15 19 17 18 -14 26 -21 -22 -23 -24 -25 -26 27 28 29 -2
right_child=2 -3 4 7 5 6 -8 -9 9 10 -12 -13 13 14 -16 -17 -18 -19 -20 20 21 22 23 24 25 -27 -28 -29 -30 -31
leaf_value=0.0016034574910164395 0.00035841937201053415 -0.0085222104117021486 0.001750509643352494 0.0040193421484489627 -0.0071142758895690675 -0.029693266915028983 -0.1164152192342694 0.019808607778591392 -0.037639626351731868 -0.011012367728671955 -0.00019934285998373936 0.0081493703266546647 0.0015302903644713135 -0.049732913052210753 -0.0061982109698588686 0.027887862510131835 0.0082674905239967823 0.020603506923376799 -0.020446083763495149 0.028126579042453227 -0.0095371542440922785 0.016676125463520201 -0.032044593341528371 -0.012495113788536478 -0.0052781006106683258 0.023906039854965505 0.012547086689829312 -0.0044929207757035882 0.018187660850181683 0.026191300883109475
leaf_weight=223450 839186 282157 622291 248158 44772 16580 3122 91607 25551 146513 377094 197089 79552 14754 398854 21935 159246 23440 71458 59208 93040 99731 16364 35796 25812 46866 80847 588508 47829 19190
leaf_count=223450 839186 282157 622291 248158 44772 16580 3122 91607 25551 146513 377094 197089 79552 14754 398854 21935 159246 23440 71458 59208 93040 99731 16364 35796 25812 46866 80847 588508 47829 19190
internal_value=-2.9401e-08 -0.00404723 0.00045527 0.00146739 -0.00221316 -0.0182105 -0.0434353 0.00827712 -0.00133254 -0.00482613 -0.00322499 0.000674676 0.000133387 -0.00367418 -0.00775097 0.0015746 0.0013791 -0.00490887 -0.00886894 0.00127897 0.00651105 0.00248152 0.00746092 9.90432e-05 0.00494812 0.0135393 2.76497e-05 -0.00064951 0.00184648 0.000935944
internal_weight=5e+06 505607 4.49439e+06 3.25847e+06 1.23592e+06 64474 19702 339765 1.17145e+06 549158 523607 2.9187e+06 2.72162e+06 747304 413608 1.97431e+06 333696 174450 151010 1.95238e+06 376817 317609 224569 124838 108474 72678 1.57556e+06 1.49471e+06 906205 858376
internal_count=5000000 505607 4494393 3258470 1235923 64474 19702 339765 1171449 549158 523607 2918705 2721616 747304 413608 1974312 333696 174450 151010 1952377 376817 317609 224569 124838 108474 72678 1575560 1494713 906205 858376
cat_boundaries=0 1 2 3 4 5
cat_threshold=2016 752 12583934 12582975 48
is_linear=0
shrinkage=0.1


Tree=234
num_leaves=31
num_cat=6
split_feature=76 25 85 81 48 78 90 84 26 25 87 24 27 29 72 81 76 30 75 75 8 33 76 34 73 48 1 61 0 75
split_gain=912.083 2252.94 2070.39 1959.93 1952.51 1716.08 3517.05 3097.98 3273.75 2975.56 2848.45 2442.46 2274.62 2189.75 2347.08 2050.64 2041.39 2033.9 1881.48 1801.73 1761.77 1708.51 1705.69 1676.08 1656.89 2007.4 1924.57 1651.78 1555.63 1542.98
threshold=0 1.0000000180025095e-35 7.4500000476837167 1.0000000180025095e-35 1.4499999880790713 1.0000000180025095e-35 1.0000000180025095e-35 1.0000000180025095e-35 1.0000000180025095e-35 1.0000000180025095e-35 1.0000000180025095e-35 1.0000000180025095e-35 1.0000000180025095e-35 1.0000000180025095e-35 35.390001296997077 1.0000000180025095e-35 1 1.0000000180025095e-35 2 3 14.650000095367433 1.0000000180025095e-35 4 1.0000000180025095e-35 139.17414855957034 1.2500000000000002 13.050000190734865 1.6500000357627871 14.84999990463257 5
decision_type=1 10 10 10 8 8 10 10 10 10 10 2 8 10 2 10 1 10 1 1 10 10 1 8 2 8 8 10 2 1
left_child=1 3 5 -1 27 6 7 8 9 10 11 13 -7 14 16 17 29 18 -16 -14 -18 -10 -5 28 25 -20 -27 -3 -15 -2
right_child=2 4 -4 22 -6 12 -8 -9 21 -11 -12 -13 19 23 15 -17 20 -19 24 -21 -22 -23 -24 -25 -26 26 -28 -29 -30 -31
leaf_value=-0.0029378685918403607 0.0014709598414878228 0.0038831034961732827 -0.023635280710882764 -0.018515029991301186 0.015164609207965694 -0.014359804357809734 -0.017038322770071623 -0.019977657954035558 -0.031315508273554608 -0.031720851431626167 -0.026035631576949766 -0.038087044082575433 -0.016296455208909495 -0.046339883289453584 0.0044913732148710445 -0.036103800044934097 -0.011260403832195558 -0.0207752242236846 0.011672629230236624 0.011103648589948112 0.0021563004192216469 0.0063916791006437546 0.017954868346029607 0.0092187303177091295 0.010565050557673917 0.044173026091359799 0.013269567003595314 -0.027568431039649184 -0.0043373247839819306 0.015385063531721078
leaf_weight=2167168 161387 73223 32730 15366 144951 145079 87501 55103 39042 22159 28900 12719 32337 18936 357945 9814 143502 21319 96357 92981 307796 17359 77340 20365 536772 54159 32094 21631 16502 157463
leaf_count=2167168 161387 73223 32730 15366 144951 145079 87501 55103 39042 22159 28900 12719 32337 18936 357945 9814 143502 21319 96357 92981 307796 17359 77340 20365 536772 54159 32094 21631 16502 157463
internal_value=-2.38455e-08 -0.00135081 0.00135042 -0.00232877 0.00786524 0.00168183 0.00260695 0.00342175 0.00404931 0.00471995 0.00512859 0.00559114 -0.00583552 0.00587833 0.0064582 0.00940447 0.00221769 0.00981099 0.0104163 0.00403292 -0.00210984 -0.0197101 0.0119099 -0.0136431 0.0133641 0.0215924 0.0326741 -0.00328927 -0.026781 0.00834266
internal_weight=5e+06 2.49968e+06 2.50032e+06 2.25987e+06 239805 2.46759e+06 2.19719e+06 2.10969e+06 2.05459e+06 1.99819e+06 1.97603e+06 1.94713e+06 270397 1.93441e+06 1.87861e+06 1.10846e+06 770148 1.09865e+06 1.07733e+06 125318 451298 56401 92706 55803 719382 182610 86253 94854 35438 318850
internal_count=5000000 2499679 2500321 2259874 239805 2467591 2197194 2109693 2054590 1998189 1976030 1947130 270397 1934411 1878608 1108460 770148 1098646 1077327 125318 451298 56401 92706 55803 719382 182610 86253 94854 35438 318850
cat_boundaries=0 1 2 3 4 5 6
cat_threshold=1048320 248 1602 4256 768 7810
is_linear=0
shrinkage=0.1


Tree=235
num_leaves=31
num_cat=4
split_feature=12 0 76 23 89 73 12 12 76 7 83 0 77 7 2 83 75 74 0 75 23 4 17 54 72 1 74 0 83 89
split_gain=952.882 1275.44 1689.21 1352.28 1760.18 1412.28 1522.47 1327.99 2395.57 2180.82 1814.81 3031.61 1954.02 1796.99 1641.17 2153.63 2113.51 1586.23 1757.98 1568.38 1560.63 1533.01 1449.25 1361.17 1328.03 1315.69 1302.22 1653.15 1397.67 1274.55
threshold=29.250000000000004 25.94999980926514 0 24.44999980926514 21.750000000000004 142.4674987792969 18.650000572204593 12.250000000000002 1 11.650000095367433 9.4499998092651385 9.6500000953674334 11.050000190734865 7.2500000000000009 15.34999990463257 13.949999809265138 2 514.00000000000011 17.650000572204593 3 9.2500000000000018 8.2500000000000018 11.250000000000002 3.0499999523162846 37.145000457763679 9.6500000953674334 326.00000000000006 5.8500001430511483 11.250000000000002 15.150000095367433
decision_type=10 2 1 10 10 2 10 8 1 10 10 2 10 8 8 10 1 2 2 1 8 8 8 10 2 10 2 2 10 8
left_child=1 3 -3 4 7 6 -5 10 9 23 12 25 -1 19 21 -16 24 29 -19 -13 -14 -15 -11 -9 -17 26 27 -12 -29 -10
right_child=-2 2 -4 5 -6 -7 -8 8 17 22 11 13 20 14 15 16 -18 18 -20 -21 -22 -23 -24 -25 -26 -27 -28 28 -30 -31
leaf_value=-0.00085851118641721864 -0.0076115544935152941 0.03488733318268375 0.004188803978576963 0.013534389596408236 0.0078046849921810397 -0.047176949743611946 -0.0094389942362685109 -0.053572348841095276 -0.0044151231034305861 -0.085156615746011299 0.13840556294583944 0.0046274769671449728 0.039705518697733207 -0.020167091073644408 -0.036645691349799746 0.0025364050447710396 0.018351491400601043 -0.021891831374031376 0.005987158126207451 -0.020735644741506271 0.0075261913307384633 0.018531523542722198 -0.0076098955999504628 0.011268881335649676 -0.037053176283313081 -0.0013531882096251898 0.012620485021745804 0.032020266444621442 0.090194832755335685 0.0023112109722063516
leaf_weight=1733328 159235 18782 388608 33810 282055 8671 196516 17392 413066 2432 1943 50726 18705 11116 14723 20370 48453 68930 33665 46931 77577 129390 266400 3978 14508 11189 14509 22044 5082 885866
leaf_count=1733328 159235 18782 388608 33810 282055 8671 196516 17392 413066 2432 1943 50726 18705 11116 14723 20370 48453 68930 33665 46931 77577 129390 266400 3978 14508 11189 14509 22044 5082 885866
internal_value=-1.83399e-08 0.00025036 0.00560506 -0.000241692 0.000175204 -0.0075582 -0.00606669 -0.000374835 -0.00248565 -0.0107552 0.00123326 0.00741742 -8.82868e-05 0.00386351 0.00854104 -0.00138768 0.00484174 -0.000773266 -0.0127438 -0.00756292 0.0137778 0.0154699 -0.00831143 -0.0415022 -0.0139275 0.0292351 0.0370888 0.0493016 0.0429192 0.000172208
internal_weight=5e+06 4.84076e+06 407390 4.43338e+06 4.19438e+06 238997 230326 3.91232e+06 1.69173e+06 290202 2.22059e+06 390984 1.82961e+06 336217 238560 98054 83331 1.40153e+06 102595 97657 96282 140506 268832 21370 34878 54767 43578 29069 27126 1.29893e+06
internal_count=5000000 4840765 407390 4433375 4194378 238997 230326 3912323 1691729 290202 2220594 390984 1829610 336217 238560 98054 83331 1401527 102595 97657 96282 140506 268832 21370 34878 54767 43578 29069 27126 1298932
cat_boundaries=0 1 2 3 4
cat_threshold=14680079 261120 304 158
is_linear=0
shrinkage=0.1


Tree=236
num_leaves=31
num_cat=10
split_feature=11 80 83 76 72 0 75 12 89 0 75 76 12 7 74 75 76 12 75 12 72 0 75 73 72 73 76 76 0 90
split_gain=895.723 1433.3 1681.91 1431.76 1842.87 1482.62 1395.13 1637.61 1506.25 1351.85 2178.25 1791.39 1284.87 1548.66 1546.54 1991.03 1936.83 1858.03 1811.96 3596.51 1907.52 1636.84 1627.71 1513.72 1452.92 2804.87 1453.05 1419.95 1356.84 1355.63
threshold=-2.8500000238418575 -6.6499998569488517 -5.6499998569488517 0 43.652500152587898 8.4499998092651385 1 -13.15000009536743 -2.7499999999999996 -1.6500000357627866 2 3 3.6499999761581425 -3.0499999523162837 118.00000000000001 4 5 22.250000000000004 6 14.949999809265138 31.625000000000004 21.94999980926514 7 138.22084808349612 34.837501525878913 138.0100021362305 8 9 15.750000000000002 1.0000000180025095e-35
decision_type=8 8 10 1 2 2 1 8 10 2 1 1 10 8 2 1 1 10 1 8 2 2 1 2 2 2 1 1 2 10
left_child=1 2 -1 -3 5 -5 -6 -8 -9 10 -2 -12 13 27 -14 24 18 22 -17 23 -21 -19 29 -20 25 -16 -26 -11 -15 -18
right_child=9 3 -4 4 6 -7 7 8 -10 12 11 -13 14 28 15 16 17 21 19 20 -22 -23 -24 -25 26 -27 -28 -29 -30 -31
leaf_value=-0.013580220216902767 -0.018835991566898712 0.02328482905311912 0.045243998207741484 -0.0032823931540765122 -0.015476472866724524 0.049175251833488025 0.1016060097971223 0.013906141465651459 0.075912869183743528 -0.042734854270163734 0.02292525786793145 -0.0079545471041674917 0.00088537683900545528 0.0044009936205628439 -0.0059140492935084686 -0.003731102361541094 0.00051038088312004915 -0.079070327077507219 0.093423780944308782 -0.041371523062636972 0.0059210549934774655 -0.015011253683826348 -0.0088900264893962307 0.031565750953673782 -0.025153766948208634 0.049414867365699451 -0.0080425920965299085 0.026040188242773224 0.03527986353792173 0.025164570206882071
leaf_weight=53837 98394 54666 5343 122358 6860 5636 3248 19931 4876 12360 29549 51539 2470765 569051 134907 239659 208452 4160 4799 8780 298008 96937 216480 22520 85856 9830 117670 3959 14595 24975
leaf_count=53837 98394 54666 5343 122358 6860 5636 3248 19931 4876 12360 29549 51539 2470765 569051 134907 239659 208452 4160 4799 8780 298008 96937 216480 22520 85856 9830 117670 3959 14595 24975
internal_value=-8.24149e-09 0.00552934 -0.00826934 0.00928256 0.00458223 -0.000972509 0.0249465 0.0348238 0.026094 -0.000323997 -0.0088362 0.0032997 1.22417e-05 0.00432362 -0.000643643 -0.00320832 -0.0011625 -0.00539697 0.00290401 0.00766343 0.00456758 -0.0176472 -0.00264438 0.0424321 -0.0098153 -0.00215631 -0.0152625 -0.0260602 0.00517317 0.00314807
internal_weight=5e+06 276755 59180 217575 162909 127994 34915 28055 24807 4.72324e+06 179482 81088 4.54376e+06 599965 3.9438e+06 1.47303e+06 1.12477e+06 551004 573766 334107 306788 101097 449907 27319 348263 144737 203526 16319 583646 233427
internal_count=5000000 276755 59180 217575 162909 127994 34915 28055 24807 4723245 179482 81088 4543763 599965 3943798 1473033 1124770 551004 573766 334107 306788 101097 449907 27319 348263 144737 203526 16319 583646 233427
cat_boundaries=0 1 2 3 4 5 6 7 8 9 10
cat_threshold=14680991 24 6146 120 6158 14680575 1552 1920 559096 130048
is_linear=0
shrinkage=0.1


Tree=237
num_leaves=31
num_cat=7
split_feature=77 12 89 23 76 83 83 62 49 53 76 75 23 32 76 73 76 0 12 7 12 4 11 76 73 12 75 0 48 54
split_gain=909.474 1267.07 1754.64 1849.39 1746.08 2100 1582.05 1478.22 1735.33 2586.59 1979.6 1730.94 2356.35 2097.51 2111.12 1720.87 1685.24 1471.84 1563.41 1450.76 1584.92 1407.87 2537.57 2236.68 1632.19 1404.91 1400.61 1388.25 1339.35 1255.96
threshold=26.550000190734867 17.94999980926514 15.650000095367433 15.650000095367433 0 20.94999980926514 15.650000095367433 1.5500000119209292 1.7500000000000002 1.3499999642372134 1 2 4.0499999523162851 1.0000000180025095e-35 3 143.10250091552737 4 -4.2499999999999991 -3.9500000476837154 17.849999427795414 24.550000190734867 20.050000190734867 21.250000000000004 5 131.59835052490237 22.550000190734867 6 27.750000000000004 1.4499999880790713 1.8499999642372134
decision_type=10 8 10 8 1 8 10 8 8 8 1 1 10 8 1 2 1 2 10 8 10 8 10 1 2 8 1 2 8 8
left_child=1 2 6 -4 5 -3 7 -1 16 10 -10 28 17 14 -14 -16 -9 18 -13 -7 -21 23 -23 25 -25 -6 -26 -22 -11 -18
right_child=-2 4 3 -5 21 19 -8 8 9 11 -12 12 13 -15 15 -17 29 -19 -20 20 27 22 -24 24 26 -27 -28 -29 -30 -31
leaf_value=-0.0034250729975800124 0.0060573991562167112 -0.027516768462891875 0.018290981028555694 0.0030171698283851106 -0.021492198863783091 -0.031384777563048701 0.0090445372726734984 -0.014501371875389244 -0.02604620568509133 -0.01125595842402213 0.0014067915286855232 0.0076127084375436048 -0.017157260694484054 0.02111571249370716 0.0045626306046271589 -0.037769902674732243 0.0035667331906309076 0.015092211629652375 -0.034844554243025773 -0.00090540929802941357 -0.034831370716782523 0.02510239528176151 0.0007872020593062437 0.011485146806343532 -0.086422248652860786 -0.091271632361652338 -0.0045769067864567725 -0.0061303554093350421 0.015523947695457386 -0.0068347826611162375
leaf_weight=1115994 236158 48811 106256 312194 38509 20537 178496 100630 45270 20361 62557 26281 101517 32049 136762 10328 311465 169889 12945 299331 28063 46153 612774 70597 2092 3119 397982 42189 225629 185062
leaf_count=1115994 236158 48811 106256 312194 38509 20537 178496 100630 45270 20361 62557 26281 101517 32049 136762 10328 311465 169889 12945 299331 28063 46153 612774 70597 2092 3119 397982 42189 225629 185062
internal_value=-1.91308e-08 -0.000300304 0.00086502 0.00689561 -0.00258273 -0.00796188 -5.75701e-05 -0.000693024 0.00142321 0.00434317 -0.0101213 0.00646296 0.00302528 -0.00296192 -0.00606587 0.00159012 -0.00270174 0.0110609 -0.00639864 -0.00551541 -0.0040779 -0.000566757 0.0024903 -0.00449881 -0.00253338 -0.026714 -0.00500715 -0.0175953 0.0133068 -0.000310039
internal_weight=5e+06 4.76384e+06 3.15368e+06 418450 1.61016e+06 438931 2.73524e+06 2.55674e+06 1.44074e+06 843588 107827 735761 489771 280656 248607 147090 597157 209115 39226 390120 369583 1.17123e+06 658927 512299 470671 41628 400074 70252 245990 496527
internal_count=5000000 4763842 3153685 418450 1610157 438931 2735235 2556739 1440745 843588 107827 735761 489771 280656 248607 147090 597157 209115 39226 390120 369583 1171226 658927 512299 470671 41628 400074 70252 245990 496527
cat_boundaries=0 1 2 3 4 5 6 7
cat_threshold=1047552 65152 7680 13099009 16128 7340032 4102
is_linear=0
shrinkage=0.1


Tree=238
num_leaves=31
num_cat=5
split_feature=12 0 76 24 89 38 8 76 6 12 23 83 12 63 87 72 73 75 48 11 51 75 14 12 73 76 0 39 6 12
split_gain=915.48 1585.53 1994.15 1473.24 1529.86 1185.22 1144.5 1261.54 1292.13 1075.69 1064.41 1717.05 1252.96 1078.92 1183.96 1807.84 1568.51 1358.82 2045.6 1331.03 1322.64 1200.51 1188.86 1088.96 1085.46 1071.36 1152.48 1067.25 1050.73 1031.25
threshold=26.650000572204593 23.849999427795414 0 1.0000000180025095e-35 27.050000190734867 4.2500000000000009 32.549999237060554 1 20.150000572204593 22.150000572204593 22.94999980926514 21.550000190734867 14.449999809265138 1.3499999642372134 1.0000000180025095e-35 36.24749946594239 139.56915283203128 2 2.6499999761581425 13.449999809265138 2.9500000476837163 3 -13.249999999999998 -10.349999904632567 137.77420043945315 4 -2.7499999999999996 1.0000000180025095e-35 13.250000000000002 30.849999427795414
decision_type=10 2 1 2 8 10 8 1 8 10 10 10 10 10 8 2 2 1 10 8 10 1 10 8 2 1 2 10 8 8
left_child=1 5 -3 4 -4 10 7 -2 -9 -6 11 13 28 14 17 19 -17 25 20 24 23 -18 -20 -19 27 26 -1 -16 -12 -10
right_child=6 2 3 -5 9 -7 -8 8 29 -11 12 -13 -14 -15 15 16 21 18 22 -21 -22 -23 -24 -25 -26 -27 -28 -29 -30 -31
leaf_value=-0.081161968529790698 -0.00019081660607203545 0.029718444750798101 -0.004666894330653819 0.029004784138191183 0.014514992574895412 -0.01724921476477928 0.015014381819288573 -0.19503394458243406 -0.0093901757022409969 0.0023098752249296004 -0.0090524944905204102 0.010760977624708144 -0.0092897454477873925 0.0012254462064994348 0.029299851546299601 -0.025329645782391937 -0.012262439917427904 0.035242453134391193 0.07030871888684713 0.0031520382840491638 -0.014565436259747362 0.014341483310636628 -0.013485274209006914 0.0028681284122604434 0.06745286893158875 -0.0053265066170364063 -0.015950976644313639 -0.019130901861857383 0.044982320555864874 -0.036890995112888229
leaf_weight=2827 178296 32017 174221 22464 118752 40735 27451 385 166599 184251 6446 149894 190442 2229170 30434 25218 28228 10602 1718 39425 43800 42469 117208 519381 6177 517480 65562 5350 8147 14851
leaf_count=2827 178296 32017 174221 22464 118752 40735 27451 385 166599 184251 6446 149894 190442 2229170 30434 25218 28228 10602 1718 39425 43800 42469 117208 519381 6177 517480 65562 5350 8147 14851
internal_value=-4.66776e-08 0.000392198 0.00552857 0.00397795 0.00279996 -0.000277056 -0.00466795 -0.00616824 -0.0120287 0.00709327 -0.000105926 0.000269391 -0.0071258 -0.000157367 -0.00227466 0.00538333 -0.00391824 -0.0033366 -0.000338472 0.0163454 0.00213552 0.00371932 -0.0122748 0.00351576 0.0287414 -0.00688135 -0.0186439 0.0220591 0.0211141 -0.011641
internal_weight=5e+06 4.61242e+06 531705 499688 477224 4.08071e+06 387582 360131 181835 303003 4.03998e+06 3.83494e+06 205035 3.68505e+06 1.45588e+06 177301 95915 1.27858e+06 692709 81386 573783 70697 118926 529983 41961 585869 68389 35784 14593 181450
internal_count=5000000 4612418 531705 499688 477224 4080713 387582 360131 181835 303003 4039978 3834943 205035 3685049 1455879 177301 95915 1278578 692709 81386 573783 70697 118926 529983 41961 585869 68389 35784 14593 181450
cat_boundaries=0 1 2 3 4 5
cat_threshold=14680207 126 1564 4324 786432
is_linear=0
shrinkage=0.1


Tree=239
num_leaves=31
num_cat=5
split_feature=76 85 0 23 72 12 80 73 72 12 75 72 5 49 57 62 12 11 0 78 51 87 76 72 16 11 5 5 76 76
split_gain=926.959 1326.32 1252.69 1268.31 1243.47 1207.92 1159.77 1100.57 1401.75 1212.43 1295.54 1361.64 1287.76 1221.97 1108.14 1396.41 1101.52 1099.58 1752.98 2669.36 2171.03 2228.23 1763.48 1652.25 1645.76 1570.59 2090.4 1936.55 1694.53 1613.85
threshold=0 6.0499999523162851 26.750000000000004 27.150000572204593 38.73915100097657 22.250000000000004 -9.3499999046325666 129.97499847412112 30.90164947509766 25.349999427795414 1 33.418348312377937 21.150000572204593 1.1500000357627871 2.4500000476837163 3.1499999761581425 13.449999809265138 -0.35000000894069666 0.45000000298023229 1.0000000180025095e-35 3.4500000476837163 1.0000000180025095e-35 2 34.454999923706062 2.8500000238418584 6.2500000000000009 6.0499999523162851 -1.0500000119209287 3 4
decision_type=1 10 2 10 2 10 8 2 2 10 1 2 8 10 10 10 8 8 2 10 10 10 1 2 10 8 8 8 1 1
left_child=1 6 3 17 -3 -4 -1 -8 -9 10 -10 12 13 -12 15 -13 -16 24 19 20 21 22 23 -19 -2 27 29 28 -20 -27
right_child=2 4 5 -5 -6 -7 7 8 9 -11 11 14 -14 -15 16 -17 -18 18 25 -21 -22 -23 -24 -25 -26 26 -28 -29 -30 -31
leaf_value=-0.10486153182379079 0.003902376658436354 0.0013943309713743584 0.024450223534701901 -0.013942770065637849 0.038082598238121206 0.0046237165866863357 0.014592722920740179 0.048269003731724075 -0.0091644235068313734 -0.028170931993402329 0.015078840867366862 -0.00013811966746627455 0.0014610240590418511 -0.045927087402083226 0.020876889164664875 -0.033135037161064994 -0.0031531591693468512 0.034960355995609031 -0.053147942629359693 -0.043539179327751906 -0.032396205788076282 -0.060044349729757043 -0.017662218438688152 0.0015381750221905664 0.032696550901070702 -0.032128165477035037 0.00028009411122661672 0.0069465480087816433 0.0097710775240211507 -0.0066513194902684666
leaf_weight=1137 362415 25386 35790 62676 14523 217302 31275 4992 306998 21738 4029 294143 18099 17741 49427 13410 31065 16557 10231 19711 26051 6354 43572 138701 21000 29588 2547169 465977 7355 155588
leaf_count=1137 362415 25386 35790 62676 14523 217302 31275 4992 306998 21738 4029 294143 18099 17741 49427 13410 31065 16557 10231 19711 26051 6354 43572 138701 21000 29588 2547169 465977 7355 155588
internal_value=-3.67545e-08 -0.00304324 0.000609161 0.000168154 0.0147453 0.0074274 -0.00393732 -0.0037926 -0.00454755 -0.00489601 -0.00420756 -0.000651133 -0.0182497 -0.0346366 0.00115698 -0.00157686 0.0116028 0.000397857 -0.000164141 -0.0082139 -0.00520269 -0.0017501 0.000112811 0.00510205 0.00547946 0.000464004 -0.000465686 0.00571716 -0.026858 -0.0107242
internal_weight=5e+06 833963 4.16604e+06 3.91294e+06 39909 253092 794054 792917 761642 756650 734912 427914 39869 21770 388045 307553 80492 3.85027e+06 3.46685e+06 250946 231235 205184 198830 155258 383415 3.21591e+06 2.73234e+06 483563 17586 185176
internal_count=5000000 833963 4166037 3912945 39909 253092 794054 792917 761642 756650 734912 427914 39869 21770 388045 307553 80492 3850269 3466854 250946 231235 205184 198830 155258 383415 3215908 2732345 483563 17586 185176
cat_boundaries=0 1 2 3 4 5
cat_threshold=245760 124 12583039 15360 6306816
is_linear=0
shrinkage=0.1


Tree=240
num_leaves=31
num_cat=3
split_feature=0 76 27 87 84 90 49 39 73 72 72 73 74 4 12 73 72 75 73 72 72 73 72 75 73 72 73 72 89 83
split_gain=860.683 944.349 1940.7 2104.83 2015.11 1817.42 1693.58 1404.61 1390.07 3670.85 1928.96 2431.08 2202.07 1965.67 2652.83 1736.08 2238.53 1654.57 1797.65 2375.18 2359.4 2245 2210.59 1644.35 1438.57 1449.72 2035.6 1521.52 1973.71 1399.99
threshold=32.649999618530281 0 1.0000000180025095e-35 1.0000000180025095e-35 1.0000000180025095e-35 1.0000000180025095e-35 0.45000000298023229 2.2500000000000004 141.71585083007815 43.847499847412116 40.354150772094734 139.99079895019534 412.00000000000006 17.849999427795414 16.650000572204593 144.7174987792969 43.063348770141609 1 136.97330474853518 34.689199447631843 36.559150695800788 138.8433532714844 33.418348312377937 2 131.06084442138675 35.73249816894532 136.15579986572268 33.468299865722663 16.550000190734867 1.0000000180025095e-35
decision_type=2 1 10 10 10 10 8 10 2 2 2 2 2 8 10 2 2 1 2 2 2 2 2 1 2 2 2 2 8 8
left_child=1 2 3 4 5 6 -1 8 9 10 13 -12 23 17 -15 -10 -17 -8 22 -20 -21 -22 -19 29 -24 27 -27 28 -26 -13
right_child=-2 -3 -4 -5 -6 -7 7 -9 15 -11 11 12 -14 14 -16 16 -18 18 19 20 21 -23 24 -25 25 26 -28 -29 -30 -31
leaf_value=0.020876266097756811 0.017488574112350021 0.00068968939863258707 0.0097427873608446139 0.014077514766493108 0.020306987344489432 0.022032745684070498 -0.020841329712886998 -0.036832421162814571 -0.019103457116475184 0.070476183320659441 0.067350600304860661 -0.025670345371440501 0.079706789083851065 0.011068055973467706 -0.0075866352979904106 0.13274716358259761 0.0037500866449864689 -0.018670327086984614 0.10268213388629265 -0.033902711305167289 0.043232155448989971 -0.012237922582802674 0.056700588505363352 -0.0083169025933646865 -0.02921359061164891 0.16406757947561235 0.024079465554805241 0.00098242304627595817 0.26309828431835108 0.047488650282211858
leaf_weight=22453 27983 3746612 116962 62157 30869 23210 135611 15432 132429 6430 6683 3440 3660 112321 237253 1478 14978 37769 1663 50162 8413 54965 6224 51573 425 1296 5233 70894 506 10916
leaf_count=22453 27983 3746612 116962 62157 30869 23210 135611 15432 132429 6430 6683 3440 3660 112321 237253 1478 14978 37769 1663 50162 8413 54965 6224 51573 425 1296 5233 70894 506 10916
internal_value=-5.48772e-08 -9.84826e-05 -0.00250826 -0.00380101 -0.00486312 -0.0056283 -0.00627535 -0.006904 -0.00642004 -0.00477915 -0.00538477 0.00974014 0.00420751 -0.00698094 -0.00159273 -0.0152969 0.015336 -0.0120286 -0.00699642 -0.0159615 -0.0176993 -0.00487465 0.00144461 1.62194e-05 0.0104271 0.0067514 0.051867 0.00265033 0.129658 0.0299374
internal_weight=5e+06 4.97202e+06 1.2254e+06 1.10844e+06 1.04629e+06 1.01542e+06 992207 969754 954322 805437 799007 76272 69589 722735 349574 148885 16456 373161 237550 115203 113540 63378 122347 65929 84578 78354 6529 71825 931 14356
internal_count=5000000 4972017 1225405 1108443 1046286 1015417 992207 969754 954322 805437 799007 76272 69589 722735 349574 148885 16456 373161 237550 115203 113540 63378 122347 65929 84578 78354 6529 71825 931 14356
cat_boundaries=0 1 2 3
cat_threshold=258048 3632 6148
is_linear=0
shrinkage=0.1


Tree=241
num_leaves=31
num_cat=2
split_feature=12 14 9 19 86 76 7 48 70 11 75 12 72 73 72 73 31 72 73 72 9 0 22 52 74 0 74 7 73 72
split_gain=843.891 1166.8 1150.44 1069.02 1034.09 1067.46 2526.3 1364.07 1354.2 1630.53 1348.63 1798.35 1458.66 2217.36 2158.86 2152.24 3853.03 2451.5 2124.72 2225.16 1429.85 1905.49 2600.65 1461.58 1397.61 1500.01 1344.96 1319.25 1298.21 1295.22
threshold=28.650000572204593 32.049999237060554 30.349999427795414 21.849999427795414 25.349999427795414 0 26.250000000000004 10.150000095367433 0.65000000596046459 22.550000190734867 1 22.250000000000004 33.418348312377937 133.62664794921878 37.019998550415046 137.13330078125003 1.0000000180025095e-35 36.436649322509773 140.32749938964847 38.73915100097657 19.750000000000004 13.34999990463257 13.550000190734865 2.8500000238418584 34.500000000000007 18.750000000000004 202.50000000000003 20.550000190734867 139.55834960937503 34.788349151611335
decision_type=10 10 8 10 10 1 10 10 8 8 1 8 2 2 2 2 10 2 2 2 8 2 8 8 2 2 2 8 2 2
left_child=1 4 3 -2 5 6 7 10 -7 29 24 12 -12 -14 15 -15 -17 -18 -16 -20 -13 23 26 -22 -1 -26 -23 -21 -19 -10
right_child=2 -3 -4 -5 -6 8 -8 -9 9 -11 11 20 13 14 18 16 17 28 19 27 21 22 -24 -25 25 -27 -28 -29 -30 -31
leaf_value=0.012944928788336158 -0.03902853282198343 0.081834525796791985 0.0033739441732747143 -0.0090657830125175955 0.0059378680728404383 -0.0059881021601004012 0.024995798848894961 -0.038688926228704699 0.0044182354641317551 -0.0076425459993431357 0.015278407255945363 -0.050104110748329191 -0.018218230463363742 -0.0012733855651284249 -0.02012240175509512 0.012936615805111996 0.1052296293884467 -0.029657091070506188 0.029055567616536954 -0.0042031445095192218 0.038065848441461408 -0.031625149087194847 -0.0073954480526108278 -0.074900903559350612 -0.0012615937085498927 0.01721501349705935 -0.099871068825341636 0.041103921935990585 0.10360958344690117 -0.00081551367009539792
leaf_weight=174706 13339 1753 75424 110960 298215 485860 47141 8424 641302 269102 67435 8782 61369 92644 61413 96103 7931 2688 24911 189858 12104 8435 109487 1265 264560 52690 4391 6652 1004 1800052
leaf_count=174706 13339 1753 75424 110960 298215 485860 47141 8424 641302 269102 67435 8782 61369 92644 61413 96103 7931 2688 24911 189858 12104 8435 109487 1265 264560 52690 4391 6652 1004 1800052
internal_value=-5.50842e-08 0.000264941 -0.00636914 -0.0122812 0.000235142 -0.000142752 0.00226849 0.00141607 -0.00112646 -0.000255001 0.00168669 -0.000963857 0.001405 -0.000312957 0.00196109 0.00990247 0.0195137 0.073895 -0.00366487 0.000899761 -0.0109994 -0.00846832 -0.0123862 0.0273767 0.00576229 0.00180707 -0.0549892 -0.00266947 0.00658336 0.000559303
internal_weight=5e+06 4.80028e+06 199723 124299 4.79852e+06 4.50031e+06 1.30399e+06 1.25685e+06 3.19632e+06 2.71046e+06 1.24843e+06 756472 612008 544573 483204 200370 107726 11623 282834 221421 144464 135682 122313 13369 491956 317250 12826 196510 3692 2.44135e+06
internal_count=5000000 4800277 199723 124299 4798524 4500309 1303993 1256852 3196316 2710456 1248428 756472 612008 544573 483204 200370 107726 11623 282834 221421 144464 135682 122313 13369 491956 317250 12826 196510 3692 2441354
cat_boundaries=0 1 2
cat_threshold=12582943 7936
is_linear=0
shrinkage=0.1


Tree=242
num_leaves=31
num_cat=8
split_feature=12 75 80 0 73 86 0 76 8 76 0 73 76 0 75 11 89 74 76 7 12 75 12 74 18 2 89 1 23 76
split_gain=852.116 2107.53 2041.12 2303.98 2019.81 1686.55 2365.63 1576.75 1561.03 2850.05 1882.58 1589.32 1540.11 1540.13 1502.65 1753.16 1564.19 1400.89 1387.43 1374.78 1991.25 1632.24 1608.4 1372.43 1265.7 1223.14 1544.87 1208.27 1288.41 1199.61
threshold=15.550000190734865 0 12.449999809265138 11.650000095367433 141.68669891357425 10.84999990463257 10.050000190734865 1 15.750000000000002 2 9.0500001907348651 144.04920196533206 3 20.150000572204593 4 5.0499999523162851 13.449999809265138 199.50000000000003 5 10.84999990463257 10.050000190734865 6 7.6499998569488534 221.00000000000003 10.050000190734865 17.250000000000004 17.550000190734867 7.2500000000000009 7.2500000000000009 7
decision_type=10 1 10 2 2 10 2 1 8 1 2 2 1 2 1 8 10 2 1 8 8 1 8 2 10 8 8 8 8 1
left_child=2 4 5 17 12 14 23 -5 9 -3 18 27 -2 -14 -1 24 29 -4 -10 20 -9 25 -23 -7 -16 -21 -27 -11 -29 -17
right_child=1 8 3 7 -6 6 -8 19 10 11 -12 -13 13 -15 15 16 -18 -19 -20 21 -22 22 -24 -25 -26 26 -28 28 -30 -31
leaf_value=0.012857999542503865 -0.0042923414154268889 -0.038855362447512032 0.063415427849711062 0.020730298896212168 -0.16200571781214129 0.050768134462712791 0.0039556635828779923 0.0016092292763968366 0.056477313808749589 0.026901752222262182 -4.7144733660410623e-05 -0.05722176816456051 -0.036826274185311307 -0.0026789230455068671 0.00052363567221117165 -0.0025294474409545357 0.013719957843809692 0.013203472799844244 -0.0084918361607215324 0.013907392418118595 -0.030875805900504417 0.070676249848312139 0.015077770105444914 0.0090904298429226003 0.020444916293676823 -0.03518277178280043 -1.5699748227688436e-05 -0.04216789106498478 -0.0022385980123946735 -0.01023712617948782
leaf_weight=75500 103129 28055 11443 60484 898 18138 277841 74611 10163 13123 1884547 5410 37199 20480 1078448 467341 42929 10801 4859 48599 25257 5597 73948 13999 32865 14898 77338 8676 117855 355569
leaf_count=75500 103129 28055 11443 60484 898 18138 277841 74611 10163 13123 1884547 5410 37199 20480 1078448 467341 42929 10801 4859 48599 25257 5597 73948 13999 32865 14898 77338 8676 117855 355569
internal_value=-4.95707e-08 -0.00145243 0.00117336 0.00775141 -0.0124475 5.139e-05 0.00692673 0.00592374 -0.000594559 -0.0096852 0.000233922 -0.00404081 -0.0116131 -0.0246973 -0.000986879 -0.00151562 -0.0048892 0.0390341 0.0354944 0.00312654 -0.00660636 0.00753727 0.0189874 0.0326132 0.00111277 0.00106868 -0.0056959 -0.00198095 -0.00497648 -0.00585999
internal_weight=5e+06 2.23439e+06 2.76561e+06 402976 161706 2.36263e+06 309978 380732 2.07269e+06 173119 1.89957e+06 145064 160808 57679 2.05265e+06 1.97715e+06 865839 22244 15022 320248 99868 220380 79545 32137 1.11131e+06 140835 92236 139654 126531 822910
internal_count=5000000 2234394 2765606 402976 161706 2362630 309978 380732 2072688 173119 1899569 145064 160808 57679 2052652 1977152 865839 22244 15022 320248 99868 220380 79545 32137 1111313 140835 92236 139654 126531 822910
cat_boundaries=0 1 2 3 4 5 6 7 8
cat_threshold=6158 6292479 12836867 12976703 928 31 632 14735391
is_linear=0
shrinkage=0.1


Tree=243
num_leaves=31
num_cat=8
split_feature=74 76 72 72 73 30 72 73 21 72 76 73 76 72 73 74 75 74 76 80 79 76 76 73 12 76 72 90 72 74
split_gain=841.344 1247.8 1129.51 970.602 2691.4 3619.88 5610.43 3029.3 2826.73 2265.41 2494.71 3206.05 2465.23 2377.2 4431.67 2678.24 4039.83 2239.75 2754.31 2114.92 1978.39 1856.32 1724.55 1691.29 1684.44 1463.19 3000.49 3776 2809.94 2281.88
threshold=907.50000000000011 0 35.906650543212898 37.670000076293952 137.86834716796878 1.0000000180025095e-35 36.775800704956062 139.67584991455081 10.84999990463257 34.689199447631843 1 140.40999603271487 2 35.859998703002937 138.8433532714844 114.50000000000001 3 322.00000000000006 4 9.0500001907348651 0.84999999403953563 5 6 139.40080261230472 12.449999809265138 7 35.977499008178718 1.0000000180025095e-35 31.308349609375004 453.50000000000006
decision_type=2 1 2 2 2 10 2 2 8 2 1 2 1 2 2 2 1 2 1 8 10 1 1 2 10 1 2 10 2 2
left_child=3 2 -2 4 25 9 8 -8 21 12 24 13 -6 19 -15 16 22 23 -19 -12 -20 -7 -16 -5 -11 26 28 29 -1 -28
right_child=1 -3 -4 17 5 6 7 -9 -10 10 11 -13 -14 14 15 -17 -18 18 20 -21 -22 -23 -24 -25 -26 -27 27 -29 -30 -31
leaf_value=0.011998134888132672 -0.061143251480346605 0.001123516779992755 -0.01500417231973266 0.016977983066081916 0.072788074706993319 0.14195176497291581 -0.025728195163925063 0.036559643782470931 0.035919542096294527 0.020392360230415765 -0.024128934348641051 0.019913686881665643 0.0072017927016369042 0.0083424775557953534 -0.035615882835272526 -0.0086445414973594977 -0.014006329977851501 -0.028625320587636244 0.011876879678674622 0.010041971659624227 -0.020551623231735962 0.056129579036992998 -0.082182693054544717 -0.0011840857117765727 0.004427083629362046 0.0016064804714894358 0.033230008812297478 -0.03782599226168841 -0.007271043974352286 -0.011489495392811818
leaf_weight=84032 6105 55786 40532 52943 9796 4685 22526 11950 35280 105944 21037 61024 13813 84123 14860 97512 44089 66077 47616 130296 31101 5548 17244 1625217 175652 1293731 54158 11624 761243 14456
leaf_count=84032 6105 55786 40532 52943 9796 4685 22526 11950 35280 105944 21037 61024 13813 84123 14860 97512 44089 66077 47616 130296 31101 5548 17244 1625217 175652 1293731 54158 11624 761243 14456
internal_value=-3.94858e-08 -0.00897006 -0.0210395 0.000187551 0.00127153 0.00603712 0.0262912 -0.00413811 0.0493414 0.00394772 0.00298985 -0.00146825 0.0344492 -0.00465728 -0.0104969 -0.0196206 -0.0336678 -0.00164071 -0.0135738 0.00529183 -0.000935467 0.0956153 -0.0606461 -0.000611104 0.0104333 -0.000565303 -0.00360111 0.0148794 -0.00535542 0.0238082
internal_weight=5e+06 102423 46637 4.89758e+06 3.07462e+06 855379 79989 34476 45513 775390 751781 470185 23609 409161 257828 173705 76193 1.82295e+06 144794 151333 78717 10233 32104 1.67816e+06 281596 2.21924e+06 925513 80238 845275 68614
internal_count=5000000 102423 46637 4897577 3074623 855379 79989 34476 45513 775390 751781 470185 23609 409161 257828 173705 76193 1822954 144794 151333 78717 10233 32104 1678160 281596 2219244 925513 80238 845275 68614
cat_boundaries=0 1 2 3 4 5 6 7 8
cat_threshold=176112 1951 2095104 7174 2047 12583039 14686304 16744449
is_linear=0
shrinkage=0.1


Tree=244
num_leaves=31
num_cat=7
split_feature=12 89 0 75 73 89 81 33 23 77 76 12 28 5 12 7 76 12 50 16 18 6 76 76 28 72 75 30 12 76
split_gain=934.313 1579.32 1429.11 1945.31 1727.18 1700.06 1572.54 1503.53 1382.72 1330.56 1874.43 1434.65 1262.77 1233.39 1220.12 1935.58 3434.06 1985.56 1905.63 2210.48 1589.22 1501 1731.08 1576.1 1436.62 1549.65 1588 1428.72 1395.11 2202.15
threshold=0.45000000298023229 -5.5499999523162833 1.2500000000000002 0 136.54419708251956 -0.45000000298023218 1.0000000180025095e-35 1.0000000180025095e-35 5.4500000476837167 -2.2499999999999996 1 -8.6500000953674299 1.0000000180025095e-35 -4.2499999999999991 9.0500001907348651 9.8499999046325701 2 13.050000190734865 2.1499999761581425 16.650000572204593 13.250000000000002 -1.0000000180025095e-35 3 4 1.0000000180025095e-35 35.906650543212898 5 1.0000000180025095e-35 13.449999809265138 6
decision_type=10 8 2 1 2 8 8 10 10 8 1 10 10 8 10 8 1 10 8 10 8 8 1 1 10 2 1 10 10 1
left_child=1 -1 3 6 -5 -4 7 8 12 -3 -11 -12 -2 -13 20 16 17 -16 19 -18 21 22 -7 -23 -25 -26 -27 -21 29 -17
right_child=2 9 5 4 -6 14 -8 -9 -10 10 11 13 -14 -15 15 28 18 -19 -20 27 -22 23 -24 24 25 26 -28 -29 -30 -31
leaf_value=-0.0084474046157769246 -0.0025510007098896292 -0.0042302531513510678 0.027814746310079144 0.046938324209655255 0.00055016196653825836 -0.037637539105155979 -0.038116127690350138 -0.04386126764233949 -0.034430200752771978 0.019620766538578988 0.030835600877465976 -0.016915321778378126 -0.053550068875043488 0.0047741074728171982 -0.024494695919779427 0.015344935266072311 -0.014910906866130389 -0.09929848880963521 0.013103792684834963 0.017045892758877298 0.020006538087283587 -0.0017908448936236347 0.015372580104603151 0.0050798133124933115 0.049970888096867061 -0.010799911815754688 0.037351036196191144 -0.1803428685925198 -0.0012129457331223701 -0.00025579736588665208
leaf_weight=91556 149571 105484 21808 8993 74679 19177 21546 11944 16780 108790 19147 29196 5018 257064 64209 138414 117539 3756 55667 31576 52279 386754 9070 380975 15248 15626 12181 371 2514333 261249
leaf_count=91556 149571 105484 21808 8993 74679 19177 21546 11944 16780 108790 19147 29196 5018 257064 64209 138414 117539 3756 55667 31576 52279 386754 9070 380975 15248 15626 12181 371 2514333 261249
internal_value=-1.14614e-08 0.00366291 -0.000510158 -0.00731268 0.00553526 -3.14682e-05 -0.0125599 -0.00955681 -0.00716587 0.00579647 0.00834999 0.0043344 -0.00420644 0.00256198 -0.000180366 -0.00109505 -0.00914468 -0.0286244 -0.00268972 -0.00857123 0.00309032 0.00203629 -0.0206241 0.00282576 0.0070364 0.0243511 0.0103024 0.0147536 -0.000340588 0.00514753
internal_weight=5e+06 611237 4.38876e+06 288531 83672 4.10023e+06 204859 183313 171369 519681 414197 305407 154589 286260 4.07842e+06 3.18711e+06 273118 67965 205153 149486 891310 839031 28247 810784 424030 43055 27807 31947 2.914e+06 399663
internal_count=5000000 611237 4388763 288531 83672 4100232 204859 183313 171369 519681 414197 305407 154589 286260 4078424 3187114 273118 67965 205153 149486 891310 839031 28247 810784 424030 43055 27807 31947 2913996 399663
cat_boundaries=0 1 2 3 4 5 6 7
cat_threshold=6662 14681071 15857665 64512 886768 4174 8420367
is_linear=0
shrinkage=0.1


Tree=245
num_leaves=31
num_cat=6
split_feature=11 6 76 0 86 72 0 75 86 83 89 13 73 26 11 8 76 9 19 75 11 0 72 76 11 76 86 12 72 89
split_gain=851.625 1590.46 2056.68 1401.51 1203.86 1471.89 2421.62 1426.88 1697.48 1423.87 1353.14 1337.93 1205 1477.76 1143.76 1858.63 2764.71 1314.05 1247.1 1331.45 1350.13 2414.09 1565.79 1361.49 1170.53 1137.65 1131.01 1235.06 1600.77 1235.02
threshold=2.8500000238418584 3.2500000000000004 0 16.44999980926514 0.45000000298023229 40.420000076293952 -1.8499999642372129 1 4.6499998569488534 -1.0000000180025095e-35 0.65000000596046459 -7.5499999523162833 142.79664611816409 1.0000000180025095e-35 7.4500000476837167 7.6499998569488534 2 2.6499999761581425 -0.25000000745058054 3 15.750000000000002 9.8499999046325701 26.048299789428714 4 9.2500000000000018 5 22.050000190734867 25.050000190734867 30.90164947509766 22.650000572204593
decision_type=8 8 1 2 10 2 2 1 10 10 10 10 2 10 8 8 1 8 8 1 10 2 2 1 8 1 8 10 2 8
left_child=3 2 -2 4 9 -6 -7 8 -8 10 -1 -11 13 -10 17 16 -16 -3 -17 20 21 -20 -22 -23 25 -21 -26 28 -28 -30
right_child=1 14 -4 -5 5 6 7 -9 12 11 -12 -13 -14 -15 15 18 -18 -19 19 24 22 23 -24 -25 26 -27 27 -29 29 -31
leaf_value=-0.0044552722359893172 -0.02219898511541819 -0.033207542747882395 -0.0016609947608629901 0.044373723937990481 0.0031220873218552798 0.13849099795873016 0.017380883494391593 0.0052721478551448443 0.10797308608144503 0.067949264311317023 0.013172247460201431 0.0071056126223701986 0.023441794759331874 -0.06257070748008374 -0.034777677694701019 0.022605019347697403 -0.0033550106254809893 0.0054075050865782766 -0.011007335025573209 0.026750497145126215 0.0061876391729729918 0.025796549303678359 -0.02591864562967865 0.001465396371691583 -0.002473974994414541 0.0026727343025491493 0.023949150150224335 -0.0025626612058349475 -0.0015535709458907266 0.005294927723960883
leaf_weight=431036 76204 8995 135369 8023 197800 1661 24003 47430 5785 3710 48441 139857 4102 557 38737 23613 100983 434365 158464 31951 20422 31160 59288 87739 1171498 50859 36641 500972 423124 697211
leaf_count=431036 76204 8995 135369 8023 197800 1661 24003 47430 5785 3710 48441 139857 4102 557 38737 23613 100983 434365 158464 31951 20422 31160 59288 87739 1171498 50859 36641 500972 423124 697211
internal_value=-2.87321e-09 -0.000616597 -0.00905946 0.00276235 0.00239321 0.00782268 0.0189527 0.0165277 0.0320145 -5.84942e-05 -0.00267438 0.00867791 0.065677 0.0929947 -0.000155742 -0.000773099 -0.0120696 0.00462407 -0.000293788 -0.000459176 -0.00622237 -0.00292613 -0.0176929 0.00784418 0.000247472 0.0119663 -9.55059e-05 0.00158511 0.0033811 0.00270841
internal_weight=5e+06 4.0876e+06 211573 912405 904382 281338 83538 81877 34447 623044 479477 143567 10444 6342 3.87602e+06 3.43266e+06 139720 443360 3.29294e+06 3.26933e+06 357073 277363 79710 118899 2.91226e+06 82810 2.82945e+06 1.65795e+06 1.15698e+06 1.12034e+06
internal_count=5000000 4087595 211573 912405 904382 281338 83538 81877 34447 623044 479477 143567 10444 6342 3876022 3432662 139720 443360 3292942 3269329 357073 277363 79710 118899 2912256 82810 2829446 1657948 1156976 1120335
cat_boundaries=0 1 2 3 4 5 6
cat_threshold=14712321 6180 14807043 4110 895 15759367
is_linear=0
shrinkage=0.1


Tree=246
num_leaves=31
num_cat=7
split_feature=76 26 78 84 75 46 0 79 49 30 10 12 89 1 75 77 12 83 76 75 61 76 3 74 76 73 72 74 72 8
split_gain=960.197 1555.73 1895.89 1674.29 1431.12 1684.79 1421.94 1361.55 1186.5 1121.32 1082.63 1060.97 1200.99 1331.19 1655.33 1267.17 1366.43 1124.3 1084.87 1073.33 1054.28 1043.43 1035.38 1033.19 1699.3 2011.07 1445.17 1604.15 1206.6 1181.09
threshold=0 1.0000000180025095e-35 1.0000000180025095e-35 1.0000000180025095e-35 1 1.0000000180025095e-35 28.94999980926514 7.6499998569488534 1.6500000357627871 1.0000000180025095e-35 -10.349999904632567 21.150000572204593 16.550000190734867 14.050000190734865 2 12.84999990463257 8.6500000953674334 22.349999427795414 3 4 2.1499999761581425 5 13.949999809265138 396.50000000000006 6 138.79664611816409 35.64580154418946 1099.0000000000002 33.750799179077156 -10.249999999999998
decision_type=1 10 8 10 1 10 2 10 10 10 10 8 8 8 1 8 8 8 1 1 10 1 8 2 1 2 2 2 2 10
left_child=1 2 3 4 5 6 10 23 20 -7 -1 12 13 14 18 -14 19 -18 -12 -17 -3 -9 -21 29 25 26 28 -28 -25 -2
right_child=7 8 -4 -5 -6 9 -8 21 -10 -11 11 -13 15 -15 -16 16 17 -19 -20 22 -22 -23 -24 24 -26 -27 27 -29 -30 -31
leaf_value=-0.088526790771165723 0.026209233929502442 0.0028343373802991664 0.011305217324879879 0.016733006018165169 -0.0011417440064676822 -0.028148061735227499 0.01630949882530032 0.007272756804288974 0.015292283331279336 0.016847822595393303 -0.026116336878932608 -0.020837711189166729 -0.023133785554567216 -0.026607690920377874 -0.011107885671377597 -0.013712382643798796 -0.011688200579237513 0.00078525215669583725 0.045051597859546016 0.00083415170678428604 -0.032166029985977805 -0.026468833995909852 0.028769567743985588 0.01147876159068547 0.00085687367703070772 -0.029926443006642822 0.015908610557503575 -0.036722382937593757 -0.029122437198649955 0.0017165054128082423
leaf_weight=1627 19825 60048 87917 38535 682794 54178 27186 13012 87193 6169 2794 49778 28203 49301 98124 13513 117659 187284 9119 21958 10046 30987 33523 9968 284057 45403 39132 6797 27549 2856321
leaf_count=1627 19825 60048 87917 38535 682794 54178 27186 13012 87193 6169 2794 49778 28203 49301 98124 13513 117659 187284 9119 21958 10046 30987 33523 9968 284057 45403 39132 6797 27549 2856321
internal_value=-2.59159e-09 -0.00195954 -0.00294563 -0.00382687 -0.00439965 -0.00757546 -0.00606962 0.000980018 0.00750498 -0.0235483 -0.00706231 -0.00684547 -0.00560498 -0.0129523 -0.00683421 -0.00269377 -0.00115215 -0.0040275 0.0283524 0.0115565 -0.00218198 -0.0164947 0.0177102 0.00121379 -0.00346394 -0.0129885 -0.00377418 0.00811979 -0.018335 0.00188533
internal_weight=5e+06 1.66695e+06 1.50966e+06 1.42174e+06 1.38321e+06 700416 640069 3.33305e+06 157287 60347 612883 611256 561478 159338 110037 402140 373937 304943 11913 68994 70094 43999 55481 3.28905e+06 412906 128849 83446 45929 37517 2.87615e+06
internal_count=5000000 1666949 1509662 1421745 1383210 700416 640069 3333051 157287 60347 612883 611256 561478 159338 110037 402140 373937 304943 11913 68994 70094 43999 55481 3289052 412906 128849 83446 45929 37517 2876146
cat_boundaries=0 1 2 3 4 5 6 7
cat_threshold=520704 1656 96 512 32 1575936 496
is_linear=0
shrinkage=0.1


Tree=247
num_leaves=31
num_cat=7
split_feature=76 11 0 76 10 89 76 72 5 10 15 75 58 50 76 36 55 38 48 54 74 32 76 44 76 48 82 53 5 1
split_gain=856.49 1115.37 1547.68 2403.31 1968.89 2042.74 1856.61 1548.18 1511.19 1329.07 2429.11 1496.37 1304.3 2784.11 2745.75 1920.15 2161.37 1943.93 1833.64 2202.04 2341.74 1746.79 1835.89 1613.87 1520.97 1509.72 1375.73 1301.78 1276.78 1274.68
threshold=0 24.650000572204593 21.150000572204593 1 20.150000572204593 17.849999427795414 2 42.385799407958991 22.849999427795414 13.250000000000002 17.250000000000004 3 1.4499999880790713 1.3499999642372134 4 1.0000000180025095e-35 2.3500000238418584 1.0000000180025095e-35 1.4499999880790713 1.4499999880790713 25.500000000000004 1.0000000180025095e-35 5 1.0000000180025095e-35 6 0.84999999403953563 0.65000000596046459 1.7500000000000002 9.8499999046325701 14.750000000000002
decision_type=1 8 2 1 10 10 1 2 8 10 10 1 8 8 1 10 10 8 8 8 2 8 1 10 1 10 8 10 8 10
left_child=-1 2 4 7 5 9 8 -4 -6 10 12 -11 15 14 28 16 17 23 -15 24 -21 -22 -23 25 -20 27 -27 -2 -14 -7
right_child=1 -3 3 -5 6 29 -8 -9 -10 11 -12 -13 13 18 -16 -17 -18 -19 19 20 21 22 -24 -25 -26 26 -28 -29 -30 -31
leaf_value=0.0025524766449918552 0.011859548229515758 -0.0054902776504212585 0.0021648582290081041 0.012973939275946991 -0.010602964770012265 0.044586514019373698 -0.029346560529097315 -0.016356835585377715 0.012100571457364387 -0.01511134485298851 0.026303800179930462 -0.0026552466453921095 -0.00279161899753054 -0.0064216791709262927 -0.018704046182444322 -0.018973360560084866 -0.015822389656954091 -0.02802514147339414 0.012539887003734122 0.0018291803645025053 0.01216898050282833 0.0044690355607753971 0.050138068326843005 -0.021678219151633343 -0.017929593298521684 0.018643659466426498 -0.0029717139911994289 -0.012182343934117029 0.021546206404727375 0.0072888880895312985
leaf_weight=1040917 189413 428302 432004 213452 138285 9588 41331 50394 37206 126361 34599 407311 87772 118494 112924 71601 97154 23698 23534 237465 277875 13319 26010 29647 53870 31885 384721 25561 28572 206735
leaf_count=1040917 189413 428302 432004 213452 138285 9588 41331 50394 37206 126361 34599 407311 87772 118494 112924 71601 97154 23698 23534 237465 277875 13319 26010 29647 53870 31885 384721 25561 28572 206735
internal_value=-7.40699e-09 -0.000671108 -8.65197e-05 0.00413937 -0.00112379 -0.000365391 -0.0102814 0.000229973 -0.00578924 -0.00120369 5.36246e-05 -0.00560489 -0.000441724 0.00204781 -0.00759692 -0.00329915 -0.00186415 0.000115776 0.00499388 0.00713395 0.00933887 0.0149608 0.0346859 0.00112433 -0.00866631 0.00219471 -0.00131738 0.0090009 0.00318504 0.00894202
internal_weight=5e+06 3.95908e+06 3.53078e+06 695850 2.83493e+06 2.61811e+06 216822 482398 175491 2.40179e+06 1.86811e+06 533672 1.83352e+06 979835 229268 853680 782079 684925 750567 632073 554669 317204 39329 661227 77404 631580 416606 214974 116344 216323
internal_count=5000000 3959083 3530781 695850 2834931 2618109 216822 482398 175491 2401786 1868114 533672 1833515 979835 229268 853680 782079 684925 750567 632073 554669 317204 39329 661227 77404 631580 416606 214974 116344 216323
cat_boundaries=0 1 2 3 4 5 6 7
cat_threshold=31 522272 15728864 6158 16744448 12583904 16711744
is_linear=0
shrinkage=0.1


Tree=248
num_leaves=31
num_cat=7
split_feature=12 77 17 86 83 1 72 73 23 73 76 76 72 75 76 9 28 76 0 89 6 86 76 72 72 74 75 31 86 53
split_gain=813.129 1919.84 1435.97 1457.01 1587.77 1492.27 1467.46 1274.55 1248.03 1361.81 1239.01 1227.02 1211.64 1896.97 1898.88 1750.56 2629.28 1860.35 1373.51 1616.89 1464.7 1372.78 1240.52 3219.73 1525.24 1499.78 1313.55 1180.29 1362.69 1221.84
threshold=-3.5499999523162837 4.2500000000000009 -0.84999999403953541 -5.8500001430511466 -7.8500001430511466 -6.6499998569488517 36.851650238037116 144.46170043945315 -12.949999809265135 141.9591979980469 0 1 41.828350067138679 2 3 1.4499999880790713 1.0000000180025095e-35 4 -3.4500000476837154 -2.1499999761581416 -6.6499998569488517 17.750000000000004 5 40.354150772094734 40.194999694824226 878.50000000000011 6 1.0000000180025095e-35 17.349999427795414 2.2500000000000004
decision_type=8 10 10 10 10 10 2 2 8 2 1 1 2 1 1 8 10 1 2 10 10 8 1 2 2 2 1 8 8 8
left_child=1 2 3 4 7 -5 -6 8 -1 -10 -4 -11 22 15 21 18 17 -17 19 20 -14 -15 23 24 27 -24 -27 28 -2 -29
right_child=12 -3 10 5 6 -7 -8 -9 9 11 -12 -13 13 14 -16 16 -18 -19 -20 -21 -22 -23 25 -25 -26 26 -28 29 -30 -31
leaf_value=0.01277220211106637 -0.010752759611503418 0.054882573847587802 0.077041593730724875 0.055289473668663429 -0.032989711099433057 0.0082357423910426122 0.01474489850153074 0.027539269510790054 -0.0073145969353401001 -0.0099886205780392867 0.0074712746535078624 -0.053506967869870484 0.014209589994903696 -0.00079145811364568139 -0.0060816102051246658 -0.08800250011066002 -0.14245193270700107 -0.011172139153431515 0.0011917237082273856 0.083446736304881988 -0.040726118397693079 0.014038292470998024 0.0018069330935133522 0.026309509321348665 -0.044307696268093347 -0.00069589659397524452 -0.027622446303484052 -0.0025927879844205495 -0.0019475088943208402 0.020254789949793649
leaf_weight=10474 251319 7698 4882 7345 7462 81823 47032 6541 24079 9625 5390 19923 5994 172666 439212 4171 2372 12841 44668 1302 25503 97765 2910076 36933 9200 40753 32615 55026 584577 40733
leaf_count=10474 251319 7698 4882 7345 7462 81823 47032 6541 24079 9625 5390 19923 5994 172666 439212 4171 2372 12841 44668 1302 25503 97765 2910076 36933 9200 40753 32615 55026 584577 40733
internal_value=-6.8853e-09 0.00577763 0.00409441 0.00234375 -0.00461657 0.0121117 0.00820848 -0.01451 -0.0188008 -0.0249673 0.0406184 -0.0393527 -0.000281482 -0.0038145 -0.00202265 -0.0169417 -0.04382 -0.0300677 -0.0102184 -0.0257574 -0.0302716 0.00456956 0.00043783 -0.00265332 -0.00379028 0.00145092 -0.0126697 -0.00339018 -0.00459488 0.00712588
internal_weight=5e+06 232274 224576 214304 125136 89168 54494 70642 64101 53627 10272 29548 4.76773e+06 806494 709643 96851 19384 17012 77467 32799 31497 270431 3.96123e+06 977788 940855 2.98344e+06 73368 931655 835896 95759
internal_count=5000000 232274 224576 214304 125136 89168 54494 70642 64101 53627 10272 29548 4767726 806494 709643 96851 19384 17012 77467 32799 31497 270431 3961232 977788 940855 2983444 73368 931655 835896 95759
cat_boundaries=0 1 2 3 4 5 6 7
cat_threshold=960 4196110 4102 16253027 2040 1818624 4032
is_linear=0
shrinkage=0.1


Tree=249
num_leaves=31
num_cat=4
split_feature=12 86 6 76 0 84 0 23 24 80 55 22 48 12 83 23 89 11 17 1 76 76 0 8 15 12 23 76 12 18
split_gain=851.004 1951.26 1778.11 3520.02 1644.12 1897.17 1529.57 2972.31 1671.15 1441.32 1440.79 1431.86 1347.53 1340.6 1525.87 2208.99 1788.46 1476.11 1740.82 1470.42 1336.4 1299.44 1701.84 1395.79 1779.67 1278.55 1246.24 1180.62 1231.41 1304.9
threshold=18.650000572204593 16.550000190734867 19.349999427795414 0 14.050000190734865 1.0000000180025095e-35 9.0500001907348651 7.0499999523162851 1.0000000180025095e-35 15.34999990463257 2.5499999523162846 13.949999809265138 2.3500000238418584 11.050000190734865 5.8500001430511483 6.0499999523162851 6.8500001430511483 1.2500000000000002 4.4500000476837167 4.4500000476837167 1 2 7.0499999523162851 5.0499999523162851 9.8499999046325701 20.650000572204593 14.650000095367433 3 -10.349999904632567 -5.3500001430511466
decision_type=10 10 8 1 2 10 2 8 2 10 10 8 8 8 10 10 10 8 10 8 1 1 2 10 8 10 10 1 8 10
left_child=1 9 3 25 5 11 8 12 10 13 -5 -4 -8 14 16 20 17 18 27 -18 -16 22 23 24 -19 -2 -11 -1 29 -29
right_child=2 -3 4 6 -6 -7 7 -9 -10 26 -12 -13 -14 -15 15 -17 19 21 -20 -21 -22 -23 -24 -25 -26 -27 -28 28 -30 -31
leaf_value=0.005758042049721912 -0.018908891251224844 0.0074572896432409264 0.059234297659667139 0.038414210565191169 -0.00051773973019916667 -0.20321848547894017 -0.092974413173096473 -0.003128815980052946 -0.25502987204400718 0.021144997159157065 -0.040027971208634675 -0.0096777096135399927 0.015036817744158867 -0.0042854588596699435 0.0059134775909639985 0.0018019737335390675 0.039422202428687519 -0.013962225736872991 0.024096349178516122 0.005936064303692869 0.027434301285692728 -0.0021067220630261664 0.010568389593101267 -0.0266406416907734 0.016037921182804143 -0.04747551378924194 0.0035986160390981633 0.0067820137209915615 -0.0052698465321465932 0.063793142991421081
leaf_weight=228645 55527 403071 10058 16492 1335129 332 5391 253617 212 52793 2729 4306 1470 726110 52997 362478 14302 119543 32103 157770 63383 436838 31055 65300 23693 21826 173535 24131 320348 4816
leaf_count=228645 55527 403071 10058 16492 1335129 332 5391 253617 212 52793 2729 4306 1470 726110 52997 362478 14302 119543 32103 157770 63383 436838 31055 65300 23693 21826 173535 24131 320348 4816
internal_value=-2.87055e-08 0.000939303 -0.00181196 -0.00808526 -0.000151584 0.0331136 -0.00286659 -0.00488579 0.0241972 3.01825e-05 0.027277 0.038576 -0.0698325 -0.000620824 0.000752628 0.00565047 -0.000855395 -0.00213606 0.00143083 0.00871931 0.017637 -0.00535289 -0.011271 -0.0145238 -0.00899983 -0.0269658 0.00769146 0.000171826 -0.00348492 0.0162671
internal_weight=5e+06 3.29291e+06 1.70709e+06 357264 1.34982e+06 14696 279911 260478 19433 2.88984e+06 19221 14364 6861 2.66351e+06 1.9374e+06 478858 1.45854e+06 1.28647e+06 610043 172072 116380 676429 239591 208536 143236 77353 226328 577940 349295 28947
internal_count=5000000 3292911 1707089 357264 1349825 14696 279911 260478 19433 2889840 19221 14364 6861 2663512 1937402 478858 1458544 1286472 610043 172072 116380 676429 239591 208536 143236 77353 226328 577940 349295 28947
cat_boundaries=0 1 2 3 4
cat_threshold=14940161 4325056 788448 15335487
is_linear=0
shrinkage=0.1


Tree=250
num_leaves=31
num_cat=2
split_feature=76 48 51 49 52 74 74 51 33 57 78 90 26 84 25 24 84 87 76 36 81 27 48 71 1 85 56 22 50 0
split_gain=860.361 2365.47 1905.05 1617.27 2193.43 1922.22 1917.57 1478 1442.34 1370.07 1322.57 2549.96 2440.49 2699.54 2387.21 2249.89 2187.18 2042.67 1930.33 1616.82 1585.53 1510.74 1410.63 3058.92 2538.05 2002.32 1831.27 1745.3 1527 1512.55
threshold=0 4.2500000000000009 2.6499999761581425 4.2500000000000009 3.2500000000000004 7.5000000000000009 4.5000000000000009 4.2500000000000009 1.0000000180025095e-35 4.7500000000000009 1.0000000180025095e-35 1.0000000180025095e-35 1.0000000180025095e-35 1.0000000180025095e-35 1.0000000180025095e-35 1.0000000180025095e-35 1.0000000180025095e-35 1.0000000180025095e-35 1 1.0000000180025095e-35 1.0000000180025095e-35 1.0000000180025095e-35 1.7500000000000002 1.0500000119209292 17.44999980926514 1.9499999880790713 2.8500000238418584 14.84999990463257 1.8499999642372134 15.550000190734865
decision_type=1 10 10 8 8 2 2 10 8 10 10 10 10 10 10 2 10 10 1 8 10 10 8 8 10 8 8 8 10 2
left_child=1 7 -3 5 -5 -2 -6 10 -8 -7 11 12 13 14 15 17 -12 20 19 -18 21 22 25 -24 26 27 28 29 -25 -1
right_child=3 2 -4 4 6 9 8 -9 -10 -11 16 -13 -14 -15 -16 -17 18 -19 -20 -21 -22 -23 23 24 -26 -27 -28 -29 -30 -31
leaf_value=-0.0013676047330890145 0.0051889233061295555 -0.033843251452037551 -0.0050406406382665428 -0.0082768361625840843 -0.012347534538266298 -0.0029561590451027326 0.0081584575035393691 -0.010704199355618761 0.02854037447216189 -0.017922547049552796 -0.019918383907276991 -0.015366423710926988 -0.016086779145197589 -0.024441150749403132 -0.031083945842204353 -0.036471077249127508 0.026343483621820166 -0.025808242029112877 -0.0086279714511527991 -0.013728061543849694 -0.027860455804848978 -0.018321748535027368 -0.0023278109560815104 0.017332791941005381 0.0031060300735320573 0.010218630279707038 0.012355487068160975 0.0081206756890185652 0.039057808242894954 -0.034457457501401577
leaf_weight=342263 297424 26097 191269 106854 40447 1894971 265642 81845 39940 63206 64428 66622 55381 30080 17375 12276 41862 19335 66219 13258 13023 22906 105682 53928 90856 528583 97129 255834 80870 14395
leaf_count=342263 297424 26097 191269 106854 40447 1894971 265642 81845 39940 63206 64428 66622 55381 30080 17375 12276 41862 19335 66219 13258 13023 22906 105682 53928 90856 528583 97129 255834 80870 14395
internal_value=-1.84341e-08 0.0014261 -0.00849869 -0.00120659 0.00424679 -0.00230153 0.00811409 0.0024662 0.0108224 -0.00343924 0.00300725 0.00383346 0.00456863 0.0052477 0.00578748 0.00617882 -0.00502748 0.00650105 0.00287923 0.0167021 0.00689016 0.00717435 0.00754644 0.0124388 0.0172735 0.00570939 0.0228236 0.0018179 0.0303664 -0.00270314
internal_weight=5e+06 2.29152e+06 217366 2.70848e+06 452883 2.2556e+06 346029 2.07415e+06 305582 1.95818e+06 1.9923e+06 1.80654e+06 1.73992e+06 1.68454e+06 1.65446e+06 1.63708e+06 185767 1.6248e+06 121339 55120 1.60547e+06 1.59245e+06 1.56954e+06 428465 322783 1.14108e+06 231927 612492 134798 356658
internal_count=5000000 2291516 217366 2708484 452883 2255601 346029 2074150 305582 1958177 1992305 1806538 1739916 1684535 1654455 1637080 185767 1624804 121339 55120 1605469 1592446 1569540 428465 322783 1141075 231927 612492 134798 356658
cat_boundaries=0 1 2
cat_threshold=14680319 31
is_linear=0
shrinkage=0.1


Tree=251
num_leaves=31
num_cat=4
split_feature=11 8 76 86 1 27 80 12 83 1 7 12 83 2 89 1 0 74 73 75 0 23 75 36 0 72 12 0 74 76
split_gain=814.924 1720.14 3835.75 1595.48 1454.99 1575.38 1420.14 1440.53 1313.76 2338.85 1532.04 1694.45 1437.79 1391.87 1342.1 1362.17 1303.43 1726.59 1273.13 1678.18 1225.71 2757.58 1224.3 1486.29 2550.08 1446.02 1352.59 1531.08 1341.26 1294.74
threshold=21.150000572204593 20.250000000000004 0 16.750000000000004 14.84999990463257 1.0000000180025095e-35 17.849999427795414 12.650000095367433 8.4499998092651385 10.650000095367433 8.6500000953674334 3.0499999523162846 11.650000095367433 16.250000000000004 9.8499999046325701 7.0499999523162851 6.6499998569488534 326.00000000000006 144.04920196533206 1 13.34999990463257 12.050000190734865 2 1.0000000180025095e-35 8.4499998092651385 36.436649322509773 16.150000572204593 12.449999809265138 531.00000000000011 3
decision_type=8 8 1 10 8 10 10 10 10 8 8 10 10 8 10 8 2 2 2 1 2 10 1 8 2 2 10 2 2 1
left_child=3 2 20 6 -5 -6 7 8 14 16 11 -11 -12 -14 -1 -16 17 -10 22 -20 -2 -22 25 -24 -25 29 -26 -28 -27 -9
right_child=1 -3 -4 4 5 -7 -8 18 9 10 12 -13 13 -15 15 -17 -18 -19 19 -21 21 -23 23 24 26 28 27 -29 -30 -31
leaf_value=-0.001297351075281297 0.029917644114991034 -0.0011912811463687697 -0.040924611901479502 0.030004673473182544 0.0028412097524311993 0.021196671200772645 0.0085320064722191492 0.021911549939820949 0.07299885384345689 0.011904637627880547 -0.010548584855378013 -0.020353930369812229 0.017984271633634918 -0.005048895851106747 0.046314582012984315 0.0064491416710876137 0.012085844823391379 0.0074436187932233784 -0.007797834893872359 -0.061928396181809134 -0.095194029035903183 0.0011548620534185643 -0.0048867185927736955 -0.11542762941767977 -0.0048005241977228802 -0.0015184557695949094 -0.12925465857367921 -0.030266127627752323 -0.03359551285990138 0.00035933918113165408
leaf_weight=1626606 11869 1175950 35711 23309 514112 51436 177709 52317 8506 22398 42948 59643 83354 38286 9233 119571 147493 7614 16800 8688 3235 36336 430366 2846 28337 176322 1767 13503 14076 59659
leaf_count=1626606 11869 1175950 35711 23309 514112 51436 177709 52317 8506 22398 42948 59643 83354 38286 9233 119571 147493 7614 16800 8688 3235 36336 430366 2846 28337 176322 1767 13503 14076 59659
internal_value=-1.83115e-08 -0.00219591 -0.0157516 0.000742209 0.00551976 0.00451062 -0.000151456 -0.00067097 0.000671412 0.00576628 -0.000383617 -0.011547 0.00518093 0.0107346 -0.000519267 0.0093068 0.0150366 0.042035 -0.00428375 -0.0262765 0.00173183 -0.00672183 -0.00356435 -0.00672084 -0.0237146 0.00141337 -0.017729 -0.0417208 -0.00388989 0.0104309
internal_weight=5e+06 1.2631e+06 87151 3.7369e+06 588857 565548 3.14804e+06 2.97033e+06 2.16565e+06 410242 246629 82041 164588 121640 1.75541e+06 128804 163613 16120 804681 25488 51440 39571 779193 476819 46453 302374 43607 15270 190398 111976
internal_count=5000000 1263101 87151 3736899 588857 565548 3148042 2970333 2165652 410242 246629 82041 164588 121640 1755410 128804 163613 16120 804681 25488 51440 39571 779193 476819 46453 302374 43607 15270 190398 111976
cat_boundaries=0 1 2 3 4
cat_threshold=504 1920 992 10486015
is_linear=0
shrinkage=0.1


Tree=252
num_leaves=31
num_cat=3
split_feature=76 72 73 72 73 73 13 72 1 89 74 48 16 85 82 75 61 57 1 75 72 73 59 74 74 57 80 11 77 73
split_gain=877.674 1053.74 2718.9 1300.57 2683.18 1618.31 1651.61 1555.38 1481.43 1370.44 1347.63 1270.46 1203.9 1113.53 939.801 932.266 897.797 2201.52 1692.2 1393.6 1151.47 1122.81 1092.49 984.653 934.485 883.487 875.363 1334.35 1192.95 1235.27
threshold=0 34.788349151611335 138.99334716796878 34.940799713134773 136.21164703369143 136.54419708251956 10.84999990463257 35.185850143432624 15.84999990463257 31.44999980926514 536.00000000000011 8.8499999046325701 7.0499999523162851 2.1499999761581425 3.6499999761581425 1 2.8500000238418584 2.3500000238418584 14.84999990463257 2 37.225849151611335 140.55999755859378 3.3500000238418584 18.500000000000004 23.500000000000004 2.0499999523162846 -13.749999999999998 -7.5499999523162833 -13.15000009536743 143.53584289550784
decision_type=1 2 2 2 2 2 10 2 8 8 2 10 8 10 8 1 10 10 10 1 2 2 10 2 2 10 8 8 10 2
left_child=1 2 15 4 13 6 7 -5 10 -6 -9 16 -10 -3 -15 25 22 -18 20 -20 -19 -22 23 -7 -25 -1 28 -28 29 -2
right_child=26 3 -4 5 9 11 -8 8 12 -11 -12 -13 -14 14 -16 -17 17 18 19 -21 21 -23 -24 24 -26 -27 27 -29 -30 -31
leaf_value=-0.019214509959552033 -0.073277416451930644 -0.03403678070585258 0.053555341247380962 -0.0028986128639335966 -0.048529780800495761 0.0055573648784180271 -0.0029295180964517106 0.02378997923328784 0.18747433203904948 0.027394092074123057 0.16397116915160059 0.028881948781454891 0.062375492683789335 -0.1425512633729937 -0.053569241090670197 0.0029785805460296596 -0.034504210928300742 -0.026342299842327527 -0.013077865489585134 -0.065777397526438977 0.03326961546232602 0.00088454689320107088 -0.027124067259419467 -0.023893603516318584 -0.0040337062785417953 0.0060854461814869309 0.01813166217058856 0.00064252065189098991 0.029496664017850279 0.0068769783111206299
leaf_weight=40250 5578 13337 10006 13985 3090 106638 50725 21859 1022 10309 708 10916 3111 1998 2924 305643 34970 10002 22994 6415 15432 34956 19632 24970 463252 21006 44146 3694382 2810 2934
leaf_count=40250 5578 13337 10006 13985 3090 106638 50725 21859 1022 10309 708 10916 3111 1998 2924 305643 34970 10002 22994 6415 15432 34956 19632 24970 463252 21006 44146 3694382 2810 2934
internal_value=-3.41645e-08 -0.00229463 0.0021245 -0.00420201 -0.0240999 -0.00345351 0.00910873 0.0241177 0.0382684 0.00988497 0.0281879 -0.00498423 0.0933097 -0.049039 -0.0896899 0.000721885 -0.00548431 -0.0132181 -0.0049288 -0.0246001 0.00465079 0.0108029 -0.003914 -0.003148 -0.00504944 -0.0105369 0.000764956 0.000849039 -0.0269987 -0.045649
internal_weight=5e+06 1.25015e+06 376905 873245 31658 841587 91410 40685 26700 13399 22567 750177 4133 18259 4922 366899 739261 124769 89799 29409 60390 50388 614492 594860 488222 61256 3.74985e+06 3.73853e+06 11322 8512
internal_count=5000000 1250150 376905 873245 31658 841587 91410 40685 26700 13399 22567 750177 4133 18259 4922 366899 739261 124769 89799 29409 60390 50388 614492 594860 488222 61256 3749850 3738528 11322 8512
cat_boundaries=0 1 2 3
cat_threshold=254464 3072 4032
is_linear=0
shrinkage=0.1


Tree=253
num_leaves=31
num_cat=5
split_feature=0 76 82 26 75 26 76 85 78 11 72 4 75 86 11 0 76 90 10 78 90 84 26 25 87 29 72 28 30 81
split_gain=793.586 864.615 1766.05 1637.79 1714.94 2190.44 1661.92 1494.07 1461.78 1329.05 1594.92 1281.4 1267.61 1615.62 1349.64 1423.07 1419.4 1423.77 1399.2 1255.27 2394.88 2002.48 2186.08 2033.85 1905.45 1839.89 1652.86 1912.79 1921.31 1671.81
threshold=34.049999237060554 0 7.0499999523162851 1.0000000180025095e-35 1 2.2500000000000004 2 7.7500000000000009 1.0000000180025095e-35 24.349999427795414 36.013349533081062 9.0500001907348651 3 27.94999980926514 20.849999427795414 19.94999980926514 4 1.0000000180025095e-35 -10.349999904632567 1.0000000180025095e-35 1.0000000180025095e-35 1.0000000180025095e-35 1.0000000180025095e-35 1.0000000180025095e-35 1.0000000180025095e-35 1.0000000180025095e-35 35.390001296997077 1.0000000180025095e-35 1.0000000180025095e-35 1.0000000180025095e-35
decision_type=2 1 10 10 1 10 1 10 8 10 2 10 1 10 8 2 1 10 8 8 10 10 10 10 10 8 2 10 10 10
left_child=1 2 7 8 9 6 -6 19 12 10 -5 -7 -3 14 16 -16 17 18 -14 20 21 22 23 24 26 -21 -1 28 29 -28
right_child=-2 3 -4 4 5 11 -8 -9 -10 -11 -12 -13 13 -15 15 -17 -18 -19 -20 25 -22 -23 -24 -25 -26 -27 27 -29 -30 -31
leaf_value=0.0015256616304597966 0.028710415304086148 -0.00037085109799300309 -0.020297820193882463 0.032145771247684266 -0.024444257695773155 0.0027963566231405754 0.010732109534223997 -0.023778055757793404 0.0080623641708477255 -0.011228171671885343 0.0078174666522837499 -0.047124758611926609 -0.14128374416587847 0.015300936258954257 -0.079964475550161854 -0.014242241097035589 -0.0018897495937563631 0.033173830677017777 -0.010877176648855763 -0.011203160250868016 -0.013829825617288316 -0.015787344083518905 -0.015828175881385628 -0.026097929719797824 -0.021112093370836929 0.0059774018449477726 0.0092019734914736313 -0.017755578573503808 -0.01714180949768623 -0.03187758102628073
leaf_weight=787959 9609 1046131 37438 48255 16320 7805 75656 23007 130376 17357 61027 15069 825 36888 3394 112474 606069 7396 305029 164122 85081 53634 55270 21719 28247 100504 1074802 29271 29267 9999
leaf_count=787959 9609 1046131 37438 48255 16320 7805 75656 23007 130376 17357 61027 15069 825 36888 3394 112474 606069 7396 305029 164122 85081 53634 55270 21719 28247 100504 1074802 29271 29267 9999
internal_value=-4.59169e-08 -5.53279e-05 0.00125824 -0.0013743 0.0064515 -0.00239784 0.00448901 0.00158591 -0.00221477 0.0144761 0.01856 -0.0300908 -0.00284732 -0.00526382 -0.00599667 -0.0161674 -0.00471479 -0.0101802 -0.0112289 0.00182508 0.00261621 0.00328565 0.00378796 0.00433518 0.00467249 -0.00467804 0.00504961 0.00747822 0.00814121 0.00882333
internal_weight=5e+06 4.99039e+06 2.50032e+06 2.49007e+06 241489 114850 91976 2.46288e+06 2.24858e+06 126639 109282 22874 2.11821e+06 1.07208e+06 1.03519e+06 115868 919319 313250 305854 2.43988e+06 2.17525e+06 2.09017e+06 2.03653e+06 1.98126e+06 1.95954e+06 264626 1.9313e+06 1.14334e+06 1.11407e+06 1.0848e+06
internal_count=5000000 4990391 2500320 2490071 241489 114850 91976 2462882 2248582 126639 109282 22874 2118206 1072075 1035187 115868 919319 313250 305854 2439875 2175249 2090168 2036534 1981264 1959545 264626 1931298 1143339 1114068 1084801
cat_boundaries=0 1 2 3 4 5
cat_threshold=15728895 1986 768 6534 491520
is_linear=0
shrinkage=0.1


Tree=254
num_leaves=31
num_cat=8
split_feature=12 16 75 72 23 73 75 37 77 76 8 75 74 20 73 72 11 83 4 76 4 11 86 1 7 75 74 75 83 76
split_gain=807.799 1392.14 1096.18 1454.75 1647.44 1229.9 1325.18 1077.74 1037.18 1022.34 1898.7 1335.43 1393.81 2021.28 1858.62 1473.64 1264.55 1393.6 1329.27 2524.84 1475.89 1268.35 1614.78 1841.06 1586.77 1583.57 1697.02 1570.57 1536.77 1701.56
threshold=27.44999980926514 29.750000000000004 0 36.099998474121101 18.44999980926514 142.79664611816409 1 1.0000000180025095e-35 25.44999980926514 2 25.650000572204593 3 15.500000000000002 3.6499999761581425 141.9591979980469 31.308349609375004 22.550000190734867 19.849999427795414 23.349999427795414 4 20.650000572204593 9.6500000953674334 9.2500000000000018 10.650000095367433 7.6499998569488534 5 69.500000000000014 6 10.250000000000002 7
decision_type=10 10 1 2 10 2 1 8 10 1 8 1 2 8 2 2 8 10 8 1 10 10 10 8 8 1 2 1 10 1
left_child=1 8 5 -4 -5 -2 -7 -3 9 10 11 -1 13 -13 15 -15 17 21 19 -18 -21 22 28 -24 -25 -23 -27 -26 -11 -30
right_child=2 7 3 4 -6 6 -8 -9 -10 16 -12 12 -14 14 -16 -17 18 -19 -20 20 -22 25 23 24 27 26 -28 -29 29 -31
leaf_value=0.0068538527905128536 -0.0029124233190224087 0.016430943472178713 -0.017106377238903247 -0.060950596790670913 -0.26359362546429488 0.0068538766036685935 -0.11280850270954608 0.090950786793535091 0.0068665415893576767 -0.0014211727609583524 0.025569463376357578 0.0093022897907237261 0.0017451120558387261 0.027097730318575167 -0.074468140199022814 -0.018654503834783887 -0.00073577769697974352 0.0053991892273118625 -0.0016847857355926925 -0.057395949781172462 -0.020495467207430618 0.0033887570113264754 0.020555202149013574 -0.0090091916035174007 -0.0022196495302470205 -0.0014980630579079042 -0.0098807077646301863 0.024222962378318419 0.001384498201281327 0.03056393839299662
leaf_weight=336139 283938 28990 11815 2081 497 1651 2106 2080 221110 1238279 35391 37757 393363 7727 5512 79171 70461 381010 221686 13393 56839 267046 81830 71247 45023 532009 442275 44819 52487 32268
leaf_count=336139 283938 28990 11815 2081 497 1651 2106 2080 221110 1238279 35391 37757 393363 7727 5512 79171 70461 381010 221686 13393 56839 267046 81830 71247 45023 532009 442275 44819 52487 32268
internal_value=-4.45239e-08 0.000322271 -0.00501252 -0.0319347 -0.100017 -0.0036644 -0.0605053 0.0214197 0.000181812 -0.000150655 0.00286967 0.00193519 -0.001223 -0.0101927 -0.018158 -0.0145862 -0.000912029 -0.000275801 -0.00650973 -0.0141123 -0.0275283 -0.00104602 0.000846452 0.00834059 0.00213581 -0.0034334 -0.0053033 0.0109741 -0.000529528 0.0124975
internal_weight=5e+06 4.69791e+06 302088 14393 2578 287695 3757 31070 4.66684e+06 4.44573e+06 895060 859669 523530 130167 92410 86898 3.55067e+06 3.18829e+06 362379 140693 70232 2.80728e+06 1.56595e+06 242919 161089 1.24133e+06 974284 89842 1.32303e+06 84755
internal_count=5000000 4697912 302088 14393 2578 287695 3757 31070 4666842 4445732 895060 859669 523530 130167 92410 86898 3550672 3188293 362379 140693 70232 2807283 1565953 242919 161089 1241330 974284 89842 1323034 84755
cat_boundaries=0 1 2 3 4 5 6 7 8
cat_threshold=960 128 8388623 7936 240 448 696 129024
is_linear=0
shrinkage=0.1


Tree=255
num_leaves=31
num_cat=4
split_feature=11 0 78 73 75 22 83 7 11 12 86 76 89 77 72 73 0 6 51 16 3 77 72 23 66 89 76 74 76 0
split_gain=787.94 1344.66 2062.92 1589.27 1680.85 1977.79 1570.36 1364.47 1566.29 1362.52 1263.43 1741.71 1275.33 1743.08 1270.86 1360.41 1254.5 1232.37 2218.34 1892.46 1614.51 1229.86 1192.62 1482.8 1202.5 1153.58 1142.55 1128.38 1079.47 1066.76
threshold=-1.2499999999999998 -0.15000000223517415 1.0000000180025095e-35 136.45999908447268 0 5.2500000000000009 0.84999999403953563 -2.1499999761581416 4.0499999523162851 4.2500000000000009 -1.9499999880790708 1 -3.6499999761581416 -2.2499999999999996 36.823350906372077 138.41335296630862 -1.4499999880790708 4.4500000476837167 1.9499999880790713 10.449999809265138 5.8500001430511483 1.4499999880790713 39.460000991821296 -7.4500000476837149 1.0500000119209292 0.84999999403953563 2 741.50000000000011 3 -2.7499999999999996
decision_type=8 2 10 2 1 10 10 8 10 10 10 1 10 10 2 2 2 8 8 8 10 10 2 8 10 10 1 2 1 2
left_child=10 2 3 -2 5 6 21 28 26 29 12 -12 13 22 15 -14 -13 18 19 -10 -20 25 -1 -24 -25 -5 -9 -23 -3 -4
right_child=1 7 9 4 -6 -7 -8 8 17 -11 11 16 14 -15 -16 -17 -18 -19 20 -21 -22 27 23 24 -26 -27 -28 -29 -30 -31
leaf_value=0.013173577765120657 0.01351904541344336 -0.067185494550441899 -0.085407534306386645 -0.015387684893030782 0.023644606876846344 -0.054367566911021875 0.027062935884244382 0.021635525764699872 -0.025364101572220177 -0.14035854941835565 0.048250830039897143 0.033371030642459713 0.0035300974127563814 0.022916855319999846 0.017965255655897384 -0.061073379853483094 0.0040471196726925831 -0.00016991122162605924 0.013842544877110154 0.0028066442587140871 -0.033405007804436351 0.081389823259087279 0.0027650359422340468 -0.037919065871321843 -0.011472928859198119 0.02012778026516291 0.0040326464049565127 -0.057491060133186091 -0.00020033344155368142 -0.020505731761803918
leaf_weight=26177 38296 5393 3120 136372 14648 10189 11269 40270 79861 1266 12402 17350 13093 22345 62797 4340 91680 3687978 50017 33999 8455 2508 59195 21857 80580 9803 436180 763 4347 13450
leaf_count=26177 38296 5393 3120 136372 14648 10189 11269 40270 79861 1266 12402 17350 13093 22345 62797 4340 91680 3687978 50017 33999 8455 2508 59195 21857 80580 9803 436180 763 4347 13450
internal_value=-4.85694e-08 -0.00037614 -0.00763607 -0.00502818 -0.00885613 -0.0116424 -0.00893448 2.75435e-05 0.00011151 -0.040366 0.00419011 0.0127554 0.00060829 -0.00348643 0.011334 -0.0125531 0.00871265 -0.000556143 -0.00882167 -0.0169522 0.00701059 -0.0116489 -0.00662782 -0.00983474 -0.0171157 -0.0130059 0.005521 0.0489942 -0.0373589 -0.0327262
internal_weight=5e+06 4.58818e+06 241684 223848 185552 170904 160715 4.3465e+06 4.33676e+06 17836 411816 121432 290384 210154 80230 17433 109030 3.86031e+06 172332 113860 58472 149446 187809 161632 102437 146175 476450 3271 9740 16570
internal_count=5000000 4588184 241684 223848 185552 170904 160715 4346500 4336760 17836 411816 121432 290384 210154 80230 17433 109030 3860310 172332 113860 58472 149446 187809 161632 102437 146175 476450 3271 9740 16570
cat_boundaries=0 1 2 3 4
cat_threshold=6158 12583423 12582927 129024
is_linear=0
shrinkage=0.1


Tree=256
num_leaves=31
num_cat=4
split_feature=79 72 73 72 76 73 72 73 72 73 73 74 76 73 91 73 85 16 72 88 72 76 73 73 76 74 72 73 57 72
split_gain=783.435 1301.66 1671.16 2692.91 1926.14 1661.5 1648.24 1563.27 2212.47 1736.81 1522.11 1498.97 1466.58 1452.66 1410.49 2969.43 1400.12 1396.39 1334.48 1324.98 1597.5 1622.41 1742.06 1328.63 1303.28 1435.68 1193.44 1756.75 1446.44 1228.49
threshold=0.75000000000000011 32.826700210571296 133.94165039062503 34.909999847412116 0 142.61585235595706 33.817499160766609 132.01335144042972 35.502500534057624 132.18415069580081 131.11000061035159 132.50000000000003 1 142.44419860839847 3.0499999523162846 144.46170043945315 0.35000000894069677 14.449999809265138 44.01414871215821 4.8500001430511483 34.255849838256843 2 132.72084808349612 132.91915130615237 3 43.500000000000007 37.846700668334968 140.40999603271487 1.8499999642372134 35.859998703002937
decision_type=10 2 2 2 1 2 2 2 2 2 2 2 1 2 10 2 10 10 2 8 2 1 2 2 1 2 2 2 10 2
left_child=-1 10 7 6 -5 11 12 16 9 -9 -2 -6 -4 26 -7 -16 -3 -10 -17 20 21 23 -23 -11 -8 -26 27 28 29 -13
right_child=1 2 3 4 5 14 24 8 17 19 -12 13 -14 -15 15 18 -18 -19 -20 -21 -22 22 -24 -25 25 -27 -28 -29 -30 -31
leaf_value=0.0011430778244160284 0.0011256017496589182 0.0068039453283583176 0.021265826039288088 0.0019519813506943245 -0.0002900952594868351 -0.0099270643116689695 0.002688583804774802 -0.052899189688901921 0.048126881598651083 -0.046123238985284726 0.019141849227973684 -0.022253093462674661 -0.055858451407353515 0.014533863577185075 -0.062737548046835623 -0.017137765215421718 -0.0097861060360054826 -0.0080385458639891955 0.057487235934388939 -0.029983264585768922 0.0072113723621821616 0.016576031389069889 -0.043230524726612998 0.015250096996247556 0.010853319092954006 0.035381329292910407 -0.02220332600683626 0.029902002683657697 -0.028060280524570436 0.0020676490670174827
leaf_weight=2726335 211005 91432 3875 607988 464749 84339 74226 13990 8234 4482 60294 28305 6758 22280 17078 10522 114673 9573 3103 44950 36508 5868 28649 16560 63114 38372 78695 11871 34162 78010
leaf_count=2726335 211005 91432 3875 607988 464749 84339 74226 13990 8234 4482 60294 28305 6758 22280 17078 10522 114673 9573 3103 44950 36508 5868 28649 16560 63114 38372 78695 11871 34162 78010
internal_value=-3.7676e-08 -0.00137074 -0.00225146 -0.000864856 -0.0023276 -0.00545071 0.0104473 -0.00827043 -0.0154053 -0.0193366 0.00512957 -0.00366329 -0.0277845 -0.00985178 -0.0166079 -0.0349599 -0.00242645 0.0179325 -0.000142435 -0.0159097 -0.00903856 -0.0197164 -0.0330536 0.00217638 0.0127609 0.0201254 -0.0122033 -0.00703787 -0.0101595 -0.00440744
internal_weight=5e+06 2.27366e+06 2.00237e+06 1.62745e+06 1.4411e+06 833114 186345 374919 168814 151007 271299 718072 10633 253323 115042 30703 206105 17807 13625 137017 92067 55559 34517 21042 175712 101486 231043 152348 140477 106315
internal_count=5000000 2273665 2002366 1627447 1441102 833114 186345 374919 168814 151007 271299 718072 10633 253323 115042 30703 206105 17807 13625 137017 92067 55559 34517 21042 175712 101486 231043 152348 140477 106315
cat_boundaries=0 1 2 3 4
cat_threshold=16515103 15728671 14680191 14680319
is_linear=0
shrinkage=0.1


Tree=257
num_leaves=31
num_cat=8
split_feature=12 77 75 76 5 76 75 0 74 23 76 37 83 23 89 75 16 5 72 61 59 91 49 48 48 75 23 75 74 0
split_gain=810.816 1449.79 1291.35 1466.74 1556.2 1867.25 1287.83 1246.87 1344.8 1217.61 1154.21 978.634 973.724 1095.36 1700.13 1483.62 999.51 1169.99 995.569 964.12 1407.19 1285.29 1219.31 2158.24 1871.8 1920.62 1984.79 1492.68 1600.15 1446.79
threshold=24.550000190734867 22.550000190734867 0 1 24.94999980926514 2 3 15.150000095367433 197.50000000000003 17.44999980926514 4 1.0000000180025095e-35 22.349999427795414 19.349999427795414 18.650000572204593 5 11.650000095367433 11.050000190734865 43.531650543212898 1.3499999642372134 3.1499999761581425 0.65000000596046459 1.6500000357627871 2.7500000000000004 1.4499999880790713 6 4.0499999523162851 7 15.500000000000002 2.8500000238418584
decision_type=10 10 1 1 8 1 1 2 2 10 1 10 10 10 10 1 8 8 2 10 10 10 8 10 8 1 10 1 2 2
left_child=1 12 3 -2 5 -5 -3 9 -9 -4 -8 -6 13 14 19 -16 -15 -18 -19 20 21 -1 23 27 -24 29 -27 28 -21 -26
right_child=2 6 7 4 11 -7 10 8 -10 -11 -12 -13 -14 16 15 -17 17 18 -20 22 -22 -23 24 -25 25 26 -28 -29 -30 -31
leaf_value=0.0015528777085557824 0.0038863205617414576 0.025671522299314655 0.01735207382924871 -0.010699664159802233 -0.0035169828507513562 -0.047727232384195323 -1.7542928278068212e-05 -0.024342371053450416 -0.096139551873865026 -0.13588625828830703 0.013693030860000647 0.022871646069489798 0.0066626082364488306 0.023975587996614395 0.0039633547102807731 0.025348715899844367 -0.029721134327356971 -0.0032737555182862314 -0.02335493559035242 -0.010491098853258584 -0.019508600890032826 -0.0050790256400225194 -0.0083101329163768039 -0.027256482388150857 -0.011989612524891188 0.0090692256954929048 -0.0012471434255574272 -0.0035258745485527219 0.01039274096887767 0.016447643609844059
leaf_weight=594156 246625 33522 9642 88152 269083 16103 171868 25744 2903 548 95522 14828 208135 11970 102883 47379 18831 470701 26055 46088 46169 575076 122617 31872 19886 297168 500741 547507 179914 178312
leaf_count=594156 246625 33522 9642 88152 269083 16103 171868 25744 2903 548 95522 14828 208135 11970 102883 47379 18831 470701 26055 46088 46169 575076 122617 31872 19886 297168 500741 547507 179914 178312
internal_value=-3.99018e-08 0.000502446 -0.00322726 -0.00214406 -0.00597552 -0.0164245 0.00719787 -0.0209262 -0.0316181 0.00911119 0.00488073 -0.00213877 1.94891e-06 -0.000361215 0.000317131 0.0107083 -0.00459128 -0.0052545 -0.00432702 -0.000180208 -0.00238511 -0.00170896 0.00121256 -0.00175434 0.00334847 0.0047836 0.00259498 -0.000703535 0.00613368 0.0135937
internal_weight=5e+06 4.32637e+06 673628 634791 388166 104255 300912 38837 28647 10190 267390 283911 4.02546e+06 3.81732e+06 3.28977e+06 150262 527557 515587 496756 3.13951e+06 1.2154e+06 1.16923e+06 1.9241e+06 805381 1.11872e+06 996107 797909 773509 226002 198198
internal_count=5000000 4326372 673628 634791 388166 104255 300912 38837 28647 10190 267390 283911 4025460 3817325 3289768 150262 527557 515587 496756 3139506 1215401 1169232 1924105 805381 1118724 996107 797909 773509 226002 198198
cat_boundaries=0 1 2 3 4 5 6 7 8
cat_threshold=1984 126 8392577 7184 520249 1264 3584 484
is_linear=0
shrinkage=0.1


Tree=258
num_leaves=31
num_cat=3
split_feature=12 86 83 8 76 0 9 0 26 21 23 88 76 12 0 75 74 61 73 72 73 74 1 30 17 12 73 91 72 72
split_gain=776.566 1761.15 1823.64 1742.87 3096.71 1721.19 1507.62 1447.39 2449.94 1690.04 1601.45 1381.36 1373.84 1358.18 1323.01 1289.99 1453.95 1648.71 1446.8 1318.88 1654.52 1286.33 1278.5 1567.83 1223.29 1198.23 1162.06 1239.82 1231.39 1199.56
threshold=17.44999980926514 13.449999809265138 14.150000095367433 17.849999427795414 0 12.449999809265138 16.050000190734867 11.050000190734865 1.0000000180025095e-35 14.650000095367433 8.4499998092651385 0.84999999403953563 1 5.8500001430511483 12.250000000000002 2 67.500000000000014 3.2500000000000004 145.04585266113284 37.225849151611335 140.27919769287112 105.50000000000001 9.4499998092651385 1.0000000180025095e-35 10.050000190734865 20.550000190734867 137.86834716796878 4.3500001430511483 35.097499847412116 33.010000228881843
decision_type=10 10 10 8 1 2 8 2 10 10 8 10 1 8 2 1 2 10 2 2 2 2 8 10 10 8 2 10 2 2
left_child=1 2 13 4 22 21 -6 8 9 -5 -9 -7 -13 24 -4 18 -17 19 -15 26 -21 -3 23 -2 -1 -8 29 28 -28 -18
right_child=3 5 14 7 6 11 25 10 -10 -11 -12 12 -14 15 -16 16 17 -19 -20 20 -22 -23 -24 -25 -26 -27 27 -29 -30 -31
leaf_value=0.00089185039024172741 0.026036153437068721 0.054707336361490035 0.044432572313867852 0.04083038261527458 -0.056408431631447625 0.017552894397534154 -0.013955076990180316 -0.050593306107329317 -0.23824877432699121 -0.055987301815588246 -0.00054713211926538325 -0.00056565417769883391 0.012631998255950509 0.0066419112429462971 0.0072177336594614373 -0.0011888858348490653 0.0066550082054555211 0.0029662185000557408 -0.050175103890885142 -0.049127277266168862 -0.015686031744057239 0.012490385482204117 -0.0047868868548099734 -0.21275095137697397 0.021760373304717404 -0.051690913797569384 0.061385000307361673 -0.057280358137228773 0.0018417712781785931 -0.016133952770046162
leaf_weight=1224575 19012 12083 10064 17657 13179 72916 57878 6419 344 2008 1641605 322694 104382 151949 188054 507319 27094 90567 4618 18614 72106 17923 148070 279 28749 9846 3665 3354 66372 156605
leaf_count=1224575 19012 12083 10064 17657 13179 72916 57878 6419 344 2008 1641605 322694 104382 151949 188054 507319 27094 90567 4618 18614 72106 17923 148070 279 28749 9846 3665 3354 66372 156605
internal_value=-3.37895e-08 0.000982391 -0.000106324 -0.00158095 -0.00939806 0.00622818 -0.02546 -0.000417481 0.0263163 0.0309443 -0.00074206 0.00483213 0.00266028 -0.000881314 0.00910817 -0.00344177 -0.0048337 -0.00905184 0.00496576 -0.0121812 -0.0225475 0.0294906 -0.00163202 0.0225826 0.00137054 -0.0194413 -0.00852327 0.00211333 0.00495764 -0.0127728
internal_weight=5e+06 3.0837e+06 2.5537e+06 1.9163e+06 248264 529998 80903 1.66803e+06 20009 19665 1.64802e+06 499992 427076 2.35559e+06 198118 1.10226e+06 945696 438377 156567 347810 90720 30006 167361 19291 1.25332e+06 67724 257090 73391 70037 183699
internal_count=5000000 3083703 2553705 1916297 248264 529998 80903 1668033 20009 19665 1648024 499992 427076 2355587 198118 1102263 945696 438377 156567 347810 90720 30006 167361 19291 1253324 67724 257090 73391 70037 183699
cat_boundaries=0 1 2 3
cat_threshold=1576952 523264 992
is_linear=0
shrinkage=0.1


Tree=259
num_leaves=31
num_cat=6
split_feature=76 79 73 72 88 12 25 75 6 72 76 28 74 72 74 57 75 48 6 85 0 12 0 76 81 76 72 73 72 72
split_gain=814.977 2074.13 1547.64 1514.19 1425.18 1376.39 1367.49 1634.98 1737.37 1906.65 1594.52 1477.51 1326.21 2214.49 2077.89 1401.55 1365.5 1329.16 1605.63 1388.65 1304.64 1523.9 2046.87 1504.84 1457.98 1574.39 1396.98 2613.99 2345.9 2157.64
threshold=0 4.5499999523162851 142.07500457763675 39.600799560546882 7.0499999523162851 29.44999980926514 1.0000000180025095e-35 1 7.6499998569488534 36.013349533081062 2 2.7500000000000004 396.50000000000006 37.649148941040046 878.50000000000011 1.5500000119209292 3 1.7500000000000002 23.349999427795414 2.2500000000000004 30.550000190734867 22.150000572204593 24.050000190734867 4 1.0000000180025095e-35 5 33.418348312377937 131.06084442138675 32.826700210571296 33.468299865722663
decision_type=1 10 2 2 10 10 10 1 10 2 1 10 2 2 2 10 1 8 8 10 2 10 2 1 10 1 2 2 2 2
left_child=1 4 3 -3 12 6 20 -8 10 11 -9 -10 15 -14 -15 -1 -17 18 19 -18 21 24 -23 -24 26 -26 28 -28 -2 -29
right_child=5 2 -4 -5 -6 -7 7 8 9 -11 -12 -13 13 14 -16 16 17 -19 -20 -21 -22 22 23 -25 25 -27 27 29 -30 -31
leaf_value=0.0068326671439005076 -0.0011480793283144763 -0.0076622573198571464 0.026669740148685492 -0.034065936677403527 -0.025164134182634364 -0.046938455789768511 0.013443289208517343 -0.026145791744634484 0.0072192075094693027 -0.036389657495703241 0.01806167906078468 -0.041698127255838019 7.3043671615020378e-05 -0.015714642400180747 -0.078996396811179342 -0.0046947106342180248 -0.0055020858293382338 0.0073508988185398963 0.011765870248682656 0.012759251853936442 0.010125785303502392 -0.028373941352514628 0.0030779492668494752 -0.012762642107544582 -0.014121534421504817 0.019141388737950987 0.026783871609928723 0.064739181199654369 -0.022211873533893201 -0.0016183570287594757
leaf_weight=700320 136690 80108 9791 29799 19013 6556 135298 9859 36542 23379 47116 7430 228646 44252 5878 295910 336278 406429 87565 47527 88456 46114 112346 128632 18292 63989 33475 4914 86227 1723169
leaf_count=700320 136690 80108 9791 29799 19013 6556 135298 9859 36542 23379 47116 7430 228646 44252 5878 295910 336278 406429 87565 47527 88456 46114 112346 128632 18292 63989 33475 4914 86227 1723169
internal_value=-2.8002e-08 0.00138797 -0.0114272 -0.0148211 0.00209427 -0.00117434 -0.00106331 0.00583675 -0.00244197 -0.0133148 0.0104106 -0.00104641 0.00233501 -0.00410022 -0.0231348 0.0032923 0.00117986 0.00316023 -0.000453026 -0.00324076 -0.0017968 -0.00224484 -0.00907173 -0.00537803 -0.00129653 0.0117473 -0.00183735 -0.000893518 -0.00929581 -0.00142966
internal_weight=5e+06 2.29152e+06 119698 109907 2.17182e+06 2.70848e+06 2.70193e+06 259624 124326 67351 56975 43972 2.1528e+06 278776 50130 1.87403e+06 1.17371e+06 877799 471370 383805 2.4423e+06 2.35385e+06 287092 240978 2.06676e+06 82281 1.98448e+06 1.76156e+06 222917 1.72808e+06
internal_count=5000000 2291516 119698 109907 2171818 2708484 2701928 259624 124326 67351 56975 43972 2152805 278776 50130 1874029 1173709 877799 471370 383805 2442304 2353848 287092 240978 2066756 82281 1984475 1761558 222917 1728083
cat_boundaries=0 1 2 3 4 5 6
cat_threshold=14680319 1986 768 194 1835776 1049344
is_linear=0
shrinkage=0.1


Tree=260
num_leaves=31
num_cat=6
split_feature=89 12 77 23 76 17 6 75 86 0 11 83 76 89 85 76 6 0 9 15 76 0 14 0 75 81 11 91 12 72
split_gain=781.204 1228.13 1370.44 1421.41 1320.3 1600.47 1247.75 1194.08 1193.5 1323.55 1267.35 1532.75 1876.66 1462.96 1424.93 1380.85 1659.51 1338.05 1276.09 1338.17 1314.48 2211.53 1320.32 1224.29 1722.07 1291.31 1239.18 1179.43 1177.53 1169.67
threshold=25.94999980926514 19.250000000000004 14.84999990463257 13.550000190734865 0 18.550000190734867 18.94999980926514 1 14.550000190734865 12.84999990463257 9.2500000000000018 5.0499999523162851 2 5.8500001430511483 0.65000000596046459 3 18.44999980926514 4.0499999523162851 1.2500000000000002 4.8500001430511483 4 5.4500000476837167 10.050000190734865 7.0499999523162851 5 1.0000000180025095e-35 12.449999809265138 1.0500000119209292 -3.5499999523162837 38.453350067138679
decision_type=10 8 10 8 1 8 8 1 10 2 8 10 1 10 10 1 8 2 10 10 1 2 8 2 1 8 8 10 10 2
left_child=1 2 8 7 5 -3 -7 -4 10 -10 11 13 -13 18 -14 16 -12 29 19 -1 21 22 -20 24 26 -26 -17 -11 -16 -15
right_child=-2 4 3 -5 -6 6 -8 -9 9 27 15 12 14 17 28 23 -18 -19 20 -21 -22 -23 -24 -25 25 -27 -28 -29 -30 -31
leaf_value=-0.00011124236583095657 0.0047492099849664252 -0.093322138451027395 0.0040728248816902122 0.0035504349438768611 -0.0014443520634361471 -0.03368340285721156 -0.0067384704904986494 0.032276568996599163 0.033462178965868054 0.011175243531837804 -0.00096379092305874268 0.019468951834300863 0.023112255705826295 0.020205424117458955 0.039424172142772586 -0.033989720884055448 0.036075486166165453 0.0050895153088613395 -0.022912145489904091 0.021027219517080961 -0.0023597932298896483 0.010571076795448185 0.0042825371276044456 -0.0062306405569509584 0.0085324302447629605 -0.080414336991498928 -0.10143042711757283 -0.0018365143683105321 -0.00050550382225606069 0.08315451082404636
leaf_weight=567909 323914 2268 26795 422876 1079252 18691 213423 34160 16419 130869 429418 83607 30859 11914 7581 17153 12447 135981 114117 31615 365089 32012 21164 411336 14768 1835 3239 148949 286416 3924
leaf_count=567909 323914 2268 26795 422876 1079252 18691 213423 34160 16419 130869 429418 83607 30859 11914 7581 17153 12447 135981 114117 31615 365089 32012 21164 411336 14768 1835 3239 148949 286416 3924
internal_value=-2.60024e-08 -0.000329007 0.000683949 0.00560827 -0.00292183 -0.00972463 -0.00890821 0.0198845 -0.000143719 0.00586814 -0.000833367 0.000773415 0.00610887 -0.00092425 0.00266975 -0.00388772 7.95755e-05 0.00829345 -0.00216059 0.00100346 -0.00572368 -0.0130639 -0.0186577 -0.00779763 -0.0252227 -0.00129738 -0.0446799 0.004249 0.000524122 0.0358016
internal_weight=5e+06 4.67609e+06 3.36245e+06 483831 1.31363e+06 234382 232114 60955 2.87862e+06 296237 2.58238e+06 1.69219e+06 408463 1.28372e+06 324856 890196 441865 151819 1.13191e+06 599524 532382 167293 135281 448331 36995 16603 20392 279818 293997 15838
internal_count=5000000 4676086 3362452 483831 1313634 234382 232114 60955 2878621 296237 2582384 1692188 408463 1283725 324856 890196 441865 151819 1131906 599524 532382 167293 135281 448331 36995 16603 20392 279818 293997 15838
cat_boundaries=0 1 2 3 4 5 6
cat_threshold=261120 112 15729087 12582975 264160 7174
is_linear=0
shrinkage=0.1


Tree=261
num_leaves=31
num_cat=1
split_feature=12 13 76 27 90 48 50 24 0 87 38 73 0 13 73 72 72 73 74 85 72 86 85 73 72 20 74 72 74 73
split_gain=778.619 1038.07 961.943 2066.84 1815.97 1795.99 1713.07 1559.84 1549.78 1402.08 1504.71 1341.32 1356.79 1644.78 1442.62 1882.89 2927.79 1767.81 1802.35 2258.14 1641.31 1523.78 1502.57 1487.67 4645.35 2727.59 2389.1 2340.48 2354.19 2028.58
threshold=30.050000190734867 34.850000381469734 0 1.0000000180025095e-35 1.0000000180025095e-35 6.3500001430511483 1.3499999642372134 1.0000000180025095e-35 26.349999427795414 1.0000000180025095e-35 2.2500000000000004 145.49250030517581 29.349999427795414 24.94999980926514 129.87249755859378 33.418348312377937 30.90164947509766 139.74584960937503 253.50000000000003 1.9499999880790713 33.781700134277351 19.349999427795414 8.5500001907348651 141.52664947509768 40.354150772094734 12.84999990463257 11.500000000000002 43.138349533081062 412.00000000000006 139.29000091552737
decision_type=10 8 1 10 10 10 10 2 2 10 10 2 2 10 2 2 2 2 2 8 2 8 10 2 2 8 2 2 2 2
left_child=2 -2 3 4 7 8 -5 9 -4 10 11 12 13 14 20 16 -16 18 19 -18 -1 -21 23 24 29 26 -26 28 -28 -17
right_child=1 -3 5 6 -6 -7 -8 -9 -10 -11 -12 -13 -14 -15 15 22 17 -19 -20 21 -22 -23 -24 -25 25 -27 27 -29 -30 -31
leaf_value=0.0059013723530244111 -0.010093179048429332 0.037893720640604756 0.0016539258505161754 -0.0032675642018860107 0.0099311652446184145 -0.011897429298704888 0.014821661157103453 0.01475400647753768 0.018688427485060964 0.014737492912799617 -0.026482148984673035 0.067074884571130533 0.0059408936594400304 -0.023325162945442176 0.038285857221630352 -0.00090469157319803732 -0.0063650250446051597 0.079251726340303932 0.001132150554159983 -0.054136677763485797 0.060077202931024698 -0.024486633954198603 0.032524383700657931 -0.0098228208938683434 -0.0018876259406664275 -0.00067856353928698061 0.021877759565608779 0.081935888635603416 0.10135118454547132 -0.010336644647896624
leaf_weight=44256 110323 4700 2443779 84943 114931 96207 136448 48247 54602 41452 28939 2689 137733 44618 9752 645694 39879 1835 32768 28256 6401 44837 11639 299175 19578 57956 41514 10231 4095 352523
leaf_count=44256 110323 4700 2443779 84943 114931 96207 136448 48247 54602 41452 28939 2689 137733 44618 9752 645694 39879 1835 32768 28256 6401 44837 11639 299175 19578 57956 41514 10231 4095 352523
internal_value=-1.30005e-08 -0.00813237 0.000191474 -0.00130209 -0.00228474 0.00150992 0.00788121 -0.00300324 0.00202621 -0.00345277 -0.00385721 -0.00350048 -0.00360403 -0.00437964 -0.00386745 -0.00439356 -0.0147815 -0.0182883 -0.0195164 -0.0255056 0.012747 -0.0359486 -0.00326051 -0.00355162 -0.00189361 0.0156348 0.0281709 0.0387098 0.0290133 -0.00423561
internal_weight=5e+06 115023 4.88498e+06 2.29039e+06 2.069e+06 2.59459e+06 221391 1.95407e+06 2.49838e+06 1.90582e+06 1.86437e+06 1.83543e+06 1.83274e+06 1.69501e+06 1.65039e+06 1.59973e+06 157327 147575 145740 112972 50657 73093 1.4424e+06 1.43077e+06 1.13159e+06 133374 75418 55840 45609 998217
internal_count=5000000 115023 4884977 2290389 2068998 2594588 221391 1954067 2498381 1905820 1864368 1835429 1832740 1695007 1650389 1599732 157327 147575 145740 112972 50657 73093 1442405 1430766 1131591 133374 75418 55840 45609 998217
cat_boundaries=0 1
cat_threshold=1048064
is_linear=0
shrinkage=0.1


Tree=262
num_leaves=31
num_cat=6
split_feature=12 16 0 76 89 76 0 7 1 12 76 36 89 23 28 0 0 12 35 80 76 9 0 75 75 15 33 73 31 72
split_gain=786.007 1425.8 1213.14 1616.48 1088.74 1080.56 1649.63 1295.47 1081.63 1071.53 1661.33 1625.65 1405.29 1585.93 1161 1102.34 1090.86 1069.67 1054.86 1027.47 1169.97 2010.99 2546.02 1916.45 1660.84 1591.96 1430.53 1386.54 1192.19 1623.91
threshold=26.349999427795414 30.150000572204593 24.550000190734867 0 28.650000572204593 1 26.650000572204593 29.650000572204593 21.050000190734867 19.550000190734867 2 1.0000000180025095e-35 16.550000190734867 16.250000000000004 1.0000000180025095e-35 21.44999980926514 22.150000572204593 22.750000000000004 1.0000000180025095e-35 19.849999427795414 3 13.050000190734865 13.050000190734865 4 5 16.849999427795414 1.0000000180025095e-35 133.81665039062503 1.0000000180025095e-35 35.906650543212898
decision_type=10 10 2 1 8 1 2 8 10 8 1 8 10 8 8 2 2 10 10 10 1 10 2 1 1 10 10 2 10 2
left_child=1 2 9 4 -4 7 8 18 -7 12 16 -12 19 -14 -15 -13 -11 -17 -2 20 24 25 23 -23 27 -22 -27 -1 -26 -30
right_child=5 -3 3 -5 -6 6 -8 -9 -10 10 11 15 13 14 -16 17 -18 -19 -20 -21 21 22 -24 -25 28 26 -28 -29 29 -31
leaf_value=-0.0055568455077985093 -0.0050769173807032296 0.033941806624481367 -0.0038338908073308727 0.01865220091570757 0.0074265571942365065 -0.19670932940207422 -0.0058691303309856028 0.01347482763340071 -0.0321888053215258 -0.022681101376899056 0.00046792988736600258 -0.029158495638412052 0.016765949291991187 0.00056929414464286195 0.021066631418870552 0.024416524869008555 -0.0058994302159959718 -0.016904793620798855 0.032181085910528477 0.012409100316657718 -0.0010137126369136656 -0.03775114504060037 -0.0036757078163359123 -0.0088659152494224413 -0.0028483399823612892 0.019599990758565517 -0.076573719586429376 0.0098332286487605898 0.03469291134194568 -0.00083369858233137508
leaf_weight=70812 254360 12624 152400 75440 196671 406 84036 50863 25393 64534 557795 32896 102140 295518 30484 9828 96890 17279 7833 62837 1521958 45302 253171 46625 487056 50994 1595 337778 20831 33651
leaf_count=70812 254360 12624 152400 75440 196671 406 84036 50863 25393 64534 557795 32896 102140 295518 30484 9828 96890 17279 7833 62837 1521958 45302 253171 46625 487056 50994 1595 337778 20831 33651
internal_value=-1.16973e-08 0.000381095 0.000288276 0.00537939 0.00251032 -0.00412488 -0.0126583 -0.0011305 -0.0347779 -0.000233765 -0.00357487 -0.00121449 0.000540903 0.00589268 0.00248597 -0.0168547 -0.0126076 -0.00192321 -0.00396384 -0.000240423 -0.000517399 -0.0019379 -0.00885147 -0.0231057 0.00235259 -0.000422649 0.0166831 0.00716583 -0.00127905 0.0127498
internal_weight=5e+06 4.57711e+06 4.56448e+06 424511 349071 422891 109835 313056 25799 4.13997e+06 779222 617798 3.36075e+06 428142 326002 60003 161424 27107 262193 2.93261e+06 2.86977e+06 1.91964e+06 345098 91927 950128 1.57455e+06 52589 408590 541538 54482
internal_count=5000000 4577109 4564485 424511 349071 422891 109835 313056 25799 4139974 779222 617798 3360752 428142 326002 60003 161424 27107 262193 2932610 2869773 1919645 345098 91927 950128 1574547 52589 408590 541538 54482
cat_boundaries=0 1 2 3 4 5 6
cat_threshold=523296 12583679 1048064 14811151 7684 7712
is_linear=0
shrinkage=0.1


Tree=263
num_leaves=31
num_cat=5
split_feature=76 72 76 10 15 0 89 72 76 74 80 73 72 73 72 73 73 72 75 73 75 73 72 72 73 55 72 72 74 48
split_gain=764.647 944.41 1537.55 1074.31 1934.84 1709.05 1508.7 1334.43 1298.03 1230.26 1165.97 927.263 936.214 2430.88 1389.23 2426.81 1585.27 1562.15 2163.72 2166.99 1803.21 2614.49 1683.8 1596.39 1956.01 1541.56 1488.44 1434.5 1643.42 1351.45
threshold=0 44.722499847412116 1 -5.3500001430511466 -2.5499999523162837 -8.6500000953674299 -7.8500001430511466 42.843351364135749 2 388.50000000000006 -9.3499999046325666 145.49250030517581 34.788349151611335 138.99334716796878 34.940799713134773 136.21164703369143 136.54419708251956 36.395851135253913 3 137.86834716796878 4 143.25830078125003 35.977499008178718 43.579198837280281 140.11250305175784 2.4500000476837163 38.316650390625007 35.170000076293952 29.500000000000004 2.5499999523162846
decision_type=1 2 1 10 8 2 10 2 1 2 10 2 2 2 2 2 2 2 1 2 1 2 2 2 2 10 2 2 2 10
left_child=11 3 -3 4 5 6 10 -7 -6 -8 -2 12 13 -1 15 -14 27 18 -18 25 21 23 -21 24 26 -20 -19 -16 -29 -25
right_child=1 2 -4 -5 8 7 9 -9 -10 -11 -12 -13 14 -15 16 -17 17 20 19 22 -22 -23 -24 29 -26 -27 -28 28 -30 -31
leaf_value=0.00058932016725240643 -0.028276795896748499 0.017457351285599939 -0.018444122767927167 0.0005811297309663828 0.073657930545828393 -0.0010702170412583002 0.094457011230762097 0.031766871856832496 0.0012414925455255866 -0.020479466764600465 0.027606834574188867 0.078087650955979901 -0.053026639005934184 0.055335062225515812 -0.010652193391023331 0.0083447610065299459 -0.032737461425657102 0.013727101165097795 -0.020534267085357109 0.0162233368600425 -0.0069819420669014649 -0.029314737759613331 -0.018996026069001325 0.010411932632406216 -0.0028481592798013139 -0.095893627584647312 0.058811342548305813 -0.0016032064276644495 0.03416680240560193 0.062678083047591135
leaf_weight=305501 24248 15156 55920 3793028 7632 21745 2258 28722 3672 1585 4413 1429 15204 8332 23341 11182 44938 34053 26217 41531 324431 18682 20166 9790 81756 3028 9329 22164 30546 10001
leaf_count=305501 24248 15156 55920 3793028 7632 21745 2258 28722 3672 1585 4413 1429 15204 8332 23341 11182 44938 34053 26217 41531 324431 18682 20166 9790 81756 3028 9329 22164 30546 10001
internal_value=-1.61167e-08 0.000634354 -0.0107888 0.000843217 0.0113879 0.00610012 -0.0117833 0.0176182 0.0502004 0.0470528 -0.0196723 -0.00241074 -0.00252135 0.00204277 -0.00449334 -0.0270183 -0.00364424 -0.00530573 -0.0147888 -0.00591538 -0.00266548 0.00589389 0.0047117 0.0104328 0.00625906 -0.0283369 0.0234222 0.00998663 0.0191259 0.0368236
internal_weight=5e+06 3.95838e+06 71076 3.8873e+06 94275 82971 32504 50467 11304 3843 28661 1.04162e+06 1.04019e+06 313833 726359 26386 699973 623922 135880 90942 488042 163611 61697 144929 125138 29245 43382 76051 52710 19791
internal_count=5000000 3958379 71076 3887303 94275 82971 32504 50467 11304 3843 28661 1041621 1040192 313833 726359 26386 699973 623922 135880 90942 488042 163611 61697 144929 125138 29245 43382 76051 52710 19791
cat_boundaries=0 1 2 3 4 5
cat_threshold=253952 3932160 2033 6150 7170
is_linear=0
shrinkage=0.1


Tree=264
num_leaves=31
num_cat=8
split_feature=12 0 76 83 1 75 8 76 89 23 83 76 0 23 77 8 74 76 12 73 49 75 24 75 74 16 75 72 12 89
split_gain=757.569 1635.62 2313.86 1698.76 1472.43 1457.62 1357.5 3193.24 1314.7 1336.33 1397.83 1291.77 1674.22 1891.1 1409.37 1262.81 1106.46 1284.16 1259.81 1511.49 1231.71 1134.8 1092.47 1258.95 1072.86 1009.72 1036.02 1114.56 992.013 978.075
threshold=23.44999980926514 21.150000572204593 0 21.349999427795414 22.250000000000004 1 23.250000000000004 2 19.94999980926514 18.650000572204593 17.650000572204593 3 17.349999427795414 15.449999809265138 23.550000190734867 20.150000572204593 878.50000000000011 4 10.650000095367433 138.1632995605469 1.4499999880790713 5 1.0000000180025095e-35 6 845.50000000000011 12.449999809265138 7 36.436649322509773 25.550000190734867 24.650000572204593
decision_type=10 2 1 8 10 1 8 1 10 10 10 1 2 8 8 10 2 1 8 2 10 1 2 1 2 8 1 2 10 8
left_child=1 4 3 -3 8 -5 7 -2 9 10 16 12 -8 -14 -13 -9 24 -18 19 20 -19 -21 23 -7 -1 -11 27 -27 -17 -25
right_child=6 2 -4 5 -6 22 11 15 -10 25 -12 14 13 -15 -16 28 17 18 -20 21 -22 -23 -24 29 -26 26 -28 -29 -30 -31
leaf_value=-0.0001124310246589747 -0.00016249579135086358 -0.017169035457133434 0.01857251687107199 0.052527917378534496 -0.039030425778244116 -0.0084895821082010409 0.040102995572047585 -0.072182080885726932 0.0095702649892982754 0.016992855191028756 0.010143519721628897 -0.019329293483819066 -0.077928895425237177 0.0042396869554376729 -0.0018786932443524845 -0.017653881637010337 -0.032123613612283101 0.0031438771845508843 -0.031117449639192881 0.0034877326791854773 -0.060422349133008549 0.047130392059885604 0.025325244575918299 -0.0026806089635534949 0.052311886939248334 0.019257675398742596 -0.01076008632275657 -0.010671455753534675 -0.05172504435309995 0.0088817225462929552
leaf_weight=2881411 103053 40443 108993 6153 9767 84473 13007 6107 133894 16945 132613 52324 2837 220345 400744 44197 22863 7397 12547 16558 5185 9303 21912 107774 3909 26191 246954 23704 10594 227803
leaf_count=2881411 103053 40443 108993 6153 9767 84473 13007 6107 133894 16945 132613 52324 2837 220345 400744 44197 22863 7397 12547 16558 5185 9303 21912 107774 3909 26191 246954 23704 10594 227803
internal_value=-7.67233e-09 0.00055833 0.00539855 0.00245912 -0.000256569 0.00423064 -0.00271366 -0.0108922 -0.000149575 -0.000531721 9.93507e-05 -0.000768265 0.0052275 0.00319519 -0.00389395 -0.0290445 -0.000350771 -0.0124371 -0.00360304 0.00537615 -0.0230516 0.0192069 0.00355698 0.00242152 -4.14071e-05 -0.00674961 -0.0081049 0.005038 -0.0242416 0.00516821
internal_weight=5e+06 4.14679e+06 597551 488558 3.54924e+06 448115 853208 163951 3.53947e+06 3.40558e+06 3.09179e+06 689257 236189 223182 453068 60898 2.95917e+06 73853 50990 38443 12582 25861 441962 420050 2.88532e+06 313794 296849 49895 54791 335577
internal_count=5000000 4146792 597551 488558 3549241 448115 853208 163951 3539474 3405580 3091786 689257 236189 223182 453068 60898 2959173 73853 50990 38443 12582 25861 441962 420050 2885320 313794 296849 49895 54791 335577
cat_boundaries=0 1 2 3 4 5 6 7 8
cat_threshold=1047552 2048 1016 63 2032 4110 64 64
is_linear=0
shrinkage=0.1


Tree=265
num_leaves=31
num_cat=5
split_feature=91 76 49 89 12 74 77 62 73 72 87 42 33 86 76 91 55 2 72 89 16 75 76 73 72 89 75 74 20 88
split_gain=725.777 1160.56 996.662 848.509 1436.75 1421.91 1391.59 1246.63 1321.81 1925.03 1152.81 1130.52 1218.68 1048.96 1044.62 1031.68 1007.02 978.673 936.745 910.154 989.393 902.194 1269.15 894.226 1988.16 1725.62 999.565 881.24 873.434 871.999
threshold=0.35000000894069677 0 1.6500000357627871 23.94999980926514 18.650000572204593 1042.5000000000002 -5.2499999999999991 0.84999999403953563 140.55999755859378 38.453350067138679 1.0000000180025095e-35 1.0000000180025095e-35 1.0000000180025095e-35 -4.7499999999999991 1 0.94999998807907116 2.6499999761581425 -7.5499999523162833 36.658300399780281 -1.6500000357627866 -5.2499999999999991 2 3 140.60749816894534 42.974149703979499 20.050000190734867 4 16.500000000000004 18.650000572204593 0.65000000596046459
decision_type=8 1 10 8 8 2 8 8 2 2 8 8 8 10 1 8 10 10 2 10 10 1 1 2 2 10 1 2 10 10
left_child=1 -1 -3 4 5 7 13 8 10 29 -2 -9 21 -5 -6 -7 -14 -15 -12 -11 -21 22 -13 -16 25 28 -26 -8 -25 -10
right_child=3 2 -4 6 14 15 27 11 9 19 18 12 16 17 23 -17 -18 -19 -20 20 -22 -23 -24 24 26 -27 -28 -29 -30 -31
leaf_value=-0.0024171804980121715 -0.010470563655140725 0.0055332254993099772 0.022538808987627723 -0.024359727883180488 -0.017906887824083392 -5.7887622683284263e-06 0.0049152604902500015 0.00044291128644017072 0.063207310675858094 -0.017610857024387899 0.02041558056643078 0.051382489140264755 0.0096521670454547542 0.15467066862346496 -0.0021706636700237025 -0.060259669880901437 0.038231672571479747 0.0096344179951876746 -0.013527897274938651 0.043935390274243279 0.00071327260950263297 -0.0020377376106101887 0.0054830481004921432 -0.022529308916657203 0.010101112871219699 -0.0029641782151009896 -0.029647309705445071 0.00025377911808915731 -0.050642807734599254 0.017412668337562557
leaf_weight=134914 276932 137220 46023 30904 63569 4890 558064 1351921 6382 26970 23345 8345 27919 578 420629 6784 22079 2385 12475 5560 111584 80744 21625 26395 40700 28671 7481 1483970 19010 11932
leaf_count=134914 276932 137220 46023 30904 63569 4890 558064 1351921 6382 26970 23345 8345 27919 578 420629 6784 22079 2385 12475 5560 111584 80744 21625 26395 40700 28671 7481 1483970 19010 11932
internal_value=7.13773e-09 0.00462173 0.00980378 -0.000314065 -0.00151561 -0.000222463 0.00119427 -1.81014e-05 -0.00448615 0.00283241 -0.00828705 0.0013855 0.00931459 -0.0189103 -0.00577913 -0.0350206 0.0222728 0.037927 0.00859412 -0.00104844 0.00276472 0.00346271 0.0182764 -0.00435863 -0.0118868 -0.0221714 0.00392537 0.00152771 -0.0342998 0.033371
internal_weight=5e+06 318157 183243 4.68184e+06 2.60594e+06 1.99949e+06 2.0759e+06 1.98781e+06 475180 162428 312752 1.51263e+06 160712 33867 606455 11674 49998 2963 35820 144114 117144 110714 29970 542886 122257 74076 48181 2.04203e+06 45405 18314
internal_count=5000000 318157 183243 4681843 2605942 1999487 2075901 1987813 475180 162428 312752 1512633 160712 33867 606455 11674 49998 2963 35820 144114 117144 110714 29970 542886 122257 74076 48181 2042034 45405 18314
cat_boundaries=0 1 2 3 4 5
cat_threshold=16515075 520192 624 1572988 928
is_linear=0
shrinkage=0.1


Tree=266
num_leaves=31
num_cat=3
split_feature=12 13 76 7 9 76 6 88 91 72 74 49 53 74 60 56 49 12 75 56 74 73 73 73 88 73 73 91 73 88
split_gain=743.609 963.909 954.991 964.692 765.087 748.776 2487.48 1487.73 1230.5 1482.29 1229.39 1270.28 1988.56 1874.72 1685.03 1879.59 1551.6 1418.25 1436.59 1302.99 1218.7 2079.9 2705.67 1364.97 1242.52 1649.93 1865.32 1240.91 1214.2 1174.43
threshold=29.44999980926514 31.44999980926514 0 23.550000190734867 34.049999237060554 1 27.250000000000004 7.1499998569488534 6.9500000476837167 26.048299789428714 7.5000000000000009 4.2500000000000009 2.9500000476837163 10.500000000000002 3.1499999761581425 3.7500000000000004 2.0499999523162846 -5.9500000476837149 2 1.9499999880790713 3.5000000000000004 140.11250305175784 139.17414855957034 141.20420074462893 4.8500001430511483 132.91915130615237 132.4716491699219 1.7500000000000002 136.75085449218753 1.2500000000000002
decision_type=10 10 1 8 8 1 10 10 10 2 2 8 8 2 8 8 10 10 1 8 2 2 2 2 8 2 2 10 2 10
left_child=1 5 -2 -4 -5 6 7 8 9 -1 20 14 -13 -14 15 29 -16 -15 -19 -18 27 22 24 -23 28 26 -26 -7 -22 -12
right_child=2 -3 3 4 -6 10 -8 -9 -10 -11 11 12 13 17 16 -17 19 18 -20 -21 21 23 -24 -25 25 -27 -28 -29 -30 -31
leaf_value=0.03409799799933514 -0.074200975518733406 0.084080453048541767 -0.046811778298009948 -0.0063673249659527897 0.023540189056962875 0.0052849940894810644 0.021992432877801945 -0.023509960958281884 -0.019297892279473615 0.0014676584066288844 0.0011578168556178438 -0.008636311399589227 -0.017599248714579005 0.052145365716074615 -0.021417990638345832 -0.016435839373351729 -0.027639698808101021 0.022801835406600086 0.0049044738413589282 -0.00018788116299695736 0.013940958064332565 -0.01869247120823923 0.041194536910714452 0.0086533328833705604 0.0047986682741552461 -0.017457809116727695 0.076687513670243554 -0.011954838296979256 0.074297568518072232 -0.004016803776065718
leaf_weight=14029 2075 1370 5579 130418 9154 93110 58631 24293 28292 1819196 1060802 96126 25737 8012 85567 82280 20297 59771 179638 116712 85652 38512 30891 34700 25014 32981 4218 75694 3468 747781
leaf_count=14029 2075 1370 5579 130418 9154 93110 58631 24293 28292 1819196 1060802 96126 25737 8012 85567 82280 20297 59771 179638 116712 85652 38512 30891 34700 25014 32981 4218 75694 3468 747781
internal_value=9.41168e-09 0.000212424 -0.00700147 -0.0060353 -0.0044058 0.00018874 0.00170776 0.00107711 0.00139797 0.00171737 -0.00082732 -0.00167742 0.00373387 0.00808701 -0.00262294 -0.00165417 -0.0108529 0.0107589 0.0093739 -0.00425469 0.00414757 0.00850462 0.0142243 -0.00573149 0.00871892 -0.00212615 0.0151718 -0.00244558 0.0162897 -0.000981694
internal_weight=5e+06 4.85277e+06 147226 145151 139572 4.8514e+06 1.94444e+06 1.88581e+06 1.86152e+06 1.83322e+06 2.90696e+06 2.48272e+06 369284 273158 2.11344e+06 1.89086e+06 222576 247421 239409 137009 424240 255436 182224 73212 151333 62213 29232 168804 89120 1.80858e+06
internal_count=5000000 4852774 147226 145151 139572 4851404 1944441 1885810 1861517 1833225 2906963 2482723 369284 273158 2113439 1890863 222576 247421 239409 137009 424240 255436 182224 73212 151333 62213 29232 168804 89120 1808583
cat_boundaries=0 1 2 3
cat_threshold=1047552 14680191 7168
is_linear=0
shrinkage=0.1


Tree=267
num_leaves=31
num_cat=5
split_feature=11 80 76 6 76 86 1 72 89 12 0 16 0 0 49 0 17 76 75 9 76 54 83 24 72 80 7 83 86 72
split_gain=766.714 1350.05 1424.39 1167.43 1574.66 1155.05 1236.47 1263.35 1044.54 986.964 936.398 934.648 933.899 1190.03 928.517 1058.56 1608.59 1022.08 901.773 1031.02 1425.32 2025.6 1506.71 1350.99 1147.19 1068.42 1131.49 1394.18 961.098 1242.81
threshold=2.8500000238418584 3.6499999761581425 0 3.2500000000000004 1 0.25000000745058065 -0.84999999403953541 40.609199523925788 1.0500000119209292 -3.9500000476837154 -5.8500001430511466 -2.8500000238418575 5.8500001430511483 0.25000000745058065 1.5500000119209292 -2.1499999761581416 11.050000190734865 2 3 -1.6500000357627866 4 2.9500000476837163 -1.3499999642372129 1.0000000180025095e-35 38.453350067138679 -3.3500000238418575 -10.349999904632567 -13.249999999999998 -3.8500000238418575 38.085000991821296
decision_type=8 10 1 8 1 10 8 2 10 8 2 8 2 2 8 2 8 1 1 10 1 10 10 2 2 10 10 8 10 2
left_child=1 5 -3 4 12 8 7 -7 18 -4 -9 -5 13 -2 15 17 -17 -6 -1 20 21 23 25 -20 -21 26 27 -22 29 -28
right_child=3 2 9 11 14 6 -8 10 -10 -11 -12 -13 -14 -15 -16 16 -18 -19 19 24 22 -23 -24 -25 -26 -27 28 -29 -30 -31
leaf_value=0.030502630960078631 -0.032392963559716222 0.054176696157657279 0.042745849330992042 0.03019645051223115 -0.10605173616404742 0.014096344401889041 0.004842156473741502 0.31371637601283642 0.010111251604818423 0.0070246923230393461 0.063117275848209392 -0.0002695673126142051 -0.039220410099022288 0.0060680921339123861 0.0072934750049872673 -0.020626082276617753 0.012558488214795159 0.019404652703501064 -0.027537217868417299 -0.00063759370778156447 -0.022009265177783972 0.016336672656310555 0.033049406564419383 0.025632307995647974 -0.015971087325676755 0.019481570095432683 0.019576610732908565 0.03544512867330931 0.014283585786782314 -0.011702014372580775
leaf_weight=7862 15222 7363 8210 10096 667 13047 187189 153 68560 133641 5862 3865926 20843 17062 57698 65188 18826 16067 46906 87772 5760 18565 16844 5321 109868 29302 14417 15833 23071 106859
leaf_count=7862 15222 7363 8210 10096 667 13047 187189 153 68560 133641 5862 3865926 20843 17062 57698 65188 18826 16067 46906 87772 5760 18565 16844 5321 109868 29302 14417 15833 23071 106859
internal_value=-8.33215e-10 0.00262103 0.0113205 -0.000585049 -0.00781848 0.000920168 0.00731296 0.0315763 -0.00144727 0.00909151 0.0694916 -0.000190211 -0.0227153 -0.0120664 -0.00282196 -0.00861531 -0.01319 0.0143523 -0.00306988 -0.00361974 0.000252012 -0.0120333 0.00435307 -0.0221202 -0.00916148 0.00187759 -0.00123095 0.020119 -0.00442471 -0.00798369
internal_weight=5e+06 912405 149214 4.0876e+06 211573 763191 206251 19062 556940 141851 6015 3.87602e+06 53127 32284 158446 100748 84014 16734 488380 480518 282878 70792 212086 52227 197640 195242 165940 21593 144347 121276
internal_count=5000000 912405 149214 4087595 211573 763191 206251 19062 556940 141851 6015 3876022 53127 32284 158446 100748 84014 16734 488380 480518 282878 70792 212086 52227 197640 195242 165940 21593 144347 121276
cat_boundaries=0 1 2 3 4 5
cat_threshold=10486271 14710785 1049472 1072 129024
is_linear=0
shrinkage=0.1


Tree=268
num_leaves=31
num_cat=5
split_feature=21 89 12 77 86 72 83 80 76 86 72 73 75 73 0 12 17 50 75 12 76 73 85 48 83 12 74 62 76 74
split_gain=748.91 773.215 1076.25 1107.38 1491.82 1329.59 1057.84 1062.19 1051.41 1087.82 1264.49 2594.28 1207.04 2861.26 2363.24 1389.94 1099.94 1081.71 1030.55 1029.6 1016.42 998.456 990.067 1113.33 1109.81 1444.97 1385.87 1305.45 1275.31 1248.28
threshold=-12.949999809265135 -5.5499999523162833 0.45000000298023229 2.2500000000000004 3.8500000238418584 38.379999160766609 4.8500001430511483 5.2500000000000009 0 -1.4499999880790708 36.902500152587898 139.29000091552737 1 142.9716491699219 8.0500001907348651 -2.8500000238418575 4.8500001430511483 3.0499999523162846 2 -8.6500000953674299 3 140.27919769287112 0.35000000894069677 1.5500000119209292 24.250000000000004 22.750000000000004 125.50000000000001 3.9500000476837163 4 34.500000000000007
decision_type=10 8 8 8 10 2 10 10 1 8 2 2 1 2 2 10 10 8 1 10 1 2 8 8 8 8 2 8 1 2
left_child=-1 -2 8 4 5 18 7 -7 -3 -10 11 -11 13 14 15 -12 -17 -14 -4 -19 -15 -20 23 -5 25 27 -26 -24 -27 -29
right_child=1 2 3 22 -6 6 -8 -9 9 10 12 -13 17 20 -16 16 -18 19 21 -21 -22 -23 24 -25 26 28 -28 29 -30 -31
leaf_value=0.017372830309166309 -0.0091946831968742794 0.017383503177690694 0.019098132251370165 0.0019631854176292442 0.027965081868844905 -0.020835513896948831 0.051442921471488351 0.080751333596852715 -0.0059058336754930878 0.0028247394259354789 0.053145618701145286 -0.042055575402084419 -0.00083835911740532884 0.019682228359067556 0.11738177296005461 0.012738804908485897 0.12022874064996998 0.071045617725486551 -0.010038690149613875 0.01316371699335573 -0.037392104358512361 0.025105818201446896 -0.0022507435052307088 0.016492947576538658 0.0035007734056068484 -0.0064972112077845276 -0.0021534580985310262 -0.00075977810455116462 -0.028663911033928346 0.012182372844995843
leaf_weight=24691 91485 55909 19324 202026 11257 91334 2139 1041 107989 107170 14375 14639 100266 4677 3093 32191 981 3266 78408 52045 9343 9013 1490681 71365 1125229 239629 705132 168707 29101 133494
leaf_count=24691 91485 55909 19324 202026 11257 91334 2139 1041 107989 107170 14375 14639 100266 4677 3093 32191 981 3266 78408 52045 9343 9013 1490681 71365 1125229 239629 705132 168707 29101 133494
internal_value=-1.14041e-09 -8.62174e-05 8.44046e-05 -0.000420252 -0.00746147 -0.00944298 -0.0180808 -0.0196907 0.00445115 0.00284408 0.00560664 -0.00256897 0.0101284 0.0216108 0.0326826 0.0271729 0.0159176 0.00535444 -0.00179485 0.0165815 -0.018365 -0.0064146 -6.10112e-05 0.00575598 -0.000469625 -0.00206075 0.00132253 -0.00103579 -0.00889897 0.00495728
internal_weight=5e+06 4.97531e+06 4.88382e+06 4.37788e+06 212516 201259 94514 92375 505944 450035 342046 121809 220237 64660 50640 47547 33172 155577 106745 55311 14020 87421 4.16536e+06 273391 3.89197e+06 2.06161e+06 1.83036e+06 1.79288e+06 268730 302201
internal_count=5000000 4975309 4883824 4377880 212516 201259 94514 92375 505944 450035 342046 121809 220237 64660 50640 47547 33172 155577 106745 55311 14020 87421 4165364 273391 3891973 2061612 1830361 1792882 268730 302201
cat_boundaries=0 1 2 3 4 5
cat_threshold=12582927 6144 56 1442784 14680575
is_linear=0
shrinkage=0.1


Tree=269
num_leaves=31
num_cat=7
split_feature=12 14 77 76 5 8 76 0 12 7 74 75 76 73 91 76 5 50 0 29 51 11 54 74 82 75 72 73 72 75
split_gain=756.546 1223.85 1078.17 978.062 1245.52 1105.89 1536.3 1026.46 959.955 958.582 851.585 1224.38 1216.79 1398.1 881.855 857.158 2035.85 1593.09 1569.23 1404.86 2579.69 1378.16 1263.57 1202.59 1189.72 1182.17 1173.83 2467.39 1274.87 1438.56
threshold=25.550000190734867 27.250000000000004 25.849999427795414 0 30.250000000000004 24.750000000000004 1 15.550000190734865 30.849999427795414 14.34999990463257 542.00000000000011 2 3 138.5725021362305 2.5499999523162846 4 25.550000190734867 5.2500000000000009 14.84999990463257 1.0000000180025095e-35 2.1499999761581425 18.349999427795414 2.3500000238418584 80.500000000000014 7.1499998569488534 5 33.70579910278321 134.74500274658206 37.019998550415046 6
decision_type=10 8 10 1 8 8 1 2 10 10 2 1 1 2 10 1 8 10 2 8 10 8 10 2 10 1 2 2 2 1
left_child=1 2 10 5 8 6 9 -7 -5 -2 15 -12 13 -13 -15 16 17 24 21 -17 25 22 -19 -24 26 -21 -1 -28 -29 -30
right_child=3 -3 -4 4 -6 7 -8 -9 -10 -11 11 12 -14 14 -16 19 -18 18 -20 20 -22 -23 23 -25 -26 -27 27 28 29 -31
leaf_value=0.0092751360651078633 -0.60487868395344346 0.024820468517359619 0.0086415135160100923 -0.010780921843600029 0.0042965690786582302 0.075790063741336164 -0.00052445019945520396 0.0038184825613697053 -0.047306602796662864 -0.02960599439916255 -0.014113937127459751 -0.0011996222607481143 0.0046812159848943196 -0.027010105707809429 -0.095447886431394985 -0.0017524959776983246 0.032353446564250349 -0.058224236088036944 0.0070226791449914646 -0.014666968635761097 0.01857307919609703 -0.091654940179076827 -0.018057623065484651 0.014869869675872458 -0.025746098773872989 0.0047633193184672146 -0.0082661307992823781 0.0078921417610258848 0.0063353800011892135 -0.0025657274008154033
leaf_weight=234095 29 20465 150084 177722 60209 2002 59995 194678 7499 24382 100805 36037 134143 17555 2109 2009290 21885 6308 37961 50844 100092 2445 55502 13862 14810 81480 213563 412929 302048 455172
leaf_count=234095 29 20465 150084 177722 60209 2002 59995 194678 7499 24382 100805 36037 134143 17555 2109 2009290 21885 6308 37961 50844 100092 2445 55502 13862 14810 81480 213563 412929 302048 455172
internal_value=-4.30663e-09 0.000421999 0.000309869 -0.0035855 -0.0081978 0.000441991 -0.00913282 0.00455108 -0.0122597 -0.030277 1.92659e-05 -0.00520762 -0.000477702 -0.0129004 -0.0343502 0.0003979 0.00204252 0.00166318 -0.00965639 -0.000901081 0.00645956 -0.0177616 -0.0153741 -0.0114773 0.002468 -0.0027033 0.00272628 0.00161835 0.00342236 0.000984891
internal_weight=5e+06 4.47348e+06 4.45302e+06 526516 245430 281086 84406 196680 185221 24411 4.30294e+06 290649 189844 55701 19664 4.01229e+06 1.77058e+06 1.7487e+06 116078 2.24171e+06 232416 78117 75672 69364 1.63262e+06 132324 1.61781e+06 1.38371e+06 1.17015e+06 757220
internal_count=5000000 4473484 4453019 526516 245430 281086 84406 196680 185221 24411 4302935 290649 189844 55701 19664 4012286 1770580 1748695 116078 2241706 232416 78117 75672 69364 1632617 132324 1617807 1383712 1170149 757220
cat_boundaries=0 1 2 3 4 5 6 7
cat_threshold=639 7 102 1016 14680511 2108 3844
is_linear=0
shrinkage=0.1


Tree=270
num_leaves=31
num_cat=8
split_feature=12 80 0 7 76 89 73 34 0 8 11 75 74 76 76 74 75 76 0 11 76 86 73 73 76 70 91 83 86 0
split_gain=782.977 1933.8 1955.05 1850.17 3513.34 1817.96 1810.65 1730.94 1900.41 1684.43 1274.94 1316.99 1693.8 1456.46 1262.55 1256.08 1220.71 1492.72 2015.37 1207.39 1208.22 1168.07 1282.75 1155.02 1133.13 1107.09 1089.97 1078.87 1068.8 1352.53
threshold=14.449999809265138 10.050000190734865 9.2500000000000018 14.750000000000002 0 10.650000095367433 144.04920196533206 1.0000000180025095e-35 11.449999809265138 13.250000000000002 5.0499999523162851 1 65.500000000000014 2 3 242.50000000000003 4 5 14.050000190734865 16.750000000000004 6 8.0500001907348651 142.07500457763675 140.01664733886722 7 0.84999999403953563 0.94999998807907116 5.6499998569488534 3.2500000000000004 2.2500000000000004
decision_type=10 10 2 8 1 10 2 8 2 10 8 1 2 1 1 2 1 1 2 8 1 10 2 2 1 8 10 8 10 2
left_child=1 5 15 4 6 10 7 -2 -9 -6 28 12 -12 23 -7 -3 17 -5 -19 20 -18 22 25 27 -24 -13 -4 -14 -1 -30
right_child=3 2 26 16 9 14 -8 8 -10 -11 11 21 13 -15 -16 -17 19 18 -20 -21 -22 -23 24 -25 -26 -27 -28 -29 29 -31
leaf_value=-0.00048445027099211773 0.0028103411768226933 0.053233657750400669 0.01086998389965721 0.0042033778916465746 -0.048843423978587368 0.0039936316220234016 -0.056536234622136819 -0.10732721417594954 -0.010212799819344536 -0.017288448554923709 -0.010003501401661462 -0.013069783027616794 0.26448011944908195 0.010263771380801444 0.020933664943192359 0.0073227555600750109 -0.0016559866691588548 -0.060450238678151948 -0.012074810902678479 -0.00041541463270124216 0.016107284935533893 0.0028374131730803187 -0.015022254103550592 0.037283866676081093 -0.05309050257957218 -0.003114018032195142 0.0009876572025539277 0.084758385192275743 0.030392775420554342 0.0046531213731857432
leaf_weight=870392 167882 14531 204366 49594 23214 178908 5747 2985 6201 62362 26063 157631 408 26346 58342 10102 65657 9737 74540 1850362 91869 138958 34611 9046 10103 383288 245900 1842 22785 196228
leaf_count=870392 167882 14531 204366 49594 23214 178908 5747 2985 6201 62362 26063 157631 408 26346 58342 10102 65657 9737 74540 1850362 91869 138958 34611 9046 10103 383288 245900 1842 22785 196228
internal_value=-7.09355e-09 0.00120718 0.00697376 -0.0012972 -0.00912401 -8.76708e-05 -0.00129528 0.000497574 -0.0417702 -0.0258453 -0.00112982 -0.00419307 0.00959104 0.0231607 0.0081604 0.0344056 -0.000316397 -0.00956189 -0.0176618 0.00030007 0.00870445 -0.00540501 -0.00736085 0.0531844 -0.0236389 -0.00601526 0.00547303 0.117348 0.00108675 0.00733094
internal_weight=5e+06 2.58985e+06 474899 2.41015e+06 268391 2.11495e+06 182815 177068 9186 85576 1.8777e+06 788296 63705 37642 237250 24633 2.14176e+06 133871 84277 2.00789e+06 157526 724591 585633 11296 44714 540919 450266 2250 1.0894e+06 219013
internal_count=5000000 2589850 474899 2410150 268391 2114951 182815 177068 9186 85576 1877701 788296 63705 37642 237250 24633 2141759 133871 84277 2007888 157526 724591 585633 11296 44714 540919 450266 2250 1089405 219013
cat_boundaries=0 1 2 3 4 5 6 7 8
cat_threshold=1836028 992 8388735 1047552 6158 12583431 491984 16269375
is_linear=0
shrinkage=0.1


Tree=271
num_leaves=31
num_cat=5
split_feature=11 86 83 17 75 72 80 74 72 76 72 76 75 73 0 76 72 31 74 74 73 72 86 90 14 2 1 91 50 11
split_gain=749.465 1265.58 1921.95 1556.78 1291.84 1602.54 1125.95 1104.52 1111.4 972.291 876.679 1985.28 1823.47 1572.64 1490.62 1183.12 3409.97 1628.57 1457.38 1363.96 1338.27 1650.4 1282 1242.44 1483.38 1224.77 1164.37 1074.88 1184.51 2714.97
threshold=-6.6499998569488517 -7.1499998569488517 -8.9499998092651349 -3.9500000476837154 0 43.315851211547859 -9.3499999046325666 92.500000000000014 42.923349380493171 1 41.828350067138679 2 3 143.75664520263675 -5.8500001430511466 4 40.354150772094734 1.0000000180025095e-35 733.00000000000011 721.50000000000011 141.42920684814456 40.134149551391609 9.6500000953674334 1.0000000180025095e-35 12.650000095367433 9.4499998092651385 15.550000190734865 5.9500000476837167 1.5500000119209292 15.750000000000002
decision_type=8 10 10 10 1 2 10 2 2 1 2 1 1 2 2 1 2 8 2 2 2 2 8 10 8 8 8 10 8 10
left_child=1 2 3 6 -3 7 -1 9 -9 -6 15 13 14 -12 -13 16 17 20 19 27 21 22 25 24 -18 -2 -16 28 -17 -30
right_child=10 4 -4 -5 5 -7 -8 8 -10 -11 11 12 -14 -15 26 18 23 -19 -20 -21 -22 -23 -24 -25 -26 -27 -28 -29 29 -31
leaf_value=-0.035720466143081858 -0.007086550085443147 -0.028069058349845702 0.019891179138554073 0.037842677464030555 -0.02426550598406272 0.054163983672624538 0.0074996520787148947 0.016672805256256678 0.089253947143148354 0.042107782285696747 -0.00033195575007915134 -0.047914964923371724 -0.0029623991812266514 0.017019726348613193 -0.0097600934376333732 0.00052384467110292441 0.040113987186739197 0.0073106584143577021 -0.0099443798199157218 0.04317360525541445 0.015751116342886496 -0.039794073582635807 -0.002553360213025796 -0.021327416586378073 0.0057223667252777211 -0.025453382157419564 -0.038236334390345787 -0.0093538191496716615 0.010153604930190165 -0.00016423850063997092
leaf_weight=22502 168796 4669 25859 4667 9529 14266 8233 8830 2772 2862 277381 13122 376524 64351 135363 1300812 32255 145283 101760 8126 33912 13023 1037152 5987 20520 46256 16063 78766 518140 502219
leaf_count=22502 168796 4669 25859 4667 9529 14266 8233 8830 2772 2862 277381 13122 376524 64351 135363 1300812 32255 145283 101760 8126 33912 13023 1037152 5987 20520 46256 16063 78766 518140 502219
internal_value=-9.24101e-09 0.0083925 -0.000833475 -0.0159716 0.0215586 0.0276151 -0.0241431 0.0118409 0.0340142 -0.0089206 -0.000178612 -0.00303167 -0.00680032 0.00293543 -0.0155817 0.00044902 -0.00176966 -0.00273033 0.00177783 0.00227319 -0.00385322 -0.00437867 -0.00401035 0.0218443 0.0267418 -0.0110371 -0.0127808 0.00213471 0.00252456 0.00507518
internal_weight=5e+06 104189 61261 35402 42928 38259 30735 23993 11602 12391 4.89581e+06 882804 541072 341732 164548 4.01301e+06 1.50318e+06 1.44442e+06 2.50982e+06 2.40806e+06 1.29914e+06 1.26523e+06 1.2522e+06 58762 52775 215052 151426 2.39994e+06 2.32117e+06 1.02036e+06
internal_count=5000000 104189 61261 35402 42928 38259 30735 23993 11602 12391 4895811 882804 541072 341732 164548 4013007 1503184 1444422 2509823 2408063 1299139 1265227 1252204 58762 52775 215052 151426 2399937 2321171 1020359
cat_boundaries=0 1 2 3 4 5
cat_threshold=24 1965056 16515079 4146 8372224
is_linear=0
shrinkage=0.1


Tree=272
num_leaves=31
num_cat=7
split_feature=82 48 88 79 76 73 72 73 74 72 76 73 85 73 57 41 75 16 73 34 0 75 75 12 75 74 74 82 13 75
split_gain=710.617 1620.19 936.783 980.652 1090.48 3029.6 1933.85 1544.8 2309.13 1857.06 4473.69 1412.26 1319.04 1223.5 1225.44 1197.22 1587.86 1241.47 1211.7 1195.21 1808.33 1246.05 1085.3 1076.95 1058.8 1039.57 3895.05 1392.76 1086.92 1009.85
threshold=0.35000000894069677 1.6500000357627871 0.35000000894069677 0.45000000298023229 0 135.22000122070315 32.093299865722663 139.94915008544925 907.50000000000011 38.316650390625007 1 139.78585052490237 0.45000000298023229 137.77420043945315 1.1500000357627871 1.0000000180025095e-35 2 4.6499998569488534 144.11249542236331 1.0000000180025095e-35 12.250000000000002 3 4 30.849999427795414 5 143.50000000000003 142.50000000000003 2.4500000476837163 16.650000572204593 6
decision_type=8 10 8 8 1 2 2 2 2 2 1 2 8 2 8 8 1 10 2 8 2 1 1 8 1 2 2 10 10 1
left_child=1 -1 -2 -4 5 6 -5 8 9 12 -11 29 -6 14 -10 17 -17 18 -7 22 21 -21 23 -19 -8 26 -14 -27 -28 -12
right_child=2 -3 3 4 7 15 24 -9 13 10 11 -13 25 -15 -16 16 -18 19 -20 20 -22 -23 -24 -25 -26 27 28 -29 -30 -31
leaf_value=0.00087664321666663372 0.0052920159929021682 0.019565341350023635 0.0054920168517988257 0.0062832139267372262 0.011277781354342931 0.0067645608860114718 -0.0026326782092713297 -0.0051841815567276461 -0.028553416462704168 -0.019207635864357402 0.10325879818185986 0.021934563339922358 0.00057317098012156606 -0.010229752258274613 -0.092040151083899249 0.00059036083603383185 0.024965925722800618 0.0042027428608091303 0.032773847958525108 0.019185544568014315 0.033617193354664641 -0.034400867662782775 -0.0062557704493506382 -0.017835314383824893 -0.013849682220012361 -0.0022017868465167558 0.1660704564385678 -0.015870056435664491 0.051423165266281101 0.047356468940270548
leaf_weight=211005 283145 59460 246332 105159 93534 265812 143796 1051809 12878 18053 4869 14412 982561 31867 3980 47913 60438 331265 19206 8470 25456 8879 216484 23765 202928 422903 1669 90505 1639 9808
leaf_count=211005 283145 59460 246332 105159 93534 265812 143796 1051809 12878 18053 4869 14412 982561 31867 3980 47913 60438 331265 19206 8470 25456 8879 216484 23765 202928 422903 1669 90505 1639 9808
internal_value=-1.09456e-08 0.00498523 -0.000285099 -0.000640248 -0.000999904 0.00120801 -0.00559544 -0.00217583 -0.000302058 0.000335341 0.0198956 0.044155 -0.00024358 -0.0217552 -0.043542 0.00425894 0.0141894 0.00306253 0.0085172 0.000531795 0.0166491 -0.00824808 -0.000675349 0.00272748 -0.00919816 -0.000962352 0.000937883 -0.00461127 0.109267 0.0660043
internal_weight=5e+06 270465 4.72954e+06 4.44639e+06 4.20006e+06 1.45957e+06 451883 2.74049e+06 1.68868e+06 1.63995e+06 47142 29089 1.59281e+06 48725 16858 1.00769e+06 108351 899337 285018 614319 42805 17349 571514 355030 346724 1.49928e+06 985869 513408 3308 14677
internal_count=5000000 270465 4729535 4446390 4200058 1459571 451883 2740487 1688678 1639953 47142 29089 1592811 48725 16858 1007688 108351 899337 285018 614319 42805 17349 571514 355030 346724 1499277 985869 513408 3308 14677
cat_boundaries=0 1 2 3 4 5 6 7
cat_threshold=16252943 1008 6278 698 6048 3842 7176
is_linear=0
shrinkage=0.1


Tree=273
num_leaves=31
num_cat=8
split_feature=12 0 75 6 23 1 83 76 75 12 74 76 89 0 6 75 2 19 72 75 73 74 70 80 75 2 75 0 5 83
split_gain=692.42 1739.69 2649.75 2136.8 2242.78 1969.25 1691.03 1690.17 1345.13 1260.61 1574.05 1542.09 1506.82 2158.65 2372.23 1506.83 1506.05 1306.11 1237.11 1157.78 1656.08 1558.61 1325.48 1149.5 1366.78 1124.45 1106.58 1105.35 1081.59 1038.42
threshold=21.150000572204593 20.150000572204593 0 18.349999427795414 19.650000572204593 20.550000190734867 17.650000572204593 1 2 12.84999990463257 1175.0000000000002 3 11.650000095367433 11.449999809265138 10.050000190734865 4 17.44999980926514 11.84999990463257 40.670848846435554 5 144.04920196533206 58.500000000000007 1.8499999642372134 13.650000095367433 6 12.84999990463257 7 9.4499998092651385 13.750000000000002 15.34999990463257
decision_type=10 2 1 8 10 10 10 1 1 8 2 1 10 2 8 1 10 8 2 1 2 2 8 10 1 10 1 2 8 8
left_child=1 5 7 26 -5 6 9 -3 18 12 11 17 23 25 15 -15 -16 -11 27 20 22 -21 -13 -1 -25 -14 -4 -2 -22 -18
right_child=8 2 3 4 -6 -7 -8 -9 -10 10 -12 19 13 14 16 -17 29 -19 -20 21 28 -23 -24 24 -26 -27 -28 -29 -30 -31
leaf_value=-0.00056762275587348852 0.042905603498030381 -0.012959212137927934 0.035410478741609637 0.049669651048812768 0.016236243547660661 -0.027873649330572781 0.0089099373463527518 0.0046822307723442319 -0.0014557128926320608 -0.076611842245684791 -0.070605438200535386 0.0099138875250259408 0.035513502939077818 0.0063517153651296218 0.019178400922882699 -0.021451416414410555 -0.045483265704497816 -0.011722857821846594 -0.19238498880741109 0.0012427401001356144 -0.073167599643377657 -0.011289006454366252 -0.0044721263718404186 0.061887244668243996 0.0090114303442038347 -0.013822633662890872 -0.0041568020000891425 -0.023599658123813556 0.008779280000649349 0.0022686457422310016
leaf_weight=1926181 2695 73934 8014 24611 108608 25410 203011 204498 1221526 3175 3519 171250 35624 34208 90491 45300 5627 134857 415 196288 4598 200746 102308 5521 42202 5308 59329 34386 2479 23881
leaf_count=1926181 2695 73934 8014 24611 108608 25410 203011 204498 1221526 3175 3519 171250 35624 34208 90491 45300 5627 134857 415 196288 4598 200746 102308 5521 42202 5308 59329 34386 2479 23881
internal_value=1.39503e-08 0.000682704 0.00631026 0.0150733 0.0224128 -0.000143653 7.40522e-05 -2.52236e-06 -0.00202849 -0.00051726 -0.00386873 -0.00358082 0.000722653 0.00819691 0.0039051 -0.00949113 0.0127811 -0.0132145 -0.0206822 -0.00161836 0.00329797 -0.00509336 0.00453366 -0.000187778 0.0151434 0.0291157 0.000556453 -0.0187661 -0.0444625 -0.00683736
internal_weight=5e+06 3.74098e+06 478994 200562 133219 3.26198e+06 3.23657e+06 278432 1.25902e+06 3.03356e+06 819220 815701 2.21434e+06 240439 199507 79508 119999 138032 37496 677669 280635 397034 273558 1.9739e+06 47723 40932 67343 37081 7077 29508
internal_count=5000000 3740978 478994 200562 133219 3261984 3236574 278432 1259022 3033563 819220 815701 2214343 240439 199507 79508 119999 138032 37496 677669 280635 397034 273558 1973904 47723 40932 67343 37081 7077 29508
cat_boundaries=0 1 2 3 4 5 6 7 8
cat_threshold=240 458752 4126 519680 220 112 4230 6150
is_linear=0
shrinkage=0.1


Tree=274
num_leaves=31
num_cat=6
split_feature=12 75 72 86 76 89 80 0 11 5 75 13 72 74 72 76 48 76 12 73 72 74 73 74 91 73 75 50 46 0
split_gain=690.727 1531.49 1751.98 1479.25 1542.97 1394.52 1475.12 1416.49 1257.02 1225.91 1514.22 1607.16 1219.33 1197.15 1180.88 1072.09 1009.05 1014.99 1193.51 1538.67 1575.48 1902.81 1264.81 1185.17 1404.56 1169.57 1673.6 1241.24 1098.32 1052.34
threshold=7.0499999523162851 0 34.47669982910157 6.8500001430511483 1 3.2500000000000004 7.2500000000000009 3.0499999523162846 18.550000190734867 1.0500000119209292 2 3.0499999523162846 37.775798797607429 423.00000000000006 39.857500076293952 3 1.0000000180025095e-35 4 -8.6500000953674299 141.16085052490237 43.387498855590827 61.500000000000007 144.96915435791018 65.500000000000014 0.75000000000000011 143.45414733886722 5 3.1499999761581425 1.0000000180025095e-35 -4.2499999999999991
decision_type=10 1 2 10 1 10 10 2 8 10 1 8 2 2 2 1 8 1 10 2 2 2 2 2 10 2 1 10 8 2
left_child=3 2 -2 5 9 6 16 12 14 -5 11 -11 -7 -9 -4 -12 -1 18 -18 28 21 -21 25 -23 -25 26 27 -22 -20 -27
right_child=1 -3 8 4 -6 7 -8 13 -10 10 15 -13 -14 -15 -16 -17 17 -19 19 20 22 23 -24 24 -26 29 -28 -29 -30 -31
leaf_value=-0.018503355910101757 -0.0020543751425416978 -0.00028895157025098973 -0.019933019821769316 -0.015894862207805647 0.032122955116401855 0.009650017244760941 0.018631581358625349 0.0010412032476512143 -0.2128896161705939 0.031829924433002262 -0.022441145288270722 0.0071741752085845018 0.043270928202856759 0.024945384906162535 -0.11940722282770964 0.0045743365814817421 0.011143696955544555 0.0014288768390271671 -0.0052672204200193834 -0.046759562799350902 -0.037129322226000808 0.078873947355838081 0.0465376969015594 0.0053939473081334923 -0.037819691815247136 -0.091701569445222508 0.02417369394154022 0.008148899242603069 0.014743257646475723 -0.020856521716044584
leaf_weight=36273 107160 3342664 64216 22592 25563 27410 35448 203898 346 41872 18784 71723 17787 23350 1216 67251 39196 510384 192756 28270 13745 1401 4431 15772 14378 2624 16255 10821 31980 10434
leaf_count=36273 107160 3342664 64216 22592 25563 27410 35448 203898 346 41872 18784 71723 17787 23350 1216 67251 39196 510384 192756 28270 13745 1401 4431 15772 14378 2624 16255 10821 31980 10434
internal_value=2.80133e-08 -0.000763709 -0.00993955 0.00180884 0.00886105 0.000395759 -0.00138932 0.00671306 -0.0227869 0.00618342 0.00868232 0.016261 0.0228813 0.00349739 -0.0217817 -0.00132587 -0.00215349 -0.00148896 -0.0053867 -0.00727658 -0.0165164 -0.0279181 -0.00481927 -0.011036 -0.0152139 -0.00904286 -0.000709884 -0.0171779 -0.00241972 -0.0350928
internal_weight=5e+06 3.5156e+06 172938 1.4844e+06 247785 1.23661e+06 964168 272445 65778 222222 199630 113595 45197 227248 65432 86035 928720 892447 382063 342867 118131 59821 58310 31551 30150 53879 40821 24566 224736 13058
internal_count=5000000 3515602 172938 1484398 247785 1236613 964168 272445 65778 222222 199630 113595 45197 227248 65432 86035 928720 892447 382063 342867 118131 59821 58310 31551 30150 53879 40821 24566 224736 13058
cat_boundaries=0 1 2 3 4 5 6
cat_threshold=6 2096128 7302 393216 917248 62
is_linear=0
shrinkage=0.1


Tree=275
num_leaves=31
num_cat=4
split_feature=11 0 16 23 48 73 72 73 29 72 21 73 74 74 76 75 73 72 89 14 76 73 72 14 74 26 73 76 86 48
split_gain=744.454 1307.87 1407.89 1310.72 1255.21 1152.34 975.547 2676.55 3385.35 3714.26 2224.36 2067.13 2054.88 2605.37 1675.61 1624.49 1549.7 2005.47 2300.54 2164.59 1749.25 2375.67 1915.29 1719.58 1498.46 1459.14 1446.35 1618.82 1388.7 1384.06
threshold=-2.2499999999999996 7.2500000000000009 0.45000000298023229 1.8499999642372134 2.4500000476837163 145.15920257568362 37.249149322509773 137.86834716796878 1.0000000180025095e-35 36.775800704956062 10.84999990463257 139.67584991455081 249.50000000000003 234.50000000000003 0 1 138.8433532714844 35.225851058959968 20.349999427795414 20.650000572204593 2 140.60749816894534 35.859998703002937 8.2500000000000018 202.50000000000003 2.7500000000000004 140.0391540527344 3 31.650000572204593 0.45000000298023229
decision_type=8 2 10 8 10 2 2 2 10 2 8 2 2 2 1 1 2 2 8 8 1 2 2 10 2 10 2 1 8 10
left_child=1 2 5 -4 -3 -1 7 24 15 10 14 -11 13 -8 25 -9 -17 19 20 -18 21 22 -19 -22 -2 -10 -14 -28 -15 -26
right_child=6 4 3 -5 -6 -7 12 8 9 11 -12 -13 26 28 -16 16 17 18 -20 -21 23 -23 -24 -25 29 -27 27 -29 -30 -31
leaf_value=0.0011826539801611604 0.00053755861307856257 0.006540875728960803 0.060316133606470826 -0.0035770148319705162 0.067085125088302486 0.059267442721740608 -0.001223133678296345 0.0095150448509606841 0.097640297080131375 -0.03185431186958123 0.029871258115011207 0.038326262502066964 -0.030716619894615139 0.055079021433558584 0.040619908309133521 0.0081880612952149514 0.045820235812416184 -0.011554332871647187 0.00080825963733249838 -0.010177318325433237 0.016522936229199554 0.052279018719576409 -0.059856818816589566 -0.01959362412396673 0.0032657617140389363 0.24295758782228907 0.014020449044735296 -0.01079825820001261 -0.0027274072509970333 -0.0082442780725770319
leaf_weight=291582 1649677 7332 8098 5320 6425 3456 1416736 288331 5152 13419 37838 6107 30671 12705 5635 139899 15282 12683 133255 12590 18741 2834 23272 44450 138313 798 30114 206107 6176 427002
leaf_count=291582 1649677 7332 8098 5320 6425 3456 1416736 288331 5152 13419 37838 6107 30671 12705 5635 139899 15282 12683 133255 12590 18741 2834 23272 44450 138313 798 30114 206107 6176 427002
internal_value=3.31273e-08 0.00464928 0.00330381 0.0349836 0.0348172 0.00186304 -0.000320214 0.000772194 0.00589162 0.0270214 0.04161 -0.00990446 -0.00222929 -0.000731339 0.0799501 0.0037843 -0.000316003 -0.00483779 -0.007843 0.0205257 -0.0191474 -0.035861 -0.0428183 -0.00888088 -0.000985027 0.116933 -0.0102868 -0.00763418 0.0361705 -0.00542817
internal_weight=5e+06 322213 308456 13418 13757 295038 4.67779e+06 2.97528e+06 760286 68949 49423 19526 1.70251e+06 1.43562e+06 11585 691337 403006 263107 235235 27872 101980 38789 35955 63191 2.21499e+06 5950 266892 236221 18881 565315
internal_count=5000000 322213 308456 13418 13757 295038 4677787 2975278 760286 68949 49423 19526 1702509 1435617 11585 691337 403006 263107 235235 27872 101980 38789 35955 63191 2214992 5950 266892 236221 18881 565315
cat_boundaries=0 1 2 3 4
cat_threshold=14680191 316 2096128 3670016
is_linear=0
shrinkage=0.1


Tree=276
num_leaves=31
num_cat=3
split_feature=79 72 73 73 72 76 72 72 73 73 76 73 91 73 74 72 72 88 85 83 91 74 83 85 15 76 74 72 85 89
split_gain=686.051 1021.41 1275.95 1246.68 1940.22 1458.96 1227.2 1223.66 1460.94 1607.2 1191.77 1117.02 1188.09 2252.16 1312.86 1265.94 1138.18 1136.85 1358.14 1114.57 1311.46 1109.53 1608.41 1085.32 1081.58 1028.09 1141.18 1149.49 1369.54 1247.58
threshold=0.75000000000000011 32.826700210571296 131.11000061035159 133.94165039062503 34.909999847412116 0 33.817499160766609 36.173299789428718 132.01335144042972 132.18415069580081 1 142.61585235595706 2.0499999523162846 144.46170043945315 176.50000000000003 43.063348770141609 44.01414871215821 2.5499999523162846 2.3500000238418584 27.650000572204593 2.8500000238418584 669.00000000000011 3.8500000238418584 6.4500000476837167 -5.9500000476837149 2 43.500000000000007 34.495000839233406 2.6499999761581425 22.44999980926514
decision_type=10 2 2 2 2 1 2 2 2 2 1 2 10 2 2 2 2 10 10 8 10 2 10 10 8 1 2 2 10 8
left_child=-1 2 -2 7 6 24 10 8 19 -10 -5 21 14 17 -13 -15 -17 -14 -19 20 -3 23 -23 -7 -6 -8 27 29 -29 -27
right_child=1 3 -4 4 5 11 25 -9 9 -11 -12 12 13 15 -16 16 -18 18 -20 -21 -22 22 -24 -25 -26 26 -28 28 -30 -31
leaf_value=0.001069752423447303 0.00080961627980545526 -0.003795851685647163 0.017304812290820086 0.01332555518675436 0.021340588769682325 -0.0030659620144922297 0.0010045243362342548 0.042123733054850954 -0.047385020727138322 -0.01194407652930954 -0.054042996676814919 -0.012230481991612351 -0.028310134993321391 0.073193466970060697 0.023180999714871541 -0.022401613668888262 0.036260374704334068 -0.044977553436861203 -0.11976446076258991 0.005698686849913163 -0.031303182078349527 -0.044098516636978363 -0.0057739610791715497 0.018079067700843249 0.00071585360236263353 0.041764953666982699 0.0299158642805968 0.0020091134134028448 -0.071901124560610361 0.0023544796425019601
leaf_weight=2726335 211005 90503 60294 4708 26589 641239 67140 4951 13990 149873 5925 53943 15650 2027 12991 15415 4211 7120 3685 94164 21438 15770 35834 25229 581399 16399 40980 32734 2715 15744
leaf_count=2726335 211005 90503 60294 4708 26589 641239 67140 4951 13990 149873 5925 53943 15650 2027 12991 15415 4211 7120 3685 94164 21438 15770 35834 25229 581399 16399 40980 32734 2715 15744
internal_value=4.04879e-08 -0.00128264 0.00447554 -0.00206281 -0.00086519 -0.0021068 0.00873679 -0.00726146 -0.00792234 -0.0149699 -0.0242523 -0.00482489 -0.0139731 -0.0259602 -0.00535758 -0.0020443 -0.00981496 -0.0455349 -0.0704833 -0.00231922 -0.00906382 -0.00335932 -0.0174858 -0.00226552 0.0016178 0.0107331 0.0167475 0.00876623 -0.00365159 0.0224613
internal_weight=5e+06 2.27366e+06 271299 2.00237e+06 1.62745e+06 1.4411e+06 186345 374919 369968 163863 10633 833114 115042 48108 66934 21653 19626 26455 10805 206105 111941 718072 51604 666468 607988 175712 108572 67592 35449 32143
internal_count=5000000 2273665 271299 2002366 1627447 1441102 186345 374919 369968 163863 10633 833114 115042 48108 66934 21653 19626 26455 10805 206105 111941 718072 51604 666468 607988 175712 108572 67592 35449 32143
cat_boundaries=0 1 2 3
cat_threshold=16515103 16252991 12583167
is_linear=0
shrinkage=0.1


Tree=277
num_leaves=31
num_cat=6
split_feature=80 11 8 76 89 23 0 76 2 91 80 76 4 0 28 23 0 75 52 12 4 0 22 0 16 12 75 76 74 52
split_gain=651.986 904.29 1924.86 2540.72 1759.44 1736.49 1629.29 1936.04 1692.96 1616.36 1587.71 1503.59 2570 1972.24 2136.36 2053.1 1756.27 1703.11 1675.17 1560.38 1537.52 1803.46 1479.97 1451.86 1433.58 1405.18 1650.11 1662.84 1625.15 1363.37
threshold=28.050000190734867 16.750000000000004 16.849999427795414 0 12.650000095367433 10.449999809265138 14.34999990463257 1 15.650000095367433 0.65000000596046459 14.650000095367433 2 16.94999980926514 11.050000190734865 1.0000000180025095e-35 12.050000190734865 14.250000000000002 3 2.4500000476837163 20.44999980926514 20.550000190734867 18.44999980926514 8.4499998092651385 6.4500000476837167 23.750000000000004 11.050000190734865 4 5 65.500000000000014 1.2500000000000002
decision_type=10 8 8 1 10 8 2 1 10 8 10 1 8 2 10 8 2 1 8 10 8 2 10 2 10 10 1 1 2 8
left_child=1 4 3 -3 6 -6 8 -8 10 -7 25 13 24 14 18 16 22 -18 -4 -14 21 -21 -15 -5 -13 26 27 -1 -29 -17
right_child=-2 2 11 23 5 9 7 -9 -10 -11 -12 12 19 15 -16 29 17 -19 -20 20 -22 -23 -24 -25 -26 -27 -28 28 -30 -31
leaf_value=0.039001779106434244 0.0068342120009648941 -0.032825213349917788 0.041424854132397854 0.038753432982088637 0.023245602477760221 0.022385223137128304 0.033420139211068449 0.0045186563334357792 -0.034493590394289779 0.0023587518811901027 0.032808206036995233 -0.032813427901298257 0.0032051813411829912 -0.044425970945968014 -0.20364510045396381 0.007770383024261189 -0.076202022047409557 -0.012933462993070547 -0.029943189102292791 -0.050116379351380219 -0.0033852959112523639 -0.010849053296056977 0.013523679254765893 -0.0074826944775962211 0.012631599024391477 -0.0065084393550276162 -0.00033515221789941067 -0.026778676363356926 0.027595291997505912 -0.0014952858330465667
leaf_weight=21667 135802 43608 24208 7193 53147 44384 26472 185857 15031 438222 13952 42148 346802 6038 391 306029 8554 8485 3806 14750 562243 56493 16316 121659 8310 385817 1750528 11174 10819 330095
leaf_count=21667 135802 43608 24208 7193 53147 44384 26472 185857 15031 438222 13952 42148 346802 6038 391 306029 8554 8485 3806 14750 562243 56493 16316 121659 8310 385817 1750528 11174 10819 330095
internal_value=2.84992e-08 -0.000190773 -0.00188858 -0.0119642 0.00090421 0.00608982 -0.000243184 0.00812372 -0.00104741 0.00420053 -0.000818272 -0.000886864 -0.00331985 0.00267575 0.0284888 0.00159037 -0.0205634 -0.0447482 0.0317287 -0.00218702 -0.00513898 -0.0189789 -0.002129 -0.00490124 -0.025329 -0.00103348 0.000143839 0.0193444 -3.0517e-05 0.00296228
internal_weight=5e+06 4.8642e+06 1.90713e+06 172460 2.95707e+06 535753 2.42132e+06 212329 2.20899e+06 482606 2.19396e+06 1.73467e+06 1.03075e+06 703922 28405 675517 39393 17039 28014 980288 633486 71243 22354 128852 50458 2.18e+06 1.79419e+06 43660 21993 636124
internal_count=5000000 4864198 1907128 172460 2957070 535753 2421317 212329 2208988 482606 2193957 1734668 1030746 703922 28405 675517 39393 17039 28014 980288 633486 71243 22354 128852 50458 2180005 1794188 43660 21993 636124
cat_boundaries=0 1 2 3 4 5 6
cat_threshold=14938115 14680575 8388735 2146 480 4186150
is_linear=0
shrinkage=0.1


Tree=278
num_leaves=31
num_cat=6
split_feature=76 0 37 12 11 0 2 76 51 71 80 19 0 23 0 23 26 6 76 10 80 76 89 8 75 76 40 82 74 55
split_gain=701.525 890.743 1174.81 1109.72 923.909 2146.27 2200.26 1724.92 1422.31 2280.1 1162.83 1362.84 1122.75 2610.13 1242.19 3411.41 1536.09 1317.14 1210.92 1121.14 1926.03 1137.29 1133.34 1119.62 1110.26 2005.06 1759.44 1709.66 1838.93 1759.58
threshold=0 25.94999980926514 1.0000000180025095e-35 22.250000000000004 21.150000572204593 19.650000572204593 21.349999427795414 1 1.8499999642372134 1.9499999880790713 16.550000190734867 16.250000000000004 10.84999990463257 9.8499999046325701 15.150000095367433 14.650000095367433 1.0000000180025095e-35 23.94999980926514 2 0.84999999403953563 0.25000000745058065 3 -0.65000000596046437 23.550000190734867 4 5 1.0000000180025095e-35 4.0499999523162851 58.500000000000007 4.2500000000000009
decision_type=1 2 8 10 8 2 10 1 8 8 10 8 2 8 2 8 10 8 1 10 10 1 10 8 1 1 8 10 2 10
left_child=-1 4 3 -3 5 6 10 -7 9 12 19 -12 -6 23 16 17 -15 -16 -17 20 22 -22 -2 -14 25 -21 -27 28 29 -26
right_child=1 2 -4 -5 8 7 -8 -9 -10 -11 11 -13 13 14 15 18 -18 -19 -20 24 21 -23 -24 -25 27 26 -28 -29 -30 -31
leaf_value=-0.0023090575023661008 -0.0011260279179570638 0.021447953967532265 0.033356446444431656 0.0020832956831687509 0.034315167534947073 0.0071000924388138712 -0.041224214954106699 0.034155658729215763 -0.0084293323977646679 -0.013892143585458455 0.022478861145654935 0.0025848091099168564 -0.07825390570811834 0.025327939379315358 -0.052551981106056724 -0.0083090659043611112 -0.12185981247378193 0.027102566769459394 0.0065096035854534792 -0.0051282887040081469 0.039388222179677905 0.011614528493573278 0.013267393924502366 0.023277457069613875 0.0049414793211488449 0.0045035046711857313 0.026375379304277798 -0.015217445867354457 -0.0052448011915834231 -0.0093521979414815538
leaf_weight=1041621 318355 33756 14844 239985 11345 214231 12755 26470 287920 93830 49243 114511 5573 32221 14937 67076 725 2411 309805 218338 19535 60154 66057 1349 480400 325903 41458 101662 688594 104936
leaf_count=1041621 318355 33756 14844 239985 11345 214231 12755 26470 287920 93830 49243 114511 5573 32221 14937 67076 725 2411 309805 218338 19535 60154 66057 1349 480400 325903 41458 101662 688594 104936
internal_value=1.65755e-08 0.000607638 0.005957 0.00447122 0.000186977 0.00104291 0.000207157 0.0100771 -0.00275439 0.000275496 0.000411262 0.00856721 0.00325983 0.00244821 0.00343529 0.00187639 0.022089 -0.0414817 0.00387218 -0.0001394 0.00428042 0.0184294 0.00134732 -0.0584669 -0.00118526 0.00246099 0.00697163 -0.00273776 -0.00174188 0.00237898
internal_weight=5e+06 3.95838e+06 288585 273741 3.66979e+06 2.8426e+06 2.6019e+06 240701 827192 539272 2.58915e+06 163754 445442 434097 427175 394229 32946 17348 376881 2.42539e+06 464101 79689 384412 6922 1.96129e+06 585699 367361 1.37559e+06 1.27393e+06 585336
internal_count=5000000 3958379 288585 273741 3669794 2842602 2601901 240701 827192 539272 2589146 163754 445442 434097 427175 394229 32946 17348 376881 2425392 464101 79689 384412 6922 1961291 585699 367361 1375592 1273930 585336
cat_boundaries=0 1 2 3 4 5 6
cat_threshold=253952 1842944 3939840 524799 624 270209
is_linear=0
shrinkage=0.1


Tree=279
num_leaves=31
num_cat=7
split_feature=12 15 72 8 76 76 7 12 73 6 86 11 75 8 76 83 1 77 74 76 23 76 36 42 0 75 34 80 8 0
split_gain=705.241 1114.43 943.323 940.694 1284.63 926.597 920.385 917.719 902.681 782.991 735.685 911.252 2222.87 1504.46 2102.57 1383.07 2294.49 1556.07 1313.3 1282.52 1260.41 1210.92 1562.4 1422.62 1548.7 1388.13 1374.05 1278.32 1199.46 1262.4
threshold=27.250000000000004 29.849999427795414 26.286649703979496 28.250000000000004 0 1 19.250000000000004 30.050000190734867 131.188346862793 30.150000572204593 25.44999980926514 15.949999809265138 2 16.150000572204593 3 10.84999990463257 9.2500000000000018 14.250000000000002 326.00000000000006 4 12.84999990463257 5 1.0000000180025095e-35 1.0000000180025095e-35 9.4499998092651385 6 1.0000000180025095e-35 17.849999427795414 24.050000190734867 20.349999427795414
decision_type=10 10 2 8 1 1 8 10 2 8 10 8 1 8 1 10 8 10 2 1 8 1 8 10 2 1 8 8 8 2
left_child=1 2 8 4 -2 7 -6 -5 -1 -7 11 15 -13 14 -14 17 18 -4 -17 -18 -19 22 23 24 -15 -24 28 -23 -26 -30
right_child=3 -3 10 5 6 9 -8 -9 -10 -11 -12 12 13 21 -16 16 19 20 -20 -21 -22 27 25 -25 26 -27 -28 -29 29 -31
leaf_value=0.007413753710366182 -0.0042919787840923424 0.027847565205912368 -0.00088462144363029508 0.033866734904530967 -0.33464712838985611 -0.015881755556392034 -0.023070967657199726 0.0042727655831036344 0.04122658227999515 0.0032355155983489572 0.0054681884845148125 -0.022247885011609181 -0.00090177555981417424 0.035383914408289939 -0.024106577732647145 0.050737663144832038 0.017241005566156424 0.035477190680604224 0.0045142974296569485 0.0020900740489167009 0.0065637747490150267 -0.011843313111819661 -0.037516187003327539 0.028022909861026065 -0.0015681475955337358 -0.00013175830307215073 0.036294213083456227 -0.00087864744956323785 0.029881082704685022 0.00020433942161814315
leaf_weight=52148 125765 14652 2119714 13247 95 39312 46708 50141 9304 47084 238569 53277 93286 15615 67156 16876 63004 18226 9668 492951 87261 121842 15490 28502 228038 27661 11951 835072 27849 29536
leaf_count=52148 125765 14652 2119714 13247 95 39312 46708 50141 9304 47084 238569 53277 93286 15615 67156 16876 63004 18226 9668 492951 87261 121842 15490 28502 228038 27661 11951 835072 27849 29536
internal_value=3.1524e-08 0.000311802 0.00022528 -0.00452407 -0.00955689 0.00127431 -0.0236983 0.0104557 0.0125331 -0.00546261 6.09129e-05 -0.000234759 -0.00217654 -0.00146443 -0.0106161 0.000840854 0.00517879 -0.000294704 0.0339019 0.00380741 0.0115594 -0.000369956 0.0043687 0.00663437 0.00468665 -0.0135604 0.00307474 -0.00227473 0.0016838 0.0146065
internal_weight=5e+06 4.67765e+06 4.663e+06 322352 172568 149784 46803 63388 61452 86396 4.60154e+06 4.36298e+06 1.55528e+06 1.502e+06 160442 2.8077e+06 582499 2.2252e+06 26544 555955 105487 1.34156e+06 384642 341491 312989 43151 297374 956914 285423 57385
internal_count=5000000 4677648 4662996 322352 172568 149784 46803 63388 61452 86396 4601544 4362975 1555275 1501998 160442 2807700 582499 2225201 26544 555955 105487 1341556 384642 341491 312989 43151 297374 956914 285423 57385
cat_boundaries=0 1 2 3 4 5 6 7
cat_threshold=2044 63 4110 1836024 15728687 8388639 176
is_linear=0
shrinkage=0.1


Tree=280
num_leaves=31
num_cat=7
split_feature=11 75 0 73 89 76 74 72 72 80 9 48 58 0 73 72 80 83 73 75 73 0 75 76 86 76 12 6 76 7
split_gain=672.517 1136.05 1055.55 996.381 994.252 1341.3 1697.14 1338.45 1234.26 1287.22 1251.19 1161.24 1135.4 966.833 882.168 1296.26 1014.51 871.256 870.671 979.679 869.001 835.889 1776.34 1367.81 1040.75 968.109 928.998 1127.75 1554.75 985.949
threshold=-2.8500000238418575 0 7.2500000000000009 144.46170043945315 -7.8500001430511466 1 149.50000000000003 36.961700439453132 43.315851211547859 -5.4500000476837149 -13.050000190734862 2.9500000476837163 1.5500000119209292 3.2500000000000004 140.60749816894534 44.025800704956062 0.65000000596046459 -4.1499998569488517 143.45414733886722 2 143.1683044433594 -1.6500000357627866 3 4 -0.84999999403953541 5 4.2500000000000009 -2.4500000476837154 6 5.2500000000000009
decision_type=8 1 2 2 8 1 2 2 2 10 10 10 10 2 2 2 8 8 2 1 2 2 1 1 10 1 10 8 1 8
left_child=1 2 -1 4 8 6 12 13 -3 10 20 18 -6 -8 -14 16 -16 -7 19 -9 -10 22 24 -24 25 -2 27 28 -23 -28
right_child=21 3 -4 -5 5 17 7 11 9 -11 -12 -13 14 -15 15 -17 -18 -19 -20 -21 -22 26 23 -25 -26 -27 29 -29 -30 -31
leaf_value=0.028663254465943512 -0.0081200486225345373 0.0070013881607910557 0.14855064705938584 0.025771402096382318 -0.024245242472319406 0.0031935293180800892 -0.024390663936559944 0.051549785629689072 0.05640832390544355 0.075091944014080092 -0.047774612575014336 0.049663838064293198 0.036650122345668938 0.016432521744406101 -0.045566949257626534 0.027787278080973445 0.0056600410152404515 0.024090762609915009 -0.044296176329946889 0.0060086006338405263 -0.056296587335322959 -0.031247647661305139 0.021133832477121622 -0.005849420069506824 0.01308268939636419 -0.029253676200803876 -0.0065556758237280011 0.0042782667807826228 0.019345466396764315 -0.00018393545512317865
leaf_weight=8713 39794 16330 802 18811 37962 36305 14991 6090 2180 1100 15697 10499 5873 9464 8784 7385 6905 44291 2601 20975 997 20077 29549 51539 10933 47667 260363 644171 8701 3610451
leaf_count=8713 39794 16330 802 18811 37962 36305 14991 6090 2180 1100 15697 10499 5873 9464 8784 7385 6905 44291 2601 20975 997 20077 29549 51539 10933 47667 260363 644171 8701 3610451
internal_value=1.44037e-08 0.00479116 0.0387276 0.00358128 0.00190119 0.00451834 -0.00170666 0.00985186 -0.0133909 -0.0300628 -0.0361914 0.0210818 -0.01287 -0.00859223 0.0020478 -0.00675949 -0.0230211 0.0146756 0.0109664 0.0162773 0.0210395 -0.000280719 -0.00697419 0.00398485 -0.0160045 -0.0196423 -1.6322e-05 0.00341301 -0.015955 -0.000612519
internal_weight=5e+06 276755 9515 267240 248429 212125 131529 64620 36304 19974 18874 40165 66909 24455 28947 23074 15689 80596 29666 27065 3177 4.72324e+06 179482 81088 98394 87461 4.54376e+06 672949 28778 3.87081e+06
internal_count=5000000 276755 9515 267240 248429 212125 131529 64620 36304 19974 18874 40165 66909 24455 28947 23074 15689 80596 29666 27065 3177 4723245 179482 81088 98394 87461 4543763 672949 28778 3870814
cat_boundaries=0 1 2 3 4 5 6 7
cat_threshold=3104 2095104 4096 6146 120 1120287 130048
is_linear=0
shrinkage=0.1


Tree=281
num_leaves=31
num_cat=7
split_feature=76 85 74 74 82 12 80 73 72 72 81 90 76 73 86 51 14 75 76 74 74 75 91 72 75 72 72 75 72 73
split_gain=686.014 1521.94 1276.42 1175.12 1158.93 1123.89 1426.96 1123.74 1951.94 1516.97 2641.08 1659.03 1662.56 1766.01 1949.44 1336.25 1241.82 1189.82 1357.83 1161.78 1414.76 1135.54 1096.68 1052.88 1342.34 1136.63 2519.44 3467.13 1892.48 2346.88
threshold=0 4.0499999523162851 692.50000000000011 1175.0000000000002 2.3500000238418584 25.050000190734867 24.050000190734867 129.97499847412112 30.90164947509766 33.418348312377937 1.0000000180025095e-35 1.0000000180025095e-35 1 139.74584960937503 16.94999980926514 1.5500000119209292 7.4500000476837167 2 3 253.50000000000003 249.50000000000003 4 2.7500000000000004 43.900848388671882 5 42.974149703979499 40.964998245239265 6 42.635850906372077 143.63079833984378
decision_type=1 10 2 2 10 10 8 2 2 2 8 10 1 2 8 8 10 1 1 2 2 1 10 2 1 2 2 1 2 2
left_child=1 3 -3 23 -5 7 -7 16 -9 10 11 12 -10 14 15 -14 -2 -11 -19 20 22 -18 -16 25 -25 26 -1 28 -28 -30
right_child=5 2 -4 4 -6 6 -8 8 9 17 -12 -13 13 -15 19 -17 21 18 -20 -21 -22 -23 -24 24 -26 -27 27 -29 29 -31
leaf_value=0.0030158531347327187 0.05256962917568031 -0.006735897692328437 -0.069249246907585618 -0.013840689478638136 -0.090090419111329409 -0.043523630774731814 -0.0063393039012549701 0.038131743915834473 0.0083216228475912254 0.0021102048756769377 0.023227754262184111 0.036900540922198403 -0.013841921990822549 0.072967319822912755 -0.0099021456336412014 -0.049250490872402741 -0.0064309942258657937 -0.0068920248464282314 0.00017821396229916598 0.0051006643310622926 -0.091984064701059715 0.017710004988620048 -0.037111383116769495 0.0078246749027145162 -0.017540714163891535 0.010210022382034403 -0.046989779553562844 0.00035453028098768075 0.010306451189128247 -0.076127189974094317
leaf_weight=1689922 6551 160722 3334 12190 2383 10947 180261 12737 27738 1050470 22847 6533 16559 2101 66949 29907 34330 442154 704296 28592 2517 45041 19022 32666 57717 181384 31309 99411 15468 3942
leaf_count=1689922 6551 160722 3334 12190 2383 10947 180261 12737 27738 1050470 22847 6533 16559 2101 66949 29907 34330 442154 704296 28592 2517 45041 19022 32666 57717 181384 31309 99411 15468 3942
internal_value=1.76723e-08 0.00127402 -0.00800631 0.00199002 -0.0263092 -0.00107692 -0.00846817 -0.00051574 -0.000912756 -0.00111828 -0.00898135 -0.0126623 -0.0143366 -0.0181302 -0.0193016 -0.036632 0.0107236 -0.000320977 -0.00254862 -0.0124236 -0.018086 0.00726982 -0.0159225 0.00218531 -0.00837429 0.00265745 0.00191295 -0.0105018 -0.0317743 -0.00724746
internal_weight=5e+06 2.29045e+06 164056 2.12639e+06 14573 2.70955e+06 191208 2.51834e+06 2.43242e+06 2.41968e+06 222765 199918 193385 165647 163546 46466 85922 2.19692e+06 1.14645e+06 117080 88488 79371 85971 2.11182e+06 90383 2.02144e+06 1.84005e+06 150130 50719 19410
internal_count=5000000 2290448 164056 2126392 14573 2709552 191208 2518344 2432422 2419685 222765 199918 193385 165647 163546 46466 85922 2196920 1146450 117080 88488 79371 85971 2111819 90383 2021436 1840052 150130 50719 19410
cat_boundaries=0 1 2 3 4 5 6 7
cat_threshold=12584191 768 8064 491776 4110 1920 240
is_linear=0
shrinkage=0.1


Tree=282
num_leaves=31
num_cat=6
split_feature=11 15 86 83 72 76 76 75 89 66 83 88 72 72 73 82 76 72 72 74 73 14 76 75 72 72 73 72 52 31
split_gain=671.764 1322.18 1419.63 1575.5 1204.76 1052.28 1045.27 936.587 869.981 1007.62 810.769 753.632 825.146 1277.32 890.93 871.21 852.017 743.069 724.718 1865.93 1787.86 1768.46 1598.38 1904.61 1988.16 2270.38 2447.46 1568.28 1599.26 1810.13
threshold=-5.3500001430511466 -1.6500000357627866 -6.4500000476837149 -7.8500001430511466 43.652500152587898 0 1 2 2.6499999761581425 1.8499999642372134 1.0000000180025095e-35 1.1500000357627871 42.466650009155281 42.974149703979499 141.52664947509768 1.8499999642372134 3 36.013349533081062 37.670000076293952 311.50000000000006 140.32749938964847 20.750000000000004 4 5 36.589200973510749 35.662500381469734 137.68579864501956 31.308349609375004 2.0499999523162846 1.0000000180025095e-35
decision_type=8 10 10 10 2 1 1 1 10 8 8 10 2 2 2 8 1 2 2 2 2 10 1 1 2 2 2 2 8 8
left_child=1 2 3 5 10 -1 -3 -6 9 -7 11 -4 -13 14 -14 -16 -17 -12 20 -20 22 -22 27 -24 25 -25 -27 -2 -29 -30
right_child=18 6 4 -5 7 8 -8 -9 -10 -11 17 12 13 -15 15 16 -18 -19 19 -21 21 -23 23 24 -26 26 -28 28 29 -31
leaf_value=-0.00072486334689583689 0.010285823315849596 0.1040421801289835 0.02618295770004278 0.014164202887213463 -0.013649319462134749 -0.051194601353601044 -0.032792085365861694 0.053780451483393277 0.088732507967191648 -0.0094108213513229618 -0.030814500581504995 0.014176768751621811 -0.0057498512062980015 -0.00057717080732933577 -0.01727365567704648 -0.15921419754509614 0.015596519170405446 0.028836785777610442 -0.00089789015070070683 -0.013195854377650397 0.01903996237538046 -0.0072361715436843055 -0.0017102633897143539 0.0043947110727667622 -0.0074589856084430672 0.00060339512397208017 0.027060187343629985 0.00028163503371678178 -0.0083695056249924391 0.010649566685161434
leaf_weight=28643 92373 2336 5697 33228 2485 12726 732 12065 610 10561 2337 5639 1382 5334 877 1954 331 19622 1557973 133986 96931 34813 686656 692101 109912 53719 100159 653332 586779 54707
leaf_count=28643 92373 2336 5697 33228 2485 12726 732 12065 610 10561 2337 5639 1382 5334 877 1954 331 19622 1557973 133986 96931 34813 686656 692101 109912 53719 100159 653332 586779 54707
internal_value=1.70292e-08 0.00667026 0.00528142 -0.00287852 0.0174059 -0.0136569 0.0716269 0.0422917 -0.0291447 -0.032245 0.00901899 -0.0049234 -0.016344 -0.0337672 -0.0727275 -0.102001 -0.13452 0.0224884 -0.000201404 -0.00187176 0.000692538 0.0120966 0.00019665 0.00230744 0.00519352 0.00683743 0.0178241 -0.0023027 -0.00320079 -0.00674753
internal_weight=5e+06 146559 143491 85768 57723 52540 3068 14550 23897 23287 43173 21214 15517 9878 4544 3162 2285 21959 4.85344e+06 1.69196e+06 3.16148e+06 131744 3.02974e+06 1.64255e+06 955891 845979 153878 1.38719e+06 1.29482e+06 641486
internal_count=5000000 146559 143491 85768 57723 52540 3068 14550 23897 23287 43173 21214 15517 9878 4544 3162 2285 21959 4853441 1691959 3161482 131744 3029738 1642547 955891 845979 153878 1387191 1294818 641486
cat_boundaries=0 1 2 3 4 5 6
cat_threshold=12593118 2032 24 1047552 16760833 7682
is_linear=0
shrinkage=0.1


Tree=283
num_leaves=31
num_cat=6
split_feature=12 25 0 89 76 12 75 73 83 12 76 8 0 50 76 12 4 52 77 23 83 0 74 73 75 75 72 46 4 79
split_gain=713.666 883.947 1102.58 853.496 1021.47 1139.41 1008.01 957.49 925.996 1188.85 1443.58 1718.79 1775.7 2204.57 1921.69 1493.39 1451.6 2108.25 1281.86 1617.51 1300.39 1732.42 1429.25 1267.08 1373.79 1114.33 1236.91 1103.7 1094.87 1065.15
threshold=28.650000572204593 1.0000000180025095e-35 22.150000572204593 22.94999980926514 0 22.150000572204593 1 135.29250335693362 25.849999427795414 10.650000095367433 2 10.449999809265138 10.84999990463257 2.6499999761581425 3 18.150000572204593 11.449999809265138 3.2500000000000004 10.250000000000002 8.4499998092651385 6.4500000476837167 4.8500001430511483 326.00000000000006 138.9049987792969 4 5 39.673351287841804 1.0000000180025095e-35 0.84999999403953563 0.55000001192092907
decision_type=10 8 2 10 1 10 1 2 10 8 1 10 2 8 1 8 10 10 10 8 10 2 2 2 1 1 2 10 8 8
left_child=3 -2 -3 8 7 6 -6 -5 9 18 11 12 13 -11 -14 16 17 -13 20 23 -1 22 -22 -20 -25 26 27 -12 -23 -21
right_child=1 2 -4 4 5 -7 -8 -9 -10 10 25 15 14 -15 -16 -17 -18 -19 19 29 21 28 -24 24 -26 -27 -28 -29 -30 -31
leaf_value=-0.00092070625345258171 -0.0045087691699160961 -0.14331388320027635 -0.025309579261048949 0.0047592908994062389 0.031670306834354532 -0.001639316196854452 0.0061165931062820656 0.031139166168137718 0.0093084558962247422 -0.039753583024136931 -0.0060407515227079364 -0.036187005800711436 -0.021112515322380856 0.068913944624396525 -0.075283995192593572 -0.011390156487274003 0.00065937063041943058 0.028658213344255501 0.046514243013370371 0.037052397724750462 0.061424825790246107 -0.023120237369752866 0.0056445026083452622 0.036594386606701702 -0.014713205482843493 0.00036046401219327033 -0.12940525686232415 -0.04155614596035552 0.0054266971171725792 0.0027205690900116257
leaf_weight=1431326 191843 893 6987 29959 16847 276092 183508 25445 99469 3514 94507 23400 23993 3983 9012 215531 368544 6381 17951 9541 9951 14029 8532 10163 10709 1408970 865 9643 317391 171021
leaf_count=1431326 191843 893 6987 29959 16847 276092 183508 25445 99469 3514 94507 23400 23993 3983 9012 215531 368544 6381 17951 9541 9951 14029 8532 10163 10709 1408970 865 9643 317391 171021
internal_value=8.39137e-09 -0.00585708 -0.0386824 0.000243702 0.00402122 0.0025265 0.00826718 0.0168715 -0.000226982 -0.000454492 -0.00207656 -0.00600124 -0.0259539 0.0179792 -0.0359332 -0.00468487 -0.00105668 -0.022293 0.00130356 0.00851623 0.000415218 0.00588 0.0356759 0.027034 0.01028 -0.000380231 -0.0103171 -0.00932904 0.00421831 0.00453468
internal_weight=5e+06 199723 7880 4.80028e+06 531851 476447 200355 55404 4.26843e+06 4.16896e+06 2.16834e+06 654358 40502 7497 33005 613856 398325 29781 2.00061e+06 219385 1.78123e+06 349903 18483 38823 20872 1.51398e+06 105015 104150 331420 180562
internal_count=5000000 199723 7880 4800277 531851 476447 200355 55404 4268426 4168957 2168343 654358 40502 7497 33005 613856 398325 29781 2000614 219385 1781229 349903 18483 38823 20872 1513985 105015 104150 331420 180562
cat_boundaries=0 1 2 3 4 5 6
cat_threshold=14680079 3072 785920 531968 3108 4102
is_linear=0
shrinkage=0.1


Tree=284
num_leaves=31
num_cat=7
split_feature=12 89 7 76 8 35 0 81 0 12 76 7 0 50 17 74 17 75 75 0 23 1 30 25 75 72 76 75 35 73
split_gain=652.164 1367.86 1250.15 2158.8 1488.02 1229.24 1095.08 1501.56 1090.71 1069.43 1676.16 1596.28 1180.99 1305 1178.85 1176.91 1135.65 1203.25 980.742 1119.2 2430.24 1057.8 1545.77 1041.65 992.538 1102.47 961.505 1631.39 972.506 958.285
threshold=23.94999980926514 20.650000572204593 25.44999980926514 0 21.44999980926514 1.0000000180025095e-35 20.650000572204593 1.0000000180025095e-35 24.650000572204593 13.449999809265138 1 13.050000190734865 12.449999809265138 2.1499999761581425 12.050000190734865 514.00000000000011 17.94999980926514 2 3 14.650000095367433 15.250000000000002 19.44999980926514 1.0000000180025095e-35 1.0000000180025095e-35 4 35.43499946594239 5 6 1.0000000180025095e-35 132.72084808349612
decision_type=10 10 8 1 8 10 2 10 2 8 1 10 2 8 8 2 10 1 1 2 8 10 8 10 1 2 1 1 10 2
left_child=1 8 3 18 -5 6 7 -4 9 16 11 12 13 -11 -13 -12 26 -18 19 -2 -21 22 23 -22 25 -23 27 28 -1 -29
right_child=2 -3 5 4 -6 -7 -8 -9 -10 10 15 14 -14 -15 -16 -17 17 -19 -20 20 21 24 -24 -25 -26 -27 -28 29 -30 -31
leaf_value=-0.0019793515107286775 0.029262537140315032 0.0054606590277778535 0.028496533091281209 -0.074833875038415196 -0.015756386589809216 0.025885729815745346 -0.0013263256360671744 -0.13864366106145984 0.010653719352202495 -0.082057672278631644 -0.00010134778709199586 -0.095364115640650532 -0.04677713828840864 0.058612493737434795 -0.0071844191711421673 -0.013031089029054527 0.00016477641326490222 0.03960346341870264 -0.040365930435869529 -0.049841008746664181 0.024250108301381496 -0.019600020705487806 -0.096642410464439221 -0.068243651291897231 -0.00076289349520149391 -0.11370699420505342 -0.00050049450379729011 -0.0096976269933348441 0.016471777040363747 0.013746684261732227
leaf_weight=281027 12108 489061 18050 4426 116122 18961 381781 554 90956 920 962643 1527 17819 2329 211975 75953 15507 15437 6273 10110 31216 9994 1164 1267 156262 1422 1834138 19306 31798 179894
leaf_count=281027 12108 489061 18050 4426 116122 18961 381781 554 90956 920 962643 1527 17819 2329 211975 75953 15507 15437 6273 10110 31216 9994 1164 1267 156262 1422 1834138 19306 31798 179894
internal_value=2.7907e-10 0.000487161 -0.00267741 -0.00708645 -0.017924 0.00100635 -0.000171865 0.0235193 -0.000162985 -0.000432511 -0.00277132 -0.010406 -0.0366673 0.0187798 -0.00781509 -0.0010469 0.000820145 0.0198524 -0.00140088 -0.000305698 -0.00199896 0.000403537 0.016585 0.0206424 -0.0028435 -0.0312948 0.000569125 0.00440056 -0.00010383 0.0114739
internal_weight=5e+06 4.23029e+06 769710 350364 120548 419346 400385 18604 3.74123e+06 3.65027e+06 1.27317e+06 234570 21068 3249 213502 1.0386e+06 2.37711e+06 30944 229816 223543 211435 201325 33647 32483 167678 11416 2.34616e+06 512025 312825 199200
internal_count=5000000 4230290 769710 350364 120548 419346 400385 18604 3741229 3650273 1273166 234570 21068 3249 213502 1038596 2377107 30944 229816 223543 211435 201325 33647 32483 167678 11416 2346163 512025 312825 199200
cat_boundaries=0 1 2 3 4 5 6 7
cat_threshold=526332 261120 244 2016 1056 4325391 286
is_linear=0
shrinkage=0.1


Tree=285
num_leaves=31
num_cat=6
split_feature=0 12 77 75 75 76 19 72 69 0 73 12 7 83 0 11 86 76 89 77 8 16 72 76 48 74 88 1 72 76
split_gain=651.268 695.816 1505.89 1371.11 1361.84 1291.35 1553.61 1205.27 1687.44 1176.74 1055.24 1257.45 1015.37 942.797 1154.54 1041.01 1173.9 1606.46 1166.79 1182.95 1232.47 1257.48 1173.36 1356.87 1215.23 1300.58 1116.31 1111.71 1209.9 1095.13
threshold=33.45000076293946 20.250000000000004 18.849999427795414 0 1 2 19.550000190734867 33.588350296020515 3.3500000238418584 27.750000000000004 129.97499847412112 26.150000572204593 20.150000572204593 15.750000000000002 14.750000000000002 6.6499998569488534 4.2500000000000009 3 2.6499999761581425 3.8500000238418584 -0.35000000894069666 3.8500000238418584 39.460000991821296 4 1.2500000000000002 58.500000000000007 0.45000000298023229 6.0499999523162851 40.670848846435554 5
decision_type=2 10 10 1 1 1 8 2 8 2 2 8 8 10 2 8 10 1 10 10 10 10 2 1 8 2 10 8 2 1
left_child=1 2 13 -4 7 6 -6 -3 -9 -7 -8 12 -12 15 -15 16 18 26 19 20 21 -1 24 -24 25 -22 -18 28 -28 -17
right_child=-2 4 3 -5 5 9 10 8 -10 -11 11 -13 -14 14 -16 29 17 -19 -20 -21 22 -23 23 -25 -26 -27 27 -29 -30 -31
leaf_value=-0.00049904338955078704 0.020327347712187825 -0.0062276685704695592 0.038441296108326029 0.0059680441252673577 -0.096116724105042406 -0.000506202863503859 0.010849095369579356 -0.023711165695587167 -0.105161211054685 0.011971185941327633 -0.029610789674229955 -0.028057471640283174 -0.0042524686590143281 0.023872672362689459 0.0030629741769806194 0.0019822097593748369 0.031324371102422838 0.021766550592001086 0.0064308020781262175 0.011641278072478178 0.010812020045790727 0.022577914249088046 -0.0044765016408508758 -0.023877076048626794 0.0039086666073039804 -0.015924032012266161 0.0053694657565560803 -0.0020325327669588745 0.03770519721723431 -0.0041393224381274666
leaf_weight=390816 15712 49964 13607 288525 1939 941708 32047 21493 2885 82181 16962 28900 228523 28617 390085 403116 13526 57833 211603 60362 22964 25131 72790 71446 129268 87605 46272 186178 15430 1062512
leaf_count=390816 15712 49964 13607 288525 1939 941708 32047 21493 2885 82181 16962 28900 228523 28617 390085 403116 13526 57833 211603 60362 22964 25131 72790 71446 129268 87605 46272 186178 15430 1062512
internal_value=-1.18521e-10 -6.40781e-05 0.000676772 0.007432 -0.00194843 -0.00121333 -0.00688627 -0.0151196 -0.0333503 0.000495272 -0.00632188 -0.00832737 -0.00600462 5.36799e-05 0.00448525 -0.000595814 0.00136347 0.00668643 -0.000221722 -0.00185785 -0.00287637 0.000895238 -0.00696097 -0.0140884 -0.00267462 -0.0103712 0.00334917 0.00182279 0.0134558 -0.00245563
internal_weight=5e+06 4.98429e+06 3.57769e+06 302132 1.4066e+06 1.33226e+06 308371 74342 24378 1.02389e+06 306432 274385 245485 3.27555e+06 418702 2.85685e+06 1.39122e+06 319239 1.07198e+06 860382 800020 415947 384073 144236 239837 110569 261406 247880 61702 1.46563e+06
internal_count=5000000 4984288 3577686 302132 1406602 1332260 308371 74342 24378 1023889 306432 274385 245485 3275554 418702 2856852 1391224 319239 1071985 860382 800020 415947 384073 144236 239837 110569 261406 247880 61702 1465628
cat_boundaries=0 1 2 3 4 5 6
cat_threshold=6144 6174 522240 2096128 16506881 8388623
is_linear=0
shrinkage=0.1


Tree=286
num_leaves=31
num_cat=3
split_feature=76 72 73 72 73 82 82 85 85 73 12 72 0 74 73 72 48 74 72 75 72 73 51 74 78 81 13 74 75 2
split_gain=664.808 793.804 2053.13 1368.07 2313.89 1446.05 1354.14 1310.22 1140.41 1071.01 1579.78 1780.31 1650.12 1235.69 1065.72 2158.06 1611.5 1523.83 1510.61 2039.64 1551.57 1695.1 1643.5 1258.76 1213.08 1171.05 1399.38 1615.74 1097.68 1085.19
threshold=0 34.788349151611335 138.99334716796878 34.940799713134773 136.21164703369143 3.5499999523162846 2.9500000476837163 1.0500000119209292 2.1499999761581425 136.54419708251956 8.4499998092651385 35.170000076293952 15.550000190734865 536.00000000000011 137.86834716796878 36.24749946594239 2.4500000476837163 67.500000000000014 35.977499008178718 1 36.340799331665046 138.8433532714844 2.2500000000000004 5.5000000000000009 1.0000000180025095e-35 1.0000000180025095e-35 9.6500000953674334 453.50000000000006 2 10.84999990463257
decision_type=1 2 2 2 2 8 8 8 10 2 10 2 2 2 2 2 10 2 2 1 2 2 8 2 10 10 8 2 1 10
left_child=1 2 -1 4 5 8 -6 -7 -3 10 11 -5 13 -13 15 16 17 -11 19 -16 22 24 -20 -17 -22 26 27 29 -24 -25
right_child=-2 3 -4 9 6 7 -8 -9 -10 14 -12 12 -14 -15 18 23 -18 -19 20 -21 21 -23 28 25 -26 -27 -28 -29 -30 -31
leaf_value=0.00064843881055504115 0.00089319680245028012 -0.048251453680040718 0.038190529812398205 -0.0062608080049499533 0.062525347661163758 0.053192130075709401 -0.0056930575640251405 -0.031907563846954388 -0.12705902923890466 0.030807892599797677 -0.0020485745918881627 0.022919601355798676 0.10297105698256717 0.14086206795817532 -0.021099500780792563 -0.044666179518084444 -0.050541512809072847 -0.021437364098356868 -0.00714320649574883 0.01492861789094924 0.019067487109249198 -0.0038297644893960851 -0.077870544006403697 0.039937079785866157 -0.023827167642501878 -0.030675014109318045 -0.0015691288602012788 -0.0025977181746413584 -0.024401595044148197 0.11030788163769588
leaf_weight=550842 3124971 6100 14963 16854 3535 2029 16452 16701 2627 6368 86582 29394 3110 916 18918 4977 16936 45268 26702 92554 52155 790423 6871 7778 7547 6662 23214 6741 8759 3051
leaf_count=550842 3124971 6100 14963 16854 3535 2029 16452 16701 2627 6368 86582 29394 3110 916 18918 4977 16936 45268 26702 92554 52155 790423 6871 7778 7547 6662 23214 6741 8759 3051
internal_value=7.0264e-09 -0.0014886 0.00164126 -0.00284124 -0.0195117 -0.0383538 0.00637239 -0.0226888 -0.0719741 -0.00221442 0.00613842 0.0202381 0.0336017 0.0264839 -0.0032306 -0.0120966 -0.0237737 -0.0149942 -0.00216206 0.0088137 -0.00353298 -0.00260255 -0.0222182 0.00317766 0.0136451 0.00819639 0.014546 0.0358377 -0.0479722 0.0597636
internal_weight=5e+06 1.87503e+06 565805 1.30922e+06 47444 27457 19987 18730 8727 1.26178e+06 136856 50274 33420 30310 1.12492e+06 120995 68572 51636 1.00393e+06 111472 892457 850125 42332 52423 59702 47446 40784 17570 15630 10829
internal_count=5000000 1875029 565805 1309224 47444 27457 19987 18730 8727 1261780 136856 50274 33420 30310 1124924 120995 68572 51636 1003929 111472 892457 850125 42332 52423 59702 47446 40784 17570 15630 10829
cat_boundaries=0 1 2 3
cat_threshold=783104 4098 6158
is_linear=0
shrinkage=0.1


Tree=287
num_leaves=31
num_cat=4
split_feature=11 80 82 86 83 76 1 4 23 80 75 12 76 85 80 88 73 75 86 74 12 83 2 74 73 89 74 74 73 57
split_gain=651.699 1134.26 991.073 989.289 1327.79 1315.5 946.623 1428.07 825.216 755.387 751.551 727.399 673.822 1389.31 1222.76 1074.61 1022.51 1243.65 1008.14 992.133 986.214 1158.03 2086.48 1592.6 1440 1630.38 2243.51 1623.16 1521.3 1404.33
threshold=-6.6499998569488517 -0.55000001192092884 4.3500001430511483 -8.0500001907348615 -10.550000190734862 0 -5.9500000476837149 -10.249999999999998 -8.5500001907348615 -9.3499999046325666 1 -13.15000009536743 2 6.5499999523162851 -3.0499999523162837 4.9500000476837167 145.12500000000003 3 15.050000190734865 1175.0000000000002 25.050000190734867 19.349999427795414 19.250000000000004 43.500000000000007 144.16750335693362 17.050000190734867 47.500000000000007 48.500000000000007 131.31250000000003 1.4499999880790713
decision_type=8 10 8 10 10 1 10 10 8 10 1 10 1 10 8 10 2 1 8 2 10 8 10 2 2 8 2 2 2 8
left_child=1 3 -3 4 5 9 -5 -8 -6 -1 11 -9 13 15 -14 16 19 -18 -17 -2 21 22 29 -23 25 26 -25 -28 -29 -16
right_child=12 2 -4 6 8 -7 7 10 -10 -11 -12 -13 14 -15 20 18 17 -19 -20 -21 -22 23 -24 24 -26 -27 27 28 -30 -31
leaf_value=-0.010035194763046464 0.002750714437342699 0.025694510398628825 0.1098743351069091 0.034904848371589157 0.039218532645908237 -0.044890708723418347 -0.076230792843052134 -0.17819834212363206 -0.00019208060504391104 0.051929937427768351 0.016763047397591279 -0.019995491858183147 -0.015335376650549851 -0.019045359206482527 -0.0052833109362965544 -0.023854726285571212 0.0082688103167159084 -0.071406619967043547 0.0043330741163848802 -0.028181914179762409 -0.00650600659753095 0.0057012585699146691 -0.018386532045704763 -0.064957825252818333 0.028205583086934289 0.0010693657755103281 0.078241199635042807 0.019336350436008246 -0.0098605046019030178 0.0014796803197473221
leaf_weight=12788 1546021 8252 1684 16092 7639 11957 2042 339 17449 2325 21585 2037 58451 32332 534445 30704 3729 4121 21624 10439 271374 597008 76709 6800 16777 720696 2228 19411 221351 721591
leaf_count=12788 1546021 8252 1684 16092 7639 11957 2042 339 17449 2325 21585 2037 58451 32332 534445 30704 3729 4121 21624 10439 271374 597008 76709 6800 16777 720696 2228 19411 221351 721591
internal_value=-1.51862e-08 0.00782599 0.0399617 0.00443829 -0.00476555 -0.0201256 0.0158423 0.00404548 0.011808 -0.000502081 0.0108868 -0.042389 -0.000166562 0.00147964 -0.00100262 0.00189014 0.00236169 -0.0336387 -0.0122064 0.00254325 -0.000739867 -0.000203435 -0.00237579 0.00162403 -0.000841512 -0.00134366 -0.00830572 -0.00672033 -0.00750656 -0.00139798
internal_weight=5e+06 104189 9936 94253 52158 27070 42095 26003 25088 15113 23961 2376 4.89581e+06 1.64897e+06 3.24684e+06 1.61664e+06 1.56431e+06 7850 52328 1.55646e+06 3.18839e+06 2.91702e+06 1.33274e+06 1.58427e+06 987263 970486 249790 242990 240762 1.25604e+06
internal_count=5000000 104189 9936 94253 52158 27070 42095 26003 25088 15113 23961 2376 4895811 1648970 3246841 1616638 1564310 7850 52328 1556460 3188390 2917016 1332745 1584271 987263 970486 249790 242990 240762 1256036
cat_boundaries=0 1 2 3 4
cat_threshold=12584926 24 4194431 7686
is_linear=0
shrinkage=0.1


Tree=288
num_leaves=31
num_cat=5
split_feature=12 0 75 18 48 91 60 76 0 54 21 74 91 0 23 76 72 73 75 72 13 22 0 23 23 13 76 0 14 80
split_gain=685.569 935.254 1845.7 1103.2 1047.85 887.927 860.123 1204.42 1026.52 1023.06 911.984 851.599 1476.12 1010 1305.52 951.202 1628.73 1529.37 1679.9 1861.3 1828.4 1997.56 2695.05 1620.46 1609.21 1375.51 1374.81 1351.05 1268.28 1092.85
threshold=1.6500000357627871 9.6500000953674334 0 5.6499998569488534 2.0499999523162846 2.3500000238418584 2.3500000238418584 1 -5.8500001430511466 2.2500000000000004 8.6500000953674334 118.00000000000001 3.3500000238418584 28.349999427795414 29.44999980926514 2 30.90164947509766 144.04920196533206 3 33.215848922729499 21.150000572204593 16.550000190734867 12.449999809265138 5.2500000000000009 9.8499999046325701 10.84999990463257 4 0.25000000745058065 15.949999809265138 14.050000190734865
decision_type=10 2 1 10 8 8 10 1 2 10 10 2 10 2 10 1 2 2 1 2 8 10 2 10 8 10 1 2 8 8
left_child=1 3 -3 6 -5 -4 10 -8 -9 -10 -1 13 15 14 -2 16 -13 18 20 -20 23 22 -22 25 -24 -18 -25 -17 -28 -26
right_child=11 2 5 4 -6 -7 7 8 9 -11 -12 12 -14 -15 -16 27 17 -19 19 -21 21 -23 24 26 29 -27 28 -29 -30 -31
leaf_value=-0.0017420031377834483 0.00033004372222438308 0.049112247688509678 -0.017891211287741193 0.034047401806313375 -0.007398432907567822 0.015643092108006414 0.013275266652956497 -0.02215646686997862 -0.012198723775440694 0.010951666234015748 0.052765483206637591 -0.03547550718884309 -0.01205587740989237 0.0083689934285055678 -0.024547296149868281 -0.032795501683712279 0.021537480623306092 -0.039415505205262769 0.021604121200868451 -0.0047558181404870059 0.019651491255086969 0.0079706461867634446 -0.11125611692168057 0.0098144875359721159 0.028982406282563968 -0.027674215678838862 0.055644098653860691 -0.0029666126531238879 0.023385432701881481 -0.035908660869259777
leaf_weight=463857 2450274 12599 11765 19593 8858 24009 114978 19626 28703 56992 3090 11575 141735 157744 21278 15462 10147 8619 29710 272296 12909 120811 2567 42152 2956 12901 17954 845621 37948 21271
leaf_count=463857 2450274 12599 11765 19593 8858 24009 114978 19626 28703 56992 3090 11575 141735 157744 21278 15462 10147 8619 29710 272296 12909 120811 2567 42152 2956 12901 17954 845621 37948 21271
internal_value=-3.19181e-08 0.00275704 0.0162144 0.00184747 0.0211436 0.00461337 0.00104864 0.00619917 -0.00152686 0.00319759 -0.0013813 -0.000497348 -0.00231121 0.000611015 0.000115871 -0.00136837 0.00167463 0.00240073 0.00301828 -0.00216257 0.00857402 0.00157548 -0.0178842 0.0178509 -0.0359683 -0.00600851 0.0234591 -0.00350219 0.0337399 -0.0279911
internal_weight=5e+06 764070 48373 715697 28451 35774 687246 220299 105321 85695 466947 4.23593e+06 1.60663e+06 2.6293e+06 2.47155e+06 1.4649e+06 603816 592241 583622 302006 281616 160514 39703 121102 26794 23048 98054 861083 55902 24227
internal_count=5000000 764070 48373 715697 28451 35774 687246 220299 105321 85695 466947 4235930 1606634 2629296 2471552 1464899 603816 592241 583622 302006 281616 160514 39703 121102 26794 23048 98054 861083 55902 24227
cat_boundaries=0 1 2 3 4 5
cat_threshold=2948 16711695 8405119 496 8404993
is_linear=0
shrinkage=0.1


Tree=289
num_leaves=31
num_cat=3
split_feature=12 10 13 0 76 13 5 14 4 9 56 64 49 75 7 2 72 72 73 72 73 74 8 0 54 9 89 77 76 18
split_gain=682.031 846.714 708.069 652.929 784.694 862.222 1331.24 951.993 1625 1214.12 894.425 1821.12 1135.59 1264.44 1141.78 1046.32 1036.03 946.878 858.001 1154.55 1300.18 962.295 850.145 785.99 2393.97 1871.5 1313.89 1084.35 1062.17 987.844
threshold=30.050000190734867 32.750000000000007 31.750000000000004 31.750000000000004 0 22.849999427795414 24.750000000000004 16.650000572204593 20.44999980926514 16.050000190734867 1.5500000119209292 2.1499999761581425 0.65000000596046459 1 -6.6499998569488517 12.449999809265138 35.204200744628913 43.828350067138679 141.071647644043 38.316650390625007 135.43164825439456 90.500000000000014 -10.249999999999998 -7.5499999523162833 3.0499999523162846 -5.9500000476837149 -5.5499999523162833 -6.4500000476837149 2 -5.3500001430511466
decision_type=10 8 10 2 1 10 10 10 10 8 10 10 8 1 8 10 2 2 2 2 2 2 10 2 8 10 10 10 1 8
left_child=2 -2 3 4 5 6 7 8 10 -9 11 12 -1 16 -15 17 -14 18 19 20 -12 -20 -6 24 26 28 27 -24 -25 -26
right_child=1 -3 -4 -5 22 -7 -8 9 -10 -11 15 -13 13 14 -16 -17 -18 -19 21 -21 -22 -23 23 25 29 -27 -28 -29 -30 -31
leaf_value=0.018415786005926912 -0.012116331365473056 0.0087286933928746001 0.064953864133440925 0.011696200221838598 0.017143896122122936 -0.013139228641306051 0.014880505961256219 -0.039091243120516532 0.0164414927553405 -0.0072577318587420843 0.019149412058003631 -0.026611659329236009 -0.041202133218515437 -0.031418177204349355 0.00094985624943156016 -0.0068524092546194907 -0.0099070625955501937 0.030320283600646106 -0.024097781090457997 0.027854940269155727 -0.00921705680550171 0.01194823115675156 -0.010502115954790052 0.0077248458767425242 -0.025893864895770252 0.0004436678656042098 0.048295310231832665 0.051513098895719804 0.042040581862997861 -0.080328705164882677
leaf_weight=22015 90164 24859 1687 48547 30860 73458 45038 13287 48587 121892 27466 38660 15148 11705 158074 82625 35067 15911 18889 24473 39247 12183 37160 20017 8588 3904406 5055 3051 16432 5449
leaf_count=22015 90164 24859 1687 48547 30860 73458 45038 13287 48587 121892 27466 38660 15148 11705 158074 82625 35067 15911 18889 24473 39247 12183 37160 20017 8588 3904406 5055 3051 16432 5449
internal_value=-1.42923e-08 -0.00761126 0.000179202 0.000156825 4.09549e-05 -0.00281213 -0.00177335 -0.00286796 -0.00102017 -0.0103867 -0.00271204 -0.00645788 -0.00323839 -0.00540534 -0.0012816 0.00204959 -0.0193438 0.00737299 0.00438656 0.00927675 0.00246153 -0.00996452 0.000609822 0.000482268 -0.0109446 0.000654223 0.000243906 -0.00579673 0.0232088 -0.0470248
internal_weight=5e+06 115023 4.88498e+06 4.88329e+06 4.83474e+06 803725 730267 685229 550050 135179 501463 280669 242009 219994 169779 220794 50215 138169 122258 91186 66713 31072 4.03102e+06 4.00016e+06 59303 3.94086e+06 45266 40211 36449 14037
internal_count=5000000 115023 4884977 4883290 4834743 803725 730267 685229 550050 135179 501463 280669 242009 219994 169779 220794 50215 138169 122258 91186 66713 31072 4031018 4000158 59303 3940855 45266 40211 36449 14037
cat_boundaries=0 1 2 3
cat_threshold=122880 3072 138752
is_linear=0
shrinkage=0.1


Tree=290
num_leaves=31
num_cat=3
split_feature=79 80 11 82 89 76 74 88 74 83 74 73 82 74 80 50 48 85 75 53 74 74 80 76 74 20 77 12 72 73
split_gain=635.674 880.727 1058.25 1222.63 941.586 1006.46 969.502 1690.06 1066.54 936.601 847.161 2156.71 1453.74 1006.73 992.093 847.823 844.195 843.984 840.109 835.755 834.203 1360.75 1594.79 1014.12 980.049 896.368 849.423 1051.58 1198.91 958.375
threshold=0.75000000000000011 5.0499999523162851 8.2500000000000018 0.55000001192092907 5.2500000000000009 0 379.00000000000006 7.2500000000000009 352.00000000000006 22.250000000000004 376.00000000000006 141.071647644043 2.2500000000000004 388.50000000000006 9.4499998092651385 2.5499999523162846 0.65000000596046459 3.7500000000000004 1 4.2500000000000009 330.50000000000006 331.50000000000006 19.94999980926514 2 326.00000000000006 -10.249999999999998 26.94999980926514 23.94999980926514 30.90164947509766 133.94165039062503
decision_type=10 8 8 8 8 1 2 8 2 8 2 2 8 2 8 10 8 10 1 10 2 2 8 1 2 10 8 8 2 2
left_child=1 18 3 -3 -5 6 8 -8 16 17 20 12 13 -12 -14 -16 -6 -4 -1 -19 24 23 -23 -22 25 -2 27 28 -27 -30
right_child=10 2 9 4 5 -7 7 -9 -10 -11 11 -13 14 -15 15 -17 -18 19 -20 -21 21 22 -24 -25 -26 26 -28 -29 29 -31
leaf_value=0.012728126800236684 0.022696312495586447 0.03265095072178114 -0.00065453516787400119 -0.00098186452892040925 0.021386965864835253 0.016225712892187862 0.003388831847908098 0.043727787029404559 -0.046315978772514352 0.0028421456739404702 -0.044121088087888373 -0.035694882959773924 -0.031920440031259378 0.0084522469937304487 -0.012167507280374084 0.0070856636526155942 4.7952181593929887e-05 -0.017356129014042543 -0.0044017764128940554 0.0025241380889704217 0.011590668955615993 0.039253090117188701 -0.0094789790147858932 0.094328203297821656 -0.03260189981968422 0.012110177628091728 0.0056427272643153267 -0.0083915848314119537 -0.0060315976876119982 5.6675314574213421e-05
leaf_weight=30867 16261 16304 756304 181164 20861 102496 29781 15948 4600 913115 3806 23350 18367 84705 83466 31505 166582 62853 393592 31868 2671 9802 21326 3350 9668 70036 181285 199108 330771 1184188
leaf_count=30867 16261 16304 756304 181164 20861 102496 29781 15948 4600 913115 3806 23350 18367 84705 83466 31505 166582 62853 393592 31868 2671 9802 21326 3350 9668 70036 181285 199108 330771 1184188
internal_value=-2.90779e-09 0.00102969 0.00180149 0.00568509 0.00484193 0.00794261 0.00437115 0.0174571 0.00125539 0.000617713 -0.00123469 -0.00678663 -0.00374399 0.00619158 -0.0103393 -0.00689165 0.00242282 -0.00176901 -0.00315588 -0.0106676 -0.000563582 0.0142838 0.00586643 0.0578006 -0.000840567 -0.000685611 -0.000879066 -0.00154175 -0.000681273 -0.00127262
internal_weight=5e+06 2.72634e+06 2.30188e+06 537736 521432 340268 237772 45729 192043 1.76414e+06 2.27366e+06 245199 221849 88511 133338 114971 187443 851025 424459 94721 2.02847e+06 37149 31128 6021 1.99132e+06 1.98165e+06 1.96539e+06 1.7841e+06 1.585e+06 1.51496e+06
internal_count=5000000 2726335 2301876 537736 521432 340268 237772 45729 192043 1764140 2273665 245199 221849 88511 133338 114971 187443 851025 424459 94721 2028466 37149 31128 6021 1991317 1981649 1965388 1784103 1584995 1514959
cat_boundaries=0 1 2 3
cat_threshold=2620480 624 15728767
is_linear=0
shrinkage=0.1


Tree=291
num_leaves=31
num_cat=6
split_feature=11 3 73 86 0 74 1 17 83 72 76 73 76 11 4 72 73 28 72 18 76 76 73 74 78 72 75 73 85 75
split_gain=615.704 1180.4 852.023 812.722 1393.48 1439.24 1281.88 957.524 1007.84 1400.76 919.532 950.572 886.147 870.733 758.83 722.514 2163.59 3886.55 2093.08 2056.26 1726.24 1574.65 1450.04 1477.96 1524.29 1274.39 1623.53 1462.81 1765.42 1737.22
threshold=-1.4499999880790708 11.250000000000002 145.49250030517581 -2.2499999999999996 -3.0499999523162837 334.50000000000006 -6.6499998569488517 0.45000000298023229 -1.9499999880790708 36.823350906372077 0 137.02000427246097 1 -4.3500001430511466 -6.6499998569488517 37.095001220703132 137.86834716796878 1.0000000180025095e-35 36.851650238037116 17.849999427795414 2 3 140.37915039062503 78.500000000000014 1.0000000180025095e-35 34.689199447631843 4 138.28914642333987 5.0499999523162851 5
decision_type=8 10 2 10 2 2 10 10 10 2 1 2 1 10 8 2 2 10 2 8 1 1 2 2 10 2 1 2 8 1
left_child=1 2 3 7 5 6 -5 8 10 -10 -1 -12 -6 -9 -14 16 -2 25 19 20 -19 22 23 24 -17 26 -18 28 -27 -29
right_child=15 -3 -4 4 12 -7 -8 13 9 -11 11 -13 14 -15 -16 21 17 18 -20 -21 -22 -23 -24 -25 -26 27 -28 29 -30 -31
leaf_value=0.0019577935743854305 -0.00089816466489888629 0.047522116557203224 0.087493745727216313 0.20666262049103021 0.041086820734315382 0.005639833380688109 0.061539128748210915 0.07433269947636767 -0.015301042367701535 0.025275757641210213 0.039680141510130745 -0.013132973820842227 -0.036611246984483835 0.012496260558904321 0.0058837002553551654 0.0053583580268541497 -0.0046199329419657096 0.085989187093812203 -0.012309277543519098 0.017250759493703669 0.03425694509989554 -0.0048061081005274231 0.0038595638986334926 -0.015306957575490339 -0.02722776257837475 0.03172846291142311 0.048532493428853997 -0.0068363114145587132 0.0037658630713420399 0.0050192787974647525
leaf_weight=103135 2194190 6080 1193 697 6875 4959 4802 2564 12351 27340 3527 101021 4401 20356 92994 113661 9976 11648 9998 25100 14553 908355 587833 92207 16430 34331 13553 210437 65955 299478
leaf_count=103135 2194190 6080 1193 697 6875 4959 4802 2564 12351 27340 3527 101021 4401 20356 92994 113661 9976 11648 9998 25100 14553 908355 587833 92207 16430 34331 13553 210437 65955 299478
internal_value=2.34853e-08 0.00380312 0.00311487 0.00285342 0.00990541 0.0447048 0.0799336 -0.000139843 -0.00195155 0.0126491 -0.00474193 -0.0113502 0.00641513 0.0194137 0.00396307 -0.000323768 0.000641979 0.00550418 0.0295481 0.0377057 0.0573011 -0.00194744 0.00125787 -0.00562184 0.00124285 0.00317847 0.0260152 0.0022979 0.0133383 0.000126555
internal_weight=5e+06 392295 386215 385022 114728 10458 5499 270294 247374 39691 207683 104548 104270 22920 97395 4.6077e+06 2.88922e+06 695029 61299 51301 26201 1.71849e+06 810131 222298 130091 633730 23529 610201 100286 509915
internal_count=5000000 392295 386215 385022 114728 10458 5499 270294 247374 39691 207683 104548 104270 22920 97395 4607705 2889219 695029 61299 51301 26201 1718486 810131 222298 130091 633730 23529 610201 100286 509915
cat_boundaries=0 1 2 3 4 5 6
cat_threshold=15861279 8389055 14680191 16517191 992 7234
is_linear=0
shrinkage=0.1


Tree=292
num_leaves=31
num_cat=5
split_feature=12 75 76 72 89 89 88 80 11 75 0 51 78 74 19 80 72 74 77 75 52 21 11 0 48 7 76 17 12 15
split_gain=629.56 1768.67 1126.24 1046.78 990.986 967.865 887.081 773.505 800.381 740.095 913.115 689.787 681.531 662.276 640.526 814.044 1155.92 1222.77 1040.79 777.039 690.397 660.11 653.862 1331.44 1201.12 1064.59 2298.43 1140.83 1122.58 991.462
threshold=-10.349999904632567 0 1 43.490848541259773 -7.8500001430511466 0.45000000298023229 1.1500000357627871 -13.749999999999998 -13.249999999999998 2 -12.849999904632567 4.0499999523162851 1.0000000180025095e-35 149.50000000000003 -13.050000190734862 -4.9500000476837149 37.649148941040046 13.500000000000002 -6.4500000476837149 3 3.6499999761581425 -8.6500000953674299 4.6499998569488534 16.550000190734867 2.5499999523162846 5.2500000000000009 4 -1.0000000180025095e-35 7.0499999523162851 11.449999809265138
decision_type=8 1 1 2 10 10 8 10 10 1 2 10 10 2 10 8 2 2 10 1 10 8 8 2 8 8 1 8 8 10
left_child=1 3 12 6 7 9 -1 -5 -9 10 -4 -7 -3 -12 -2 16 -16 20 19 -19 -18 -21 23 -17 -25 26 28 -27 -24 -28
right_child=14 2 5 4 -6 11 -8 8 -10 -11 13 -13 -14 -15 15 22 17 18 -20 21 -22 -23 25 24 -26 27 29 -29 -30 -31
leaf_value=0.053218740006757373 0.020411785867593575 0.010791146252756005 -0.13167041374035673 -0.0057238510799797566 0.10260479839476766 0.042745090153091067 -0.0054687317188642538 0.10357455720316824 0.021317432496384753 -0.11701660944067981 -0.045360439518231377 0.35129018252386768 0.17497345370686695 0.022155211684652603 0.020919199090491874 0.0018183834605308754 0.028197460179805536 0.012117156328183318 0.00033242018621291574 -0.0092561944139111195 -0.015377038554787198 -0.038593146165036951 -0.022430575205382757 0.0018741129419302064 0.056359492141648621 0.017097077993017185 -0.0062821248259348501 -0.00035101676368653052 -0.068921165411393245 0.0129057150449347
leaf_weight=3560 15178 6540 829 2968 2934 491 9314 2199 2560 1233 3854 85 263 2332 11026 989651 9616 4482 18837 10041 5847 32479 28386 7651 8587 37869 153229 3588931 6357 32671
leaf_count=3560 15178 6540 829 2968 2934 491 9314 2199 2560 1233 3854 85 263 2332 11026 989651 9616 4482 18837 10041 5847 32479 28386 7651 8587 37869 153229 3588931 6357 32671
internal_value=6.12459e-08 0.0126293 -0.0134501 0.0299388 0.053127 -0.0370061 0.0107599 0.0343399 0.0593261 -0.0458001 -0.0330687 0.0882769 0.0171132 -0.0199084 -9.96372e-05 -0.000162586 -0.00946434 -0.0135849 -0.0195282 -0.0274877 0.0117207 -0.0316578 1.43674e-05 0.00228441 0.0306871 -0.00057912 -0.00732317 -0.000168834 -0.0309282 -0.0029098
internal_weight=5e+06 39162 15627 23535 10661 8824 12874 7727 4759 8248 7015 576 6803 6186 4.96084e+06 4.94566e+06 92328 81302 65839 47002 15463 42520 4.85333e+06 1.00589e+06 16238 3.84744e+06 220643 3.6268e+06 34743 185900
internal_count=5000000 39162 15627 23535 10661 8824 12874 7727 4759 8248 7015 576 6803 6186 4960838 4945660 92328 81302 65839 47002 15463 42520 4853332 1005889 16238 3847443 220643 3626800 34743 185900
cat_boundaries=0 1 2 3 4 5
cat_threshold=6146 4227008 4 24 12644352
is_linear=0
shrinkage=0.1


Tree=293
num_leaves=31
num_cat=6
split_feature=71 52 11 89 7 76 0 76 91 11 74 83 0 26 50 90 80 76 22 86 76 75 79 76 51 91 72 90 72 77
split_gain=594.974 814.195 759.101 1513.63 1381.32 2949.45 1291.47 1272.9 1311.05 1087.13 1079.75 1067.82 913.607 2716.54 1630.06 1016.49 919.416 1229.35 887.748 866.628 842.37 1059.29 1132.85 1087.09 1177.44 974.478 934.083 978.601 884.863 881.597
threshold=0.25000000745058065 0.45000000298023229 18.349999427795414 15.650000095367433 18.349999427795414 0 14.750000000000002 1 0.94999998807907116 20.44999980926514 180.00000000000003 19.349999427795414 13.750000000000002 1.0000000180025095e-35 4.1499998569488534 1.0000000180025095e-35 20.550000190734867 2 12.650000095367433 15.550000190734865 3 4 6.3500001430511483 5 1.0500000119209292 4.6499998569488534 43.900848388671882 1.0000000180025095e-35 42.974149703979499 -1.7499999999999998
decision_type=10 10 8 10 8 1 2 1 10 8 2 10 2 10 10 10 8 1 10 8 1 1 10 1 8 10 2 10 2 8
left_child=1 -1 3 11 5 9 10 8 -8 -4 -5 20 13 14 15 18 17 -14 -6 -10 21 23 29 24 -2 26 -22 -28 -24 -23
right_child=2 -3 4 6 12 -7 7 -9 19 -11 -12 -13 16 -15 -16 -17 -18 -19 -20 -21 25 22 28 -25 -26 -27 27 -29 -30 -31
leaf_value=0.0025644579168302879 0.035643092913325118 -0.0072229786015713341 -0.026076654506738895 0.045313319312911035 0.040004198677689631 -0.0030148404495648853 0.019947901601597619 0.017126801764149248 -0.023325816950633248 -0.069303981150212399 0.0072372595292409057 0.011960321448935383 -0.022569554610526867 -0.16105910809150564 -0.10157032418943379 -0.15064834617454526 0.00034573307009390158 -0.0032084462873148145 0.0057427439305498011 0.0015715763658741668 0.0026930912771703382 -0.026876975558286401 0.0042334244971365684 -0.0018291496053806245 0.0061220660348360418 -0.0083874997836823929 -0.0044657596925162931 -0.0401232418608869 0.046284229593907489 -0.0049916976797966823
leaf_weight=130103 15888 245143 32136 15306 18917 146000 38511 73583 14715 7104 14506 76539 39780 846 1060 328 1179940 186629 12600 280112 1363518 19017 17538 214906 90293 95438 80894 8506 7002 573142
leaf_count=130103 15888 245143 32136 15306 18917 146000 38511 73583 14715 7104 14506 76539 39780 846 1060 328 1179940 186629 12600 280112 1363518 19017 17538 214906 90293 95438 80894 8506 7002 573142
internal_value=3.41449e-08 -0.00382954 0.00031076 0.00125386 -0.00142965 -0.00955804 0.00669552 0.00522363 0.00259546 -0.0338939 0.0267862 0.000326495 -0.000384095 0.0158746 0.0204237 0.0244844 -0.000774288 -0.00661133 0.026307 0.000328932 -3.1667e-05 -0.00239687 -0.00482196 0.00226089 0.0105383 0.00140086 0.00204384 -0.00785841 0.0162318 -0.00569454
internal_weight=5e+06 375246 4.62475e+06 2.99941e+06 1.62534e+06 185240 436733 406921 333338 39240 29812 2.56268e+06 1.4401e+06 33751 32905 31845 1.40635e+06 226409 31517 294827 2.48614e+06 937786 616699 321087 106181 1.54836e+06 1.45292e+06 89400 24540 592159
internal_count=5000000 375246 4624754 2999414 1625340 185240 436733 406921 333338 39240 29812 2562681 1440100 33751 32905 31845 1406349 226409 31517 294827 2486142 937786 616699 321087 106181 1548356 1452918 89400 24540 592159
cat_boundaries=0 1 2 3 4 5 6
cat_threshold=14809089 523520 1045376 912896 4546 851968
is_linear=0
shrinkage=0.1


Tree=294
num_leaves=31
num_cat=4
split_feature=82 48 88 48 74 75 13 0 16 0 11 7 76 19 86 57 0 12 80 80 18 74 75 36 30 11 80 0 1 75
split_gain=572.953 1371.94 725.461 941.901 728.733 1013.04 819.267 911.557 813.702 1455.39 769.7 1379.44 2040.26 1144.58 1078.27 1056.87 1768.2 1051.29 1504.7 1175.89 1091.6 1051.79 1344.37 1282.68 1255.77 1011.57 1004.79 1043.18 1001.05 2010.14
threshold=0.35000000894069677 1.7500000000000002 0.35000000894069677 2.1499999761581425 878.50000000000011 0 13.050000190734865 1.2500000000000002 2.0499999523162846 7.2500000000000009 6.6499998569488534 7.0499999523162851 1 0.45000000298023229 12.449999809265138 2.5499999523162846 4.2500000000000009 14.449999809265138 10.449999809265138 17.750000000000004 19.150000572204593 125.50000000000001 2 0.75000000000000011 1.0000000180025095e-35 9.2500000000000018 25.550000190734867 17.050000190734867 17.550000190734867 3
decision_type=8 10 8 10 2 1 8 2 10 2 8 8 1 8 8 10 2 10 8 8 8 2 1 10 8 8 8 2 10 1
left_child=1 -1 3 -2 10 6 7 -6 -7 -10 -4 12 25 -13 -15 -14 -17 18 -16 -19 28 24 -23 -24 26 -12 27 -21 -20 -30
right_child=2 -3 4 -5 5 8 -8 -9 9 -11 11 13 15 14 17 16 -18 19 20 21 -22 22 23 -25 -26 -27 -28 -29 29 -31
leaf_value=0.00094386908695231217 0.0019786763276832919 0.018835841019232705 0.001734837410620542 0.017095724622729184 -0.036357262539145556 0.016897001142894906 -0.07334077967617364 0.0079397444469051399 -0.039741824716460539 -0.00027707301583150323 -0.027321559556073641 0.020274647047067183 0.0002432381577830409 -0.0056959038632088278 -0.0092841450660349715 -0.035208823712839031 0.0047522035657795118 -0.0071055910824547866 0.0080642046783475068 0.030903616189100744 0.023311223598454264 -0.0017924710380329027 -0.012544684342523421 -0.0630400683671581 0.01166042918832149 -0.087624593087487906 0.0027837610228365495 -0.0046316386944919843 0.020825298579763611 -0.0078935390321178377
leaf_weight=217065 233074 53400 1231762 50071 12396 15488 3333 7430 12042 41717 26499 25816 110828 400124 75741 25584 19522 286268 283431 8461 33469 476039 69674 5422 111277 3108 661072 349799 30607 119481
leaf_count=217065 233074 53400 1231762 50071 12396 15488 3333 7430 12042 41717 26499 25816 110828 400124 75741 25584 19522 286268 283431 8461 33469 476039 69674 5422 111277 3108 661072 349799 30607 119481
internal_value=2.80294e-08 0.00447642 -0.000255961 0.00465196 -0.000568496 -0.00935617 -0.0274564 -0.0197565 -0.00329828 -0.00911717 -0.000381992 -0.00121711 -0.00957947 -0.000688774 -0.000874695 -0.00500854 -0.0179136 -0.000106364 0.00379022 -0.00118094 0.00591075 -0.000172445 -0.00375434 -0.0161883 0.00157361 -0.0336405 0.000472466 -0.00379241 0.00456738 -0.00203613
internal_weight=5e+06 270465 4.72954e+06 283145 4.44639e+06 92406 23159 19826 69247 53759 4.35398e+06 3.12222e+06 185541 2.93668e+06 2.91086e+06 155934 45106 2.51074e+06 542729 1.96801e+06 466988 1.68174e+06 551135 75096 1.13061e+06 29607 1.01933e+06 358260 433519 150088
internal_count=5000000 270465 4729535 283145 4446390 92406 23159 19826 69247 53759 4353984 3122222 185541 2936681 2910865 155934 45106 2510741 542729 1968012 466988 1681744 551135 75096 1130609 29607 1019332 358260 433519 150088
cat_boundaries=0 1 2 3 4
cat_threshold=38 14741504 4032 6662
is_linear=0
shrinkage=0.1


Tree=295
num_leaves=31
num_cat=4
split_feature=12 9 15 76 76 6 75 12 74 73 6 0 70 72 50 72 73 12 0 7 5 76 12 62 27 74 73 72 78 33
split_gain=586.235 807.059 798.33 792.034 668.631 2348.59 1100.41 1376.97 1616.62 2215.91 1806.22 2993.24 1381.72 1321.78 1228.48 1202.54 3048.86 1189.93 1256.41 1842.38 1202.22 1151.84 1638.16 1124.07 1184.08 1098.2 1091.19 1555.92 1066.81 1037.3
threshold=28.650000572204593 29.349999427795414 31.44999980926514 0 1 26.550000190734867 2 5.0499999523162851 15.500000000000002 141.9591979980469 9.8499999046325701 5.8500001430511483 2.5499999523162846 32.093299865722663 3.7500000000000004 36.851650238037116 138.67330169677737 22.250000000000004 10.84999990463257 17.349999427795414 14.34999990463257 3 14.650000095367433 3.2500000000000004 0.75000000000000011 7.5000000000000009 140.55999755859378 38.909999847412116 1.0000000180025095e-35 1.0000000180025095e-35
decision_type=10 8 10 1 1 10 1 8 2 2 10 2 10 2 10 2 2 8 2 8 8 1 10 10 10 2 2 2 10 10
left_child=2 3 4 -2 5 6 -1 15 9 13 23 14 17 -9 28 16 -8 20 -19 -20 21 22 -13 24 -10 -6 -17 -28 -12 -18
right_child=1 -3 -4 -5 25 -7 7 8 10 -11 11 12 -14 -15 -16 26 29 18 19 -21 -22 -23 -24 -25 -26 -27 27 -29 -30 -31
leaf_value=0.0050139053124495991 -0.0044840939638339378 0.00088168967831334403 0.029496019549813943 -0.022921160936311524 0.0037549484865414037 0.027995013767715966 0.012721855212551673 0.016605372127187917 -0.018372618670693917 -0.05863684834851815 0.055408478893253094 0.048895058188456068 -0.012904144028511689 -0.012188735783085542 -0.10733647712556012 -0.012246551443912391 0.081023418695275864 0.041714342266765854 -0.066457836803665835 -0.0027624605015292604 0.01893062552442273 -0.017431224386669424 -0.00065310837356422329 0.0032482620072195028 0.031745715575476653 -0.0012943311310691704 0.059647911378296496 0.0049298349880860133 -0.19437754513383601 0.21664110966300554
leaf_weight=507475 58459 102514 9297 38750 503757 34077 34938 18075 89197 9470 14659 8774 51401 135114 497 36164 3593 5861 4785 89097 81753 22753 27862 46723 4977 2972172 5551 81413 173 669
leaf_count=507475 58459 102514 9297 38750 503757 34077 34938 18075 89197 9470 14659 8774 51401 135114 497 36164 3593 5861 4785 89097 81753 22753 27862 46723 4977 2972172 5551 81413 173 669
internal_value=2.74533e-08 -0.00530845 0.000220895 -0.0118364 0.000164086 0.00208471 0.00139545 -0.000978583 -0.00315303 -0.0116933 -5.5796e-05 0.00423903 0.00198002 -0.00879128 0.0473129 0.00720825 0.0224624 0.00515606 -0.00320464 -0.0060089 0.0110644 0.000236094 0.0112102 -0.00943253 -0.0157239 -0.000562551 0.00235181 0.00842255 0.052495 0.102311
internal_weight=5e+06 199723 4.80028e+06 97209 4.79098e+06 1.31505e+06 1.28097e+06 773499 611171 162659 448512 307615 292286 153189 15329 162328 39200 240885 99743 93882 141142 59389 36636 140897 94174 3.47593e+06 123128 86964 14832 4262
internal_count=5000000 199723 4800277 97209 4790980 1315051 1280974 773499 611171 162659 448512 307615 292286 153189 15329 162328 39200 240885 99743 93882 141142 59389 36636 140897 94174 3475929 123128 86964 14832 4262
cat_boundaries=0 1 2 3 4
cat_threshold=248 12582943 7936 30
is_linear=0
shrinkage=0.1


Tree=296
num_leaves=31
num_cat=11
split_feature=33 75 76 11 12 15 7 76 6 12 73 72 82 35 75 37 75 24 75 4 76 72 76 69 86 72 83 76 76 75
split_gain=560.025 931.12 606.9 574.496 563.973 977.488 794.881 1078.93 1114.16 788.933 691.319 682.525 857.177 687.283 1121.45 702.261 887.558 818.901 1484.54 1327.94 1324.51 762.822 700.352 699.225 764.91 816.745 894.535 691.214 681.683 676.101
threshold=3.7500000000000004 0 1 12.650000095367433 26.650000572204593 28.44999980926514 31.050000190734867 2 21.750000000000004 31.44999980926514 140.60749816894534 26.891649246215824 6.4500000476837167 2.7500000000000004 3 2.2500000000000004 4 2.7500000000000004 5 6.6499998569488534 6 35.225851058959968 7 0.45000000298023229 -13.749999999999998 35.760000228881843 10.250000000000002 8 9 10
decision_type=10 1 1 8 10 10 8 1 8 10 2 2 8 8 1 8 1 2 1 10 1 2 1 10 8 2 8 1 1 1
left_child=4 3 -3 -2 5 11 7 10 -9 -10 -6 12 -1 15 -15 17 -17 23 19 29 -21 -20 -18 24 -13 26 -26 -16 -27 -19
right_child=1 2 -4 -5 6 -7 -8 8 9 -11 -12 13 -14 14 27 16 22 18 21 20 -22 -23 -24 -25 25 28 -28 -29 -30 -31
leaf_value=0.028909105113598135 0.041649638543201868 -0.038040103644875756 -0.0093229346520261828 -0.002218306549965382 0.0015559376790629242 0.018619390372208246 0.0080168225266653865 -0.10869239953868598 -0.0095933393726861035 -0.047146919494741833 -0.018574576027029992 -0.058975222140358156 0.0037075891009303455 0.00092448104533247822 -0.051150248326183506 0.00010957600687631744 -0.039612611087518013 -0.0085891966249838879 0.039774441242438792 0.017302686995609218 -0.034738261322534707 0.012174255779592677 -0.0086152700309357309 0.0007847265436610872 -0.017717288895585062 -0.0082807794297180323 -0.003588060241953166 -0.015577861174380479 0.0029760591917682099 0.069788826828659334
leaf_weight=17922 3321 13344 16443 29536 171748 29352 51339 1181 134482 5837 18941 2434 54655 38562 7627 39256 13502 1745 16510 7322 14698 25450 15868 3700442 60827 68810 170151 19303 246411 2981
leaf_count=17922 3321 13344 16443 29536 171748 29352 51339 1181 134482 5837 18941 2434 54655 38562 7627 39256 13502 1745 16510 7322 14698 25450 15868 3700442 60827 68810 170151 19303 246411 2981
internal_value=1.67461e-08 -0.00939562 -0.0221961 0.00221494 0.000119226 0.000429391 -0.00356352 -0.00535323 -0.0119687 -0.0111555 -0.000443588 0.000311386 0.00993079 0.000154565 -0.0100139 0.000306387 -0.00973008 0.000465905 0.0112961 -0.00711626 -0.0174417 0.0230286 -0.022874 0.000290785 -0.00304077 -0.00279151 -0.00730893 -0.0256678 0.000518621 0.0409785
internal_weight=5e+06 62644 29787 32857 4.93736e+06 4.55383e+06 383528 332189 141500 140319 190689 4.52448e+06 72577 4.4519e+06 65492 4.38641e+06 68626 4.31778e+06 68706 26746 22020 41960 29370 4.24908e+06 548633 546199 230978 26930 315221 4726
internal_count=5000000 62644 29787 32857 4937356 4553828 383528 332189 141500 140319 190689 4524476 72577 4451899 65492 4386407 68626 4317781 68706 26746 22020 41960 29370 4249075 548633 546199 230978 26930 315221 4726
cat_boundaries=0 1 2 3 4 5 6 7 8 9 10 11
cat_threshold=466 53240 254 978 978 6200 8390719 55288 2552 59360 4096
is_linear=0
shrinkage=0.1


Tree=297
num_leaves=31
num_cat=3
split_feature=11 77 89 23 80 17 72 73 91 48 85 88 61 11 76 54 48 67 75 54 75 77 88 11 5 16 83 2 58 54
split_gain=565.579 1133.49 954.649 1031.31 1017.41 1290.99 895.378 890.486 826.12 799.233 759.167 728.488 698.111 649.59 639.914 914.198 1059.74 896.474 1256.1 927.789 963.418 873.918 1118.8 863.996 1430.94 1360.37 1022.47 1952.97 1190.27 1453.35
threshold=-7.5499999523162833 0.25000000745058065 -10.550000190734862 -12.949999809265135 -10.949999809265135 -5.9500000476837149 43.490848541259773 142.30664825439456 3.7500000000000004 0.55000001192092907 4.5499999523162851 4.7500000000000009 3.2500000000000004 -13.249999999999998 0 1.2500000000000002 3.1499999761581425 2.5499999523162846 1 4.1499998569488534 2 1.0000000180025095e-35 4.6499998569488534 24.650000572204593 24.750000000000004 28.750000000000004 17.94999980926514 18.94999980926514 1.5500000119209292 1.4499999880790713
decision_type=8 10 10 8 10 10 2 2 8 10 8 10 10 10 1 10 10 10 1 10 1 8 10 8 8 8 8 10 8 8
left_child=1 2 4 -4 5 -1 9 11 -8 -5 -3 -6 -7 -10 15 16 -2 19 -19 -17 -21 22 -16 26 25 -25 27 28 -23 -30
right_child=14 10 3 6 7 12 8 -9 13 -11 -12 -13 -14 -15 21 17 -18 18 -20 20 -22 23 -24 24 -26 -27 -28 -29 29 -31
leaf_value=-0.037830202196845963 0.0057266515263679381 0.023212650407638778 0.076500704380071588 0.043756733164109864 -0.024695034826700241 0.032431057533739531 0.017720643556554602 0.031747560848562534 0.16893640250043088 -0.0078892066023568772 0.10620099017026847 0.078569140359583178 -0.080399043368617973 0.05415158432719424 -0.010161742190687344 -0.0018054500385739068 -0.019031963392392645 -0.0087350413235311192 0.0076486100240837074 0.0034845720055262036 -0.027470750319590034 -0.0045234058603717828 0.017476165335241718 -0.025043364172706774 -0.0016259084681973829 0.0010496405055217422 0.0016995269628137654 -0.022251024356191237 -0.0080335505658388692 0.0036975317077471634
leaf_weight=14131 523881 2745 2628 3519 6757 4806 10860 9559 592 20177 1842 760 619 2949 161168 386430 17878 60331 208472 15203 29691 599382 16111 58023 307102 30475 1754319 45832 129400 574358
leaf_count=14131 523881 2745 2628 3519 6757 4806 10860 9559 592 20177 1842 760 619 2949 161168 386430 17878 60331 208472 15203 29691 599382 16111 58023 307102 30475 1754319 45832 129400 574358
internal_value=-9.49635e-09 0.00823947 0.00537552 0.0159114 -0.0063376 -0.0219105 0.0117319 0.011497 0.0313971 -0.000219471 0.0565382 -0.0142546 0.019557 0.0733418 -0.000137295 0.00182525 0.00490962 -0.000561415 0.00397137 -0.00338627 -0.0169933 -0.000800285 -0.00765003 -0.00045323 -0.00485446 -0.016058 0.000107828 -0.00196215 -0.00124859 0.00154054
internal_weight=5e+06 81944 77357 40725 36632 19556 38097 17076 14401 23696 4587 7517 5425 3541 4.91806e+06 1.24189e+06 541759 700127 268803 431324 44894 3.67617e+06 177279 3.49889e+06 395600 88498 3.10329e+06 1.34897e+06 1.30314e+06 703758
internal_count=5000000 81944 77357 40725 36632 19556 38097 17076 14401 23696 4587 7517 5425 3541 4918056 1241886 541759 700127 268803 431324 44894 3676170 177279 3498891 395600 88498 3103291 1348972 1303140 703758
cat_boundaries=0 1 2 3
cat_threshold=63 224 792
is_linear=0
shrinkage=0.1


Tree=298
num_leaves=31
num_cat=3
split_feature=86 12 76 89 0 83 1 77 11 76 50 4 16 6 23 18 91 52 86 1 86 9 4 76 11 11 0 73 0 12
split_gain=552.237 657.896 1403.12 1273.54 1464.19 1210.97 1406.99 1358.07 1275.65 1481.47 1728.31 2662.81 1620.98 1305.79 1223.11 1123.82 1117.91 1108.91 1034.86 1565.64 1209.89 1017.94 1005.12 1795.31 1283.03 1238.59 1255.48 1145.96 1002.12 1398.43
threshold=30.349999427795414 17.94999980926514 0 13.949999809265138 13.250000000000002 12.84999990463257 11.84999990463257 15.449999809265138 8.2500000000000018 1 2.6499999761581425 14.650000095367433 18.050000190734867 18.150000572204593 10.449999809265138 17.050000190734867 0.94999998807907116 1.9499999880790713 4.2500000000000009 10.250000000000002 10.84999990463257 12.449999809265138 18.750000000000004 2 20.349999427795414 20.849999427795414 19.750000000000004 131.59835052490237 11.84999990463257 12.050000190734865
decision_type=10 8 1 10 2 10 10 10 8 1 10 10 10 8 8 8 8 8 10 8 10 10 8 1 10 10 2 2 2 10
left_child=1 3 15 5 -5 7 -7 8 18 10 12 14 28 -11 -12 -3 -6 -16 -1 20 -20 -14 23 24 -4 26 -24 -25 29 -10
right_child=-2 2 22 4 16 6 -8 -9 9 13 11 -13 21 -15 17 -17 -18 -19 19 -21 -22 -23 25 27 -26 -27 -28 -29 -30 -31
leaf_value=-0.0010821591057445432 0.0090703843877075006 -0.082962910719863198 -0.012230309461861655 0.023801717609634839 0.014188028020566304 0.026273748132497124 0.0035274383638982353 0.015812765089381293 -0.022322068011866265 -0.0025868783632230124 -0.0097416036123746021 -0.035570196560246674 0.03120716717476707 0.027555201461035302 -0.024869014186083064 -0.007411704755168118 0.0016100023660336809 0.025365628273377589 0.0065645577268769757 -0.0080995704071974324 0.031998047100501227 -0.014658187361866538 -0.0015153873171894036 0.012320340146827518 -0.045840234581631223 -1.3019509939446299e-05 0.018824923423358866 -0.0040463826037538493 -0.01013522066603359 -0.055925088605932011
leaf_weight=1158244 66234 1982 50133 38945 84649 30357 260975 47391 66405 512531 21662 16399 10040 14787 4979 296906 427632 37420 269847 72534 20097 9341 51107 49811 14685 925872 74699 303097 46015 15224
leaf_count=1158244 66234 1982 50133 38945 84649 30357 260975 47391 66405 512531 21662 16399 10040 14787 4979 296906 427632 37420 269847 72534 20097 9341 51107 49811 14685 925872 74699 303097 46015 15224
internal_value=-1.35658e-08 -0.00012178 -0.00166679 0.000741291 0.00510943 -0.00017975 0.00589762 -0.000941952 -0.00129089 -0.00465161 -0.0113965 0.000385542 -0.0178451 -0.0017416 0.00958987 -0.00791244 0.00368839 0.0194665 0.000377184 0.0050403 0.00832744 0.00910159 -0.000396323 -0.0045462 -0.0198418 0.001252 0.0105619 -0.00173626 -0.0219366 -0.0285891
internal_weight=5e+06 4.93377e+06 1.76829e+06 3.16547e+06 551226 2.61425e+06 291332 2.32292e+06 2.27552e+06 754803 227485 80460 147025 527318 64061 298888 512281 42399 1.52072e+06 362478 289944 19381 1.4694e+06 417726 64818 1.05168e+06 125806 352908 127644 81629
internal_count=5000000 4933766 1768292 3165474 551226 2614248 291332 2322916 2275525 754803 227485 80460 147025 527318 64061 298888 512281 42399 1520722 362478 289944 19381 1469404 417726 64818 1051678 125806 352908 127644 81629
cat_boundaries=0 1 2 3
cat_threshold=258048 2006912 7343616
is_linear=0
shrinkage=0.1


Tree=299
num_leaves=31
num_cat=7
split_feature=76 26 76 79 84 76 81 75 44 80 76 76 5 54 7 0 80 78 90 90 26 84 30 28 81 75 72 73 72 19
split_gain=548.407 1239.23 1210.85 1111.23 1077.55 1222 1139.55 1223.62 1308.84 1213.74 1068.71 1045.22 1523.98 1251.75 1033.16 1283.9 1084.1 1013.75 1850.72 1609.67 1646.05 1972.41 1746.31 1966.86 1867.42 1863.51 1788.39 2285.06 1911.72 1831.59
threshold=0 1.0000000180025095e-35 1 6.6499998569488534 1.0000000180025095e-35 2 1.0000000180025095e-35 3 3.2500000000000004 28.849999427795414 4 5 -1.4499999880790708 2.0499999523162846 -5.3500001430511466 -4.2499999999999991 -4.9500000476837149 1.0000000180025095e-35 1.0000000180025095e-35 1.0000000180025095e-35 1.0000000180025095e-35 1.0000000180025095e-35 1.0000000180025095e-35 1.0000000180025095e-35 1.0000000180025095e-35 6 35.808349609375007 139.17414855957034 42.974149703979499 -2.1499999761581416
decision_type=1 10 1 10 10 1 10 1 10 10 1 1 8 10 10 2 10 10 10 10 10 10 10 10 10 1 2 2 2 10
left_child=1 4 -3 17 6 -6 7 8 9 -1 -8 12 13 -9 16 -16 -13 19 -19 20 21 22 23 24 26 -24 -2 -28 29 -29
right_child=3 2 -4 -5 5 -7 10 11 -10 -11 -12 14 -14 -15 15 -17 -18 18 -20 -21 -22 -23 25 -25 -26 -27 27 28 -30 -31
leaf_value=-0.005358150691892276 0.0015193056627680781 0.015833744318855782 0.00040380930211477562 -0.013044318073846109 -0.0097161213574851815 0.014840636248835193 -0.018496838653526741 -0.0249166138007921 -0.035611552274500885 0.020790822670343129 0.01876883639776189 0.014683528875173072 -0.0010273075730134905 0.0028598376475924702 -0.030786643101671819 0.0032324946186928667 0.074852983954667551 -0.015637226969282433 0.0017340109210335344 -0.010818773363702645 -0.0118109909514103 -0.018235168705277301 -0.028639636246207474 -0.020307059843815665 -0.023936524385186623 0.001433807061335811 0.016837084968819468 0.019255858034390332 0.012146206559184792 0.00018234990884002651
leaf_weight=938345 961828 79755 140350 55473 27885 74097 9360 52607 14047 18093 43121 17633 442452 23459 11414 395607 3607 96695 167695 95428 78321 43131 34381 32937 23117 51405 209159 55599 270095 532904
leaf_count=938345 961828 79755 140350 55473 27885 74097 9360 52607 14047 18093 43121 17633 442452 23459 11414 395607 3607 96695 167695 95428 78321 43131 34381 32937 23117 51405 209159 55599 270095 532904
internal_value=-1.22003e-08 -0.00113846 0.00599558 0.000963416 -0.0018964 0.00812657 -0.00241533 -0.00281327 -0.00530849 -0.00486349 0.0121225 -0.000255522 -0.00327511 -0.0163503 0.00340044 0.0022785 0.0249016 0.00125635 -0.00461915 0.00190678 0.00243641 0.00294029 0.00336089 0.00393604 0.00432504 -0.0106221 0.00464694 0.00746428 0.00518102 0.00198433
internal_weight=5e+06 2.29183e+06 220105 2.70817e+06 2.07173e+06 101982 1.96974e+06 1.91726e+06 970485 956438 52481 946779 518518 76066 428261 407021 21240 2.6527e+06 264390 2.3883e+06 2.29288e+06 2.21456e+06 2.17142e+06 2.08564e+06 2.0527e+06 85786 2.02958e+06 1.06776e+06 858598 588503
internal_count=5000000 2291832 220105 2708168 2071727 101982 1969745 1917264 970485 956438 52481 946779 518518 76066 428261 407021 21240 2652695 264390 2388305 2292877 2214556 2171425 2085639 2052702 85786 2029585 1067757 858598 588503
cat_boundaries=0 1 2 3 4 5 6 7
cat_threshold=1047296 276480 525056 1656 768 129024 7180
is_linear=0
shrinkage=0.1


end of trees

feature_importances:
Column_76=1095
Column_0=864
Column_12=820
Column_75=709
Column_72=682
Column_73=473
Column_11=373
Column_74=320
Column_23=214
Column_89=181
Column_86=168
Column_83=160
Column_48=159
Column_80=119
Column_77=97
Column_7=86
Column_91=85
Column_6=84
Column_16=84
Column_88=80
Column_85=76
Column_90=75
Column_13=74
Column_87=72
Column_49=66
Column_5=65
Column_81=65
Column_8=60
Column_50=60
Column_78=59
Column_24=58
Column_84=58
Column_79=57
Column_82=57
Column_15=50
Column_9=48
Column_17=47
Column_1=46
Column_51=46
Column_14=43
Column_26=43
Column_27=39
Column_28=38
Column_25=37
Column_71=37
Column_4=35
Column_54=34
Column_10=32
Column_29=29
Column_30=27
Column_52=27
Column_18=26
Column_2=24
Column_22=24
Column_55=24
Column_58=23
Column_33=22
Column_35=22
Column_53=22
Column_56=21
Column_31=20
Column_36=20
Column_37=20
Column_59=20
Column_34=18
Column_70=17
Column_21=16
Column_57=16
Column_19=15
Column_3=14
Column_47=14
Column_62=14
Column_20=13
Column_32=13
Column_38=11
Column_46=11
Column_61=11
Column_40=10
Column_41=10
Column_39=9
Column_42=9
Column_60=9
Column_63=9
Column_64=9
Column_69=9
Column_65=8
Column_43=6
Column_44=6
Column_66=6
Column_67=6
Column_45=5
Column_68=5

parameters:
[boosting: gbdt]
[objective: regression]
[metric: l2]
[tree_learner: serial]
[device_type: cpu]
[data_sample_strategy: bagging]
[data: ]
[valid: ]
[num_iterations: 300]
[learning_rate: 0.1]
[num_leaves: 31]
[num_threads: 0]
[seed: 0]
[deterministic: 0]
[force_col_wise: 0]
[force_row_wise: 0]
[histogram_pool_size: -1]
[max_depth: -1]
[min_data_in_leaf: 20]
[min_sum_hessian_in_leaf: 0.001]
[bagging_fraction: 1]
[pos_bagging_fraction: 1]
[neg_bagging_fraction: 1]
[bagging_freq: 0]
[bagging_seed: 3]
[bagging_by_query: 0]
[feature_fraction: 1]
[feature_fraction_bynode: 1]
[feature_fraction_seed: 2]
[extra_trees: 0]
[extra_seed: 6]
[early_stopping_round: 0]
[early_stopping_min_delta: 0]
[first_metric_only: 0]
[max_delta_step: 0]
[lambda_l1: 0]
[lambda_l2: 0]
[linear_lambda: 0]
[min_gain_to_split: 0]
[drop_rate: 0.1]
[max_drop: 50]
[skip_drop: 0.5]
[xgboost_dart_mode: 0]
[uniform_drop: 0]
[drop_seed: 4]
[top_rate: 0.2]
[other_rate: 0.1]
[min_data_per_group: 100]
[max_cat_threshold: 32]
[cat_l2: 10]
[cat_smooth: 10]
[max_cat_to_onehot: 4]
[top_k: 20]
[monotone_constraints: ]
[monotone_constraints_method: basic]
[monotone_penalty: 0]
[feature_contri: ]
[forcedsplits_filename: ]
[refit_decay_rate: 0.9]
[cegb_tradeoff: 1]
[cegb_penalty_split: 0]
[cegb_penalty_feature_lazy: ]
[cegb_penalty_feature_coupled: ]
[path_smooth: 0]
[interaction_constraints: ]
[verbosity: -1]
[saved_feature_importance_type: 0]
[use_quantized_grad: 0]
[num_grad_quant_bins: 4]
[quant_train_renew_leaf: 0]
[stochastic_rounding: 1]
[linear_tree: 0]
[max_bin: 255]
[max_bin_by_feature: ]
[min_data_in_bin: 3]
[bin_construct_sample_cnt: 200000]
[data_random_seed: 1]
[is_enable_sparse: 1]
[enable_bundle: 1]
[use_missing: 1]
[zero_as_missing: 0]
[feature_pre_filter: 1]
[pre_partition: 0]
[two_round: 0]
[header: 0]
[label_column: ]
[weight_column: ]
[group_column: ]
[ignore_column: ]
[categorical_feature: 75,76]
[forcedbins_filename: ]
[precise_float_parser: 0]
[parser_config_file: ]
[objective_seed: 5]
[num_class: 1]
[is_unbalance: 0]
[scale_pos_weight: 1]
[sigmoid: 1]
[boost_from_average: 1]
[reg_sqrt: 0]
[alpha: 0.9]
[fair_c: 1]
[poisson_max_delta_step: 0.7]
[tweedie_variance_power: 1.5]
[lambdarank_truncation_level: 30]
[lambdarank_norm: 1]
[label_gain: ]
[lambdarank_position_bias_regularization: 0]
[eval_at: ]
[multi_error_top_k: 1]
[auc_mu_weights: ]
[num_machines: 1]
[local_listen_port: 12400]
[time_out: 120]
[machine_list_filename: ]
[machines: ]
[gpu_platform_id: -1]
[gpu_device_id: -1]
[gpu_device_id_list: ]
[gpu_use_dp: 0]
[num_gpu: 1]

end of parameters

pandas_categorical:null
