tree
version=v4
num_class=1
num_tree_per_iteration=1
label_index=0
max_feature_idx=91
objective=regression
feature_names=Column_0 Column_1 Column_2 Column_3 Column_4 Column_5 Column_6 Column_7 Column_8 Column_9 Column_10 Column_11 Column_12 Column_13 Column_14 Column_15 Column_16 Column_17 Column_18 Column_19 Column_20 Column_21 Column_22 Column_23 Column_24 Column_25 Column_26 Column_27 Column_28 Column_29 Column_30 Column_31 Column_32 Column_33 Column_34 Column_35 Column_36 Column_37 Column_38 Column_39 Column_40 Column_41 Column_42 Column_43 Column_44 Column_45 Column_46 Column_47 Column_48 Column_49 Column_50 Column_51 Column_52 Column_53 Column_54 Column_55 Column_56 Column_57 Column_58 Column_59 Column_60 Column_61 Column_62 Column_63 Column_64 Column_65 Column_66 Column_67 Column_68 Column_69 Column_70 Column_71 Column_72 Column_73 Column_74 Column_75 Column_76 Column_77 Column_78 Column_79 Column_80 Column_81 Column_82 Column_83 Column_84 Column_85 Column_86 Column_87 Column_88 Column_89 Column_90 Column_91
feature_infos=[-29.600000381469727:38.5] [-30.299999237060547:39.599998474121094] [-31.799999237060547:38.299999237060547] [-30.600000381469727:38] [-28.399999618530273:39.099998474121094] [-28.399999618530273:39] [-29.100000381469727:39.200000762939453] [-29.600000381469727:39.400001525878906] [-28.700000762939453:39.400001525878906] [-29.299999237060547:39.799999237060547] [-28.200000762939453:38.799999237060547] [-28.100000381469727:38.299999237060547] [-29.700000762939453:38.799999237060547] [-29.700000762939453:38.700000762939453] [-30.200000762939453:39.200000762939453] [-29.399999618530273:39.299999237060547] [-30.799999237060547:38.299999237060547] [-29.899999618530273:38.599998474121094] [-29.700000762939453:38.099998474121094] [-27.700000762939453:39.400001525878906] [-28:39.299999237060547] [-28:38.099998474121094] [-27.399999618530273:39] [-26.799999237060547:39.200000762939453] [0:148] [0:92.5] [0:123.5] [0:84] [0:65] [0:76.5] [0:68.5] [0:73.5] [0:88] [0:67] [0:80] [0:89] [0:71.5] [0:68.5] [0:84] [0:66.5] [0:56] [0:67.5] [0:93.5] [0:67] [0:63] [0:67.5] [0:73.5] [0:79] [0:29.299999237060547] [0:28.299999237060547] [0:30.299999237060547] [0:32.700000762939453] [0:31.600000381469727] [0:31.700000762939453] [0:32.5] [0:28.600000381469727] [0:28.399999618530273] [0:28.700000762939453] [0:28.200000762939453] [0:29.200000762939453] [0:30.799999237060547] [0:28.100000381469727] [0:27] [0:27.799999237060547] [0:32] [0:31.100000381469727] [0:32.599998474121094] [0:32.400001525878906] [0:29.899999618530273] [0:29.799999237060547] [0:29.299999237060547] [0:29.899999618530273] [24.055000305175781:45.520000457763672] [122.97830200195312:145.75830078125] [-3:1350] -1:7:12:8:1:3:5:10:11:6:9:4:2 -1:20:17:4:1:14:10:16:3:2:7:9:18:21:8:19:13:12:5:22:23:6:0:11:15 [-27.399999618530273:37.599998474121094] [0:98.5] [0:23.600000381469727] [-28.799999237060547:39] [0:72] [0:22.5] [-26.100000381469727:38.599998474121094] [0:78.5] [0:22.200000762939453] [-27.899999618530273:38.900001525878906] [0:62.5] [0:22.399999618530273] [-25.5:38] [0:55.5] [0:34.5]
tree_sizes=3043 3123 3110 3080 3108 3085 3081 3096 3124 3098 3125 3081 3093 3107 3100 3083 3144 3092 3090 3101 3108 3101 3129 3108 3116 3131 3158 3161 3132 3132 3167 3174 3168 3170 3186 3183 3162 3173 3186 3162 3205 3211 3168 3172 3166 3183 3228 3200 3207 3153 3167 3206 3169 3174 3193 3208 3220 3198 3186 3204 3216 3201 3199 3169 3182 3166 3222 3195 3184 3196 3231 3140 3192 3203 3196 3231 3226 3202 3213 3248 3225 3221 3239 3149 3224 3239 3214 3221 3203 3210 3197 3209 3147 3253 3155 3281 3179 3204 3155 3122 3186 3234 3237 3220 3237 3253 3270 3172 3200 3247 3269 3222 3188 3267 3251 3225 3271 3212 3222 3205 3212 3235 3206 3249 3189 3234 3184 3139 3174 3220 3221 3195 3252 3146 3191 3201 3257 3171 3223 3196 3215 3202 3203 3226 3181 3181 3190 3219 3182 3212 3218 3247 3264 3160 3216 3218 3210 3126 3214 3232 3223 3333 3281 3177 3214 3222 3167 3204 3204 3235 3218 3213 3220 3212 3152 3157 3223 3207 3229 3241 3206 3193 3159 3250 3177 3192 3158 3188 3202 3230 3199 3209 3238 3140 3189 3186 3195 3166 3225 3142 3225 3229 3240 3202 3089 3199 3187 3162 3162 3231 3193 3164 3211 3178 3159 3129 3239 3208 3167 3170 3203 3221 3256 3124 3154 3240 3146 3195 3149 3252 3123 3215 3063 3230 3110 3155 3103 3159 3157 3235 3228 3182 3252 3232 3203 3153 3136 3178 3155 3167 3150 3198 3151 3169 3179 3176 3165 3216 3148 3131 3146 3155 3196 3138 3223 3102 3189 3090 3128 3159 3143 3130 3121 3189 3168 3171 3216 3123 3159 3077 3127 3133 3162 3238 3170 3028 3127 3223 3098 3116 3135 3138 3161 3188 3143 3134 3136 3220 3139 3253

Tree=0
num_leaves=31
num_cat=7
split_feature=18 18 18 0 0 18 18 17 17 0 0 18 0 17 18 76 76 0 0 76 76 76 0 76 0 0 0 76 0 0
split_gain=3.22598e+08 4.46317e+07 4.20258e+07 9.79513e+06 7.144e+06 6.63695e+06 5.91328e+06 2.35691e+06 2.17031e+06 2.0251e+06 1.51161e+06 1.13367e+06 1.12487e+06 1.05087e+06 1.04114e+06 964224 814196 770392 622811 797129 592894 580475 507152 458411 384447 380785 340770 323770 322929 312471
threshold=12.84999990463257 3.4500000476837163 21.150000572204593 -1.2499999999999998 9.8499999046325701 26.150000572204593 17.050000190734867 8.0500001907348651 -4.3500001430511466 4.2500000000000009 14.949999809265138 29.349999427795414 18.849999427795414 8.8499999046325701 23.550000190734867 0 1 -7.5499999523162833 5.4500000476837167 2 3 4 14.250000000000002 5 11.449999809265138 21.550000190734867 1.2500000000000002 6 8.0500001907348651 22.44999980926514
decision_type=10 8 10 2 2 10 10 10 8 2 2 10 2 8 10 1 1 2 2 1 1 1 2 1 2 2 2 1 2 2
left_child=1 3 6 8 7 14 10 18 17 23 16 -7 20 -6 25 -9 -2 27 19 -3 -8 -10 -15 -5 -18 -4 -25 -1 -11 -16
right_child=2 4 5 9 13 11 12 15 21 28 -12 -13 -14 22 29 -17 24 -19 -20 -21 -22 -23 -24 26 -26 -27 -28 -29 -30 -31
leaf_value=11.160704004434555 13.254124108489707 12.379063612601364 13.923616776652805 12.072799289944539 12.763494183124752 14.50704804538605 13.664574593260983 12.78673360435535 11.741467960045394 12.171162402222269 13.443574929814012 14.842825066573287 13.830721265972276 12.933399411966382 14.131311638399165 12.423554325881414 12.584582357767944 11.247214133402352 12.444498570549705 12.021930640090318 13.371853090365718 11.409944212742245 13.181580020939696 11.711388590394607 13.026340225159997 14.115460218250012 11.922689653140027 10.625499325735056 12.426192553739881 14.322468117345146
leaf_weight=16598 214316 133292 181163 96171 226062 294405 243293 221970 103706 143636 357048 152705 386103 187016 127043 109064 26660 98800 209961 118135 96772 109478 147105 146332 75461 241232 159531 39472 75880 261590
leaf_count=16598 214316 133292 181163 96171 226062 294405 243293 221970 103706 143636 357048 152705 386103 187016 127043 109064 26660 98800 209961 118135 96772 109478 147105 146332 75461 241232 159531 39472 75880 261590
internal_value=13.1389 12.2833 13.893 11.7729 12.6567 14.3124 13.516 12.4634 11.3641 12.015 13.3025 14.6217 13.7139 12.93 14.1419 12.667 13.1434 11.0792 12.3174 12.2112 13.5813 11.5711 13.0427 11.8817 12.911 14.0332 11.8216 10.7831 12.2593 14.26
internal_weight=5e+06 2.34221e+06 2.65779e+06 989604 1.3526e+06 1.25814e+06 1.39965e+06 792422 368054 621550 673485 447110 726168 560183 811028 331034 316437 154870 461388 251427 340065 213184 334121 402034 102121 422395 305863 56070 219516 388633
internal_count=5000000 2342209 2657791 989604 1352605 1258138 1399653 792422 368054 621550 673485 447110 726168 560183 811028 331034 316437 154870 461388 251427 340065 213184 334121 402034 102121 422395 305863 56070 219516 388633
cat_boundaries=0 1 2 3 4 5 6 7
cat_threshold=2044 2046 2040 2046 2040 2044 4080
is_linear=0
shrinkage=1


Tree=1
num_leaves=31
num_cat=8
split_feature=18 18 18 0 18 0 18 0 17 17 18 0 0 0 76 17 0 76 76 0 76 76 76 76 0 0 0 0 0 76
split_gain=2.61383e+08 3.73284e+07 3.29273e+07 8.49306e+06 5.70103e+06 5.62468e+06 4.124e+06 2.03231e+06 1.93024e+06 1.6726e+06 1.10408e+06 1.02715e+06 993464 820400 707547 702595 600063 738164 550475 548497 538586 532022 482421 407866 369668 357284 313646 298360 286645 285402
threshold=13.050000190734865 3.8500000238418584 20.94999980926514 -1.6500000357627866 25.750000000000004 10.650000095367433 16.750000000000004 3.8500000238418584 8.6500000953674334 -4.8500001430511466 28.94999980926514 15.750000000000002 18.050000190734867 22.750000000000004 0 9.6500000953674334 6.2500000000000009 1 2 -8.6500000953674299 3 4 5 6 12.050000190734865 7.6499998569488534 0.65000000596046459 6.6499998569488534 15.550000190734865 7
decision_type=10 8 10 2 10 2 10 2 10 8 10 2 2 2 1 8 2 1 1 2 1 1 1 1 2 2 2 2 2 1
left_child=1 3 6 9 13 8 11 22 16 19 -6 21 18 23 -10 -7 17 -3 -8 -1 -11 -2 -5 -4 -23 -9 -24 -16 -17 -18
right_child=2 5 4 7 10 15 12 25 14 20 -12 -13 -14 -15 27 28 29 -19 -20 -21 -22 24 26 -25 -26 -27 -28 -29 -30 -31
leaf_value=-2.1980692746668802 0.11884334647319064 -0.63410295104339021 0.84172683338427623 -0.96749420474424042 1.200426719378199 -0.27434938366809808 0.45657251302128365 -0.88327760543651912 -0.2733102185697745 -1.2771113430192704 1.5109354882354249 0.2853351522833848 0.59353849272752679 0.97756508753534122 -0.87072357936107603 -0.11418046211881534 -0.37960085410551586 -0.95612691317513421 0.17687457334772816 -1.7589989956400474 -1.6010766688313638 -0.45180496485773214 -1.3263579896768731 0.61526341459001144 -0.044997086334722707 -0.64541025179709033 -1.124305528673738 -0.49093354098653141 0.09971771172648064 -0.63763483436746327
leaf_weight=40745 203870 149124 267822 113474 320352 230869 201218 170071 213194 103557 178218 270109 431424 414420 27402 173894 58983 136615 108269 94299 103268 29882 131763 113580 88472 100437 184265 84383 97936 158085
leaf_count=40745 203870 149124 267822 113474 320352 230869 201218 170071 213194 103557 178218 270109 431424 414420 27402 173894 58983 136615 108269 94299 103268 29882 131763 113580 88472 100437 184265 84383 97936 158085
internal_value=-2.1473e-06 -0.760933 0.687005 -1.20919 1.04627 -0.409913 0.338208 -1.00966 -0.570141 -1.61774 1.31142 0.141507 0.495463 0.880161 -0.380199 -0.146068 -0.692906 -0.788122 0.358745 -1.89147 -1.43901 0.0209418 -1.14488 0.774325 -0.147695 -0.79496 -1.20851 -0.58398 -0.0371164 -0.567567
internal_weight=5e+06 2.37236e+06 2.62764e+06 1.04188e+06 1.29439e+06 1.33048e+06 1.33324e+06 700010 827786 341869 498570 592333 740911 795822 324979 502699 502807 285739 309487 135044 206825 322224 429502 381402 118354 270508 316028 111785 271830 217068
internal_count=5000000 2372364 2627636 1041879 1294392 1330485 1333244 700010 827786 341869 498570 592333 740911 795822 324979 502699 502807 285739 309487 135044 206825 322224 429502 381402 118354 270508 316028 111785 271830 217068
cat_boundaries=0 1 2 3 4 5 6 7 8
cat_threshold=2044 2040 1020 2040 2046 2044 1022 4094
is_linear=0
shrinkage=0.1


Tree=2
num_leaves=31
num_cat=9
split_feature=17 17 17 0 0 0 18 0 76 17 17 0 17 0 18 18 76 18 76 76 0 76 0 0 0 0 76 76 76 76
split_gain=2.11912e+08 2.99446e+07 2.71947e+07 6.48204e+06 5.64267e+06 4.17988e+06 4.17474e+06 1.65407e+06 1.47432e+06 1.12982e+06 1.09596e+06 1.06743e+06 1.03177e+06 894827 879250 628511 619710 599452 446647 416363 343839 443690 335604 334809 334264 320335 312260 309306 251522 246689
threshold=12.949999809265138 3.2500000000000004 21.349999427795414 -2.1499999761581416 9.2500000000000018 17.050000190734867 26.750000000000004 3.0499999523162846 0 16.750000000000004 -6.6499998569488517 13.750000000000002 18.150000572204593 4.2500000000000009 23.94999980926514 7.0499999523162851 1 30.349999427795414 2 3 12.84999990463257 4 -10.15000009536743 20.550000190734867 7.0499999523162851 -5.2499999999999991 5 6 7 8
decision_type=10 8 10 2 2 2 8 2 1 10 10 2 10 2 10 10 1 10 1 1 2 1 2 2 2 2 1 1 1 1
left_child=1 3 5 10 8 9 14 27 15 20 22 16 -7 -10 23 -3 -6 -8 -12 -11 21 -2 -1 -4 -9 -20 -22 -5 -15 -13
right_child=2 4 6 7 11 12 17 24 13 19 18 29 -14 28 -16 -17 -18 -19 25 -21 26 -23 -24 -25 -26 -27 -28 -29 -30 -31
leaf_value=-2.1404648067321195 0.024239292170842867 -0.58978307243966976 0.62971624638834556 -0.90388949224412463 -0.092912576945390471 0.35102319020601697 1.1617528758726616 -0.8467885992223142 -0.90219275327558168 0.36175718929524003 -1.206683018271794 -0.095712777602874832 0.58552322057689155 -0.45386977404274698 0.94728894244581796 -0.29708392095499642 -0.373338642868554 1.446990236356569 -1.7401488839434969 0.070513658879498717 0.31767515495048659 -0.31366856629622797 -1.6895209261496078 0.80805527629732232 -0.62357224489742868 -1.3963232799438803 0.039915343452971895 -1.1264001410284568 -0.6550044631478914 0.10216152054493766
leaf_weight=22290 145249 119300 166028 79488 115037 345753 275570 175466 140954 205493 86079 172096 410264 87247 391840 190518 250354 100567 39354 64515 56998 53041 63576 287661 108614 87006 139588 302258 218417 99379
leaf_count=22290 145249 119300 166028 79488 115037 345753 275570 175466 140954 205493 86079 172096 410264 87247 391840 190518 250354 100567 39354 64515 56998 53041 63576 287661 108614 87006 139588 302258 218417 99379
internal_value=-2.84e-06 -0.689267 0.61489 -1.11771 -0.392795 0.317433 0.960857 -0.944156 -0.577448 0.134542 -1.50509 -0.173473 0.478278 -0.693735 0.837561 -0.409779 -0.285064 1.23802 -1.38323 0.292184 0.0267493 -0.066163 -1.80658 0.742792 -0.761445 -1.50329 0.120467 -1.08012 -0.59763 -0.0232766
internal_weight=5e+06 2.35743e+06 2.64257e+06 964131 1.3933e+06 1.4209e+06 1.22167e+06 665826 756436 664884 298305 636866 756017 446618 845529 309818 365391 376137 212439 270008 394876 198290 85866 453689 284080 126360 196586 381746 305664 271475
internal_count=5000000 2357433 2642567 964131 1393302 1420901 1221666 665826 756436 664884 298305 636866 756017 446618 845529 309818 365391 376137 212439 270008 394876 198290 85866 453689 284080 126360 196586 381746 305664 271475
cat_boundaries=0 1 2 3 4 5 6 7 8 9
cat_threshold=2032 4095 2032 2044 2044 2044 2040 2062 1040384
is_linear=0
shrinkage=0.1


Tree=3
num_leaves=31
num_cat=10
split_feature=18 18 18 0 18 0 18 76 0 18 0 0 76 18 0 0 0 76 0 76 76 76 76 76 0 76 0 76 0 0
split_gain=1.71912e+08 2.4198e+07 2.24221e+07 4.54397e+06 4.34242e+06 4.28614e+06 2.85886e+06 1.43711e+06 1.20874e+06 923763 859325 788284 784449 734827 723243 688016 631444 625490 585583 447120 436304 370975 277864 261610 254021 246447 279379 241163 240278 236668
threshold=12.449999809265138 20.44999980926514 2.4500000476837163 -3.0499999523162837 25.250000000000004 8.4499998092651385 16.150000572204593 0 2.2500000000000004 28.349999427795414 12.650000095367433 14.050000190734865 1 6.6499998569488534 17.44999980926514 3.4500000476837163 21.750000000000004 2 -8.6500000953674299 3 4 5 6 7 9.0500001907348651 8 20.750000000000004 9 24.94999980926514 6.2500000000000009
decision_type=8 10 10 2 8 2 10 1 2 10 2 2 1 10 2 2 2 1 2 1 1 1 1 1 2 1 2 1 2 2
left_child=2 6 3 12 16 7 11 13 23 -6 17 20 -1 -4 19 -9 21 -7 -14 -8 -2 -3 -12 -5 -22 -16 -27 -18 -29 -10
right_child=1 4 5 8 9 10 14 15 29 -11 22 -13 18 -15 25 -17 27 -19 -20 -21 24 -23 -24 -25 -26 26 -28 28 -30 -31
leaf_value=-1.1864053811662583 0.035987084211618524 0.64766491927467085 -0.58690045114202671 -0.87873058007366989 0.93951050646113332 -0.078086731759532388 0.31547971999792956 -0.95030043592282287 -0.80452842026610372 1.2007810626987896 -0.16378455719651067 0.17271555210105161 -1.9452594837214332 -0.31128437541420539 0.62009266075746927 -0.62672099950707472 0.91523064762300399 -0.38484649399297299 -1.454023234623925 0.039939221389517554 -0.61993035134752406 0.4223005390984419 0.034153840109879367 -1.0693857612617232 -0.1628724385756746 0.31947839310979048 0.49265774570177207 0.64298272787398636 0.79986533396485804 -0.60325150058978894
leaf_weight=94548 169414 239557 168565 99961 345932 86881 229747 86943 165692 222279 175889 322020 30691 227001 67604 269077 80193 283189 115926 79208 14313 105344 118833 264359 80831 173408 201282 188019 203062 90232
leaf_count=94548 169414 239557 168565 99961 345932 86881 229747 86943 165692 222279 175889 322020 30691 227001 67604 269077 80193 283189 115926 79208 14313 105344 118833 264359 80831 173408 201282 188019 203062 90232
internal_value=-3.41406e-06 0.536365 -0.641024 -1.04334 0.829454 -0.396345 0.233075 -0.55995 -0.900124 1.04172 -0.21138 0.067641 -1.41167 -0.428724 0.362247 -0.705722 0.681679 -0.312841 -1.55675 0.24485 -0.0602557 0.578862 -0.0839795 -1.01713 -0.231606 0.444252 0.412499 0.756926 0.724423 -0.733564
internal_weight=5e+06 2.72221e+06 2.27779e+06 861409 1.38439e+06 1.41638e+06 1.33783e+06 751586 620244 568211 664792 586578 241165 395566 751249 356020 816175 370070 146617 308955 264558 344901 294722 364320 95144 442294 374690 471274 391081 255924
internal_count=5000000 2722213 2277787 861409 1384386 1416378 1337827 751586 620244 568211 664792 586578 241165 395566 751249 356020 816175 370070 146617 308955 264558 344901 294722 364320 95144 442294 374690 471274 391081 255924
cat_boundaries=0 1 2 3 4 5 6 7 8 9 10
cat_threshold=2044 2040 2046 2046 2044 1020 520192 2044 2044 2044
is_linear=0
shrinkage=0.1


Tree=4
num_leaves=31
num_cat=7
split_feature=17 17 17 0 0 17 0 76 0 0 76 0 18 17 17 0 76 76 0 0 0 76 0 0 76 0 16 0 76 0
split_gain=1.39394e+08 1.92955e+07 1.85436e+07 4.062e+06 3.69966e+06 3.3655e+06 2.72623e+06 1.10975e+06 1.00728e+06 861683 743726 694862 665316 646300 550795 536379 533978 518597 492289 469526 452405 313742 281732 249496 222284 316030 212665 196917 221843 188790
threshold=12.550000190734865 20.650000572204593 2.2500000000000004 8.2500000000000018 -0.65000000596046437 25.650000572204593 16.349999427795414 0 -5.8500001430511466 13.050000190734865 1 23.550000190734867 29.94999980926514 17.44999980926514 6.6499998569488534 2.8500000238418584 2 3 5.0499999523162851 11.050000190734865 11.84999990463257 4 23.150000572204593 -12.849999904632567 5 18.750000000000004 7.4500000476837167 21.349999427795414 6 2.4500000476837163
decision_type=8 10 8 2 2 10 2 1 2 2 1 2 8 8 8 2 1 1 2 2 2 1 2 2 1 2 8 2 1 2
left_child=2 6 4 7 8 11 10 14 17 16 19 24 22 -8 29 -9 -5 -1 -6 -2 -12 -10 -7 -19 25 -3 -11 28 -15 -4
right_child=1 5 3 9 18 12 13 15 21 26 20 -13 -14 27 -16 -17 -18 23 -20 -21 -22 -23 -24 -25 -26 -27 -28 -29 -30 -31
leaf_value=-1.1446895242116424 0.046723996286235511 0.50725200339829002 -0.62470035322127027 -0.39239405623558593 -0.82044488316232611 0.76162480471083394 0.24586226493946423 -0.85457480301202393 -0.91336521045620922 -0.20306082057173316 -0.27647240245385218 0.73729866150718315 1.1620844103440104 0.53067527827321403 -0.29404051623993949 -0.57464903108450438 -0.1649436940212427 -2.0186212253285105 -0.58955764818551681 0.28136106776515252 0.01757269711471942 -1.1438080842474052 0.94744931358256024 -1.4981744464704168 0.47300538475498854 0.7198186639727937 -0.0052659072040130862 0.51719916559816903 0.31658068711338083 -0.40606682889799828
leaf_weight=46135 170946 144076 98665 206578 318001 115568 332543 90359 90371 72247 70046 351130 119703 67037 214823 282341 206389 10691 130138 170191 206808 174201 277493 66542 204050 135929 219536 166805 174800 65858
leaf_count=46135 170946 144076 98665 206578 318001 115568 332543 90359 90371 72247 70046 351130 119703 67037 214823 282341 206389 10691 130138 170191 206808 174201 277493 66542 204050 135929 219536 166805 174800 65858
internal_value=-3.2191e-06 0.485927 -0.573726 -0.358283 -0.949115 0.754013 0.220055 -0.51993 -1.17521 -0.185789 0.0649537 0.630203 0.955674 0.349377 -0.399481 -0.642498 -0.278734 -1.41118 -0.753396 0.163778 -0.0568207 -1.06517 0.892813 -1.57001 0.552517 0.610421 -0.054241 0.433614 0.375963 -0.537182
internal_weight=5e+06 2.70712e+06 2.29288e+06 1.4568e+06 836079 1.34795e+06 1.35918e+06 752046 387940 704750 617991 835185 512764 741185 379346 372700 412967 123368 448139 341137 276854 264572 393061 77233 484055 280005 291783 408642 241837 164523
internal_count=5000000 2707125 2292875 1456796 836079 1347949 1359176 752046 387940 704750 617991 835185 512764 741185 379346 372700 412967 123368 448139 341137 276854 264572 393061 77233 484055 280005 291783 408642 241837 164523
cat_boundaries=0 1 2 3 4 5 6 7
cat_threshold=4088 2040 2093056 2032 2044 2040 2040
is_linear=0
shrinkage=0.1


Tree=5
num_leaves=31
num_cat=12
split_feature=17 17 17 0 0 18 18 17 17 0 0 0 0 0 0 0 76 76 76 76 18 76 76 76 76 76 76 0 76 76
split_gain=1.13143e+08 1.77458e+07 1.32271e+07 4.38867e+06 2.8266e+06 2.29773e+06 1.86995e+06 1.16803e+06 777511 699768 681969 488375 487193 486822 358931 355307 348625 346114 339043 328559 289697 274047 267229 249940 227829 208145 198774 199666 184283 180138
threshold=13.550000190734865 4.4500000476837167 22.050000190734867 -1.0000000180025095e-35 11.250000000000002 18.150000572204593 27.349999427795414 -3.1499999761581416 9.4499998092651385 15.250000000000002 5.8500001430511483 19.94999980926514 24.150000572204593 -6.6499998569488517 16.650000572204593 5.8500001430511483 0 1 2 3 31.349999427795414 4 5 6 7 8 9 19.250000000000004 10 11
decision_type=10 8 8 2 2 8 8 10 10 2 2 2 2 2 2 2 1 1 1 1 8 1 1 1 1 1 1 2 1 1
left_child=1 3 5 7 8 9 12 13 15 17 23 22 29 28 18 16 -3 -2 -6 -10 -8 -9 -7 -5 -12 -17 -11 -28 -1 -4
right_child=2 4 6 10 14 11 20 21 19 26 24 -13 -14 -15 -16 25 -18 -19 -20 -21 -22 -23 -24 -25 -26 -27 27 -29 -30 -31
leaf_value=-1.1810951474063633 0.10052812622096836 -0.40818105980551078 0.61821849548593388 -0.75543438905886984 -0.18942489318167233 0.36841311482166689 0.88757528456048851 -0.73028072599219984 -0.12765108767542807 0.36042787595385017 -0.54732860674563599 0.47573078632678789 0.73194352181111766 -1.067337220200552 0.080061295344553474 -0.20248298629298944 -0.63993582637400825 -0.13026082874943098 0.00794156105774926 -0.34501843029031276 1.1296408586460924 -0.94433563054296743 0.16907798296452678 -0.60229562653989399 -0.33771441179708384 -0.39700995805386929 0.12128636413543355 0.27927069673499566 -1.4998813322874009 0.47842690434498208
leaf_weight=29773 251305 156443 290598 222753 205063 221033 250698 94666 166075 96186 131275 379979 358230 136817 146997 76654 111198 87634 151226 119674 61585 164839 96753 205794 85959 195469 168042 152683 48880 135719
leaf_count=29773 251305 156443 290598 222753 205063 221033 250698 94666 166075 96186 131275 379979 358230 136817 146997 76654 111198 87634 151226 119674 61585 164839 96753 205794 85959 195469 168042 152683 48880 135719
internal_value=-3.38699e-06 -0.485395 0.466188 -0.77847 -0.238206 0.268368 0.728355 -1.00921 -0.352086 0.14757 -0.608762 0.399222 0.645978 -1.1813 -0.0514143 -0.422698 -0.504508 0.0408559 -0.105658 -0.218703 0.935313 -0.866314 0.307741 -0.681927 -0.464425 -0.342236 0.234325 0.19649 -1.37955 0.573741
internal_weight=5e+06 2.44956e+06 2.55044e+06 1.12076e+06 1.3288e+06 1.45362e+06 1.09683e+06 474975 825513 755850 645781 697765 784547 215470 503286 539764 267641 338939 356289 285749 312283 259505 317786 428547 217234 272123 416911 320725 78653 426317
internal_count=5000000 2449555 2550445 1120756 1328799 1453615 1096830 474975 825513 755850 645781 697765 784547 215470 503286 539764 267641 338939 356289 285749 312283 259505 317786 428547 217234 272123 416911 320725 78653 426317
cat_boundaries=0 1 2 3 4 5 6 7 8 9 10 11 12
cat_threshold=2040 2046 2093056 2040 1008 2046 4190208 520192 4092 4094 4088 1020
is_linear=0
shrinkage=0.1


Tree=6
num_leaves=31
num_cat=9
split_feature=18 18 17 17 0 0 17 76 17 0 17 0 0 0 0 18 76 0 76 0 76 76 0 76 76 0 76 76 0 0
split_gain=9.18174e+07 1.42428e+07 1.10856e+07 2.75585e+06 2.66182e+06 2.12145e+06 1.62192e+06 818754 602458 574528 559175 500400 497156 443674 413280 373160 353348 300790 279043 263894 256536 245839 231676 204266 200762 182353 180716 167960 151406 145997
threshold=11.84999990463257 19.94999980926514 1.2500000000000002 24.849999427795414 7.4500000476837167 -3.4500000476837154 15.650000095367433 0 28.94999980926514 13.34999990463257 7.2500000000000009 1.6500000357627871 20.44999980926514 16.050000190734867 1.8499999642372134 5.8500001430511483 1 -10.15000009536743 2 25.250000000000004 3 4 12.250000000000002 5 6 25.44999980926514 7 8 7.8500001430511483 20.250000000000004
decision_type=8 10 8 8 2 2 10 1 10 2 8 2 2 2 2 8 1 2 1 2 1 1 2 1 1 2 1 1 2 2
left_child=2 6 5 12 7 16 9 15 19 20 27 -7 21 18 -9 -4 -1 -18 -8 -5 -2 -3 24 -14 -12 -25 -15 -6 -22 -28
right_child=1 3 4 8 10 11 13 14 -10 -11 22 -13 23 26 -16 -17 17 -19 -20 -21 28 -23 -24 25 -26 -27 29 -29 -30 -31
leaf_value=-0.91984494858504018 -0.025603879381604036 0.42196799964492665 -0.46423729708132522 0.61050516890407591 -0.37811900233757967 -0.78291940280639039 0.20031979387981799 -0.74517833212762563 0.9065270214519896 0.10095745264783147 -0.047473713524847007 -0.57987521438138834 0.6346844041581543 0.42311630367078967 -0.50223727548329433 -0.25856390281959535 -1.5491126794925218 -1.1184383714331692 -0.027679096343114371 0.76390684928415153 -0.59707614615970628 0.20964012370489413 -0.041323134986715582 0.44341626737460449 -0.249181233407616 0.577400876602153 0.20812090156918273 -0.22143123770811304 -0.19042374039598381 0.33257365932162725
leaf_weight=85666 162429 204263 156634 218165 140887 291596 197662 89626 178546 350088 71030 207926 137219 93877 320154 201950 19155 105722 73694 230758 10483 74488 202206 266880 161748 164000 195859 133253 72319 181717
leaf_count=85666 162429 204263 156634 218165 140887 291596 197662 89626 178546 350088 71030 207926 137219 93877 320154 201950 19155 105722 73694 230758 10483 74488 202206 266880 161748 164000 195859 133253 72319 181717
internal_value=-4.43497e-06 0.377928 -0.485897 0.592321 -0.329839 -0.81062 0.141716 -0.458784 0.751153 0.018737 -0.190122 -0.698402 0.474634 0.240276 -0.555359 -0.348395 -1.07686 -1.18441 0.138407 0.689358 -0.0986395 0.365252 -0.119626 0.528305 -0.187645 0.494402 0.298909 -0.301979 -0.241878 0.26801
internal_weight=5e+06 2.81245e+06 2.18755e+06 1.47432e+06 1.47749e+06 710065 1.33813e+06 768364 627469 595319 709124 499522 846850 742809 409780 358584 210543 124877 271356 448923 245231 278751 434984 568099 232778 430880 471453 274140 82802 377576
internal_count=5000000 2812447 2187553 1474319 1477488 710065 1338128 768364 627469 595319 709124 499522 846850 742809 409780 358584 210543 124877 271356 448923 245231 278751 434984 568099 232778 430880 471453 274140 82802 377576
cat_boundaries=0 1 2 3 4 5 6 7 8 9
cat_threshold=2040 4088 1020 4092 1020 4088 2044 4088 516096
is_linear=0
shrinkage=0.1


Tree=7
num_leaves=31
num_cat=10
split_feature=17 17 17 0 18 0 0 76 0 17 76 17 0 76 0 0 76 75 0 0 17 0 76 76 76 0 76 0 76 0
split_gain=7.44696e+07 1.15836e+07 8.97332e+06 2.39843e+06 2.22925e+06 1.66575e+06 1.51087e+06 653789 539895 510658 484763 416821 412480 377394 371635 338483 278399 266178 258141 242546 240673 218446 178849 178554 165227 164009 149936 148324 142056 154068
threshold=11.84999990463257 19.94999980926514 1.0500000119209292 7.2500000000000009 24.750000000000004 -3.8500000238418575 14.750000000000002 0 12.050000190734865 29.349999427795414 1 16.250000000000004 0.84999999403953563 2 19.550000190734867 2.2500000000000004 3 4 10.050000190734865 22.050000190734867 5.6499998569488534 -12.849999904632567 5 6 7 17.650000572204593 8 23.250000000000004 9 20.94999980926514
decision_type=8 10 10 2 8 2 2 1 2 10 1 8 2 1 2 2 1 1 2 2 10 2 1 1 1 2 1 2 1 2
left_child=2 6 5 7 14 16 10 20 13 19 17 -8 -7 -5 22 -9 -1 -2 -12 -6 -4 -18 -3 -16 25 -10 -17 -25 -13 -30
right_child=1 4 3 8 9 12 11 15 24 -11 18 28 -14 -15 23 26 21 -19 -20 -21 -22 -23 -24 27 -26 -27 -28 -29 29 -31
leaf_value=-0.84332260473300402 -0.036247408281729364 0.36438717642604018 -0.4194830454376588 -0.32166372212712102 0.48533552093951943 -0.72734206241345811 0.12524565432183921 -0.63257258373786407 -0.20089005377050762 0.83292921906330752 -0.36728514609981028 0.36960721819989012 -0.54421499863498113 -0.12998530823577228 0.55609098018757297 -0.35496890287862753 -1.5639884250926182 0.14662450981479971 -0.074342054192525583 0.65954687585741723 -0.23757017550209747 -1.0484803879606162 0.14681184812402312 0.35391286943292205 0.0060359709274526007 0.015593730238374185 -0.49737454832604638 0.4794560342330132 0.18882122432301118 0.31936795739353069
leaf_weight=78767 138033 207673 122824 261107 100595 259497 328622 137827 123691 153228 37111 112373 233830 169409 170092 117259 8928 187986 158791 388789 178311 103660 46238 147587 141941 48804 201508 259709 224432 151378
leaf_count=78767 138033 207673 122824 261107 100595 259497 328622 137827 123691 153228 37111 112373 233830 169409 170092 117259 8928 187986 158791 388789 178311 103660 46238 147587 141941 48804 201508 259709 224432 151378
internal_value=-3.98827e-06 0.340332 -0.437628 -0.300909 0.53374 -0.737686 0.127393 -0.426177 -0.173493 0.673618 -0.00550667 0.212314 -0.640542 -0.246248 0.425612 -0.501621 -0.988128 0.0691997 -0.12983 0.623737 -0.311757 -1.08926 0.324786 0.469951 -0.0738797 -0.139632 -0.445017 0.433954 0.270924 0.2414
internal_weight=5e+06 2.81264e+06 2.18736e+06 1.50268e+06 1.47391e+06 684682 1.33873e+06 757729 744952 642612 521921 816805 493327 430516 831299 456594 191355 326019 195902 489384 301135 112588 253911 577388 314436 172495 318767 407296 488183 375810
internal_count=5000000 2812637 2187363 1502681 1473911 684682 1338726 757729 744952 642612 521921 816805 493327 430516 831299 456594 191355 326019 195902 489384 301135 112588 253911 577388 314436 172495 318767 407296 488183 375810
cat_boundaries=0 1 2 3 4 5 6 7 8 9 10
cat_threshold=2032 1020 8384512 4088 6158 1020 4092 516096 2063 4080
is_linear=0
shrinkage=0.1


Tree=8
num_leaves=31
num_cat=8
split_feature=17 17 17 0 0 0 17 17 0 76 76 0 0 0 0 0 76 0 0 76 0 76 76 18 76 48 90 76 0 0
split_gain=6.04385e+07 1.01591e+07 6.68157e+06 2.64613e+06 1.50266e+06 1.30699e+06 924094 684208 480089 423434 410519 318698 317998 306536 291260 286576 285052 255641 247203 253831 231847 205291 200808 191194 185164 170410 168625 122291 119172 117278
threshold=13.949999809265138 5.0499999523162851 22.44999980926514 -0.25000000745058054 10.84999990463257 18.250000000000004 27.349999427795414 -2.5499999523162837 4.8500001430511483 0 1 5.0499999523162851 -5.8500001430511466 13.250000000000002 12.250000000000002 25.650000572204593 2 22.150000572204593 16.050000190734867 3 5.0499999523162851 4 5 31.650000572204593 6 2.8500000238418584 1.0000000180025095e-35 7 11.050000190734865 20.050000190734867
decision_type=10 8 8 2 2 2 10 10 2 1 1 2 2 2 2 2 1 2 2 1 2 1 1 8 1 8 10 1 2 2
left_child=1 3 5 7 9 10 15 12 22 20 14 -11 -1 -12 26 29 -7 -18 19 -6 25 28 -5 -8 -9 -3 -2 -15 -10 -4
right_child=2 4 6 8 18 16 23 24 21 11 13 -13 -14 27 -16 -17 17 -19 -20 -21 -22 -23 -24 -25 -26 -27 -28 -29 -30 -31
leaf_value=-0.99757681958987998 0.12026093139245569 -0.19241672099289781 0.36100411363629181 -0.40989610683006322 -0.13014755630297389 0.41439821047037928 0.65340100234567222 -0.52302429713039822 -0.47756176402915673 -0.45848619170961735 -0.14149487559847693 -0.26121972585035697 -0.7632756472645067 0.16236315148569846 0.27523280631951186 0.56800330329733506 0.20356796685968917 0.33754228901461297 0.060566273225277772 0.052426004560615171 -0.062975515610552271 -0.26485819205270261 -0.55731683822751787 0.86345874415083024 -0.70407260500326629 -0.46264938622041418 -0.29409897140571339 0.029599171232821249 -0.28023048077951418 0.46948825498385638
leaf_weight=99552 155139 142587 145358 138578 269763 179024 260231 107320 116890 109936 74215 321118 138536 121968 191002 251588 288518 281275 193218 106096 139993 158750 279376 51987 120292 27902 10485 160931 41459 316913
leaf_count=99552 155139 142587 145358 138578 269763 179024 260231 107320 116890 109936 74215 321118 138536 121968 191002 251588 288518 281275 193218 106096 139993 158750 279376 51987 120292 27902 10485 160931 41459 316913
internal_value=-3.70726e-06 -0.3461 0.349254 -0.556227 -0.153587 0.212011 0.54488 -0.74273 -0.438067 -0.247389 0.115183 -0.311523 -0.861244 0.0393908 0.191073 0.482118 0.304302 0.269699 -0.031358 -0.0786135 -0.158333 -0.345284 -0.508461 0.688377 -0.618761 -0.236643 0.0940294 0.0868453 -0.42587 0.435376
internal_weight=5e+06 2.51137e+06 2.48863e+06 1.20075e+06 1.31061e+06 1.46256e+06 1.02608e+06 465700 735053 741536 713740 431054 238088 357114 356626 713859 748817 569793 569077 375859 310482 317099 417954 312218 227612 170489 165624 282899 158349 462271
internal_count=5000000 2511366 2488634 1200753 1310613 1462557 1026077 465700 735053 741536 713740 431054 238088 357114 356626 713859 748817 569793 569077 375859 310482 317099 417954 312218 227612 170489 165624 282899 158349 462271
cat_boundaries=0 1 2 3 4 5 6 7 8
cat_threshold=2032 1016 4094 16773120 516096 4094 1016 3079
is_linear=0
shrinkage=0.1


Tree=9
num_leaves=31
num_cat=9
split_feature=17 17 17 17 0 0 0 76 19 76 0 76 0 17 0 0 0 75 76 0 0 48 76 0 76 78 76 76 90 78
split_gain=4.9106e+07 8.37868e+06 5.46369e+06 1.70568e+06 1.57443e+06 1.01995e+06 991871 451148 400875 359696 333804 331440 298427 265750 236707 221854 203698 199310 193432 189542 184269 173285 138732 136198 120595 115496 112110 111196 110103 107104
threshold=11.250000000000002 19.44999980926514 0.45000000298023229 24.349999427795414 6.8500001430511483 14.34999990463257 -4.2499999999999991 0 28.44999980926514 1 14.34999990463257 2 21.050000190734867 15.34999990463257 1.6500000357627871 0.45000000298023229 1.0500000119209292 3 4 8.8499999046325701 -12.849999904632567 2.5499999523162846 5 21.150000572204593 6 1.0000000180025095e-35 7 8 1.0000000180025095e-35 1.0000000180025095e-35
decision_type=8 10 8 10 2 2 2 1 8 1 2 1 2 8 2 2 2 1 1 2 2 8 1 2 1 10 1 1 10 10
left_child=2 5 6 12 7 9 18 14 23 17 11 -6 22 -7 21 -8 -9 -2 -1 -11 -20 -4 28 29 -14 -10 -15 -13 -3 -5
right_child=1 3 4 8 10 13 15 16 25 19 -12 27 24 26 -16 -17 -18 -19 20 -21 -22 -23 -24 -25 -26 -27 -28 -29 -30 -31
leaf_value=-0.6515221845858945 -0.051248388034209807 0.33699249535835774 -0.32365690891667803 0.42326242541685144 -0.29553029434217465 0.075960344662993146 -0.60877027680657447 -0.60700464158663747 0.67237549944726105 -0.41113859428361699 -0.027183227561803816 -0.029926690792374686 0.46887900129019605 0.26774849926944 -0.22032611945180114 -0.46596317674686971 -0.41232053858487999 0.098612113378082455 -1.2560297583925601 -0.10153484653625533 -0.85038714301156793 -0.54926064046051437 0.18878980125426481 0.51715950879769979 0.3526391527932809 0.36481651338419624 0.16622634641064321 -0.16569356206606836 0.11708892115743297 0.091907016714694451
leaf_weight=46759 157860 202187 159417 96561 208191 282292 230615 66201 199919 22726 149914 76060 119036 154967 209869 205920 285603 202686 12446 152227 111738 43292 151941 384366 360082 13004 365680 291932 25658 10851
leaf_count=46759 157860 202187 159417 96561 208191 282292 230615 66201 199919 22726 149914 76060 119036 154967 209869 205920 285603 202686 12446 152227 111738 43292 151941 384366 360082 13004 365680 291932 25658 10851
internal_value=-3.72325e-06 0.266454 -0.368587 0.423661 -0.265561 0.0828002 -0.621367 -0.365732 0.538968 -0.0240938 -0.160108 -0.194694 0.329056 0.15409 -0.29476 -0.541406 -0.448943 0.0329982 -0.825563 -0.141744 -0.89097 -0.371838 0.26285 0.48934 0.381536 0.653592 0.196452 -0.137634 0.312215 0.389788
internal_weight=5e+06 2.90204e+06 2.09796e+06 1.5636e+06 1.49048e+06 1.33844e+06 607478 764382 704701 535499 726097 576183 858904 802939 412578 436535 351804 360546 170943 174953 124184 202709 379786 491778 479118 212923 520647 367992 227845 107412
internal_count=5000000 2902043 2097957 1563605 1490479 1338438 607478 764382 704701 535499 726097 576183 858904 802939 412578 436535 351804 360546 170943 174953 124184 202709 379786 491778 479118 212923 520647 367992 227845 107412
cat_boundaries=0 1 2 3 4 5 6 7 8 9
cat_threshold=4092 1022 516096 6158 2016 1016 4094 8184 2040
is_linear=0
shrinkage=0.1


Tree=10
num_leaves=31
num_cat=6
split_feature=18 17 17 17 0 0 0 76 76 0 0 0 17 12 76 48 0 0 0 0 17 0 48 76 0 76 76 81 0 0
split_gain=3.9803e+07 6.78522e+06 4.42544e+06 1.31578e+06 1.25466e+06 895167 762752 413260 367500 302497 293852 288548 283296 251872 217182 200752 199776 197396 172791 169003 167167 162799 155675 140059 155851 132265 132251 123839 119469 108402
threshold=11.250000000000002 19.650000572204593 0.25000000745058065 25.050000190734867 7.8500001430511483 16.750000000000004 -4.2499999999999991 0 1 10.250000000000002 3.0499999523162846 19.150000572204593 30.150000572204593 6.2500000000000009 2 2.4500000476837163 2.6499999761581425 11.050000190734865 2.4500000476837163 26.349999427795414 -8.6500000953674299 21.849999427795414 2.8500000238418584 3 24.650000572204593 4 5 1.0000000180025095e-35 11.650000095367433 20.150000572204593
decision_type=8 10 8 10 2 2 2 1 1 2 2 2 10 8 1 8 2 2 2 2 10 2 8 1 2 1 1 10 2 2
left_child=2 5 6 11 7 8 20 10 9 15 22 26 19 -6 21 -2 -9 -10 -8 -5 -1 -7 25 -13 -25 -4 27 -3 -15 -16
right_child=1 3 4 12 13 14 18 16 17 -11 -12 23 -14 28 29 -17 -18 -19 -20 -21 -22 -23 -24 24 -26 -27 -28 -29 -30 -31
leaf_value=-0.91262827205696007 0.013344401897885622 0.27264313399480899 -0.36368651559036169 0.41693124592983316 -0.21716096821377848 0.052418545382696725 -0.5330712360854637 -0.50821806497334066 -0.295465550380209 0.11824305441941396 -0.16906012323005204 0.43624856456894057 0.64552725010943124 -0.13665524202544385 0.18851793131669364 -0.22658935194823063 -0.34957087335521486 -0.053957271282696617 -0.38794025001690768 0.53591747668266099 -0.68629390863087025 0.20057359600933544 -0.46783578389383307 0.2757684312337127 0.38405373909323171 -0.21533708504351004 0.03671919442887614 0.01758905138444327 -0.026413251792751093 0.31767624089497914
leaf_weight=44135 159854 197355 115898 278128 222337 190634 297833 111532 40295 304652 214401 133927 110224 205973 206971 44602 275288 211381 113221 209130 125209 121401 59071 311403 231889 125134 34283 21069 188049 94721
leaf_count=44135 159854 197355 115898 278128 222337 190634 297833 111532 40295 304652 214401 133927 110224 205973 206971 44602 275288 211381 113221 209130 125209 121401 59071 311403 231889 125134 34283 21069 188049 94721
internal_value=-3.28085e-06 0.239903 -0.331825 0.384959 -0.242012 0.0787112 -0.566677 -0.3172 0.00622841 0.0550949 -0.258466 0.310562 0.50075 -0.132061 0.168562 -0.0389971 -0.395303 -0.0926207 -0.493096 0.468 -0.745282 0.110057 -0.322349 0.34459 0.321981 -0.286694 0.219374 0.248029 -0.0840417 0.229062
internal_weight=5e+06 2.90192e+06 2.09808e+06 1.52741e+06 1.51768e+06 1.37451e+06 580398 901324 760784 509108 514504 929926 597482 616359 613727 204456 386820 251676 411054 487258 169344 312035 300103 677219 543292 241032 252707 218424 394022 301692
internal_count=5000000 2901919 2098081 1527408 1517683 1374511 580398 901324 760784 509108 514504 929926 597482 616359 613727 204456 386820 251676 411054 487258 169344 312035 300103 677219 543292 241032 252707 218424 394022 301692
cat_boundaries=0 1 2 3 4 5 6
cat_threshold=4094 4095 1040384 2032 3102 1022
is_linear=0
shrinkage=0.1


Tree=11
num_leaves=31
num_cat=10
split_feature=18 17 17 16 0 0 17 0 0 76 76 75 76 0 76 0 0 0 76 0 76 0 24 75 18 76 0 0 0 76
split_gain=3.23373e+07 5.61175e+06 3.54914e+06 1.56715e+06 750937 732872 473649 455484 339744 335367 282445 226636 202433 181834 174207 171435 166924 162237 142091 135473 124999 123357 122212 120157 115306 103828 105643 96757.2 96288.9 90364.2
threshold=14.050000190734865 5.4500000476837167 22.750000000000004 -1.9499999880790708 18.550000190734867 10.250000000000002 27.550000190734867 3.6499999761581425 -5.2499999999999991 0 1 2 3 4.8500001430511483 4 13.550000190734865 26.44999980926514 18.150000572204593 5 23.349999427795414 6 -0.84999999403953541 1.0000000180025095e-35 7 32.549999237060554 8 -12.849999904632567 10.250000000000002 15.84999990463257 9
decision_type=10 8 8 8 2 2 8 2 2 1 1 1 1 2 1 2 2 2 1 2 1 2 2 1 8 1 2 2 2 1
left_child=1 3 4 8 9 10 16 20 25 11 23 -2 19 -12 17 -11 -4 -7 27 -6 -5 -22 24 -3 -8 -1 -27 -9 -16 -10
right_child=2 5 6 7 12 14 22 18 29 15 13 -13 -14 -15 28 -17 -18 -19 -20 -21 21 -23 -24 -25 -26 26 -28 -29 -30 -31
leaf_value=-0.57270193156866567 0.21691181224268397 -0.16755665344924708 0.32744036725176751 -0.30326466125569074 0.12872471682462855 -0.098400743554659276 0.50637215469565844 -0.34681888510914605 -0.60502632468870365 -0.190432928908356 -0.34746316157103452 0.076662031083666121 0.28259963567956392 -0.19074278393895955 0.019132817066385501 0.032281972996771303 0.43535842454531637 0.060939970102884877 -0.18666696476074715 0.24643919766262634 -0.5120649381809792 -0.38762795424193375 0.2611387146335819 -0.033220872361335432 0.71701088953925984 -1.0571452437807669 -0.73488051513882335 -0.20508804106417022 0.20543385189055452 -0.46886808237598387
leaf_weight=34260 206888 126064 475868 111364 224874 303471 245565 165806 71193 40912 98445 260113 371159 298548 190064 222681 205104 80943 176283 172968 112101 275321 18208 141141 29064 11846 71990 67890 32484 157382
leaf_count=34260 206888 126064 475868 111364 224874 303471 245565 165806 71193 40912 98445 260113 371159 298548 190064 222681 205104 80943 176283 172968 112101 275321 18208 141141 29064 11846 71990 67890 32484 157382
internal_value=-2.97445e-06 -0.251624 0.257029 -0.401587 0.160499 -0.103516 0.405679 -0.33258 -0.582481 0.087898 -0.1761 0.138798 0.229473 -0.2296 -0.0240861 -0.00228529 0.359945 -0.0648479 -0.254491 0.179898 -0.396765 -0.423623 0.51203 -0.0966027 0.528664 -0.720206 -0.780323 -0.305632 0.046324 -0.511324
internal_weight=5e+06 2.5266e+06 2.4734e+06 1.25544e+06 1.4996e+06 1.27116e+06 973809 908765 346671 730594 664198 467001 769001 396993 606962 263593 680972 384414 409979 397842 498786 387422 292837 267205 274629 118096 83836 233696 222548 228575
internal_count=5000000 2526596 2473404 1255436 1499595 1271160 973809 908765 346671 730594 664198 467001 769001 396993 606962 263593 680972 384414 409979 397842 498786 387422 292837 267205 274629 118096 83836 233696 222548 228575
cat_boundaries=0 1 2 3 4 5 6 7 8 9 10
cat_threshold=2046 1008 992 2088960 4190208 1044480 992 4102 4064 253952
is_linear=0
shrinkage=0.1


Tree=12
num_leaves=31
num_cat=10
split_feature=17 17 0 17 0 17 0 76 18 76 76 0 76 0 76 0 84 10 75 0 0 48 11 76 84 76 76 0 76 18
split_gain=2.63106e+07 4.75042e+06 2.81548e+06 990014 670603 649166 572070 420130 255439 253566 224880 207029 197723 217556 181835 177863 140912 134125 124314 123667 116472 115333 111187 103786 101915 93414.8 87321.3 85573.4 86201.3 85106.4
threshold=10.84999990463257 19.150000572204593 1.4499999880790713 24.050000190734867 9.0500001907348651 -1.9499999880790708 13.550000190734865 0 27.94999980926514 1 2 -6.6499998569488517 3 19.44999980926514 4 19.750000000000004 1.0000000180025095e-35 0.65000000596046459 5 7.0499999523162851 15.34999990463257 1.8499999642372134 14.250000000000002 6 1.0000000180025095e-35 7 8 21.550000190734867 9 32.250000000000007
decision_type=8 10 2 10 2 10 2 1 8 1 1 2 1 2 1 2 10 8 1 2 2 8 8 1 10 1 1 2 1 8
left_child=2 6 5 15 7 11 9 17 27 16 21 -1 -8 22 20 23 18 -4 -2 -11 -6 -7 -14 -3 29 -17 -13 -5 -29 -10
right_child=1 3 4 8 14 10 12 -9 24 19 -12 26 13 -15 -16 25 -18 -19 -20 -21 -22 -23 -24 -25 -26 -27 -28 28 -30 -31
leaf_value=-0.67869706076092617 -0.091107079937277943 0.22964136920826519 -0.40832285376525129 0.27606578622643291 -0.21682999516855245 -0.21008392080565921 0.18952413590409642 -0.16402164975535283 0.46270336829119735 -0.32977730020588403 -0.41750522844169158 -0.58440038418553863 -0.060057111009149788 0.14481135033495904 -0.044827077618492472 0.35534836000248349 -0.19942960052657593 -0.27891322470385194 0.085060325110614954 -0.087927462556009695 -0.053405874911650067 -0.38183950820694129 0.060255864958741426 0.11340120253711655 0.23186079943022009 0.24760370058167741 -0.44888692597730567 0.4389952309672584 0.33729682515491749 0.630656342777971
leaf_weight=86706 49598 154313 102593 124317 146061 114714 196550 364107 203551 23721 243768 72698 106357 264142 282124 97739 24583 365134 208067 194519 62174 59309 276512 153093 16670 459103 139672 126643 246041 35421
leaf_count=86706 49598 154313 102593 124317 146061 114714 196550 364107 203551 23721 243768 72698 106357 264142 282124 97739 24583 365134 208067 194519 62174 59309 276512 153093 16670 459103 139672 126643 246041 35421
internal_value=-3.02909e-06 0.190359 -0.27643 0.305842 -0.189906 -0.436014 0.0514328 -0.244586 0.389692 -0.0332662 -0.3555 -0.548486 0.101685 0.0749972 -0.0971494 0.23282 0.0293238 -0.307292 0.0511496 -0.114209 -0.168027 -0.268605 0.0268342 0.171763 0.470922 0.266526 -0.495324 0.347911 0.371876 0.487598
internal_weight=5e+06 2.96094e+06 2.03906e+06 1.61689e+06 1.32219e+06 716867 1.34405e+06 831834 752643 500488 417791 299076 843561 647011 490359 864248 282248 467727 257665 218240 208235 174023 382869 307406 255642 556842 212370 497001 372684 238972
internal_count=5000000 2960940 2039060 1616891 1322193 716867 1344049 831834 752643 500488 417791 299076 843561 647011 490359 864248 282248 467727 257665 218240 208235 174023 382869 307406 255642 556842 212370 497001 372684 238972
cat_boundaries=0 1 2 3 4 5 6 7 8 9 10
cat_threshold=16773120 1016 1008 4092 253952 4102 496 2040 520192 4088
is_linear=0
shrinkage=0.1


Tree=13
num_leaves=31
num_cat=10
split_feature=17 16 0 16 16 0 0 76 0 76 76 0 76 0 0 0 76 0 76 24 76 50 76 90 76 0 76 48 9 11
split_gain=2.13127e+07 3.98388e+06 2.23939e+06 728671 701293 620660 358895 299794 242371 240923 213929 202797 164374 163601 160052 143334 140817 139302 131391 125606 120904 100775 100463 99113.6 97862.2 94762.5 93277.4 93191.6 92624.6 92202.1
threshold=10.650000095367433 19.650000572204593 3.2500000000000004 25.650000572204593 -1.6500000357627866 15.949999809265138 10.250000000000002 0 22.250000000000004 1 2 -4.7499999999999991 3 9.4499998092651385 24.550000190734867 9.0500001907348651 4 20.44999980926514 5 1.0000000180025095e-35 6 2.5499999523162846 7 1.0000000180025095e-35 8 -1.8499999642372129 9 2.7500000000000004 2.2500000000000004 15.250000000000002
decision_type=8 10 2 10 8 2 2 1 2 1 1 2 1 2 2 2 1 2 1 2 1 8 1 10 1 2 1 8 8 8
left_child=2 5 4 8 11 9 7 28 18 15 21 26 -7 -11 23 19 -16 29 -3 27 -8 -6 -10 -5 -9 -12 -1 -2 -4 -14
right_child=1 3 6 14 10 12 20 24 22 13 25 -13 17 -15 16 -17 -18 -19 -20 -21 -22 -23 -24 -25 -26 -27 -28 -29 -30 -31
leaf_value=-0.48172173202815449 0.042519308650750653 0.24527373317028522 -0.36034393207673654 0.33422676257743311 -0.19648885815246597 0.20263228569573777 -0.13647620502531879 -0.053796547630141349 0.25240331453108522 -0.18277796251935818 -0.48670432263743213 -0.41828283663209442 -0.030622835297563857 -0.029424708697999753 0.48594453870097293 0.12062602093307349 0.34970051464896246 0.14728296836832114 0.1428299604131347 -0.37410776349060126 -0.021480452122097933 -0.34298036529144399 0.34914211641867698 0.10342082400017126 -0.16846532967326777 -0.33207485914049489 -0.65024436582688949 -0.18928287264188381 -0.23722646045411683 0.086119021734365808
leaf_weight=58773 116511 213305 87974 184186 194563 174190 169376 95587 341664 86416 46136 203029 104569 356781 169931 161894 137659 241081 303450 9179 198682 61900 156884 20696 336694 281157 75636 20377 200084 191636
leaf_count=58773 116511 213305 87974 184186 194563 174190 169376 95587 341664 86416 46136 203029 104569 356781 169931 161894 137659 241081 303450 9179 198682 61900 156884 20696 336694 281157 75636 20377 200084 191636
internal_value=-2.67713e-06 0.169245 -0.251855 0.28218 -0.366599 0.0512811 -0.154739 -0.195785 0.233114 -0.0121166 -0.300262 -0.481359 0.118215 -0.0593247 0.379387 0.0558223 0.424997 0.0908409 0.185124 -0.0159994 -0.0744044 -0.231837 0.282857 0.310912 -0.143111 -0.353861 -0.576639 0.00801349 -0.274817 0.0449057
internal_weight=5e+06 2.99041e+06 2.00959e+06 1.52778e+06 921194 1.46263e+06 1.0884e+06 720339 1.0153e+06 751158 583756 337438 711476 443197 512472 307961 307590 537286 516755 146067 368058 256463 498548 204882 432281 327293 134409 136888 288058 296205
internal_count=5000000 2990409 2009591 1527775 921194 1462634 1088397 720339 1015303 751158 583756 337438 711476 443197 512472 307961 307590 537286 516755 146067 368058 256463 498548 204882 432281 327293 134409 136888 288058 296205
cat_boundaries=0 1 2 3 4 5 6 7 8 9 10
cat_threshold=2088960 1008 1016 4095 8184 496 253952 16769025 1008 4092
is_linear=0
shrinkage=0.1


Tree=14
num_leaves=31
num_cat=11
split_feature=16 0 16 16 17 0 0 76 76 16 76 76 0 76 24 76 87 87 76 0 75 0 49 0 75 76 0 0 76 0
split_gain=1.73162e+07 3.04196e+06 1.9767e+06 841299 492781 456428 330292 305787 216520 213615 185903 168088 149150 137751 135898 131542 128845 126464 126240 121298 107690 105157 101670 100202 98767.8 93822.7 87815.4 84774.2 72546.8 72413
threshold=13.949999809265138 5.2500000000000009 22.150000572204593 -1.2499999999999998 7.8500001430511483 17.550000190734867 25.050000190734867 0 1 -8.6500000953674299 2 3 12.449999809265138 4 1.0000000180025095e-35 5 1.0000000180025095e-35 1.0000000180025095e-35 6 0.25000000745058065 7 22.550000190734867 2.4500000476837163 -2.7499999999999996 8 9 12.449999809265138 12.250000000000002 10 28.550000190734867
decision_type=10 2 10 10 8 2 2 1 1 10 1 1 2 1 2 1 10 10 1 2 1 2 8 2 1 1 2 2 1 2
left_child=1 3 5 9 13 10 11 14 -8 -1 16 17 18 27 22 21 24 20 -6 -9 -4 -7 -5 -11 -2 -14 -12 -3 -21 -10
right_child=2 4 6 7 12 15 8 19 29 23 26 -13 25 -15 -16 -17 -18 -19 -20 28 -22 -23 -24 -25 -26 -27 -28 -29 -30 -31
leaf_value=-0.59140903512523946 0.037125515691811099 -0.23384855293803208 0.35987834920118428 -0.08558589962314625 -0.0025190287840280304 0.096614166328032075 0.43706222001720241 -0.35398185870343446 0.25393896041161851 -0.44744501156151295 -0.084597810726529207 0.19004716564770718 0.16671077929842007 -0.10050145673609037 -0.39115216139656761 0.22486846365555149 -0.095931590410925999 0.10260836115460277 -0.12060409819503454 -0.194434780075499 0.21150906546045867 0.18481146302344253 -0.24430911266123384 -0.33642625932969539 0.1734808921750739 -0.00090661255379275915 0.027911123863798418 -0.11010565301618563 -0.28359177820702097 0.35289286244347795
leaf_weight=62167 77445 208500 180928 165237 151117 318520 180724 166982 164783 154796 94271 321658 36875 262824 20918 224126 27929 30083 225837 140088 67212 234864 53398 171227 169266 352851 262680 75379 263153 134162
leaf_count=62167 77445 208500 180928 165237 151117 318520 180724 166982 164783 154796 94271 321658 36875 262824 20918 224126 27929 30083 225837 140088 67212 234864 53398 171227 169266 352851 262680 75379 263153 134162
internal_value=-2.30601e-06 -0.185257 0.186942 -0.300495 -0.0801456 0.108934 0.288763 -0.242473 0.35062 -0.421531 0.0457876 0.239302 -0.0284207 -0.152683 -0.147643 0.16023 0.107637 0.296228 -0.0732683 -0.282305 0.319714 0.134044 -0.124351 -0.389138 0.130686 0.0149572 -0.00180251 -0.200984 -0.25263 0.298338
internal_weight=5e+06 2.51135e+06 2.48865e+06 1.19797e+06 1.31338e+06 1.4091e+06 1.07955e+06 809776 479669 388190 631591 599881 766680 546703 239553 777510 274640 278223 376954 570223 248140 553384 218635 326023 246711 389726 356951 283879 403241 298945
internal_count=5000000 2511349 2488651 1197966 1313383 1409101 1079550 809776 479669 388190 631591 599881 766680 546703 239553 777510 274640 278223 376954 570223 248140 553384 218635 326023 246711 389726 356951 283879 403241 298945
cat_boundaries=0 1 2 3 4 5 6 7 8 9 10 11
cat_threshold=992 4092 1008 496 1040384 16773120 2040 960 6158 2044 1054
is_linear=0
shrinkage=0.1


Tree=15
num_leaves=31
num_cat=12
split_feature=16 16 16 0 0 0 0 76 76 16 76 0 0 76 76 84 76 24 0 76 0 75 87 76 76 0 0 75 11 76
split_gain=1.40303e+07 2.60613e+06 1.52226e+06 743095 436013 393523 242937 195186 189784 180044 156131 143156 134876 121548 112049 106949 106083 105475 103903 100387 97177.9 97079.6 93972.7 91549.7 88089.5 86123 85097 82116.5 76568.6 74081.1
threshold=14.250000000000002 5.2500000000000009 22.750000000000004 -0.84999999403953541 11.650000095367433 17.750000000000004 23.750000000000004 0 1 -7.4500000476837149 2 5.6499998569488534 6.4500000476837167 3 4 1.0000000180025095e-35 5 1.0000000180025095e-35 23.849999427795414 6 28.150000572204593 7 1.0000000180025095e-35 8 9 12.250000000000002 19.250000000000004 10 17.94999980926514 11
decision_type=10 8 8 2 2 2 2 1 1 10 1 2 2 1 1 10 1 2 2 1 2 1 10 1 1 2 2 1 8 1
left_child=1 3 5 9 8 10 14 -8 22 -1 17 19 27 -7 15 -4 26 21 28 -5 -9 -2 -3 -11 -13 -12 -6 -10 -15 -29
right_child=2 4 6 11 16 13 7 20 12 23 25 24 -14 18 -16 -17 -18 -19 -20 -21 -22 -23 -24 -25 -26 -27 -28 29 -30 -31
leaf_value=-0.51802544441367082 0.21622685069158423 -0.018196595741399341 0.27012734556416446 -0.30827185761047049 -0.071019176005589948 0.23737282064355367 0.39298873610889135 0.22479732571023839 -0.24156397529399642 -0.28292132566679451 -0.078943837344208956 -0.21697113027801432 -0.10599445577100029 0.051531323654671515 0.13798934750385389 0.060641379327810399 0.050202129966471831 -0.085327665016937448 0.19557072178367196 -0.21451182829087326 0.32694501152571109 0.080612043152416324 -0.23656102662430656 -0.38958856709954665 -0.10755763024019066 0.033775206140042167 0.054805844626632252 0.0041363979946306582 0.13700519422044793 -0.23284873696791766
leaf_weight=75300 84071 213691 232659 169513 210913 140385 190768 215501 165109 134428 87657 136521 340257 152408 143276 27222 252527 25017 202133 351151 164020 141942 21710 201719 159788 298978 72133 30285 335554 23364
leaf_count=75300 84071 213691 232659 169513 210913 140385 190768 215501 165109 134428 87657 136521 340257 152408 143276 27222 252527 25017 202133 351151 164020 141942 21710 201719 159788 298978 72133 30285 335554 23364
internal_value=-1.85582e-06 -0.163646 0.171472 -0.268664 -0.0666481 0.107177 0.268442 0.310445 -0.11366 -0.37826 0.0480927 -0.213469 -0.145377 0.152543 0.209026 0.248175 0.00308518 0.1095 0.13528 -0.245047 0.268936 0.13107 -0.0383338 -0.346951 -0.15798 0.00821959 -0.0389519 -0.20664 0.110309 -0.0990942
internal_weight=5e+06 2.55841e+06 2.44159e+06 1.22842e+06 1.32999e+06 1.46814e+06 973446 570289 794416 411447 637665 816973 559015 830480 403157 259881 535573 251030 690095 520664 379521 226013 235401 336147 296309 386635 283046 218758 487962 53649
internal_count=5000000 2558409 2441591 1228420 1329989 1468145 973446 570289 794416 411447 637665 816973 559015 830480 403157 259881 535573 251030 690095 520664 379521 226013 235401 336147 296309 386635 283046 218758 487962 53649
cat_boundaries=0 1 2 3 4 5 6 7 8 9 10 11 12
cat_threshold=2040 992 496 2040 504 1040384 1040384 992 1012 253952 6158 30
is_linear=0
shrinkage=0.1


Tree=16
num_leaves=31
num_cat=8
split_feature=0 16 15 0 76 16 16 75 76 0 0 76 81 0 76 0 76 48 76 0 17 76 0 48 90 24 0 24 78 24
split_gain=1.14126e+07 1.85088e+06 1.64515e+06 614133 302483 296746 295474 230919 155483 150671 137477 136157 124309 113720 106771 104173 102100 96350.8 93592.1 92397.4 86677.7 75823.4 72474.3 63623.9 60203.4 58798.9 57168.8 57118.1 56176.6 53987.1
threshold=12.84999990463257 6.0499999523162851 20.849999427795414 -2.4500000476837154 0 15.84999990463257 26.750000000000004 1 2 4.0499999523162851 6.4500000476837167 3 1.0000000180025095e-35 26.750000000000004 4 -10.15000009536743 5 2.9500000476837163 6 19.650000572204593 32.350000381469734 7 6.0499999523162851 1.8499999642372134 1.0000000180025095e-35 1.0000000180025095e-35 17.94999980926514 1.0000000180025095e-35 1.0000000180025095e-35 1.0000000180025095e-35
decision_type=2 10 8 2 1 8 8 1 1 2 2 1 10 2 1 2 1 8 1 2 8 1 2 8 10 2 2 2 10 2
left_child=1 3 5 8 7 11 13 17 -1 18 -6 19 23 16 27 -10 28 22 -5 25 24 -7 29 -9 -8 -2 -13 -11 -4 -3
right_child=2 4 6 9 10 21 20 12 15 14 -12 26 -14 -15 -16 -17 -18 -19 -20 -21 -22 -23 -24 -25 -26 -27 -28 -29 -30 -31
leaf_value=-0.29427142753903746 -0.069881271782900919 -0.064888929206343912 0.26005950442550185 -0.27929739940513082 -0.20875959184735737 0.15424773736416469 0.29474757880840791 0.13360253780471978 -0.67833746265225703 -0.23016233010299031 -0.087735167432258787 0.044894950056699107 -0.19766667729970494 0.2618040485003294 -0.11441025793592946 -0.41074028626132408 0.15162279511875087 -0.17849039608891396 -0.19825286652753776 0.057169007762882584 0.44723013570419146 0.086689826264339118 0.032740396326330391 0.0071848540280253677 0.13469395608650339 0.11423039898060834 0.15314786163715124 -0.0018052869251347836 0.1009267491149255 -0.33879222369771755
leaf_weight=144167 236383 143136 159987 275818 120820 253917 315292 134621 16331 173145 420647 236627 15565 187980 238340 133218 521760 58279 295496 99681 35397 480925 95347 56528 25394 18720 61454 11693 25755 7577
leaf_count=144167 236383 143136 159987 275818 120820 253917 315292 134621 16331 173145 420647 236627 15565 187980 238340 133218 521760 58279 295496 99681 35397 480925 95347 56528 25394 18720 61454 11693 25755 7577
internal_value=-1.8452e-06 -0.161034 0.141741 -0.241412 -0.0626574 0.0664499 0.223909 -0.00747529 -0.368462 -0.203888 -0.114738 0.0173898 0.0740851 0.192669 -0.158662 -0.439933 0.1743 -0.0628736 -0.237388 -0.0244697 0.298292 0.110037 -0.0354924 0.0962174 0.282818 -0.0563708 0.0672107 -0.215705 0.237981 -0.0786592
internal_weight=5e+06 2.34073e+06 2.65927e+06 1.28821e+06 1.05252e+06 1.38771e+06 1.27156e+06 511053 293716 994492 541467 652865 206714 895482 423178 149549 707502 304339 571314 354784 376083 734842 246060 191149 340686 255103 298081 184838 185742 150713
internal_count=5000000 2340728 2659272 1288208 1052520 1387707 1271565 511053 293716 994492 541467 652865 206714 895482 423178 149549 707502 304339 571314 354784 376083 734842 246060 191149 340686 255103 298081 184838 185742 150713
cat_boundaries=0 1 2 3 4 5 6 7 8
cat_threshold=1016 6158 4092 1040384 516096 992 8384512 8160
is_linear=0
shrinkage=0.1


Tree=17
num_leaves=31
num_cat=13
split_feature=0 0 15 76 0 76 76 0 75 90 0 84 48 0 76 0 0 48 76 12 75 76 76 0 76 76 76 24 76 51
split_gain=9.26338e+06 1.55441e+06 1.29658e+06 597817 411716 399794 287778 205959 166517 151641 142522 133159 122610 121811 112432 116784 111360 105306 98790.8 94472.5 92241.9 78296.5 70987.9 70153 70070.8 65453.5 64564.7 62044.1 67009.2 49817.1
threshold=11.84999990463257 20.849999427795414 4.4500000476837167 0 -2.7499999999999996 1 2 27.050000190734867 3 1.0000000180025095e-35 16.44999980926514 1.0000000180025095e-35 1.8499999642372134 6.0499999523162851 4 -10.15000009536743 26.94999980926514 2.2500000000000004 5 -3.1499999761581416 6 7 8 1.0500000119209292 9 10 11 1.0000000180025095e-35 12 1.8499999642372134
decision_type=2 2 10 1 2 1 1 2 1 10 2 10 8 2 1 2 2 10 1 10 1 1 1 2 1 1 1 2 1 10
left_child=2 3 4 11 14 16 9 18 21 12 27 17 20 -10 -1 -16 26 22 -7 -6 -4 -8 -2 -21 -12 -25 -3 28 -5 -15
right_child=1 5 6 10 19 7 8 -9 13 -11 24 -13 -14 29 15 -17 -18 -19 -20 23 -22 -23 -24 25 -26 -27 -28 -29 -30 -31
leaf_value=-0.23143900882929144 0.21225343743537858 0.29204820329707104 -0.032483367781475446 -0.11726947935632639 -0.29068354914851663 0.083127072248523864 0.08574023577489516 0.23512070457517931 -0.18409456174662733 -0.2217901641269292 -0.009791270657720787 0.0027879439022393524 -0.069564402488442825 -0.061380132208952512 -0.57398800032284414 -0.34864724084928467 0.3653320172874765 0.073852082236371575 0.1648298636809194 -0.22802970726538332 0.10880681688064264 -0.093702230551768351 0.12650684636450682 -0.19357268368990777 0.069549230945132018 -0.1178601496097591 0.20875713441015387 0.065762648765538959 -0.02792699713760621 -0.13098622620061526
leaf_weight=70040 200055 173910 69061 127729 95014 281678 56395 244523 259704 28932 194003 77622 107115 203088 26603 169758 101827 157486 312017 244086 139611 42732 186889 273465 261153 196288 201004 44995 244954 208263
leaf_count=70040 200055 173910 69061 127729 95014 281678 56395 244523 259704 28932 194003 77622 107115 203088 26603 169758 101827 157486 312017 244086 139611 42732 186889 273465 261153 196288 201004 44995 244954 208263
internal_value=-1.75942e-06 0.120168 -0.154173 0.0504103 -0.232521 0.199471 -0.0786117 0.15788 -0.112601 -0.00266924 -0.00297642 0.125318 0.0174062 -0.130472 -0.340343 -0.379157 0.272588 0.14279 0.12607 -0.197008 0.0620498 0.00838393 0.170848 -0.18454 0.0357329 -0.161943 0.247406 -0.0451592 -0.0585511 -0.096621
internal_weight=5e+06 2.80984e+06 2.19016e+06 1.49489e+06 1.07525e+06 1.31496e+06 1.1149e+06 838218 770182 344719 872834 622052 315787 671055 266401 196361 476741 544430 593695 808853 208672 99127 386944 713839 455156 469753 374914 417678 372683 411351
internal_count=5000000 2809845 2190155 1494886 1075254 1314959 1114901 838218 770182 344719 872834 622052 315787 671055 266401 196361 476741 544430 593695 808853 208672 99127 386944 713839 455156 469753 374914 417678 372683 411351
cat_boundaries=0 1 2 3 4 5 6 7 8 9 10 11 12 13
cat_threshold=2046 4092 992 992 992 516096 4102 4127 496 516096 2093056 496 253952
is_linear=0
shrinkage=0.1


Tree=18
num_leaves=31
num_cat=13
split_feature=0 16 15 0 52 15 0 76 73 76 0 76 78 76 75 76 0 76 75 81 76 0 76 0 75 0 9 76 0 76
split_gain=7.55233e+06 1.40776e+06 926784 452392 246026 207279 161272 157255 148015 143382 108354 105356 99490.8 93071.8 91809.8 90627.9 84817.6 81687.1 78109.1 73953.1 69366 60592.8 60400.8 55414.3 55326.1 54993.4 54760.3 49408.8 46967.4 47806.5
threshold=13.949999809265138 6.4500000476837167 22.050000190734867 1.0000000180025095e-35 2.1499999761581425 16.550000190734867 22.94999980926514 0 141.81670379638675 1 7.6499998569488534 2 1.0000000180025095e-35 3 4 5 6.4500000476837167 6 7 1.0000000180025095e-35 8 19.44999980926514 9 7.0499999523162851 10 21.150000572204593 -1.0000000180025095e-35 11 28.550000190734867 12
decision_type=2 10 8 2 8 10 2 1 2 1 2 1 10 1 1 1 2 1 1 10 1 2 1 2 1 2 10 1 2 1
left_child=1 3 5 8 7 11 17 12 -1 28 -6 25 18 26 23 24 -15 19 -3 -4 -16 22 -7 -9 -10 -2 -5 -23 29 -8
right_child=2 4 6 13 10 21 9 14 15 -11 -12 -13 -14 16 20 -17 -18 -19 -20 -21 -22 27 -24 -25 -26 -27 -28 -29 -30 -31
leaf_value=-0.22353413725262397 -0.037157576735015532 -0.022154779822614774 0.20150918664259743 -0.27756546294544288 -0.17460484029952106 0.11938003456603599 0.17187306540896799 -0.13639365292418687 -0.31255494760921237 0.17958242153612469 -0.066608005648510465 0.068823929088229041 -0.15527823278207353 -0.15195771159342444 0.07653963557909621 -0.40055819756866468 -0.072930378887491418 0.087553486406272446 0.10418481434837956 0.021148718184970876 -0.05209116348677674 0.1010330077446726 0.032990146086166218 -0.04444942917087779 -0.14340440147093722 0.058826041918006812 -0.16753553968221904 0.16700804777377731 0.34288983570484804 0.27550637326796901
leaf_weight=315927 235607 66325 201190 70366 138630 146381 58170 100066 67514 352111 281640 316361 21035 454024 90034 100386 193772 158628 186645 25630 78439 282188 181050 190038 27182 79947 126632 190098 72350 191634
leaf_count=315927 235607 66325 201190 70366 138630 146381 58170 100066 67514 352111 281640 316361 21035 454024 90034 100386 193772 158628 186645 25630 78439 282188 181050 190038 27182 79947 126632 190098 72350 191634
internal_value=-1.47789e-06 -0.122478 0.123326 -0.191555 -0.0412406 0.070851 0.194217 -0.00625092 -0.265826 0.223713 -0.102232 0.0280453 0.0536858 -0.146628 -0.042064 -0.334315 -0.128317 0.142621 0.0710637 0.181121 0.0166511 0.104675 0.0716162 -0.0761613 -0.264021 -0.0128393 -0.206827 0.127594 0.271932 0.251392
internal_weight=5e+06 2.50866e+06 2.49134e+06 1.3558e+06 1.15285e+06 1.43163e+06 1.05971e+06 732582 511009 674265 420270 631915 274005 844794 458577 195082 647796 385448 252970 226820 168473 799717 327431 290104 94696 315554 196998 472286 322154 249804
internal_count=5000000 2508655 2491345 1355803 1152852 1431632 1059713 732582 511009 674265 420270 631915 274005 844794 458577 195082 647796 385448 252970 226820 168473 799717 327431 290104 94696 315554 196998 472286 322154 249804
cat_boundaries=0 1 2 3 4 5 6 7 8 9 10 11 12 13
cat_threshold=992 8188 516096 245760 7182 4094 504 4102 30 1020 4102 4186112 7168
is_linear=0
shrinkage=0.1


Tree=19
num_leaves=31
num_cat=12
split_feature=0 16 15 0 51 15 76 0 0 76 24 75 76 0 76 76 76 81 24 0 76 75 9 9 0 76 76 75 72 55
split_gain=6.12644e+06 1.24766e+06 671950 384009 214112 163325 143194 139330 117906 107875 105209 109973 96634.6 96579.2 88227.8 83610.5 75940.4 70086.1 68891.7 63948.7 59449.2 57425.5 51236.8 50320.8 49604 62240.9 49352.1 48184.9 46460.3 44904.1
threshold=14.650000095367433 6.6499998569488534 22.650000572204593 0.25000000745058065 2.0499999523162846 16.94999980926514 0 -7.5499999523162833 26.150000572204593 1 1.0000000180025095e-35 2 3 7.0499999523162851 4 5 6 1.0000000180025095e-35 1.0000000180025095e-35 4.6499998569488534 7 8 -1.4499999880790708 -10.349999904632567 21.849999427795414 9 10 11 37.921701431274421 1.9499999880790713
decision_type=2 10 8 2 8 10 1 2 2 1 2 1 1 2 1 1 1 10 2 2 1 1 8 10 2 1 1 1 2 8
left_child=1 3 5 7 6 14 10 20 12 23 11 -3 17 -6 -2 18 -10 21 22 -17 -1 -4 -5 -9 25 -7 -15 28 -13 -11
right_child=2 4 8 15 13 24 -8 9 16 29 -12 27 -14 26 -16 19 -18 -19 -20 -21 -22 -23 -24 -25 -26 -27 -28 -29 -30 -31
leaf_value=-0.21649685411580866 -0.011489607356639533 -0.041906601319399717 0.24446983955788992 -0.26616656358533947 -0.16458836776126493 0.1327375736682222 -0.049159682002422184 -0.47273071114297061 0.31083134698035286 -0.14816866222279113 -0.13091724865960883 0.087024872320980537 0.11439725157535637 -0.099543658030276996 0.065799134110965704 -0.13399678735111897 0.20122558685013081 0.05773171365547454 -0.018115220726769809 -0.061913276039412157 -0.40921813637047055 0.14612512937359068 -0.16109775163081566 -0.27022265407191909 0.13168404360765643 0.0567979616857252 -0.023792710912516311 0.14631655605107649 -0.012889691890823542 -0.22342544968789246
leaf_weight=21999 255187 94371 177452 55918 116473 160138 331158 13679 82858 167815 33936 156152 303270 161845 350635 282847 268036 33330 28975 217873 59610 89428 273029 119169 329876 331212 183576 83560 66300 150293
leaf_count=21999 255187 94371 177452 55918 116473 160138 331158 13679 82858 167815 33936 156152 303270 161845 350635 282847 268036 33330 28975 217873 59610 89428 273029 119169 329876 331212 183576 83560 66300 150293
internal_value=-1.23941e-06 -0.105562 0.116072 -0.170397 -0.0320732 0.0726323 0.000371125 -0.237108 0.181027 -0.215349 0.0381375 0.0524673 0.154225 -0.0858417 0.0332441 -0.129021 0.227122 0.194449 -0.165933 -0.10263 -0.357344 0.21153 -0.178958 -0.291052 0.101689 0.0815516 -0.0592889 0.0815699 0.0572436 -0.183719
internal_weight=5e+06 2.61858e+06 2.38142e+06 1.39121e+06 1.22737e+06 1.42705e+06 765477 532565 954374 450956 434319 400383 603480 461894 605822 858642 350894 300210 357922 500720 81609 266880 328947 132848 821226 491350 345421 306012 222452 318108
internal_count=5000000 2618578 2381422 1391207 1227371 1427048 765477 532565 954374 450956 434319 400383 603480 461894 605822 858642 350894 300210 357922 500720 81609 266880 328947 132848 821226 491350 345421 306012 222452 318108
cat_boundaries=0 1 2 3 4 5 6 7 8 9 10 11 12
cat_threshold=2040 2093056 4102 504 507904 1040384 2016 1984 896 1016 8381440 3096
is_linear=0
shrinkage=0.1


Tree=20
num_leaves=31
num_cat=12
split_feature=0 0 0 76 76 76 0 0 48 76 24 90 24 0 25 76 76 76 48 0 76 75 76 81 75 48 0 76 72 0
split_gain=5.0231e+06 920264 647487 366862 343155 258794 183170 148966 133577 132860 95411.7 87977.9 82851.5 77028.2 74158.8 72179.7 69340.7 67748.5 67456.5 67171.6 63205.4 62352.1 61375 61274 53915.5 47426.9 46616.2 42291.3 40982.2 39434.5
threshold=11.449999809265138 20.150000572204593 2.0499999523162846 0 1 2 -4.7499999999999991 27.550000190734867 2.1499999761581425 3 1.0000000180025095e-35 1.0000000180025095e-35 1.0000000180025095e-35 25.849999427795414 1.0000000180025095e-35 4 5 6 2.5499999523162846 -12.849999904632567 7 8 9 1.0000000180025095e-35 10 1.9499999880790713 8.0500001907348651 11 37.249149322509773 17.250000000000004
decision_type=2 2 2 1 1 1 2 2 10 1 2 10 2 2 10 1 1 1 10 2 1 1 1 10 1 8 2 1 2 2
left_child=2 4 6 8 11 13 17 22 23 14 16 18 15 25 21 -5 -6 -1 20 -19 -2 27 -7 24 -4 -3 -17 28 -8 -18
right_child=1 5 3 12 10 7 9 -9 -10 -11 -12 -13 -14 -15 -16 26 29 19 -20 -21 -22 -23 -24 -25 -26 -27 -28 -29 -30 -31
leaf_value=-0.1796726574502448 0.15045179228659922 0.1977657221223931 0.015283188211437102 -0.16773107899544937 -0.076433489758081424 0.11574299388898149 -0.0059081414174993532 0.18202218127173947 -0.077447560495494505 -0.20097079966481546 0.08442018258436873 -0.015530584791589839 -0.015513132976750207 0.25486605031756987 -0.27281612116547466 -0.12656458253433822 -0.028622813249701132 -0.53585042157960106 0.035707516556459665 -0.29346606043526541 0.074068041898221137 -0.0089458770178876632 0.054774249042997929 -0.11374543072337902 0.10663126694426631 0.12731187980305378 -0.06122412569532111 -0.16972714346782181 -0.14357301899165809 0.03115073440184345
leaf_weight=49151 237611 266490 219451 261734 207062 328729 44751 208761 178077 370950 84701 80138 75298 156271 24999 291601 307950 12783 139323 108297 199245 66034 331867 27424 91571 148951 174544 92363 41845 172028
leaf_count=49151 237611 266490 219451 261734 207062 328729 44751 208761 178077 370950 84701 80138 75298 156271 24999 291601 307950 12783 139323 108297 199245 66034 331867 27424 91571 148951 174544 92363 41845 172028
internal_value=-1.00203e-06 0.0863773 -0.116306 -0.0730885 0.0294854 0.142756 -0.186616 0.108385 -0.00734033 -0.162126 -0.0157206 0.0826405 -0.11537 0.195014 -0.108745 -0.125701 -0.0280665 -0.278822 0.0962961 -0.319029 0.115619 -0.0920077 0.0851164 0.0295471 0.0421818 0.172505 -0.102096 -0.122649 -0.0724223 -0.00719934
internal_weight=5e+06 2.86913e+06 2.13087e+06 1.3197e+06 1.42806e+06 1.44107e+06 811173 869357 516523 640942 771741 656317 803177 571712 269992 727879 687040 170231 576179 121080 436856 244993 660596 338446 311022 415441 466145 178959 86596 479978
internal_count=5000000 2869127 2130873 1319700 1428058 1441069 811173 869357 516523 640942 771741 656317 803177 571712 269992 727879 687040 170231 576179 121080 436856 244993 660596 338446 311022 415441 466145 178959 86596 479978
cat_boundaries=0 1 2 3 4 5 6 7 8 9 10 11 12
cat_threshold=2044 2047 4094 1020 516096 245760 992 1008 6150 16257025 7182 960
is_linear=0
shrinkage=0.1


Tree=21
num_leaves=31
num_cat=13
split_feature=0 0 0 76 76 76 76 0 75 48 78 72 76 78 0 0 75 76 24 76 73 48 76 0 87 24 87 76 76 76
split_gain=4.07351e+06 894103 425883 363884 244370 203302 162578 146665 123517 116555 104402 92418.6 74649 70227.6 58441.1 57681 57574.2 56914 54860.9 54193.1 50148.1 47314.2 48688.9 46809.5 46653.6 45104.7 43600.3 43372.8 42853.2 35446.4
threshold=15.150000095367433 4.4500000476837167 22.44999980926514 0 1 2 3 -2.7499999999999996 4 2.7500000000000004 1.0000000180025095e-35 38.73915100097657 5 1.0000000180025095e-35 8.8499999046325701 27.94999980926514 6 7 1.0000000180025095e-35 8 142.07500457763675 1.8499999642372134 9 27.94999980926514 1.0000000180025095e-35 1.0000000180025095e-35 1.0000000180025095e-35 10 11 12
decision_type=2 2 2 1 1 1 1 2 1 10 10 2 1 10 2 2 1 1 2 1 2 8 1 2 10 2 10 1 1 1
left_child=1 5 4 9 18 8 23 20 11 13 12 19 -5 16 -14 29 -3 -18 28 -1 -7 22 25 27 -10 -6 -21 -4 -2 -8
right_child=2 3 6 10 21 7 15 -9 24 -11 -12 -13 14 -15 -16 -17 17 -19 -20 26 -22 -23 -24 -25 -26 -27 -28 -29 -30 -31
leaf_value=-0.13839276560331168 -0.033027060047509459 0.11181880837369838 0.21145203816704836 -0.1373616641998717 0.17645101150609638 -0.21844429789983302 0.059609302778628297 -0.16134821226960258 -0.00058372415469823337 -0.053193480172288289 0.026300743978575354 -0.1924949849748013 -0.10749917834650198 -0.070832169823660265 -0.043664499259753908 0.16137791424277112 -0.017037893005820672 0.068000399443046672 0.097987565300393931 -0.012598359337149593 -0.33259916642767839 0.066675180338642934 0.089012737702231087 0.25245888731979549 -0.25114839677722078 0.035098432890804332 -0.25197100601182482 0.14142994872659195 0.02492798437464501 0.11818362865439568
leaf_weight=101940 191259 133563 164649 218578 177529 80604 194896 497960 117423 160566 89713 146737 238266 47819 360280 159842 131329 196391 72428 87059 73641 223846 200570 96018 7933 25863 8338 191720 383185 220055
leaf_count=101940 191259 133563 164649 218578 177529 80604 194896 497960 117423 160566 89713 146737 238266 47819 360280 159842 131329 196391 72428 87059 73641 223846 200570 96018 7933 25863 8338 191720 383185 220055
internal_value=-9.59147e-07 -0.0833703 0.097721 -0.0348147 0.0591084 -0.151617 0.145637 -0.187738 -0.101427 0.0210928 -0.0760999 -0.132389 -0.0873435 0.0445224 -0.0690743 0.110336 0.0564807 0.0339231 0.0159724 -0.0877021 -0.272945 0.103552 0.12399 0.190484 -0.0164391 0.158469 -0.0335168 0.173791 0.00563193 0.0906765
internal_weight=5e+06 2.69814e+06 2.30186e+06 1.5765e+06 1.27468e+06 1.12164e+06 1.02718e+06 652205 469430 669668 906837 344074 817124 509102 598546 574793 461283 327720 646872 197337 154245 627808 403962 452387 125356 203392 95397 356369 574444 414951
internal_count=5000000 2698140 2301860 1576505 1274680 1121635 1027180 652205 469430 669668 906837 344074 817124 509102 598546 574793 461283 327720 646872 197337 154245 627808 403962 452387 125356 203392 95397 356369 574444 414951
cat_boundaries=0 1 2 3 4 5 6 7 8 9 10 11 12 13
cat_threshold=2046 8386560 1020 8190 6150 245760 992 30 60 1008 1008 245760 507904
is_linear=0
shrinkage=0.1


Tree=22
num_leaves=31
num_cat=10
split_feature=0 0 14 76 76 76 0 84 56 81 17 0 87 76 75 0 76 76 76 76 0 29 81 9 75 48 72 18 72 48
split_gain=3.3363e+06 776009 337189 255940 196014 166532 144425 129294 84833.2 82846.7 80332.4 77735.9 76292 63008.4 62468.8 58149.3 53221 44925 40834.4 40221 39395.4 37420.5 35077.3 34509 34477.8 33729.4 33202.5 30054.3 30038.7 29339.6
threshold=9.6500000953674334 19.150000572204593 -1.0500000119209287 0 1 2 25.849999427795414 1.0000000180025095e-35 2.7500000000000004 1.0000000180025095e-35 -10.249999999999998 4.0499999523162851 1.0000000180025095e-35 3 4 24.250000000000004 5 6 7 8 30.150000572204593 1.0000000180025095e-35 1.0000000180025095e-35 -7.5499999523162833 9 2.1499999761581425 38.453350067138679 20.94999980926514 37.249149322509773 1.5500000119209292
decision_type=2 2 10 1 1 1 2 10 8 10 10 2 10 1 1 2 1 1 1 1 2 10 10 8 1 8 2 10 2 10
left_child=2 3 10 12 15 7 17 8 14 16 -1 -7 13 29 28 25 -5 -6 23 -13 -8 26 -21 -12 -15 -3 -16 -14 -4 -2
right_child=1 4 5 9 6 11 20 -9 -10 -11 18 19 27 24 21 -17 -18 -19 -20 22 -22 -23 -24 -25 -26 -27 -28 -29 -30 -31
leaf_value=-0.31744707314036313 0.14185515305893534 0.15375486362030652 -0.016207554065230941 -0.087222745840211335 0.020169044298761957 -0.13843578242841625 0.11673146110535747 -0.20330335247329157 -0.10337174347590572 0.065833038487383019 -0.30909186813294698 -0.05447890497290369 -0.0038012150587488041 0.080283728142947222 0.0938421720280702 0.20089542282362835 -0.022761801156395478 0.075613996213797358 -0.1425719273416339 -0.12117500969341405 0.19107007528425224 -0.16587694698842542 -0.0065667594231663858 -0.18724126537425947 0.019905113933966039 0.085984529914131025 0.0063599223288140719 -0.15350938370839301 -0.11992893846116442 0.068345448911952308
leaf_weight=40969 127901 255514 112978 165529 209978 425872 266945 40949 90019 87082 28263 275000 64401 157615 97207 206466 566179 480849 223946 243941 97262 8036 29988 130835 236490 103061 78354 16936 37088 94347
leaf_count=40969 127901 255514 112978 165529 209978 425872 266945 40949 90019 87082 28263 275000 64401 157615 97207 206466 566179 480849 223946 243941 97262 8036 29988 130835 236490 103061 78354 16936 37088 94347
internal_value=-7.63541e-07 0.0629614 -0.105979 0.0115503 0.111085 -0.0828915 0.0856264 -0.0336218 -0.0172228 -0.026372 -0.184355 -0.106374 0.0560545 0.068068 0.00601935 0.158616 -0.0373458 0.0587628 -0.17012 -0.0815018 0.136584 0.0451369 -0.108624 -0.208874 0.0440538 0.134276 0.0547983 -0.0349735 -0.0418389 0.110644
internal_weight=5e+06 3.13656e+06 1.86344e+06 1.51648e+06 1.62008e+06 1.43943e+06 1.05503e+06 464631 423682 818790 424013 974801 697690 616353 333663 565041 731708 690827 383044 548929 364207 183597 273929 159098 394105 358575 175561 81337 150066 222248
internal_count=5000000 3136555 1863445 1516480 1620075 1439432 1055034 464631 423682 818790 424013 974801 697690 616353 333663 565041 731708 690827 383044 548929 364207 183597 273929 159098 394105 358575 175561 81337 150066 222248
cat_boundaries=0 1 2 3 4 5 6 7 8 9 10
cat_threshold=2047 2046 1008 480 4102 114688 245760 516156 12585999 480
is_linear=0
shrinkage=0.1


Tree=23
num_leaves=31
num_cat=11
split_feature=0 0 0 76 76 0 76 76 48 24 27 75 87 76 75 57 0 25 76 76 76 76 0 17 78 0 9 74 17 18
split_gain=2.72058e+06 625382 254784 252732 174391 153845 120108 99970.2 90240.4 80975.5 73615.7 69370.6 61489.4 53308.9 45991.3 44518.6 44205.6 42402.3 41324.5 40839.8 40358.4 38839.7 38162.9 36885.4 35473.6 32929.1 32694.5 32021.9 30284.4 28304.5
threshold=15.650000095367433 4.6499998569488534 23.150000572204593 0 1 -4.7499999999999991 2 3 3.2500000000000004 1.0000000180025095e-35 1.0000000180025095e-35 4 1.0000000180025095e-35 5 6 2.5499999523162846 -12.849999904632567 1.0000000180025095e-35 7 8 9 10 8.6500000953674334 33.549999237060554 1.0000000180025095e-35 29.349999427795414 -8.6500000953674299 65.500000000000014 19.849999427795414 11.84999990463257
decision_type=2 2 2 1 1 2 1 1 10 2 8 1 10 1 1 8 2 10 1 1 1 1 2 8 10 2 8 2 10 8
left_child=1 5 4 8 17 16 10 23 12 13 11 15 14 27 -3 21 -1 -2 24 -18 -16 -7 -15 -4 -6 -9 -8 -5 -14 -12
right_child=2 3 7 9 18 6 26 25 -10 -11 29 -13 28 22 20 -17 19 -19 -20 -21 -22 -23 -24 -25 -26 -27 -28 -29 -30 -31
leaf_value=-0.34737766086252375 0.0064677230672682499 0.080677314153980606 0.15548196087204449 -0.073515975536371181 0.14145637190453339 -0.085746049161567722 -0.27076453246314575 0.081911361900205176 -0.056608527228089789 0.02902293230585198 -0.18386181250726188 0.048014353254501499 -0.038414969381912606 -0.088143548396736937 -0.038035516136851834 -0.1263099030870512 -0.14713914092790389 0.089959795854542779 0.072468807145196115 -0.253247574949029 0.0449852371316041 -0.0062136222784167951 -0.036148082594709578 0.32196067210647605 0.023369713302739389 0.14636340683657817 -0.13483040200982416 -0.14854935839511116 -0.27882395865790266 -0.65281772682353767
leaf_weight=20643 548974 230324 379078 113837 185003 134470 18330 413942 126510 92325 38129 54821 48263 217503 83199 108280 87411 68407 483662 62177 197626 113012 402166 13793 29495 98045 509693 113672 5878 1332
leaf_count=20643 548974 230324 379078 113837 185003 134470 18330 413942 126510 92325 38129 54821 48263 217503 83199 108280 87411 68407 483662 62177 197626 113012 402166 13793 29495 98045 509693 113672 5878 1332
internal_value=-7.09387e-07 -0.0659288 0.0825312 -0.0261326 0.0544375 -0.122464 -0.107194 0.123376 0.0197367 -0.0599079 -0.0692308 -0.0566939 0.0368228 -0.0696002 0.0475566 -0.0728282 -0.210201 0.0157186 0.0886751 -0.19127 0.0203885 -0.0494315 -0.0543975 0.161323 0.125213 0.094252 -0.139547 -0.111001 -0.0645158 -0.199691
internal_weight=5e+06 2.7796e+06 2.2204e+06 1.6313e+06 1.31554e+06 1.1483e+06 978067 904858 691800 939503 450044 410583 565290 847178 511149 355762 170231 617381 698160 149588 280825 247482 619669 392871 214498 511987 528023 227509 54141 39461
internal_count=5000000 2779601 2220399 1631303 1315541 1148298 978067 904858 691800 939503 450044 410583 565290 847178 511149 355762 170231 617381 698160 149588 280825 247482 619669 392871 214498 511987 528023 227509 54141 39461
cat_boundaries=0 1 2 3 4 5 6 7 8 9 10 11
cat_threshold=2046 4192256 1022 8190 6158 245760 1008 480 2047 14 62
is_linear=0
shrinkage=0.1


Tree=24
num_leaves=31
num_cat=10
split_feature=0 75 0 76 76 76 72 72 72 90 87 75 0 75 76 0 78 0 75 85 90 18 28 18 24 23 0 76 18 76
split_gain=2.22714e+06 442630 292687 179228 121040 89294.8 87120.6 83656.2 75363.9 75332.8 67955.6 63884.1 63431 48277.6 47172.8 42618.1 41684.7 40883.3 39715.3 34373.3 29884.5 29868.2 29004.4 28968.3 28632.9 28370.7 28043.1 27096.3 26848.7 26200.7
threshold=11.050000190734865 0 0.65000000596046459 1 2 3 42.466650009155281 30.90164947509766 40.354150772094734 1.0000000180025095e-35 1.0000000180025095e-35 4 25.250000000000004 5 6 17.849999427795414 1.0000000180025095e-35 6.6499998569488534 7 2.6499999761581425 1.0000000180025095e-35 12.84999990463257 1.0000000180025095e-35 16.750000000000004 1.0000000180025095e-35 5.0499999523162851 -12.849999904632567 8 16.750000000000004 9
decision_type=2 1 2 1 1 1 2 2 2 10 10 1 2 1 1 2 10 2 1 10 8 8 10 10 2 8 2 1 10 1
left_child=2 4 6 9 8 20 14 -7 10 11 18 19 -6 26 24 16 -9 21 -2 27 -3 -5 -13 -19 -1 -16 -8 -4 -11 -28
right_child=1 5 3 17 12 7 13 15 -10 28 -12 22 -14 -15 25 -17 -18 23 -20 -21 -22 -23 -24 -25 -26 -27 29 -29 -30 -31
leaf_value=-0.0087171520810374412 0.1756754853919221 0.05108125697616496 0.024250331100411235 -0.098023726216891649 0.046002732464580538 0.10352879312409964 -0.34839711915588917 -0.051026825917485114 0.058998722555879173 -0.10824832199325052 0.041940904781465366 0.064321108987575981 0.10178103545980542 -0.13853843804198096 -0.11292016844828784 0.011467560866230481 0.052401508882633265 -0.055729354042030305 0.12046705011629498 -0.1011496544831227 -0.020630938923772046 -0.34466509116509009 -0.14077564378419291 -0.3223330974813895 -0.23705841152425189 -0.23956059602411811 -0.28481802241127618 -0.04069278135065485 -0.4335810031852998 -0.17649860838442546
leaf_weight=62346 268957 489065 130197 486518 576531 59070 15606 374687 158168 45349 67016 156966 315420 144164 272920 257096 43490 425540 253279 46590 65947 4960 7212 4115 6022 18916 30567 126811 2687 83788
leaf_count=62346 268957 489065 130197 486518 576531 59070 15606 374687 158168 45349 67016 156966 315420 144164 272920 257096 43490 425540 253279 46590 65947 4960 7212 4115 6022 18916 30567 126811 2687 83788
internal_value=-6.95289e-07 0.0561258 -0.0793621 -0.0543862 0.0906025 0.012289 -0.13594 -0.0105895 0.120287 -0.00718994 0.13674 0.00505638 0.0657268 -0.178422 -0.10361 -0.0205722 -0.0402704 -0.0808141 0.148906 -0.0221196 0.0425596 -0.100513 0.0553083 -0.0582827 -0.0288257 -0.121124 -0.222636 -0.00779406 -0.126447 -0.205493
internal_weight=5e+06 2.92873e+06 2.07127e+06 1.43694e+06 1.63937e+06 1.28936e+06 634329 734343 747420 515812 589252 467776 891951 274125 360204 675273 418177 921133 522236 303598 555012 491478 164178 429655 68368 291836 129961 257008 48036 114355
internal_count=5000000 2928726 2071274 1436945 1639371 1289355 634329 734343 747420 515812 589252 467776 891951 274125 360204 675273 418177 921133 522236 303598 555012 491478 164178 429655 68368 291836 129961 257008 48036 114355
cat_boundaries=0 1 2 3 4 5 6 7 8 9 10
cat_threshold=960 1020 8188 12587004 6158 6 448 384 960 516096
is_linear=0
shrinkage=0.1


Tree=25
num_leaves=31
num_cat=11
split_feature=0 0 0 76 76 76 72 48 84 75 53 0 76 74 76 23 25 81 76 76 88 78 0 23 18 0 76 23 75 76
split_gain=1.80864e+06 313989 279764 165758 125136 92401.8 88901.4 80035 59977.7 57348.6 53320.5 52248.5 51579.9 46221.8 44761.9 42171.9 39762.1 37033.3 36745.5 35959.2 33367.2 31920.1 30772.5 30078.7 29832.6 30425 27457.3 27318.9 27297.9 32432.4
threshold=13.250000000000002 2.6499999761581425 21.349999427795414 0 1 2 42.466650009155281 1.5500000119209292 1.0000000180025095e-35 3 1.6500000357627871 27.750000000000004 4 65.500000000000014 5 15.150000095367433 1.0000000180025095e-35 1.0000000180025095e-35 6 7 2.6499999761581425 1.0000000180025095e-35 28.94999980926514 25.94999980926514 3.6499999761581425 -12.849999904632567 8 6.2500000000000009 9 10
decision_type=2 2 2 1 1 1 2 10 10 1 8 2 1 2 1 8 10 10 1 1 10 10 2 10 8 2 1 8 1 1
left_child=1 6 4 7 17 22 10 28 13 24 12 14 21 -5 -7 20 -6 18 -2 -15 -9 -1 -4 -16 25 -8 -27 -12 -3 -30
right_child=2 3 5 8 16 11 9 15 -10 -11 27 -13 -14 19 23 -17 -18 -19 -20 -21 -22 -23 -24 -25 -26 26 -28 -29 29 -31
leaf_value=0.013800617664448615 0.095439093957183641 0.097111731248666427 0.038264345382902319 -0.04772467223574095 -0.011763050402450029 0.14471602477552636 -0.30057475303080516 -0.0044254235176042567 0.016497639657962436 -0.097389094886316349 -0.10808793526336991 0.16480510962571174 -0.088196790601743555 -0.13340300274484776 0.098427986359626032 -0.16517618710259135 0.064707004412596011 -0.0042493837686416068 0.045148680835309374 -0.071680993859560546 -0.084549549771145871 -0.19842233213759092 0.10582028798208912 0.040991383503498319 -0.43842720673311897 -0.23854154404499922 -0.1446861601853803 -0.22156568607182978 -0.01620557161899544 0.052263252519895192
leaf_weight=100153 247312 60732 310816 383518 611965 166776 18459 219127 84085 122482 245911 150987 185575 158072 390556 22644 76496 86081 352365 234571 68136 7627 86107 118944 4510 40251 139266 23218 120107 163151
leaf_count=100153 247312 60732 310816 383518 611965 166776 18459 219127 84085 122482 245911 150987 185575 158072 390556 22644 76496 86081 352365 234571 68136 7627 86107 118944 4510 40251 139266 23218 120107 163151
internal_value=-6.89802e-07 -0.0625604 0.0578206 -0.0348785 0.0268508 0.0925859 -0.10979 0.0030718 -0.0637248 -0.151431 -0.0857331 0.111617 -0.0562431 -0.0724165 0.0997432 -0.0337871 -0.00326629 0.0570859 0.0658912 -0.0965345 -0.0234301 -0.00121712 0.0529183 0.0850176 -0.184107 -0.178322 -0.165752 -0.117878 0.0362787 0.0232316
internal_weight=5e+06 2.4016e+06 2.5984e+06 1.51414e+06 1.37422e+06 1.22419e+06 887452 653897 860246 324968 562484 827263 293355 776161 676276 309907 688461 685758 599677 392643 287263 107780 396923 509500 202486 197976 179517 269129 343990 283258
internal_count=5000000 2401595 2598405 1514143 1374219 1224186 887452 653897 860246 324968 562484 827263 293355 776161 676276 309907 688461 685758 599677 392643 287263 107780 396923 509500 202486 197976 179517 269129 343990 283258
cat_boundaries=0 1 2 3 4 5 6 7 8 9 10 11
cat_threshold=2046 8390655 1032192 4102 2016 496 496 516096 253952 480 30
is_linear=0
shrinkage=0.1


Tree=26
num_leaves=31
num_cat=10
split_feature=0 0 0 76 76 76 0 48 76 87 22 24 90 48 48 73 76 75 75 76 74 22 75 76 24 0 74 84 23 24
split_gain=1.49757e+06 368180 153788 119280 107624 102999 70908.2 66489.4 59409 54445.5 47532.9 46312.9 43822.2 42610.6 41903.4 39926.1 37622.2 34871.9 34413.7 38367.8 33771 33285.7 30220.2 29715.7 29896.6 28943.3 28708.2 28699.8 27950.6 23199.5
threshold=9.4499998092651385 18.650000572204593 -1.0500000119209287 0 1 2 26.250000000000004 1.6500000357627871 3 1.0000000180025095e-35 13.050000190734865 1.0000000180025095e-35 1.0000000180025095e-35 1.8499999642372134 1.9499999880790713 142.07500457763675 4 5 6 7 65.500000000000014 3.4500000476837163 8 9 1.0000000180025095e-35 -12.849999904632567 65.500000000000014 1.0000000180025095e-35 20.750000000000004 1.0000000180025095e-35
decision_type=2 2 2 1 1 1 2 8 1 10 8 2 10 10 8 2 1 1 1 1 2 8 1 1 2 2 2 10 10 2
left_child=2 3 8 9 11 12 16 18 14 26 22 20 17 23 25 -10 -7 -3 -6 -20 -4 -16 -9 24 -5 -1 -2 -21 -15 -18
right_child=1 5 4 13 7 6 -8 10 15 -11 -12 -13 -14 28 21 -17 29 -19 19 27 -22 -23 -24 -25 -26 -27 -28 -29 -30 -31
leaf_value=-0.20890670068874526 -0.014888583695537128 0.14541750606161907 -0.070920919023043857 0.095307727807857248 0.094579688423440847 0.061793069726085587 0.094976219657045932 -0.069888312794758586 -0.12815735914957291 0.056840952341580646 -0.21390750367584316 -0.0073341632305991963 0.028011309441606447 0.0090728166416174007 -0.1315032342541291 -0.22130876285250239 0.011177377568874873 0.091913038823091264 -0.039000771319639499 0.035052346081298889 -0.12229287472891243 -0.39367880048167048 0.0047716300435161878 0.029924367389692227 -0.031890457639885537 -0.047614908497685918 -0.05882160237164609 -0.11234627213794141 -0.12724000846438907 0.090530952825125577
leaf_weight=12061 305213 245105 236111 164470 31044 413750 336495 282382 114183 70158 20043 62075 59655 295578 80132 77070 370109 242537 254608 154577 279381 5154 67104 295404 20817 143451 290125 14444 15849 40915
leaf_count=12061 305213 245105 236111 164470 31044 413750 336495 282382 114183 70158 20043 62075 59655 295578 80132 77070 370109 242537 254608 154577 279381 5154 67104 295404 20817 143451 290125 14444 15849 40915
internal_value=-6.91889e-07 0.0416497 -0.0719121 0.00473007 -0.0558348 0.0731465 0.0562892 -0.032638 -0.124074 -0.026479 -0.0641438 -0.088935 0.108912 0.0309503 -0.091013 -0.165686 0.0405062 0.118811 -0.00703289 -0.0144811 -0.098763 -0.147347 -0.0555549 0.0496191 0.0810126 -0.0601242 -0.0362984 0.0224548 0.00213565 0.0190761
internal_weight=5e+06 3.16618e+06 1.83382e+06 1.45761e+06 1.40177e+06 1.70857e+06 1.16127e+06 824202 432051 665496 369529 577567 547297 792118 240798 191253 824774 487642 454673 423629 515492 85286 349486 480691 185287 155512 595338 169021 311427 411024
internal_count=5000000 3166180 1833820 1457614 1401769 1708566 1161269 824202 432051 665496 369529 577567 547297 792118 240798 191253 824774 487642 454673 423629 515492 85286 349486 480691 185287 155512 595338 169021 311427 411024
cat_boundaries=0 1 2 3 4 5 6 7 8 9 10
cat_threshold=8384512 8384512 2044 4094 16254979 384 480 8388671 6158 992
is_linear=0
shrinkage=0.1


Tree=27
num_leaves=31
num_cat=9
split_feature=0 0 76 0 76 76 75 9 81 72 50 76 81 76 18 54 23 74 81 76 0 48 18 17 24 76 78 76 18 48
split_gain=1.22316e+06 323299 110981 103661 99885 91329.2 77157.9 60696.8 51522.8 49674.8 46779.5 44314.1 37542.3 37349.3 33441.8 32876.6 28941.4 28283.7 28184.3 27848.2 27533.1 26401.3 25944.6 25836.1 23722.9 23524.4 23086 22722.5 21855.6 21433.6
threshold=16.550000190734867 6.4500000476837167 0 24.349999427795414 1 2 3 -5.9500000476837149 1.0000000180025095e-35 38.316650390625007 1.5500000119209292 4 1.0000000180025095e-35 5 20.94999980926514 1.5500000119209292 8.6500000953674334 65.500000000000014 1.0000000180025095e-35 6 -2.4500000476837154 4.7500000000000009 33.649999618530281 20.750000000000004 1.0000000180025095e-35 7 1.0000000180025095e-35 8 12.449999809265138 1.2500000000000002
decision_type=2 2 1 2 1 1 1 8 10 2 10 1 10 1 10 8 8 2 10 1 2 10 8 10 2 1 10 1 10 8
left_child=1 5 8 4 24 6 9 -7 21 13 -4 -5 19 18 17 27 -11 -12 29 -8 -9 -3 -13 -10 -2 -19 -22 -6 -14 -1
right_child=3 2 10 11 15 7 12 20 23 16 14 22 28 -15 -16 -17 -18 25 -20 -21 26 -23 -24 -25 -26 -27 -28 -29 -30 -31
leaf_value=0.04316422852819677 0.0018112152999892211 0.056833989637810292 -0.0017843874220905714 0.05902135577178888 0.12539817834115638 -0.1990216056015206 -0.064395969695971847 -0.15102023927423774 -0.035866194454101455 -0.10233496639153697 -0.023438213816110245 0.10604254183511351 -0.11374044466121885 -0.079648836577838833 -0.29139172465692248 0.044269866294555732 -0.30761621580551601 -0.094075790877734475 -0.14778757676135512 0.023572068311072225 -0.093978397809485928 -0.050970440867444455 0.25407928906164862 -0.26064419633089581 0.069512633557302111 -0.034993829787258478 -0.024018471810875869 0.071022890398359517 -0.50425698704309529 -0.037130498141490248
leaf_weight=66207 478763 320683 480361 279582 101206 62730 45526 75483 37099 236780 388005 413221 14956 174902 5366 408267 7073 139781 13701 171606 406093 24449 12188 5931 58031 130205 53367 320079 1585 66774
leaf_count=66207 478763 320683 480361 279582 101206 62730 45526 75483 37099 236780 388005 413221 14956 174902 5366 408267 7073 139781 13701 171606 406093 24449 12188 5931 58031 130205 53367 320079 1585 66774
internal_value=-5.58802e-07 -0.0415962 -0.00986992 0.0588115 0.0427424 -0.0763911 -0.0542746 -0.105959 0.0363319 -0.0742503 -0.0255503 0.0899552 -0.00593685 -0.0484413 -0.0427604 0.0644917 -0.108289 -0.0407328 -0.0112236 0.00512596 -0.0950479 0.0491972 0.110281 -0.0668483 0.00913002 -0.0655874 -0.0858524 0.0840902 -0.151161 0.00284569
internal_weight=5e+06 2.92866e+06 1.53188e+06 2.07134e+06 1.36635e+06 1.39678e+06 799110 597673 388162 565437 1.14372e+06 704991 233673 321584 663357 829552 243853 657991 146682 217132 534943 345132 425409 43030 536794 269986 459460 421285 16541 132981
internal_count=5000000 2928663 1531880 2071337 1366346 1396783 799110 597673 388162 565437 1143718 704991 233673 321584 663357 829552 243853 657991 146682 217132 534943 345132 425409 43030 536794 269986 459460 421285 16541 132981
cat_boundaries=0 1 2 3 4 5 6 7 8 9
cat_threshold=504 1046528 4095 6150 2080768 4032 3585 1040384 224
is_linear=0
shrinkage=0.1


Tree=28
num_leaves=31
num_cat=9
split_feature=75 0 76 73 84 76 52 75 72 76 74 75 76 73 84 90 42 0 22 76 0 0 76 74 0 5 16 0 17 18
split_gain=1.01073e+06 284877 112814 85601.5 73842 67999.6 64867 64367.9 54429.6 50187.4 47388.9 47343.1 42718.6 33783.5 31835 31771.8 30462.7 29049.5 23854.3 23841.3 27511 22558 22427.6 21877 21705.6 28383.6 20608.3 20180.7 21848 19519
threshold=0 8.0500001907348651 1 141.52664947509768 1.0000000180025095e-35 2 1.5500000119209292 3 40.354150772094734 4 143.50000000000003 5 6 129.97499847412112 1.0000000180025095e-35 1.0000000180025095e-35 1.0000000180025095e-35 30.550000190734867 13.34999990463257 7 -10.15000009536743 24.550000190734867 8 94.000000000000014 16.94999980926514 11.050000190734865 32.750000000000007 17.250000000000004 21.750000000000004 25.250000000000004
decision_type=1 2 1 2 10 1 8 1 2 1 2 1 1 2 10 10 8 2 8 1 2 2 1 2 2 8 8 2 10 10
left_child=2 3 7 6 8 13 9 -1 12 14 18 19 16 -3 -2 23 26 -14 -8 -5 -21 29 -13 -15 25 -7 -4 28 -6 -9
right_child=1 5 4 11 27 24 10 21 -10 -11 -12 22 17 15 -16 -17 -18 -19 -20 20 -22 -23 -24 -25 -26 -27 -28 -29 -30 -31
leaf_value=-0.023631167126355622 0.032739181295620597 0.055484110978164691 0.10801327007427615 -0.090062628836751535 -0.032134454107734294 0.034599982151566296 -0.051914752672364617 0.029207314310377139 0.040691440755176549 -0.047323018003083119 -0.11312404698303641 -0.056791500851221692 0.06985443536098665 -0.028979798103845919 -0.13525881320563218 0.045658950833326557 0.22854080856374459 0.1600813922071084 -0.21505531350329243 -0.29240557747971507 -0.15669603012460182 0.061656084293735418 -0.1162138072653715 -0.074347533499819304 0.044114223739777324 -0.010854350038697601 0.21807615009222872 0.022990476845743433 -0.25616273927914418 -0.14160359557370081
leaf_weight=195102 142808 41004 255840 38026 23974 213382 400387 454293 235615 409872 219824 145125 444364 271558 12247 40603 26026 38799 9168 18745 73546 307643 113057 174650 190161 385689 18224 88159 5319 6790
leaf_count=195102 142808 41004 255840 38026 23974 213382 400387 454293 235615 409872 219824 145125 444364 271558 12247 40603 26026 38799 9168 18745 73546 307643 113057 174650 190161 385689 18224 88159 5319 6790
internal_value=-5.01749e-07 -0.0382627 0.0528313 -0.0668538 0.074177 -0.00390276 -0.0535901 0.0276649 0.0828328 -0.0289913 -0.0756698 -0.107628 0.0955095 -0.0316876 0.0194686 -0.0390308 0.125146 0.0770983 -0.0555667 -0.156768 -0.18424 0.040684 -0.0828158 -0.0467372 0.0146792 0.00533595 0.115332 -0.000903378 -0.0728133 0.0266919
internal_weight=5e+06 2.89985e+06 2.10015e+06 1.5828e+06 1.13632e+06 1.31705e+06 1.19431e+06 963828 1.01887e+06 564927 629379 388499 783253 527815 155055 486811 300090 483163 409555 130317 92291 768726 258182 446208 789232 599071 274064 117452 29293 461083
internal_count=5000000 2899852 2100148 1582805 1136320 1317047 1194306 963828 1018868 564927 629379 388499 783253 527815 155055 486811 300090 483163 409555 130317 92291 768726 258182 446208 789232 599071 274064 117452 29293 461083
cat_boundaries=0 1 2 3 4 5 6 7 8 9
cat_threshold=992 16760833 258054 32 1984 6 992 8128 14680575
is_linear=0
shrinkage=0.1


Tree=29
num_leaves=31
num_cat=9
split_feature=0 0 75 76 0 50 22 25 76 23 76 49 76 76 0 90 76 0 23 76 2 18 72 78 25 76 18 0 0 9
split_gain=820985 196290 88827.7 84849.7 66537.2 60345 47643.8 47574.3 44469.3 43112.2 40240.4 35655.3 34796.9 34099 29264.8 27571 27359.1 25619 32231.4 24255.3 22257.7 21194.6 21193.5 21135.9 21113.4 24242.1 19761 18478.5 17104.6 16446
threshold=15.84999990463257 5.6499998569488534 0 1 -6.6499998569488517 1.2500000000000002 11.250000000000002 1.0000000180025095e-35 2 18.349999427795414 3 2.6499999761581425 4 5 30.550000190734867 1.0000000180025095e-35 6 21.94999980926514 23.050000190734867 7 14.449999809265138 17.050000190734867 30.90164947509766 1.0000000180025095e-35 1.0000000180025095e-35 8 17.050000190734867 -12.849999904632567 24.550000190734867 -10.349999904632567
decision_type=2 2 1 1 2 8 8 10 1 10 1 10 1 1 2 10 1 2 10 1 8 10 2 10 8 1 10 2 2 8
left_child=1 4 12 9 19 10 13 16 22 11 15 24 23 29 -14 -6 -5 18 20 -1 -10 -18 -4 -2 25 -3 -26 -21 -24 -7
right_child=2 3 8 7 5 6 -8 -9 17 -11 -12 -13 14 -15 -16 -17 21 -19 -20 27 -22 -23 28 -25 26 -27 -28 -29 -30 -31
leaf_value=-0.057167361502437189 0.11941122246931946 0.069044783947149038 0.084709720572578806 -0.077896992915659602 0.014173320858606743 -0.23268895970529813 -0.237226825780391 0.039858803818948338 0.10435476446300876 -0.097563115956371294 -0.055087463064305987 -0.022301253597742304 0.052103841226299498 -0.055563769108007866 0.11887243149574692 -0.13048086227246602 -0.02810434440309971 0.065148526640698964 -0.049887924053303397 -0.27053160990497988 0.031263383139649194 -0.14796634872708034 -0.017657761046408461 0.016489723894557089 0.0021447113993987763 0.021562442165665233 -0.15339521976921966 -0.14576336983962077 0.031682177228323609 -0.096898511868420398
leaf_weight=25796 179776 166778 28613 160931 185789 9269 17933 79760 44952 33173 273953 158614 542599 443432 74680 14182 560755 316465 46326 14604 569374 15151 267239 22444 39377 302701 10306 63412 95323 236293
leaf_count=25796 179776 166778 28613 160931 185789 9269 17933 79760 44952 33173 273953 158614 542599 443432 74680 14182 560755 316465 46326 14604 569374 15151 267239 22444 39377 302701 10306 63412 95323 236293
internal_value=-5.18373e-07 -0.0357411 0.0459408 -0.0115128 -0.0645501 -0.0578023 -0.0763116 -0.0335035 0.0303461 0.013746 -0.0301929 0.0191941 0.0719776 -0.0721233 0.0601807 0.00391421 -0.0414451 0.0417526 0.0305462 -0.141306 0.0366117 -0.0312571 0.00185334 0.107983 0.0318717 0.038432 -0.0301197 -0.169097 -0.00468555 -0.10202
internal_weight=5e+06 2.81221e+06 2.18779e+06 1.52755e+06 1.28466e+06 1.18085e+06 706927 816597 1.36829e+06 710949 473924 677776 819499 688994 617279 199971 736837 977117 660652 103812 614326 575906 391175 202220 519162 469479 49683 78016 362562 245562
internal_count=5000000 2812209 2187791 1527546 1284663 1180851 706927 816597 1368292 710949 473924 677776 819499 688994 617279 199971 736837 977117 660652 103812 614326 575906 391175 202220 519162 469479 49683 78016 362562 245562
cat_boundaries=0 1 2 3 4 5 6 7 8 9
cat_threshold=384 2047 253952 4080 1008 1041920 114688 5056 480
is_linear=0
shrinkage=0.1


Tree=30
num_leaves=31
num_cat=8
split_feature=75 0 76 51 76 78 0 0 76 74 42 25 17 73 72 0 76 26 18 84 72 10 74 75 76 74 76 2 0 17
split_gain=683551 193175 85141.6 66479 56991.9 52899.3 49376.1 47033.5 46626 42784.1 39587.9 33438.5 31423.8 27732 24565.4 24077.8 24021 22670.6 22309.4 21512.6 20369.2 18860.9 18799.5 18791.4 18470.1 18010.2 17848.3 17364.2 15778.4 20325.9
threshold=0 8.6500000953674334 1 1.6500000357627871 2 1.0000000180025095e-35 -10.15000009536743 19.650000572204593 3 69.500000000000014 1.0000000180025095e-35 1.0000000180025095e-35 33.149999618530281 140.11250305175784 30.90164947509766 29.150000572204593 4 1.0000000180025095e-35 12.84999990463257 1.0000000180025095e-35 36.851650238037116 -3.5499999523162837 149.50000000000003 5 6 64.500000000000014 7 7.8500001430511483 17.849999427795414 22.150000572204593
decision_type=1 2 1 8 1 10 2 2 1 2 8 10 8 2 2 2 1 10 8 10 2 10 2 1 1 2 1 8 2 10
left_child=2 3 7 4 11 10 -6 23 14 13 12 20 15 -5 -3 16 -4 -18 26 22 -2 -8 -16 -1 -12 -9 -11 -10 29 -7
right_child=1 8 5 9 6 28 21 25 27 18 24 -13 -14 -15 19 -17 17 -19 -20 -21 -22 -23 -24 -25 -26 -27 -28 -29 -30 -31
leaf_value=-0.04565691398510649 0.042495495351259648 0.049722746468332357 0.034597200169003244 -0.026735193343123111 -0.22034856698203092 -0.022232513136237024 -0.10112257027921799 0.052251017517997517 0.074979736070298772 -0.11918731657797964 0.072640630660266325 -0.12032520694030341 0.18535727555529813 -0.075973565031499074 -0.021940352756854412 0.11541588655311828 0.071997853870013881 -0.031327824321001958 -0.22315717527060178 0.035796726364720165 -0.015399170544417069 -0.039925747265552897 -0.065255441880691489 0.007294490802166112 0.16273373213244174 0.017575950848153488 -0.074760832299427302 0.012079609788304014 0.021996855376986521 -0.2197432053970482
leaf_weight=113582 128010 43784 358837 216108 16822 30831 56274 308310 47275 155638 36708 19735 20116 243014 346539 70454 528875 22123 13730 47855 115696 479398 140957 163464 60114 291331 216314 612703 89133 6270
leaf_count=113582 128010 43784 358837 216108 16822 30831 56274 308310 47275 155638 36708 19735 20116 243014 346539 70454 528875 22123 13730 47855 115696 479398 140957 163464 60114 291331 216314 612703 89133 6270
internal_value=-4.97557e-07 -0.0314662 0.0434467 -0.0537605 -0.0334022 0.0604909 -0.0516514 0.0196603 -0.00158614 -0.0734231 0.0675443 0.00487228 0.0616351 -0.0527971 -0.0222937 0.0590963 0.0547351 0.067848 -0.0979765 -0.028184 0.0150108 -0.0463547 -0.0344647 -0.0144157 0.128601 0.0354044 -0.0933557 0.016585 -0.000812735 -0.0556115
internal_weight=5e+06 2.89985e+06 2.10015e+06 1.66074e+06 815935 1.22346e+06 552494 876687 1.23911e+06 844804 1.09723e+06 263441 1.0004e+06 459122 579135 980289 909835 550998 385682 535351 243706 535672 487496 277046 96822 599641 371952 659978 126234 37101
internal_count=5000000 2899852 2100148 1660739 815935 1223461 552494 876687 1239113 844804 1097227 263441 1000405 459122 579135 980289 909835 550998 385682 535351 243706 535672 487496 277046 96822 599641 371952 659978 126234 37101
cat_boundaries=0 1 2 3 4 5 6 7 8
cat_threshold=992 16760832 2016 258063 15873 32 12295 2088960
is_linear=0
shrinkage=0.1


Tree=31
num_leaves=31
num_cat=9
split_feature=0 0 49 76 76 76 0 23 76 0 74 87 76 54 18 90 42 8 75 18 49 0 23 23 17 76 84 76 81 75
split_gain=559233 154693 90954.5 51503.2 49588.4 45115.3 41281.5 36421.4 33058.5 32133.2 30449.8 28057.2 24393.5 24470.3 25799.3 23219.1 22451.7 21720.1 21574.3 21429.4 19771.5 18636.3 27739 22995.7 18376.5 17201.7 19062.1 16784.9 16735.1 16660.2
threshold=17.150000572204593 0.84999999403953563 1.2500000000000002 0 1 2 29.750000000000004 7.2500000000000009 3 -7.5499999523162833 65.500000000000014 1.0000000180025095e-35 4 2.1499999761581425 3.4500000476837163 1.0000000180025095e-35 1.0000000180025095e-35 -10.249999999999998 5 20.94999980926514 1.8499999642372134 22.349999427795414 22.550000190734867 21.349999427795414 -13.15000009536743 6 1.0000000180025095e-35 7 1.0000000180025095e-35 8
decision_type=2 2 10 1 1 1 2 8 1 2 2 10 1 10 8 10 8 8 1 10 10 2 10 10 10 1 10 1 10 1
left_child=1 7 4 11 15 10 8 9 -5 27 -4 16 17 29 -15 -3 20 -11 -7 25 -2 22 -10 -23 -9 26 -20 -1 -6 -14
right_child=3 2 5 6 28 18 -8 24 21 12 -12 -13 13 14 -16 -17 -18 -19 19 -21 -22 23 -24 -25 -26 -27 -28 -29 -30 -31
leaf_value=-0.047031327129104433 0.095918131691940078 0.043653869841511567 -0.030734197638541273 0.0027536928075495267 -0.017263406500543921 -0.029959582901020743 0.089479962587511716 -0.72835678800701931 0.033747897438716833 -0.23606603602312481 -0.075754320303782818 -0.0024409149973165611 -0.035347455936902743 -0.062007080149969286 -0.17669406805428889 -0.039337323296825495 0.17357458573053078 -0.085014245744776298 0.045670580054264061 -0.074671589687680701 0.040830180946117213 0.10832723551737321 -0.030302184684794231 0.043515228868528953 -0.19902569124272829 -0.010997117162296262 -0.064453030179951076 -0.15133915938840761 0.042762093154172176 0.070290106833843138
leaf_weight=20712 196054 365889 327997 358245 450812 475645 123086 687 496322 10472 277206 40832 269705 139678 22819 37133 26588 104651 141677 33385 97579 61622 78281 490464 14467 191927 17680 60807 51782 15796
leaf_count=20712 196054 365889 327997 358245 450812 475645 123086 687 496322 10472 277206 40832 269705 139678 22819 37133 26588 104651 141677 33385 97579 61622 78281 490464 14467 191927 17680 60807 51782 15796
internal_value=-4.40276e-07 -0.0269564 -0.0150392 0.0414919 0.00987561 -0.0304353 0.0338277 -0.0697838 0.0292149 -0.0661815 -0.0513543 0.0756229 -0.0576868 -0.0471325 -0.0781123 0.0360065 0.0855793 -0.0987459 -0.0157187 0.00189061 0.0776115 0.0376283 0.025022 0.0507493 -0.223023 0.00916691 0.0334507 -0.124861 -0.0110788 -0.0295016
internal_weight=5e+06 3.03093e+06 2.37113e+06 1.96907e+06 905616 1.46552e+06 1.60802e+06 659794 1.48493e+06 644640 605203 361053 563121 447998 162497 403022 320221 115123 860314 384669 293633 1.12669e+06 574603 552086 15154 351284 159357 81519 502594 285501
internal_count=5000000 3030927 2371133 1969073 905616 1465517 1608020 659794 1484934 644640 605203 361053 563121 447998 162497 403022 320221 115123 860314 384669 293633 1126689 574603 552086 15154 351284 159357 81519 502594 285501
cat_boundaries=0 1 2 3 4 5 6 7 8 9
cat_threshold=992 4088 1041920 245760 1040384 6158 254 5056 6158
is_linear=0
shrinkage=0.1


Tree=32
num_leaves=31
num_cat=8
split_feature=0 75 75 73 76 76 26 50 18 72 76 74 76 32 3 42 81 18 17 74 0 23 73 75 18 72 18 76 18 18
split_gain=468651 110210 72464.3 65124.9 48541.6 42014.6 38837.4 32595.8 33151.2 29924 29885.2 29562 29222.9 27016 25603.3 23567.1 24884.7 20546.5 20149.3 19645.8 19417.3 18959.2 18522.6 18466.3 18100.5 18094.1 17849.8 17524.8 16297.5 14907.6
threshold=10.449999809265138 0 1 142.07500457763675 2 3 1.0000000180025095e-35 1.7500000000000002 13.050000190734865 30.90164947509766 4 143.50000000000003 5 1.0000000180025095e-35 9.2500000000000018 1.0000000180025095e-35 1.0000000180025095e-35 13.050000190734865 32.750000000000007 97.500000000000014 17.849999427795414 20.750000000000004 140.11250305175784 6 12.84999990463257 36.527500152587898 13.050000190734865 7 13.050000190734865 3.4500000476837163
decision_type=2 1 1 2 1 1 10 10 8 2 1 2 1 10 8 8 10 10 8 2 2 10 2 1 10 2 10 1 10 10
left_child=2 10 3 7 6 14 13 12 11 -7 -2 22 25 23 -3 16 18 -8 -12 -11 21 29 -9 -4 -25 -1 -6 -5 -15 -16
right_child=1 5 4 27 26 9 17 8 -10 19 15 -13 -14 28 20 -17 -18 -19 -20 -21 -22 -23 -24 24 -26 -27 -28 -29 -30 -31
leaf_value=0.033682679471836868 0.029393209345607674 0.099653299160414738 0.012087119823054184 -0.16449403209026403 -0.029598832220627758 0.055479136018899158 -0.057020241529799856 -0.022863376826774817 -0.18795466299580743 0.0039848422094837001 0.057180315757024862 -0.090423689798321952 -0.039785654796627851 -0.041035620884316198 0.20942843155707924 0.11422326069403209 -0.0061868168216011737 -0.29739313000923145 0.15101940524447818 -0.023607326730385545 0.045676273737209637 -0.11079577586900763 -0.067073679928884328 0.1014266944166292 0.024651590587706794 -0.030229841075197151 -0.12963052257196767 -0.089257616882005245 -0.29307556817078423 0.010348640962040086
leaf_weight=109117 522574 48947 123429 39099 289929 83547 15430 248242 19181 671513 563706 161319 437821 9827 3810 74078 60856 4621 23850 419094 238212 12930 153282 67959 56022 74566 19008 149468 3472 295091
leaf_count=109117 522574 48947 123429 39099 289929 83547 15430 248242 19181 671513 563706 161319 437821 9827 3810 74078 60856 4621 23850 419094 238212 12930 153282 67959 56022 74566 19008 149468 3472 295091
internal_value=-4.36567e-07 0.0248077 -0.0377825 -0.0502279 -0.00840173 0.00879494 0.021694 -0.0416668 -0.0586729 -0.00219961 0.0476117 -0.0542672 -0.025741 0.0320092 0.0303464 0.0607884 0.0546847 -0.112417 0.0609894 -0.00661816 0.0241795 0.0077578 -0.0397407 0.0394726 0.0667297 0.00773701 -0.0357523 -0.104871 -0.106836 0.0128863
internal_weight=5e+06 3.01821e+06 1.98179e+06 1.3921e+06 589697 1.77314e+06 280760 1.20353e+06 582024 1.17415e+06 1.24506e+06 562843 621504 260709 598990 722490 648412 20051 587556 1.09061e+06 550043 311831 401524 247410 123981 183683 308937 188567 13299 298901
internal_count=5000000 3018208 1981792 1392095 589697 1773144 280760 1203528 582024 1174154 1245064 562843 621504 260709 598990 722490 648412 20051 587556 1090607 550043 311831 401524 247410 123981 183683 308937 188567 13299 298901
cat_boundaries=0 1 2 3 4 5 6 7 8
cat_threshold=448 4110 510 14682080 16760832 4032 3072 507904
is_linear=0
shrinkage=0.1


Tree=33
num_leaves=31
num_cat=9
split_feature=75 0 76 23 73 90 76 75 43 53 76 26 72 52 18 75 76 71 78 72 18 87 74 0 25 74 76 75 18 0
split_gain=386004 111267 53170.3 49077.7 39707.4 38595.8 36919.3 31328.3 30603.8 27731.4 26516.3 25108.6 23244.9 22423.7 22409.6 21600.9 21254.8 20911.3 18626.3 17854.3 17233.2 16464.5 15504.8 15236.5 14787.4 14620.1 14233.2 14087.8 14056.5 15817.6
threshold=0 7.0499999523162851 1 12.050000190734865 142.07500457763675 1.0000000180025095e-35 2 3 1.0000000180025095e-35 1.9499999880790713 4 1.0000000180025095e-35 40.354150772094734 1.6500000357627871 12.84999990463257 5 6 1.6500000357627871 1.0000000180025095e-35 30.90164947509766 12.84999990463257 1.0000000180025095e-35 63.500000000000007 31.150000572204593 1.0000000180025095e-35 71.000000000000014 7 8 26.050000190734867 16.650000572204593
decision_type=1 2 1 8 2 10 1 1 8 8 1 10 2 10 10 1 1 8 10 2 8 10 2 2 10 2 1 1 10 2
left_child=2 3 7 4 9 8 18 -1 12 10 11 21 16 -8 -14 -6 24 -11 22 26 -5 -2 -3 -18 -4 -9 -15 -12 29 -7
right_child=1 6 5 20 15 28 13 25 -10 17 27 -13 14 19 -16 -17 23 -19 -20 -21 -22 -23 -24 -25 -26 -27 -28 -29 -30 -31
leaf_value=-0.023689108880944491 0.033511232394051398 -0.014791470360073642 0.082476477271470228 -0.1020407437501699 -0.11440210641475515 -0.053696460851680998 0.024671940069096419 0.037419846807539195 0.1052509876868007 -0.076587081686253 -0.0064138170239185959 -0.11404115804845366 0.09365559331286373 0.089202260150578569 0.0065442407963418039 -0.0546269387480392 0.038538545249647838 -0.034608397301260432 0.037806543509528362 -0.013258947401601688 -0.25242194442528437 -0.12811861801552599 -0.051765227091385257 0.11396018104666097 -0.03649092824990223 0.0084908798740547138 -0.0027453482406648369 -0.043213579288390175 -0.068278636434098108 0.036387592650959789
leaf_weight=177325 149899 244202 262006 17442 92084 26847 422735 359722 98747 184962 156974 13790 34638 32676 200310 176226 462134 331064 41769 460919 13533 6579 211772 28433 10882 339640 34724 308502 28322 71142
leaf_count=177325 149899 244202 262006 17442 92084 26847 422735 359722 98747 184962 156974 13790 34638 32676 200310 176226 462134 331064 41769 460919 13533 6579 211772 28433 10882 339640 34724 308502 28322 71142
internal_value=-4.43316e-07 -0.0236459 0.0326488 -0.043219 -0.0405028 0.0461179 -0.00404245 0.0138516 0.0521447 -0.0324321 -0.0184524 0.0153148 0.0468922 0.00750601 0.0193869 -0.0751481 0.0553568 -0.049655 -0.0261081 -0.00622918 -0.167742 0.0267156 -0.0319635 0.0429091 0.0777295 0.0233704 0.0418443 -0.0308039 -0.0062282 0.0117064
internal_weight=5e+06 2.89985e+06 2.10015e+06 1.45106e+06 1.42008e+06 1.22346e+06 1.4488e+06 876687 1.09715e+06 1.15177e+06 635744 170268 998403 951054 234948 268310 763455 516026 497743 528319 30975 156478 455974 490567 272888 699362 67400 465476 126311 97989
internal_count=5000000 2899852 2100148 1451055 1420080 1223461 1448797 876687 1097150 1151770 635744 170268 998403 951054 234948 268310 763455 516026 497743 528319 30975 156478 455974 490567 272888 699362 67400 465476 126311 97989
cat_boundaries=0 1 2 3 4 5 6 7 8 9
cat_threshold=992 16760832 126982 32 1984 6 992 16646145 3096
is_linear=0
shrinkage=0.1


Tree=34
num_leaves=31
num_cat=8
split_feature=0 0 49 23 0 23 23 76 76 0 76 87 18 75 0 23 78 76 53 0 23 18 23 76 76 76 0 18 4 8
split_gain=319948 90525.1 60653.1 38069.3 35711.3 36726.6 33015.9 32056.9 28723.5 28160.4 25932.3 21515.1 20417.8 20090.3 18794.4 25791.1 18749.8 18610.5 18349.7 17901.8 17793.5 17119.1 16987.8 17863.1 15577.3 15210.7 16466.5 14072.7 14015.5 13823.5
threshold=17.349999427795414 3.6499999761581425 1.0500000119209292 9.8499999046325701 25.550000190734867 25.650000572204593 17.44999980926514 0 1 -5.2499999999999991 2 1.0000000180025095e-35 12.650000095367433 3 9.6500000953674334 10.650000095367433 1.0000000180025095e-35 4 1.6500000357627871 14.050000190734865 0.84999999403953563 2.4500000476837163 4.8500001430511483 5 6 7 -12.849999904632567 20.94999980926514 18.750000000000004 5.8500001430511483
decision_type=2 2 10 8 2 10 10 1 1 2 1 10 10 1 2 10 10 1 8 2 10 10 8 1 1 1 2 10 10 10
left_child=1 3 10 9 5 8 7 11 16 20 -3 29 -10 22 15 -9 -2 -15 -14 -8 25 -16 23 -11 -6 -1 -27 -26 -23 -4
right_child=4 2 6 -5 24 -7 19 14 12 13 -12 -13 18 17 21 -17 -18 -19 -20 -21 -22 28 -24 -25 27 26 -28 -29 -30 -31
leaf_value=-0.015149103186116336 -0.00059901652611325611 0.046101257291299866 -0.079861724613146265 -0.18011469219659323 0.035712104755373945 -0.02943781748943855 -0.13044212376994099 -0.01101463720378041 0.14924808032679304 -0.078837362224680074 0.003400358754617824 0.052773614433332387 0.049573371325272821 0.06168990597219718 0.13176416649505557 -0.073608091823964938 0.077128311681774142 -0.045304494967720661 0.020504485649803672 -0.04580413395047532 -0.27193522638480067 0.0079568233178018855 -0.078773363585892112 -0.027907870302602195 0.24187183616804697 -0.19205336703365511 -0.078138486892156536 0.067273328872911639 -0.052579470501132076 -0.030817010110026521
leaf_weight=32405 362348 211134 115624 20285 246190 119739 33493 394944 16317 77687 435722 19951 477316 39619 10574 78995 33942 27556 398418 98435 4764 494670 95208 606741 4695 14588 97499 275431 41450 114260
leaf_count=32405 362348 211134 115624 20285 246190 119739 33493 394944 16317 77687 435722 19951 477316 39619 10574 78995 33942 27556 398418 98435 4764 494670 95208 606741 4695 14588 97499 275431 41450 114260
internal_value=-4.30169e-07 -0.0200946 -0.00799275 -0.0444953 0.0318445 0.0235376 -0.0196769 -0.0147325 0.0284611 -0.0417334 0.0173387 -0.0468378 0.0384131 -0.0346743 -0.0068731 -0.0214476 0.00605813 0.0177993 0.0363484 -0.0672915 -0.0817834 0.00576165 -0.0391952 -0.0336903 0.0540684 -0.0755139 -0.0929561 0.0701971 0.00327647 -0.0554849
internal_weight=5e+06 3.0656e+06 2.04925e+06 1.01635e+06 1.9344e+06 1.40808e+06 1.4024e+06 1.27047e+06 1.28834e+06 996067 646856 249835 892051 846811 1.02063e+06 473939 396290 67175 875734 131928 149256 546694 779636 684428 526316 144492 112087 280126 536120 229884
internal_count=5000000 3065604 2049252 1016352 1934396 1408080 1402396 1270468 1288341 996067 646856 249835 892051 846811 1020633 473939 396290 67175 875734 131928 149256 546694 779636 684428 526316 144492 112087 280126 536120 229884
cat_boundaries=0 1 2 3 4 5 6 7 8
cat_threshold=245760 520192 133088 6158 12542 122880 1040384 960
is_linear=0
shrinkage=0.1


Tree=35
num_leaves=31
num_cat=6
split_feature=0 0 50 0 23 23 74 23 50 76 76 90 76 0 0 23 76 55 18 8 76 72 29 88 17 18 76 88 44 23
split_gain=262538 65113.7 50717 43271.4 38029.7 34808.6 34360.8 29546 29095.4 20995 20891.8 20343.3 18566 17972.4 16121 19115.3 15240 16824.8 20630.4 16704.2 14980.5 13907.1 13822.7 13721.3 13662.8 13528.6 12862.1 12604.4 12110.1 11866.3
threshold=15.34999990463257 0.45000000298023229 1.1500000357627871 23.650000572204593 24.650000572204593 16.650000572204593 69.500000000000014 6.0499999523162851 1.2500000000000002 0 1 1.0000000180025095e-35 2 -8.6500000953674299 31.150000572204593 24.150000572204593 3 2.3500000238418584 3.4500000476837163 -13.050000190734862 4 36.436649322509773 1.0000000180025095e-35 1.5500000119209292 -13.15000009536743 20.44999980926514 5 2.1499999761581425 1.0000000180025095e-35 13.550000190734865
decision_type=2 2 10 2 10 10 2 8 8 1 1 10 1 2 2 10 1 10 8 8 1 2 10 8 10 10 1 10 8 10
left_child=1 7 9 4 8 6 23 13 20 21 11 -8 -5 26 15 -14 19 22 -19 -15 28 -3 -18 -4 -9 -7 -1 -12 -2 -10
right_child=3 2 5 12 -6 25 10 24 29 -11 27 -13 14 16 -16 -17 17 18 -20 -21 -22 -23 -24 -25 -26 -27 -28 -29 -30 -31
leaf_value=-0.05300267480916409 0.04827899375440476 0.047172802355165661 0.017034538407109414 0.078874591038031142 -0.047860426176388811 -0.070212314411697244 -0.066560407032877411 -0.62276822802836695 0.046607319570732303 -0.0058074718109421891 -0.0076554891547508976 0.030403059642732946 0.059112098777267891 -0.23314835864504341 0.083832440619319798 0.020837838852760228 -0.0091353388798499652 -0.045326231091431801 -0.16530745383147369 -0.06368167809779117 0.022525528988673153 0.0046067427967114377 -0.085431693033104175 -0.014043040926048925 -0.1554051965825389 -0.18250713047359243 -0.14503985208910405 -0.059307713506533258 0.12066629691232895 0.0036327761180314239
leaf_weight=31701 203459 172528 190432 125627 90922 66394 254613 647 70188 434333 209659 23647 185074 6171 66710 442413 246413 131236 16088 101237 298783 138270 26278 559411 18827 12796 29206 60986 26073 759878
leaf_count=31701 203459 172528 190432 125627 90922 66394 254613 647 70188 434333 209659 23647 185074 6171 66710 442413 246413 131236 16088 101237 298783 138270 26278 559411 18827 12796 29206 60986 26073 759878
internal_value=-3.9121e-07 -0.020888 -0.012626 0.0251377 0.0147516 -0.0239917 -0.0200671 -0.0497473 0.0189425 0.00839204 -0.0390781 -0.0583182 0.0434984 -0.0457361 0.0370949 0.0321266 -0.0397966 -0.031198 -0.0584284 -0.0734114 0.0372872 0.0282348 -0.0164877 -0.0061505 -0.170933 -0.0883576 -0.0971687 -0.0192939 0.0564992 0.00726658
internal_weight=5e+06 2.73087e+06 2.12307e+06 2.26913e+06 1.4493e+06 1.37794e+06 1.29875e+06 607804 1.35838e+06 745131 548905 278260 819824 588330 694197 627487 527423 420015 147324 107408 528315 310798 272691 749843 19474 79190 60907 270645 229532 830066
internal_count=5000000 2730873 2123069 2269127 1449303 1377938 1298748 607804 1358381 745131 548905 278260 819824 588330 694197 627487 527423 420015 147324 107408 528315 310798 272691 749843 19474 79190 60907 270645 229532 830066
cat_boundaries=0 1 2 3 4 5 6
cat_threshold=395248 4190208 992 1040384 2040 16372
is_linear=0
shrinkage=0.1


Tree=36
num_leaves=31
num_cat=8
split_feature=75 72 75 76 87 76 73 17 76 87 43 18 90 74 73 75 17 85 73 90 73 18 74 76 18 0 51 72 74 76
split_gain=223504 72052.4 46957.1 37946 30847.2 30225 32875.1 29585.1 26939.8 31056.1 25074 24767.2 21543.6 21092.3 20846.8 19469.3 19291.5 17516 17286.2 16894.7 14109.7 19777.5 14078.4 13971.9 13527.5 14595.5 13314.7 13230.5 13013.8 12433.2
threshold=0 34.80999946594239 1 2 1.0000000180025095e-35 3 129.87249755859378 13.550000190734865 4 1.0000000180025095e-35 1.0000000180025095e-35 12.84999990463257 1.0000000180025095e-35 49.500000000000007 142.07500457763675 5 34.850000381469734 1.4499999880790713 138.99334716796878 1.0000000180025095e-35 140.62335205078128 12.84999990463257 224.50000000000003 6 25.94999980926514 20.050000190734867 1.2500000000000002 38.909999847412116 65.500000000000014 7
decision_type=1 2 1 1 10 1 2 8 1 10 8 10 10 2 2 1 8 8 2 10 2 10 2 1 10 2 10 2 2 1
left_child=3 5 8 13 10 17 -7 14 9 11 16 -3 18 -1 22 -15 19 -2 -8 20 23 -22 -4 -5 -6 -26 -10 -13 -28 -12
right_child=1 2 7 4 24 6 12 -9 26 -11 29 27 -14 15 -16 -17 -18 -19 -20 -21 21 -23 -24 -25 25 -27 28 -29 -30 -31
leaf_value=0.026808739148564166 0.066655469612080048 0.04296712972412528 -0.028139476778342422 0.060355241519057461 0.0072339067034281838 0.054148779676171169 -0.027586884472993334 -0.21232332491857819 -0.0070037239937381455 -0.080331144003403063 0.050487519216494782 0.0040660472748243661 0.054667971983094893 -0.043686971896869438 -0.0793438190099926 0.0054349336158175856 0.2268890844615819 0.01537499431395665 0.088877704569970781 -0.030043281803333002 0.090386103453860056 0.0086413601409999347 -0.059398595138816228 0.031849355565005122 -0.28052128113797153 -0.046703928780915338 -0.019359225130557933 -0.069890458038327705 -0.050172736388065832 0.12174309195681816
leaf_weight=377306 92084 176412 500261 341004 96127 72670 431548 10595 271149 35311 44692 93544 37615 101180 140452 398201 5312 240768 13132 37488 33869 234669 202360 347013 2975 26016 286791 32626 262534 54296
leaf_count=377306 92084 176412 500261 341004 96127 72670 431548 10595 271149 35311 44692 93544 37615 101180 140452 398201 5312 240768 13132 37488 33869 234669 202360 347013 2975 26016 286791 32626 262534 54296
internal_value=-3.72586e-07 -0.017993 -0.0284638 0.0248435 0.036222 0.00573667 -0.00855281 -0.0462593 -0.0153488 0.008415 0.0415816 0.0187719 -0.0180006 0.00896395 -0.0441729 -0.00451846 0.0368263 0.0295609 -0.0241475 0.0358106 0.0383915 0.0189513 -0.0371423 0.0459792 -0.0108236 -0.0706978 -0.0251354 -0.0150582 -0.0340857 0.0895894
internal_weight=5e+06 2.89985e+06 2.01204e+06 2.10015e+06 1.22346e+06 887817 554965 853668 1.15837e+06 337893 1.09834e+06 302582 482295 876687 843073 499381 999355 332852 444680 994043 956555 268538 702621 688017 125118 28991 820474 126170 549325 98988
internal_count=5000000 2899852 2012035 2100148 1223461 887817 554965 853668 1158367 337893 1098343 302582 482295 876687 843073 499381 999355 332852 444680 994043 956555 268538 702621 688017 125118 28991 820474 126170 549325 98988
cat_boundaries=0 1 2 3 4 5 6 7 8
cat_threshold=992 3096 16760832 16352 508 32 1016 12303
is_linear=0
shrinkage=0.1


Tree=37
num_leaves=31
num_cat=7
split_feature=0 0 23 49 75 23 73 76 76 74 30 18 76 18 0 23 20 76 84 73 18 18 49 18 76 87 18 17 9 75
split_gain=186452 60835.1 38683.6 37679.3 35378.2 28971.1 28932.1 22102.3 20989.4 20671.9 20537.6 19043 16597.2 18389.4 18312.8 17134.9 15380.2 15290.5 19606.5 15331.5 15113.6 14939.3 14797.8 14642.3 15700 14129.2 14040 12850 12528.2 11896.4
threshold=8.8499999046325701 21.44999980926514 13.449999809265138 1.4499999880790713 0 21.44999980926514 141.52664947509768 1 2 249.50000000000003 1.0000000180025095e-35 35.049999237060554 3 20.94999980926514 27.250000000000004 27.650000572204593 26.849999427795414 4 1.0000000180025095e-35 129.87249755859378 12.84999990463257 25.750000000000004 1.1500000357627871 3.8500000238418584 5 1.0000000180025095e-35 2.4500000476837163 13.150000095367433 -13.050000190734862 6
decision_type=2 2 8 10 1 10 2 1 1 2 10 8 1 8 2 8 10 1 10 2 10 10 10 8 1 10 10 8 8 1
left_child=2 3 4 8 6 17 9 10 21 -1 25 12 -3 -14 15 -15 -7 18 19 -5 -12 -2 -11 24 28 29 -19 -4 -8 -6
right_child=1 11 27 5 7 16 23 -9 -10 22 20 -13 13 14 -16 -17 -18 26 -20 -21 -22 -23 -24 -25 -26 -27 -28 -29 -30 -31
leaf_value=-0.015915195510820282 0.039432561900975077 0.015104508803662806 -0.065163228994429528 0.08372739321081174 0.012205688303811581 -0.050671283394762415 -0.20024742626943726 -0.024348791583395993 0.0031887819984406617 -0.024389948834969911 -0.048981806174321019 0.23710144975358949 0.080973658193030207 0.030585670147056345 0.063762125124892696 -0.034126612221881208 -0.22024168063447755 0.11989938284394937 0.069418974186588864 -0.0350594770541049 -0.33511635700318526 -0.022191360590279385 -0.070136597425726963 -0.1457818180031972 -0.035061989388249469 -0.086961061550111629 0.0023914199423974701 -0.18002488764301749 -0.075437336905474842 0.060096856123315362
leaf_weight=733349 422387 418410 18753 11337 107896 91752 8869 191931 437446 138567 14901 4508 95178 484014 159626 44696 5680 10309 21338 261248 2107 43380 144392 19311 149067 9914 743164 20265 86297 99908
leaf_count=733349 422387 418410 18753 11337 107896 91752 8869 191931 437446 138567 14901 4508 95178 484014 159626 44696 5680 10309 21338 261248 2107 43380 144392 19311 149067 9914 743164 20265 86297 99908
internal_value=-2.90083e-07 0.014142 -0.0263682 0.00364858 -0.0241172 -0.0083992 -0.0324303 0.000820765 0.0189192 -0.0247742 0.0214016 0.0319558 0.0311863 0.0397736 0.0340773 0.025115 -0.0605567 -0.00354735 -0.0228921 -0.030119 -0.084429 0.0336924 -0.0477341 -0.061956 -0.0553281 0.02967 0.00399911 -0.12482 -0.0870599 0.0352343
internal_weight=5e+06 3.25447e+06 1.74553e+06 2.04804e+06 1.70651e+06 1.14483e+06 1.27985e+06 426657 903213 1.01631e+06 234726 1.20643e+06 1.20192e+06 783514 688336 528710 97432 1.0474e+06 293923 272585 17008 465767 282959 263544 244233 217718 753473 39018 95166 207804
internal_count=5000000 3254473 1745527 2048041 1706509 1144828 1279852 426657 903213 1016308 234726 1206432 1201924 783514 688336 528710 97432 1047396 293923 272585 17008 465767 282959 263544 244233 217718 753473 39018 95166 207804
cat_boundaries=0 1 2 3 4 5 6 7
cat_threshold=4110 511 395260 516096 507904 4186112 3072
is_linear=0
shrinkage=0.1


Tree=38
num_leaves=31
num_cat=5
split_feature=0 52 48 76 0 18 8 18 74 0 76 24 1 18 18 72 25 74 0 75 76 76 78 23 2 23 0 23 0 72
split_gain=156240 52649.4 40198.2 36396.4 29705.8 47527.2 28864.4 23673.1 23083.4 20941.1 26633.7 20712.7 19897.8 19112.9 17891.9 15814.2 15809.8 13965 13338.7 13222.8 15436.7 12335.4 15979.2 11892 11700.4 11558.2 11551 14022 11440.4 11253.5
threshold=17.849999427795414 1.7500000000000002 1.8499999642372134 0 -1.8499999642372129 3.4500000476837163 3.0499999523162846 20.94999980926514 65.500000000000014 28.750000000000004 1 1.0000000180025095e-35 -12.849999904632567 25.750000000000004 11.84999990463257 36.436649322509773 1.0000000180025095e-35 58.500000000000007 23.750000000000004 2 3 4 1.0000000180025095e-35 21.250000000000004 16.250000000000004 16.550000190734867 21.849999427795414 23.849999427795414 24.44999980926514 30.90164947509766
decision_type=2 8 8 1 2 8 8 8 2 2 1 2 8 10 10 2 10 2 2 1 1 1 10 10 8 10 2 8 2 2
left_child=1 2 3 11 5 -3 12 8 -6 10 13 15 -5 16 -12 -1 25 -8 -15 20 -4 22 29 -9 -16 -2 27 -26 -27 -10
right_child=9 4 19 6 7 -7 17 23 21 -11 14 -13 -14 18 24 -17 -18 -19 -20 -21 -22 -23 -24 -25 26 28 -28 -29 -30 -31
leaf_value=0.063909174215995609 0.048372742912728452 -0.053738899018333952 -0.06474220134736125 -0.18632384580474279 -0.0085366412073740443 -0.29224290680357323 0.027361871160983348 -0.072614948897065407 0.10121250044470492 0.054353218601149549 0.21057013870314961 -0.041835406546080908 -0.029218159073168909 -0.15263791507708366 0.10235136856464909 0.019495752422601889 0.060507193121526665 -0.0031804135581329075 -0.026129319027843018 -0.0065141248754533448 -0.010168040385136549 -0.018519961439048823 0.023332955352044597 -0.21500775887599449 0.020085121152422114 -0.007703163408798586 0.039004532030807088 -0.065259062184808203 0.021716226790304667 -0.058185643552001703
leaf_weight=167048 59913 162142 142986 8400 779627 8809 224979 29526 4501 191961 5541 31947 200119 9615 21971 154154 59195 447444 62574 148848 81320 247221 28180 7319 361261 389785 465743 20335 200010 277526
leaf_count=167048 59913 162142 142986 8400 779627 8809 224979 29526 4501 191961 5541 31947 200119 9615 21971 154154 59195 447444 62574 148848 81320 247221 28180 7319 361261 389785 465743 20335 200010 277526
internal_value=-2.5484e-07 -0.013535 -0.000864355 0.00783191 -0.0267174 -0.0660289 -0.00304153 -0.021826 -0.019647 0.0230869 0.0194624 0.0349552 -0.035547 0.00604036 0.0314456 0.0425939 0.0110322 0.00703841 -0.0429793 -0.0296246 -0.0449582 -0.035186 -0.0484659 -0.1009 0.0303042 0.00652453 0.0284361 0.0155372 0.00227348 -0.0556417
internal_weight=5e+06 3.1521e+06 1.60724e+06 1.23409e+06 1.54485e+06 170951 880942 1.3739e+06 1.33706e+06 1.8479e+06 1.65594e+06 353149 208519 781092 874851 321202 708903 672423 72189 373154 224306 557428 310207 36845 869310 649708 847339 381596 589795 282027
internal_count=5000000 3152096 1607245 1234091 1544851 170951 880942 1373900 1337055 1847904 1655943 353149 208519 781092 874851 321202 708903 672423 72189 373154 224306 557428 310207 36845 869310 649708 847339 381596 589795 282027
cat_boundaries=0 1 2 3 4 5
cat_threshold=4032 1047552 7174 130590 8373248
is_linear=0
shrinkage=0.1


Tree=39
num_leaves=31
num_cat=7
split_feature=0 23 75 75 76 28 73 76 18 73 78 74 23 76 18 24 17 32 80 18 76 33 17 8 76 51 23 0 11 85
split_gain=130892 36564.1 36772.6 36182.1 24966.1 24109.7 23967.2 19542.1 18329.6 19608.5 16770.9 15185.5 14788.2 13980.4 14956.8 13203.6 13009.8 13005.2 12680.7 12596.5 12538.2 12063.9 11972 11744.6 11288.9 11230.5 10772.8 23189.9 10740.9 10327.7
threshold=11.449999809265138 15.150000095367433 0 1 2 1.0000000180025095e-35 136.97330474853518 3 3.4500000476837163 140.11250305175784 1.0000000180025095e-35 249.50000000000003 19.650000572204593 4 12.84999990463257 1.0000000180025095e-35 34.049999237060554 1.0000000180025095e-35 -13.749999999999998 16.550000190734867 5 1.0000000180025095e-35 13.150000095367433 -13.050000190734862 6 1.4499999880790713 2.6499999761581425 -0.25000000745058054 1.8499999642372134 1.4499999880790713
decision_type=2 8 1 1 1 10 2 1 10 2 10 2 8 1 8 2 8 10 8 8 1 8 10 10 1 8 8 2 8 8
left_child=1 2 6 16 5 10 7 29 28 11 17 25 -11 15 18 23 -2 -4 -15 -3 -13 24 -7 -8 -21 -10 -20 -28 -5 -1
right_child=3 19 4 8 -6 22 13 -9 9 12 -12 20 -14 14 -16 -17 -18 -19 26 21 -22 -23 -24 -25 -26 -27 27 -29 -30 -31
leaf_value=0.060023582307089741 0.029489363305734113 -0.06287836650768247 0.041231375630251123 0.030240844972515481 -0.015448758002898322 -0.031138819484234179 -0.23168353620754509 -0.02164381170462841 0.029285140834151693 -0.0011562036542010566 -0.083965229928112811 0.026678238720546088 -0.03995978345069412 -0.1320385962724184 -0.12511092239580635 0.03321675905121909 0.14634032292166363 -0.072020787345807691 -0.019673173094352084 -0.054582116612225319 -0.021095219034252096 -0.34746662328190775 -0.19492009449571432 -0.072903566434866229 -0.21926147535127863 0.0089716095220943627 -0.1378068846365032 -0.034574654860918652 0.17772325514640377 0.0043715849913439726
leaf_weight=47309 875112 31564 260688 10111 345017 16328 4908 335756 427614 361142 12003 73324 134900 11722 16448 11312 9633 10550 558491 8970 218985 3052 6142 91639 7794 748654 24224 213975 9652 112981
leaf_count=47309 875112 31564 260688 10111 345017 16328 4908 335756 427614 361142 12003 73324 134900 11722 16448 11312 9633 10550 558491 8970 218985 3052 6142 91639 7794 748654 24224 213975 9652 112981
internal_value=-2.4934e-07 -0.0187747 -0.0167157 0.0139434 0.00298891 0.023797 -0.0256899 -0.0079301 0.00644483 0.00548092 0.0317075 0.0112871 -0.0117089 -0.0351353 -0.0307069 -0.0689926 0.0307613 0.0368264 -0.0287865 -0.10211 -0.00911134 -0.164601 -0.0759072 -0.0809752 -0.131309 0.0163563 -0.0272674 -0.045073 0.102269 0.0207958
internal_weight=5e+06 2.13087e+06 2.07949e+06 2.86913e+06 650728 305711 1.42876e+06 496046 1.98438e+06 1.96462e+06 283241 1.46858e+06 496042 932719 824860 107859 884745 271238 808412 51380 292309 19816 22470 96547 16764 1.17627e+06 796690 238199 19763 160290
internal_count=5000000 2130873 2079493 2869127 650728 305711 1428765 496046 1984382 1964619 283241 1468577 496042 932719 824860 107859 884745 271238 808412 51380 292309 19816 22470 96547 16764 1176268 796690 238199 19763 160290
cat_boundaries=0 1 2 3 4 5 6 7
cat_threshold=4110 388 510 16320 114688 4032 496
is_linear=0
shrinkage=0.1


Tree=40
num_leaves=31
num_cat=7
split_feature=75 72 76 91 41 84 85 18 89 76 76 73 80 87 84 74 74 73 85 83 27 76 0 22 0 89 76 75 48 90
split_gain=111066 41175.2 27181.7 26383.8 24465.7 23882.3 21635.7 23247.2 30015.6 19191.9 18792.6 21943.5 18720.9 16733.6 16699.7 15654.2 14932.9 14479 13885.2 13531.8 13395.9 15103 13673.6 16672.7 16845.3 12393.9 12371.9 12005.6 11935.6 11680.2
threshold=0 34.788349151611335 1 1.6500000357627871 1.0000000180025095e-35 1.0000000180025095e-35 1.5500000119209292 12.84999990463257 8.6500000953674334 2 3 129.97499847412112 11.449999809265138 1.0000000180025095e-35 1.0000000180025095e-35 65.500000000000014 48.500000000000007 138.99334716796878 2.6499999761581425 13.750000000000002 1.0000000180025095e-35 4 29.550000190734867 24.349999427795414 23.94999980926514 -13.15000009536743 5 6 1.0500000119209292 1.0000000180025095e-35
decision_type=1 2 1 8 8 10 8 8 8 1 1 2 10 10 10 2 2 2 10 8 8 1 2 8 2 8 1 1 10 10
left_child=2 10 14 9 5 20 -5 12 -9 29 18 -12 16 17 15 -1 -8 -13 -2 -10 21 -4 23 -23 -25 -11 -7 -17 -18 -3
right_child=1 3 4 6 -6 26 7 8 19 25 11 13 -14 -15 -16 27 28 -19 -20 -21 -22 22 -24 24 -26 -27 -28 -29 -30 -31
leaf_value=0.012924306016962723 0.03630179445423428 0.036438602541917199 0.053053412628322 -0.006727178546990488 0.067824090151965208 0.020940006933036114 -0.016914239663419053 -0.220014945453337 -0.1193764956206913 -0.13876686107583536 0.041672288307421215 -0.023098722357909836 0.019470643954258113 0.051063096892593002 0.047303855869460704 -0.052760001681062152 -0.019968471817861475 0.083505495964826343 -0.010969886685675815 -0.043811998026210761 -0.024712968032196303 0.028524995368026881 0.061844483169320612 -0.055360280346743812 0.010329575549107073 -0.011357579455898801 -0.049332718179471158 -0.0073769469227865439 -0.055413411094980818 -0.061758048024268035
leaf_weight=356168 245374 134600 204962 342291 128264 39910 317781 12310 29104 7752 82322 416164 72712 36089 76342 73373 134007 13143 83208 127597 49072 510683 80523 49827 180279 505688 67278 283467 326399 13311
leaf_count=356168 245374 134600 204962 342291 128264 39910 317781 12310 29104 7752 82322 416164 72712 36089 76342 73373 134007 13143 83208 127597 49072 510683 80523 49827 180279 505688 67278 283467 326399 13311
internal_value=-2.85483e-07 -0.0126839 0.017513 -0.0205254 0.0263414 0.0218421 -0.0284816 -0.0357826 -0.0696582 -0.0041378 0.00542366 -0.00591896 -0.0290541 -0.0143373 0.00285245 -0.00190693 -0.0335881 -0.0198351 0.0243303 -0.0578466 0.0263289 0.0287695 0.0227084 0.0184546 -0.00389486 -0.013281 -0.0231703 -0.0167102 -0.0450967 0.0275997
internal_weight=5e+06 2.89985e+06 2.10015e+06 2.02355e+06 1.3108e+06 1.18253e+06 1.3622e+06 1.01991e+06 169011 661351 876300 547718 850899 465396 789350 713008 778187 429307 328582 156701 1.07535e+06 1.02627e+06 821312 740789 230106 513440 107188 356840 460406 147911
internal_count=5000000 2899852 2100148 2023552 1310798 1182534 1362201 1019910 169011 661351 876300 547718 850899 465396 789350 713008 778187 429307 328582 156701 1075346 1026274 821312 740789 230106 513440 107188 356840 460406 147911
cat_boundaries=0 1 2 3 4 5 6 7
cat_threshold=992 16744448 1984 16352 224 30723 32
is_linear=0
shrinkage=0.1


Tree=41
num_leaves=31
num_cat=4
split_feature=0 88 79 76 91 18 0 18 48 17 76 72 23 0 23 23 76 76 86 48 74 83 86 78 48 0 0 48 18 0
split_gain=93666.7 40914.6 34998.1 29410 23437.5 25472.9 22180.7 31233.4 17872.7 17597.3 16421.7 16062.2 14658.8 18911.9 21186.8 14505.4 14498.7 14489.8 13716.9 13266.4 13134.5 12310.2 11434.5 10359.6 10346.1 10103.5 10061.4 9654.94 9614.78 28080.3
threshold=18.44999980926514 1.4499999880790713 1.5500000119209292 0 1.4499999880790713 20.94999980926514 8.8499999046325701 12.84999990463257 1.3499999642372134 -1.4499999880790708 1 36.436649322509773 18.550000190734867 26.650000572204593 26.849999427795414 13.250000000000002 2 3 4.8500001430511483 2.7500000000000004 49.500000000000007 20.150000572204593 13.750000000000002 1.0000000180025095e-35 1.9499999880790713 20.94999980926514 4.2500000000000009 1.0500000119209292 3.4500000476837163 0.45000000298023229
decision_type=2 8 8 1 8 8 2 10 8 10 1 2 8 2 8 8 1 1 8 10 2 8 8 8 8 2 2 10 10 2
left_child=1 3 10 11 -4 6 7 20 -9 -2 23 -1 16 14 17 -8 -11 19 -5 -14 -6 -19 -17 -3 -7 -18 -10 -22 -29 -30
right_child=9 2 4 18 5 24 15 8 26 12 -12 -13 13 -15 -16 22 25 21 -20 -21 27 -23 -24 -25 -26 -27 -28 28 29 -31
leaf_value=0.057391272048485979 0.43393898267447312 0.032042925690944322 -0.0032607483392056106 -0.022299852387998136 -0.018912940569356787 -0.063124835600459908 0.0022575769569631757 -0.045558295129728789 -0.36890344300004885 0.015386590944994517 -0.010456406816178461 0.011258382889200886 0.044523048416857287 0.034205717215693501 -0.037351826007019022 -0.071696295722313619 0.051875308600718144 -0.026407951658998275 0.0068378126364507449 -0.0147135479129422 -0.021382032194358955 0.010798791416410188 -0.020237084147679867 -0.038334254102102339 -0.16279864804375166 0.12431460966128166 -0.16589737003143931 -0.042707188144063025 -0.23159641499070763 -0.063156370507239754
leaf_weight=142448 1020 209491 408482 264732 280099 23636 287331 13390 2852 98904 297137 160517 204949 386166 92192 52193 86281 101837 414584 46359 105101 701334 250078 23236 18616 24785 16958 179157 11047 95088
leaf_count=142448 1020 209491 408482 264732 280099 23636 287331 13390 2852 98904 297137 160517 204949 386166 92192 52193 86281 101837 414584 46359 105101 701334 250078 23236 18616 24785 16958 179157 11047 95088
internal_value=-2.64027e-07 -0.0100165 -0.017384 0.00703851 -0.0242222 -0.0306333 -0.0281371 -0.0401246 -0.134802 0.0187027 0.00512373 0.032948 0.0184596 0.0150653 0.00861935 -0.01383 0.0432392 0.0126386 -0.00451718 0.0335943 -0.0354365 0.00608114 -0.0291225 0.0250152 -0.107041 0.0680344 -0.195124 -0.0472919 -0.056837 -0.0806884
internal_weight=5e+06 3.25617e+06 2.27389e+06 982281 1.74403e+06 1.33555e+06 1.29329e+06 703692 33200 1.74383e+06 529864 302965 1.74281e+06 1.53284e+06 1.14667e+06 589602 209970 1.05448e+06 679316 251308 670492 803171 302271 232727 42252 111066 19810 390393 285292 106135
internal_count=5000000 3256173 2273892 982281 1744028 1335546 1293294 703692 33200 1743827 529864 302965 1742807 1532837 1146671 589602 209970 1054479 679316 251308 670492 803171 302271 232727 42252 111066 19810 390393 285292 106135
cat_boundaries=0 1 2 3 4
cat_threshold=4064 8184 508028 504
is_linear=0
shrinkage=0.1


Tree=42
num_leaves=31
num_cat=12
split_feature=75 76 81 24 72 42 74 90 18 48 72 75 29 73 87 76 75 18 74 0 76 76 18 76 75 18 76 75 0 75
split_gain=79723.2 32133.2 38235.1 31274.1 28448.5 26563.5 23966.8 22933.5 22856.1 20629.5 18149.9 17217.7 16625.5 16424 13290.7 13008.7 16641.6 15943.5 13007.5 12948.2 12751.1 12742.7 10897.1 10766.5 10545.6 10337.2 10051.5 11988.5 9785.1 9439.45
threshold=0 1 1.0000000180025095e-35 1.0000000180025095e-35 34.80999946594239 1.0000000180025095e-35 65.500000000000014 1.0000000180025095e-35 12.84999990463257 3.5499999523162846 39.600799560546882 2 1.0000000180025095e-35 142.07500457763675 1.0000000180025095e-35 3 4 16.750000000000004 352.00000000000006 25.94999980926514 5 6 25.250000000000004 7 8 3.8500000238418584 9 10 -6.6499998569488517 11
decision_type=1 1 10 2 2 8 2 10 8 10 2 1 8 2 10 1 1 10 2 2 1 1 10 1 1 10 1 1 2 1
left_child=4 2 5 6 21 7 19 9 13 12 24 -8 14 18 15 -2 20 -18 29 22 -17 -1 -3 -7 -10 26 -15 28 -28 -6
right_child=1 3 -4 -5 8 23 11 -9 10 -11 -12 -13 -14 25 -16 16 17 -19 -20 -21 -22 -23 -24 -25 -26 -27 27 -29 -30 -31
leaf_value=-0.025070967721106702 0.059921495531317683 0.00305959687545847 -0.026749244230251969 0.045443839571126993 0.0051397113204222043 0.11757791264677986 -0.043355828774014657 -0.050713198454867027 -0.041244519430766236 -0.0081467438195693687 -0.20772459858591744 -0.007782177502615473 -0.032626023426876455 -0.0077021402819338891 -0.057897858424649645 -0.031982384999486038 0.06870033317735573 0.028766705633989656 -0.035389368508390986 0.033607567739400816 0.020985581723809751 0.0098814443794278325 -0.10322432792500658 0.051646194720827369 -0.13648080325434928 -0.099696122495820272 -0.1322422819775316 -0.012723139760995464 -0.054646345366709939 -0.016558870423791294
leaf_weight=131722 164143 495854 150141 138026 313786 36248 190871 41723 74111 163743 8687 473755 40469 79282 15884 63635 131004 422155 231715 160303 158960 500980 9838 78386 13790 28700 22630 46572 57655 555232
leaf_count=131722 164143 495854 150141 138026 313786 36248 190871 41723 74111 163743 8687 473755 40469 79282 15884 63635 131004 422155 231715 160303 158960 500980 9838 78386 13790 28700 22630 46572 57655 555232
internal_value=-2.3664e-07 0.0105908 0.0210616 0.000135287 -0.015055 0.026515 -0.00456459 0.0221275 -0.0228568 0.0247475 -0.0698329 -0.0179992 0.030154 -0.0194595 0.0328122 0.0343451 0.0289322 0.0382234 -0.0143374 0.00884239 0.00584245 0.00260447 0.000991893 0.072509 -0.0562055 -0.0434678 -0.0356394 -0.0530946 -0.0765088 -0.00872405
internal_weight=5e+06 2.93514e+06 1.46649e+06 1.46865e+06 2.06486e+06 1.31635e+06 1.33062e+06 1.20172e+06 1.43216e+06 1.15999e+06 96588 664626 996250 1.33557e+06 955781 939897 775754 553159 1.10073e+06 665995 222595 632702 505692 114634 87901 234839 206139 126857 80285 869018
internal_count=5000000 2935138 1466491 1468647 2064862 1316350 1330621 1201716 1432160 1159993 96588 664626 996250 1335572 955781 939897 775754 553159 1100733 665995 222595 632702 505692 114634 87901 234839 206139 126857 80285 869018
cat_boundaries=0 1 2 3 4 5 6 7 8 9 10 11 12
cat_threshold=6158 8190 48 192 1536 6146 98318 480 2056 4092 14 2056
is_linear=0
shrinkage=0.1


Tree=43
num_leaves=31
num_cat=9
split_feature=0 85 76 84 81 72 10 87 76 74 75 18 30 23 72 76 76 82 53 83 18 18 75 53 1 76 75 76 18 0
split_gain=69208.3 36889.4 41957.4 47489.2 32632.1 31019.4 23470 20010.9 19277.9 17951.8 17933.9 18466.4 16341.7 16086.3 14190.9 13782 12900.9 12679.1 11673.6 10866.6 23778.2 13539.6 10762.1 10714.7 10602 10570.3 10458.4 10450.9 9742.93 10417.9
threshold=19.650000572204593 2.1499999761581425 0 1.0000000180025095e-35 1.0000000180025095e-35 38.316650390625007 -2.2499999999999996 1.0000000180025095e-35 1 58.500000000000007 2 20.94999980926514 1.0000000180025095e-35 18.94999980926514 38.909999847412116 3 4 1.5500000119209292 1.5500000119209292 7.6499998569488534 12.449999809265138 17.050000190734867 5 2.3500000238418584 -12.849999904632567 6 7 8 25.250000000000004 6.8500001430511483
decision_type=2 10 1 10 10 2 10 10 1 2 1 10 8 10 2 1 1 8 8 8 8 10 1 10 10 1 1 1 10 2
left_child=1 2 3 5 6 7 24 10 17 23 -1 22 -7 16 26 -6 -2 -3 -11 20 -19 -21 -12 -8 -4 -26 27 -15 29 -5
right_child=13 8 4 28 15 12 9 -9 -10 18 11 -13 -14 14 -16 -17 -18 19 -20 21 -22 -23 -24 -25 25 -27 -28 -29 -30 -31
leaf_value=0.016830214039355449 0.021853643015345828 -0.0026449020049011296 -0.17912495353755586 -0.087267729199477562 -0.024753004334960298 0.0035058387802135529 0.013614894304583104 -0.065024486337385848 -0.011738154630534936 -0.0099689590853640209 0.12333468335121778 0.015994575700169381 -0.090168580209651572 0.050196579328435444 -0.0093823573337071167 0.045186082487017255 0.082532741165909598 -0.060039982335630876 -0.034188787333880248 -0.016481708368766286 -0.23333512871174911 -0.074538579970441096 0.061605748672006966 -0.013669493945691807 -0.080904306806417206 -0.021824875388806019 0.0097738529856051387 0.019970101197783651 -0.22586343924568145 -0.018244821037897679
leaf_weight=187827 75860 69818 6718 36508 35712 275394 318196 18317 470987 405878 32866 85582 19974 160431 211839 133449 65142 137671 390442 134598 8401 57258 201744 262807 58030 63379 618824 398708 3112 54528
leaf_count=187827 75860 69818 6718 36508 35712 275394 318196 18317 470987 405878 32866 85582 19974 160431 211839 133449 65142 137671 390442 134598 8401 57258 201744 262807 58030 63379 618824 398708 3112 54528
internal_value=-2.2453e-07 -0.00781541 -0.00180954 0.0153995 -0.0112213 0.0231075 -0.0159007 0.0376624 -0.0255204 -0.0120924 0.0413649 0.0557548 -0.00282881 0.017711 0.0144459 0.0304223 0.0498944 -0.041439 -0.0218441 -0.0494554 -0.0700067 -0.0338084 0.0702611 0.00127326 -0.0568382 -0.0500716 0.018731 0.0286436 -0.0518727 -0.045925
internal_weight=5e+06 3.4692e+06 2.59046e+06 915852 1.67461e+06 821704 1.50545e+06 526336 878733 1.37732e+06 508019 320192 295368 1.5308e+06 1.3898e+06 169161 141002 407746 796320 337928 146072 191856 234610 581003 128127 121409 1.17796e+06 559139 94148 91036
internal_count=5000000 3469196 2590463 915852 1674611 821704 1505450 526336 878733 1377323 508019 320192 295368 1530804 1389802 169161 141002 407746 796320 337928 146072 191856 234610 581003 128127 121409 1177963 559139 94148 91036
cat_boundaries=0 1 2 3 4 5 6 7 8 9
cat_threshold=4080 116728 6146 14 1032316 96 507904 384 2032
is_linear=0
shrinkage=0.1


Tree=44
num_leaves=31
num_cat=10
split_feature=75 73 74 51 76 71 48 76 72 17 76 0 18 75 74 84 91 76 44 81 0 55 72 76 18 75 82 76 90 75
split_gain=57701 32863.3 31874.5 17096 18775.4 17871.6 15766 15171.8 12665 11542.6 10655.4 10449.6 11597.4 13832.9 10316.6 10072.8 10002.3 9961.65 10013.2 9432.69 9319.44 8957.68 8659.4 12096.2 9124.25 11189.5 7823.61 7859.97 7784.31 7711.1
threshold=0 141.52664947509768 249.50000000000003 2.2500000000000004 1 1.5500000119209292 1.1500000357627871 2 40.239200592041023 34.850000381469734 3 -10.15000009536743 12.84999990463257 4 18.500000000000004 1.0000000180025095e-35 1.1500000357627871 5 1.0000000180025095e-35 1.0000000180025095e-35 13.34999990463257 2.8500000238418584 30.90164947509766 6 16.750000000000004 7 2.4500000476837163 8 1.0000000180025095e-35 9
decision_type=1 2 2 10 1 8 10 1 2 8 1 2 8 1 2 10 8 1 8 10 2 8 2 1 10 1 10 1 10 1
left_child=9 2 3 4 8 20 10 15 19 17 -4 -9 21 -14 -6 -3 -8 -1 -19 26 -5 -13 23 -7 -24 -26 27 -2 -29 -18
right_child=1 7 6 5 14 22 16 11 -10 -11 -12 12 13 -15 -16 -17 29 18 -20 -21 -22 -23 24 -25 25 -27 -28 28 -30 -31
leaf_value=0.0082252218611522637 0.021461549037592082 -0.05179257496165194 0.02897196450313376 -0.045663605193102683 0.018469039681713512 -0.0076849645089277704 -0.0012330901803701221 -0.068965801154577941 -0.022477235165360494 0.16686466402502945 -0.014027602745814303 0.015912212524151766 -0.028670019893909434 -0.16822317047480673 -0.0059264610591460327 0.023750266599954592 -0.0607410058868251 0.021906932290477351 0.061459653729954801 -0.012576519887669897 -0.0074894650761095447 -0.023072992459922347 0.0038048129465101388 0.060256590245858638 -0.018549013738734698 -0.15729578216801451 0.00098650827995989173 0.054007130368099503 -0.047907317361430751 -0.028605438157902036
leaf_weight=579650 148014 235332 72371 146500 245736 49843 72381 31666 50793 5220 282763 157718 64060 7981 588451 19082 132289 607463 71544 47214 113496 94104 490565 55247 150913 6036 60610 233621 7743 171594
leaf_count=579650 148014 235332 72371 146500 245736 49843 72381 31666 50793 5220 282763 157718 64060 7981 588451 19082 132289 607463 71544 47214 113496 94104 490565 55247 150913 6036 60610 233621 7743 171594
internal_value=-1.43659e-07 -0.00624825 -0.00210558 0.00347474 0.0107066 -0.00639664 -0.0203769 -0.0274811 0.0250863 0.0184697 -0.00526451 -0.0141381 -0.00877772 -0.0441576 0.00125999 -0.0461248 -0.0346407 0.0178544 0.026074 0.0299457 -0.0289995 0.00134373 0.00141177 0.0280377 -0.00290955 -0.0238962 0.0344073 0.0396095 0.0507356 -0.0425979
internal_weight=5e+06 3.73612e+06 3.12618e+06 2.39478e+06 1.38218e+06 1.0126e+06 731398 609943 547995 1.26388e+06 355134 355529 323863 72041 834187 254414 376264 1.25866e+06 679007 497202 259996 251822 752604 105090 647514 156949 449988 389378 241364 303883
internal_count=5000000 3736123 3126180 2394782 1382182 1012600 731398 609943 547995 1263877 355134 355529 323863 72041 834187 254414 376264 1258657 679007 497202 259996 251822 752604 105090 647514 156949 449988 389378 241364 303883
cat_boundaries=0 1 2 3 4 5 6 7 8 9 10
cat_threshold=448 790496 1047552 3968 1568 16745984 8190 3632 788512 6150
is_linear=0
shrinkage=0.1


Tree=45
num_leaves=31
num_cat=9
split_feature=0 23 51 0 21 75 76 76 31 81 75 23 89 0 18 34 86 41 75 23 76 6 91 18 17 76 0 76 90 75
split_gain=50388 35113.5 22196.1 19642.6 21619.2 17827.9 14300.3 14135.6 25868.1 16238.6 14501.4 12200.4 19767.1 11921.4 11306.3 12768.8 10968.3 10957.1 10655.2 9974.02 9868.01 9808.21 9567.68 9848.06 9486.84 9446.53 11206.8 9073.01 10076.6 8901.21
threshold=7.8500001430511483 10.449999809265138 1.1500000357627871 24.550000190734867 25.250000000000004 0 1 2 1.0000000180025095e-35 1.0000000180025095e-35 3 12.84999990463257 15.650000095367433 19.750000000000004 12.84999990463257 1.0000000180025095e-35 13.449999809265138 1.0000000180025095e-35 4 23.150000572204593 5 5.2500000000000009 2.0499999523162846 17.050000190734867 12.550000190734865 6 -8.6500000953674299 7 1.0000000180025095e-35 8
decision_type=2 8 8 2 10 1 1 1 10 10 1 10 8 2 8 8 10 8 1 10 1 8 10 10 10 1 2 1 10 1
left_child=1 5 6 4 11 25 17 8 9 10 -7 16 22 -6 -3 20 27 -2 21 -5 -16 -8 -13 -24 -10 -1 -27 28 -4 -9
right_child=2 14 3 19 13 7 18 29 24 -11 -12 12 -14 -15 15 -17 -18 -19 -20 -21 -22 -23 23 -25 -26 26 -28 -29 -30 -31
leaf_value=-0.0047120637498579325 0.025582532887842638 -0.048192429488179866 -0.012419367024447438 0.059359760116735841 -0.17869350273342791 0.0033208651334213218 -0.069301020399903476 -0.029774486459876189 -0.061401437637892076 -0.066459795888389211 0.04558217714670397 -0.015332344263958948 -0.00084344214784894524 -0.044594017386041067 -0.042732492298517444 -0.28779425146404231 0.044491504460509576 0.074642391774691924 0.018300270816487624 0.013749657010275855 -0.15909082508089206 -0.0020727315078196131 -0.038517987533557591 -0.11043358020561987 -0.30193376631694147 -0.088025764522748032 -0.026994518727866724 0.022068540532990885 0.065348979386107217 -0.0019837080557984928
leaf_weight=188536 484835 57747 243148 53683 7462 150773 24240 189878 29003 20130 175953 128495 945109 59414 15295 4049 82803 50242 365969 448607 13957 207208 76876 25311 1738 32376 425547 180490 17887 293239
leaf_count=188536 484835 57747 243148 53683 7462 150773 24240 189878 29003 20130 175953 128495 945109 59414 15295 4049 82803 50242 365969 448607 13957 207208 76876 25311 1738 32376 425547 180490 17887 293239
internal_value=-2.02264e-07 -0.014646 0.00688067 0.00117432 -0.00378605 -0.0110029 0.018315 -0.00157711 0.0129184 0.0207108 0.0260815 -0.00159225 -0.00724922 -0.0595568 -0.0749527 -0.121357 0.0110934 0.0301885 0.00767989 0.0186243 -0.0983195 -0.00911329 -0.0334938 -0.056331 -0.0750004 -0.0235522 -0.0313089 0.00482991 -0.00709015 -0.0129066
internal_weight=5e+06 1.59822e+06 3.40178e+06 2.26928e+06 1.767e+06 1.50717e+06 1.13249e+06 860714 377597 346856 326726 1.70012e+06 1.17579e+06 66876 91048 33301 524328 535077 597417 502290 29252 231448 230682 102187 30741 646459 457923 441525 261035 483117
internal_count=5000000 1598221 3401779 2269285 1766995 1507173 1132494 860714 377597 346856 326726 1700119 1175791 66876 91048 33301 524328 535077 597417 502290 29252 231448 230682 102187 30741 646459 457923 441525 261035 483117
cat_boundaries=0 1 2 3 4 5 6 7 8 9
cat_threshold=6 1968112 510 6144 7682 268768 8396672 4192257 536
is_linear=0
shrinkage=0.1


Tree=46
num_leaves=31
num_cat=5
split_feature=75 74 76 51 76 69 0 23 44 25 89 18 91 72 17 86 52 48 23 81 76 18 88 74 86 22 0 72 76 90
split_gain=41896.1 20281.1 19004.5 18820.1 17383.5 15627.6 15247.2 20072.5 13259.6 12952.9 12021.5 14172.9 12499.4 11609.3 14446.1 11102.9 10439.9 9749.56 8919.23 8789.33 7810.85 7580.92 7186.66 7046.28 6890.48 9020.64 6880.85 6642.65 6622.56 6474.94
threshold=0 18.500000000000004 1 0.94999998807907116 2 1.6500000357627871 28.349999427795414 28.050000190734867 1.0000000180025095e-35 1.0000000180025095e-35 22.150000572204593 12.84999990463257 2.2500000000000004 34.80999946594239 12.949999809265138 -13.749999999999998 2.9500000476837163 1.3499999642372134 22.550000190734867 1.0000000180025095e-35 3 25.349999427795414 1.3499999642372134 147.50000000000003 16.650000572204593 19.750000000000004 6.2500000000000009 35.578300476074226 4 1.0000000180025095e-35
decision_type=1 2 1 10 1 10 2 10 8 10 10 10 10 2 8 8 8 8 10 10 1 10 8 2 8 10 2 2 1 10
left_child=2 16 8 4 17 22 7 10 9 19 11 20 24 -7 -15 -6 -2 -3 -12 29 -4 -14 -5 -8 25 -13 -16 -9 -18 -1
right_child=1 3 6 5 15 13 23 27 -10 -11 18 12 21 14 26 -17 28 -19 -20 -21 -22 -23 -24 -25 -26 -27 -28 -29 -30 -31
leaf_value=0.038513693027048407 0.01645354493097868 0.038047264892013002 0.054689584201408938 -0.014278369604690486 -0.192108946987959 0.0092487485232891093 0.040794289358424218 -0.023054180948109806 0.093520513103063529 -0.04021526415127738 0.040338858855426249 -0.009820029804394094 -0.024506824165809737 -0.014050286854360211 -0.17197150548738183 -0.011172451832062129 -0.036826216600517887 -0.0080307578280334 0.0099175677201860934 -0.060035980074747398 0.01246818524036575 -0.14295779215203896 -0.040550178043737554 -0.001501291440790313 0.0040913460497371693 -0.082224784964705394 -0.057634318604914817 -0.082746332806178644 -0.00037032093774490499 -0.062990785102663094
leaf_weight=240562 383833 142148 52999 138432 3423 193568 167328 47006 31546 27368 139499 152151 182463 438903 6033 367768 65572 67832 311775 9942 252791 5568 420123 51515 794368 19401 41261 30896 207473 6453
leaf_count=240562 383833 142148 52999 138432 3423 193568 167328 47006 31546 27368 139499 152151 182463 438903 6033 367768 65572 67832 311775 9942 252791 5568 420123 51515 794368 19401 41261 30896 207473 6453
internal_value=-2.11846e-07 -0.00924094 0.00906746 -0.0146786 0.000167147 -0.021646 0.00578495 0.00302836 0.0320094 0.0251858 0.00505667 0.000646756 -0.00442559 -0.0114628 -0.0197086 -0.0128406 0.00582063 0.0231611 0.0193215 0.0321516 0.0197881 -0.0280144 -0.034039 0.030838 0.000166333 -0.0180084 -0.0722196 -0.0467281 -0.0091266 0.035862
internal_weight=5e+06 2.47637e+06 2.52363e+06 1.81949e+06 581171 1.23832e+06 2.20776e+06 1.98892e+06 315871 284325 1.91102e+06 1.45974e+06 1.15395e+06 679765 486197 371191 656878 209980 451274 256957 305790 188031 558555 218843 965920 171552 47294 77902 273045 247015
internal_count=5000000 2476369 2523631 1819491 581171 1238320 2207760 1988917 315871 284325 1911015 1459741 1153951 679765 486197 371191 656878 209980 451274 256957 305790 188031 558555 218843 965920 171552 47294 77902 273045 247015
cat_boundaries=0 1 2 3 4 5
cat_threshold=2016 224 1970048 798 1598
is_linear=0
shrinkage=0.1


Tree=47
num_leaves=31
num_cat=6
split_feature=0 23 18 10 50 75 0 18 0 74 76 76 84 73 76 48 9 18 0 24 43 76 23 23 3 18 0 76 0 30
split_gain=36171.1 26913.8 18165.2 17550.2 17219.8 16296.4 16133.2 20657.2 12237.9 11595.1 10724.3 10664.6 16350.8 11699.6 10320 16876.4 12134.7 12244.7 11814.2 11129.9 10291.7 10112.8 9790.59 9621.5 9029.6 8673.11 10671.5 10427.6 8610.56 11039.8
threshold=8.6500000953674334 10.449999809265138 2.4500000476837163 2.0499999523162846 1.1500000357627871 0 23.94999980926514 25.750000000000004 4.0499999523162851 18.500000000000004 1 2 1.0000000180025095e-35 129.87249755859378 3 1.2500000000000002 -13.050000190734862 3.4500000476837163 1.2500000000000002 1.0000000180025095e-35 1.0000000180025095e-35 4 21.650000572204593 2.8500000238418584 -1.4499999880790708 17.050000190734867 18.849999427795414 5 15.550000190734865 1.0000000180025095e-35
decision_type=2 8 10 8 8 1 2 10 2 2 1 1 10 2 1 10 8 8 2 2 10 1 8 10 10 10 2 1 2 10
left_child=1 5 3 -2 10 9 7 11 -3 -1 20 12 13 -6 15 24 -16 19 -19 -18 -4 -9 -8 -7 -11 26 27 -13 29 -27
right_child=2 8 4 -5 6 23 22 21 -10 14 -12 25 -14 -15 16 -17 17 18 -20 -21 -22 -23 -24 -25 -26 28 -28 -29 -30 -31
leaf_value=0.0040957517812464112 0.0078589244362231043 -0.13067370979534812 0.021151801137443384 0.13653927084895331 0.04182376820138551 0.034625600038967322 0.065524041147561413 -0.03380167096070396 -0.043407327415589725 0.06147872926778656 0.0055319612396474063 0.052085409177689439 0.035431977090877607 -0.019985066467515366 -0.1316543858032718 -0.024322494502301641 -0.020500472759274649 -0.08662765854353946 -0.02999807548474262 0.027140948192273903 0.068680115039147879 -0.12274425126766947 0.011166447164755476 -0.00059048081350678754 0.0011661199721837621 -0.022582507411656041 0.069992456159557598 0.0038752772599312799 0.0016610605211945868 -0.14736754505048408
leaf_weight=280077 21541 19038 492342 20865 32264 112470 35288 37454 103074 48248 528222 51797 66056 602681 10497 129655 470670 50579 135620 54740 50206 19419 543118 250104 51127 73212 32505 334867 334414 7850
leaf_count=280077 21541 19038 492342 20865 32264 112470 35288 37454 103074 48248 528222 51797 66056 602681 10497 129655 470670 50579 135620 54740 50206 19419 543118 250104 51127 73212 32505 334867 334414 7850
internal_value=-1.84666e-07 -0.011767 0.00614781 0.0711734 0.00529718 -0.00830037 0.000178548 -0.00501677 -0.0570127 -0.0137877 0.0156749 -0.00282497 -0.0119181 -0.0168443 -0.0190539 -0.000557488 -0.02492 -0.0233459 -0.0453809 -0.0155369 0.0255495 -0.0641982 0.0144828 0.0103332 0.0304488 0.00481225 0.0149611 0.0103349 -0.0054267 -0.0346666
internal_weight=5e+06 1.7159e+06 3.2841e+06 42406 3.2417e+06 1.59379e+06 2.17092e+06 1.59252e+06 122112 1.23121e+06 1.07077e+06 1.53565e+06 701001 634945 951136 229030 722106 711609 186199 525410 542548 56873 578406 362574 99375 834645 419169 386664 415476 81062
internal_count=5000000 1715899 3284101 42406 3241695 1593787 2170925 1592519 122112 1231213 1070770 1535646 701001 634945 951136 229030 722106 711609 186199 525410 542548 56873 578406 362574 99375 834645 419169 386664 415476 81062
cat_boundaries=0 1 2 3 4 5 6
cat_threshold=4110 919544 1041920 8064 252 480
is_linear=0
shrinkage=0.1


Tree=48
num_leaves=31
num_cat=6
split_feature=0 23 88 79 74 76 18 23 49 74 72 73 76 76 76 0 76 70 48 72 23 0 72 18 75 0 26 74 51 0
split_gain=31662.6 30095.5 24751.8 23166 16442.5 16059.8 15651.2 15364.1 13749.9 12013.6 11471.7 11284.5 11211.8 10828.8 10712.1 8942.98 9150.35 8866.33 8691.8 8522.92 8353.05 8477.18 7832.19 10232.1 7701.28 7514.9 7303.22 6989.15 6966.53 6709.79
threshold=19.849999427795414 21.150000572204593 1.1500000357627871 1.7500000000000002 49.500000000000007 0 25.750000000000004 19.750000000000004 0.84999999403953563 907.50000000000011 39.744998931884773 139.97914886474612 1 2 3 31.750000000000004 4 1.9499999880790713 1.6500000357627871 40.354150772094734 25.050000190734867 -3.4500000476837154 30.90164947509766 25.750000000000004 5 22.849999427795414 1.0000000180025095e-35 149.50000000000003 2.5499999523162846 24.250000000000004
decision_type=2 8 8 8 2 1 8 10 8 2 2 2 1 1 1 2 1 8 10 2 10 2 2 10 1 2 10 2 10 2
left_child=1 2 5 14 11 19 -3 13 -6 17 15 28 -13 -2 -4 16 18 -10 -9 -1 21 -8 -18 26 -7 -15 27 29 -5 -24
right_child=7 6 3 4 8 24 20 10 9 -11 -12 12 -14 25 -16 -17 22 -19 -20 -21 -22 -23 23 -25 -26 -27 -28 -29 -30 -31
leaf_value=0.040970219593784635 0.0092319125622996601 -0.042634445181779841 0.022786266108850962 0.019303906981493299 -0.0025317958752728081 -0.00960646523225934 -0.69852116045355794 0.042547096023866748 -0.036914457529948583 -0.098868856824730039 -0.017985787356824396 0.0033198604916915841 -0.031625030984880495 0.047514906364941809 -0.0027754755171558732 0.054256214839405563 0.032995020359779241 -0.015383962188975746 0.0046789479422966957 0.0015891740112902028 -0.33315095475658052 -0.109957120198217 -0.0011949072447194609 -0.019386810059597991 0.014354036297116832 0.11900199905123739 0.04255263598283493 -0.011010228357773941 -0.0052822220641841628 0.02635045224534336
leaf_weight=210857 73663 91976 271616 227360 261419 292720 250 145376 407596 23856 146740 161623 212566 95274 413544 47341 89668 360369 103955 74328 2236 11580 174247 176437 247603 17389 55542 189583 233723 179563
leaf_count=210857 73663 91976 271616 227360 261419 292720 250 145376 407596 23856 146740 161623 212566 95274 413544 47341 89668 360369 103955 74328 2236 11580 174247 176437 247603 17389 55542 189583 233723 179563
internal_value=-1.85212e-07 -0.00519678 -0.00356017 -0.00839299 -0.0141076 0.011507 -0.0576583 0.0121857 -0.0224171 -0.0289822 0.00835991 -0.00362967 -0.0165321 0.039052 0.00735818 0.0116877 0.00987933 -0.0268112 0.0267574 0.0307052 -0.155898 -0.122395 0.00501417 0.00177839 0.0013735 0.0585434 0.00801333 0.00448295 0.0068412 0.0127847
internal_weight=5e+06 3.50522e+06 3.39918e+06 2.57367e+06 1.88851e+06 825508 106042 1.49478e+06 1.05324e+06 791821 1.30845e+06 835272 374189 186326 685160 1.16171e+06 1.11437e+06 767965 249331 285185 14066 11830 865040 775372 540323 112663 598935 543393 461083 353810
internal_count=5000000 3505222 3399180 2573672 1888512 825508 106042 1494778 1053240 791821 1308452 835272 374189 186326 685160 1161712 1114371 767965 249331 285185 14066 11830 865040 775372 540323 112663 598935 543393 461083 353810
cat_boundaries=0 1 2 3 4 5 6
cat_threshold=32736 16646159 491580 16360 1008 574
is_linear=0
shrinkage=0.1


Tree=49
num_leaves=31
num_cat=11
split_feature=75 73 74 18 91 76 88 78 75 87 75 85 18 76 17 48 50 76 72 72 75 18 76 72 76 76 48 24 76 18
split_gain=29007.7 22790.6 22551.3 13963 13492.4 16902.2 16341.9 13109.2 12809.8 12165.6 12026 11599.5 11573 10748.7 9171.8 8851.97 8757.43 8669.04 8633.72 8831.46 8323.1 16229.3 11356.9 9759.38 7914.77 7668.53 8767.26 7741.69 7606.77 9330.11
threshold=0 141.52664947509768 249.50000000000003 12.84999990463257 1.9499999880790713 1 3.1499999761581425 1.0000000180025095e-35 2 1.0000000180025095e-35 3 1.2500000000000002 3.4500000476837163 4 -1.6500000357627866 1.4499999880790713 0.84999999403953563 5 30.90164947509766 40.354150772094734 6 20.849999427795414 7 40.670848846435554 8 9 4.3500001430511483 1.0000000180025095e-35 10 20.94999980926514
decision_type=1 2 2 8 10 1 10 10 1 10 1 8 10 1 10 8 10 1 2 2 1 10 1 2 1 1 8 2 1 10
left_child=14 2 4 8 5 6 7 20 24 18 -5 -4 25 -6 -1 -15 -13 -11 -7 -20 21 23 -22 -2 -3 -10 27 -27 -16 -30
right_child=1 3 11 10 13 9 -8 -9 12 17 -12 16 -14 15 28 -17 -18 -19 19 -21 22 -23 -24 -25 -26 26 -28 -29 29 -31
leaf_value=0.36339434252850372 0.067610274381388502 0.029390908851061489 0.0023642974202154558 -0.043115584633400206 0.0039624444014658847 0.049187577961091439 -0.020559734293453549 -0.01854045916683612 -0.0028516935673575986 -0.036675131806808883 -0.15336835717299813 -0.0061854780871837068 -0.096053017192572226 0.0083925119337030143 0.0044727193488083147 -0.027872773384361019 -0.03415739587436744 0.048511058043454354 -0.0085272684529336361 0.027684865819818424 0.04311992448874663 -0.0082845361361444485 0.0040837021894550496 -0.018458322593697753 -0.010355192535777774 -0.057128567547115518 0.015741509845914728 0.049993176499000959 0.039304067402215342 0.012948091236697129
leaf_weight=747 160948 73906 227986 102409 425283 30210 81627 56400 104969 14150 10947 167975 23975 88148 580489 284671 335437 76544 744113 74050 134337 42547 167405 14349 155495 106678 24362 7202 183809 498832
leaf_count=747 160948 73906 227986 102409 425283 30210 81627 56400 104969 14150 10947 167975 23975 88148 580489 284671 335437 76544 744113 74050 134337 42547 167405 14349 155495 106678 24362 7202 183809 498832
internal_value=-1.65555e-07 -0.00443026 -0.000980386 -0.0221122 0.00371339 0.00902019 0.0213149 0.0272497 -0.0148834 0.000410153 -0.0537802 -0.016349 -0.0297649 -0.00690336 0.0130955 -0.0192978 -0.0248239 0.0352217 -0.00331132 -0.00524979 0.0322201 0.0471159 0.0214637 0.0605651 0.00245051 -0.0232316 -0.0387034 -0.050354 0.0128884 0.0200444
internal_weight=5e+06 3.73612e+06 3.12618e+06 609943 2.39478e+06 1.59668e+06 657613 575986 496587 939067 113356 731398 267186 798102 1.26388e+06 372819 503412 90694 848373 818163 519586 217844 301742 175297 229401 243211 138242 113880 1.26313e+06 682641
internal_count=5000000 3736123 3126180 609943 2394782 1596680 657613 575986 496587 939067 113356 731398 267186 798102 1263877 372819 503412 90694 848373 818163 519586 217844 301742 175297 229401 243211 138242 113880 1263130 682641
cat_boundaries=0 1 2 3 4 5 6 7 8 9 10 11
cat_threshold=448 16368 3632 1568 16676865 12 60 960 511 4093 16745984
is_linear=0
shrinkage=0.1


Tree=50
num_leaves=31
num_cat=11
split_feature=75 76 78 27 84 17 76 89 23 88 90 76 76 75 75 23 18 76 48 89 22 76 41 31 76 87 73 86 72 75
split_gain=25945.2 21781.8 32923.2 24775 18602.6 15522.7 14811.6 14439.2 12080.7 11613.7 10976.2 22898.4 11328.9 24625.5 21127 14715.3 14603.6 12612.4 11410.5 10075 10353 8981.32 8894.17 9037.34 8303.28 8123.27 7848.98 7811.69 7480.13 8468.26
threshold=0 1 1.0000000180025095e-35 1.0000000180025095e-35 1.0000000180025095e-35 12.949999809265138 2 19.150000572204593 20.44999980926514 2.2500000000000004 1.0000000180025095e-35 3 4 5 6 14.550000190734865 16.750000000000004 7 5.1499998569488534 24.550000190734867 25.750000000000004 8 1.0000000180025095e-35 1.0000000180025095e-35 9 1.0000000180025095e-35 136.97330474853518 7.2500000000000009 41.162500381469734 10
decision_type=1 1 10 10 10 10 1 10 10 10 10 1 1 1 1 8 10 1 10 10 10 1 8 10 1 10 2 8 2 1
left_child=6 2 3 4 5 28 -1 10 -9 22 12 -12 13 21 17 24 -15 -14 -19 20 -10 -3 23 25 -16 -7 -8 -11 29 -2
right_child=1 7 -4 -5 -6 9 26 8 19 27 11 -13 14 16 15 -17 -18 18 -20 -21 -22 -23 -24 -25 -26 -27 -28 -29 -30 -31
leaf_value=-0.025575934796952089 0.058797894752923324 0.0039130138905140322 -0.03748389624863295 -0.050572869034494199 -0.064638130890528764 0.029129772983560672 0.0093887895859008225 0.032281336435301247 -0.0018521570114172709 -0.14532095199270201 -0.055921755159170389 0.032213278837244633 -0.00054184525712016403 0.037462899250276176 -0.018129516075239046 -0.013845253778410208 -0.0021084044478963809 -0.043634477913163217 0.017184586650053273 0.014890786103882015 -0.054072344194694637 -0.039466779396708535 0.07900954473247164 -0.051440848919126474 0.025467601986492623 -0.078631398361072968 -0.011927340056698725 -0.0040394785528081881 0.031163562501832876 0.12848136458490184
leaf_weight=513258 77284 74429 98300 42677 21274 469930 289536 195554 257531 4102 35701 168926 117511 200276 55079 403477 174534 339482 33931 381869 44530 133040 32668 14947 211088 7101 428230 85202 65984 22549
leaf_count=513258 77284 74429 98300 42677 21274 469930 289536 195554 257531 4102 35701 168926 117511 200276 55079 403477 174534 339482 33931 381869 44530 133040 32668 14947 211088 7101 428230 85202 65984 22549
internal_value=-1.71568e-07 0.00411668 0.017286 0.0236673 0.0276226 0.0301397 -0.0126045 -0.000271727 0.0103632 0.0228073 -0.00507448 0.0168353 -0.0076469 0.00373553 -0.0133576 -0.00180514 0.0190356 -0.0291153 -0.038107 0.00409618 -0.00955049 -0.0239049 0.0284817 0.0251265 0.0164462 0.0275257 -0.00332869 -0.010529 0.0572887 0.0745559
internal_weight=5e+06 3.76898e+06 942018 843718 801041 779767 1.23102e+06 2.82696e+06 879484 613950 1.94747e+06 204627 1.74285e+06 582279 1.16057e+06 669644 374810 490924 373413 683930 302061 207469 524646 491978 266167 477031 717766 89304 165817 99833
internal_count=5000000 3768976 942018 843718 801041 779767 1231024 2826958 879484 613950 1947474 204627 1742847 582279 1160568 669644 374810 490924 373413 683930 302061 207469 524646 491978 266167 477031 717766 89304 165817 99833
cat_boundaries=0 1 2 3 4 5 6 7 8 9 10 11
cat_threshold=4102 492 115838 1552 7698 3584 56 24577 528 122880 3080
is_linear=0
shrinkage=0.1


Tree=51
num_leaves=31
num_cat=8
split_feature=0 23 22 74 73 76 0 86 76 75 18 72 75 68 52 48 18 56 18 75 72 23 0 76 76 26 76 18 23 43
split_gain=23005.8 28570.8 15921.9 13858.8 17892.1 13838.4 13219.4 11838 10795.4 14157.7 16285.9 13956.7 10000.3 9371 9651.51 9270.09 8551.11 12451.9 8507.09 11549.9 7849.32 8510.89 9544.89 7618.15 7474.62 11416.9 7219.47 6618.32 6385.55 6244.8
threshold=6.6499998569488534 7.6499998569488534 3.4500000476837163 249.50000000000003 140.11250305175784 0 -0.84999999403953541 5.2500000000000009 1 2 16.750000000000004 30.90164947509766 3 1.5500000119209292 2.1499999761581425 2.9500000476837163 12.449999809265138 1.5500000119209292 20.94999980926514 4 42.385799407958991 -4.2499999999999991 -4.2499999999999991 5 6 1.0000000180025095e-35 7 20.44999980926514 2.6499999761581425 1.0000000180025095e-35
decision_type=2 8 10 2 2 1 2 10 1 1 10 2 1 8 10 8 10 10 10 1 2 8 2 1 1 10 1 10 10 10
left_child=1 7 23 4 8 18 -3 13 9 -4 -11 26 27 14 -1 29 -8 -18 -6 -20 28 -22 -23 -2 25 -5 -10 -13 -15 -12
right_child=2 6 3 24 5 -7 16 -9 11 10 15 12 -14 20 -16 -17 17 -19 19 -21 21 22 -24 -25 -26 -27 -28 -29 -30 -31
leaf_value=-0.010461779887828508 0.0097302300520343988 -0.22036956024892468 -0.0069092817759278287 -0.026265851668717408 0.020218712635672036 -0.015918591943501148 -0.033072759598016907 0.025350312113856629 0.0084367899993018636 0.058914706308725633 0.02458840626992009 -0.0078871235799881836 0.0090204846443083936 0.01832646112046463 -0.041337826831695845 -0.0010604524333666183 -0.03147538730284425 -0.15099654141697377 -0.0031945293792117108 -0.11715632150715925 0.012874878686502384 -0.081475006238671155 -0.016988158673065298 0.077149639148249682 0.00084634058632853792 0.034779054558317597 0.059923343752532901 -0.063443688024786893 -0.0071486375749498779 0.074871501585676667
leaf_weight=379170 27251 4453 146004 302015 242769 516966 121211 111934 45589 131603 300448 330146 726398 237838 138118 153525 18034 16871 99742 9754 72959 27922 128960 43579 347297 34096 67684 22932 167821 26911
leaf_count=379170 27251 4453 146004 302015 242769 516966 121211 111934 45589 131603 300448 330146 726398 237838 138118 153525 18034 16871 99742 9754 72959 27922 128960 43579 347297 34096 67684 22932 167821 26911
internal_value=-1.32564e-07 -0.0107426 0.00428304 0.00333415 0.00642992 -0.00550329 -0.0504778 -0.00569777 0.0117459 0.0210733 0.0277437 0.00581418 0.00231016 -0.00871249 -0.0187058 0.0192138 -0.0456319 -0.0892448 0.00978185 -0.0133573 -0.000578068 -0.0153428 -0.0284656 0.0512231 -0.00944226 -0.0200727 0.0392076 -0.0114951 0.00778742 0.028722
internal_weight=5e+06 1.42529e+06 3.57471e+06 3.50388e+06 2.82047e+06 869231 160569 1.26472e+06 1.95124e+06 758491 612487 1.19275e+06 1.07948e+06 1.15279e+06 517288 480884 156116 34905 352265 109496 635500 229841 156882 70830 683408 336111 113273 353078 405659 327359
internal_count=5000000 1425291 3574709 3503879 2820471 869231 160569 1264722 1951240 758491 612487 1192749 1079476 1152788 517288 480884 156116 34905 352265 109496 635500 229841 156882 70830 683408 336111 113273 353078 405659 327359
cat_boundaries=0 1 2 3 4 5 6 7 8
cat_threshold=14680319 32704 6146 62 960 260336 2093059 63
is_linear=0
shrinkage=0.1


Tree=52
num_leaves=31
num_cat=9
split_feature=52 74 48 75 73 76 1 72 85 76 76 76 0 18 0 18 18 74 75 0 0 23 0 23 0 18 76 75 76 18
split_gain=21071 21936 19417.4 15768 15489.4 13729.2 10275.7 9679.89 9614.27 11014.4 9467.01 9377.37 7636.98 17505.1 22179 10461.1 9629.7 6959.62 6754.15 6671.12 6580.56 6962.33 6443.56 6438.7 7583.84 7147.98 6118.91 6011.05 6320.38 5927.35
threshold=1.1500000357627871 64.500000000000014 1.3499999642372134 0 140.11250305175784 1 -12.849999904632567 31.958350181579593 1.5500000119209292 2 3 4 11.650000095367433 3.4500000476837163 -0.15000000223517415 13.050000190734865 3.8500000238418584 514.00000000000011 5 -3.8500000238418575 -5.2499999999999991 -3.0499999523162837 4.0499999523162851 3.2500000000000004 27.250000000000004 25.750000000000004 6 7 8 12.84999990463257
decision_type=8 2 8 1 2 1 8 2 8 1 1 1 2 8 2 10 10 2 1 2 2 10 2 10 2 10 1 1 1 10
left_child=2 4 5 11 23 17 -7 -3 9 -9 -6 -4 13 20 19 22 -14 -1 -11 -15 21 -10 -16 -2 25 27 -18 28 -25 -29
right_child=1 7 3 -5 10 6 -8 8 12 18 -12 -13 16 14 15 -17 26 -19 -20 -21 -22 -23 -24 24 -26 -27 -28 29 -30 -31
leaf_value=0.034602020748024452 0.035842246559180425 0.022268922026518798 0.01003681933917442 0.010060865905816112 -0.02871846259507739 -0.12221228395900796 0.0088045657327058928 0.017875858134944526 -0.029066838688629748 -0.036630283879525119 -0.0022220688041230505 -0.033534060455029838 0.087526501022947886 -0.35842335169461403 -0.068009907722941174 -0.094865622554383161 -0.027611798109290587 -0.0040762094445894572 -0.0026501042459020322 -0.14959619109112757 -0.0060789045900593308 -0.1351412264654861 -0.022080613620246034 -0.025929745104370905 0.028843920909798395 -0.023762692330462572 -0.0049462857501695661 0.035361689954060506 0.0048159003531277247 0.008303171352354824
leaf_weight=398335 85008 70136 64542 291887 188317 6039 686097 156726 28747 96699 474873 210473 9420 1770 40268 32906 206711 52673 148054 11271 217103 7885 126510 93598 142179 84025 281072 98518 233997 454161
leaf_count=398335 85008 70136 64542 291887 188317 6039 686097 156726 28747 96699 474873 210473 9420 1770 40268 32906 206711 52673 148054 11271 217103 7885 126510 93598 142179 84025 281072 98518 233997 454161
internal_value=-1.14921e-07 -0.00468034 0.00900416 -0.00612754 0.00250286 0.0165082 0.00766131 -0.0139625 -0.015824 -0.00282225 -0.00974635 -0.0233086 -0.0212407 -0.0304316 -0.0515887 -0.0433369 -0.0126181 0.0300841 -0.0160762 -0.177939 -0.012694 -0.0518992 -0.0331701 0.00932086 0.00728329 0.00410433 -0.0145521 0.00676433 -0.00396904 0.0131263
internal_weight=5e+06 3.28995e+06 1.71005e+06 566902 1.85468e+06 1.14314e+06 692136 1.43528e+06 1.36514e+06 401479 663190 275015 963663 466460 212725 199684 497203 451008 244753 13041 253735 36632 166778 1.19149e+06 1.10648e+06 964299 487783 880274 327595 552679
internal_count=5000000 3289954 1710046 566902 1854676 1143144 692136 1435278 1365142 401479 663190 275015 963663 466460 212725 199684 497203 451008 244753 13041 253735 36632 166778 1191486 1106478 964299 487783 880274 327595 552679
cat_boundaries=0 1 2 3 4 5 6 7 8 9
cat_threshold=7686 1970112 16380 106240 16646528 62 507952 4110 1599
is_linear=0
shrinkage=0.1


Tree=53
num_leaves=31
num_cat=7
split_feature=91 89 18 76 74 73 90 18 91 18 89 91 0 89 75 75 72 78 23 0 0 18 75 0 76 89 72 73 76 76
split_gain=19540.4 24985.5 29667 18612.5 13071.6 14029.5 11099.6 10688.7 10482.5 9985.39 23909.3 11166.8 9490.7 9124.58 8960.04 8750.72 7580.49 7690.74 7520.21 7397.95 7188.17 7394.51 9978.55 7704.47 6773.79 6666.08 6559.18 8081.54 6978.17 6402.54
threshold=1.2500000000000002 12.050000190734865 12.84999990463257 0 249.50000000000003 139.97914886474612 1.0000000180025095e-35 20.94999980926514 3.0499999523162846 3.4500000476837163 1.6500000357627871 2.9500000476837163 16.849999427795414 -2.7499999999999996 1 2 40.609199523925788 1.0000000180025095e-35 -3.8500000238418575 -0.45000000298023218 30.150000572204593 20.94999980926514 3 22.849999427795414 4 6.2500000000000009 36.851650238037116 136.97330474853518 5 6
decision_type=8 8 8 1 2 2 10 10 8 10 8 8 2 10 1 1 2 8 10 2 2 10 1 2 1 10 2 2 1 1
left_child=3 2 9 6 5 20 14 15 -4 13 11 -11 -9 18 -1 24 17 -5 -2 -13 21 23 -23 -3 -7 -10 27 -15 -29 -17
right_child=1 4 8 16 -6 7 -8 12 25 10 -12 19 -14 26 -16 29 -18 -19 -20 -21 -22 22 -24 -25 -26 -27 -28 28 -30 -31
leaf_value=-0.023830242673017803 -0.0017667947493331356 0.012206216012627748 -0.047847800202029805 0.032922918659605296 -0.011676447930987649 -0.036913118375236996 0.038655344282208334 -0.098972519822510499 -0.22857859319422566 -0.050301942322167129 -0.013961129118646418 -0.23422771129916151 -0.020341647891990926 0.010290455076017184 0.0028153707824456991 0.035822188030878215 -0.00051650620314135662 -0.0067930188479718035 -0.054079636051336866 -0.10333191359075729 0.040698094037886517 0.007776490854890278 -0.02324674863722051 0.049624398504050725 -0.0018383004137271506 -0.099261942166903663 0.017092578540924375 0.066560952424720932 -0.065260911254413842 0.0030629764286422491
leaf_weight=178108 59832 740896 63092 443859 627560 84936 64536 16987 4703 31016 355210 6479 159300 53954 432957 78467 109319 54774 50821 12944 74847 408537 138929 59442 156520 26155 218477 4548 33947 248848
leaf_count=178108 59832 740896 63092 443859 627560 84936 64536 16987 4703 31016 355210 6479 159300 53954 432957 78467 109319 54774 50821 12944 74847 408537 138929 59442 156520 26155 218477 4548 33947 248848
internal_value=-1.27318e-07 -0.00367401 -0.017957 0.0106374 0.00103295 0.00471237 -0.000785913 -0.0064043 -0.0712082 -0.0119092 -0.0231096 -0.0875365 -0.0279185 -0.001132 -0.00495141 0.00026389 0.0233314 0.0285602 -0.0257932 -0.146995 0.0105343 0.00885922 -9.64772e-05 0.0149853 -0.0141774 -0.118971 0.00764448 -0.0146834 -0.0496865 0.0109172
internal_weight=5e+06 3.71645e+06 921178 1.28355e+06 2.79527e+06 2.16771e+06 675601 745058 93950 827228 405649 50439 176287 421579 611065 568771 607952 498633 110653 19423 1.42265e+06 1.3478e+06 547466 800338 241456 30858 310926 92449 38495 327315
internal_count=5000000 3716447 921178 1283553 2795269 2167709 675601 745058 93950 827228 405649 50439 176287 421579 611065 568771 607952 498633 110653 19423 1422651 1347804 547466 800338 241456 30858 310926 92449 38495 327315
cat_boundaries=0 1 2 3 4 5 6 7
cat_threshold=16744455 30 7182 960 130048 4088 2287
is_linear=0
shrinkage=0.1


Tree=54
num_leaves=31
num_cat=6
split_feature=88 86 18 76 18 86 87 72 75 74 73 86 76 76 86 78 86 18 18 80 0 18 74 79 23 86 76 72 76 23
split_gain=17630 24172.9 31027.6 15295.5 12428.2 24721.1 10880.1 10647.8 10512.5 10220.6 12426.3 10182 8758.64 8076.72 7987.02 7975.73 7665.45 6313.6 5943.84 11393.3 9457.55 7593.06 5485.55 5381.46 5272.13 5970.67 5233.99 5067.3 5024.2 5016.64
threshold=1.7500000000000002 11.449999809265138 13.050000190734865 0 3.4500000476837163 2.0499999523162846 1.0000000180025095e-35 36.436649322509773 1 139.00000000000003 139.97914886474612 -5.2499999999999991 2 3 5.8500001430511483 1.0000000180025095e-35 -2.2499999999999996 17.050000190734867 12.84999990463257 15.650000095367433 23.44999980926514 26.150000572204593 428.00000000000006 2.3500000238418584 -3.8500000238418575 -1.2499999999999998 4 31.958350181579593 5 -2.4500000476837154
decision_type=8 8 8 1 10 10 10 2 1 2 2 10 1 1 10 10 10 10 10 10 2 8 2 10 10 10 1 2 1 10
left_child=3 2 4 6 11 16 8 22 -1 10 18 29 23 -12 -4 27 -6 -16 19 -3 21 -20 -5 -11 -13 -26 -17 -14 -29 -2
right_child=1 9 14 7 5 -7 -8 -9 -10 12 13 24 15 -15 17 26 -18 -19 20 -21 -22 -23 -24 -25 25 -27 -28 28 -30 -31
leaf_value=-0.021928984463569945 -0.029749175631248362 0.017470959551119446 -0.18697764861591526 0.033836697079358956 -0.21418211808562038 -0.018285587195468373 0.033766736380574751 0.0063664024246813085 0.0030264962827432134 0.0086758309601818791 -0.020561491512090531 0.039753738941137026 0.02245066384042109 0.0036398766318330917 -0.05557888209793832 -0.040373432009765869 -0.085452720275758995 -0.14136645740243498 -0.00019573655597782304 0.094601484222795712 0.018450730129931696 -0.060396927157594385 0.0014446319445899111 -0.025730707814453038 -0.030709309638374128 0.007931008304395526 0.035512489592544938 -0.040331402455877352 -0.016628982508426603 -0.11496468602543893
leaf_weight=239866 34906 278210 8097 360913 5320 250645 82434 399465 569687 312548 257294 38476 26490 297147 31692 11450 35447 11763 449654 20567 364262 21975 61137 53196 50453 192812 43950 118703 362828 8613
leaf_count=239866 34906 278210 8097 360913 5320 250645 82434 399465 569687 312548 257294 38476 26490 297147 31692 11450 35447 11763 449654 20567 364262 21975 61137 53196 50453 192812 43950 118703 362828 8613
internal_value=-1.21598e-07 -0.00428774 -0.0212641 0.00822354 -0.0150338 -0.030032 -0.00084364 0.0180683 -0.00436791 4.4881e-05 0.00467879 -0.00159637 -0.008379 -0.00759132 -0.0957918 -0.0162013 -0.102252 -0.078801 0.0106744 0.0227804 0.00634732 -0.00300074 0.0291445 0.00367144 0.00535734 -8.29681e-05 0.0198276 -0.0201306 -0.0224731 -0.0466145
internal_weight=5e+06 3.2865e+06 668224 1.7135e+06 616672 291412 891987 821515 809553 2.61827e+06 1.68911e+06 325260 929165 554441 51552 563421 40767 43455 1.13467e+06 298777 835891 471629 422050 365744 281741 243265 55400 508021 481531 43519
internal_count=5000000 3286498 668224 1713502 616672 291412 891987 821515 809553 2618274 1689109 325260 929165 554441 51552 563421 40767 43455 1134668 298777 835891 471629 422050 365744 281741 243265 55400 508021 481531 43519
cat_boundaries=0 1 2 3 4 5 6
cat_threshold=16744455 30 14684128 261632 28 229376
is_linear=0
shrinkage=0.1


Tree=55
num_leaves=31
num_cat=5
split_feature=79 0 18 85 83 18 76 77 23 76 18 83 23 84 81 83 23 89 76 77 91 83 0 76 17 18 75 85 89 90
split_gain=16747.6 16331 23021.5 14619 14895.7 22839.7 13591 13139.7 11693 11680.8 10921.4 22375.5 10597.2 8011.09 7945.2 7905.96 7856.32 14271.1 7335.13 7306.64 7290.33 7289.35 7251.37 6943.9 6554.51 6545.46 6448.12 6005.85 5959.76 5955.92
threshold=1.5500000119209292 20.650000572204593 20.94999980926514 1.5500000119209292 12.050000190734865 12.84999990463257 0 16.050000190734867 20.44999980926514 1 3.4500000476837163 0.84999999403953563 22.650000572204593 1.0000000180025095e-35 1.0000000180025095e-35 6.2500000000000009 16.050000190734867 13.750000000000002 2 -13.15000009536743 2.3500000238418584 -3.7499999999999996 32.049999237060554 3 -4.3500001430511466 25.650000572204593 4 3.1499999761581425 14.449999809265138 1.0000000180025095e-35
decision_type=8 2 10 8 8 8 1 8 10 1 8 10 8 10 8 10 8 10 1 8 10 10 2 1 8 10 1 10 8 10
left_child=6 2 3 9 5 10 14 -4 18 -2 21 27 26 -11 29 -7 17 20 -3 -8 -6 24 23 -10 -5 -14 -9 -12 -18 -1
right_child=1 8 7 4 16 15 19 12 22 13 11 -13 25 -15 -16 -17 28 -19 -20 -21 -22 -23 -24 -25 -26 -27 -28 -29 -30 -31
leaf_value=0.036560533802277265 0.025641150215422459 0.006333748205289879 -0.13479896737655581 -0.0050667217824808992 0.0018474792976846659 -0.16962375254656792 -0.10601376676776129 -0.0079707766239249331 -0.0088272585411373131 -0.0059067809936524393 -0.084454029574280415 -0.021972785941127341 -0.059832775815380879 0.036628399916674888 -0.016147990058594835 -0.066835908067148939 -0.053961652576091396 0.029571986350676305 0.05352511856790948 0.0046813739041536373 -0.021847518280458576 0.0049229259140753118 0.046436004415224594 0.0090888279589758075 -0.071256213369279162 -0.16508019929714257 -0.053886335280563136 -0.18976306415106106 -0.011416697151188761 -0.041064974356313254
leaf_weight=269144 231248 55209 13881 34430 517358 8918 6002 98843 381067 440339 13955 257399 23394 49229 36091 46501 37318 153923 81679 916276 173357 239394 37166 500386 26458 7906 44288 8850 279730 10261
leaf_count=269144 231248 55209 13881 34430 517358 8918 6002 98843 381067 440339 13955 257399 23394 49229 36091 46501 37318 153923 81679 916276 173357 239394 37166 500386 26458 7906 44288 8850 279730 10261
internal_value=-1.28965e-07 -0.00331975 -0.00743402 -0.00491216 -0.00973677 -0.0220404 0.0100899 -0.0411604 0.00723079 0.00711959 -0.0161846 -0.030384 -0.0337087 -0.00162958 0.0280054 -0.0833765 -0.00300179 0.00203661 0.0344965 0.00396095 -0.00409954 -0.00293466 0.00316779 0.0013434 -0.0338284 -0.086417 -0.0221824 -0.125322 -0.0164244 0.0337098
internal_weight=5e+06 3.76223e+06 2.70672e+06 2.51841e+06 1.79759e+06 635905 1.23777e+06 188312 1.05551e+06 720816 580486 280204 174431 489568 315496 55419 1.16169e+06 844638 136888 922278 690715 300282 918619 881453 60888 31300 143131 22805 317048 279405
internal_count=5000000 3762226 2706719 2518407 1797591 635905 1237774 188312 1055507 720816 580486 280204 174431 489568 315496 55419 1161686 844638 136888 922278 690715 300282 918619 881453 60888 31300 143131 22805 317048 279405
cat_boundaries=0 1 2 3 4 5
cat_threshold=4032 4080 491580 260096 1984
is_linear=0
shrinkage=0.1


Tree=56
num_leaves=31
num_cat=7
split_feature=82 76 74 73 76 81 80 91 72 75 75 18 75 80 0 18 86 76 75 18 11 23 72 79 18 28 0 18 22 86
split_gain=15376 19308.8 16415.4 18015.5 14316.8 8938.36 8511.52 8243.71 7976.61 7147.08 6914.04 6854.83 6355.2 5900.66 5834.3 6796.72 7189.4 6682.24 9748.46 7595.57 6527.43 5368.07 5213.18 5613.57 5169.73 5147.46 5125.14 10609.3 7294.18 4755.66
threshold=1.5500000119209292 0 197.50000000000003 139.97914886474612 1 1.0000000180025095e-35 -10.949999809265135 2.3500000238418584 36.436649322509773 2 3 17.050000190734867 4 12.250000000000002 29.150000572204593 25.750000000000004 22.150000572204593 5 6 16.750000000000004 25.849999427795414 4.4500000476837167 31.958350181579593 1.9499999880790713 21.150000572204593 1.0000000180025095e-35 14.250000000000002 12.449999809265138 15.84999990463257 8.8499999046325701
decision_type=8 1 2 2 1 8 8 10 2 1 1 8 1 8 2 10 10 1 1 10 8 10 2 10 10 8 2 10 10 10
left_child=1 5 3 14 9 6 -1 22 -3 -5 24 -12 -8 -13 15 16 17 18 -2 -20 -17 -19 -4 -24 -6 -10 28 -28 29 -23
right_child=2 8 7 4 10 -7 12 -9 25 -11 11 13 -14 -15 -16 20 -18 21 19 -21 -22 26 23 -25 -26 -27 27 -29 -30 -31
leaf_value=-0.11169300050219028 0.0025383961241381573 0.033273509189330044 0.028230579246732765 -0.038616635208401778 0.02268137750302537 0.032576631841621149 0.0046981583647424247 -0.034203159455059862 0.014909090252047725 -0.012847119250750431 -0.0038081860390473256 -0.18307905125235438 -0.015416742862152078 -0.037905693798897515 0.030219070064064765 -0.036077848947299478 0.02773249163651885 0.019266293047543612 0.069521776297920404 0.019370869988776445 0.002467986486388094 -0.015027832044079748 -0.0078705911448150503 -0.030337259637686704 -0.010549726265927673 -0.028166319620806499 0.04826484666056681 -0.00050513373059798278 -0.064612983298939594 0.010853561108712525
leaf_weight=7516 163903 308974 33741 179262 173703 66661 338162 175482 300341 269390 324651 3081 293291 30676 102606 71387 163205 138819 50570 74972 114234 231084 611961 135915 64086 30565 50817 364871 23592 102482
leaf_count=7516 163903 308974 33741 179262 173703 66661 338162 175482 300341 269390 324651 3081 293291 30676 102606 71387 163205 138819 50570 74972 114234 231084 611961 135915 64086 30565 50817 364871 23592 102482
internal_value=-1.11287e-07 0.00913906 -0.00336497 0.000627286 -0.00965054 -0.00226866 -0.00590396 -0.0146164 0.0217187 -0.0231441 0.000504088 -0.00826742 -0.00464478 -0.0511557 0.00712562 0.00559683 0.00803941 0.00536355 0.0186007 0.0395692 -0.0123562 0.00116066 -0.0102189 -0.0119536 0.0137248 0.0109303 -0.00209146 0.0054569 -0.0108768 -0.00707625
internal_weight=5e+06 1.34551e+06 3.65449e+06 2.69739e+06 1.04485e+06 705630 638969 957099 639880 448652 596197 358408 631453 33757 1.65254e+06 1.54994e+06 1.36432e+06 1.20111e+06 289445 125542 185621 911665 781617 747876 237789 330906 772846 415688 357158 333566
internal_count=5000000 1345510 3654490 2697391 1044849 705630 638969 957099 639880 448652 596197 358408 631453 33757 1652542 1549936 1364315 1201110 289445 125542 185621 911665 781617 747876 237789 330906 772846 415688 357158 333566
cat_boundaries=0 1 2 3 4 5 6 7
cat_threshold=16744455 130816 7682 3968 7616 14784 7174
is_linear=0
shrinkage=0.1


Tree=57
num_leaves=31
num_cat=7
split_feature=53 48 75 74 76 75 76 0 18 0 23 0 23 23 54 73 76 23 2 0 23 18 76 3 2 75 17 90 23 72
split_gain=14824.2 18619.4 16084.1 16019.8 9470.05 10094.7 8486.14 7706.15 21122.5 11048.1 8721.56 7150.54 6706.86 5844.44 5795.68 5626.48 6669.65 5068.57 4970.74 6525.76 7282.81 6909.93 6871.72 6518.13 6219.65 6379.82 5968.92 5096.55 4873.05 4829.04
threshold=1.0500000119209292 1.3499999642372134 0 49.500000000000007 1 2 3 4.6499998569488534 3.8500000238418584 -2.4500000476837154 4.6499998569488534 -7.5499999523162833 7.8500001430511483 -3.0499999523162837 2.4500000476837163 140.20584869384768 4 -5.2499999999999991 3.0499999523162846 10.84999990463257 13.750000000000002 12.84999990463257 5 12.250000000000002 10.050000190734865 6 15.550000190734865 1.0000000180025095e-35 4.0499999523162851 43.387498855590827
decision_type=8 8 1 2 1 1 1 2 8 2 10 2 8 8 8 2 1 10 8 2 10 10 1 10 8 1 10 10 10 2
left_child=1 4 -3 15 -1 -6 -4 8 11 14 -9 13 -11 -5 -10 28 -17 -13 -12 20 23 22 -21 -20 -23 -26 -22 -24 -2 -18
right_child=3 2 6 7 5 -7 -8 10 9 12 18 17 -14 -15 -16 16 29 -19 19 21 26 24 27 -25 25 -27 -28 -29 -30 -31
leaf_value=0.02742382021423069 0.027895446521073144 0.0097269714622217011 0.0079693519606122611 -0.037659956880139511 -0.0068501314943644883 0.019872912556528056 -0.034244695279333659 0.025406481282602724 -0.10678425159758027 -0.03748050956784417 0.080545190737726313 0.02849077883363791 -0.096254947347038863 -0.16373991285478828 -0.30472813744177446 -0.026969891286179909 -0.005932087571065902 -0.0096726986420900898 -0.011129782826516865 0.13460066557397191 -0.042028250483721434 0.077153489114565516 0.0044766965232193381 -0.064637204996759845 -0.0043147785529221404 -0.024069968410002821 -0.14692631405768702 0.0734598067079274 0.0052251019618392317 0.016807487466822243
leaf_weight=431116 104466 288952 62175 29358 258089 312522 203438 80742 3474 78270 6229 39741 25820 4203 2576 110033 334755 279954 180856 4424 17408 8168 176954 26045 515543 239377 7880 11400 1026509 129523
leaf_count=431116 104466 288952 62175 29358 258089 312522 203438 80742 3474 78270 6229 39741 25820 4203 2576 110033 334755 279954 180856 4424 17408 8168 176954 26045 515543 239377 7880 11400 1026509 129523
internal_value=-1.12092e-07 0.00809958 -0.00660106 -0.00366055 0.016238 0.00778609 -0.0243633 -0.0104157 -0.0214597 -0.0596954 -0.00640191 -0.00953835 -0.0520598 -0.0534495 -0.191066 0.00322588 -0.00483482 -0.00492863 -0.00855238 -0.00901952 -0.024057 -0.00536677 0.0115492 -0.0178654 -0.00964023 -0.0105793 -0.0747156 0.00865139 0.00731912 0.000411728
internal_weight=5e+06 1.55629e+06 554565 3.44371e+06 1.00173e+06 570611 265613 1.73842e+06 463396 110140 1.27503e+06 353256 104090 33561 6050 1.70529e+06 574311 319695 1.19428e+06 1.18806e+06 232189 955866 192778 206901 763088 754920 25288 188354 1.13098e+06 464278
internal_count=5000000 1556292 554565 3443708 1001727 570611 265613 1738422 463396 110140 1275026 353256 104090 33561 6050 1705286 574311 319695 1194284 1188055 232189 955866 192778 206901 763088 754920 25288 188354 1130975 464278
cat_boundaries=0 1 2 3 4 5 6 7
cat_threshold=504 8259520 7682 16646529 36608 1008 962
is_linear=0
shrinkage=0.1


Tree=58
num_leaves=31
num_cat=7
split_feature=75 18 76 0 86 88 25 76 0 28 90 18 10 75 86 4 86 17 72 23 83 23 0 0 76 23 48 75 76 20
split_gain=13191 14160.5 22283.9 19802.6 17085.7 17564.8 13469.3 11438.8 9771.55 10372.3 9584.98 9361.17 8875.35 9629.7 8750.11 8485 9636.15 8424.09 8935.27 8342.75 8156.37 9549.84 13593.7 10207.9 9274.65 7565.93 7502.78 6468.06 18662.6 8202.7
threshold=0 12.84999990463257 1 14.949999809265138 17.94999980926514 2.4500000476837163 1.0000000180025095e-35 2 10.050000190734865 1.0000000180025095e-35 1.0000000180025095e-35 20.44999980926514 10.650000095367433 3 9.8499999046325701 18.050000190734867 11.650000095367433 12.750000000000002 32.232500076293952 20.150000572204593 18.94999980926514 24.44999980926514 24.849999427795414 25.250000000000004 4 20.650000572204593 5.2500000000000009 5 6 3.6499999761581425
decision_type=1 10 1 2 8 8 10 1 2 10 10 10 8 1 10 10 10 8 2 10 8 8 2 2 1 8 10 1 1 8
left_child=7 2 8 6 5 19 15 -1 9 10 26 14 -5 -14 -7 16 27 -9 -19 -3 25 23 -23 -22 -25 -6 -2 28 -4 -29
right_child=1 4 3 12 20 11 -8 17 -10 -11 -12 -13 13 -15 -16 -17 -18 18 -20 -21 21 22 -24 24 -26 -27 -28 29 -30 -31
leaf_value=0.00065318450403318705 0.045404935311691076 -0.0020934097684290193 0.01637073957630374 0.012697924950634546 -0.0051879236770380121 -0.10578932165528894 0.039411845157155789 -0.015235347506138586 0.086536694029871797 -0.035075983780710245 -0.049176305309823282 -0.11385489151245148 0.029741910774513186 0.099021637210077673 -0.026654603196408388 -0.058982834724284054 0.023626324317179048 -0.01723918754255177 -0.1038467851545887 -0.049699655154839678 0.0089012298488066934 -0.028093994236173189 0.0047823832931443112 0.01527532883667297 0.080275514351590374 -0.048732392607623166 -0.039196366664139587 0.034070189836381062 -0.036973872944587913 -0.0083078781859541265
leaf_weight=615449 202112 389539 97030 84623 271802 16158 69084 567864 34264 22565 12472 18470 47883 34560 103312 29946 102280 24714 22997 40653 922408 166968 509688 49014 39772 46768 11056 60822 202328 183399
leaf_count=615449 202112 389539 97030 84623 271802 16158 69084 567864 34264 22565 12472 18470 47883 34560 103312 29946 102280 24714 22997 40653 922408 166968 509688 49014 39772 46768 11056 60822 202328 183399
internal_value=-8.02495e-08 0.00293538 0.0119345 0.00433244 -0.0012396 -0.0165488 -0.00264618 -0.00898741 0.0364764 0.0295671 0.0360317 -0.0476003 0.0354479 0.0587995 -0.0373574 -0.00694556 -0.00453279 -0.0186259 -0.0589846 -0.00659218 0.0030953 0.00586525 -0.00333002 0.0120184 0.0444032 -0.0115805 0.0410171 -0.00983122 -0.0196835 0.00224607
internal_weight=5e+06 3.76898e+06 1.19442e+06 911955 2.57455e+06 568132 744889 1.23102e+06 282469 248205 225640 137940 167066 82443 119470 675805 645859 615575 47711 430192 2.00642e+06 1.68785e+06 676656 1.01119e+06 88786 318570 213168 543579 299358 244221
internal_count=5000000 3768976 1194424 911955 2574552 568132 744889 1231024 282469 248205 225640 137940 167066 82443 119470 675805 645859 615575 47711 430192 2006420 1687850 676656 1011194 88786 318570 213168 543579 299358 244221
cat_boundaries=0 1 2 3 4 5 6 7
cat_threshold=4102 1020 16658817 112 1032316 536 31746
is_linear=0
shrinkage=0.1


Tree=59
num_leaves=31
num_cat=4
split_feature=85 83 18 76 18 83 74 90 75 73 83 72 85 22 18 89 77 67 23 0 41 17 83 20 83 23 76 76 18 0
split_gain=13205.9 16932.3 28380.7 16689.2 11362.8 21623.3 10379.1 9366.93 7758.32 7697.07 7594.65 7551.75 7481.71 7344.2 6905.49 10724.4 7417.86 6591.82 6570.25 6207.93 5978.43 5554.39 5131.99 5118.18 5038.1 5487.32 4883.79 4838.38 4391.8 4301.54
threshold=1.6500000357627871 14.550000190734865 16.94999980926514 0 3.6499999761581425 2.8500000238418584 197.50000000000003 1.0000000180025095e-35 1 141.24000549316409 -1.7499999999999998 36.436649322509773 3.1499999761581425 21.94999980926514 20.94999980926514 22.550000190734867 21.349999427795414 2.2500000000000004 -3.8500000238418575 -2.1499999761581416 1.0000000180025095e-35 8.0500001907348651 23.750000000000004 21.550000190734867 10.650000095367433 -1.6500000357627866 2 3 20.94999980926514 -6.6499998569488517
decision_type=8 8 8 1 8 8 2 10 1 2 10 2 8 8 10 8 10 8 10 2 8 8 8 10 10 10 1 1 10 2
left_child=3 2 4 7 10 12 9 8 27 14 18 20 -6 -11 16 -16 -3 -7 -2 -14 -5 -21 -17 -4 25 -12 -8 -1 -10 -20
right_child=1 6 23 11 5 17 26 -9 28 13 24 -13 19 -15 15 22 -18 -19 29 21 -22 -23 -24 -25 -26 -27 -28 -29 -30 -31
leaf_value=0.0064955857124629566 0.0036849052108749239 0.010360324809882457 -0.084753137376562523 0.023305026571417364 -0.048762095454114474 -0.026592643883634248 -0.0011583385442219495 0.030935978273531284 0.0081532480288244412 -0.0035313797656818004 0.040060357966629032 0.007240368207321087 -0.27405490782609115 -0.047284689810954114 -0.026166874519940281 -0.023285948578708554 0.044547372394974166 -0.00094459454294271899 -0.11776993792401327 -0.076876457630945208 0.066562354528027612 -0.19572135765316712 0.0096692188644414076 -0.20367548873092622 0.070879531415542388 0.00072005181373997675 -0.018105441295833372 -0.025006287121529858 -0.012750662396470137 -0.033519380790865742
leaf_weight=61664 60092 831348 37726 391608 30415 206203 327665 77118 348517 244407 43721 365149 2463 45507 130926 53037 68714 194940 6899 15889 34788 5226 433375 4003 13557 187548 353506 232919 141234 49836
leaf_count=61664 60092 831348 37726 391608 30415 206203 327665 77118 348517 244407 43721 365149 2463 45507 130926 53037 68714 194940 6899 15889 34788 5226 433375 4003 13557 187548 353506 232919 141234 49836
internal_value=-3.13545e-08 -0.00361169 -0.0157211 0.00731289 -0.0116115 -0.0221254 0.000566015 -0.0023189 -0.00558864 0.00453084 0.00162007 0.0177951 -0.081537 -0.0103992 0.00738337 -0.000762213 0.0129703 -0.0141287 -0.019358 -0.123816 0.0268342 -0.106291 0.00607588 -0.0961612 0.0116305 0.00815727 -0.00995363 -0.0184121 0.00212495 -0.0437643
internal_weight=5e+06 3.347e+06 858518 1.653e+06 816789 455136 2.48848e+06 861452 784334 1.80731e+06 361653 791545 53993 289914 1.5174e+06 617338 900062 401143 116827 23578 426396 21115 486412 41729 244826 231269 681171 294583 489751 56735
internal_count=5000000 3347003 858518 1652997 816789 455136 2488485 861452 784334 1807314 361653 791545 53993 289914 1517400 617338 900062 401143 116827 23578 426396 21115 486412 41729 244826 231269 681171 294583 489751 56735
cat_boundaries=0 1 2 3 4
cat_threshold=16744455 62 15736769 6
is_linear=0
shrinkage=0.1


Tree=60
num_leaves=31
num_cat=7
split_feature=91 76 89 17 18 89 74 76 25 72 18 48 18 75 75 0 89 0 18 0 0 23 87 18 75 76 0 27 2 76
split_gain=12627.2 13899.3 13290.3 21566.4 8387.23 16543.3 7801.35 8027.59 11009.3 7350.39 7253.48 7224.92 6966.94 8227.36 6233.46 6217.11 6212.84 6107.28 6104.56 10219.9 10037.5 6916.17 6085.52 6076.07 8804.85 14222.4 7657.73 7947.55 7562.52 6932.99
threshold=1.5500000119209292 0 11.650000095367433 12.949999809265138 3.4500000476837163 2.2500000000000004 16.500000000000004 1 1.0000000180025095e-35 40.609199523925788 13.050000190734865 5.4500000476837167 26.150000572204593 2 3 17.550000190734867 5.4500000476837167 1.2500000000000002 25.750000000000004 19.750000000000004 22.94999980926514 21.250000000000004 1.0000000180025095e-35 17.050000190734867 4 5 15.650000095367433 1.0000000180025095e-35 14.449999809265138 6
decision_type=8 1 8 8 10 10 2 1 10 2 10 10 10 1 1 2 10 2 10 2 2 10 8 10 1 1 2 10 8 1
left_child=1 9 3 4 -2 17 10 8 11 12 15 -8 14 -14 -1 -4 -5 -6 20 -20 23 -22 -3 24 29 -26 27 -25 -28 -9
right_child=2 22 6 16 5 -7 7 18 -10 -11 -12 -13 13 -15 -16 -17 -18 -19 19 -21 21 -23 -24 26 25 -27 28 -29 -30 -31
leaf_value=0.014693507059295625 0.00076843744284291237 -0.0033563778182327999 0.019949725735947946 -0.14381654039553601 -0.10532434125815043 -0.01172193769234935 -0.025124600612735439 0.0066598245343475861 0.040166008163024638 -0.0036492430589490591 0.0024484009513972213 0.027672533165018526 0.011285688524695575 -0.070386960946500363 0.038796210770279373 0.090655925570882423 -0.056299631838043762 -0.035935043476185646 -0.097140951105425768 -0.010196175522987993 0.077637579868736054 0.017165966602913651 0.023957501835626432 -0.027484997665802331 0.00027106997632919726 0.038460278145137472 0.067207130336594048 -0.12763110406936656 -0.0074465097713202451 -0.021835071407654692
leaf_weight=183454 366325 820061 196060 9378 27662 285659 335726 166054 31961 123733 529865 28087 88014 14334 258617 13278 60068 23426 14666 172934 21596 152241 90580 76060 281462 149214 14259 8846 280629 175751
leaf_count=183454 366325 820061 196060 9378 27662 285659 335726 166054 31961 123733 529865 28087 88014 14334 258617 13278 60068 23426 14666 172934 21596 152241 90580 76060 281462 149214 14259 8846 280629 175751
internal_value=-3.5773e-08 0.00739765 -0.00341387 -0.0149547 -0.00970352 -0.0210953 -4.78531e-05 -0.00342456 -0.0161047 0.0183514 0.00867474 -0.0210486 0.023352 -0.00015847 0.0287951 0.0244345 -0.0681179 -0.0735064 -0.000109099 -0.0169933 0.00227944 0.0246784 -0.000639503 -0.00109977 0.00399194 0.0135029 -0.011456 -0.0379188 -0.00383671 -0.00799203
internal_weight=5e+06 1.57879e+06 3.42121e+06 772518 703072 336747 2.64869e+06 1.90949e+06 395774 668152 739203 363813 544419 102348 442071 209338 69446 51088 1.51371e+06 187600 1.32611e+06 173837 910641 1.15228e+06 772481 430676 379794 84906 294888 341805
internal_count=5000000 1578793 3421207 772518 703072 336747 2648689 1909486 395774 668152 739203 363813 544419 102348 442071 209338 69446 51088 1513712 187600 1326112 173837 910641 1152275 772481 430676 379794 84906 294888 341805
cat_boundaries=0 1 2 3 4 5 6 7
cat_threshold=32752 245760 1920 7170 6150 16527363 16515969
is_linear=0
shrinkage=0.1


Tree=61
num_leaves=31
num_cat=7
split_feature=88 86 18 19 86 79 72 76 76 18 75 80 72 86 76 72 18 89 5 67 67 90 76 23 23 88 76 88 75 77
split_gain=11924 13649.4 19998.9 10293.3 11396.4 8710.87 8589.68 9543.29 8509 8065.48 19821.8 14873.2 8825.3 7466.38 7446.77 7406.49 7616.23 7313.31 6737.85 6283.74 6061.04 5876.73 5507.87 5378.17 5355.58 5274.93 5268.82 5193.23 5074.93 4942.53
threshold=1.1500000357627871 8.2500000000000018 12.449999809265138 3.2500000000000004 0.45000000298023229 1.2500000000000002 30.90164947509766 0 1 12.84999990463257 2 14.449999809265138 37.095001220703132 -5.8500001430511466 3 37.846700668334968 25.750000000000004 12.250000000000002 11.84999990463257 2.7500000000000004 1.7500000000000002 1.0000000180025095e-35 4 10.650000095367433 8.6500000953674334 2.5499999523162846 5 3.0499999523162846 6 19.650000572204593
decision_type=8 8 8 10 10 8 2 1 1 10 1 10 2 10 1 2 8 10 8 10 10 10 1 10 10 8 1 8 1 8
left_child=8 2 3 13 25 22 7 -7 -1 11 15 17 14 -2 28 18 26 20 -11 -15 21 -8 -3 -13 -19 -5 -17 -4 -12 -18
right_child=1 5 27 4 -6 6 9 -9 -10 10 12 23 -14 19 -16 16 29 24 -20 -21 -22 -23 -24 -25 -26 -27 -28 -29 -30 -31
leaf_value=0.021016357327403493 -0.036564486089419257 0.00041584106718513963 -0.063618957960898989 -0.045341297306620232 -0.018914244220031348 0.045909228265551105 -0.017737641800558462 -0.0025703572811222011 0.002798151678593588 0.069628230877363403 -0.029883483423750076 0.091641497463481311 -0.060001142117800103 -0.0046410784033870832 -0.0067206240002600408 -0.019163444180087325 -0.23093845393355519 0.069541543000007422 0.0026341380905057989 0.024743550066556694 0.0051601493269244243 0.023753452602398008 0.020047465853819654 0.029804601910630387 0.012616905485243106 -0.12711092898909507 0.007388133688994979 -0.14735069833509981 -0.083688601399506207 -0.049633652903225092
leaf_weight=387300 51786 259082 25889 17277 236529 75531 332792 87805 758354 15322 124787 17150 69902 243573 172692 189129 1574 19783 742823 103782 329280 38039 318734 78189 100433 14519 123556 10376 20398 33614
leaf_count=387300 51786 259082 25889 17277 236529 75531 332792 87805 758354 15322 124787 17150 69902 243573 172692 189129 1574 19783 742823 103782 329280 38039 318734 78189 100433 14519 123556 10376 20398 33614
internal_value=-2.86076e-08 -0.00266245 -0.0152539 -0.0113245 -0.0264703 0.00015001 -0.00234186 0.0198506 0.00895721 -0.00384627 -0.00837605 0.00354352 -0.02783 -0.00114254 -0.0207563 -0.00155509 -0.0136358 -0.000801339 0.00398808 0.0041384 -0.0047139 -0.0134816 0.0112454 0.0409281 0.0219845 -0.0826797 -0.00867209 -0.087576 -0.0374482 -0.0577436
internal_weight=5e+06 3.85435e+06 703731 667466 268325 3.15062e+06 2.5728e+06 163336 1.14565e+06 2.40946e+06 1.4938e+06 915666 387779 399141 317877 1.10602e+06 347873 820327 758145 347355 700111 370831 577816 95339 120216 31796 312685 36265 145185 35188
internal_count=5000000 3854346 703731 667466 268325 3150615 2572799 163336 1145654 2409463 1493797 915666 387779 399141 317877 1106018 347873 820327 758145 347355 700111 370831 577816 95339 120216 31796 312685 36265 145185 35188
cat_boundaries=0 1 2 3 4 5 6 7
cat_threshold=16760833 30688 992 516159 16711683 522128 3088
is_linear=0
shrinkage=0.1


Tree=62
num_leaves=31
num_cat=8
split_feature=74 73 54 49 71 91 18 72 75 0 18 23 76 89 76 20 0 87 75 48 72 82 75 80 80 76 23 0 76 75
split_gain=11708.8 10964 9267.69 11824.9 10429.6 7167.19 7157.59 7191.45 6832.07 6468.85 6710.97 6433.75 5799.07 5569.44 5321.22 4931.86 5290.38 4874.36 5193.51 4792.07 4756.45 4931.49 4558.79 4517.92 4417.07 4381.5 4370.69 5549.79 4839.49 4376.77
threshold=249.50000000000003 141.81670379638675 1.6500000357627871 2.0499999523162846 1.4499999880790713 2.6499999761581425 16.750000000000004 30.90164947509766 0 14.449999809265138 11.84999990463257 24.349999427795414 1 17.550000190734867 2 4.0499999523162851 9.8499999046325701 1.0000000180025095e-35 3 5.7500000000000009 32.232500076293952 1.2500000000000002 4 18.44999980926514 -13.749999999999998 5 2.6499999761581425 -0.45000000298023218 6 7
decision_type=2 2 10 10 8 10 10 2 1 2 10 8 1 8 1 10 2 10 1 10 2 8 1 10 8 1 10 2 1 1
left_child=1 2 3 12 9 20 7 -6 -5 15 -11 14 22 -8 24 16 -4 18 -16 -20 -2 -22 -1 26 -3 -10 -9 -28 -29 -30
right_child=5 11 4 8 6 -7 13 23 25 10 -12 -13 -14 -15 17 -17 -18 -19 19 -21 21 -23 -24 -25 -26 -27 27 28 29 -31
leaf_value=0.01964249071207606 0.039637250779177152 -0.075145192340021774 -0.010338722359082233 0.0077672907547503781 0.070203980823115505 -0.031059993006409194 -0.030140945547247579 0.023625452006587083 -0.030474037245342041 0.052870336693147849 -0.0054552267290863795 -0.062567538968385891 0.02007277288984901 0.00027402847544342416 0.0050198055696382502 -0.033365233848009435 0.096675912570946987 0.026879869353145843 -0.032820639181710569 0.019811891441315066 0.0043467553202662552 -0.011782313937457748 -0.005897455478137633 0.050706236216983946 0.0045945320528292038 0.0035285955281852016 -0.072864943040182373 0.022844651792901016 -0.0078178382626026624 0.014493119465421265
leaf_weight=112470 22154 7142 92642 199875 20386 131437 68406 145809 116307 21284 269720 22476 823443 502220 60510 165147 4862 23201 195287 18980 263817 673532 184566 26153 254179 56214 9220 121340 252265 134956
leaf_count=112470 22154 7142 92642 199875 20386 131437 68406 145809 116307 21284 269720 22476 823443 502220 60510 165147 4862 23201 195287 18980 263817 673532 184566 26153 254179 56214 9220 121340 252265 134956
internal_value=-3.46302e-08 0.00255641 0.00477093 0.0106212 9.8662e-06 -0.00916029 0.00496748 0.0116688 -0.00481663 -0.0114584 -0.0011893 -0.0101089 0.0157521 -0.00337208 -0.00800078 -0.0228361 -0.00500248 -0.0171348 -0.0208519 -0.0281571 -0.00616037 -0.00724279 0.00377335 0.00993869 0.00241512 -0.0193951 0.00833198 0.00402529 0.00541927 -4.17497e-05
internal_weight=5e+06 3.90906e+06 3.32728e+06 1.49288e+06 1.83441e+06 1.09094e+06 1.28076e+06 710129 372396 553655 291004 581775 1.12048e+06 570626 559299 262651 97504 297978 274777 214267 959503 937349 297036 689743 261321 172521 663590 517781 508561 387221
internal_count=5000000 3909060 3327285 1492875 1834410 1090940 1280755 710129 372396 553655 291004 581775 1120479 570626 559299 262651 97504 297978 274777 214267 959503 937349 297036 689743 261321 172521 663590 517781 508561 387221
cat_boundaries=0 1 2 3 4 5 6 7 8
cat_threshold=504 122887 12583919 448 248 130574 29152 4126
is_linear=0
shrinkage=0.1


Tree=63
num_leaves=31
num_cat=11
split_feature=82 76 74 73 76 80 91 18 75 18 55 72 0 18 15 75 76 75 76 48 73 76 73 76 81 72 0 75 76 17
split_gain=10479.5 12998.9 10554.2 11024.3 10111.1 6446.72 6129.72 5416.27 5034.63 5200.68 4931.29 4744.3 4743.25 5377.2 5493 4710.35 4652.82 4575.2 4376.84 6267.91 4739.01 7152.62 6170.01 4883.35 6837.52 6005.35 4631.2 4522.06 6323.42 4931.47
threshold=1.2500000000000002 0 149.50000000000003 139.97914886474612 1 -13.749999999999998 2.0499999523162846 25.750000000000004 2 20.44999980926514 2.6499999761581425 36.436649322509773 31.44999980926514 28.94999980926514 30.250000000000004 3 4 5 6 4.9500000476837167 129.87249755859378 7 134.46669769287112 8 1.0000000180025095e-35 35.185850143432624 18.550000190734867 9 10 20.650000572204593
decision_type=8 1 2 2 1 8 10 10 1 8 8 2 2 10 8 1 1 1 1 10 2 1 2 1 10 2 2 1 1 10
left_child=1 7 3 12 15 -3 -4 11 -6 -10 -7 -1 13 18 -15 -5 -8 -9 19 27 21 -20 23 -22 25 26 -25 28 -2 -29
right_child=2 5 6 4 8 10 16 17 9 -11 -12 -13 -14 14 -16 -17 -18 -19 20 -21 22 -23 -24 24 -26 -27 -28 29 -30 -31
leaf_value=0.041870630488123763 0.031855809411900714 -0.11557826986757463 -0.0061540784797348069 -0.03121993700025635 0.012827198035439883 0.0067215311253457886 -0.037794552433804966 -0.061962671100277325 -0.0034951565304887351 -0.06570347598880559 -0.011796904915757578 0.017613028772249299 0.042328498600086195 -0.044236324480898412 0.0085710447313587703 -0.0099320700481321991 -0.011891558683910328 0.008836265792387844 -0.01143649677053773 -0.01365365118927369 0.006555818518621275 0.04269467041292932 0.0084989809586061265 -0.038695366171612344 0.033722501025495358 0.027762824194724714 -0.0097678475087645527 0.047911472200536882 -0.011514965417337838 0.013130507426084129
leaf_weight=146905 62949 4755 1004329 173844 239075 487509 119623 10857 340558 13991 203958 178706 35971 42538 36686 258559 165047 57016 37462 57705 160473 70050 579710 122122 25630 23302 101212 97033 72125 70300
leaf_count=146905 62949 4755 1004329 173844 239075 487509 119623 10857 340558 13991 203958 178706 35971 42538 36686 258559 165047 57016 37462 57705 160473 70050 579710 122122 25630 23302 101212 97033 72125 70300
internal_value=-2.13362e-08 0.00867231 -0.00241679 0.00122634 -0.00686006 0.000461282 -0.00982544 0.0232001 0.00161249 -0.00594982 0.00125926 0.0285573 0.00642727 0.00559907 -0.019783 -0.0184912 -0.0227782 -0.0024966 0.0069577 0.0165476 0.00387398 0.0238359 0.00175426 -0.00728117 -0.0154363 -0.0205455 -0.0255858 0.0223111 0.00869813 0.0332973
internal_weight=5e+06 1.08971e+06 3.91029e+06 2.6213e+06 1.02603e+06 696222 1.289e+06 393484 593624 354549 691467 325611 1.59527e+06 1.5593e+06 79224 432403 284670 67873 1.48007e+06 360112 1.11996e+06 107512 1.01245e+06 432739 272266 246636 223334 302407 135074 167333
internal_count=5000000 1089706 3910294 2621295 1026027 696222 1288999 393484 593624 354549 691467 325611 1595268 1559297 79224 432403 284670 67873 1480073 360112 1119961 107512 1012449 432739 272266 246636 223334 302407 135074 167333
cat_boundaries=0 1 2 3 4 5 6 7 8 9 10 11
cat_threshold=32736 130816 3968 7682 230396 112 14784 1598 12600880 7682 448
is_linear=0
shrinkage=0.1


Tree=64
num_leaves=31
num_cat=9
split_feature=74 88 76 86 18 86 78 75 18 87 76 75 18 86 0 76 76 81 75 80 76 73 19 18 23 80 76 21 89 18
split_gain=10031.9 10023.6 9934.11 9719 18214 11023.2 9359.72 8944.33 8879.87 8520.95 9157.91 8773.63 7500.38 18039.9 11641 8866.59 7447 9174.24 9087.35 7215.8 7182.34 7113.18 6905.5 6598.7 6255.19 10305 6195.22 5771.74 5609.63 5207.83
threshold=749.50000000000011 1.9499999880790713 0 9.6500000953674334 6.6499998569488534 4.0499999523162851 1.0000000180025095e-35 1 16.750000000000004 1.0000000180025095e-35 2 3 16.750000000000004 19.44999980926514 18.750000000000004 4 5 1.0000000180025095e-35 6 21.750000000000004 7 129.87249755859378 24.050000190734867 16.750000000000004 14.34999990463257 13.449999809265138 8 25.44999980926514 -5.5499999523162833 21.150000572204593
decision_type=2 8 1 8 8 8 10 1 10 8 1 1 10 8 2 1 1 10 1 8 1 2 10 10 8 10 1 10 8 10
left_child=1 2 6 4 -3 -6 7 -1 -7 11 -11 23 14 22 16 -16 18 21 -5 27 -19 -18 -14 -4 25 28 -13 -15 -23 -9
right_child=-2 3 9 12 5 8 -8 29 -10 10 -12 26 13 19 15 -17 17 20 -20 -21 -22 24 -24 -25 -26 -27 -28 -29 -30 -31
leaf_value=-0.021070914510741681 -0.024985371196787429 -0.0035800286839915239 0.040895134866794657 -0.0017963536284490954 -0.098365801803107888 -0.024229543215257443 0.032405539390832482 0.0080147419422559856 -0.14987019486708783 0.037961187583194979 -0.033280947846049229 0.022996217927434864 -0.034982268362445029 -0.012806580999197124 0.023186740623032893 0.098806600909972508 0.050675834843454108 -0.028262848321987513 0.043155717895228138 0.0027732942628291603 0.041180045532500348 -0.064797852085807489 -0.12660779242370418 0.015781343594886518 -0.023008711024599785 0.033100876141338373 -0.0018186391251182961 -0.07905039772400331 -0.0044284468418457762 -0.015074602896249838
leaf_weight=228704 155695 369977 190423 89538 31065 104919 75474 411127 5944 24320 69836 155384 118870 239505 106773 18135 22781 18394 90349 853060 78172 15791 8837 232206 172117 75750 285367 13917 609439 128131
leaf_count=228704 155695 369977 190423 89538 31065 104919 75474 411127 5944 24320 69836 155384 118870 239505 106773 18135 22781 18394 90349 853060 78172 15791 8837 232206 172117 75750 285367 13917 609439 128131
internal_value=-3.38027e-08 0.00080299 0.00671612 -0.00269626 -0.015263 -0.0457183 -0.00119733 -0.00449978 -0.0309659 0.0136865 -0.014879 0.0168018 -0.000155006 -0.00573557 0.00515432 0.0341755 0.00206221 -0.0013311 0.0207822 -0.00162822 0.0279538 -0.00448771 -0.0413225 0.0270962 -0.00592705 -0.00173286 0.00693001 -0.0164444 -0.00595315 0.00252853
internal_weight=5e+06 4.8443e+06 1.80097e+06 3.04333e+06 511905 141928 843436 767962 110863 957536 94156 863380 2.53143e+06 1.23419e+06 1.29724e+06 124908 1.17233e+06 992444 179887 1.10648e+06 96566 895878 127707 422629 873097 700980 440751 253422 625230 539258
internal_count=5000000 4844305 1800972 3043333 511905 141928 843436 767962 110863 957536 94156 863380 2531428 1234189 1297239 124908 1172331 992444 179887 1106482 96566 895878 127707 422629 873097 700980 440751 253422 625230 539258
cat_boundaries=0 1 2 3 4 5 6 7 8 9
cat_threshold=16744451 60 30720 444 2093056 992 4550 1052 960
is_linear=0
shrinkage=0.1


Tree=65
num_leaves=31
num_cat=7
split_feature=79 75 18 72 74 18 0 76 72 75 18 0 76 18 17 72 18 9 75 17 76 48 86 75 72 23 18 72 23 0
split_gain=9487.89 9699.62 15848.8 23420.6 14911.4 13595.6 12394.6 12102.3 10816.3 11978.6 10941 10517.1 8920.65 12906.3 8491.69 8477.29 8457.3 8199.22 7984.6 7932.8 7309.43 7164.74 6482.33 6356.4 6343.8 6204.2 6200.89 6187.07 5701.26 8592.92
threshold=1.0500000119209292 0 3.8500000238418584 38.602500915527351 396.50000000000006 13.050000190734865 2.2500000000000004 1 36.436649322509773 2 20.44999980926514 10.650000095367433 3 21.150000572204593 12.949999809265138 30.03750038146973 25.750000000000004 3.2500000000000004 4 12.550000190734865 5 4.4500000476837167 1.0000000180025095e-35 6 30.90164947509766 0.65000000596046459 18.150000572204593 30.90164947509766 -3.8500000238418575 -4.2499999999999991
decision_type=8 1 8 2 2 10 2 1 2 1 10 2 1 10 10 2 8 8 1 10 1 10 10 1 2 10 10 2 10 2
left_child=20 2 11 4 14 7 -5 21 12 10 -10 22 13 18 27 -16 -11 -13 -7 -8 -1 -3 28 -17 -14 -24 -25 -4 -2 -30
right_child=1 5 3 6 -6 8 19 -9 9 16 -12 17 24 -15 15 23 -18 -19 -20 -21 -22 -23 25 26 -26 -27 -28 -29 29 -31
leaf_value=0.0012308390863995078 0.010348719486940746 -0.00083677354279549331 0.094226753318667172 -0.11194159594826743 -0.054711741505988426 0.082593808695191756 -0.027055534188641713 0.037366741187848433 -0.022052665944409963 0.0014576852478861626 -0.086941139171995668 0.020828452921814653 0.027152257501693335 0.0054506832793963112 0.0086964039702992872 -0.024075179536225722 -0.03291388829363117 0.14668106970156092 0.026200208910526497 -0.11824356637298279 0.020106532419461948 0.04673541678841911 0.03473916093042307 -0.059326137310546569 -0.004972237189811852 0.0024198144342311872 -0.2109052288422249 -0.0006611191368758023 -0.053275494338573363 -0.0067554886385693003
leaf_weight=453064 154163 266701 6964 31426 69732 37426 75398 183363 160383 483300 31009 12804 67428 314098 62515 126771 84034 8690 76341 10922 374923 35923 90686 33153 695917 172148 2938 518403 45456 313921
leaf_count=453064 154163 266701 6964 31426 69732 37426 75398 183363 160383 483300 31009 12804 67428 314098 62515 126771 84034 8690 76341 10922 374923 35923 90686 33153 695917 172148 2938 518403 45456 313921
internal_value=5.79067e-09 -0.00194061 -0.00765208 -0.0164631 -0.0104778 0.00213 -0.0581698 0.0170946 -0.00159965 -0.0109318 -0.0325641 0.00270881 0.00434432 0.0159029 -0.00636919 -0.022607 -0.0036334 0.0717105 0.0447616 -0.0385935 0.00977825 0.00481013 0.000798495 -0.0346229 -0.00213458 0.013571 -0.0716456 0.000596667 -0.00573858 -0.0126396
internal_weight=5e+06 4.17201e+06 1.73609e+06 938222 820476 2.43592e+06 117746 485987 1.94994e+06 758726 191392 797868 1.19121e+06 427865 750744 225377 567334 21494 113767 86320 827987 302624 776374 162862 763345 262834 36091 525367 513540 359377
internal_count=5000000 4172013 1736090 938222 820476 2435923 117746 485987 1949936 758726 191392 797868 1191210 427865 750744 225377 567334 21494 113767 86320 827987 302624 776374 162862 763345 262834 36091 525367 513540 359377
cat_boundaries=0 1 2 3 4 5 6 7
cat_threshold=6158 16746497 1072 8160 224 16646159 2056
is_linear=0
shrinkage=0.1


Tree=66
num_leaves=31
num_cat=5
split_feature=85 74 76 81 78 83 18 26 18 83 87 83 90 18 86 0 76 83 75 77 18 18 75 76 18 83 19 83 88 23
split_gain=9381.07 11275.3 11069.7 10775 10062.5 9372.53 21033.2 9305.78 8032.09 15176.4 7887.46 7053.48 6690.89 6672.86 11090.5 9804.64 9956.87 6640.43 6377.59 6123.56 8742.51 6119.01 5752.83 5654.83 5338.51 5121.19 5084.65 5063.64 4988.75 4951.35
threshold=1.8499999642372134 669.00000000000011 0 1.0000000180025095e-35 1.0000000180025095e-35 15.750000000000002 16.750000000000004 1.0000000180025095e-35 3.8500000238418584 4.2500000000000009 1.0000000180025095e-35 9.6500000953674334 1.0000000180025095e-35 21.050000190734867 22.150000572204593 22.94999980926514 1 -2.8500000238418575 2 7.2500000000000009 12.449999809265138 17.050000190734867 3 4 21.150000572204593 -6.2499999999999991 9.6500000953674334 23.050000190734867 3.1499999761581425 -4.6499998569488517
decision_type=8 2 1 8 10 8 10 10 8 10 10 10 10 10 8 2 1 10 1 10 10 10 1 1 10 10 10 8 8 10
left_child=2 5 3 4 10 6 8 22 11 17 12 25 18 15 28 19 -17 -10 21 -7 -21 -1 -4 -20 -8 -2 -19 -16 -15 -27
right_child=1 -3 7 -5 -6 13 24 -9 9 -11 -12 -13 -14 14 27 16 -18 26 23 20 -22 -23 -24 -25 -26 29 -28 -29 -30 -31
leaf_value=0.049276542045430409 -0.037127163203730128 -0.033200459181325297 -0.016184305397331161 -0.020136275275995999 -0.046407905839932345 -0.0026320801602203866 -0.056902904333832605 0.029171115490373337 -0.20615097625554679 -0.0077601518082788317 -0.049381282790322528 0.064112003551254321 -0.050502957416433084 -0.022018741076996622 -0.030863007560576378 0.022082886940349419 0.11071294045653063 -0.039949258157309257 -0.0085759975828733053 0.028296274084468165 0.0019182999453017349 0.021576308715901858 0.00098971125143096773 0.021518055542947861 -0.13823479450331599 0.042212351007665232 -0.11411134089606736 0.0021139765165552704 -0.068553887639046088 0.00063071761735524173
leaf_weight=142283 31163 121100 277301 80108 23071 825153 43671 92342 2940 357732 15678 18976 12367 117997 50659 92812 14674 54484 82971 190796 367974 181442 657496 252294 9900 32623 11134 575886 28626 234347
leaf_count=142283 31163 121100 277301 80108 23071 825153 43671 92342 2940 357732 15678 18976 12367 117997 50659 92812 14674 54484 82971 190796 367974 181442 657496 252294 9900 32623 11134 575886 28626 234347
internal_value=3.38991e-08 -0.00327312 0.00573216 0.01463 0.0185522 -0.00208934 -0.0114161 -0.0011134 -0.0070551 -0.0160202 0.0207336 0.00499669 0.022371 0.00119301 -0.00634616 0.00510143 0.034195 -0.0591207 0.0237386 0.0028418 0.0109252 0.03375 -0.004105 0.0140704 -0.0719332 0.00123403 -0.052533 -0.000552362 -0.031104 0.00571188
internal_weight=5e+06 3.18265e+06 1.81735e+06 790214 710106 3.06155e+06 796970 1.02714e+06 743399 426290 687035 317109 671357 2.26458e+06 773168 1.49141e+06 107486 68558 658990 1.38392e+06 558770 323725 934797 335265 53571 298133 65618 626545 146623 266970
internal_count=5000000 3182647 1817353 790214 710106 3061547 796970 1027139 743399 426290 687035 317109 671357 2264577 773168 1491409 107486 68558 658990 1383923 558770 323725 934797 335265 53571 298133 65618 626545 146623 266970
cat_boundaries=0 1 2 3 4 5
cat_threshold=8184 1044480 444 30 6152
is_linear=0
shrinkage=0.1


Tree=67
num_leaves=31
num_cat=8
split_feature=91 82 86 76 48 71 76 76 81 18 0 69 24 76 76 78 81 88 31 83 23 75 23 1 18 18 12 75 72 76
split_gain=8898.73 9746.33 9549 8833.21 10950.3 8500.15 8152.69 6773.02 6724.55 5606 7536.4 6779.34 6664.98 6121.98 5690.28 5578.47 5327.2 5045.37 4885.51 4685.9 5991.36 4602.97 4454.4 4440.42 4269.59 4138.38 5305.82 4384.85 3996.22 5149.22
threshold=1.1500000357627871 1.5500000119209292 24.550000190734867 0 0.94999998807907116 1.1500000357627871 1 2 1.0000000180025095e-35 21.150000572204593 18.44999980926514 2.4500000476837163 1.0000000180025095e-35 3 4 1.0000000180025095e-35 1.0000000180025095e-35 1.4499999880790713 1.0000000180025095e-35 14.550000190734865 13.050000190734865 5 25.050000190734867 -12.849999904632567 17.050000190734867 26.150000572204593 26.150000572204593 6 36.559150695800788 7
decision_type=8 8 10 1 8 8 1 1 8 10 2 10 2 1 1 8 10 8 8 10 10 1 10 8 10 10 10 1 2 1
left_child=6 7 3 4 -3 -6 23 8 15 11 13 12 19 -11 -14 18 -9 -7 21 28 -21 24 -4 -1 -2 27 -27 -8 -5 -30
right_child=1 2 22 9 5 17 25 16 -10 10 -12 -13 14 -15 -16 -17 -18 -19 -20 20 -22 -23 -24 -25 -26 26 -28 -29 29 -31
leaf_value=-0.1397816513593427 0.051494436940671552 0.0083025539329825097 0.030180765599842032 -0.020932175872020242 -0.039608484405674591 0.0059242477316414242 -0.0087587365893709787 -0.005563982596062193 -0.020661331161462213 -0.049126714256885043 -0.01034681022366378 0.0095136626324227608 -0.033706175364148661 -0.19747821064978807 0.031345009876166348 -0.037788068281173585 0.030846362392880675 -0.017955758070545214 -0.0249377149667733 0.055016819649051397 -0.0010750705157186442 0.013307456924094845 0.0037181394289217129 -0.00081052013581399396 0.021157273157955535 -0.030504750584767405 0.01830157778859056 0.021477804779697914 -0.022350453220214488 0.0056214010820612621
leaf_weight=2309 86859 174767 89976 293423 164313 104776 53123 414711 47327 22615 223540 484623 16303 3167 76588 16555 44495 568710 21500 21906 145680 194862 217071 541260 99573 42076 47329 493523 102180 184860
leaf_count=2309 86859 174767 89976 293423 164313 104776 53123 414711 47327 22615 223540 484623 16303 3167 76588 16555 44495 568710 21500 21906 145680 194862 217071 541260 99573 42076 47329 493523 102180 184860
internal_value=5.66136e-08 -0.00234416 -0.00520081 -0.00717942 -0.0144662 -0.0192159 0.00759215 0.00658635 0.0150703 -0.00249433 -0.0162513 9.31618e-05 -0.00533575 -0.0674455 0.0199278 0.0191033 -0.00203594 -0.0142407 0.0214416 -0.00847293 0.00625698 0.0240568 0.0114727 -0.00140082 0.0352895 0.0152773 -0.00466778 0.0185397 -0.0127256 -0.00433655
internal_weight=5e+06 3.82038e+06 2.8945e+06 2.58745e+06 1.01257e+06 837799 1.17962e+06 925882 466676 1.57488e+06 249322 1.32556e+06 840940 25782 92891 419349 459206 673486 402794 748049 167586 381294 307047 543569 186432 636051 89405 546646 580463 287040
internal_count=5000000 3820380 2894498 2587451 1012566 837799 1179620 925882 466676 1574885 249322 1325563 840940 25782 92891 419349 459206 673486 402794 748049 167586 381294 307047 543569 186432 636051 89405 546646 580463 287040
cat_boundaries=0 1 2 3 4 5 6 7 8
cat_threshold=116536 16515079 16380 6340 196 444 2 145600
is_linear=0
shrinkage=0.1


Tree=68
num_leaves=31
num_cat=9
split_feature=74 76 26 81 84 79 87 76 87 28 73 76 26 75 76 17 75 18 0 42 1 75 76 0 18 90 48 76 31 53
split_gain=8295.65 9815.47 19889.5 17685 14015.7 13157.8 10013.1 16503.6 8638.17 7516.91 7222.59 8454.24 13880.5 10957.5 11862.4 9168.07 8505.9 8150.78 11703.7 7065.35 6675.8 6503.71 6446.05 6265.43 8097.71 6085.92 6009.89 5812.14 5800.25 5704.45
threshold=52.500000000000007 0 1.0000000180025095e-35 1.0000000180025095e-35 1.0000000180025095e-35 2.2500000000000004 1.0000000180025095e-35 1 1.0000000180025095e-35 1.0000000180025095e-35 129.97499847412112 2 1.0000000180025095e-35 3 4 20.650000572204593 5 2.4500000476837163 0.84999999403953563 1.0000000180025095e-35 -12.849999904632567 6 7 4.0499999523162851 6.6499998569488534 1.0000000180025095e-35 4.6499998569488534 8 1.0000000180025095e-35 2.7500000000000004
decision_type=2 1 10 10 10 10 10 1 10 10 2 1 10 1 1 10 1 8 2 8 8 1 1 2 8 10 8 1 10 8
left_child=29 2 3 4 5 8 10 -8 9 19 -3 12 16 14 -13 -16 26 20 -19 25 -15 -21 -20 24 -4 28 27 -12 -2 -1
right_child=1 6 23 -5 -6 -7 7 -9 -10 -11 11 13 -14 17 15 -17 -18 18 22 21 -22 -23 -24 -25 -26 -27 -28 -29 -30 -31
leaf_value=0.0085918412065438751 0.032230741812971281 0.031498273666715086 -0.065015569485117983 -0.068264202427855539 -0.084654318282954125 -0.018750320661551051 -0.030984929008854717 0.030482392329164117 -0.077377586063686887 -0.049217212323068388 -0.012351142496319059 -0.013467719835363165 0.039038787242388205 -0.086597144143664942 0.030442941941408775 -0.0017841345743444433 -0.01168141824707091 -0.084806193225536688 -0.035307890752991712 0.0064282406401950723 0.0058703697892300158 0.11313988785487168 -0.0066406612106912864 -0.027556756077482533 -0.2482620209227816 -0.084629498223323218 0.0052725072458464136 -0.045671039533605434 -0.05006906698086238 -0.0018384638698809447
leaf_weight=1359992 350383 43267 12064 24678 12834 70270 60206 159073 7623 11611 68780 207019 41197 8141 205107 154972 454059 28363 128868 8138 190725 19219 200451 46975 3014 4674 36641 219513 8778 853365
leaf_count=1359992 350383 43267 12064 24678 12834 70270 60206 159073 7623 11611 68780 207019 41197 8141 205107 154972 454059 28363 128868 8138 190725 19219 200451 46975 3014 4674 36641 219513 8778 853365
internal_value=3.0192e-09 -0.00363015 0.00794271 0.0143495 0.0184804 0.021234 -0.00667373 0.0136057 0.0280798 0.0300756 -0.00891162 -0.00981108 -0.0175301 -0.00417651 0.00560627 0.0165725 -0.020522 -0.0141447 -0.0231685 0.032429 0.00208502 0.0814396 -0.0178599 -0.0455593 -0.101645 0.0287439 -0.0328742 -0.0377237 0.0302193 0.00457041
internal_weight=5e+06 2.78664e+06 580261 518208 493530 480696 2.20638e+06 219279 410426 402803 1.9871e+06 1.94384e+06 820190 1.12365e+06 567098 360079 778993 556548 357682 391192 198866 27357 329319 62053 15078 363835 324934 288293 359161 2.21336e+06
internal_count=5000000 2786643 580261 518208 493530 480696 2206382 219279 410426 402803 1987103 1943836 820190 1123646 567098 360079 778993 556548 357682 391192 198866 27357 329319 62053 15078 363835 324934 288293 359161 2213357
cat_boundaries=0 1 2 3 4 5 6 7 8 9
cat_threshold=1984 62 2088960 504 14680065 62 6150 6150 24576
is_linear=0
shrinkage=0.1


Tree=69
num_leaves=31
num_cat=8
split_feature=73 74 18 75 75 17 86 4 76 72 75 18 0 34 2 80 0 81 27 76 76 18 23 81 23 76 26 75 9 72
split_gain=7568.1 8194.56 7467.42 14002.1 10671.1 15266.8 14068.6 13959 9445.02 8990.34 8547.92 7757.05 9754.01 10761.8 10729.2 7701.16 7485.29 7427.86 7188.75 6798.61 6479.38 6462.86 6432.69 6121.7 6047.08 6032.34 6323.34 6010.56 6006.13 6519.25
threshold=142.07500457763675 907.50000000000011 25.750000000000004 0 1 12.949999809265138 12.650000095367433 11.650000095367433 2 36.24749946594239 3 3.4500000476837163 2.4500000476837163 1.0000000180025095e-35 0.84999999403953563 9.2500000000000018 22.650000572204593 1.0000000180025095e-35 1.0000000180025095e-35 4 5 16.849999427795414 9.6500000953674334 1.0000000180025095e-35 22.650000572204593 6 1.0000000180025095e-35 7 22.150000572204593 36.658300399780281
decision_type=2 2 10 1 1 10 10 10 1 2 1 8 2 8 8 10 2 10 10 1 1 10 8 10 8 1 8 1 8 2
left_child=1 2 4 23 7 6 11 -1 18 20 -11 15 13 17 -14 -6 -5 27 -9 -15 -7 -10 -8 -4 -2 -16 -27 -13 29 -23
right_child=24 -3 3 16 5 9 22 8 21 10 -12 12 14 19 25 -17 -18 -19 -20 -21 -22 28 -24 -25 -26 26 -28 -29 -30 -31
leaf_value=0.052816347182654946 -0.0081491904563612497 -0.026545824640461499 0.0004850442418297181 -0.092510799065246507 0.0078217870984609878 -0.018857503558491286 0.077440487992243789 -0.0025862112402345113 0.049670414738780443 -0.01286268880166154 -0.060268266202789189 0.022292967453578276 0.08087313103017052 -0.17253950203614932 0.017509359088119805 0.067116017446308462 -0.023297512271169728 -0.1085347467611805 0.031057580488659045 -0.033196147138255826 0.0032251576588671477 0.020195127808219089 0.023987640240329421 -0.044733613626239864 -0.051022841119857346 -0.0087763054353379652 0.025478123994912366 -0.025620641524023144 0.033258481600922429 -0.0064325994349624634
leaf_weight=74396 545486 102423 386899 27635 688669 244861 27548 649798 57951 84049 69498 35691 16236 7800 139552 22624 35955 8636 70390 6378 290502 200181 123203 32450 35009 562557 59600 98201 125770 170052
leaf_count=74396 545486 102423 386899 27635 688669 244861 27548 649798 57951 84049 69498 35691 16236 7800 139552 22624 35955 8636 70390 6378 290502 200181 123203 32450 35009 562557 59600 98201 125770 170052
internal_value=1.50757e-09 0.00141001 0.00207326 -0.0096454 0.00354931 -0.000336556 0.00451635 0.0107116 0.00825324 -0.0129931 -0.034324 0.00183836 -0.00415045 -0.0269118 0.000434506 0.00970775 -0.0533679 -0.0186465 0.000702068 -0.110001 -0.00687516 0.0180701 0.0337555 -0.00301399 -0.0107349 -0.00128006 -0.00549479 -0.0128488 0.0143784 0.00796473
internal_weight=5e+06 4.4195e+06 4.31708e+06 482939 3.83414e+06 2.4856e+06 1.7967e+06 1.34854e+06 1.27414e+06 688910 153547 1.64594e+06 934651 156706 777945 711293 63590 142528 720188 14178 535363 553954 150751 419349 580495 761709 622157 133892 496003 370233
internal_count=5000000 4419505 4317082 482939 3834143 2485605 1796695 1348538 1274142 688910 153547 1645944 934651 156706 777945 711293 63590 142528 720188 14178 535363 553954 150751 419349 580495 761709 622157 133892 496003 370233
cat_boundaries=0 1 2 3 4 5 6 7 8
cat_threshold=1920 992 16744451 1024 2040 127039 504 1048
is_linear=0
shrinkage=0.1


Tree=70
num_leaves=31
num_cat=4
split_feature=83 18 75 18 89 23 18 91 77 89 0 2 34 76 90 17 18 85 76 28 87 76 77 23 83 23 0 54 84 20
split_gain=7248.61 11773.5 16401.9 10220.4 10219.3 12434.6 8364.81 15124.6 11045 10696.1 9189.92 13083 11119.5 10490.6 8395.31 7795.09 7426.66 6926.76 6715.98 9928.58 7391.92 6475.76 5897.61 5531.89 5306.16 6531.59 6629.24 5485.59 5228.57 5184.92
threshold=21.050000190734867 20.94999980926514 0 20.94999980926514 13.750000000000002 13.949999809265138 3.4500000476837163 2.8500000238418584 0.84999999403953563 0.45000000298023229 3.8500000238418584 2.8500000238418584 1.0000000180025095e-35 1 1.0000000180025095e-35 8.6500000953674334 16.150000572204593 1.1500000357627871 2 1.0000000180025095e-35 1.0000000180025095e-35 3 9.8499999046325701 1.4499999880790713 -13.249999999999998 -5.2499999999999991 -6.6499998569488517 1.7500000000000002 1.0000000180025095e-35 27.650000572204593
decision_type=10 10 1 10 10 10 8 10 10 8 2 8 8 1 10 8 10 10 1 10 10 1 8 10 8 10 2 8 10 10
left_child=1 4 17 -2 6 -6 8 10 24 -9 12 -12 14 -13 18 -14 -11 -3 19 20 28 -16 23 -10 -1 -26 27 -27 -8 -19
right_child=3 2 -4 -5 5 -7 7 9 22 16 11 13 15 -15 21 -17 -18 29 -20 -21 -22 -23 -24 -25 25 26 -28 -29 -30 -31
leaf_value=-0.062981777204056996 0.02751659087394397 -0.0027447034589885063 -0.050339428912813622 0.0021475753495930994 0.035991730997123605 0.0042167292955136923 0.0074647982286537174 -0.12551056594783527 0.036863386048407699 -0.019691553587308321 0.063664737386746426 0.01718912822623311 -0.060451310772622682 -0.0054051146234815719 -0.14842995321002458 -0.21661266050102307 -0.08775885884008669 -0.031031642764877423 -0.046000049543406085 -0.1574424319161758 -0.15499602729007142 -0.0039113586375873512 0.073030305184329292 0.0052084513721985543 0.020364484413868955 -0.0053489411384801747 -0.0018477108985127358 -0.09208868984873525 -0.15845721812806157 -0.1746066618180202
leaf_weight=13530 210328 470781 104820 648261 157665 562703 167510 10969 96071 224646 32339 258765 16254 998092 7908 3979 17261 67918 40237 3952 2916 5108 21895 129789 131677 13945 560868 15280 1921 2612
leaf_count=13530 210328 470781 104820 648261 157665 562703 167510 10969 96071 224646 32339 258765 16254 998092 7908 3979 17261 67918 40237 3952 2916 5108 21895 129789 131677 13945 560868 15280 1921 2612
internal_value=-5.47046e-08 -0.0017337 -0.0141348 0.00836221 0.000558737 0.0111712 -0.00219627 -0.00626296 0.00521625 -0.0289279 -0.0025388 0.000862642 -0.0200944 -0.000753259 -0.0138304 -0.0911618 -0.0245484 -0.00712301 -0.00914173 -0.000726842 0.00286668 -0.0918321 0.0234768 0.0186731 -0.000936539 0.000226535 -0.00426717 -0.0507 0.00558358 -0.0363488
internal_weight=5e+06 4.14141e+06 646131 858589 3.49528e+06 720368 2.77491e+06 1.79186e+06 983055 252876 1.53898e+06 1.2892e+06 249785 1.25686e+06 229552 20233 241907 541311 216536 176299 172347 13016 247755 225860 735300 721770 590093 29225 169431 70530
internal_count=5000000 4141411 646131 858589 3495280 720368 2774912 1791857 983055 252876 1538981 1289196 249785 1256857 229552 20233 241907 541311 216536 176299 172347 13016 247755 225860 735300 721770 590093 29225 169431 70530
cat_boundaries=0 1 2 3 4
cat_threshold=1984 496 8188 2040
is_linear=0
shrinkage=0.1


Tree=71
num_leaves=31
num_cat=11
split_feature=74 73 76 83 54 17 18 75 72 48 17 0 75 18 0 76 75 76 2 78 76 10 76 48 76 72 76 72 18 75
split_gain=7505.99 8611.1 8689 5477.08 5090.35 5027.06 5008.34 12970.6 7339.15 5663.83 5461.74 5602.99 4940.14 4755.45 7561.68 6768.35 6344.38 5034.41 4729.12 5083.34 6857.31 5405.56 4540.27 6951.98 6983.96 6529.4 6738.44 5934.01 5617.16 6123.99
threshold=199.50000000000003 140.11250305175784 0 -13.249999999999998 3.6499999761581425 34.850000381469734 3.4500000476837163 1 32.232500076293952 1.0500000119209292 12.550000190734865 -0.65000000596046437 2 20.94999980926514 17.650000572204593 3 4 5 -10.249999999999998 1.0000000180025095e-35 6 -13.15000009536743 7 5.2500000000000009 8 38.316650390625007 9 30.90164947509766 26.750000000000004 10
decision_type=2 2 1 8 8 8 10 1 2 8 8 2 1 10 2 1 1 1 8 10 1 10 1 10 1 2 1 2 10 1
left_child=1 5 18 -4 -5 22 12 8 -8 -10 11 -11 -2 15 -15 16 -9 -16 -3 21 -21 -20 23 28 -25 27 -27 -24 -1 -30
right_child=6 2 3 4 -6 -7 7 13 9 10 -12 -13 -14 14 17 -17 -18 -19 19 20 -22 -23 25 24 -26 26 -28 -29 29 -31
leaf_value=0.019378534817591227 -0.00085887495995097193 0.060524865680034581 -0.075180904761821099 0.008739417077123909 -0.011088890526735442 0.1012334786881515 0.024800457414367885 0.0630460341349596 -0.017464701755177506 -0.12227282501572123 -0.10070077704122696 -0.034434864387270496 0.032832788815641313 -0.055039146384317707 0.008752650515965691 -0.0034255752673461857 0.0087906792890216131 -0.019706249280017071 -0.097977390247209431 -0.040233513970726713 0.037280485612597274 -0.014878166435305238 0.024630220988662535 0.017579416844081496 -0.037811020084321613 -0.028285067470271513 0.045096331301250007 -0.001064115625633318 -0.059112366384530594 0.0048985574003212367
leaf_weight=595299 295477 8812 8747 592297 165691 5562 22452 31296 100416 7834 17772 99456 51028 38222 110081 388291 69217 142771 7936 15883 40486 574805 97122 40084 52658 15610 63004 1205764 17086 118841
leaf_count=595299 295477 8812 8747 592297 165691 5562 22452 31296 100416 7834 17772 99456 51028 38222 110081 388291 69217 142771 7936 15883 40486 574805 97122 40084 52658 15610 63004 1205764 17086 118841
internal_value=-9.66169e-08 0.00238533 -0.00370731 0.00349711 0.00440508 0.00628352 -0.00629329 -0.00979841 -0.0297217 -0.0351521 -0.0493539 -0.0408485 0.00410364 -0.00346419 -0.0135835 0.00256159 0.0256884 -0.00731689 -0.0122327 -0.0132361 0.015439 -0.0160098 0.00604406 0.011919 -0.0138729 0.00253994 0.0305275 0.000851236 0.0151904 -0.00315159
internal_weight=5e+06 3.62569e+06 1.41466e+06 766735 757988 2.21103e+06 1.37431e+06 1.02781e+06 247930 225478 125062 107290 346505 779878 291074 488804 100513 252852 647922 639110 56369 582741 2.20547e+06 823968 92742 1.3815e+06 78614 1.30289e+06 731226 135927
internal_count=5000000 3625687 1414657 766735 757988 2211030 1374313 1027808 247930 225478 125062 107290 346505 779878 291074 488804 100513 252852 647922 639110 56369 582741 2205468 823968 92742 1381500 78614 1302886 731226 135927
cat_boundaries=0 1 2 3 4 5 6 7 8 9 10 11
cat_threshold=524032 6158 4142 4064 96 2040 1792 32224 28672 536 112
is_linear=0
shrinkage=0.1


Tree=72
num_leaves=31
num_cat=10
split_feature=75 18 0 72 18 75 75 76 82 25 76 81 72 73 87 75 76 90 75 47 18 76 18 80 18 18 0 3 75 72
split_gain=7075.39 13667 7684.33 7238.45 10695.3 9982.58 9175.12 8746.6 17020.7 12505.9 20313.8 12027.1 10960.1 9744.04 8847.27 8107.17 7656.92 11903.6 11679.9 8244.02 7557.48 7142.98 6653.09 6301.52 8503.69 6102.28 6377.8 5967.1 5541.25 5415.75
threshold=0 25.750000000000004 20.94999980926514 42.100000381469734 12.449999809265138 1 2 3 3.1499999761581425 1.0000000180025095e-35 4 1.0000000180025095e-35 40.354150772094734 129.87249755859378 1.0000000180025095e-35 5 6 1.0000000180025095e-35 7 1.0000000180025095e-35 5.8500001430511483 8 20.94999980926514 16.550000190734867 12.650000095367433 17.050000190734867 9.8499999046325701 -0.45000000298023218 9 36.902500152587898
decision_type=1 10 2 2 8 1 1 1 10 8 1 8 2 2 10 1 1 10 1 10 8 1 10 10 10 10 2 10 1 2
left_child=22 3 -3 7 5 20 -6 8 11 12 -11 14 13 -9 15 21 18 19 -15 23 -5 -2 -1 29 -25 26 27 -17 -22 -18
right_child=1 2 -4 4 6 -7 -8 9 -10 10 -12 -13 -14 16 -16 25 17 -19 -20 -21 28 -23 -24 24 -26 -27 -28 -29 -30 -31
leaf_value=0.025115757064436108 -0.028280685390661732 -0.071711864353153673 -0.01876686525560077 -0.0078335011678318939 -0.024807717869094463 0.014658729785057611 -0.1190518697530164 0.025943147069942097 -0.027626504188541998 -0.025837951746226214 0.038212926788465419 -0.020037282782533809 0.026882778778727159 -0.014130539685305513 -0.04238943868393924 0.069444596380973986 -0.0170718122875122 0.030797790259879644 0.019228021569017071 -0.035223322867937119 -0.032167691766898515 0.018092141277609743 0.0036560873379217259 0.046290847624977281 -0.003300464249363734 0.020937866350054572 0.079569793378323803 0.019099369185088574 -0.12004259515273204 -0.0010725625277066368
leaf_weight=184386 39534 34705 130467 337615 169457 211402 10993 95175 99255 68990 175362 78035 111251 182627 20708 34931 814687 68371 246781 137327 27000 207614 667354 40531 235411 154859 47396 72207 9777 285792
leaf_count=184386 39534 34705 130467 337615 169457 211402 10993 95175 99255 68990 175362 78035 111251 182627 20708 34931 814687 68371 246781 137327 27000 207614 667354 40531 235411 154859 47396 72207 9777 285792
internal_value=-8.11818e-08 -0.00170464 -0.0298914 -0.000535787 -0.00927041 -0.00271321 -0.030557 0.00154478 0.0109643 -0.00134176 0.0201294 0.0168098 -0.00370724 -0.00532264 0.021791 0.024179 -0.00680198 -0.0100162 0.00504064 -0.0118597 -0.0125224 0.0106735 0.00830161 -0.00952867 0.00398362 0.034966 0.0490259 0.0355138 -0.0555702 -0.0129168
internal_weight=5e+06 4.14826e+06 165172 3.98309e+06 766244 585794 180450 3.21684e+06 754539 2.4623e+06 244352 655284 2.21795e+06 2.1067e+06 577249 556541 2.01153e+06 1.58212e+06 429408 1.51375e+06 374392 247148 851740 1.37642e+06 275942 309393 154534 107138 36777 1.10048e+06
internal_count=5000000 4148260 165172 3983088 766244 585794 180450 3216844 754539 2462305 244352 655284 2217953 2106702 577249 556541 2011527 1582119 429408 1513748 374392 247148 851740 1376421 275942 309393 154534 107138 36777 1100479
cat_boundaries=0 1 2 3 4 5 6 7 8 9 10
cat_threshold=384 4126 1632 4032 62 7170 4152 7170 2048 16
is_linear=0
shrinkage=0.1


Tree=73
num_leaves=31
num_cat=7
split_feature=85 74 89 18 83 79 76 86 19 77 18 88 18 75 67 86 76 72 23 76 84 86 66 76 91 2 75 75 55 82
split_gain=6732.39 7721.8 7099.5 9599.33 8600.29 7087.37 6857.51 6567.56 9790.43 16400.7 9220.57 7959.65 10038.2 7459.03 6042.6 5663.17 5529.35 5676.96 4957.32 4897.04 4931 4685.67 4653.44 4329.32 4323.53 4268.64 4006.78 3991.36 3744.36 3650
threshold=1.0500000119209292 669.00000000000011 25.550000190734867 26.150000572204593 21.650000572204593 1.9499999880790713 0 16.550000190734867 5.0499999523162851 4.0499999523162851 12.449999809265138 2.4500000476837163 16.94999980926514 1 3.9500000476837163 6.2500000000000009 2 37.846700668334968 25.250000000000004 3 1.0000000180025095e-35 11.650000095367433 4.2500000000000009 4 1.4499999880790713 14.650000095367433 5 6 2.7500000000000004 1.1500000357627871
decision_type=8 2 10 10 8 8 1 10 10 8 10 10 10 1 10 8 1 2 10 1 10 8 10 1 10 8 1 1 10 8
left_child=6 2 3 5 -5 19 -1 8 13 16 -9 29 15 14 -7 23 17 -10 -4 26 27 -14 -17 -13 -6 -12 -2 -21 -8 -11
right_child=1 -3 18 4 24 7 28 10 9 11 25 12 21 -15 -16 22 -18 -19 -20 20 -22 -23 -24 -25 -26 -27 -28 -29 -30 -31
leaf_value=0.018270361874464403 -0.0008659986073436929 -0.023429406530595106 0.035944765090137692 -0.094394112412758441 -0.010120183939688899 -0.0066524425552175349 0.0055097758894396632 0.048838836606447743 -0.066259516070699145 0.0084830292924205197 0.05284440698645268 -0.089705220456408566 -0.164016237534267 0.027827779231570416 0.02091129735634191 -0.020252636808989578 -0.033404958560018003 -0.17471021521781688 0.0063580286600289516 0.0075300671556125147 0.030426406223089744 -0.061842934877294364 0.018073346058654554 -0.020455001208401238 -0.049702006361676807 0.0001044977183059835 0.020182696323202711 -0.01199268362202092 -0.011256986864812352 -0.0086985826504468785
leaf_weight=360015 127422 160067 74819 15849 146681 433826 535314 45412 10573 148428 15849 17937 5540 102798 97387 138101 14106 8881 232956 179039 46379 23647 41111 18206 33991 484079 311610 252264 177309 740404
leaf_count=360015 127422 160067 74819 15849 146681 433826 535314 45412 10573 148428 15849 17937 5540 102798 97387 138101 14106 8881 232956 179039 46379 23647 41111 18206 33991 484079 311610 252264 177309 740404
internal_value=-1.2789e-07 -0.00191781 -0.00100381 -0.00229862 -0.0237629 -0.00100589 0.00702127 -0.00391903 -0.00683038 -0.0122651 0.0056955 -0.0102251 -0.026202 0.00317251 -0.00159917 -0.0187432 -0.0811593 -0.115709 0.0135505 0.00645014 -0.000556938 -0.0812365 -0.0114607 -0.0548529 -0.017567 0.00177649 0.0140738 -0.00388866 0.00133799 -0.00582939
internal_weight=5e+06 3.92736e+06 3.7673e+06 3.45952e+06 196521 3.263e+06 1.07264e+06 2.34628e+06 1.80094e+06 1.16693e+06 545340 1.13337e+06 244542 634011 531213 215355 33560 19454 307775 916714 477682 29187 179212 36143 180672 499928 439032 431303 712623 888832
internal_count=5000000 3927362 3767295 3459520 196521 3262999 1072638 2346285 1800945 1166934 545340 1133374 244542 634011 531213 215355 33560 19454 307775 916714 477682 29187 179212 36143 180672 499928 439032 431303 712623 888832
cat_boundaries=0 1 2 3 4 5 6 7
cat_threshold=131008 4110 2040 16380 2044 6146 7552
is_linear=0
shrinkage=0.1


Tree=74
num_leaves=31
num_cat=7
split_feature=88 74 0 23 23 82 91 76 85 76 71 48 24 76 75 79 52 0 76 76 73 81 76 0 17 80 18 18 80 73
split_gain=6311.7 7226.6 6803.17 12119.7 6883.45 6841.06 6993.04 10016.8 7252.68 6648.7 5885.82 7733.66 4847.82 4402.13 4221.05 4000.8 3978.68 3963.88 5085.58 3855.56 3493.3 3355.48 3318.79 3938.01 3758.16 3259.01 9705.73 3778.97 7647.13 3247.94
threshold=1.0500000119209292 907.50000000000011 27.250000000000004 26.650000572204593 25.94999980926514 1.3499999642372134 1.9499999880790713 0 1.3499999642372134 1 1.1500000357627871 1.4499999880790713 1.0000000180025095e-35 2 3 1.1500000357627871 5.7500000000000009 32.649999618530281 4 5 142.79664611816409 1.0000000180025095e-35 6 11.650000095367433 12.750000000000002 11.84999990463257 14.250000000000002 6.8500001430511483 3.6499999761581425 142.9716491699219
decision_type=8 2 2 10 10 8 8 1 8 1 8 10 2 1 1 8 10 2 1 1 2 8 1 2 10 8 10 8 10 2
left_child=19 2 3 5 13 9 -7 12 -9 14 11 -10 16 -4 -2 -12 29 18 -6 -1 -5 -11 -13 24 -24 26 27 -17 -29 -8
right_child=1 -3 4 20 17 6 7 8 10 21 15 22 -14 -15 -16 25 -18 -19 -20 -21 -22 -23 23 -25 -26 -27 -28 28 -30 -31
leaf_value=0.017158017338300711 -0.018451604023382317 -0.033785433780545202 0.023084654800287378 -0.032097991856771507 -0.0080718175367042646 0.0034689767029374013 -0.0024044714786238194 0.0051400665231431568 -0.0094328302355075368 0.018735393442497621 0.014670710190292769 -0.036524143623862575 0.023090475170975431 0.087141704293845462 0.0043854909586220096 -0.010578774637454566 0.018739474243771169 0.043744544654244946 0.024156882924843748 0.0033085094799042199 -0.14153981366314539 -0.010925020211032777 -0.076121095340207293 -0.037514786057360631 -0.16753852824054055 -0.010887890693027827 -0.120213311763742 -0.13790216854889983 -0.027359348312134664 -0.028462009840156063
leaf_weight=272046 118002 69496 25757 107346 147965 889165 602473 162889 79894 365921 47350 69538 87109 18407 257604 105951 83229 26177 73163 769797 2998 42580 18569 18907 5934 421229 10563 7399 40582 51960
leaf_count=272046 118002 69496 25757 107346 147965 889165 602473 162889 79894 365921 47350 69538 87109 18407 257604 105951 83229 26177 73163 769797 2998 42580 18569 18907 5934 421229 10563 7399 40582 51960
internal_value=-1.31622e-07 -0.00182295 -0.00125173 -0.00244234 0.0134423 -0.00140977 -0.00379555 -0.00735722 -0.0141446 0.00681379 -0.0179482 -0.0332436 0.000780256 0.0498078 -0.00278941 -0.013289 -0.0018543 0.00694812 0.00259218 0.00692509 -0.0350715 0.0156434 -0.0500862 -0.0717862 -0.0982601 -0.0155493 -0.0274858 -0.0211227 -0.0444058 -0.00447336
internal_weight=5e+06 3.95816e+06 3.88866e+06 3.59719e+06 291469 3.48685e+06 2.70274e+06 1.81358e+06 988805 784107 825916 192842 824771 44164 375606 633074 737662 247305 221128 1.04184e+06 110344 408501 112948 43410 24503 585724 164495 153932 47981 654433
internal_count=5000000 3958157 3888661 3597192 291469 3486848 2702741 1813576 988805 784107 825916 192842 824771 44164 375606 633074 737662 247305 221128 1041843 110344 408501 112948 43410 24503 585724 164495 153932 47981 654433
cat_boundaries=0 1 2 3 4 5 6 7
cat_threshold=16529411 16744451 1032316 60 522300 156608 246796
is_linear=0
shrinkage=0.1


Tree=75
num_leaves=31
num_cat=4
split_feature=18 12 86 18 75 83 23 72 68 76 0 5 23 53 27 48 0 81 83 4 86 76 0 74 23 0 73 75 20 3
split_gain=6189.84 10677 8536.96 9762.47 15599.2 13198.9 12231 10996.7 8626.19 8534.36 8668.15 8428.82 7261.6 7133.61 6879.9 6825.77 6758.72 5911.32 5608.91 8865.95 5400.27 4944.27 4795.27 4728.25 4641.98 8419.56 5452.06 5463.92 8103.48 5115.37
threshold=28.94999980926514 25.849999427795414 21.750000000000004 17.050000190734867 0 11.250000000000002 9.6500000953674334 36.37919998168946 1.6500000357627871 1 14.949999809265138 9.8499999046325701 22.650000572204593 2.1499999761581425 1.0000000180025095e-35 2.1499999761581425 22.849999427795414 1.0000000180025095e-35 17.849999427795414 19.849999427795414 -13.749999999999998 2 13.050000190734865 48.500000000000007 -2.4500000476837154 -3.8500000238418575 139.94915008544925 3 6.4500000476837167 -3.4500000476837154
decision_type=10 8 10 10 1 10 10 2 10 1 2 10 10 10 8 10 2 10 10 10 8 1 2 2 10 2 2 1 8 8
left_child=2 16 3 5 9 8 -7 11 13 -5 -11 -6 -4 15 -9 20 -2 -3 19 -8 -1 -14 -16 -22 -10 -26 29 28 -28 -27
right_child=1 17 12 4 7 6 18 14 24 10 -12 -13 21 -15 22 -17 -18 -19 -20 -21 23 -23 -24 -25 25 26 27 -29 -30 -31
leaf_value=-0.10644768089474653 -0.13494957801080198 0.0015316545103075418 0.02775335511605901 0.012364725733037084 0.036269235103783576 0.050416614145293297 0.0081323629422667392 -0.05257008654812502 0.021625815566558154 -0.076341865416445415 -0.0063646446719227371 -0.023821034943504106 0.025052961958246953 -0.019273487407108186 -0.27198768383356775 -0.023501521824153822 -0.040212050370067885 -0.090873599731342625 0.02576891673128294 -0.04242604588484624 0.017867212829522371 -0.00082527440608836939 -0.096357935673512737 -0.0020970970290007003 -0.049310168632899415 0.098131115121657911 -0.0030644045047914397 0.0090198394561853811 -0.042766489953666387 0.009360446234426497
leaf_weight=4580 9412 123804 190964 292429 25891 84466 349430 59837 141871 18269 569966 237205 92930 355335 2413 127080 37669 7333 152140 38507 154218 359069 4370 514062 30625 6567 195062 180852 69808 563836
leaf_count=4580 9412 123804 190964 292429 25891 84466 349430 59837 141871 18269 569966 237205 92930 355335 2413 127080 37669 7333 152140 38507 154218 359069 4370 514062 30625 6567 195062 180852 69808 563836
internal_value=-9.92241e-08 -0.0183014 0.000676337 -0.000974157 -0.00854347 0.00211223 0.0150301 -0.0270966 -0.00132982 -0.00159695 -0.0085378 -0.0179076 0.0114034 -0.00748327 -0.0633898 -0.00224604 -0.0591511 -0.00363552 0.00949582 0.00311389 0.00176839 0.00449577 -0.158837 0.00251004 0.00465101 0.00235034 0.00390733 -0.00437907 -0.0135276 0.0103825
internal_weight=5e+06 178218 4.82178e+06 4.17882e+06 1.21038e+06 2.96844e+06 624543 329716 2.3439e+06 880664 588235 263096 642963 1.15528e+06 66620 799940 47081 131137 540077 387937 672860 451999 6783 668280 1.18862e+06 1.04675e+06 1.01612e+06 445722 264870 570403
internal_count=5000000 178218 4821782 4178819 1210380 2968439 624543 329716 2343896 880664 588235 263096 642963 1155275 66620 799940 47081 131137 540077 387937 672860 451999 6783 668280 1188621 1046750 1016125 445722 264870 570403
cat_boundaries=0 1 2 3 4
cat_threshold=1984 504 2044 6158
is_linear=0
shrinkage=0.1


Tree=76
num_leaves=31
num_cat=4
split_feature=75 20 0 76 83 23 18 0 76 0 76 3 0 23 26 90 83 86 17 72 4 83 2 11 84 23 89 27 80 3
split_gain=6090.79 11936.8 9253.24 7502.19 7584.35 11937.3 8190.17 10296.3 10873.2 8903.63 10107.5 8122.3 7998.06 9740.58 6625.38 6244.98 6049.3 5990.31 7114.65 8693.62 5770.12 6599.31 7195.56 5737.09 5556.77 5325.56 9785.38 7171.19 5186.48 5118.67
threshold=0 4.0499999523162851 10.050000190734865 1 14.449999809265138 16.250000000000004 21.150000572204593 18.050000190734867 2 23.44999980926514 3 15.84999990463257 29.150000572204593 29.250000000000004 1.0000000180025095e-35 1.0000000180025095e-35 22.550000190734867 8.2500000000000018 8.0500001907348651 36.37919998168946 16.849999427795414 6.8500001430511483 5.0499999523162851 22.250000000000004 1.0000000180025095e-35 17.550000190734867 16.650000572204593 1.0000000180025095e-35 17.650000572204593 11.650000095367433
decision_type=1 10 2 1 8 10 10 2 1 2 1 8 2 8 10 10 8 10 8 2 10 10 8 10 10 8 10 10 10 8
left_child=17 2 -2 14 5 20 9 8 23 25 -11 -9 13 16 15 24 -13 18 -1 -20 21 -5 -23 29 -3 26 28 -27 -6 -8
right_child=1 3 -4 4 6 -7 7 11 -10 10 -12 12 -14 -15 -16 -17 -18 -19 19 -21 -22 22 -24 -25 -26 27 -28 -29 -30 -31
leaf_value=-0.0070187643681718344 0.012298643351797006 0.024708976712429977 0.072650985213082248 -0.019338883031849902 2.9941936250756536e-05 -0.050372854992756712 0.021723818675232185 0.056883551510582379 -0.19095774744849059 0.020876250051448868 0.11118501696154903 -0.02318224400329617 0.015683818680063903 -0.052119233136823422 -0.028262593701124716 -0.044051470318557467 -0.0015645092135741557 0.017428148921797483 -0.026888919564208792 -0.13285189147776286 -0.043385159523161278 0.058622412979236128 -0.00048183382675129582 0.0094444338038570455 -0.064220932686592999 -0.0088876336384744528 0.029529603446893427 0.026581732414235112 0.034107603650076215 -0.071597675894401872
leaf_weight=629033 527323 265910 26690 203835 599427 69201 7142 21794 4685 112583 13919 163436 159558 48765 33196 14934 622397 83392 86696 8502 40516 21670 416420 20934 7217 474644 169946 64781 48257 33197
leaf_count=629033 527323 265910 26690 203835 599427 69201 7142 21794 4685 112583 13919 163436 159558 48765 33196 14934 622397 83392 86696 8502 40516 21670 416420 20934 7217 474644 169946 64781 48257 33197
internal_value=-8.01823e-08 0.00153181 0.0152062 -0.000550379 -0.00196354 -0.0107975 0.00062468 -0.0059917 -0.0442784 0.00544978 0.0308234 -0.00350603 -0.0048299 -0.0087517 0.0140407 0.0189162 -0.00606052 -0.00795205 -0.0108746 -0.0363523 -0.00678452 -0.00447441 0.00244174 -0.0330266 0.0223591 0.00308451 0.00817279 -0.00462802 0.00256897 -0.0550752
internal_weight=5e+06 4.19238e+06 554013 3.63836e+06 3.31711e+06 751642 2.56546e+06 1.08191e+06 65958 1.48356e+06 126502 1.01595e+06 994156 834598 321257 288061 785833 807623 724231 95198 682441 641925 438090 61273 273127 1.35706e+06 817630 539425 647684 40339
internal_count=5000000 4192377 554013 3638364 3317107 751642 2565465 1081908 65958 1483557 126502 1015950 994156 834598 321257 288061 785833 807623 724231 95198 682441 641925 438090 61273 273127 1357055 817630 539425 647684 40339
cat_boundaries=0 1 2 3 4
cat_threshold=6 192 7996 2093056
is_linear=0
shrinkage=0.1


Tree=77
num_leaves=31
num_cat=7
split_feature=74 73 76 88 76 26 84 81 74 84 17 80 75 3 70 80 18 76 17 72 75 5 0 72 30 42 23 76 90 76
split_gain=6351.6 7480.94 6176.18 5247.37 6296.59 6689.16 6803.3 5824.1 5451.73 4682.79 4677.66 6709.87 6205.09 6378.22 5215.1 4595.48 4738.05 4343.19 4216.73 5657.17 4679.46 4693.92 4211.29 4128.93 4059.15 4053.69 4040.56 4025.27 4016.68 5143.5
threshold=149.50000000000003 139.94915008544925 0 1.9499999880790713 1 1.0000000180025095e-35 1.0000000180025095e-35 1.0000000180025095e-35 733.00000000000011 1.0000000180025095e-35 12.550000190734865 14.650000095367433 2 14.949999809265138 1.3499999642372134 -1.9499999880790708 25.750000000000004 3 20.550000190734867 30.90164947509766 4 9.2500000000000018 19.44999980926514 30.90164947509766 1.0000000180025095e-35 1.0000000180025095e-35 -0.35000000894069666 5 1.0000000180025095e-35 6
decision_type=2 2 1 10 1 10 10 10 2 10 10 10 1 8 8 8 10 1 10 2 1 10 2 2 10 10 8 1 10 1
left_child=1 10 9 4 5 6 7 8 24 -3 11 14 18 -14 -1 26 -17 -5 19 -12 -21 -22 -18 -20 -2 -15 -4 -11 -6 -30
right_child=3 2 15 17 28 -7 -8 -9 -10 27 12 -13 13 25 -16 16 22 -19 23 20 21 -23 -24 -25 -26 -27 -28 -29 29 -31
leaf_value=-0.0019507590693531637 0.029993641804184224 -0.014837784879382025 -0.008995128992628304 0.0057779552025958789 -0.0078572192297169524 -0.033568379094485866 -0.057746806159125058 -0.076156043434787574 -0.021837502968341291 -0.035716645110613864 0.032427784494321744 0.054912183309554434 0.038750898040786318 0.002668041843483022 0.017265274670103501 0.0066465801660167498 -0.10492880654251313 -0.021783737712815086 -0.012464523417443724 -0.060064480913667652 0.024391004429564964 -0.012984123102473552 -0.014895002730344144 -0.070028464061733076 -0.037524234660316624 0.025180946939008644 -0.062632095175415611 0.035015426422030635 -0.027408225645381819 0.024218675264565427
leaf_weight=211585 208237 464522 86239 72373 946107 30379 11934 6201 25417 10435 36810 36591 59403 803218 424757 710839 6190 272243 31783 17122 41648 173942 32327 20496 9302 88826 16777 35042 25024 84231
leaf_count=211585 208237 464522 86239 72373 946107 30379 11934 6201 25417 10435 36810 36591 59403 803218 424757 710839 6190 272243 31783 17122 41648 173942 32327 20496 9302 88826 16777 35042 25024 84231
internal_value=-8.39423e-08 0.00254831 -0.00313502 -0.00498487 -0.00216744 0.010843 0.0160109 0.0195437 0.0219863 -0.0118394 0.00652677 0.0132704 0.00296265 0.00702256 0.0108759 0.00207315 0.00479562 -0.015996 -0.00904092 -0.00399969 -0.00976173 -0.00576367 -0.0293642 -0.0350325 0.0271066 0.00490978 -0.0177303 0.0187853 -0.00576072 0.0123936
internal_weight=5e+06 3.30855e+06 1.36237e+06 1.69145e+06 1.34683e+06 291470 261091 249157 242956 509999 1.94618e+06 672933 1.27325e+06 951447 636342 852372 749356 344616 321801 269522 232712 215590 38517 52279 217539 892044 103016 45477 1.05536e+06 109255
internal_count=5000000 3308552 1362371 1691448 1346832 291470 261091 249157 242956 509999 1946181 672933 1273248 951447 636342 852372 749356 344616 321801 269522 232712 215590 38517 52279 217539 892044 103016 45477 1055362 109255
cat_boundaries=0 1 2 3 4 5 6 7
cat_threshold=261632 1984 6174 16252931 6 1536 60
is_linear=0
shrinkage=0.1


Tree=78
num_leaves=31
num_cat=6
split_feature=74 51 76 70 75 75 18 18 0 68 0 86 48 0 76 87 18 86 76 63 23 0 18 83 74 56 76 17 73 3
split_gain=5473.43 6933.49 7529.81 7271.45 6822.41 5671.99 5157.72 5060.04 9458.37 4928.35 4846.35 4644.39 4695.82 4604.3 4934.87 5985.13 4499.54 5993.97 4448.04 4406.89 4028.64 3856.12 4185.28 4136.56 3833.95 3964.69 3638.84 3886.49 3606.52 3508.06
threshold=18.500000000000004 0.84999999403953563 0 1.3499999642372134 1 2 3.4500000476837163 20.849999427795414 16.050000190734867 5.6499998569488534 9.8499999046325701 -13.749999999999998 1.5500000119209292 25.250000000000004 3 1.0000000180025095e-35 12.650000095367433 15.650000095367433 4 1.8499999642372134 19.349999427795414 27.550000190734867 25.349999427795414 22.250000000000004 514.00000000000011 1.2500000000000002 5 20.650000572204593 143.25830078125003 14.34999990463257
decision_type=2 10 1 10 1 1 10 10 2 8 2 8 10 2 1 10 10 10 1 10 10 2 10 10 2 10 1 10 2 8
left_child=16 2 24 4 -3 26 10 9 20 13 -6 -7 19 14 15 28 17 -1 -17 -13 -9 22 23 -18 25 -2 27 -4 -5 -10
right_child=1 3 5 7 6 11 -8 8 29 -11 -12 12 -14 -15 -16 18 21 -19 -20 -21 -22 -23 -24 -25 -26 -27 -28 -29 -30 -31
leaf_value=0.01038051717978402 0.024706471446862693 -0.020083459885913469 0.031483310064529424 -0.0077704991189347832 0.02209460295871855 -0.1430219097642762 -0.0057406609000216135 -0.051904965075217371 0.068414010257817057 0.02141777857213753 0.14458255559429153 0.0030624594968123014 -0.034373404303014853 0.044900798002572545 0.0066158254872008271 -0.040425890931490877 -0.0025249474617686906 0.064471410174013338 0.04043313793016292 -0.025288944374303512 -0.15911879794897063 0.01861768719485031 -0.020157736943384064 0.020025711720232518 -0.0094869160716660652 -5.0674789049570592e-05 -0.0046490827068543213 0.0021874214291858983 -0.037976808097560259 -0.0083880302423614706
leaf_weight=520978 278840 479863 92427 450023 20174 2627 495864 11665 6044 125260 3846 214868 62664 22804 502395 8202 476493 21325 39719 73607 5010 103856 107686 98088 54474 84224 133050 88782 43333 371809
leaf_count=520978 278840 479863 92427 450023 20174 2627 495864 11665 6044 125260 3846 214868 62664 22804 502395 8202 476493 21325 39719 73607 5010 103856 107686 98088 54474 84224 133050 88782 43333 371809
internal_value=-9.15385e-08 -0.00199025 0.00471689 -0.00480579 -0.0114852 -0.00186758 -0.00354839 -0.000596078 -0.0104122 0.00265358 0.041707 -0.0105522 -0.00956144 0.000449687 -0.00052156 -0.00714623 0.00550041 0.0125075 0.0265936 -0.00417166 -0.0841173 0.000666581 -0.00206597 0.00132473 0.0152512 0.0189633 0.00790884 0.0171291 -0.0104236 -0.00715953
internal_weight=5e+06 3.67157e+06 1.08556e+06 2.58601e+06 999747 668025 519884 1.58626e+06 394528 1.19174e+06 24020 353766 351139 1.06648e+06 1.04367e+06 541277 1.32843e+06 542303 47921 288475 16675 786123 682267 574581 417538 363064 314259 181209 493356 377853
internal_count=5000000 3671574 1085563 2586011 999747 668025 519884 1586264 394528 1191736 24020 353766 351139 1066476 1043672 541277 1328426 542303 47921 288475 16675 786123 682267 574581 417538 363064 314259 181209 493356 377853
cat_boundaries=0 1 2 3 4 5 6
cat_threshold=2033600 4158 504 1046016 1536 14396
is_linear=0
shrinkage=0.1


Tree=79
num_leaves=31
num_cat=5
split_feature=91 77 18 89 83 23 18 0 50 0 2 77 29 77 23 86 31 0 76 76 18 12 75 76 26 72 4 76 83 73
split_gain=5279.24 5958.79 7005.93 14327.5 10821.9 7845.86 6089.09 11899.4 8660.2 8995.58 7569.27 6578.84 6272.72 5943.62 5878.03 6560.93 5362.71 5156.65 6385.46 4833.96 4802.42 6195.66 5198.19 6179.16 5582.43 5409.9 4863.96 4692.07 4534.8 4415.91
threshold=1.0500000119209292 25.650000572204593 16.750000000000004 15.150000095367433 12.84999990463257 11.449999809265138 2.4500000476837163 0.84999999403953563 2.5499999523162846 -3.0499999523162837 -1.0000000180025095e-35 2.4500000476837163 1.0000000180025095e-35 14.650000095367433 8.6500000953674334 8.4499998092651385 1.0000000180025095e-35 5.6499998569488534 0 1 28.349999427795414 25.650000572204593 2 3 1.0000000180025095e-35 36.37919998168946 11.250000000000002 4 19.050000190734867 138.99334716796878
decision_type=8 10 10 8 10 10 10 2 8 2 8 10 10 10 10 10 10 2 1 1 8 8 1 1 10 2 8 1 10 2
left_child=19 2 4 16 6 -6 11 8 12 -10 -9 -2 -8 14 15 -12 29 18 -16 -1 22 -22 23 -5 -25 26 -24 -13 -7 -4
right_child=1 -3 3 20 5 28 7 10 9 -11 13 27 -14 -15 17 -17 -18 -19 -20 -21 21 -23 25 24 -26 -27 -28 -29 -30 -31
leaf_value=-0.00099222464728992575 0.00062344850782907087 0.01269705978878171 -0.0151882449917464 0.013179555349283001 0.045696748597677139 0.0016756343441647584 -0.01521765837843252 0.064306381907449861 -0.23665151529362896 -0.065652176399974629 -0.0043586104794022858 0.0080269230510336877 -0.13973005678803307 0.019326096509954663 -0.10073842089302654 0.026103980290666653 -0.12174070342782937 -0.011105596002340141 -0.021895276578528869 0.012467440847452778 -0.06329481093702044 -0.010054024614599512 0.034184156097900709 -0.0098333046253671549 0.023041597689745241 -0.039016970287171583 -0.011535253043472075 0.048888214172219911 0.027186950132141986 -0.063282444660948595
leaf_weight=498172 563271 267930 37518 264816 70273 242800 71986 16081 3552 22975 415280 60334 4287 93746 14502 85209 8886 486713 35226 574587 31735 70224 25264 424016 58818 67827 294763 52617 97721 38871
leaf_count=498172 563271 267930 37518 264816 70273 242800 71986 16081 3552 22975 415280 60334 4287 93746 14502 85209 8886 486713 35226 574587 31735 70224 25264 424016 58818 67827 294763 52617 97721 38871
internal_value=-8.60095e-08 -0.00169836 -0.00275238 -0.00856786 0.000539781 0.0152749 -0.00260341 -0.00673997 -0.0393329 -0.0885492 -0.0038182 0.00504034 -0.022216 -0.0047871 -0.00696711 0.000827691 -0.0482143 -0.0142395 -0.0449127 0.0062171 -0.00583578 -0.0266254 -0.00396905 0.000904249 -0.00582842 -0.0133628 -0.00792601 0.0270668 0.00899674 -0.0396613
internal_weight=5e+06 3.92724e+06 3.65931e+06 1.32274e+06 2.33657e+06 410794 1.92578e+06 1.24956e+06 102800 26527 1.14676e+06 676222 76273 1.13068e+06 1.03693e+06 500489 85275 536441 49728 1.07276e+06 1.23746e+06 101959 1.1355e+06 747650 482834 387854 320027 112951 340521 76389
internal_count=5000000 3927241 3659311 1322738 2336573 410794 1925779 1249557 102800 26527 1146757 676222 76273 1130676 1036930 500489 85275 536441 49728 1072759 1237463 101959 1135504 747650 482834 387854 320027 112951 340521 76389
cat_boundaries=0 1 2 3 4 5
cat_threshold=1820 16515079 960 1022 522240
is_linear=0
shrinkage=0.1


Tree=80
num_leaves=31
num_cat=10
split_feature=74 72 76 76 48 25 81 84 78 28 41 73 72 76 87 3 33 81 2 75 23 72 75 76 75 75 76 17 76 0
split_gain=5260.76 5568.92 7359.03 6633.61 19486.2 12129.1 12094.6 11751.5 10156.8 8388.69 8637.18 8182.36 8991.89 7960.08 6987.17 6049.75 5860.69 5568.69 5531.55 8196.31 5350.29 5104.98 5054.51 5040.91 17993.8 7789.3 5975.36 6021.45 5227.73 5113.74
threshold=388.50000000000006 41.927499771118171 0 1 5.1499998569488534 1.0000000180025095e-35 1.0000000180025095e-35 1.0000000180025095e-35 1.0000000180025095e-35 1.0000000180025095e-35 1.0000000180025095e-35 129.87249755859378 40.670848846435554 2 1.0000000180025095e-35 -13.050000190734862 1.0000000180025095e-35 1.0000000180025095e-35 13.050000190734865 3 -7.4500000476837149 30.90164947509766 4 5 6 7 8 24.849999427795414 9 24.750000000000004
decision_type=2 2 1 1 10 8 10 10 10 10 8 2 2 1 10 10 10 10 10 1 8 2 1 1 1 1 1 10 1 2
left_child=1 3 15 4 6 11 7 8 9 10 14 -5 17 -7 16 -3 18 21 19 -1 -4 -13 -21 24 -23 28 -27 -28 -25 -29
right_child=-2 2 20 5 -6 13 -8 -9 -10 -11 -12 12 -14 -15 -16 -17 -18 -19 -20 22 -22 23 -24 25 -26 26 27 29 -30 -31
leaf_value=0.0092595261169943262 -0.0083626256142589513 -0.11530044104777293 0.022853369270714172 0.022745785900068122 -0.035168848600574822 -0.016626744203121525 -0.018675919757433431 -0.039367255524451202 -0.050070907596277248 -0.027094855605729318 0.059848820642581471 0.040959212413575169 0.030793872684511704 0.031592946742764375 -0.059655993604820948 0.011967967903376351 -0.028384451920930351 0.021130195963901987 0.013989173918533311 0.084185510519411963 -0.013140960558412419 -0.021594633571383526 0.036470254144404947 -0.0022944249403323565 0.019318896544253127 -0.016041438673214895 0.0064179292121376505 -0.1129832095272563 -0.024857310677946227 -0.017250924856321636
leaf_weight=118729 653887 3798 44126 121955 90617 42395 107195 35879 20814 35411 57951 22462 71712 177793 10899 225347 23348 76525 382159 24515 643914 184529 235881 136850 257468 260789 460268 6209 411509 55066
leaf_count=118729 653887 3798 44126 121955 90617 42395 107195 35879 20814 35411 57951 22462 71712 177793 10899 225347 23348 76525 382159 24515 643914 184529 235881 136850 257468 260789 460268 6209 411509 55066
internal_value=-8.56161e-08 0.00125809 -0.00566318 0.00310942 0.00932795 -1.60905e-06 0.013158 0.0167669 0.0189808 0.0205977 0.0225765 -0.00238021 -0.00395696 0.0223094 0.0198613 0.00985811 0.0209659 -0.00528841 0.0224794 0.0310376 -0.0108324 -0.00641461 0.0409655 -0.00701489 0.00223784 -0.0100882 -0.00368263 0.00249738 -0.0192266 -0.0269515
internal_weight=5e+06 4.34611e+06 917185 3.42893e+06 1.1434e+06 2.28553e+06 1.05278e+06 945586 909707 888893 853482 2.06534e+06 1.94339e+06 220188 795531 229145 784632 1.87168e+06 761284 379125 688040 1.79515e+06 260396 1.77269e+06 441997 1.33069e+06 782332 521543 548359 61275
internal_count=5000000 4346113 917185 3428928 1143398 2285530 1052781 945586 909707 888893 853482 2065342 1943387 220188 795531 229145 784632 1871675 761284 379125 688040 1795150 260396 1772688 441997 1330691 782332 521543 548359 61275
cat_boundaries=0 1 2 3 4 5 6 7 8 9 10
cat_threshold=14680071 4080 14 4098 352 12300 7682 124 114690 49154
is_linear=0
shrinkage=0.1


Tree=81
num_leaves=31
num_cat=5
split_feature=18 15 0 89 18 77 75 72 23 86 23 0 23 76 26 23 77 80 24 17 80 17 76 76 87 89 76 3 69 90
split_gain=5296.89 7865.06 9517.34 7402.79 8596.6 13402.4 12815.8 11932.5 8952.7 7395.51 8450.42 13888.3 7357.58 6991.26 6875.17 6578.14 6411.18 6170.79 5685.09 5381.71 5223.33 7907.99 5195.09 5082.7 4988.79 4921.68 4950.65 4854.7 4832.93 4832.83
threshold=28.94999980926514 29.849999427795414 28.150000572204593 21.650000572204593 12.84999990463257 7.8500001430511483 0 36.37919998168946 5.6499998569488534 6.2500000000000009 0.45000000298023229 -3.8500000238418575 2.0499999523162846 1 1.0000000180025095e-35 23.44999980926514 15.449999809265138 3.0499999523162846 1.0000000180025095e-35 20.650000572204593 16.94999980926514 21.349999427795414 2 3 1.0000000180025095e-35 6.6499998569488534 4 18.750000000000004 1.3499999642372134 1.0000000180025095e-35
decision_type=10 8 2 10 10 10 1 2 8 10 8 2 8 1 10 10 8 10 2 10 8 10 1 1 10 10 1 8 8 10
left_child=3 2 -2 4 5 9 7 19 -7 10 17 -12 -11 14 18 -5 -10 -1 29 -6 21 27 -17 -14 -3 28 -27 -15 -13 -8
right_child=1 24 -4 15 6 8 13 -9 16 12 11 25 23 20 -16 22 -18 -19 -20 -21 -22 -23 -24 -25 -26 26 -28 -29 -30 -31
leaf_value=0.0029331951039644711 -0.068832243199772367 0.010329590797263694 -0.0050881236601721678 0.022607384800577418 -0.0092823728184370912 0.056017251664316162 0.0182200562394161 -0.058592685131991312 0.0066326476095562624 0.064757702916628426 -0.10752634839823549 -0.022674540072565169 0.048741579846272254 -0.010324998272431052 -0.027301315740591123 0.021721699125575908 0.037379804123859571 0.046905775641519314 -0.040595500282146278 -0.047011287522038661 -0.0030913104378239038 -0.11639796778469956 -0.0040046030307564883 0.004568191249319422 -0.10958216268127657 0.052834291516423652 0.00074177723250933806 -0.065475075243354275 -0.0057535500825522459 -0.049678421754604518
leaf_weight=553593 46733 80902 46958 264775 316651 55450 355938 71209 318813 24524 14350 261734 28311 117074 46278 104809 86138 33866 18500 42933 801788 8662 312541 324633 3625 21123 133450 18481 475357 10801
leaf_count=553593 46733 80902 46958 264775 316651 55450 355938 71209 318813 24524 14350 261734 28311 117074 46278 104809 86138 33866 18500 42933 801788 8662 312541 324633 3625 21123 133450 18481 475357 10801
internal_value=-5.7173e-08 -0.0169299 -0.0368836 0.000625688 -0.000964849 0.00304858 -0.00613909 -0.0211928 0.018333 -0.000712625 -0.00387341 -0.00993047 0.0117932 -0.00143117 0.00911685 0.0102783 0.0131729 0.00546814 0.0134919 -0.0137871 -0.00624266 -0.0237633 0.00245646 0.00811302 0.00518709 -0.00835981 0.00786389 -0.0178439 -0.011762 0.0162203
internal_weight=5e+06 178218 93691 4.82178e+06 4.13966e+06 2.33134e+06 1.80832e+06 430793 460401 1.87094e+06 1.49347e+06 906014 377468 1.37752e+06 431517 682125 404951 587459 385239 359584 946005 144217 417350 352944 84527 891664 154573 135555 737091 366739
internal_count=5000000 178218 93691 4821782 4139657 2331342 1808315 430793 460401 1870941 1493473 906014 377468 1377522 431517 682125 404951 587459 385239 359584 946005 144217 417350 352944 84527 891664 154573 135555 737091 366739
cat_boundaries=0 1 2 3 4 5
cat_threshold=6174 252 4092 992 1016
is_linear=0
shrinkage=0.1


Tree=82
num_leaves=31
num_cat=5
split_feature=86 18 75 83 23 18 85 89 23 83 0 3 33 26 58 76 0 80 23 0 86 75 76 76 69 78 2 15 89 23
split_gain=4999.37 8965.32 8672.67 6495.04 7774.88 7680.94 10950.3 10652.9 10173.7 8466.22 7016.95 11643.3 10683.2 7215.88 6716.89 6464.57 8786.14 6196.18 8070.87 11909.2 6639.43 5739.77 6273.07 5691.06 5319.13 5282.94 5172.86 5152.47 5092.4 5081.26
threshold=26.650000572204593 25.250000000000004 0 18.250000000000004 18.349999427795414 12.449999809265138 2.6499999761581425 7.8500001430511483 6.6499998569488534 6.4500000476837167 7.2500000000000009 6.8500001430511483 1.0000000180025095e-35 1.0000000180025095e-35 2.6499999761581425 1 22.94999980926514 7.0499999523162851 1.6500000357627871 -2.1499999761581416 3.0499999523162846 2 3 4 2.2500000000000004 1.0000000180025095e-35 -2.1499999761581416 15.650000095367433 15.650000095367433 2.2500000000000004
decision_type=10 10 1 10 10 10 10 10 10 8 2 8 10 10 10 1 2 10 8 2 10 1 1 1 10 10 8 8 10 8
left_child=1 3 15 5 -5 7 10 17 -9 -8 12 -12 13 14 27 -3 -17 18 20 -20 24 22 -13 -10 -1 28 -21 -7 -25 -19
right_child=-2 2 -4 4 -6 6 9 8 23 -11 11 21 -14 -15 -16 16 -18 29 19 26 -22 -23 -24 25 -26 -27 -28 -29 -30 -31
leaf_value=-0.0056203383461787548 0.013690706852531619 0.0010809127433018125 -0.047130525645075971 0.028986575652758036 0.0038940694967459647 -0.029731660212236201 -0.14857167049534867 0.044139630780145545 0.058393514719239085 -0.027136108492273849 0.059877497498852898 0.013423204358921357 -0.21752637611910283 -0.21009541607403748 -0.079688341066346841 -0.1661002992408479 -0.022682966462803891 0.071227585411983305 -0.081377639427554077 0.054861300549743801 0.034084011529322965 -0.016673722261044337 -0.0054725381532057422 -0.0037961591199567528 0.013263807895629018 0.046163206519765854 -0.0096949840745124138 0.035016583322551011 0.026659669660420278 0.010004921876237038
leaf_weight=435133 253216 231448 69328 154566 614033 29826 5961 97795 21392 155655 29708 257334 3048 2067 14765 4458 102185 14444 23185 12624 66128 255145 553722 286798 226955 29375 740276 20904 67899 220627
leaf_count=435133 253216 231448 69328 154566 614033 29826 5961 97795 21392 155655 29708 257334 3048 2067 14765 4458 102185 14444 23185 12624 66128 255145 553722 286798 226955 29375 740276 20904 67899 220627
internal_value=-2.65407e-08 -0.000730355 -0.0149136 0.000601297 0.0089402 -0.00119363 -0.0072204 0.00237555 0.0151887 -0.0316151 -0.00384062 -0.00187194 -0.0343956 -0.0261339 -0.0203281 -0.00830565 -0.0286756 -0.00133173 -0.00369111 -0.0107864 0.00387056 -0.0035925 0.000522845 0.00820595 0.000852897 0.00540894 -0.00861256 -0.00305125 0.00203394 0.0137668
internal_weight=5e+06 4.74678e+06 407419 4.33936e+06 768599 3.57077e+06 1.32814e+06 2.24263e+06 503259 161616 1.16652e+06 1.09591e+06 70610 67562 65495 338091 106643 1.73937e+06 1.5043e+06 776085 728216 1.0662e+06 811056 405464 662088 384072 752900 50730 354697 235071
internal_count=5000000 4746784 407419 4339365 768599 3570766 1328135 2242631 503259 161616 1166519 1095909 70610 67562 65495 338091 106643 1739372 1504301 776085 728216 1066201 811056 405464 662088 384072 752900 50730 354697 235071
cat_boundaries=0 1 2 3 4 5
cat_threshold=1920 2044 2016 252 1008
is_linear=0
shrinkage=0.1


Tree=83
num_leaves=31
num_cat=9
split_feature=74 73 18 75 76 23 17 86 18 75 0 23 86 89 2 18 72 17 76 76 78 23 76 48 0 4 75 75 0 75
split_gain=4942.47 5379.33 5258.86 5662.27 5904.6 5241.62 4972.26 4923.49 4852.51 8642.28 4749.47 4568.94 4503.99 4355.6 4238.25 4237.33 4058.37 4339.61 3959.07 3959.05 4125.74 3917.25 3830.79 5602.34 3823.52 3814.35 7403.01 4155.05 3597.03 3400.78
threshold=249.50000000000003 139.97914886474612 26.150000572204593 0 1 -0.25000000745058054 3.2500000000000004 9.2500000000000018 3.4500000476837163 2 19.750000000000004 23.349999427795414 -4.7499999999999991 17.750000000000004 -6.6499998569488517 35.049999237060554 32.232500076293952 13.550000190734865 3 4 1.0000000180025095e-35 19.050000190734867 5 3.4500000476837163 2.4500000476837163 13.050000190734865 6 7 -4.2499999999999991 8
decision_type=2 2 10 1 1 8 10 10 8 1 2 8 10 10 8 8 2 8 1 1 10 8 1 10 2 10 1 1 2 1
left_child=1 15 3 5 29 12 7 -6 19 16 11 -4 22 -8 -14 18 -10 -18 -1 20 -2 -15 23 -3 -21 26 -20 -27 -7 -5
right_child=8 2 10 4 6 28 13 -9 9 -11 -12 -13 14 21 -16 -17 17 -19 25 24 -22 -23 -24 -25 -26 27 -28 -29 -30 -31
leaf_value=-0.0026240672407058623 -0.021757493782507898 -0.052664969083248282 -0.068319737968259353 -0.00019552471472638515 0.0095741432105811656 -0.099401978470345084 -0.010933799392664686 0.082617240069284045 0.043998962537719767 -0.0067075944605460222 -0.020796054553686407 -0.26867139857556033 0.12122950096843127 0.027277076492155369 0.0109788071350004 0.095673647687049682 -0.044571685171366379 -0.17671708500077402 0.038924288786258393 0.0048357696481668364 0.059767652845665098 -0.0022651284011777953 0.0012155190006127238 0.0296530494179091 0.036683810431662259 -0.007662923897493657 0.0085948355941990393 0.0068118291142734355 -0.021727398699429901 0.022854728518845471
leaf_weight=577117 69019 39191 6284 99695 140880 6170 488058 9875 4966 731723 56834 1390 3629 62020 88968 5114 63701 2586 94345 163096 6821 162453 68205 10478 49028 261139 547379 824223 176789 178824
leaf_count=577117 69019 39191 6284 99695 140880 6170 488058 9875 4966 731723 56834 1390 3629 62020 88968 5114 63701 2586 94345 163096 6821 162453 68205 10478 49028 261139 547379 824223 176789 178824
internal_value=-2.31575e-08 0.00166091 -0.00279611 -0.00162084 0.00194408 -0.0119666 -0.00214055 0.0143587 -0.00595147 -0.0099454 -0.0307667 -0.10461 -0.00120524 -0.00563145 0.0152997 0.00474844 -0.0431886 -0.049727 0.00454663 0.00518545 -0.0144233 0.00589713 -0.0141708 -0.0352923 0.0121962 0.00694275 0.0130546 0.00332918 -0.0243468 0.0146043
internal_weight=5e+06 3.90906e+06 1.59974e+06 1.53524e+06 1.1418e+06 393430 863286 150755 1.09094e+06 802976 64508 7674 210471 712531 92597 2.30932e+06 71253 66287 2.3042e+06 287964 75840 224473 117874 49669 212124 1.72709e+06 641724 1.08536e+06 182959 278519
internal_count=5000000 3909060 1599743 1535235 1141805 393430 863286 150755 1090940 802976 64508 7674 210471 712531 92597 2309317 71253 66287 2304203 287964 75840 224473 117874 49669 212124 1727086 641724 1085362 182959 278519
cat_boundaries=0 1 2 3 4 5 6 7 8 9
cat_threshold=14 231 4102 98319 258048 16760833 1904 56 7168
is_linear=0
shrinkage=0.1


Tree=84
num_leaves=31
num_cat=3
split_feature=0 18 14 80 23 18 0 33 26 2 76 86 23 90 68 17 50 29 75 12 73 54 76 0 0 17 17 86 3 72
split_gain=4742.52 7357.11 9199.25 5342.42 7198.43 7195.19 11058.5 16411.2 12930.8 11277.2 10623 9466.39 9454.38 7386.47 6663.35 6242.49 6119.59 5898.02 5656.25 5419.26 5562.91 5225.32 5041.31 4773.44 4463.14 4280.58 4160.69 4110.76 6513.17 3986.25
threshold=30.750000000000004 28.94999980926514 29.650000572204593 21.44999980926514 21.44999980926514 17.050000190734867 14.949999809265138 1.0000000180025095e-35 1.0000000180025095e-35 13.84999990463257 0 11.250000000000002 10.449999809265138 1.0000000180025095e-35 1.4499999880790713 20.650000572204593 1.9499999880790713 1.0000000180025095e-35 1 19.44999980926514 136.97330474853518 1.9499999880790713 2 21.550000190734867 10.050000190734865 20.650000572204593 19.94999980926514 17.94999980926514 19.050000190734867 27.989149093627933
decision_type=2 10 8 10 10 10 2 10 10 8 1 10 8 10 10 10 10 10 1 10 2 10 1 2 2 10 8 8 8 2
left_child=1 3 23 5 -5 11 7 8 10 -8 13 14 -13 17 16 24 21 19 22 20 -7 -1 -11 -3 -9 -22 -10 28 -14 -20
right_child=-2 2 -4 4 -6 6 9 15 26 18 -12 12 27 -15 -16 -17 -18 -19 29 -21 25 -23 -24 -25 -26 -27 -28 -29 -30 -31
leaf_value=0.0026182787756287599 0.023673624140911027 -0.12589573051895248 0.0044067726134523217 0.031402284045793517 0.0036089887039800193 0.02018648863779475 0.056679328728159631 -0.24706947630191767 -0.081286496743910752 0.011425671546997068 -0.068776813659437733 0.039506565730059173 0.0062590949229542163 -0.14097188722104884 0.0035721041292520622 -0.26611933977994168 -0.018623215144888999 -0.17259168957082829 0.0089013445818054964 0.033004826704725897 -0.012809516032638683 -0.017718196108330513 -0.0063280138543715591 -0.03791704497193063 -0.072814627364302664 -0.076406468657388968 -0.21152233553676278 0.021384358638143572 -0.035318068004533763 -0.021535399879513271
leaf_weight=554847 83213 6732 69480 117945 443947 35111 30403 1743 6839 244152 29437 108904 320161 3744 1315664 2845 320844 1918 51697 43107 35911 163600 463690 73486 9379 15006 3825 143012 42703 256655
leaf_count=554847 83213 6732 69480 117945 443947 35111 30403 1743 6839 244152 29437 108904 320161 3744 1315664 2845 320844 1918 51697 43107 35911 163600 463690 73486 9379 15006 3825 143012 42703 256655
internal_value=-8.59841e-09 -0.000400667 -0.0222296 0.000284812 0.00944299 -0.00093889 -0.00735205 -0.0296234 -0.0212932 -0.00333305 -0.0143646 0.0017291 0.0127792 -0.00247673 -0.00115561 -0.133936 -0.00714054 0.00147969 -0.00512853 0.00406512 -0.010436 -0.00201261 -0.000204259 -0.0453003 -0.100123 -0.0315525 -0.128 0.00702534 0.00136616 -0.016432
internal_weight=5e+06 4.91679e+06 149698 4.76709e+06 561892 4.2052e+06 1.23546e+06 188865 174898 1.0466e+06 164234 2.96974e+06 614780 134797 2.35496e+06 13967 1.03929e+06 131053 1.01619e+06 129135 86028 718447 707842 80218 11122 50917 10664 505876 362864 308352
internal_count=5000000 4916787 149698 4767089 561892 4205197 1235462 188865 174898 1046597 164234 2969735 614780 134797 2354955 13967 1039291 131053 1016194 129135 86028 718447 707842 80218 11122 50917 10664 505876 362864 308352
cat_boundaries=0 1 2 3
cat_threshold=3576 962 254
is_linear=0
shrinkage=0.1


Tree=85
num_leaves=31
num_cat=3
split_feature=79 74 83 18 0 34 2 86 23 26 18 77 88 0 23 77 76 75 72 89 23 83 10 23 84 76 9 0 18 79
split_gain=4600.31 5234.65 5067.45 7640.6 10092.4 7974.34 7974.23 6987.19 7625.05 5703.86 5613.35 11230.9 8056.69 6400.41 5124.01 4748.75 4523.47 6184.86 4671.68 4314.21 4689.13 4394.63 4297.83 4144.51 3968.33 5644.56 4792.01 4573.4 3950.67 3941.82
threshold=0.94999998807907116 907.50000000000011 25.250000000000004 21.150000572204593 17.150000572204593 1.0000000180025095e-35 16.150000572204593 14.650000095367433 14.150000095367433 1.0000000180025095e-35 3.8500000238418584 3.2500000000000004 3.2500000000000004 11.050000190734865 21.650000572204593 22.050000190734867 0 1 38.379999160766609 -6.1499998569488517 -2.1499999761581416 -0.25000000745058054 2.8500000238418584 25.94999980926514 1.0000000180025095e-35 2 -2.2499999999999996 2.4500000476837163 16.050000190734867 3.3500000238418584
decision_type=8 2 10 10 2 8 8 10 8 10 10 8 10 2 10 8 1 1 2 8 8 8 10 10 10 1 8 2 10 8
left_child=-1 2 3 7 5 9 -6 10 -9 14 13 29 16 19 -5 -8 17 -13 -19 -2 -21 -22 -15 -4 25 27 -27 -23 -14 -12
right_child=1 -3 23 4 6 -7 15 8 -10 -11 11 12 28 22 -16 -17 -18 18 -20 20 21 24 -24 -25 -26 26 -28 -29 -30 -31
leaf_value=0.0072755415957736691 -0.020893122532780549 -0.026082577043548379 0.025861123876761212 -0.021021308531700394 0.059553289973307902 -0.17368518112321238 -0.029270107606383988 0.034946648496741325 0.0049781092919885337 -0.13572157988151312 -0.028965428745088534 -0.0073962332971633672 -0.018928222847087669 0.016934527336365912 -0.12958334065463936 -0.0053120755403800908 -0.0040909142728287077 0.035818616978319257 0.0027600086193473859 0.019010462950402603 -0.017839035102343827 0.01593764095212357 0.10245724438610884 0.0028803980805787296 0.03219249284708655 -0.031525000016245898 0.0021711856687947387 0.088583138537271705 -0.070903810126248121 -0.079815745939961838
leaf_weight=740380 68877 83325 119663 58453 17522 4592 96773 101018 532134 5450 56132 121975 161935 12940 4697 570236 1037216 101699 73743 186509 104040 31647 10764 228014 47788 48502 325038 11934 16076 20928
leaf_count=740380 68877 83325 119663 58453 17522 4592 96773 101018 532134 5450 56132 121975 161935 12940 4697 570236 1037216 101699 73743 186509 104040 31647 10764 228014 47788 48502 325038 11934 16076 20928
internal_value=-2.04759e-08 -0.00126461 -0.000769447 -0.00181915 -0.0108125 -0.0461069 -0.00703869 0.000399893 0.00975952 -0.037567 -0.00203107 -0.0055359 -0.00363878 0.00453896 -0.029096 -0.00878803 -0.000973439 0.00989829 0.0219219 0.00306578 0.00525017 0.00073937 0.0557704 0.0107899 0.00489695 0.0017698 -0.00220401 0.0358223 -0.0236221 -0.0427754
internal_weight=5e+06 4.25962e+06 4.1763e+06 3.82862e+06 757723 73192 684531 3.0709e+06 633152 68600 2.43774e+06 1.5897e+06 1.51264e+06 848039 63150 667009 1.33463e+06 297417 175442 824335 755458 568949 23704 347677 464909 417121 373540 43581 178011 77060
internal_count=5000000 4259620 4176295 3828618 757723 73192 684531 3070895 633152 68600 2437743 1589704 1512644 848039 63150 667009 1334633 297417 175442 824335 755458 568949 23704 347677 464909 417121 373540 43581 178011 77060
cat_boundaries=0 1 2 3
cat_threshold=488 4238 2032
is_linear=0
shrinkage=0.1


Tree=86
num_leaves=31
num_cat=8
split_feature=82 76 74 88 76 75 41 76 87 76 5 73 76 72 74 80 17 48 76 27 49 0 0 18 73 86 18 89 75 80
split_gain=4428.28 5918.17 5193.23 5009.32 5255 7474.16 4620.46 4340.93 3892.69 5099.59 3677.5 3659.99 4853.92 3377.56 3262.92 3255.48 3156.4 3138.67 3135.51 5080.56 3220.31 3079.83 3065.13 3798.97 2704.32 2704.14 3835.94 3233.46 2870.6 2818.91
threshold=1.0500000119209292 0 69.500000000000014 2.1499999761581425 1 2 1.0000000180025095e-35 3 1.0000000180025095e-35 4 -0.65000000596046437 141.52664947509768 5 31.958350181579593 396.50000000000006 -10.949999809265135 -4.8500001430511466 0.84999999403953563 6 1.0000000180025095e-35 0.65000000596046459 22.849999427795414 32.350000381469734 28.94999980926514 138.41335296630862 24.150000572204593 21.150000572204593 20.150000572204593 7 14.449999809265138
decision_type=8 1 2 10 1 1 8 1 10 1 8 2 1 2 2 8 10 10 1 10 8 2 2 10 2 10 10 10 1 8
left_child=1 -1 11 4 5 17 10 -5 13 -10 -7 16 -13 -6 -12 -3 21 -4 19 20 -15 -2 23 25 -16 26 27 -18 -28 -30
right_child=2 15 3 7 8 6 -8 -9 9 -11 14 12 -14 18 24 -17 22 -19 -20 -21 -22 -23 -24 -25 -26 -27 28 -29 29 -31
leaf_value=0.018277275531750466 0.04345295132854049 -0.058048984361068583 0.0076363793391845125 -0.024767826701439923 0.020596422033572131 0.048066728603601616 0.057449474377687618 -0.0051249462817168079 -0.017637259582246084 0.026313092740121797 0.015981215219519285 -0.019774218015882545 0.0045630347145212422 0.014372562772678496 0.0057011109968453299 0.0017528280371024063 0.003649238077610536 -0.024571999599969231 -0.0049668170456466949 0.03579487762449899 -0.023113059352200076 0.42285460877631398 0.04365509134947386 -0.018092879121761659 -0.040831197960816766 0.015443843937850444 -0.0024236502491636917 0.023089403427323754 -0.12446268305387645 -0.021804767541473064
leaf_weight=284245 15262 9240 49611 211947 40388 26608 26204 239815 39890 78032 150319 164922 162879 24974 30897 614145 1095998 77551 659145 17231 278317 217 18733 81507 20964 184268 240326 92804 2798 60763
leaf_count=284245 15262 9240 49611 211947 40388 26608 26204 239815 39890 78032 150319 164922 162879 24974 30897 614145 1095998 77551 659145 17231 278317 217 18733 81507 20964 184268 240326 92804 2798 60763
internal_value=-2.07249e-08 0.00631923 -0.00140154 -0.00509562 -0.00234797 0.00779789 0.0176736 -0.0143412 -0.00575515 0.0114465 0.0131187 0.00203369 -0.0076819 -0.00774379 0.00851935 0.000866414 0.00381024 -0.0120053 -0.00891215 -0.0170249 -0.0200264 0.0487718 0.00341863 0.00298999 -0.0131088 0.00401471 0.00260382 0.00516684 -0.00742269 -0.0263197
internal_weight=5e+06 907630 4.09237e+06 1.97189e+06 1.52013e+06 382154 254992 451762 1.13798e+06 117922 228788 2.12048e+06 327801 1.02006e+06 202180 623385 1.79268e+06 127162 979667 320522 303291 15479 1.7772e+06 1.75846e+06 51861 1.67696e+06 1.49269e+06 1.1888e+06 303887 63561
internal_count=5000000 907630 4092370 1971893 1520131 382154 254992 451762 1137977 117922 228788 2120477 327801 1020055 202180 623385 1792676 127162 979667 320522 303291 15479 1777197 1758464 51861 1676957 1492689 1188802 303887 63561
cat_boundaries=0 1 2 3 4 5 6 7 8
cat_threshold=65472 4032 7170 231420 63 262016 516096 1984
is_linear=0
shrinkage=0.1


Tree=87
num_leaves=31
num_cat=8
split_feature=88 74 0 18 76 18 76 0 82 76 69 91 76 75 76 17 89 17 80 76 58 85 72 75 48 78 72 89 48 0
split_gain=4123.7 4959.97 4611.04 8742.38 6485.07 6243.75 6192.28 4958.69 4460.43 6373.52 4978.77 5684.52 5735.45 11174.2 6688.53 7653.12 5833.05 5721.57 6990.66 4828.02 4869.77 4562.91 4536.53 4476.52 4202.37 3923.73 3895.79 3628.78 3587.88 3540.68
threshold=0.75000000000000011 907.50000000000011 26.44999980926514 26.150000572204593 0 20.94999980926514 1 19.349999427795414 1.6500000357627871 2 5.9500000476837167 1.7500000000000002 3 4 5 13.550000190734865 10.250000000000002 5.0499999523162851 5.0499999523162851 6 4.8500001430511483 0.84999999403953563 37.249149322509773 7 3.0499999523162846 1.0000000180025095e-35 37.249149322509773 -4.4500000476837149 2.1499999761581425 22.150000572204593
decision_type=8 2 2 10 1 10 1 2 8 1 10 8 1 1 1 10 8 8 8 1 8 8 2 1 10 10 2 8 10 2
left_child=28 2 3 8 7 -4 -7 -5 9 -2 11 -10 23 17 -15 22 -17 27 -19 20 -12 -20 -16 24 -13 -11 -18 -14 -1 -6
right_child=1 -3 5 4 29 6 -8 -9 10 25 19 12 13 14 15 16 26 18 21 -21 -22 -23 -24 -25 -26 -27 -28 -29 -30 -31
leaf_value=0.0035500385535708712 0.013261831927614912 -0.026126623093763408 0.058072218319825966 -0.069035456113710064 -0.16452089849790827 -0.0052463149553995427 0.021177008375099993 -0.0088003729628414098 0.0031573365392060029 -0.0054686154928786247 0.00073755369280810738 -0.017371970119887555 -0.049643498010621859 -0.015976676980318533 0.045392711224717226 -0.093484286226941909 0.0076130300863417244 -0.083820998307784847 0.010012115265646172 -0.0020740553779905187 0.049071625388823897 -0.030099636519737735 0.0096521483278328036 0.010762025869263314 0.011264396426731965 0.02407450584383657 -0.017741814991412207 -0.0056623597165758226 0.021434604093596592 -0.054239391404188764
leaf_weight=582984 481370 78240 24969 15233 3283 201890 158165 132928 750798 474948 34410 160800 20540 220670 58582 7190 157270 22387 31661 101308 52877 271962 90190 260828 75217 49656 98589 216448 138896 25711
leaf_count=582984 481370 78240 24969 15233 3283 201890 158165 132928 750798 474948 34410 160800 20540 220670 58582 7190 157270 22387 31661 101308 52877 271962 90190 260828 75217 49656 98589 216448 138896 25711
internal_value=-2.37616e-08 -0.0011797 -0.000714965 -0.00176762 -0.0234603 0.00971484 0.00636137 -0.0149924 -0.000711194 0.00495253 -0.00287614 -0.0040846 -0.00729747 -0.0110504 -0.00192886 0.00559872 -0.00465312 -0.0212977 -0.0298931 0.0127787 0.0300141 -0.0259169 0.0237257 0.00173291 -0.00824541 -0.00267218 -0.00215684 -0.00947425 0.00699118 -0.0667036
internal_weight=5e+06 4.27812e+06 4.19988e+06 3.81486e+06 177155 385024 360055 148161 3.6377e+06 1.00597e+06 2.63173e+06 2.44313e+06 1.69233e+06 1.19549e+06 632491 411821 263049 562998 326010 188595 87287 303623 148772 496845 236017 524604 255859 236988 721880 28994
internal_count=5000000 4278120 4199880 3814856 177155 385024 360055 148161 3637701 1005974 2631727 2443132 1692334 1195489 632491 411821 263049 562998 326010 188595 87287 303623 148772 496845 236017 524604 255859 236988 721880 28994
cat_boundaries=0 1 2 3 4 5 6 7 8
cat_threshold=1022 520248 16380 16515075 7174 229648 16769025 124
is_linear=0
shrinkage=0.1


Tree=88
num_leaves=31
num_cat=6
split_feature=18 0 0 76 34 2 5 75 17 77 0 34 29 3 2 26 13 89 76 8 68 24 76 76 90 0 18 14 72 76
split_gain=4156.37 11938.8 9112.15 9406.89 8917.91 8006.24 7698.82 8675.86 8227.43 8111.77 7981.51 9783.64 7399.33 7187.95 7090.16 6843.22 6669.14 6564.77 6474.17 6117.83 5726.24 6060.43 5157.25 5023.61 4774.77 4734.84 5876.91 5588.79 4626.77 4625.59
threshold=20.94999980926514 16.44999980926514 22.050000190734867 0 1.0000000180025095e-35 15.150000095367433 23.849999427795414 1 12.550000190734865 11.449999809265138 8.2500000000000018 1.0000000180025095e-35 1.0000000180025095e-35 10.250000000000002 7.4500000476837167 1.0000000180025095e-35 21.349999427795414 22.550000190734867 2 9.4499998092651385 3.1499999761581425 0.75000000000000011 3 4 1.0000000180025095e-35 28.750000000000004 29.349999427795414 29.250000000000004 27.989149093627933 5
decision_type=10 2 2 1 8 8 8 1 8 10 2 8 10 8 8 8 10 8 1 8 10 2 1 1 10 2 10 8 2 1
left_child=2 4 6 -4 15 -3 7 13 9 20 11 12 18 -1 -12 16 -2 29 24 -11 21 -9 -18 -19 -10 26 -25 -28 -16 -7
right_child=1 5 3 -5 -6 17 -8 8 10 19 14 -13 -14 -15 28 -17 22 23 -20 -21 -22 -23 -24 25 -26 -27 27 -29 -30 -31
leaf_value=0.038881442186079945 -0.055938560742505951 0.064334489066928222 0.012408802240864537 0.069014038878201261 -0.17745377220945935 -0.00504423177517168 -0.03068371598756689 -0.0048975044955826613 -0.0050657903660843995 0.0015314248206753703 0.059671928907624849 -0.16234289603040891 -0.18243481439849854 0.0074138044666346705 0.026491917213407015 -0.14309548930018387 0.013833316838005264 -0.0085227466600197328 -0.0726600473996106 0.039183074078300795 0.0092953577044663192 0.023714286994712057 -0.13524259412764258 0.0085103679137389417 -0.15926256381677115 0.034693504938291812 -0.050138163852794793 0.00061552935642109031 -0.011393756683475968 -0.031764913194642773
leaf_weight=82142 36775 17743 172520 35373 4550 140547 77443 1388302 67240 78500 15661 5909 3067 624236 34714 5318 35074 366898 21335 95845 471646 78201 2475 420343 2070 53905 36027 54543 451404 120194
leaf_count=82142 36775 17743 172520 35373 4550 140547 77443 1388302 67240 78500 15661 5909 3067 624236 34714 5318 35074 366898 21335 95845 471646 78201 2475 420343 2070 53905 36027 54543 451404 120194
internal_value=-1.70085e-08 -0.00487832 0.00170401 0.0220441 -0.04129 -0.00234521 0.000495056 0.00120102 -0.00136849 0.00156928 -0.0116878 -0.0375427 -0.0296734 0.0110729 -0.00655473 -0.0335109 -0.0256699 -0.00333736 -0.0245047 0.0222302 -0.000289253 -0.00337179 0.00397481 0.000587742 -0.00966961 0.00650583 0.00353195 -0.0195733 -0.00868832 -0.0173631
internal_weight=5e+06 1.29439e+06 3.70561e+06 207893 84192 1.2102e+06 3.49772e+06 3.42027e+06 2.71389e+06 2.11249e+06 601400 99621 93712 706378 501779 79642 74324 1.19246e+06 90645 174345 1.93815e+06 1.4665e+06 37549 931716 69310 564818 510913 90570 486118 260741
internal_count=5000000 1294392 3705608 207893 84192 1210200 3497715 3420272 2713894 2112494 601400 99621 93712 706378 501779 79642 74324 1192457 90645 174345 1938149 1466503 37549 931716 69310 564818 510913 90570 486118 260741
cat_boundaries=0 1 2 3 4 5 6
cat_threshold=2093056 992 391664 248 2093056 254
is_linear=0
shrinkage=0.1


Tree=89
num_leaves=31
num_cat=5
split_feature=73 22 0 2 74 76 48 73 90 29 23 75 73 5 18 86 80 76 32 0 80 10 73 23 86 1 86 75 76 72
split_gain=4137.7 5232.61 5575.79 6291.8 4868.35 3959.83 5801.3 4629.3 4486.8 3841.84 3821.69 3807.58 4927.7 4646.51 3325.38 4761.2 4426.64 3974.18 3267.47 3046.79 3030.31 4649.86 3064.71 2917.96 6362.89 7828.64 6030.9 4220.49 2898.15 4160.32
threshold=142.07500457763675 -3.0499999523162837 -0.45000000298023218 -1.0500000119209287 143.50000000000003 0 5.4500000476837167 144.7174987792969 1.0000000180025095e-35 1.0000000180025095e-35 3.2500000000000004 1 143.25830078125003 -1.6500000357627866 25.250000000000004 24.550000190734867 24.44999980926514 2 1.0000000180025095e-35 33.45000076293946 -13.749999999999998 -8.6500000953674299 142.79664611816409 11.84999990463257 8.8499999046325701 7.8500001430511483 13.550000190734865 3 4 39.600799560546882
decision_type=2 10 2 8 2 1 8 2 10 8 10 1 2 8 10 8 10 1 10 2 8 8 2 8 10 8 8 1 1 2
left_child=1 -1 10 -4 14 6 7 8 11 18 28 -2 -13 -14 16 17 23 -16 20 -17 22 -22 -7 24 27 -26 -25 -5 29 -3
right_child=5 2 3 4 -6 9 -8 -9 -10 -11 -12 12 13 -15 15 19 -18 -19 -20 -21 21 -23 -24 26 25 -27 -28 -29 -30 -31
leaf_value=0.019546112553222899 -0.012787365125048045 0.03666056601973447 0.050741026946375105 0.00041421596169854687 -0.0040554744546961339 -0.13581684322825724 0.033913094231329731 0.015852424388737536 0.025948977191666646 -0.036502061105958022 -0.050300962445168775 -0.027687066422987988 -0.12291499643814088 -0.050179822552700919 -0.01712085667845353 -0.0010526340083400387 0.024293710609777811 -0.079954065979607691 -0.044623143140145399 0.05181738678776307 0.060418682751713741 0.0025488970407575194 -0.011067555243554177 -0.016977512927252063 0.094109790591293832 0.018474913657138901 0.0034178906274187106 0.020298994244730528 -0.017749362337922063 -0.023098188519382314
leaf_weight=147721 54783 27099 25499 612001 1325652 3029 19211 25849 13456 28889 27425 63265 12519 29430 79625 316276 111248 11517 14674 11289 14570 295191 5629 167436 14837 176239 1081168 129278 134760 20435
leaf_count=147721 54783 27099 25499 612001 1325652 3029 19211 25849 13456 28889 27425 63265 12519 29430 79625 316276 111248 11517 14674 11289 14570 295191 5629 167436 14837 176239 1081168 129278 134760 20435
internal_value=-4.69e-08 0.00104253 0.000402661 0.00122357 0.000910766 -0.00793751 -0.0185674 -0.023627 -0.0295104 -0.00152016 -0.0154976 -0.0341747 -0.0453051 -0.0718865 0.00333929 -0.00485544 0.00483618 -0.0250713 0.00151376 0.000769446 0.00363993 0.00527088 -0.0547111 0.00384367 0.00807657 0.0243479 0.000682896 0.00388237 -0.0102616 0.0109678
internal_weight=5e+06 4.4195e+06 4.27178e+06 4.06206e+06 4.03657e+06 580495 218513 199302 173453 361982 209719 159997 105214 41949 2.71091e+06 418707 2.29221e+06 91142 333093 327565 318419 309761 8658 2.18096e+06 932355 191076 1.2486e+06 741279 182294 47534
internal_count=5000000 4419505 4271784 4062065 4036566 580495 218513 199302 173453 361982 209719 159997 105214 41949 2710914 418707 2292207 91142 333093 327565 318419 309761 8658 2180959 932355 191076 1248604 741279 182294 47534
cat_boundaries=0 1 2 3 4 5
cat_threshold=2093056 2496 2046 4126 64896
is_linear=0
shrinkage=0.1


Tree=90
num_leaves=31
num_cat=10
split_feature=85 76 76 72 31 84 76 41 27 73 6 58 73 10 82 74 17 74 81 84 78 75 27 76 76 75 48 75 76 76
split_gain=4114.82 9788.99 7860.3 12044.6 9322.9 8953.24 7834.45 7366.06 6786.7 6547.48 6266.21 6092.29 6025.4 5819.1 5050.63 4845.6 4775.18 4689.17 4822.72 5662.16 5067.09 4683.74 4579.56 5419.7 5290.94 11116 6719.4 5487.04 7691.39 7526.08
threshold=2.3500000238418584 0 1 36.961700439453132 1.0000000180025095e-35 1.0000000180025095e-35 2 1.0000000180025095e-35 1.0000000180025095e-35 137.77420043945315 -3.0499999523162837 3.2500000000000004 144.7174987792969 -10.349999904632567 3.1499999761581425 692.50000000000011 1.0500000119209292 752.50000000000011 1.0000000180025095e-35 1.0000000180025095e-35 1.0000000180025095e-35 3 1.0000000180025095e-35 4 5 6 5.1499998569488534 7 8 9
decision_type=10 1 1 2 8 10 1 8 10 2 8 10 2 8 10 2 10 2 8 10 10 1 10 1 1 1 10 1 1 1
left_child=2 -2 3 7 8 12 -7 10 11 21 -1 16 13 -4 17 -3 -5 18 19 20 -12 -9 24 -24 25 -15 27 28 -26 -29
right_child=1 15 5 4 -6 6 -8 9 -10 -11 14 -13 -14 22 -16 -17 -18 -19 -20 -21 -22 -23 23 -25 26 -27 -28 29 -30 -31
leaf_value=0.074810392713701088 0.010068370741144946 -0.0091765779670800948 -0.064030804347495585 0.034274285947525823 -0.044781998392092348 -0.019050837247221036 0.025127993536893808 -0.016822568862764838 -0.046369624651013436 0.10431585751259563 0.021120879857298491 -0.025920984104261476 0.039286049933816923 0.020077563658569858 -0.019316576344978822 -0.050394524147978736 0.0033920206891372867 -0.027562868663373971 -0.011022271260783138 -0.040656736392576207 -0.055494372500691294 0.04834283159065874 -0.021740829974109716 0.028497422614038932 -0.017655889243599714 -0.01162692886239629 0.019959764887506365 0.00077053822105252706 0.0049105409758391574 -0.020030357042358182
leaf_weight=15840 311830 844996 16194 59368 50529 50217 199936 15212 29067 15312 542168 60590 32169 229121 50328 29518 319669 26611 62707 15885 8772 40094 28791 84425 222921 213745 84324 240112 468317 631232
leaf_count=15840 311830 844996 16194 59368 50529 50217 199936 15212 29067 15312 542168 60590 32169 229121 50328 29518 319669 26611 62707 15885 8772 40094 28791 84425 222921 213745 84324 240112 468317 631232
internal_value=-6.35882e-08 -0.00514353 0.00159996 0.00786833 -0.00397141 -0.00168812 0.0162596 0.0156213 0.000428299 0.0464464 0.0126076 0.00352246 -0.00368233 -0.0043052 0.0112129 -0.0105677 0.00822906 0.0135546 0.0152927 0.0182039 0.019901 0.0304247 -0.00386616 0.0157224 -0.00492739 0.00477578 -0.00753663 -0.00902051 -0.00236718 -0.0142984
internal_weight=5e+06 1.18634e+06 3.81366e+06 1.31215e+06 519223 2.5015e+06 250153 792929 468694 70618 722311 439627 2.25135e+06 2.21918e+06 706471 874514 379037 656143 629532 566825 550940 55306 2.20299e+06 113216 2.08977e+06 442866 1.64691e+06 1.56258e+06 691238 871344
internal_count=5000000 1186344 3813656 1312152 519223 2501504 250153 792929 468694 70618 722311 439627 2251351 2219182 706471 874514 379037 656143 629532 566825 550940 55306 2202988 113216 2089772 442866 1646906 1562582 691238 871344
cat_boundaries=0 1 2 3 4 5 6 7 8 9 10
cat_threshold=16515075 4080 14 6150 15 14 504 7552 126976 28673
is_linear=0
shrinkage=0.1


Tree=91
num_leaves=31
num_cat=5
split_feature=18 0 0 2 35 76 75 10 30 76 77 18 78 76 76 83 23 18 86 77 57 18 0 20 43 23 0 56 0 23
split_gain=4053.66 10247.5 9717 9213.03 7728.61 7401 6238.37 5672.92 5503.17 5886.92 5393.29 5134.12 4943.07 4814.05 4659.65 4640.81 8095.98 7071.16 7404.86 6929.35 4554.74 5177.31 4936.85 4265.42 4127.74 3903.88 6841.45 4184.08 3869.4 7801.19
threshold=3.4500000476837163 10.650000095367433 3.6499999761581425 2.2500000000000004 1.0000000180025095e-35 0 1 0.45000000298023229 1.0000000180025095e-35 2 0.45000000298023229 6.6499998569488534 1.0000000180025095e-35 3 4 13.050000190734865 12.650000095367433 16.750000000000004 20.050000190734867 18.349999427795414 2.8500000238418584 11.449999809265138 -3.0499999523162837 25.250000000000004 1.0000000180025095e-35 -5.8500001430511466 -7.5499999523162833 2.1499999761581425 29.94999980926514 30.250000000000004
decision_type=10 2 2 8 10 1 1 8 10 1 10 10 10 1 1 8 10 10 8 10 10 10 2 8 10 8 2 8 2 8
left_child=1 10 4 -4 6 11 -2 -3 12 -10 25 -6 20 -14 24 16 -16 19 23 -17 -8 22 -22 -19 -5 -1 27 -27 29 -20
right_child=2 7 3 14 5 -7 8 -9 9 -11 -12 -13 13 -15 15 17 -18 18 28 -21 21 -23 -24 -25 -26 26 -28 -29 -30 -31
leaf_value=0.015650741129981098 0.092220320717505258 0.0063294817461903782 0.055337444896584209 0.0076623128113933311 -0.071345056175871169 -0.016542023383238673 -0.0014393878476576046 0.094484864431998328 -0.14276801214633436 -0.0042631197494450651 0.01633409126299154 -0.19972879423790257 -0.13204131660135168 0.006401253056642485 -0.002894019077137116 0.0039078785390040116 -0.028876319491579858 -0.014510183292704893 -0.00065669016524191122 0.029651759614742562 -0.16409390164170698 -0.14164623421605324 -0.019170405823639339 -0.07305137253515688 0.047931033588753391 -0.016594622210005357 -0.0016934442532050512 -0.097491060846788435 0.016890719547992209 -0.048726850792641212
leaf_weight=122061 5377 11565 29765 271106 7326 12073 165094 19793 6915 5523 255554 5419 6622 4050 501423 868203 157626 332015 1254829 118870 2461 4140 52381 12931 28093 13651 559343 12026 119071 34694
leaf_count=122061 5377 11565 29765 271106 7326 12073 165094 19793 6915 5523 255554 5419 6622 4050 501423 868203 157626 332015 1254829 118870 2461 4140 52381 12931 28093 13651 559343 12026 119071 34694
internal_value=-5.10515e-08 0.00571609 -0.00141837 -7.50677e-05 -0.0194754 -0.0727247 -0.0142429 0.0619727 -0.0165618 -0.0813842 0.00388352 -0.125833 -0.0131279 -0.0796204 -0.000520976 -0.00157393 -0.00910826 0.000237882 -0.00357311 0.00700813 -0.00996113 -0.033814 -0.0256738 -0.0167047 0.0114429 -0.000616382 -0.00401042 -0.054483 -0.000357355 -0.00194999
internal_weight=5e+06 993993 4.00601e+06 3.72863e+06 277381 24818 252563 31358 247186 12438 962635 12745 234748 10672 3.69886e+06 3.39966e+06 659049 2.74061e+06 1.75354e+06 987073 224076 58982 54842 344946 299199 707081 585020 25677 1.40859e+06 1.28952e+06
internal_count=5000000 993993 4006007 3728626 277381 24818 252563 31358 247186 12438 962635 12745 234748 10672 3698861 3399662 659049 2740613 1753540 987073 224076 58982 54842 344946 299199 707081 585020 25677 1408594 1289523
cat_boundaries=0 1 2 3 4 5
cat_threshold=2040 608 2040 2040 192
is_linear=0
shrinkage=0.1


Tree=92
num_leaves=31
num_cat=12
split_feature=17 0 76 75 76 30 2 75 90 10 13 70 49 18 56 4 76 75 75 76 0 72 11 76 89 24 76 75 72 76
split_gain=3898.62 10710.2 9087.54 6689.19 8394.44 6638.3 6360.46 6310.47 6279.09 5709.45 5709.4 5658.56 7450.07 5381.42 5319.38 5058.19 4938.63 11221.3 10183.1 6667.5 4884.92 4798.76 6878.71 6637.01 4157.86 4064.67 4720.43 4058.36 4056.94 4021.85
threshold=21.349999427795414 17.550000190734867 0 1 2 1.0000000180025095e-35 16.94999980926514 3 1.0000000180025095e-35 21.750000000000004 21.250000000000004 1.2500000000000002 1.4499999880790713 11.84999990463257 1.7500000000000002 14.34999990463257 4 5 6 7 13.550000190734865 36.436649322509773 18.150000572204593 8 14.150000095367433 1.0000000180025095e-35 9 10 30.90164947509766 11
decision_type=10 2 1 1 1 10 8 1 10 8 10 10 10 10 10 8 1 1 1 1 2 2 8 1 8 2 1 1 2 1
left_child=3 2 5 4 7 8 -3 15 10 -8 27 12 14 -6 -5 -1 17 28 19 -18 -7 23 -23 -15 -17 29 -27 -2 -13 -20
right_child=1 6 -4 11 13 20 9 -9 -10 -11 -12 16 -14 21 -16 24 18 -19 25 -21 -22 22 -24 -25 -26 26 -28 -29 -30 -31
leaf_value=0.023703548107249846 -0.0097229768075232006 0.048829353188227655 -0.21695154563796618 0.0057621284232496758 0.050535094146631244 -0.31153829275887046 -0.01725832689118505 0.012646560096027472 -0.12131177750664413 0.00072212731379936413 0.00072017547537709986 0.041528474499333841 -0.017367517117498267 0.0054062216169921433 -0.01477571007810074 -0.055970550458144419 0.020816841433599492 0.023103227036841464 -0.0022161363430805831 -0.0037930366341422162 -0.08666267683905797 -0.0046898086857160154 0.029170009934495623 0.049365950941599263 -0.010369768547730277 0.046396971478364468 -0.016529982906320854 -0.07554393515688998 -0.0033432870847444891 -0.021341039042461506
leaf_weight=40876 16136 24224 2631 451793 47507 1174 222452 234580 6180 856801 64253 21095 405381 61460 174943 21747 228305 313035 171922 212601 5452 173007 91852 77869 248220 24792 22948 22363 449270 305131
leaf_count=40876 16136 24224 2631 451793 47507 1174 222452 234580 6180 856801 64253 21095 405381 61460 174943 21747 228305 313035 171922 212601 5452 173007 91852 77869 248220 24792 22948 22363 449270 305131
internal_value=-8.53484e-08 -0.0049108 -0.0335206 0.00158772 0.00861485 -0.029323 -0.00184652 0.000264904 -0.0234143 -0.00298394 -0.0175263 -0.000931667 -0.00680357 0.0186972 2.93301e-05 -0.00907911 0.00253325 0.00843282 -0.0022527 0.00895036 -0.126506 0.0149555 0.00705264 0.0299786 -0.0140431 -0.011665 0.0161551 -0.0479787 -0.00133084 -0.0144492
internal_weight=5e+06 1.22167e+06 118189 3.77833e+06 997118 115558 1.10348e+06 545423 108932 1.07925e+06 102752 2.78122e+06 1.03212e+06 451695 626736 310843 1.7491e+06 783400 965699 440906 6626 404188 264859 139329 269967 524793 47740 38499 470365 477053
internal_count=5000000 1221666 118189 3778334 997118 115558 1103477 545423 108932 1079253 102752 2781216 1032117 451695 626736 310843 1749099 783400 965699 440906 6626 404188 264859 139329 269967 524793 47740 38499 470365 477053
cat_boundaries=0 1 2 3 4 5 6 7 8 9 10 11 12
cat_threshold=8190 992 16760832 96 16646640 30 28 15372 8199 129024 3584 66059
is_linear=0
shrinkage=0.1


Tree=93
num_leaves=31
num_cat=3
split_feature=18 0 0 2 32 90 57 0 76 11 80 89 18 0 33 2 2 76 80 76 26 89 0 0 78 12 47 23 0 73
split_gain=3773.46 8827.27 8441.41 7972.7 7464.3 5772.12 5217.2 5216.09 5157.35 5088.61 4664.22 4556.22 6038.71 8028.6 8041.32 7845.09 7115 9322.06 6686.92 5897.42 7017.49 5714.47 5511.12 5140.06 4895.82 4873.39 4858.37 4790.19 4094.42 4073.61
threshold=2.4500000476837163 1.2500000000000002 9.8499999046325701 1.0000000180025095e-35 1.0000000180025095e-35 1.0000000180025095e-35 2.0499999523162846 -4.2499999999999991 0 -1.0500000119209287 1.0000000180025095e-35 8.4499998092651385 16.750000000000004 15.550000190734865 1.0000000180025095e-35 13.84999990463257 9.2500000000000018 1 18.650000572204593 2 1.0000000180025095e-35 20.550000190734867 12.650000095367433 12.650000095367433 1.0000000180025095e-35 18.44999980926514 1.0000000180025095e-35 6.8500001430511483 12.449999809265138 129.87249755859378
decision_type=10 2 2 8 10 10 10 2 1 8 10 8 8 2 10 8 8 1 10 1 10 8 2 2 10 10 10 10 2 2
left_child=2 4 10 -3 5 6 -2 -8 -6 -4 -1 27 18 14 16 -15 -14 24 19 23 26 -17 -19 -13 25 -18 29 -5 -16 -21
right_child=1 3 9 11 8 -7 7 -9 -10 -11 -12 12 13 15 28 21 17 22 -20 20 -22 -23 -24 -25 -26 -27 -28 -29 -30 -31
leaf_value=-0.0004543315884397566 0.0016040696065689212 0.061471914539621565 -0.0042147826047909606 0.00039059540464092156 -0.15089879012758295 -0.098343938567504147 -0.17099073829991007 -0.030350296976950047 -0.025989852173437383 0.089426731014859401 0.016118401073046018 0.0087050593196714675 0.027209055712534 0.054328181220182264 -0.16143838412278441 -0.012783618270656202 -0.028579979150974884 -0.12704492151383487 0.028770024271103718 0.042592560606520086 0.026097168260866801 0.0013719700709976823 -0.04346503790273798 0.039857746237437076 -0.081504864536036031 0.013985167209837369 -0.025904732778846362 -0.019412634346745897 -0.055544512424068188 -0.0014319728743453395
leaf_weight=601937 91793 20779 8368 240396 7427 8357 2781 50960 5978 18933 236560 220701 33122 25546 4971 357345 45190 10082 114476 21556 94141 1412167 36274 69687 8610 66452 81291 248318 13754 842048
leaf_count=601937 91793 20779 8368 240396 7427 8357 2781 50960 5978 18933 236560 220701 33122 25546 4971 357345 45190 10082 114476 21556 94141 1412167 36274 69687 8610 66452 81291 248318 13754 842048
internal_value=-1.14486e-07 -0.00125729 0.00600294 -0.000308365 -0.0237582 -0.0175241 -0.0128831 -0.0376282 -0.0953272 0.0607248 0.00422123 -0.000633679 0.000643843 -0.00289522 -0.0209961 -0.00069237 -0.0151216 -0.0235371 0.00557905 0.00358208 6.09475e-05 -0.00148669 -0.0616296 0.0161805 -0.00884688 -0.00324418 -0.00253307 -0.00967152 -0.0836566 -0.000333098
internal_weight=5e+06 4.1342e+06 865798 3.96691e+06 167296 153891 145534 53741 13405 27301 838497 3.94613e+06 3.45741e+06 2.01351e+06 218455 1.79506e+06 199730 166608 1.4439e+06 1.32942e+06 1.03904e+06 1.76951e+06 46356 290388 120252 111642 944895 488714 18725 863604
internal_count=5000000 4134202 865798 3966906 167296 153891 145534 53741 13405 27301 838497 3946127 3457413 2013513 218455 1795058 199730 166608 1443900 1329424 1039036 1769512 46356 290388 120252 111642 944895 488714 18725 863604
cat_boundaries=0 1 2 3
cat_threshold=2040 6396 1020
is_linear=0
shrinkage=0.1


Tree=94
num_leaves=31
num_cat=10
split_feature=18 16 75 17 83 72 75 76 72 75 10 67 87 76 76 74 18 75 2 9 75 75 76 17 10 50 86 0 17 0
split_gain=3776.12 6058.2 4524.06 6538.07 8311.47 8105.45 7732.74 8407.01 6758.11 6469.33 5976.92 5599.89 6761.08 5413.25 5171.82 4973.13 5504.41 4488.94 4735.15 4041.36 6234.49 5228.88 4382.83 4009.47 6423.52 3965.11 4735.09 3940.56 3896.63 3810.53
threshold=29.349999427795414 31.550000190734867 0 12.949999809265138 14.34999990463257 39.600799560546882 1 2 30.90164947509766 3 12.650000095367433 1.3499999642372134 1.0000000180025095e-35 4 5 752.50000000000011 23.94999980926514 6 10.050000190734865 10.250000000000002 7 8 9 20.650000572204593 20.44999980926514 1.3499999642372134 -13.749999999999998 26.44999980926514 19.44999980926514 23.849999427795414
decision_type=10 8 1 10 10 2 1 1 2 1 10 10 10 1 1 2 10 1 8 10 1 1 1 10 10 10 8 2 10 2
left_child=2 27 -1 4 11 6 8 15 -5 13 29 12 25 -7 -14 16 17 -8 -19 20 -6 -21 -22 -12 -25 26 -4 -2 -10 -9
right_child=1 -3 3 5 19 9 7 10 28 -11 23 -13 14 -15 -16 -17 -18 18 -20 21 22 -23 -24 24 -26 -27 -28 -29 -30 -31
leaf_value=0.0077419239668531405 -0.054197467393558296 0.012816431324140082 -0.11565125726052471 0.0044641466144317004 -0.027010359031455097 -0.034069006439198933 0.010215450909174379 -0.048915800961678427 -0.034700109650536957 -0.077881752035860494 0.0017848377656829407 0.0053312739362400994 0.047828072936659735 -0.0044831902303141546 0.00040307879294300668 -0.047962453201613839 -0.0040346810976908815 0.10881991389332885 0.029850652767784498 0.016693690678719661 0.0051523138821708845 0.064791931379752921 0.071097594928504274 -0.045694509863618879 -0.0063862070663283158 -0.015135005106308903 -0.00027746943605125524 -0.013876521330548244 -0.11939563832821715 0.024550457380944878
leaf_weight=730173 39574 50586 3587 53737 31202 107650 177060 46341 91236 18788 523431 1268292 39817 145345 54419 13816 132143 8124 116187 50199 24691 41139 17028 49129 270278 390544 428834 62545 5776 8329
leaf_count=730173 39574 50586 3587 53737 31202 107650 177060 46341 91236 18788 523431 1268292 39817 145345 54419 13816 132143 8124 116187 50199 24691 41139 17028 49129 270278 390544 428834 62545 5776 8329
internal_value=-1.38417e-07 -0.0154834 0.000487631 -0.000798937 0.00265712 -0.00539383 -0.00250694 -9.94218e-05 -0.0239829 -0.02128 -0.00568129 0.00102663 -0.00492578 -0.0170729 0.0204464 0.0110997 0.0129823 0.0204438 0.0350087 0.024351 0.00679613 0.0383663 0.0320791 -0.00360299 -0.0124323 -0.00783109 -0.00123451 -0.029502 -0.0397428 -0.0377232
internal_weight=5e+06 152705 4.8473e+06 4.11712e+06 2.34975e+06 1.76737e+06 1.49559e+06 1.34484e+06 150749 271783 897508 2.18549e+06 917201 252995 94236 447330 433514 301371 124311 164259 72921 91338 41719 842838 319407 822965 432421 102119 97012 54670
internal_count=5000000 152705 4847295 4117122 2349752 1767370 1495587 1344838 150749 271783 897508 2185493 917201 252995 94236 447330 433514 301371 124311 164259 72921 91338 41719 842838 319407 822965 432421 102119 97012 54670
cat_boundaries=0 1 2 3 4 5 6 7 8 9 10
cat_threshold=384 4110 4064 1632 1046272 2093056 3088 7680 112 507916
is_linear=0
shrinkage=0.1


Tree=95
num_leaves=31
num_cat=5
split_feature=76 48 72 41 72 76 24 76 83 23 80 23 89 83 75 12 22 74 23 86 89 75 0 23 0 0 23 86 23 89
split_gain=3634.98 9495.07 6434.73 4573.07 4246.07 8617.38 4261.03 8789.03 3932.16 4115.63 5559.61 5187.13 6536.09 6303.25 3929.78 3872.96 3593.57 3580.21 3699.99 5018.82 4704.75 3375.2 3341.54 4761.8 4653.66 4120.6 4218.67 3545.32 3198.48 3305.27
threshold=0 6.3500001430511483 37.996650695800788 1.0000000180025095e-35 45.113349914550788 1 0.75000000000000011 2 -13.249999999999998 -7.4500000476837149 -3.0499999523162837 1.4499999880790713 4.8500001430511483 5.8500001430511483 3 9.8499999046325701 8.4499998092651385 149.50000000000003 10.84999990463257 13.550000190734865 12.650000095367433 4 31.750000000000004 28.44999980926514 28.150000572204593 27.349999427795414 25.050000190734867 22.750000000000004 18.94999980926514 18.849999427795414
decision_type=1 10 2 8 2 1 2 1 8 8 8 10 10 8 1 10 10 2 10 8 10 1 2 10 2 2 10 10 10 8
left_child=1 2 3 21 6 -6 8 -8 -2 -10 -11 12 15 16 -4 -12 -13 18 20 -20 -15 -1 23 25 -25 26 27 28 -21 -30
right_child=4 -3 14 -5 5 -7 7 -9 9 10 11 13 -14 17 -16 -17 -18 -19 19 22 -22 -23 -24 24 -26 -27 -28 -29 29 -31
leaf_value=-0.00040791221270044999 -0.065941774374615292 -0.055488804489517818 -0.018482272240870703 0.05088120065043298 -0.040239219475249041 0.057730804700727271 0.031401156971165411 -0.006314404811748703 0.024362877141180038 -0.025690350092273731 0.0020032345418824807 -0.011606566827792965 0.048161071284192614 0.0052292304635589574 0.0090382806312705854 0.040321102069658443 -0.039923565128000583 -0.0065453239182847057 -0.017283465426890254 0.0047818567648440198 0.039576262754683192 0.0203430323695322 0.029778040677952124 -0.054458068520282316 -0.0078956081035315793 0.020992844361661184 -0.015797657387174729 0.015931169734550523 -0.026420309382673986 -0.002894661692616356
leaf_weight=115885 9627 23311 103570 36293 12543 31540 116449 131615 58561 99441 366267 272864 38049 443575 103959 28425 53623 1017235 181569 511238 43820 242243 37572 29527 78610 97579 154663 153603 72723 334021
leaf_count=115885 9627 23311 103570 36293 12543 31540 116449 131615 58561 99441 366267 272864 38049 443575 103959 28425 53623 1017235 181569 511238 43820 242243 37572 29527 78610 97579 154663 153603 72723 334021
internal_value=-1.08484e-07 0.00713183 0.00955698 0.0170567 -0.00101946 0.0298592 -0.00133378 0.0113915 -0.00210699 -0.0019561 -0.00234004 -0.00174693 0.00857863 -0.00303011 -0.00469666 0.00476282 -0.0162574 -0.00166163 0.000661425 -0.00159852 0.00831725 0.0136289 0.000339435 -0.000432978 -0.0206096 0.00121515 -0.000358665 0.00186966 -0.000483207 -0.00710088
internal_weight=5e+06 625261 601950 394421 4.37474e+06 44083 4.33066e+06 248064 4.08259e+06 4.07296e+06 4.0144e+06 3.91496e+06 432741 3.48222e+06 207529 394692 326487 3.15574e+06 2.1385e+06 1.6511e+06 487395 358128 1.46954e+06 1.43196e+06 108137 1.32383e+06 1.22625e+06 1.07158e+06 917982 406744
internal_count=5000000 625261 601950 394421 4374739 44083 4330656 248064 4082592 4072965 4014404 3914963 432741 3482222 207529 394692 326487 3155735 2138500 1651105 487395 358128 1469536 1431964 108137 1323827 1226248 1071585 917982 406744
cat_boundaries=0 1 2 3 4 5
cat_threshold=448 3640 2095104 4218 86
is_linear=0
shrinkage=0.1


Tree=96
num_leaves=31
num_cat=9
split_feature=85 76 72 76 49 71 55 23 75 72 76 18 0 73 75 75 19 72 76 76 0 90 0 60 48 23 48 0 76 17
split_gain=3624.93 3993.49 3911.35 4421.85 4135.26 8251.62 5710.84 4501.55 5021.43 4974.13 4714.7 4305.88 4421.24 4125.14 4087.86 3981.35 4782.04 3970.19 3858.6 3670.15 5413.09 4452.66 3377.9 3195.09 3023.54 3017.6 2984.74 2883.84 2871.66 2867.04
threshold=1.0500000119209292 0 30.90164947509766 1 0.94999998807907116 0.94999998807907116 1.5500000119209292 6.8500001430511483 2 36.013349533081062 3 25.250000000000004 19.650000572204593 138.49420166015628 4 5 6.0499999523162851 34.745000839233406 6 7 26.349999427795414 1.0000000180025095e-35 32.350000381469734 0.94999998807907116 1.6500000357627871 23.050000190734867 5.8500001430511483 6.0499999523162851 8 18.050000190734867
decision_type=8 1 2 1 10 8 10 8 1 2 1 10 2 2 1 1 8 2 1 1 2 10 2 8 10 8 10 2 1 10
left_child=1 -1 3 -2 6 15 24 14 9 13 -11 19 25 28 23 -6 -17 18 -15 21 -21 26 -14 -7 -4 -13 -10 -18 -9 -5
right_child=2 -3 4 29 5 7 -8 8 11 10 -12 12 22 17 -16 16 27 -19 -20 20 -22 -23 -24 -25 -26 -27 -28 -29 -30 -31
leaf_value=-0.00071818081812235167 -0.0055189190595742975 0.011494289389973496 0.01109377436399038 0.058832241185808681 -0.0048761460582016723 -0.015465786753097444 -0.0079599989579082642 -0.027244113691743007 -0.0096801454540080822 -0.054278723816665646 -0.013640548586661716 -0.044775333860309713 -0.01456380255453206 0.15965215714387079 0.022776910062443811 -0.010052157779394652 -0.065186015458472982 0.0057787592768467925 0.027722051463573472 0.0050590798411851087 0.048900757446793341 0.026357591735892819 0.024664592308158484 0.0056045851472527547 -0.012779815266967372 -0.17271769592101227 0.02189695546158377 -0.028771877761657023 -0.0040354659422127083 0.017901624242631583
leaf_weight=557055 74155 515583 584985 21664 217131 86966 290686 82219 416123 50541 65644 6300 207594 3590 116180 154696 26101 38268 5808 507527 29817 42779 24546 417304 58340 2606 32254 130423 151642 81473
leaf_count=557055 74155 515583 584985 21664 217131 86966 290686 82219 416123 50541 65644 6300 207594 3590 116180 154696 26101 38268 5808 507527 29817 42779 24546 417304 58340 2606 32254 130423 151642 81473
internal_value=-8.70129e-08 0.00515207 -0.00140724 0.0131068 -0.00209342 -0.00400585 0.00367261 -0.00140444 -0.00411047 -0.0139154 -0.0313242 -0.00103875 -0.0130686 -0.00673138 0.00586714 -0.0152697 -0.0225202 0.0200809 0.0783182 0.00178063 0.0074917 -0.00446756 -0.0104159 0.00197077 0.0089288 -0.0822128 -0.00740865 -0.0348441 -0.0121963 0.0264966
internal_weight=5e+06 1.07264e+06 3.92736e+06 177292 3.75007e+06 2.81606e+06 934011 2.28771e+06 1.66726e+06 397712 116185 1.26955e+06 241046 281527 620450 528351 311220 47666 9398 1.0285e+06 537344 491156 232140 504270 643325 8906 448377 156524 233861 103137
internal_count=5000000 1072638 3927362 177292 3750070 2816059 934011 2287708 1667258 397712 116185 1269546 241046 281527 620450 528351 311220 47666 9398 1028500 537344 491156 232140 504270 643325 8906 448377 156524 233861 103137
cat_boundaries=0 1 2 3 4 5 6 7 8 9
cat_threshold=16515087 16158 6158 8188 4110 1984 4186112 2081536 229503
is_linear=0
shrinkage=0.1


Tree=97
num_leaves=31
num_cat=9
split_feature=72 76 75 23 74 76 79 82 27 76 18 75 72 72 72 75 23 80 73 73 72 73 72 76 84 76 18 75 0 85
split_gain=3465.98 5382.57 5837.36 4357.19 5326.15 5834.71 10672.7 5488.04 5331.21 8321.11 5292.07 5247.21 5022.01 5492.66 4794.32 5186.44 3860.5 4655.53 3689.18 4277.86 7276.31 9403.88 6020.33 4171.17 4246.49 3967.03 3479.75 5435.92 4306.38 3325.75
threshold=41.927499771118171 0 1 -1.4499999880790708 396.50000000000006 2 3.3500000238418584 3.9500000476837163 1.0000000180025095e-35 3 27.349999427795414 4 30.90164947509766 40.354150772094734 40.354150772094734 5 -7.4500000476837149 -6.0499999523162833 129.87249755859378 134.46669769287112 34.879999160766609 138.99334716796878 35.44585037231446 6 1.0000000180025095e-35 7 16.849999427795414 8 24.750000000000004 2.2500000000000004
decision_type=2 1 1 10 2 1 10 10 8 1 10 1 2 2 2 1 8 8 2 2 2 2 2 1 10 1 10 1 2 10
left_child=3 2 -2 -1 5 6 7 10 12 -10 14 -12 -7 18 15 -5 -3 -18 -14 22 21 -21 23 -20 -25 -22 27 -17 -28 -6
right_child=1 16 -4 4 29 8 -8 -9 9 -11 11 -13 13 -15 -16 26 17 -19 19 20 25 -23 -24 24 -26 -27 28 -29 -30 -31
leaf_value=0.016896549259448924 0.038318658407790265 0.016894388534318443 -0.002309646075697802 0.0056818642085186511 -0.0054317662980731731 0.018265028174303088 -0.016869459456449909 -0.015578111773338786 -0.020715096294779606 0.025353452678847123 0.0044366894759851044 -0.04869719035544838 0.026999739881795742 0.020498759300577717 -0.018547066298512271 0.025518031648114194 -0.048535296094307331 -0.009028351713592335 -0.004838875601062359 0.0075745722686067071 0.0083649799721251025 0.074661636967365261 0.030823706806334474 -0.024006789849879182 0.028095544342332347 -0.008460865273485817 0.013816320582655504 0.065692835983034811 0.046119751572495461 -0.027734819553775571
leaf_weight=171013 53383 54456 104733 204679 449125 110270 150030 68108 51802 161193 131725 21629 35604 89522 35474 130105 31143 706332 266097 168855 170836 23845 31162 327292 16428 779283 283565 45461 48297 78553
leaf_count=171013 53383 54456 104733 204679 449125 110270 150030 68108 51802 161193 131725 21629 35604 89522 35474 130105 31143 706332 266097 168855 170836 23845 31162 327292 16428 779283 283565 45461 48297 78553
internal_value=-5.60454e-08 -0.00543607 0.0114088 0.00127514 0.000586425 0.00205681 0.00794984 0.0117925 -0.000897604 0.0141494 0.0138617 -0.00306018 -0.00248485 -0.00368348 0.0173329 0.0191203 -0.00879933 -0.0106967 -0.00487334 -0.00550952 -0.00184199 0.015876 -0.0120485 -0.0142392 -0.0215159 -0.0054355 0.0245403 0.0359261 0.0185175 -0.00875192
internal_weight=5e+06 950047 158116 4.04995e+06 3.87894e+06 3.35126e+06 1.11907e+06 969043 2.23219e+06 212995 900935 153354 2.01919e+06 1.90892e+06 747581 712107 791931 737475 1.8194e+06 1.7838e+06 1.14282e+06 192700 640979 609817 343720 950119 507428 175566 331862 527678
internal_count=5000000 950047 158116 4049953 3878940 3351262 1119073 969043 2232189 212995 900935 153354 2019194 1908924 747581 712107 791931 737475 1819402 1783798 1142819 192700 640979 609817 343720 950119 507428 175566 331862 527678
cat_boundaries=0 1 2 3 4 5 6 7 8 9
cat_threshold=8388615 240 8160 30 896 6146 14704664 28 1036
is_linear=0
shrinkage=0.1


Tree=98
num_leaves=31
num_cat=9
split_feature=18 0 0 76 3 12 76 69 49 86 75 76 54 18 73 76 73 76 75 75 3 74 2 0 18 27 76 0 51 14
split_gain=3652.74 10185.3 7547.98 7107.5 6555.03 6141.69 5176.61 5156.54 5652.8 5140.02 4568.67 4430.13 4401.18 4110.38 4028.91 3852.04 3728.04 4124.63 4545.15 3972.25 3714.93 3638.31 3497.33 3443.66 4219.62 3319.01 3283.6 3273.95 3217.07 3106.56
threshold=20.44999980926514 16.250000000000004 24.849999427795414 0 14.550000190734865 22.050000190734867 1 1.1500000357627871 1.4499999880790713 23.050000190734867 2 3 1.7500000000000002 27.349999427795414 142.79664611816409 4 140.11250305175784 5 6 7 -3.4500000476837154 749.50000000000011 10.050000190734865 29.550000190734867 29.349999427795414 1.0000000180025095e-35 8 24.750000000000004 5.8500001430511483 30.44999980926514
decision_type=10 2 2 1 8 8 1 10 10 8 1 1 10 8 2 1 2 1 1 1 8 2 8 2 10 10 1 2 10 8
left_child=2 3 7 5 -3 10 -4 8 12 11 -2 -6 -1 -13 22 23 20 18 28 26 -9 -22 25 24 27 -12 -19 -11 -18 -26
right_child=1 4 6 -5 9 -7 -8 16 -10 15 14 13 -14 -15 -16 -17 17 19 -20 -21 21 -23 -24 -25 29 -27 -28 -29 -30 -31
leaf_value=0.0057302804453924529 -0.014115647201383278 0.04826640939142323 0.031495023763283177 -0.1432885094450321 -0.0024976163905188354 0.014335754702732285 0.16295574889212799 0.045703371980570916 -0.012277282605316887 0.0042413997710086648 0.0073162547809849932 -0.022226605263628782 -0.011309914701214006 -0.093452814258155048 -0.18302576513478108 -0.005038529835954186 -0.02560652346376871 0.015337370650293104 0.00084232070047075629 0.013934040003461025 0.0077976635246634167 -0.020516480671918441 -0.076931634525650383 0.048860192851937129 -0.028715166437539182 -0.34199771663485579 -0.0078043378595242935 0.026288347771125226 0.024162710226983963 0.007667013260608195
leaf_weight=586241 27683 25389 48405 5789 161487 23905 3185 24962 497975 203268 8497 146359 204427 8577 2804 529212 150902 79512 210445 254803 1225640 47128 25822 19475 52946 281 267778 100736 14211 42156
leaf_count=586241 27683 25389 48405 5789 161487 23905 3185 24962 497975 203268 8497 146359 204427 8577 2804 529212 150902 79512 210445 254803 1225640 47128 25822 19475 52946 281 267778 100736 14211 42156
internal_value=-3.2776e-08 -0.00436808 0.00167245 -0.0360073 -0.00204272 -0.0290092 0.0396487 0.00112274 -0.00393166 -0.00305306 -0.0449333 -0.0140886 0.00132454 -0.0261679 -0.0677198 0.000631185 0.00398525 -0.000678262 -0.00890233 0.00445161 0.00749854 0.00674925 -0.0583949 0.00779934 0.00579591 -0.00386593 -0.00250576 0.011547 -0.0213217 -0.012588
internal_weight=5e+06 1.38439e+06 3.61561e+06 94781 1.2896e+06 88992 51590 3.56402e+06 1.28864e+06 1.26422e+06 65087 316423 790668 154936 37404 947793 2.27538e+06 977651 375558 602093 1.29773e+06 1.27277e+06 34600 418581 399106 8778 347290 304004 165113 95102
internal_count=5000000 1384386 3615614 94781 1289605 88992 51590 3564024 1288643 1264216 65087 316423 790668 154936 37404 947793 2275381 977651 375558 602093 1297730 1272768 34600 418581 399106 8778 347290 304004 165113 95102
cat_boundaries=0 1 2 3 4 5 6 7 8 9
cat_threshold=8184 1044480 3840 254 4196350 130560 7682 126 15
is_linear=0
shrinkage=0.1


Tree=99
num_leaves=31
num_cat=15
split_feature=75 20 75 72 18 18 76 75 76 89 76 0 76 89 72 76 76 18 72 76 72 76 28 23 76 0 8 75 75 76
split_gain=3561.52 7845.75 4982.47 8914.58 5276.7 5192.12 5501.63 6270.9 4930.21 4821.66 4582.78 4854.73 5202.02 4582.77 4401.03 4324.17 4291.57 4995.21 4804.29 4152.3 3967.21 3756.93 3629.8 3832.17 3742.69 3719.01 3669.87 3918.51 3543.34 3528.3
threshold=0 5.4500000476837167 1 38.602500915527351 20.94999980926514 17.050000190734867 2 3 4 9.2500000000000018 5 23.94999980926514 6 21.44999980926514 36.436649322509773 7 8 6.6499998569488534 37.019998550415046 9 35.185850143432624 10 1.0000000180025095e-35 16.250000000000004 11 19.050000190734867 15.84999990463257 12 13 14
decision_type=1 10 1 2 10 10 1 1 1 10 1 2 1 8 2 1 1 8 2 1 2 1 10 8 1 2 8 1 1 1
left_child=16 9 3 5 10 6 7 -3 -9 21 14 22 -13 19 -4 -15 17 -1 -19 -6 -7 28 23 25 -24 -12 27 -25 -2 -27
right_child=1 2 4 -5 13 20 -8 8 -10 -11 11 12 -14 15 -16 -17 -18 18 -20 -21 -22 -23 24 26 -26 29 -28 -29 -30 -31
leaf_value=-0.0073838111984241908 0.0085525582336604504 0.028927603932891396 0.052656537753413168 -0.027612055144167303 -0.010440049039205652 -0.010070945975704904 -0.0055854362556425671 -0.02597290629794622 0.01312742449395821 0.040403579909290555 0.0048815848156181126 0.018213826985701943 0.096237536657654874 0.0083983422923895878 0.012132774276377441 -0.0051222985403446396 8.8057339294845936e-05 -0.029091619373034706 -0.12649465842522636 -0.05011600078076605 -0.04717273386242006 0.0050999780105751413 -0.0073022104253908692 -0.0023957014268711583 0.032772202772153938 0.082873703952569544 -0.00057361333180042876 -0.037110898178483946 0.045057789181777393 0.0097142049761688096
leaf_weight=247684 56712 125440 38155 168666 198024 130536 430587 52791 82837 51467 390595 80055 9559 378967 90053 629357 470611 83939 5389 30425 36986 525613 34497 63836 71826 12265 372514 66276 50076 14262
leaf_count=247684 56712 125440 38155 168666 198024 130536 430587 52791 82837 51467 390595 80055 9559 378967 90053 629357 470611 83939 5389 30425 36986 525613 34497 63836 71826 12265 372514 66276 50076 14262
internal_value=-1.91338e-08 0.00117139 -0.000738514 -0.00659287 0.00168721 -0.00246664 0.00135916 0.0128128 -0.00209254 0.01097 0.00628608 0.00422831 0.0265493 -0.00293812 0.0241909 -4.06884e-05 -0.00608075 -0.0146947 -0.0349678 -0.0157268 -0.0182624 0.00857454 0.0022789 0.000256669 0.0197723 0.00734231 -0.0056236 -0.0200818 0.0256735 0.0435751
internal_weight=5e+06 4.19238e+06 3.50851e+06 1.02784e+06 2.48067e+06 859177 691655 261068 135628 683868 1.24389e+06 1.11568e+06 89614 1.23677e+06 128208 1.00832e+06 807623 337012 89328 228449 167522 632401 1.02607e+06 919748 106323 417122 502626 130112 106788 26527
internal_count=5000000 4192377 3508509 1027843 2480666 859177 691655 261068 135628 683868 1243893 1115685 89614 1236773 128208 1008324 807623 337012 89328 228449 167522 632401 1026071 919748 106323 417122 502626 130112 106788 26527
cat_boundaries=0 1 2 3 4 5 6 7 8 9 10 11 12 13 14 15
cat_threshold=6 6168 8176 24 7168 480 1044480 2034 99070 8190 396 1567 224 6656 16260609
is_linear=0
shrinkage=0.1


Tree=100
num_leaves=31
num_cat=5
split_feature=18 0 0 3 32 4 83 9 75 89 1 81 58 75 76 4 76 8 14 17 18 86 23 0 1 75 17 73 86 83
split_gain=3395.89 10060.6 9274.19 9005.48 8099.7 7756.91 8375.15 6636.55 7701.51 6506.48 6414.95 5984.33 5669.18 5307.53 5482.58 5159.31 5054.62 4901.62 4881.07 4474.22 4395.54 4372.94 5269.86 7368.23 4803.06 4280.46 4158.02 3918.37 3726.65 3507.82
threshold=12.449999809265138 8.0500001907348651 15.050000190734865 7.2500000000000009 1.0000000180025095e-35 17.150000572204593 8.4499998092651385 10.84999990463257 0 17.650000572204593 7.4500000476837167 1.0000000180025095e-35 2.1499999761581425 1 2 21.44999980926514 3 4.8500001430511483 15.449999809265138 8.8499999046325701 20.44999980926514 7.0499999523162851 -1.6500000357627866 -4.2499999999999991 6.8500001430511483 4 2.2500000000000004 142.9716491699219 -8.0500001907348615 17.650000572204593
decision_type=10 2 2 8 10 8 10 8 1 8 8 10 10 1 1 10 1 8 8 10 8 10 8 2 8 1 10 2 8 8
left_child=2 4 5 -3 11 6 21 13 -9 15 -8 12 18 -4 -15 20 -6 -12 -2 -10 -5 22 28 -24 -23 -7 -19 -22 -1 -11
right_child=1 3 7 9 16 25 10 8 19 29 17 -13 -14 14 -16 -17 -18 26 -20 -21 27 24 23 -25 -26 -27 -28 -29 -30 -31
leaf_value=-0.017654334494038301 -0.025046354674592111 0.049227799230307477 -0.024829636665074688 -0.0051903669596844969 -0.20313179991478411 -0.063106619667831307 0.059293604571436002 0.019371830045578357 0.1557160630786894 -0.011212581002736506 -0.01330247765303582 -0.14503272197636183 -0.055483089886136705 0.0046962915849873095 0.081792646054770435 -0.060387175613522803 0.0042629190202234735 0.07587510261725483 0.033602283014157026 0.064451804237793467 -0.023252781091958233 0.038978753732844089 -0.055864249590818697 -0.0048588423282807519 0.0043890073980723523 -0.0015877224778397697 0.015351475868704875 -0.10268128935949768 0.011589748324594078 0.0021544536159246379
leaf_weight=50478 37922 34958 33208 419748 4304 28726 31604 45569 6646 220048 61376 4059 31348 30183 13277 20864 1624 11928 22676 28017 92873 51071 29070 1101373 187631 18663 234685 6656 318671 1820744
leaf_count=50478 37922 34958 33208 419748 4304 28726 31604 45569 6646 220048 61376 4059 31348 30183 13277 20864 1624 11928 22676 28017 92873 51071 29070 1101373 187631 18663 234685 6656 318671 1820744
internal_value=2.37836e-08 -0.00238809 0.00284401 -0.00118707 -0.0332096 0.00111194 0.00202429 0.0263057 0.0464102 -0.00186993 0.016388 -0.026205 -0.0209593 0.00526665 0.0282626 -0.0116295 -0.146651 0.0119853 -0.00309981 0.0819264 -0.00967046 -0.000781808 -0.0027829 -0.00617048 0.0117896 -0.0388926 0.0182788 -0.0285646 0.00759087 0.000713156
internal_weight=5e+06 2.71782e+06 2.28218e+06 2.61589e+06 101933 2.12528e+06 2.07789e+06 156900 80232 2.58093e+06 339593 96005 91946 76668 43460 540141 5928 307989 60598 34663 519277 1.73829e+06 1.49959e+06 1.13044e+06 238702 47389 246613 99529 369149 2.04079e+06
internal_count=5000000 2717824 2282176 2615891 101933 2125276 2077887 156900 80232 2580933 339593 96005 91946 76668 43460 540141 5928 307989 60598 34663 519277 1738294 1499592 1130443 238702 47389 246613 99529 369149 2040792
cat_boundaries=0 1 2 3 4 5
cat_threshold=112 7936 507910 2046 378
is_linear=0
shrinkage=0.1


Tree=101
num_leaves=31
num_cat=3
split_feature=18 12 0 89 2 18 75 77 23 72 83 1 23 0 76 47 12 18 18 12 74 86 12 80 77 3 70 23 76 0
split_gain=3310.21 4885.99 4641.29 3969.49 5579.19 4696.63 7285 6432.91 5968.59 5474.21 4613.49 7160.45 4708.04 7306.49 4223.23 4059.33 3934.56 3622.58 3562.44 3546.2 3498.78 3465.76 3453.01 3315.88 3313.72 3685.78 3307.65 3279.62 3134.06 3759.52
threshold=28.349999427795414 26.550000190734867 23.44999980926514 19.849999427795414 18.050000190734867 13.050000190734865 0 8.8499999046325701 7.4500000476837167 36.613349914550788 5.4500000476837167 4.4500000476837167 -0.35000000894069666 -4.2499999999999991 1 1.0000000180025095e-35 24.550000190734867 16.750000000000004 23.94999980926514 15.150000095367433 326.00000000000006 0.45000000298023229 15.34999990463257 23.94999980926514 15.650000095367433 16.849999427795414 1.8499999642372134 3.8500000238418584 2 27.94999980926514
decision_type=10 8 2 10 8 10 1 10 8 2 10 8 8 2 1 10 10 10 10 10 2 10 8 10 10 10 8 8 1 2
left_child=3 2 -2 5 -5 7 14 10 -9 15 12 20 21 -14 16 -8 18 22 19 -7 -12 -1 -6 -16 25 -10 -15 -13 -19 -30
right_child=1 -3 -4 4 17 6 9 8 24 -11 11 27 13 26 23 -17 -18 28 -20 -21 -22 -23 -24 -25 -26 -27 -28 -29 29 -31
leaf_value=0.0013184238338158388 -0.07269898360236722 -0.00037494756371050388 -0.017715853539603379 0.043183836932331333 0.011642221384872262 -0.01537952683893451 -0.0082426186662816966 0.039454505440278925 0.0061526465603824474 -0.04506163718565618 0.073730958256821938 0.027343553900223905 -0.07267128066253345 -0.011937271555175585 -0.0064912348497820323 -0.045195931490320612 0.04095580493449219 -0.0022025845212069431 -0.021511280929780729 0.018862607518116949 0.0095802992888704488 0.025140463774476703 0.057737985084149172 0.011859634005391195 0.025860335220241754 -0.035171484021363872 -0.00010643717522573274 0.0014216309891064626 0.0087080650592001856 0.065824472725466543
leaf_weight=420939 20221 138292 63766 39936 53859 38705 300527 72850 226576 58504 23445 55618 16773 477937 806943 32990 35987 469523 40461 138355 13339 71436 23273 112151 77654 23856 467433 398601 268008 12042
leaf_count=420939 20221 138292 63766 39936 53859 38705 300527 72850 226576 58504 23445 55618 16773 477937 806943 32990 35987 469523 40461 138355 13339 71436 23273 112151 77654 23856 467433 398601 268008 12042
internal_value=-1.51047e-08 -0.011929 -0.0309538 0.00055497 0.00667828 -0.000801869 -0.00504558 0.00202785 0.0135618 -0.0168467 -0.000349084 0.00803228 -0.00317839 -0.00724833 -0.00110011 -0.0118979 0.0103266 0.00491479 0.00525974 0.0113773 0.050468 0.00477463 0.0255507 -0.00425195 0.00781243 0.00221614 -0.00608758 0.00459571 0.00279133 0.0111636
internal_weight=5e+06 222279 83987 4.77772e+06 866641 3.91108e+06 1.56462e+06 2.34646e+06 400936 392021 1.94552e+06 491003 1.45452e+06 962143 1.1726e+06 333517 253508 826705 217521 177060 36784 492375 77132 919094 328086 250432 945370 454219 749573 280050
internal_count=5000000 222279 83987 4777721 866641 3911080 1564623 2346457 400936 392021 1945521 491003 1454518 962143 1172602 333517 253508 826705 217521 177060 36784 492375 77132 919094 328086 250432 945370 454219 749573 280050
cat_boundaries=0 1 2 3
cat_threshold=2016 240 16773120
is_linear=0
shrinkage=0.1


Tree=102
num_leaves=31
num_cat=6
split_feature=88 74 73 76 49 17 75 72 3 76 71 86 23 75 17 27 86 31 0 76 28 67 76 0 72 36 48 54 83 83
split_gain=3317.28 3755.88 3451.32 3621.88 3572.91 3554.08 4359.23 5541.47 5220.97 4825.83 4805.03 3941.95 3902.8 3617.09 3587.09 3556.6 3515.35 3436.05 3336.06 4262.58 3318.25 3141.28 3077.08 2881.99 2840.29 2772.04 2758.38 3162.07 2750.18 2719.18
threshold=0.94999998807907116 907.50000000000011 141.24000549316409 0 6.9500000476837167 1.2500000000000002 1 38.602500915527351 10.84999990463257 2 1.0500000119209292 16.150000572204593 4.2500000000000009 3 24.849999427795414 1.0000000180025095e-35 25.150000572204593 1.0000000180025095e-35 25.94999980926514 4 1.0000000180025095e-35 1.1500000357627871 5 6.6499998569488534 36.073350906372077 1.0000000180025095e-35 2.3500000238418584 2.7500000000000004 14.550000190734865 -13.249999999999998
decision_type=8 2 2 1 10 10 1 2 8 1 8 8 10 1 8 10 8 10 2 1 10 8 1 2 2 10 10 10 10 8
left_child=26 2 5 4 -4 13 7 10 21 -9 -7 -10 -12 -2 15 18 -16 20 -13 -20 25 -8 -14 -15 -24 29 27 -1 -23 -5
right_child=1 -3 3 17 -6 6 8 9 11 -11 12 14 22 23 16 -17 -18 -19 19 -21 -22 28 24 -25 -26 -27 -28 -29 -30 -31
leaf_value=0.0055155552546537522 0.0084885778448388731 -0.023805379548581026 -0.016611649501839226 -0.052490479718205689 0.028350044233733954 -0.018073159173748493 -0.0022428830711385636 -0.062276396230979796 -0.0131484264356471 -0.0079587861006796528 0.018237741470623212 0.00050381924420046787 -0.022697444887293906 0.031131102028187072 -0.023551168709733769 0.020702306073241764 -0.0015670124191314921 -0.030298921806112336 0.0068811947066772135 0.047108587466929669 -0.038588852123220198 0.018667461779423068 0.004127234809281048 0.13371804019343211 -0.018902928762169223 -0.033830676362484741 0.017238750372206527 -0.01264985465459431 0.068371746656774354 0.0079164540557157392
leaf_weight=661681 301626 72420 336768 7624 18653 187971 76332 32181 203187 33276 100779 907794 70653 8908 89518 122736 387985 35260 103001 35387 18800 180197 304580 3954 64975 17899 161891 112053 11865 330046
leaf_count=661681 301626 72420 336768 7624 18653 187971 76332 32181 203187 33276 100779 907794 70653 8908 89518 122736 387985 35260 103001 35387 18800 180197 304580 3954 64975 17899 161891 112053 11865 330046
internal_value=-1.40348e-08 -0.00123585 -0.000826404 -0.00686517 -0.0142516 0.000605295 -0.000485256 -0.0068023 0.00188415 -0.034674 -0.00429965 -7.13471e-06 0.000486088 0.0107047 0.00161465 0.00459795 -0.00568841 -0.000455863 0.00270862 0.0171716 0.0023549 0.0149178 -0.00357789 0.0626194 7.80793e-05 0.00451972 0.00536848 0.00288482 0.021738 0.00655257
internal_weight=5e+06 4.06438e+06 3.99196e+06 765050 355421 3.2269e+06 2.91242e+06 794415 2.118e+06 65457 728958 1.84961e+06 540987 314488 1.64642e+06 1.16892e+06 477503 409629 1.04618e+06 138388 374369 268394 440208 12862 369555 355569 935625 773734 192062 337670
internal_count=5000000 4064375 3991955 765050 355421 3226905 2912417 794415 2118002 65457 728958 1849608 540987 314488 1646421 1168918 477503 409629 1046182 138388 374369 268394 440208 12862 369555 355569 935625 773734 192062 337670
cat_boundaries=0 1 2 3 4 5 6
cat_threshold=523776 4110 4088 4126 1040432 126
is_linear=0
shrinkage=0.1


Tree=103
num_leaves=31
num_cat=5
split_feature=74 76 79 26 81 84 78 90 30 81 76 18 75 44 72 49 76 26 76 78 8 73 87 72 50 74 87 47 73 72
split_gain=3292.37 4552.06 12726.7 7478.18 9492.53 9425.37 7955.12 6963.15 6524.06 5690.03 8213.95 5478.76 7029.39 6591.06 5426.18 4916.66 6483.97 10122.6 6166.26 6018.61 5999.66 5973.92 4877.21 4774.94 4635.42 4382.86 3786.16 3697.68 3673.23 4984.95
threshold=18.500000000000004 0 2.9500000476837163 1.0000000180025095e-35 1.0000000180025095e-35 1.0000000180025095e-35 1.0000000180025095e-35 1.0000000180025095e-35 1.0000000180025095e-35 1.0000000180025095e-35 1 3.8500000238418584 2 1.0000000180025095e-35 37.567501068115241 5.6499998569488534 3 1.0000000180025095e-35 4 1.0000000180025095e-35 -2.5499999523162837 143.1933517456055 1.0000000180025095e-35 36.902500152587898 0.65000000596046459 733.00000000000011 1.0000000180025095e-35 1.0000000180025095e-35 140.62335205078128 43.44585037231446
decision_type=2 1 10 10 10 10 10 10 8 10 1 10 1 10 2 10 1 10 1 10 8 2 10 2 8 2 10 10 2 2
left_child=-1 2 3 4 5 6 7 8 11 15 -11 14 -13 25 -2 16 17 19 -17 20 21 23 -5 -3 -22 26 28 -26 -14 -30
right_child=1 9 -4 22 -6 -7 -8 -9 -10 10 -12 12 13 -15 -16 18 -18 -19 -20 -21 24 -23 -24 -25 27 -27 -28 -29 29 -31
leaf_value=0.0042660367802546785 0.086874754378391317 -0.076606880335030825 -0.027395724142083341 -0.047333768890979316 -0.039745856254599768 -0.057444500163417081 -0.066196189673423278 -0.061548294298262224 -0.031446803081867966 -0.027590852358313375 0.01832704574227418 -0.0083455724678320013 0.028394756246020503 0.067167900761053598 0.02920671007131443 -0.021082727695735545 -0.0019621230947506254 0.034594683664793631 0.028334932416506659 0.036193211817196376 0.015563272103218399 -0.10267042529429177 0.0019219709340165822 -0.01063540792006515 -0.013825798005703303 -0.026658051065859292 -0.079860993584738235 -0.039559432770907538 -0.0068975311771051666 0.038792090466438993
leaf_weight=1328426 22869 15431 109732 35982 33645 17673 11426 10835 24405 47266 221418 87218 294404 30972 56945 35241 1457170 43025 89008 22278 49733 14205 45553 37961 660606 19710 3644 60993 77764 34462
leaf_count=1328426 22869 15431 109732 35982 33645 17673 11426 10835 24405 47266 221418 87218 294404 30972 56945 35241 1457170 43025 89008 22278 49733 14205 45553 37961 660606 19710 3644 60993 77764 34462
internal_value=-1.8714e-08 -0.00154354 0.00455806 0.00890031 0.0121254 0.0146461 0.0165346 0.0179599 0.0192804 -0.00357547 0.010249 0.0212517 0.0176877 0.0226131 0.0457303 -0.00506983 -0.00609 -0.0127419 0.0143191 -0.015107 -0.0164692 -0.0450358 -0.019815 -0.029702 -0.0139658 0.0194043 0.0216172 -0.0160009 0.0225266 0.00713269
internal_weight=5e+06 3.67157e+06 917239 807507 725972 692327 674654 663228 652393 2.75434e+06 268684 627988 548174 460956 79814 2.48565e+06 2.3614e+06 904232 124249 861207 838929 67597 81535 53392 771332 429984 410274 721599 406630 112226
internal_count=5000000 3671574 917239 807507 725972 692327 674654 663228 652393 2754335 268684 627988 548174 460956 79814 2485651 2361402 904232 124249 861207 838929 67597 81535 53392 771332 429984 410274 721599 406630 112226
cat_boundaries=0 1 2 3 4 5
cat_threshold=2016 28 4102 1040384 6174
is_linear=0
shrinkage=0.1


Tree=104
num_leaves=31
num_cat=5
split_feature=18 12 0 3 86 23 69 50 76 23 83 80 2 70 76 18 0 86 48 85 76 34 75 29 90 75 81 21 72 18
split_gain=3323.52 5768.55 5832.03 5495.82 5301.45 4499.17 3994.81 4201.15 3961.94 3723.3 5479.21 4415.12 3586.36 3548.96 3315.61 3496.71 3476.24 3301.77 3434.91 3180.09 3547.03 6256.58 5889.96 5292.78 4932.41 5365.39 4495.22 4246.73 4070.6 3544.26
threshold=23.94999980926514 23.94999980926514 18.750000000000004 17.94999980926514 19.94999980926514 19.150000572204593 0.94999998807907116 1.3499999642372134 0 15.750000000000002 14.949999809265138 13.949999809265138 12.84999990463257 6.9500000476837167 1 27.349999427795414 25.44999980926514 -13.749999999999998 1.6500000357627871 2.5499999523162846 2 1.0000000180025095e-35 3 1.0000000180025095e-35 1.0000000180025095e-35 4 1.0000000180025095e-35 2.4500000476837163 37.649148941040046 6.6499998569488534
decision_type=10 8 2 8 10 10 10 10 1 10 10 8 8 10 1 10 2 8 10 10 1 10 1 10 10 1 10 10 2 10
left_child=4 2 8 -4 6 -6 7 17 -2 10 13 -11 -12 19 15 -3 -16 -1 -19 20 22 23 -8 24 25 -22 27 -27 -29 -21
right_child=1 14 3 -5 5 -7 9 -9 -10 11 12 -13 -14 -15 16 -17 -18 18 -20 29 21 -23 -24 -25 -26 26 -28 28 -30 -31
leaf_value=-0.099551825765832463 -0.049227204418303333 0.030786614516890312 0.034087118198578091 -0.018056739826886416 0.029722985737634395 0.0060371657118140944 -0.0093995605011553112 -0.012725748758054484 -0.2296534779104491 -0.030693021185918282 0.070354970823103269 -0.0019431404461821443 0.01835603145286285 0.021801665768668838 -0.02248204484452801 0.0015187913604804728 0.00018902041905920856 0.0026829017875359181 -0.021757794291048911 0.0016497631728056667 0.0022808680144179908 -0.022148883833829867 0.010535723504322147 -0.026055779087105393 -0.023864719395522468 0.046137204344827765 -0.04939663887231277 0.028077821638509044 0.0047093344606644128 -0.018408875995314145
leaf_weight=3327 35711 57612 22748 181365 99381 415442 374285 447685 1252 58335 15230 633451 102734 93395 94907 140057 235360 594699 63658 217132 194872 59811 245350 35272 32996 71505 8497 195066 120643 148222
leaf_count=3327 35711 57612 22748 181365 99381 415442 374285 447685 1252 58335 15230 633451 102734 93395 94907 140057 235360 594699 63658 217132 194872 59811 245350 35272 32996 71505 8497 195066 120643 148222
internal_value=-1.93136e-08 -0.00604741 -0.0188642 -0.0122454 0.00109914 0.0106095 -0.000218385 -0.00524431 -0.055414 0.00192049 0.00419198 -0.00436748 0.0250695 0.00282151 -0.000194758 0.0100486 -0.00632565 -0.000182485 0.000319677 0.00178101 0.00403842 0.00881872 -0.00150596 0.0116301 0.0137618 0.015864 0.0225525 0.0241319 0.0191479 -0.00648791
internal_weight=5e+06 769012 241076 204113 4.23099e+06 514823 3.71616e+06 1.10937e+06 36963 2.6068e+06 1.91501e+06 691786 117964 1.79705e+06 527936 197669 330267 661684 658357 1.70365e+06 1.3383e+06 718662 619635 658851 623579 590583 395711 387214 315709 365354
internal_count=5000000 769012 241076 204113 4230988 514823 3716165 1109369 36963 2606796 1915010 691786 117964 1797046 527936 197669 330267 661684 658357 1703651 1338297 718662 619635 658851 623579 590583 395711 387214 315709 365354
cat_boundaries=0 1 2 3 4 5
cat_threshold=4080 1008 16760835 62 4290
is_linear=0
shrinkage=0.1


Tree=105
num_leaves=31
num_cat=4
split_feature=74 18 27 83 16 18 86 1 75 76 72 5 32 68 80 23 89 1 1 72 75 76 28 48 83 1 4 86 1 77
split_gain=3155.39 3273.06 4122.04 3887.65 3733.49 3629.02 6143.84 7956.69 5590.37 5941.17 5608.15 4214.55 4970.89 3567.5 3861.59 4753.45 5707.92 4784.88 3921.57 3527.01 4258.27 3506.09 3451.57 3202.92 3163.18 4167.44 3537.8 3593.44 4621.27 3086.61
threshold=476.50000000000006 29.349999427795414 1.0000000180025095e-35 24.44999980926514 31.849999427795414 17.050000190734867 12.050000190734865 10.650000095367433 0 1 40.00164985656739 11.050000190734865 1.0000000180025095e-35 5.0499999523162851 13.250000000000002 8.8499999046325701 7.8500001430511483 4.8500001430511483 11.650000095367433 27.989149093627933 2 3 1.0000000180025095e-35 4.4500000476837167 7.6499998569488534 5.2500000000000009 8.6500000953674334 4.4500000476837167 2.8500000238418584 26.550000190734867
decision_type=2 10 10 10 8 10 10 8 1 1 2 10 10 10 10 8 10 8 8 2 1 1 10 10 10 10 10 10 8 10
left_child=1 3 4 5 -3 6 13 -8 9 23 11 12 -10 14 15 16 24 -18 -16 -13 -21 -5 29 -7 26 -26 27 -1 -29 -11
right_child=-2 2 -4 21 -6 8 7 -9 10 22 -12 19 -14 -15 18 -17 17 -19 -20 20 -22 -23 -24 -25 25 -27 -28 28 -30 -31
leaf_value=-0.0036350182809673885 -0.0081314538363908822 -0.020778440831835086 -0.091161858259320203 0.032824547667276778 0.01493807897949804 0.011423714998713492 0.071236348524893342 0.00967529905935572 0.022195000152631251 -0.012137673365808994 -0.066800827553918043 0.006433141225506098 -0.17800657581085441 0.012279735182647416 0.085054313351310695 -0.010887802388995709 0.092836859053786025 0.01491990629281202 0.010736279909938575 -0.017964446528514748 -0.071737406354464017 0.0067164016433859403 0.013306130288172922 -0.026311511535871319 0.093036790746438003 0.010707805902300045 -0.021858689592723395 0.059166134043493426 0.0063371042206058804 0.012575625659159843
leaf_weight=886406 435646 99401 6593 62076 41480 384718 21922 496618 44230 458106 19547 55401 1276 218958 7491 486141 8366 136084 136105 212500 15817 299984 76864 23890 6717 72636 91211 19268 117743 56805
leaf_count=886406 435646 99401 6593 62076 41480 384718 21922 496618 44230 458106 19547 55401 1276 218958 7491 486141 8366 136084 136105 212500 15817 299984 76864 23890 6717 72636 91211 19268 117743 56805
internal_value=-7.24739e-08 0.000776029 -0.013879 0.00126534 -0.0102623 0.000378819 0.00249135 0.0122779 -0.00385776 -5.68711e-05 -0.0147595 -0.0116701 0.0165813 0.000171085 -0.001176 -0.00241863 0.000657517 0.0194326 0.0146132 -0.0162013 -0.0216936 0.0111938 -0.00646049 0.00921723 -0.00161392 0.0176767 -0.00298727 -0.00130537 0.0137665 -0.0094113
internal_weight=5e+06 4.56435e+06 147474 4.41688e+06 140881 4.05482e+06 2.70567e+06 518540 1.34915e+06 1.00038e+06 348771 329224 45506 2.18713e+06 1.96817e+06 1.82457e+06 1.33843e+06 144450 143596 283718 228317 362060 591775 408608 1.19398e+06 79353 1.11463e+06 1.02342e+06 137011 514911
internal_count=5000000 4564354 147474 4416880 140881 4054820 2705666 518540 1349154 1000383 348771 329224 45506 2187126 1968168 1824572 1338431 144450 143596 283718 228317 362060 591775 408608 1193981 79353 1114628 1023417 137011 514911
cat_boundaries=0 1 2 3 4
cat_threshold=1984 1020 2096 4064
is_linear=0
shrinkage=0.1


Tree=106
num_leaves=31
num_cat=4
split_feature=0 23 17 12 76 12 77 23 71 53 48 0 76 18 17 10 17 23 72 76 48 72 26 81 48 0 67 78 76 79
split_gain=3023.84 5240.6 3455.43 6785.97 6588.27 6785.27 5285.4 4346.81 3629.25 4940.22 5880.2 3716.39 3546.57 3886.75 3379.24 3662.38 3325.67 3122.92 3715.46 4150.44 5507.78 3496.36 3395.56 3891.25 4103.94 3266.34 3068.88 3184.11 6177.62 3068.14
threshold=30.349999427795414 31.050000190734867 21.349999427795414 22.050000190734867 0 19.349999427795414 19.550000190734867 17.150000572204593 1.0500000119209292 1.4499999880790713 1.7500000000000002 -5.2499999999999991 1 27.349999427795414 24.849999427795414 26.250000000000004 22.750000000000004 -5.8500001430511466 42.385799407958991 2 6.6499998569488534 40.964998245239265 1.0000000180025095e-35 1.0000000180025095e-35 1.8499999642372134 -6.6499998569488517 6.0499999523162851 1.0000000180025095e-35 3 2.9500000476837163
decision_type=2 10 10 8 1 10 10 10 10 10 10 2 1 10 8 10 10 8 2 1 10 2 10 10 8 2 10 8 1 10
left_child=1 2 6 4 -4 -6 8 -8 9 10 -1 -11 13 -5 -14 -16 -7 -10 19 20 21 22 23 24 -19 -20 27 -21 -29 -26
right_child=-2 -3 3 12 5 16 7 -9 17 11 -12 -13 14 -15 15 -17 -18 18 25 26 -22 -23 -24 -25 29 -27 -28 28 -30 -31
leaf_value=0.0050102058229433118 0.017175493418364992 -0.049211164818787567 -0.008372815611866799 0.027503396334999281 -0.1196896342306121 -0.017385886758863198 0.045621753120114655 0.0094409726396833885 0.023052697866636399 -0.055746488731420185 -0.022475472952315483 -0.010429246969062394 0.0036355953933240553 -0.0010786336571787999 -0.02402784896690548 -0.0021449518877937434 -0.062283073634747603 0.017229464174155839 -0.044840278134487814 -0.00084076826126084833 -0.050402426938487038 -0.032729021448480812 -0.014749984391302802 -0.036240608638387066 0.057035605460172736 -0.0041330455869715991 0.018560205340527863 -0.010262167796553031 0.030348526579942376 0.0066417449361914323
leaf_weight=560030 100444 21855 210089 85134 9750 53711 37973 264502 71257 18845 90400 455600 296938 107849 130812 184143 23813 107727 20552 1272280 11826 12102 21991 9351 62930 481944 104597 62005 94598 14952
leaf_count=560030 100444 21855 210089 85134 9750 53711 37973 264502 71257 18845 90400 455600 296938 107849 130812 184143 23813 107727 20552 1272280 11826 12102 21991 9351 62930 481944 104597 62005 94598 14952
internal_value=-7.52549e-08 -0.000352185 -0.000133268 -0.00505922 -0.0179681 -0.0410606 0.00130486 0.0139831 0.000200657 -0.00446985 0.00119011 -0.0122293 -0.000290005 0.0115297 -0.0040179 -0.0112337 -0.0311769 0.00243809 0.00179293 0.00394266 0.0161454 0.0195819 0.0224999 0.0267016 0.0298727 -0.00579796 0.00202574 0.000815401 0.0142705 0.0473609
internal_weight=5e+06 4.89956e+06 4.8777e+06 1.10224e+06 297363 87274 3.77546e+06 302475 3.47299e+06 1.12488e+06 650430 474445 804876 192983 611893 314955 77524 2.34811e+06 2.27686e+06 1.77436e+06 240879 229053 216951 194960 185609 502496 1.53348e+06 1.42888e+06 156603 77882
internal_count=5000000 4899556 4877701 1102239 297363 87274 3775462 302475 3472987 1124875 650430 474445 804876 192983 611893 314955 77524 2348112 2276855 1774359 240879 229053 216951 194960 185609 502496 1533480 1428883 156603 77882
cat_boundaries=0 1 2 3 4
cat_threshold=16320 480 480 12584479
is_linear=0
shrinkage=0.1


Tree=107
num_leaves=31
num_cat=8
split_feature=17 0 34 80 2 75 58 74 0 18 24 0 18 13 77 75 2 75 0 82 76 76 48 73 26 76 72 75 76 17
split_gain=3155.31 7942.76 7031.76 6090.04 5926.77 5466.45 5222.09 3484.07 3480.52 3458.67 3432.51 3385.55 4661.32 3972.96 3365.65 3242.83 3118.32 3811.31 3012.95 2960.25 4859.12 3627.46 4974.7 3142.5 3026.12 2704.48 2632.13 3304.94 3061.26 2752.48
threshold=1.2500000000000002 0.65000000596046459 1.0000000180025095e-35 8.4499998092651385 -0.15000000223517415 0 1.7500000000000002 199.50000000000003 -3.0499999523162837 6.6499998569488534 1.0000000180025095e-35 12.449999809265138 12.250000000000002 18.650000572204593 -0.15000000223517415 1 10.449999809265138 2 -3.4500000476837154 2.5499999523162846 3 4 5.5499999523162851 139.82914733886722 1.0000000180025095e-35 5 40.792499542236335 6 7 20.550000190734867
decision_type=10 2 10 10 8 1 10 2 2 10 2 2 10 8 10 1 8 1 2 10 1 1 10 2 10 1 2 1 1 8
left_child=3 2 5 14 -3 6 10 19 -4 18 -2 12 -9 -14 -1 -5 17 -13 -8 21 -21 22 26 -22 -23 -10 29 -28 -29 -6
right_child=1 4 8 15 7 -7 9 11 25 -11 -12 16 13 -15 -16 -17 -18 -19 -20 20 23 24 -24 -25 -26 -27 27 28 -30 -31
leaf_value=0.00056684951174144503 0.0011030630250664995 0.049452282901330025 -0.21639755544220757 0.14923440509482586 0.017845159495760318 0.038427057897402861 -0.083224529970211347 -0.0064128395981475394 -0.10664679043149963 -0.087109072173476201 -0.090704555764362885 -0.019806070920378914 -0.043519302615723648 0.0048024632267809984 0.016811688600439155 0.041819761594693319 -0.0022006453533538889 0.0915212979580311 -0.020920660051304427 0.0083882536087332912 -0.0032460439745554664 -0.0016056945293689198 -0.025132167490378596 -0.019994916537128062 0.014246979996379064 -0.016048887545975329 0.0090142279608063248 0.014513752479114107 -0.036897805702415659 0.0055928732085776898
leaf_weight=524280 76003 23986 1808 3316 379158 16963 9178 262607 7860 13205 4303 5086 72946 22191 168536 18375 664100 7768 50302 199977 266582 1324434 43593 193214 132458 5692 91070 16366 39594 355049
leaf_count=524280 76003 23986 1808 3316 379158 16963 9178 262607 7860 13205 4303 5086 72946 22191 168536 18375 664100 7768 50302 199977 266582 1324434 43593 193214 132458 5692 91070 16366 39594 355049
internal_value=-6.53873e-08 -0.00102581 -0.0212762 0.00615218 -0.000110563 -0.0154201 -0.0213915 -0.000402211 -0.0860721 -0.0408126 -0.00381622 -0.00541469 -0.0132834 -0.0322481 0.00451861 0.0583288 -0.0012564 0.0475277 -0.0305344 0.001303 -0.00462446 0.002945 0.00784318 -0.010284 -0.000164397 -0.0686851 0.00947449 -0.00273827 -0.0218621 0.0119202
internal_weight=5e+06 4.28549e+06 185314 714507 4.10018e+06 169954 152991 4.07619e+06 15360 72685 80306 1.0347e+06 357744 95137 692816 21691 676954 12854 59480 3.0415e+06 659773 2.38172e+06 924830 459796 1.45689e+06 13552 881237 147030 55960 734207
internal_count=5000000 4285493 185314 714507 4100179 169954 152991 4076193 15360 72685 80306 1034698 357744 95137 692816 21691 676954 12854 59480 3041495 659773 2381722 924830 459796 1456892 13552 881237 147030 55960 734207
cat_boundaries=0 1 2 3 4 5 6 7 8
cat_threshold=6158 2944 7174 16646147 6652 2044 3968 6148
is_linear=0
shrinkage=0.1


Tree=108
num_leaves=31
num_cat=11
split_feature=89 18 75 76 0 75 21 86 4 76 17 80 72 27 76 75 76 88 26 87 80 0 12 76 75 7 17 76 75 4
split_gain=3058.36 5422.1 4941.2 5394.13 7395.83 3859.36 4869.18 4708.1 5171.2 4632.6 4483.38 4754.72 4529.38 4295.98 3795.87 4888.91 3665.82 3605.53 3571.29 3444.58 3366.53 3309.03 3164.13 3105.63 8542.66 4942.96 6286.52 3959.41 3374.07 6390.99
threshold=26.349999427795414 23.94999980926514 0 1 20.550000190734867 2 6.0499999523162851 14.150000095367433 18.050000190734867 3 12.949999809265138 9.6500000953674334 32.232500076293952 1.0000000180025095e-35 4 5 6 2.3500000238418584 1.0000000180025095e-35 1.0000000180025095e-35 7.0499999523162851 -5.2499999999999991 -13.15000009536743 7 8 11.650000095367433 12.550000190734865 9 10 20.650000572204593
decision_type=10 10 1 1 2 1 10 8 10 1 8 10 2 10 1 1 1 8 10 8 10 2 8 1 1 10 8 1 1 8
left_child=1 5 3 18 -5 10 20 8 16 -9 11 14 -12 23 15 -1 17 -8 -3 22 -7 -14 -16 24 27 -26 -27 -11 29 -25
right_child=-2 2 -4 4 -6 6 7 9 -10 13 12 -13 21 -15 19 -17 -18 -19 -20 -21 -22 -23 -24 28 25 26 -28 -29 -30 -31
leaf_value=0.014346838981878532 0.0099719271872222483 0.0068927783098993835 -0.028955928700440631 -0.1914086587534406 -0.01695386408738626 0.0081368230865689253 -0.006863706975153522 0.015323500773570762 -0.050759589395703512 -0.0078608410881367725 0.0003119263195607235 0.021346950880315654 -0.48571717377348123 0.016685172885844597 -0.063492582166940592 -0.010562222187822361 0.00098048801585325302 -0.035569736826972724 -0.031912786509222274 0.011373453598653761 0.031510443185119953 -0.038685720567504946 -0.0096802585431422054 0.0061230832286879059 -0.040393959054242881 0.039343844931023379 -0.018479718386781977 0.014697603976365629 0.0087154865120923648 -0.021710544871985347
leaf_weight=206226 289737 252791 109333 2467 162391 458042 141349 269320 25872 144171 48768 80052 166 158640 11126 127504 363620 63371 26171 80233 71200 66421 610121 222330 83740 21962 130666 169004 472043 131163
leaf_count=206226 289737 252791 109333 2467 162391 458042 141349 269320 25872 144171 48768 80052 166 158640 11126 127504 363620 63371 26171 80233 71200 66421 610121 222330 83740 21962 130666 169004 472043 131163
internal_value=-2.41489e-08 -0.000613417 -0.00991452 -0.00522298 -0.0195633 0.000624205 0.00260003 0.000683471 -0.00703618 0.00322757 -0.00407444 -0.00213327 -0.0228422 0.00110343 -0.00394897 0.00483012 -0.00504581 -0.0157489 0.00325209 -0.00812559 0.0112813 -0.0398002 -0.010644 -0.000694199 -0.00651889 -0.0208699 -0.0101594 0.00431284 0.00318322 -0.00420442
internal_weight=5e+06 4.71026e+06 553153 443820 164858 4.15711e+06 2.92649e+06 2.39725e+06 594212 1.80304e+06 1.23062e+06 1.11526e+06 115355 1.53372e+06 1.03521e+06 333730 568340 204720 278962 701480 529242 66587 621247 1.37508e+06 549543 236368 152628 313175 825536 353493
internal_count=5000000 4710263 553153 443820 164858 4157110 2926493 2397251 594212 1803039 1230617 1115262 115355 1533719 1035210 333730 568340 204720 278962 701480 529242 66587 621247 1375079 549543 236368 152628 313175 825536 353493
cat_boundaries=0 1 2 3 4 5 6 7 8 9 10 11
cat_threshold=3968 2044 14 992 15768 12 7950 260096 496 229376 4208
is_linear=0
shrinkage=0.1


Tree=109
num_leaves=31
num_cat=3
split_feature=80 18 13 0 3 89 2 18 0 56 91 0 18 17 3 0 89 76 80 76 23 0 77 89 23 74 0 76 88 72
split_gain=2937.57 4271.14 4485.82 3779.59 4398.94 3277.03 7183.58 4109.88 6499.78 5910.26 5794.14 4852.28 3922.24 3505.56 3321.97 3127 3111.41 4787.09 3104.55 5814.55 3314.6 4025.7 3479.08 3671.42 3185.54 3085.73 3718.44 3053.91 3725.58 3181.01
threshold=27.44999980926514 25.750000000000004 26.150000572204593 20.250000000000004 18.44999980926514 16.550000190734867 15.050000190734865 3.8500000238418584 -1.4499999880790708 2.2500000000000004 2.7500000000000004 11.250000000000002 12.650000095367433 19.550000190734867 -2.4500000476837154 -5.8500001430511466 4.2500000000000009 0 1.8499999642372134 1 -4.6499998569488517 -8.6500000953674299 -5.7499999999999991 -6.1499998569488517 2.2500000000000004 199.50000000000003 4.0499999523162851 2 4.4500000476837167 40.964998245239265
decision_type=10 10 8 2 10 10 8 8 2 8 10 2 10 10 8 2 8 1 10 1 10 2 10 10 10 2 2 1 10 2
left_child=1 5 3 -3 -5 7 -7 11 9 -9 14 18 -8 16 -10 -11 17 -12 20 -20 22 -22 23 -1 -21 27 -27 28 29 -16
right_child=-2 2 -4 4 -6 6 12 8 10 15 13 -13 -14 -15 25 -17 -18 -19 19 24 21 -23 -24 -25 -26 26 -28 -29 -30 -31
leaf_value=-0.0076632305167888817 0.013044999282025084 -0.058304864581406268 -0.0013834948662144848 0.046197028698636067 -0.021513836214931675 0.042385894657232553 0.0272872666251417 -0.021628151903103271 0.061605349453515826 -0.34130490629221344 -0.068951200098057483 0.047059588980033179 0.0018130711730866243 -0.062002162573307311 0.011851296788842648 -0.099870114722555914 -0.0089882322020644941 0.0020376280465105585 0.073299222648217796 0.023689692805575074 -0.063135864967656941 -0.0022016398991397449 0.035059396600872046 0.031390126003209375 -0.0010531312233656581 -0.029171572910207562 -0.0041688497316620006 -0.0028878532557980404 -0.022559655432294837 -0.0059542301116553929
leaf_weight=85427 166862 25580 230567 10362 129571 49921 64719 26001 8529 572 22602 25743 914416 15073 509420 8631 281492 16389 15087 88223 11040 605224 48759 33517 126849 67218 516849 728847 41565 124945
leaf_count=85427 166862 25580 230567 10362 129571 49921 64719 26001 8529 572 22602 25743 914416 15073 509420 8631 281492 16389 15087 88223 11040 605224 48759 33517 126849 67218 516849 728847 41565 124945
internal_value=-2.0398e-08 -0.000450394 -0.0104002 -0.0229608 -0.0164999 0.000437787 0.00538343 -0.00105556 -0.00335675 -0.046005 -0.00271318 0.004185 0.00349687 -0.014872 -0.000670519 -0.114876 -0.0126554 -0.0391298 0.00309665 0.0133081 9.87439e-05 -0.00329324 0.0125634 0.00334154 0.00909601 -0.000937584 -0.00704632 0.00160226 0.00644383 0.00834431
internal_weight=5e+06 4.83314e+06 396080 165513 139933 4.43706e+06 1.02906e+06 3.408e+06 2.36813e+06 35204 2.33293e+06 1.03987e+06 979135 335556 1.99737e+06 9203 320483 38991 1.01413e+06 230159 783967 616264 167703 118944 215072 1.98884e+06 584067 1.40478e+06 675930 634365
internal_count=5000000 4833138 396080 165513 139933 4437058 1029056 3408002 2368133 35204 2332929 1039869 979135 335556 1997373 9203 320483 38991 1014126 230159 783967 616264 167703 118944 215072 1988844 584067 1404777 675930 634365
cat_boundaries=0 1 2 3
cat_threshold=4088 1016 31228
is_linear=0
shrinkage=0.1


Tree=110
num_leaves=31
num_cat=5
split_feature=72 85 76 76 48 84 75 18 26 81 26 84 90 30 87 0 25 73 73 7 41 75 73 72 17 28 72 17 75 0
split_gain=2814.47 3485.41 5797.26 4575.58 8470.15 7838.77 6566.51 8423.19 5233.63 4646.71 8235.88 7771.82 6831.25 5966.9 5526.63 5331.82 4756.98 4615.19 5162.12 6175.98 4552.89 4279.03 4034.37 3956.9 3913.44 3908.72 3905.75 3871.49 3817.02 3795.79
threshold=32.093299865722663 2.5499999523162846 0 1 6.0499999523162851 1.0000000180025095e-35 2 6.4500000476837167 1.0000000180025095e-35 1.0000000180025095e-35 1.0000000180025095e-35 1.0000000180025095e-35 1.0000000180025095e-35 1.0000000180025095e-35 1.0000000180025095e-35 5.0499999523162851 1.0000000180025095e-35 144.7174987792969 143.31164550781253 1.0000000180025095e-35 1.0000000180025095e-35 3 144.7174987792969 36.902500152587898 5.0499999523162851 1.0000000180025095e-35 44.288349151611335 28.94999980926514 4 6.0499999523162851
decision_type=2 10 1 1 10 10 1 10 8 8 10 10 10 10 10 2 10 2 2 8 8 1 2 2 10 10 2 10 1 2
left_child=-1 3 26 4 6 8 -2 -8 17 10 11 12 13 14 16 -11 20 18 21 -20 22 23 25 -5 -25 -9 -3 -17 -22 -12
right_child=1 2 -4 5 -6 -7 7 9 -10 15 29 -13 -14 -15 -16 27 -18 -19 19 -21 28 -23 -24 24 -26 -27 -28 -29 -30 -31
leaf_value=0.0089826476645674374 -0.0087694845925856829 0.0023518472670919855 -0.011346941562560412 -0.0040092562724580597 -0.04159766901123594 0.015934113998678598 0.02926182642410137 0.014842378476386323 0.019492320822923737 -0.097205665930824969 -0.14533924890551481 -0.048882892406959116 -0.052942779634248573 -0.028401730160573804 -0.060371812501361102 -0.0030230666915669387 -0.075691242976194034 0.034862009608639631 -0.07880399376024487 -0.014158316494673515 -0.035735036099944495 -0.0079390455415468356 -0.049550687657795606 0.032222800441263896 0.0016908424474330669 -0.052393962547496821 0.045967408620525577 -0.079922888729309693 0.053238477936759322 -0.026887046587234349
leaf_weight=326061 256826 264555 646120 270800 38515 211742 173210 823147 87860 7019 2899 22122 16388 34895 9953 112058 5803 27901 20406 53587 5379 1278482 10067 76520 93006 8738 22259 6953 46240 40489
leaf_count=326061 256826 264555 646120 270800 38515 211742 173210 823147 87860 7019 2899 22122 16388 34895 9953 112058 5803 27901 20406 53587 5379 1278482 10067 76520 93006 8738 22259 6953 46240 40489
internal_value=-1.76549e-08 -0.000626662 -0.00609498 0.000737031 0.00473717 -0.00232057 0.00586512 0.00870099 -0.00434582 0.00561003 0.00783567 0.00971812 0.0110677 0.0121786 0.0137359 -0.0125109 0.014556 -0.00549615 -0.00612424 -0.0319865 0.0151421 -0.00501089 0.0133747 0.00349106 0.0154722 0.0141361 0.00573655 -0.0075158 0.0439703 -0.0348015
internal_weight=5e+06 4.67394e+06 932934 3.741e+06 1.6207e+06 2.1203e+06 1.58219e+06 1.32536e+06 1.90856e+06 1.15215e+06 1.02612e+06 982732 960610 944222 909327 126030 899374 1.8207e+06 1.7928e+06 73993 893571 1.71881e+06 841952 440326 169526 831885 286814 119011 51619 43388
internal_count=5000000 4673939 932934 3741005 1620701 2120304 1582186 1325360 1908562 1152150 1026120 982732 960610 944222 909327 126030 899374 1820702 1792801 73993 893571 1718808 841952 440326 169526 831885 286814 119011 51619 43388
cat_boundaries=0 1 2 3 4 5
cat_threshold=16646147 4092 4098 6272 2052
is_linear=0
shrinkage=0.1


Tree=111
num_leaves=31
num_cat=7
split_feature=0 18 12 77 0 76 18 0 2 35 27 89 14 76 23 75 76 80 4 75 0 86 76 23 0 75 72 17 23 16
split_gain=2775.14 3378.83 4254.84 4068.97 3461.12 3874.14 3439.5 6997.72 9067.09 7296.32 6288.9 6144.53 5597.06 4710.45 4522.86 4155.41 4128.67 3935.2 4552.73 6236.69 4928.9 4264.4 4708.81 4148.51 5051.89 3872.03 3636.64 3286.5 3230.06 3179.34
threshold=33.049999237060554 26.150000572204593 26.150000572204593 22.050000190734867 22.650000572204593 0 13.050000190734865 9.8499999046325701 8.4499998092651385 1.0000000180025095e-35 1.0000000180025095e-35 11.84999990463257 16.750000000000004 1 9.4499998092651385 2 3 13.84999990463257 12.650000095367433 4 11.449999809265138 6.2500000000000009 5 -2.4500000476837154 -6.6499998569488517 6 39.600799560546882 19.94999980926514 20.44999980926514 17.150000572204593
decision_type=2 10 8 10 2 1 10 2 8 10 10 10 8 1 8 1 1 10 8 1 2 10 1 8 2 1 2 10 10 10
left_child=1 3 4 6 -3 -6 11 9 -9 10 12 17 15 -11 -13 -8 -14 18 19 -1 -20 23 -23 -21 -25 -10 27 -27 -5 -12
right_child=-2 2 -4 28 5 -7 7 8 25 13 29 14 16 -15 -16 -17 -18 -19 20 21 -22 22 -24 24 -26 26 -28 -29 -30 -31
leaf_value=0.03403342516284999 0.036140540892636679 -0.041892208370871396 0.0001936799244945971 0.033166771898954873 0.0059991042208865086 -0.027593598747833643 -0.0023514122950597646 0.061178226842449716 0.0020044458354027423 -0.15533972030567694 -0.080741756386702168 0.04115313252297155 0.033929787110152224 -0.0051781135757801473 0.0096745699146693707 -0.048295062070801364 -0.031849992371974167 0.025334513390034209 -0.035263929338809188 0.0080811496736527526 -0.00029483103347746463 0.0013188239963064646 0.026407769389162436 -0.07070141946439025 -0.0043848112684726987 -0.0014300152309534736 -0.030139364047334374 -0.016812920121153287 0.0067310328044924671 -0.2588911153246794
leaf_weight=55308 21157 51734 240804 53131 65713 71876 33324 22574 848465 6678 5268 56979 31921 3050 229443 48122 13600 61011 75183 303278 86891 208867 116547 11602 1159573 502850 66608 191883 355323 1237
leaf_count=55308 21157 51734 240804 53131 65713 71876 33324 22574 848465 6678 5268 56979 31921 3050 229443 48122 13600 61011 75183 303278 86891 208867 116547 11602 1159573 502850 66608 191883 355323 1237
internal_value=-1.80009e-08 -0.000153593 -0.00862519 0.000647482 -0.0198421 -0.0115512 -0.000291929 -0.00361814 -0.00175876 -0.0248138 -0.0187199 0.00220564 -0.0138066 -0.108425 0.0159367 -0.0295032 0.0142777 0.000313247 -0.000443512 0.00096066 -0.0165163 -5.58201e-05 0.0103053 -0.00234253 -0.00504176 -0.00264131 -0.00781863 -0.00567872 0.0101697 -0.114619
internal_weight=5e+06 4.97884e+06 430127 4.54872e+06 189323 137589 4.14026e+06 1.77558e+06 1.63238e+06 143200 133472 2.36468e+06 126967 9728 286422 81446 45521 2.07826e+06 2.01725e+06 1.85518e+06 162074 1.79987e+06 325414 1.47445e+06 1.17118e+06 1.60981e+06 761341 694733 408454 6505
internal_count=5000000 4978843 430127 4548716 189323 137589 4140262 1775580 1632380 143200 133472 2364682 126967 9728 286422 81446 45521 2078260 2017249 1855175 162074 1799867 325414 1474453 1171175 1609806 761341 694733 408454 6505
cat_boundaries=0 1 2 3 4 5 6 7
cat_threshold=1920 2046 3968 2288 480 8649735 960
is_linear=0
shrinkage=0.1


Tree=112
num_leaves=31
num_cat=7
split_feature=86 18 0 4 76 0 2 35 84 30 89 1 76 13 75 70 10 75 54 17 83 8 75 17 76 23 74 0 17 75
split_gain=2728.19 4037.49 6711.86 8388.46 6387.82 6136.92 8985.82 8888.19 6425.22 6037.97 5544.26 7477.33 5355.71 4131.91 4373.59 4102.49 3864.71 5821.46 3612.49 3548.99 3522.25 3518.57 4686.74 3418.64 3277.14 3260.22 3249.3 3212.62 3185.95 3833.5
threshold=27.44999980926514 17.050000190734867 18.750000000000004 21.349999427795414 0 14.050000190734865 12.650000095367433 1.0000000180025095e-35 1.0000000180025095e-35 1.0000000180025095e-35 10.84999990463257 9.6500000953674334 1 17.44999980926514 2 1.6500000357627871 15.34999990463257 3 2.6499999761581425 12.550000190734865 19.44999980926514 8.4499998092651385 4 12.550000190734865 5 25.050000190734867 349.50000000000006 -6.6499998569488517 8.8499999046325701 6
decision_type=10 10 2 10 1 2 8 10 10 10 10 8 1 10 1 10 8 1 10 8 8 10 1 10 1 8 2 2 8 1
left_child=1 2 3 10 16 7 -7 8 9 12 15 26 13 14 -3 18 19 -18 -1 -4 -8 22 -13 -6 -24 -22 -12 -20 29 -23
right_child=-2 5 4 -5 23 6 20 -9 -10 -11 11 21 -14 -15 -16 -17 17 -19 27 -21 25 28 24 -25 -26 -27 -28 -29 -30 -31
leaf_value=-0.0023122838820039816 0.011500118705120257 0.0030020491572423339 0.021946960903566005 -0.045180217715049598 0.14895624187487258 0.058388560640894198 -0.013495127331948381 -0.11677637690559302 -0.10003163637754704 -0.13763423810348038 0.075615116070996316 -0.033462207320990485 -0.057450014336761585 0.016885309266561382 -0.061141700974943328 0.0031915263877333871 0.009650917632033967 0.078836475256838651 -0.074304524936716673 -0.015566489317128738 0.0021003762604134154 0.061059233165510575 -0.009462219035806612 0.04779668194725268 0.043906628500859475 -0.0085863621523256071 0.013196391707468747 -0.013838144648750595 0.0074997133379582515 0.0095113457745953384
leaf_weight=857520 198111 26290 43076 39593 3747 23903 283624 9598 8788 3698 23903 45388 18656 63595 17838 1138629 36297 18288 9128 60836 918151 26256 29629 30810 18799 414270 12809 235082 351651 32037
leaf_count=857520 198111 26290 43076 39593 3747 23903 283624 9598 8788 3698 23903 45388 18656 63595 17838 1138629 36297 18288 9128 60836 918151 26256 29629 30810 18799 414270 12809 235082 351651 32037
internal_value=-4.95866e-08 -0.000474511 0.00175931 0.000524591 0.019798 -0.00423851 -0.00247599 -0.0237077 -0.017275 -0.011684 0.00117533 0.0102662 -0.00799851 0.000571023 -0.0229402 -0.00101779 0.0113013 0.0328469 -0.00536808 -1.55483e-05 -0.00337624 0.00709097 -0.0103791 0.0587484 0.0112595 -0.00122229 0.0538369 -0.0160982 0.011089 0.0327414
internal_weight=5e+06 4.80189e+06 3.01348e+06 2.82042e+06 193054 1.78841e+06 1.63995e+06 148463 138865 130077 2.78083e+06 540472 126379 107723 44128 2.24036e+06 158497 54585 1.10173e+06 103912 1.61604e+06 503760 93816 34557 48428 1.33242e+06 36712 244210 409944 58293
internal_count=5000000 4801889 3013478 2820424 193054 1788411 1639948 148463 138865 130077 2780831 540472 126379 107723 44128 2240359 158497 54585 1101730 103912 1616045 503760 93816 34557 48428 1332421 36712 244210 409944 58293
cat_boundaries=0 1 2 3 4 5 6 7
cat_threshold=2093056 7672 3848 248 7682 4186122 7686
is_linear=0
shrinkage=0.1


Tree=113
num_leaves=31
num_cat=8
split_feature=74 76 79 75 17 83 11 76 72 17 18 76 47 87 76 72 76 76 28 48 29 75 81 59 73 51 48 51 24 34
split_gain=2637.12 2883.91 6680.91 5071.09 3219.26 4963.53 3779.2 4395.91 3187.64 3420.86 3083.4 3067.65 2895.39 2731.2 8576.55 2909.05 4889.03 2900.02 7420.34 7235.91 7164.93 5645.1 5625.44 4750.12 4646.26 4293.09 3997 4080.9 3658.35 3519.33
threshold=507.00000000000006 0 4.8500001430511483 1 24.849999427795414 23.349999427795414 24.650000572204593 2 37.921701431274421 5.4500000476837167 2.4500000476837163 3 1.0000000180025095e-35 1.0000000180025095e-35 4 45.113349914550788 5 6 1.0000000180025095e-35 5.6499998569488534 1.0000000180025095e-35 7 1.0000000180025095e-35 3.1499999761581425 129.87249755859378 1.7500000000000002 2.4500000476837163 3.0499999523162846 1.0000000180025095e-35 1.0000000180025095e-35
decision_type=2 1 10 1 10 10 10 1 2 10 8 1 8 8 1 2 1 1 8 10 10 1 10 10 2 10 8 8 2 10
left_child=1 2 3 -1 5 12 7 -6 9 -5 -10 -7 13 15 -15 17 -17 20 19 22 21 23 24 29 -19 -26 27 -27 -23 -3
right_child=-2 4 -4 8 6 11 -8 -9 10 -11 -12 -13 -14 14 -16 16 -18 18 -20 -21 -22 28 -24 -25 25 26 -28 -29 -30 -31
leaf_value=0.023295806206435933 -0.007834985997147598 0.0068530337651130108 -0.039162787970064145 0.050873602822171009 -0.015454315978660272 0.0051404352731462752 -0.002601952720397037 -0.069950339279662002 0.013720988946473665 0.0064341906135265111 -0.019289648186441178 0.027369810370366017 -0.0090563650205097747 -0.0093537578251063954 0.023142965488134028 -0.025811101021266797 0.054042663606005438 0.029992093459753257 0.024593533222986328 0.020070589415294514 -0.031512773885120131 0.015939200939726377 0.031948444286427395 -0.016650515682956713 -0.0023925457907796929 -0.013817908511276334 -0.00625854461088846 -0.035726786619880317 -0.04933561236196872 -0.040177477777781308
leaf_weight=184258 395604 352607 29378 18886 109420 153838 341885 17112 40554 209174 93611 104089 338265 141800 190063 11322 23721 31669 89840 107291 54940 394677 36404 144589 595828 269328 370170 124237 8777 16663
leaf_count=184258 395604 352607 29378 18886 109420 153838 341885 17112 40554 209174 93611 104089 338265 141800 190063 11322 23721 31669 89840 107291 54940 394677 36404 144589 595828 269328 370170 124237 8777 16663
internal_value=-3.57371e-08 0.000673133 0.00729248 0.00978997 -0.00027309 0.000752298 -0.00806637 -0.022831 0.00291905 0.0101143 -0.00931154 0.0141126 -0.000291245 0.000709095 0.00925803 -0.000368795 0.0282509 -0.000754976 -0.00333994 -0.00497492 0.00356485 0.00566577 -0.00685717 -0.00128541 -0.00787258 -0.00875458 -0.0137179 -0.0207339 0.0145188 0.00473082
internal_weight=5e+06 4.6044e+06 575861 546483 4.02854e+06 3.56012e+06 468417 126532 362225 228060 134165 257927 3.30219e+06 2.96393e+06 331863 2.63206e+06 35043 2.59702e+06 1.62477e+06 1.53493e+06 972253 917313 1.42764e+06 513859 1.39123e+06 1.35956e+06 763735 393565 403454 369270
internal_count=5000000 4604396 575861 546483 4028535 3560118 468417 126532 362225 228060 134165 257927 3302191 2963926 331863 2632063 35043 2597020 1624767 1534927 972253 917313 1427636 513859 1391232 1359563 763735 393565 403454 369270
cat_boundaries=0 1 2 3 4 5 6 7 8
cat_threshold=448 3840 130592 1040384 4195903 7736 1599 7686
is_linear=0
shrinkage=0.1


Tree=114
num_leaves=31
num_cat=7
split_feature=17 0 32 90 77 2 75 59 76 76 76 82 76 76 29 18 75 45 72 73 78 74 46 81 26 78 29 87 90 32
split_gain=2658.18 5993.92 6334.89 5188.81 4964.34 4405.42 4347.82 3989.31 3569.38 3456.45 2998.74 2979.01 4390.47 3103.02 5247.14 5002.98 6198.78 4596.3 4400.12 3684.94 3447.53 3366.68 3202.94 3026.84 6573.68 5790.21 5039.58 4296.62 3841.14 3643.17
threshold=1.2500000000000002 0.45000000298023229 1.0000000180025095e-35 1.0000000180025095e-35 6.8500001430511483 -0.45000000298023218 0 1.5500000119209292 1 2 3 2.5499999523162846 4 5 1.0000000180025095e-35 6.6499998569488534 6 1.0000000180025095e-35 36.961700439453132 137.77420043945315 1.0000000180025095e-35 58.500000000000007 1.0000000180025095e-35 1.0000000180025095e-35 1.0000000180025095e-35 1.0000000180025095e-35 1.0000000180025095e-35 1.0000000180025095e-35 1.0000000180025095e-35 1.0000000180025095e-35
decision_type=10 2 10 10 10 8 1 10 1 1 1 10 1 1 8 8 1 10 2 2 10 2 10 8 10 10 10 10 10 10
left_child=4 2 3 6 -1 -3 7 -2 -6 -8 -4 13 -13 15 20 -7 18 23 19 21 22 -17 -15 24 25 26 27 28 29 -18
right_child=1 5 10 -5 8 11 9 -9 -10 -11 -12 12 -14 14 -16 16 17 -19 -20 -21 -22 -23 -24 -25 -26 -27 -28 -29 -30 -31
leaf_value=0.0038275235335811161 0.00051308143509192872 0.045619526285717207 -0.12996936519357002 -0.091093016911055757 0.025507072049446439 0.02782842184498896 0.030240370716881227 -0.038496109804171258 0.10386190903444424 -0.040500648538737041 -0.033144410538048841 0.0070178206473995794 -0.010119877204334873 -0.0028234775403734591 0.013661325521615529 -0.0023935982698776734 0.013895594553490202 0.02815858704410823 -0.062150327920794592 0.023175162800016663 0.013539607670765803 -0.036279863873437901 -0.018203557043970222 -0.013600081365143103 -0.041108433637785415 -0.054890527190572504 -0.039216782259949456 -0.055504519584683366 -0.056406931713821551 -0.033261293007924637
leaf_weight=682018 48474 20897 7124 8227 24905 89180 35998 57093 7584 8538 5841 198687 603633 1650271 209779 69450 637447 87915 17403 28713 118283 50740 147507 86437 28264 14310 20707 9613 8147 16815
leaf_count=682018 48474 20897 7124 8227 24905 89180 35998 57093 7584 8538 5841 198687 603633 1650271 209779 69450 637447 87915 17403 28713 118283 50740 147507 86437 28264 14310 20707 9613 8147 16815
internal_value=-2.96801e-08 -0.000941508 -0.0192699 -0.0137669 0.0056468 -0.000178402 -0.00952873 -0.020582 0.0438375 0.0166726 -0.0864735 -0.000412208 -0.00587593 0.000919811 -0.00135348 0.00506747 0.003181 0.00642641 -0.0145702 -0.00901021 -0.00299737 -0.0166992 -0.00408541 0.00410144 0.00618231 0.00807276 0.00937342 0.0108706 0.0118339 0.0126836
internal_weight=5e+06 4.28549e+06 171295 158330 714507 4.1142e+06 150103 105567 32489 44536 12965 4.0933e+06 802320 3.29098e+06 2.12584e+06 1.16514e+06 1.07596e+06 909655 166306 148903 1.91606e+06 120190 1.79778e+06 821740 735303 707039 692729 672022 662409 654262
internal_count=5000000 4285493 171295 158330 714507 4114198 150103 105567 32489 44536 12965 4093301 802320 3290981 2125840 1165141 1075961 909655 166306 148903 1916061 120190 1797778 821740 735303 707039 692729 672022 662409 654262
cat_boundaries=0 1 2 3 4 5 6 7
cat_threshold=6150 2095104 98558 2040 16515075 1020 4110
is_linear=0
shrinkage=0.1


Tree=115
num_leaves=31
num_cat=7
split_feature=0 23 23 17 0 34 1 13 80 76 68 90 23 76 49 10 76 75 3 26 76 73 17 75 76 0 17 56 3 74
split_gain=2788.2 4592.93 3816.28 2709.4 7055.43 6303.13 5396.39 4821.79 4497.55 4116.73 3773.02 4314.17 3324.3 3298.55 3008.93 2826.92 3366.86 2722.89 2876.31 2680.51 2667.14 2597.44 3382.3 3870.49 4227.25 3322.87 3431.01 3374.15 2935.31 2689.98
threshold=28.750000000000004 28.44999980926514 26.94999980926514 19.94999980926514 15.949999809265138 1.0000000180025095e-35 15.449999809265138 20.44999980926514 19.650000572204593 0 1.1500000357627871 1.0000000180025095e-35 17.44999980926514 1 1.3499999642372134 21.050000190734867 2 3 8.4499998092651385 1.0000000180025095e-35 4 140.11250305175784 -4.3500001430511466 5 6 -4.7499999999999991 1.2500000000000002 3.0499999523162846 -3.8500000238418575 749.50000000000011
decision_type=2 8 10 10 2 10 8 8 10 1 8 10 10 1 10 10 1 1 10 8 1 2 10 1 1 2 10 8 8 2
left_child=1 3 -2 8 5 7 -6 13 10 19 11 14 -10 17 -1 16 -8 -5 -19 -9 -13 28 -23 25 -25 27 -27 -24 -12 -30
right_child=2 -3 -4 4 6 -7 15 9 12 -11 21 20 -14 -15 -16 -17 -18 18 -20 -21 -22 22 23 24 -26 26 -28 -29 29 -31
leaf_value=-0.0015914533074283682 0.046552397182665746 -0.023999490958051338 0.0060946191430298708 -0.0024904767569714475 0.063314673941140862 -0.12894811167037598 -0.0031024863921121902 0.018185872817923655 0.041147809519881944 -0.04038195778667622 0.041285339824626878 0.033715476540381963 0.0093616575006483273 -0.093224984515112408 -0.012479559206901365 0.00073339821034348971 -0.025784923307578717 0.0077215464817926779 -0.078595828526901265 -0.11988232706287794 0.0027683893651092675 0.015910362289133281 -0.021265186231319406 0.012930045776055832 -0.0048583318407443296 0.0020295323054327907 -0.026343155681314602 -0.08928132247376723 0.0062274693360303618 -0.018537125300666393
leaf_weight=589452 27157 81565 164804 17409 12648 5799 193210 41878 40398 21010 23077 42739 177321 11250 445737 786630 98955 5192 15053 1455 79920 104229 21508 195517 421751 104396 72026 11036 1141263 45615
leaf_count=589452 27157 81565 164804 17409 12648 5799 193210 41878 40398 21010 23077 42739 177321 11250 445737 786630 98955 5192 15053 1455 79920 104229 21508 195517 421751 104396 72026 11036 1141263 45615
internal_value=-3.61307e-08 -0.000471881 0.0118182 -6.58637e-05 -0.00414634 -0.027263 -0.00162496 -0.022056 0.00133897 -0.00406679 0.000420065 -0.00417853 0.0152596 -0.0457244 -0.00627971 -0.00238632 -0.0107859 -0.0314994 -0.0564311 0.0135468 0.0135545 0.00290765 -0.0010648 -0.00320621 0.000776179 -0.0149692 -0.00955389 -0.0443301 0.0059625 0.0052757
internal_weight=5e+06 4.80804e+06 191961 4.72647e+06 1.21049e+06 119046 1.09144e+06 113247 3.51598e+06 64343 3.29827e+06 1.15785e+06 217719 48904 1.03519e+06 1.0788e+06 292165 37654 20245 43333 122659 2.14042e+06 930463 826234 617268 208966 176422 32544 1.20996e+06 1.18688e+06
internal_count=5000000 4808039 191961 4726474 1210489 119046 1091443 113247 3515985 64343 3298266 1157848 217719 48904 1035189 1078795 292165 37654 20245 43333 122659 2140418 930463 826234 617268 208966 176422 32544 1209955 1186878
cat_boundaries=0 1 2 3 4 5 6 7
cat_threshold=240 4032 15736769 3840 1044480 4102 255
is_linear=0
shrinkage=0.1


Tree=116
num_leaves=31
num_cat=5
split_feature=18 77 17 0 29 36 2 83 84 11 76 0 18 75 76 58 24 0 4 67 14 77 5 75 0 75 89 23 18 14
split_gain=2653.79 3424.87 2979.11 6691.12 6860.61 5956.75 5774.9 5427.19 4947.01 3948.36 7095.01 4300.02 4129.71 5111.24 4624.94 3872.24 3577.49 3527.21 6921.98 3500.59 3377.89 3364.8 3864.17 4881 4558.43 3862.94 3448.84 6140.76 3642.92 3773.9
threshold=29.349999427795414 25.349999427795414 12.949999809265138 8.2500000000000018 1.0000000180025095e-35 1.0000000180025095e-35 7.4500000476837167 12.84999990463257 1.0000000180025095e-35 13.449999809265138 0 12.650000095367433 16.750000000000004 1 2 2.9500000476837163 1.0000000180025095e-35 18.050000190734867 18.650000572204593 5.0499999523162851 14.449999809265138 14.650000095367433 14.949999809265138 3 15.050000190734865 4 6.2500000000000009 2.6499999761581425 6.6499998569488534 10.050000190734865
decision_type=10 10 10 2 10 10 8 10 10 8 1 2 8 1 1 10 2 2 10 10 8 10 8 1 2 1 10 10 8 10
left_child=1 2 7 4 5 8 -5 19 15 10 -8 -12 17 14 -14 20 -16 18 -11 21 -4 22 23 -1 25 -24 28 -28 -25 -30
right_child=-2 -3 3 6 -6 -7 9 -9 -10 12 11 -13 13 -15 16 -17 -18 -19 -20 -21 -22 -23 24 26 -26 -27 27 -29 29 -31
leaf_value=0.028312707406327822 -0.012979961271692916 0.011392759632589226 -0.026488327677226503 0.052252332689214059 -0.14086982575718762 -0.13985126138681475 -0.039123171494276937 0.01665111921986746 -0.15013277909204503 0.0099861336526354989 -0.02502313936411972 0.0107786744683415 0.0072553218676574193 -0.014219674100309582 -0.0080967120814811611 -0.051771038418089804 0.013944898726099242 0.025165401917868809 -0.033416241186349199 0.013192592762757277 0.016749712672357843 0.025095154106871118 -0.05151435334041278 -0.00080068802150124363 0.021854516392660825 -0.0094022598176986497 0.046175409168846319 0.0030689733208976431 -0.021518071198238099 0.0025561477953081561
leaf_weight=57958 152705 268172 32153 19701 5077 4094 77631 235336 2700 227818 51650 95718 509090 318146 593073 20057 84075 97413 43812 201226 41246 49378 42213 1038665 21259 45027 36654 335867 194097 97989
leaf_count=57958 152705 268172 32153 19701 5077 4094 77631 235336 2700 227818 51650 95718 509090 318146 593073 20057 84075 97413 43812 201226 41246 49378 42213 1038665 21259 45027 36654 335867 194097 97989
internal_value=-5.65974e-08 0.000408851 -0.000234411 -0.00285981 -0.0274602 -0.0217167 -0.00163652 0.00224363 -0.016687 -0.00214245 -0.0146592 -0.00176914 -0.000639197 -0.00296461 5.40868e-05 -0.0128316 -0.00535994 0.00884023 0.00298564 0.000644546 -0.00219105 -0.000671167 -0.00135163 -0.000223284 -0.0196678 -0.0297861 -0.00119445 0.00731041 -0.00357525 -0.0134417
internal_weight=5e+06 4.8473e+06 4.57912e+06 2.22345e+06 105327 100250 2.11813e+06 2.35567e+06 96156 2.09843e+06 224999 147368 1.87343e+06 1.50438e+06 1.18624e+06 93456 677148 369043 271630 2.12033e+06 73399 1.91911e+06 1.86973e+06 1.76123e+06 108499 87240 1.70327e+06 372521 1.33075e+06 292086
internal_count=5000000 4847295 4579123 2223454 105327 100250 2118127 2355669 96156 2098426 224999 147368 1873427 1504384 1186238 93456 677148 369043 271630 2120333 73399 1919107 1869729 1761230 108499 87240 1703272 372521 1330751 292086
cat_boundaries=0 1 2 3 4 5
cat_threshold=516126 1984 1022 480 56
is_linear=0
shrinkage=0.1


Tree=117
num_leaves=31
num_cat=7
split_feature=83 17 0 76 2 13 13 17 0 76 3 86 1 76 0 12 5 76 75 0 83 3 89 1 18 13 75 72 76 83
split_gain=2545.53 3944.23 4629.36 5105.8 4727.74 4057.2 3474.83 4226.26 5963.4 5378.93 4839.92 4679.36 5160.91 3981.38 4427.93 3684.87 3315.54 3030.45 3876.82 3515.61 2939.34 3673.46 5293.58 4030.16 3986.38 5183.5 4405.43 4118.37 3725.59 3677.95
threshold=26.94999980926514 21.349999427795414 16.849999427795414 0 16.050000190734867 22.050000190734867 18.849999427795414 12.949999809265138 8.4499998092651385 1 8.0500001907348651 8.8499999046325701 7.2500000000000009 2 20.550000190734867 14.650000095367433 23.849999427795414 3 4 21.150000572204593 11.84999990463257 8.6500000953674334 5.0499999523162851 2.2500000000000004 6.6499998569488534 10.650000095367433 5 37.249149322509773 6 1.6500000357627871
decision_type=10 10 2 1 8 10 10 8 2 1 8 10 8 1 2 10 10 1 1 2 10 10 10 10 10 8 1 2 1 10
left_child=1 6 3 5 -4 -3 7 11 9 15 -10 20 -13 -8 16 -9 -15 18 -6 -19 21 22 24 -24 29 27 -27 -26 -29 -1
right_child=-2 2 4 -5 17 -7 13 8 10 -11 -12 12 -14 14 -16 -17 -18 19 -20 -21 -22 -23 23 -25 25 26 -28 28 -30 -31
leaf_value=-0.0023871621379378933 0.010102314536602597 -0.043344111421016129 0.044870222612793789 -0.14554378353731684 0.0044243570340892317 -0.0016386876151834404 0.022879311146611021 -0.095500913844687951 0.035394592563700006 -0.01276688666152067 -0.004645979395953832 0.055888820595224646 0.0085873585002726235 -0.0021719945944712361 0.016458860765881215 -0.027859130722903108 -0.044901929296401064 -0.051773065628583942 -0.015386105294410469 -0.0096631948959582988 0.016167755630738759 -0.011834142688274853 0.062751009943699351 0.011035209898968334 -0.010502534548440284 -0.011981639351627474 0.051967824926268148 -0.058581458944708002 -0.0044438580680033176 0.0118752962802346
leaf_weight=794151 237569 46453 19493 3484 416674 46853 142832 16609 31362 65342 806584 24342 440125 185959 145114 15635 20124 21113 129470 325212 104149 270794 16182 219023 116777 23749 19703 42946 18069 234108
leaf_count=794151 237569 46453 19493 3484 416674 46853 142832 16609 31362 65342 806584 24342 440125 185959 145114 15635 20124 21113 129470 325212 104149 270794 16182 219023 116777 23749 19703 42946 18069 234108
internal_value=-6.66804e-08 -0.000504014 -0.00605542 -0.0268496 -0.00384846 -0.0223996 0.000987855 -0.000196628 -0.00587198 -0.0292675 -0.00314737 0.00208788 0.0110664 0.00880319 0.00307768 -0.0626822 -0.00634457 -0.00491256 -0.000272147 -0.01223 -0.000154584 -0.00112294 0.000830659 0.0145932 -0.00175999 -0.0139369 0.017025 -0.0215039 -0.0425595 0.000860031
internal_weight=5e+06 4.76243e+06 1.00875e+06 96790 911962 93306 3.75368e+06 3.25965e+06 935532 97586 837946 2.32412e+06 464467 494029 351197 32244 206083 892469 546144 346325 1.85965e+06 1.7555e+06 1.48471e+06 235205 1.2495e+06 221244 43452 177792 61015 1.02826e+06
internal_count=5000000 4762431 1008752 96790 911962 93306 3753679 3259650 935532 97586 837946 2324118 464467 494029 351197 32244 206083 892469 546144 346325 1859651 1755502 1484708 235205 1249503 221244 43452 177792 61015 1028259
cat_boundaries=0 1 2 3 4 5 6 7
cat_threshold=4092 6293022 131324 2047 1920 7174 2040
is_linear=0
shrinkage=0.1


Tree=118
num_leaves=31
num_cat=5
split_feature=76 49 75 74 0 77 23 0 17 23 0 73 73 76 2 89 17 4 88 76 74 85 18 4 86 73 17 8 76 27
split_gain=2592.4 5388.93 3879.07 3148.85 2356.21 2145.33 2500.95 3344.73 3564.7 3033.02 2842.68 2686.02 2882.43 2773.43 2465.8 2484.55 2738.61 2588.55 2142.46 2187.98 2631.04 2066.24 2043.39 2008.61 2296.45 1989.37 1985.38 3199.78 2896.36 2198.31
threshold=0 5.6499998569488534 1 52.500000000000007 -3.4500000476837154 -13.15000009536743 -5.8500001430511466 -1.8499999642372129 5.0499999523162851 0.45000000298023229 3.4500000476837163 143.1683044433594 144.46170043945315 2 -2.7499999999999996 5.8500001430511483 8.0500001907348651 7.6499998569488534 2.1499999761581425 3 408.50000000000006 4.3500001430511483 29.349999427795414 -0.84999999403953541 -3.1499999761581416 138.5725021362305 20.650000572204593 19.550000190734867 4 1.0000000180025095e-35
decision_type=1 10 1 2 2 8 8 2 8 8 2 2 2 1 8 8 10 10 10 1 2 10 10 8 10 2 10 10 1 10
left_child=1 2 -1 22 -3 -5 11 8 23 10 -9 -7 13 -13 -11 16 17 -16 19 20 -17 -4 -2 24 -8 -22 29 28 -28 -21
right_child=3 4 21 5 -6 6 7 9 -10 14 -12 12 -14 -15 15 18 -18 -19 -20 26 25 -23 -24 -25 -26 -27 27 -29 -30 -31
leaf_value=-0.0015183715855938496 0.0027057728053134639 -0.14580346784228596 0.016572680731497359 -0.06396559183247752 -0.027937853594018316 0.028335725628490172 -0.01866886938482892 0.0042292176018978948 -0.081338894844426857 0.06148299870329102 0.038594110678828064 -0.13734911750493303 0.074852913487598385 -0.016111435680502093 -0.0032637000097749413 0.018061087183214499 -0.036621785108280722 -0.038571521561703626 -0.0091899137110474215 -0.0014014136087294772 0.0032262702273077441 -0.02027203673541211 -0.016846418160289794 -0.044074885528020052 0.014245518981488004 -0.049889251468203388 -0.02080382959132265 -0.0046752299632892014 -0.08395600513855532 0.014893370007351199
leaf_weight=244988 1881005 1802 333675 5806 28848 48601 73810 138791 8609 5772 29122 2172 2960 14019 141711 110569 43509 24329 408804 829934 20922 15948 55015 19670 29738 10636 44040 324535 8693 91967
leaf_count=244988 1881005 1802 333675 5806 28848 48601 73810 138791 8609 5772 29122 2172 2960 14019 141711 110569 43509 24329 408804 829934 20922 15948 55015 19670 29738 10636 44040 324535 8693 91967
internal_value=-9.39016e-08 0.00602283 0.00813068 -0.000860935 -0.0348675 -0.00325135 -0.00310646 -0.00364911 -0.0191275 -0.00273547 0.0101893 0.015837 -0.0158821 -0.0324701 -0.00378622 -0.00396913 -0.0142892 -0.00843718 -0.00280025 -0.000987904 0.0107915 0.0148916 0.00215017 -0.0147809 -0.00921617 -0.0146753 -0.00227662 -0.00838755 -0.0312343 0.000224121
internal_weight=5e+06 625261 594611 4.37474e+06 30650 2.43872e+06 2.43291e+06 2.36516e+06 131827 2.23333e+06 167913 67752 19151 16191 2.06542e+06 2.05965e+06 209549 166040 1.8501e+06 1.4413e+06 142127 349623 1.93602e+06 123218 103548 31558 1.29917e+06 377268 52733 921901
internal_count=5000000 625261 594611 4374739 30650 2438719 2432913 2365161 131827 2233334 167913 67752 19151 16191 2065421 2059649 209549 166040 1850100 1441296 142127 349623 1936020 123218 103548 31558 1299169 377268 52733 921901
cat_boundaries=0 1 2 3 4 5
cat_threshold=448 214 253952 1536 30768
is_linear=0
shrinkage=0.1


Tree=119
num_leaves=31
num_cat=9
split_feature=72 85 76 76 79 17 84 75 76 9 75 18 73 74 48 5 74 75 76 74 52 88 75 48 71 91 3 73 41 75
split_gain=2504.1 2906.34 3785.87 3536.58 6631.81 4791.59 4164.34 4073.49 3462.87 3419.89 3387.73 4540.77 4238.02 3991.51 3102.31 3029.75 2975.78 2867.28 2782.4 2753.38 2689.12 2612.06 2589.47 2585.97 3037.58 2556.28 2416.37 2412.79 2362.89 2499.04
threshold=32.093299865722663 2.3500000238418584 0 1 3.4500000476837163 24.849999427795414 1.0000000180025095e-35 2 3 -13.050000190734862 4 3.4500000476837163 140.63999938964847 1099.0000000000002 4.4500000476837167 22.150000572204593 692.50000000000011 5 6 531.00000000000011 2.5499999523162846 4.4500000476837167 7 0.75000000000000011 1.7500000000000002 3.1499999761581425 3.2500000000000004 144.7174987792969 1.0000000180025095e-35 8
decision_type=2 10 1 1 10 8 10 1 1 8 1 10 2 2 10 8 2 1 1 2 10 10 1 8 10 10 8 2 8 1
left_child=26 3 -3 4 10 6 7 8 22 -10 -2 17 13 21 20 -7 23 -12 -8 27 -11 28 -5 -4 -25 -6 -1 -14 -13 -30
right_child=1 2 16 5 25 15 18 -9 9 14 11 12 19 -15 -16 -17 -18 -19 -20 -21 -22 -23 -24 24 -26 -27 -28 -29 29 -31
leaf_value=0.069644755964216196 -0.010608073716453611 0.0049851363541907967 0.015172810967769484 0.025965397368958407 -0.010519447324403658 -0.088749362966107886 0.023980690456230205 0.0012900864514805356 -0.096704337632373516 -0.0087062246256013626 0.018250155555566597 0.0093703634728764997 -0.0014620904621481692 -0.058152263453019284 0.01386076524854999 -0.016319666542096881 -0.039937920212345566 0.055488986863962197 0.0010006851944185046 -0.066328215826323367 -0.025471955705734635 -0.025226159189793981 -0.0033017504093101877 -0.018731888577140126 -0.0045711149431397601 -0.046612477452890648 0.0072613125323311087 -0.049871545950442603 -0.013737901648740523 0.037325932450020381
leaf_weight=6332 105807 268418 46874 40128 74575 6026 108260 1238048 4836 264004 91998 743317 230574 8652 41616 138816 29518 26677 102650 7212 150037 20393 122473 222523 474464 26630 319729 10777 11515 57121
leaf_count=6332 105807 268418 46874 40128 74575 6026 108260 1238048 4836 264004 91998 743317 230574 8652 41616 138816 29518 26677 102650 7212 150037 20393 122473 222523 474464 26630 319729 10777 11515 57121
internal_value=-1.36461e-07 -0.00059122 -0.00524731 0.000744274 0.00464967 -0.00174891 -0.000519743 -0.00202889 -0.00862337 -0.0130532 0.00654945 0.00805198 0.00602883 0.00941943 -0.0121657 -0.019333 -0.00879865 0.0266273 0.0127975 -0.00544307 -0.0147817 0.0101218 0.00392219 -0.0075631 -0.00909214 -0.0200166 0.00847278 -0.00362371 0.0110096 0.0287624
internal_weight=5e+06 4.67394e+06 1.0418e+06 3.63214e+06 1.41525e+06 2.21689e+06 2.07205e+06 1.86114e+06 623094 460493 1.31404e+06 1.20824e+06 1.08956e+06 840998 455657 144842 773379 118675 210910 248563 414041 832346 162601 743861 696987 101205 326061 241351 811953 68636
internal_count=5000000 4673939 1041797 3632142 1415248 2216894 2072052 1861142 623094 460493 1314043 1208236 1089561 840998 455657 144842 773379 118675 210910 248563 414041 832346 162601 743861 696987 101205 326061 241351 811953 68636
cat_boundaries=0 1 2 3 4 5 6 7 8 9
cat_threshold=16515075 4088 30 12294 2 6148 1044480 16 6148
is_linear=0
shrinkage=0.1


Tree=120
num_leaves=31
num_cat=7
split_feature=0 18 14 0 80 23 18 11 76 17 86 67 87 76 12 73 72 76 86 76 0 21 12 73 76 0 2 76 18 76
split_gain=2578.13 4237.07 4006.66 2702.42 2593.04 3460.14 3176.99 4828.47 7004.89 4475.49 4074.06 3490.88 3557.43 3369.99 3230.74 3149.49 3003.54 3779.12 3611.68 3010.74 2959.3 3696.09 2939.64 2775.85 2733.75 2731.51 5858.22 2726.73 2693.85 2663.83
threshold=29.750000000000004 28.349999427795414 28.050000190734867 21.250000000000004 23.050000190734867 23.650000572204593 17.050000190734867 17.44999980926514 0 19.650000572204593 17.349999427795414 1.4499999880790713 1.0000000180025095e-35 1 15.34999990463257 134.16084289550784 36.37919998168946 2 -8.0500001907348615 3 15.050000190734865 17.650000572204593 26.150000572204593 137.88999938964847 4 13.050000190734865 11.650000095367433 5 21.150000572204593 6
decision_type=2 10 8 2 10 10 10 8 1 10 10 10 8 1 10 2 2 1 8 1 2 8 10 2 1 2 8 1 8 1
left_child=1 4 3 -3 6 -6 10 8 9 14 11 12 16 22 -8 -10 19 -18 -19 23 21 -15 -9 -1 -14 29 -27 -12 -22 -17
right_child=-2 2 -4 -5 5 -7 7 13 15 -11 27 -13 24 20 -16 25 17 18 -20 -21 28 -23 -24 -25 -26 26 -28 -29 -30 -31
leaf_value=0.0009973453526128035 0.013900852743256331 -0.095787228607273817 -0.0043040514257768102 -0.028813841570255645 0.021127746117573388 0.0010133791677127732 -0.06623754225557256 0.0053887710594335185 0.011930433608445559 -0.091464986123866637 0.0093695639022628417 0.0035305251618145436 0.028830936990384193 -0.010340683713942617 -0.016229100561527276 -0.019136390269397466 -0.012195851953973429 -0.043801079435791888 0.006922383638413571 -0.013401821083729804 0.0039423126881114037 -0.081068082446687173 0.04064890185374536 0.061446705591288668 0.00070169021171926976 0.055098325154888363 -0.013963162087800192 0.038948536967049245 -0.0081517846202124791 -0.07463759109628948
leaf_weight=39104 129951 6762 109471 55270 133053 239406 17752 200630 65606 14388 152464 1544806 54242 22809 47447 27359 188500 14580 377303 477939 321835 10929 26803 9428 95147 13671 120951 39171 430572 12651
leaf_count=39104 129951 6762 109471 55270 133053 239406 17752 200630 65606 14388 152464 1544806 54242 22809 47447 27359 188500 14580 377303 477939 321835 10929 26803 9428 95147 13671 120951 39171 430572 12651
internal_value=-9.46826e-08 -0.000371024 -0.0158098 -0.0361145 0.000192511 0.00819881 -0.0004968 -0.00455665 -0.0152693 -0.0409798 0.00131208 0.00034701 -0.00356777 -0.00117638 -0.0298451 -0.00674982 -0.00552276 -0.000561394 0.00503509 -0.0109922 -0.00427779 -0.0332519 0.00954376 0.0127378 0.0109172 -0.013768 -0.0069499 0.0154182 -0.00297865 -0.0367091
internal_weight=5e+06 4.87005e+06 171503 62032 4.69855e+06 372459 4.32609e+06 1.3334e+06 319825 79587 2.99268e+06 2.80105e+06 1.25624e+06 1.01358e+06 65199 240238 1.10685e+06 580383 391883 526471 786145 33738 227433 48532 149389 174632 134622 191635 752407 40010
internal_count=5000000 4870049 171503 62032 4698546 372459 4326087 1333403 319825 79587 2992684 2801049 1256243 1013578 65199 240238 1106854 580383 391883 526471 786145 33738 227433 48532 149389 174632 134622 191635 752407 40010
cat_boundaries=0 1 2 3 4 5 6 7
cat_threshold=1032255 240 130912 1952 1044480 2095105 7360
is_linear=0
shrinkage=0.1


Tree=121
num_leaves=31
num_cat=7
split_feature=23 0 83 89 18 75 91 58 76 72 48 76 88 11 90 72 74 17 48 52 8 48 75 76 75 74 76 48 48 74
split_gain=2482.63 3725 2621.67 2487.35 3851 3219.43 2984 3051.71 5214.4 3177.07 3154.08 2942.76 6489.25 4403.71 3842.9 3784.23 4014.06 3920.67 3733.18 4568.87 5780.9 3685.95 3520.42 3361.5 3228.27 3191.01 3158.8 2935.2 2834.41 2811.16
threshold=-8.5500001907348615 -8.6500000953674299 -7.8500001430511466 26.150000572204593 26.750000000000004 0 2.2500000000000004 2.5499999523162846 1 44.350849151611335 0.84999999403953563 2 4.4500000476837167 24.750000000000004 1.0000000180025095e-35 37.649148941040046 531.00000000000011 5.0499999523162851 4.4500000476837167 2.7500000000000004 1.8499999642372134 2.4500000476837163 3 4 5 291.50000000000006 6 6.9500000476837167 5.9500000476837167 1099.0000000000002
decision_type=8 2 10 10 10 1 10 10 1 2 8 1 10 10 10 2 2 10 10 10 8 8 1 1 1 2 1 8 10 2
left_child=-1 2 -2 4 6 -6 11 10 27 -10 -8 12 13 15 18 17 28 24 19 20 26 -21 25 -16 -3 -19 -13 -9 -17 -24
right_child=1 3 -4 -5 5 -7 7 8 9 -11 -12 14 -14 -15 23 16 -18 22 -20 21 -22 -23 29 -25 -26 -27 -28 -29 -30 -31
leaf_value=0.019844620864893425 -0.049063451246887095 0.023563807137954793 0.026725864636552528 0.00868800478926233 -0.0077935394697771238 -0.038980666960494043 0.008849933898512399 -0.0066303476703301212 0.0069391058788974827 0.047718502701212299 -0.011840469598265764 -0.039398626454450636 -0.029457955721831932 0.037535544758799236 -0.002839675162432186 0.0015336693022441259 -0.05384128777202199 -0.002808333111675834 0.013326301378142925 -0.020934176400334546 0.0019063534829516363 -0.00182229109747983 0.011680681748442945 0.022204882150815612 0.083627519547443283 -0.056215619362141866 -0.0090515206920953693 -0.043055025751698055 -0.047148408106987588 -0.048661271489675764
leaf_weight=62256 24832 62330 5592 306541 201257 39610 85302 133997 266549 20580 540656 49214 50842 45507 91855 375744 14368 80005 143216 233467 1148162 177734 528396 128655 10446 13006 113195 26498 12353 7835
leaf_count=62256 24832 62330 5592 306541 201257 39610 85302 133997 266549 20580 540656 49214 50842 45507 91855 375744 14368 80005 143216 233467 1148162 177734 528396 128655 10446 13006 113195 26498 12353 7835
internal_value=-9.35195e-08 -0.000250299 -0.0351332 -3.40352e-05 -0.000615168 -0.0129241 6.48511e-05 -0.00451234 0.00179244 0.00986163 -0.0090209 0.00156013 0.00550364 0.00704937 -0.000710566 0.00579327 -0.00193743 0.0102253 -0.00218662 -0.00347697 -0.000591523 -0.0126734 0.00768376 0.0117733 0.0321999 -0.0102753 -0.0182504 -0.0126433 -1.58652e-05 0.0107988
internal_weight=5e+06 4.93774e+06 30424 4.90732e+06 4.60078e+06 240867 4.35991e+06 1.07358e+06 447624 287129 625958 3.28633e+06 1.20083e+06 1.14999e+06 2.0855e+06 1.10448e+06 402465 702018 1.86499e+06 1.72177e+06 1.31057e+06 411201 629242 220510 72776 93011 162409 160495 388097 536231
internal_count=5000000 4937744 30424 4907320 4600779 240867 4359912 1073582 447624 287129 625958 3286330 1200832 1149990 2085498 1104483 402465 702018 1864988 1721772 1310571 411201 629242 220510 72776 93011 162409 160495 388097 536231
cat_boundaries=0 1 2 3 4 5 6 7
cat_threshold=896 4092 4088 6 14680071 4102 114688
is_linear=0
shrinkage=0.1


Tree=122
num_leaves=31
num_cat=8
split_feature=17 86 0 12 88 76 48 72 75 18 77 80 76 75 73 86 3 18 76 18 9 75 76 10 89 2 83 83 75 7
split_gain=2445.43 4759.6 4433.42 4851.25 4260.91 4696.58 2883.83 2839.02 2759.64 2729.76 4631.09 3923.56 3760.71 6204.83 3512.9 2839.3 4981.82 3113.11 2855.25 3230.01 2949.36 3748.76 4313.44 2852.03 2630.06 2617.15 4491.78 2830.56 2708.3 5236.25
threshold=1.2500000000000002 4.4500000476837167 8.4499998092651385 -0.15000000223517415 2.8500000238418584 0 1.8499999642372134 40.239200592041023 1 12.449999809265138 13.84999990463257 15.550000190734865 2 3 129.87249755859378 19.750000000000004 21.650000572204593 23.94999980926514 4 24.750000000000004 17.250000000000004 5 6 25.550000190734867 14.650000095367433 10.84999990463257 10.250000000000002 8.6500000953674334 7 7.4500000476837167
decision_type=10 8 2 10 8 1 8 2 1 8 8 10 1 1 2 8 10 8 1 10 8 1 1 10 10 10 8 10 1 8
left_child=2 4 -1 8 6 7 -2 -6 -4 11 -11 12 13 -3 -14 16 17 -12 -17 20 21 22 -20 -21 25 27 -27 -16 -28 -30
right_child=1 9 3 -5 5 -7 -8 -9 -10 10 15 -13 14 -15 24 18 -18 -19 19 23 -22 -23 -24 -25 -26 26 28 -29 29 -31
leaf_value=0.0037077113775109438 -0.013792400835357264 -0.0034651096754398335 0.11751805834301816 0.086742469096969851 -0.038446048609519605 -0.0090123830645944814 0.0071415243407574177 -0.096902597450378672 -0.0055678722597967238 -0.014976786017398777 -0.0017063769530726554 0.025010931820327233 0.051192728352136452 0.026201527977088204 -0.0029625040315992383 0.0092355583223505712 -0.039569460936142629 -0.028513170885461826 0.017251638040404846 -0.019063785682703459 0.005577318490400795 -0.020514585112601409 -0.020303281720755781 -0.0014367807598123258 0.015958387120296399 -0.040703213951545601 -0.017803195313746446 0.015385730687502231 -0.039651366505634743 0.012387346921530051
leaf_weight=682410 182671 131141 2040 13716 24129 39868 102862 12671 16341 238449 569563 83001 12806 152458 378468 391030 41427 46888 88242 148674 771993 111879 46794 239908 77713 43083 104292 108091 23281 114111
leaf_count=682410 182671 131141 2040 13716 24129 39868 102862 12671 16341 238449 569563 83001 12806 152458 378468 391030 41427 46888 88242 148674 771993 111879 46794 239908 77713 43083 104292 108091 23281 114111
internal_value=-7.79055e-08 -0.000903093 0.00541606 0.041737 -0.0118713 -0.0328026 -0.00625105 -0.0585579 0.00815362 0.000109498 -0.00167143 0.00401634 0.00249503 0.0124835 -0.000791922 -0.000379849 -0.0060012 -0.00374533 0.00167638 -0.000423782 0.00253459 -0.00697868 0.0042372 -0.00818099 -0.00157601 -0.00334265 -0.0109567 0.00111363 -0.00565408 0.00356916
internal_weight=5e+06 4.28549e+06 714507 32097 362201 76668 285533 36800 18381 3.92329e+06 2.69485e+06 1.22844e+06 1.14544e+06 283599 861845 2.4564e+06 657878 616451 1.79852e+06 1.40749e+06 1.01891e+06 246915 135036 388582 849039 771326 284767 486559 241684 137392
internal_count=5000000 4285493 714507 32097 362201 76668 285533 36800 18381 3923292 2694847 1228445 1145444 283599 861845 2456398 657878 616451 1798520 1407490 1018908 246915 135036 388582 849039 771326 284767 486559 241684 137392
cat_boundaries=0 1 2 3 4 5 6 7 8
cat_threshold=2040 2944 1020 4166 1984 242 15759393 56
is_linear=0
shrinkage=0.1


Tree=123
num_leaves=31
num_cat=4
split_feature=0 18 0 76 4 18 88 79 82 74 48 17 80 82 76 75 76 3 0 17 83 67 86 72 73 14 89 85 10 0
split_gain=2442.18 2433.34 2856.86 5640.56 4309.84 3822.2 2744.69 3345.29 3465.43 3087.79 2960.78 2835.85 8910.83 3432.62 3457.03 3173.03 5855.52 3785.01 3634.65 3621.57 2876.26 2772.04 2849.11 2752.41 2800.23 2720.5 2882.13 2550.89 2476.3 2308.44
threshold=34.049999237060554 28.94999980926514 24.750000000000004 0 25.94999980926514 20.44999980926514 0.75000000000000011 0.94999998807907116 0.84999999403953563 733.00000000000011 1.8499999642372134 8.0500001907348651 6.4500000476837167 2.5499999523162846 1 2 3 16.349999427795414 19.250000000000004 20.750000000000004 16.250000000000004 6.5499999523162851 13.750000000000002 36.241651535034187 137.86834716796878 30.849999427795414 23.94999980926514 2.3500000238418584 24.250000000000004 21.750000000000004
decision_type=2 10 2 1 8 10 8 8 8 2 10 10 8 8 1 1 1 8 2 8 8 10 10 2 2 8 8 8 8 2
left_child=1 2 4 -4 6 -5 10 -8 -9 11 -1 21 13 -13 -15 16 -14 18 19 -17 -19 22 -10 24 -18 26 -3 -11 -7 -6
right_child=-2 25 3 5 29 28 7 8 9 27 -12 12 15 14 -16 17 23 20 -20 -21 -22 -23 -24 -25 -26 -27 -28 -29 -30 -31
leaf_value=0.0020653385557666748 0.050365343662100728 -0.056547930807954283 0.031652470823924493 0.028077447646878962 -0.057483079797847926 -0.010784075739809754 0.0063086412079649649 0.006701575760495313 -0.001278143934186275 -0.0042174578503931517 0.017813573355768095 -0.023587088198311384 0.0022524872187911823 -0.096416122888089054 -0.017027583286962935 0.0095540528626158732 -0.017322772663997222 -0.030858745129728478 0.045406086106278803 -0.023445621739719449 -0.0032703207772868561 0.022385925533431661 0.027314617479936257 -0.032312201560687419 0.009856510057617781 0.0082613317473397858 -0.013312592032553847 -0.039315064518913534 0.0058366719436596833 -0.014999153467281418
leaf_weight=485039 9609 18015 80726 52624 15814 147725 514591 367806 930175 39472 158360 38940 241139 17104 8097 256134 217519 40487 24435 38219 567250 57541 36206 96702 45907 48974 106965 43561 227979 66885
leaf_count=485039 9609 18015 80726 52624 15814 147725 514591 367806 930175 39472 158360 38940 241139 17104 8097 256134 217519 40487 24435 38219 567250 57541 36206 96702 45907 48974 106965 43561 227979 66885
internal_value=-5.14012e-08 -9.703e-05 0.000322621 0.00740708 -0.000514632 0.0028368 -7.20675e-05 -0.00115243 -0.0024044 -0.00364537 0.00594146 -0.00304274 -0.00568336 -0.0421975 -0.0709539 -0.00415039 -0.00980749 -0.000479119 0.00834582 0.00526935 -0.00510824 0.00106274 -0.0002069 -0.0178826 -0.0125863 -0.0117163 -0.0195447 -0.0226305 -0.000698526 -0.0231231
internal_weight=5e+06 4.99039e+06 4.81644e+06 509054 4.30738e+06 428328 4.22468e+06 3.58128e+06 3.06669e+06 2.69889e+06 643399 2.61586e+06 1.59193e+06 64141 25201 1.52779e+06 601267 926525 318788 294353 607737 1.02392e+06 966381 360128 263426 173954 124980 83033 375704 82699
internal_count=5000000 4990391 4816437 509054 4307383 428328 4224684 3581285 3066694 2698888 643399 2615855 1591933 64141 25201 1527792 601267 926525 318788 294353 607737 1023922 966381 360128 263426 173954 124980 83033 375704 82699
cat_boundaries=0 1 2 3 4
cat_threshold=4064 2044 7182 16646624
is_linear=0
shrinkage=0.1


Tree=124
num_leaves=31
num_cat=7
split_feature=86 18 80 0 3 76 83 11 17 23 23 80 1 86 71 1 75 9 75 76 76 0 73 18 76 76 0 17 48 72
split_gain=2199.95 3286.22 4104.39 3976.23 5974.6 5604.27 3851.85 3391.71 3365.03 3321.94 3193.96 5658.22 4290.77 3742.08 3753.96 3676.77 3081.84 2987.64 2863.54 2846.43 2790.64 3588.77 2838.61 2758.75 2698.8 2645.3 3911.42 3600.76 3454.15 2776.56
threshold=28.150000572204593 20.44999980926514 16.94999980926514 21.650000572204593 23.050000190734867 0 16.849999427795414 18.750000000000004 15.650000095367433 15.550000190734865 12.250000000000002 10.84999990463257 10.050000190734865 11.050000190734865 1.0500000119209292 7.8500001430511483 1 13.949999809265138 2 3 4 11.050000190734865 141.20420074462893 3.8500000238418584 5 6 20.750000000000004 22.650000572204593 3.5499999523162846 34.80999946594239
decision_type=10 10 8 2 10 1 10 8 8 8 8 10 8 10 8 8 1 10 1 1 1 2 2 10 1 1 2 10 8 2
left_child=1 3 24 4 6 -5 10 8 -7 -8 11 13 -13 14 23 -15 -9 -11 19 -12 21 -20 -22 -1 -3 28 27 -27 -4 -28
right_child=-2 2 25 5 -6 7 9 16 -10 17 18 12 -14 15 -16 -17 -18 -19 20 -21 22 -23 -24 -25 -26 26 29 -29 -30 -31
leaf_value=-0.00085056986387673492 0.011651349037577188 -0.016321264231011934 0.0035028133548715232 0.1084641381859217 -0.035459459785395983 0.024332105558472386 0.029032576036989551 0.054933494371614017 -0.009792648267717018 -0.013983016482551203 0.02243440316856557 0.054953149946645019 0.012021125721225157 0.082643557350677313 0.0021742546662830028 0.012837402321518421 0.011493509199353174 0.011282999378235405 -0.07998520556057076 -0.0026092562809467094 -0.0056677943764133817 -0.016684822422206137 -0.034214360290436174 -0.014122000141877268 -0.059774637541359088 -0.026426313541907605 0.0017161884952137604 -0.11085186857320904 -0.017129961053351541 -0.014086452958721041
leaf_weight=323858 156965 55163 585316 6189 45983 44651 77792 28578 81900 60548 54579 27165 162754 8143 1280128 102804 38136 206131 12444 269146 404936 31957 38112 303336 19295 27875 212277 6170 94196 233473
leaf_count=323858 156965 55163 585316 6189 45983 44651 77792 28578 81900 60548 54579 27165 162754 8143 1280128 102804 38136 206131 12444 269146 404936 31957 38112 303336 19295 27875 212277 6170 94196 233473
internal_value=-6.21687e-08 -0.00037769 -0.00483305 0.0011453 0.000342544 0.014869 0.000831951 0.0118655 0.00224759 0.0108504 -0.000311022 0.00166025 0.0181619 0.000107445 -0.00093107 0.0179609 0.0301117 0.00554649 -0.00567724 0.00161359 -0.010519 -0.0344179 -0.00812325 -0.00726916 -0.027592 -0.00337133 -0.00905595 -0.0417268 0.000642627 -0.00656085
internal_weight=5e+06 4.84304e+06 1.23376e+06 3.60927e+06 3.40982e+06 199454 3.36383e+06 193265 126551 344471 3.01936e+06 2.20819e+06 189919 2.01827e+06 1.90732e+06 110947 66714 266679 811174 323725 487449 44401 443048 627194 74458 1.15931e+06 479795 34045 679512 445750
internal_count=5000000 4843035 1233765 3609270 3409816 199454 3363833 193265 126551 344471 3019362 2208188 189919 2018269 1907322 110947 66714 266679 811174 323725 487449 44401 443048 627194 74458 1159307 479795 34045 679512 445750
cat_boundaries=0 1 2 3 4 5 6 7
cat_threshold=2036 7936 992 4216 14 3320 4094
is_linear=0
shrinkage=0.1


Tree=125
num_leaves=31
num_cat=6
split_feature=74 88 83 73 17 0 76 13 76 48 78 76 75 28 81 78 90 17 72 72 25 76 72 23 75 46 11 0 3 83
split_gain=2210.79 3455.15 2264.56 2178.18 2168.12 3423.24 4157.93 2501.72 2411.36 9711.53 4262.38 3987.06 3578.53 3830.53 5020.96 4998.7 4206.74 4059.98 3816.77 4304.69 2808 3566.07 3027.78 2790.01 2772.12 2348.84 2327.61 2306.96 3379.14 2292.88
threshold=249.50000000000003 0.84999999403953563 -6.9500000476837149 131.03749847412112 25.650000572204593 25.250000000000004 0 25.050000190734867 1 5.6499998569488534 1.0000000180025095e-35 2 3 1.0000000180025095e-35 1.0000000180025095e-35 1.0000000180025095e-35 1.0000000180025095e-35 5.4500000476837167 40.670848846435554 42.731649398803718 1.0000000180025095e-35 4 44.050001144409187 17.849999427795414 5 1.0000000180025095e-35 16.94999980926514 19.250000000000004 18.44999980926514 2.8500000238418584
decision_type=2 10 8 2 10 2 1 8 1 10 8 1 1 10 10 10 10 10 2 2 10 1 2 8 1 10 10 2 8 10
left_child=2 3 -1 -2 5 8 -7 27 9 12 20 -12 -4 14 15 16 17 29 24 -20 22 -22 25 -24 -19 -10 -21 -6 -29 -14
right_child=1 -3 4 -5 7 6 -8 -9 10 -11 11 -13 13 -15 -16 -17 -18 18 19 26 21 -23 23 -25 -26 -27 -28 28 -30 -31
leaf_value=-0.019108599425123777 0.035084785546058601 -0.011210156415502453 0.020410391654074017 -0.00052416443993596139 -0.061490222217884798 0.0050312006857161804 0.034384943638891628 -0.0014248037429773056 -0.0021985354509903971 -0.036947520233521582 -0.0017046144889504939 0.022329345460486368 0.029489797769232069 -0.021556670769296859 -0.033104114102186805 -0.055007817004577714 -0.055720653132206026 -0.0033725812246031628 -0.052472454187923769 -0.010061681459570994 -0.0091237117330291769 0.033662813498736587 0.020994336376452163 -0.020285882026964359 0.019739158927008695 -0.014420003045218024 0.044525167134230333 0.049868421469103419 -0.020755723344499738 0.099307068893873807
leaf_weight=54618 17636 411619 205328 661685 11727 154891 70091 358662 1776418 48558 125631 153188 74257 49860 28379 11399 8947 70074 19701 28784 32408 48815 91901 19922 200088 172529 10721 7505 69636 5022
leaf_count=54618 17636 411619 205328 661685 11727 154891 70091 358662 1776418 48558 125631 153188 74257 49860 28379 11399 8947 70074 19701 28784 32408 48815 91901 19922 200088 172529 10721 7505 69636 5022
internal_value=-3.22303e-08 -0.00398041 0.00111081 0.000400287 0.00139732 0.00225691 0.0141778 -0.00514647 0.00141403 0.00632353 -0.00012957 0.0115008 0.00927236 0.00476317 0.00763251 0.0103273 0.0121108 0.0135959 0.00870571 -0.0142894 -0.00164347 0.016594 -0.00236228 0.01364 0.0137451 -0.00328043 0.00475228 -0.0201668 -0.0138847 0.0339124
internal_weight=5e+06 1.09094e+06 3.90906e+06 679321 3.85444e+06 3.40691e+06 224982 447530 3.18193e+06 761118 2.42081e+06 278819 712560 507232 457372 428993 417594 408647 329368 59206 2.14199e+06 81223 2.06077e+06 111823 270162 1.94895e+06 39505 88868 77141 79279
internal_count=5000000 1090940 3909060 679321 3854442 3406912 224982 447530 3181930 761118 2420812 278819 712560 507232 457372 428993 417594 408647 329368 59206 2141993 81223 2060770 111823 270162 1948947 39505 88868 77141 79279
cat_boundaries=0 1 2 3 4 5 6
cat_threshold=2088960 504 14681607 3840 12584455 134
is_linear=0
shrinkage=0.1


Tree=126
num_leaves=31
num_cat=7
split_feature=72 3 74 76 75 24 23 75 76 5 82 76 75 23 18 23 77 83 83 80 18 74 72 89 18 89 76 49 80 72
split_gain=2235.68 3251.37 3291.48 3109.46 4497.28 2673.93 2635.08 3049.87 3871.48 2793.03 2558.95 3272.57 4534.7 2423.54 2393.36 2251.63 2179.14 2167.76 2146.75 2121.83 2100.23 2260.75 2028.34 2022.82 2584.55 2019.17 1908.03 2096.46 1893.16 1859.82
threshold=41.927499771118171 -3.0499999523162837 94.000000000000014 0 1 1.0000000180025095e-35 -8.5500001907348615 2 3 20.650000572204593 2.1499999761581425 4 5 20.250000000000004 19.550000190734867 8.0500001907348651 14.050000190734865 -7.8500001430511466 -6.9500000476837149 10.650000095367433 12.84999990463257 514.00000000000011 36.436649322509773 27.849999427795414 29.349999427795414 1.0000000180025095e-35 6 6.3500001430511483 -6.0499999523162833 35.525800704956062
decision_type=2 8 2 1 1 2 8 1 1 8 10 1 1 10 8 10 8 10 8 10 10 2 2 10 10 8 1 10 10 2
left_child=1 -1 15 4 5 -2 17 8 -8 14 11 12 -4 -10 18 19 -16 28 -9 26 -14 -22 29 24 -17 -13 27 -3 -5 -23
right_child=3 2 10 6 -6 -7 7 9 13 -11 -12 25 20 -15 16 23 -18 -19 -20 -21 21 22 -24 -25 -26 -27 -28 -29 -30 -31
leaf_value=0.020168511618444698 0.045665777579702777 0.018984274768349255 -0.01770831954821522 -0.0062607247245344208 -0.0031029369029815772 -0.050244056969211637 -0.014331020354753199 -0.036479567420736166 0.012186935279175054 -0.057153432465552226 -0.01167668217401909 -0.022249442696008676 0.041042183619566477 -0.015726379556734286 -0.1164988580349071 0.0013163434917385277 -0.029870729319125724 0.049480370480976574 -0.0083955600218125898 0.03951885816419784 0.017480360358411173 -0.035235869216454101 -0.04647510132953353 0.013931323867589796 -0.01833512239978646 -0.0023003074406817065 0.0031828956678931898 -0.031963951912314242 0.076693358640799583 0.028967936896184345
leaf_weight=86811 36822 156527 49128 27336 78657 3156 133082 29340 179059 14141 267469 53075 29116 37644 3701 1538444 13481 14142 376427 21710 136899 6901 11180 119792 69970 1151728 329655 8516 3059 13032
leaf_count=86811 36822 156527 49128 27336 78657 3156 133082 29340 179059 14141 267469 53075 29116 37644 3701 1538444 13481 14142 376427 21710 136899 6901 11180 119792 69970 1151728 329655 8516 3059 13032
internal_value=-4.73895e-09 0.00102415 0.000604805 -0.00436589 0.0107787 0.0380848 -0.00652693 -0.00786637 -0.000906724 -0.0134356 -0.00268878 -0.00103206 0.009472 0.00733771 -0.0119742 0.00312645 -0.0485304 0.0171366 -0.0104262 0.00892045 0.0162464 0.0119503 -0.0123821 0.00139513 0.000461456 -0.0031791 0.00757762 0.0163544 0.0020879 0.00673995
internal_weight=5e+06 4.04995e+06 3.96314e+06 950047 118635 39978 831412 786875 349785 437090 1.71853e+06 1.45106e+06 246256 216703 422949 2.24461e+06 17182 44537 405767 516408 197128 168012 31113 1.72821e+06 1.60841e+06 1.2048e+06 494698 165043 30395 19933
internal_count=5000000 4049953 3963142 950047 118635 39978 831412 786875 349785 437090 1718528 1451059 246256 216703 422949 2244614 17182 44537 405767 516408 197128 168012 31113 1728206 1608414 1204803 494698 165043 30395 19933
cat_boundaries=0 1 2 3 4 5 6 7
cat_threshold=7 240 3968 130560 960 4102 8696
is_linear=0
shrinkage=0.1


Tree=127
num_leaves=31
num_cat=7
split_feature=17 80 82 12 17 76 73 76 73 80 81 17 77 0 76 49 74 2 89 10 77 83 76 17 75 76 0 87 79 76
split_gain=2238.66 4786.95 3423.75 3184.21 3083.06 2990.9 2707.49 6191.12 4855.11 3219 2933.15 2446.48 3662.14 3056.95 3623.42 2610.6 2348.08 2969.58 7375.43 3699.51 3607.07 2937.49 2393.64 2800.73 2689.11 2337.49 4200.52 2733.73 2317.67 4720.94
threshold=-4.8500001430511466 -2.7499999999999996 2.3500000238418584 21.650000572204593 2.2500000000000004 0 143.1683044433594 1 144.46170043945315 -13.749999999999998 1.0000000180025095e-35 2.2500000000000004 5.0499999523162851 10.650000095367433 2 4.2500000000000009 396.50000000000006 5.6499998569488534 8.0500001907348651 3.0499999523162846 6.6499998569488534 7.6499998569488534 3 5.0499999523162851 4 5 1.8499999642372134 1.0000000180025095e-35 2.7500000000000004 6
decision_type=10 8 8 10 10 1 2 1 2 8 8 8 8 2 1 8 2 8 10 8 10 10 1 8 1 1 2 8 8 1
left_child=3 2 5 6 -4 -2 9 -8 10 -1 -9 13 28 25 -15 -16 17 18 20 22 21 -14 23 -19 -24 26 -3 -27 -13 -30
right_child=1 11 4 -5 -6 -7 7 8 -10 -11 -12 12 16 14 15 -17 -18 19 -20 -21 -22 -23 24 -25 -26 27 -28 -29 29 -31
leaf_value=-0.061925538740543573 0.0065735404332560934 0.011322920040452695 -0.035512758634909859 0.23405905193015233 -0.12670337801013742 -0.034266282410740694 0.062169758511171958 -0.064618375498982791 0.027361315894290101 0.021265954032231263 0.044675890256858537 -0.0067207716822160523 -8.3717364613141083e-05 0.13784909659313122 0.0086554853058266861 0.11443365434120745 -0.0068767523343547243 -0.026137218033696827 0.066775065566311034 0.00056378064547308834 0.043750150378729584 0.05808725665956678 0.014077178153490261 -0.096620243462753927 -0.037661588511962385 -0.00071918451381529282 0.076836261056904498 0.022995529552472315 -0.053621140262722834 -0.00032202797172909282
leaf_weight=4839 47795 72589 32137 639 4191 28689 9329 22791 10713 119834 2752 205886 217354 3409 14824 2769 436881 21761 21766 3087311 23066 9042 24557 7609 16986 417544 11312 55014 34806 31805
leaf_count=4839 47795 72589 32137 639 4191 28689 9329 22791 10713 119834 2752 205886 217354 3409 14824 2769 436881 21761 21766 3087311 23066 9042 24557 7609 16986 417544 11312 55014 34806 31805
internal_value=-1.06553e-08 -0.000398066 -0.0207553 0.011248 -0.046033 -0.00874902 0.0104117 -0.010443 -0.029136 0.018037 -0.052843 8.88723e-05 -0.00076186 0.00618632 0.0436378 0.0252898 2.78356e-05 0.000907417 0.0109487 4.50723e-05 0.00607776 0.00223957 -0.0225377 -0.0443824 -0.00708161 0.00477282 0.0201534 0.00204158 -0.0119665 -0.0281803
internal_weight=5e+06 4.8291e+06 112812 170897 36328 76484 170258 45585 36256 124673 25543 4.71629e+06 4.13883e+06 577461 21002 17593 3.86633e+06 3.42945e+06 271228 3.15822e+06 249462 226396 70913 29370 41543 556459 83901 472558 272497 66611
internal_count=5000000 4829103 112812 170897 36328 76484 170258 45585 36256 124673 25543 4716291 4138830 577461 21002 17593 3866333 3429452 271228 3158224 249462 226396 70913 29370 41543 556459 83901 472558 272497 66611
cat_boundaries=0 1 2 3 4 5 6 7
cat_threshold=16372 2044 15730695 2064384 124 2032 4088
is_linear=0
shrinkage=0.1


Tree=128
num_leaves=31
num_cat=9
split_feature=80 17 12 0 3 76 70 76 50 48 89 72 76 73 72 76 75 3 75 76 76 75 15 40 28 13 17 24 9 24
split_gain=2076.46 3047.22 4632.46 3767.27 4993.86 4003.74 2962.02 2835.76 2712.03 3092.9 2744.87 2673.32 3799.86 3673.78 4470.83 4471.65 3450.7 3464.04 3295.99 3213.85 3177.36 2937.71 4578.6 2695.46 2540.99 2594.25 2935.74 2851.44 2538.29 2461.5
threshold=27.050000190734867 22.050000190734867 22.750000000000004 18.150000572204593 16.849999427795414 0 1.1500000357627871 1 1.9499999880790713 2.3500000238418584 -13.15000009536743 36.013349533081062 2 137.86834716796878 35.204200744628913 3 4 17.550000190734867 5 6 7 8 4.6499998569488534 1.0000000180025095e-35 1.0000000180025095e-35 9.0500001907348651 8.6500000953674334 1.0000000180025095e-35 21.349999427795414 1.0000000180025095e-35
decision_type=10 10 8 2 8 1 10 1 10 10 8 2 1 2 2 1 1 8 1 1 1 1 8 8 10 8 8 2 8 2
left_child=1 6 3 5 -5 -3 8 29 9 10 -1 13 21 20 19 23 -14 24 -17 -15 -8 -13 -23 -16 25 26 -18 -27 -9 -4
right_child=-2 2 7 4 -6 -7 11 28 -10 -11 -12 12 16 14 15 18 17 -19 -20 -21 -22 22 -24 -25 -26 27 -28 -29 -30 -31
leaf_value=-0.078840266185813315 0.01025925431473744 -0.024486008168974699 0.010517141262036168 0.034503322034790507 -0.01519052890278756 -0.084603622093663081 -0.0040463091392885222 -0.062393151192919362 -0.010142536124227353 -0.022406644239563824 0.0015849263664230156 0.0031709416048648384 0.012316839974520735 0.015310264078068828 0.026257162369841748 -0.033769768537489385 0.00094629493659918306 -0.027358237135819766 0.0085152292136400805 0.06298507163000161 0.0084647731531582796 -0.0018592044826716643 -0.02338121016919853 0.10736511537488724 -0.022116606299784094 0.02013587547848705 -0.051819091637305019 -0.047053488016428995 -0.0050792002674190026 -0.022745465024101779
leaf_weight=4263 189796 53387 229589 22698 185405 13980 319202 7882 375974 58887 933905 238715 339596 24865 42636 26273 233962 44984 61717 32840 557539 237887 169122 4533 39781 114822 11042 6684 393399 24635
leaf_count=4263 189796 53387 229589 22698 185405 13980 319202 7882 375974 58887 933905 238715 339596 24865 42636 26273 233962 44984 61717 32840 557539 237887 169122 4533 39781 114822 11042 6684 393399 24635
internal_value=9.37132e-09 -0.000404789 -0.00554255 -0.016424 -0.00977037 -0.0369778 0.000828221 -0.00096971 -0.00290505 -0.000175903 0.00121948 0.0028735 5.53678e-05 0.00665856 0.0191541 0.00920571 0.0047025 -0.00102764 -0.00411308 0.0424556 0.00390982 -0.00563634 -0.0108018 0.0340445 0.00188763 0.00449305 -0.00143177 0.0164398 -0.00620481 0.00729362
internal_weight=5e+06 4.8102e+06 930975 275470 208103 67367 3.87923e+06 655505 1.37303e+06 997055 938168 2.5062e+06 1.4366e+06 1.0696e+06 192864 135159 790871 451275 87990 57705 876741 645724 407009 47169 406291 366510 245004 121506 401281 254224
internal_count=5000000 4810204 930975 275470 208103 67367 3879229 655505 1373029 997055 938168 2506200 1436595 1069605 192864 135159 790871 451275 87990 57705 876741 645724 407009 47169 406291 366510 245004 121506 401281 254224
cat_boundaries=0 1 2 3 4 5 6 7 8 9
cat_threshold=1504 498 130816 4088 8064 4102 12599043 1015823 496
is_linear=0
shrinkage=0.1


Tree=129
num_leaves=31
num_cat=7
split_feature=0 23 0 3 18 76 75 0 89 23 17 75 72 76 47 77 37 23 18 0 11 76 75 83 76 23 72 83 2 89
split_gain=2020.67 2751.26 1931.83 3809.43 3474.62 3274.48 4092.97 2774.88 2599.97 3591.52 3137.71 5682.62 7395 4141.79 3945.25 3915.35 3603.39 3495.08 3336.25 2898.66 2879.62 2835.76 2632.88 2591.37 4031.53 3184.44 3373.26 2534.42 3264.26 4306.48
threshold=32.350000381469734 31.750000000000004 26.650000572204593 24.94999980926514 23.94999980926514 0 1 19.650000572204593 17.94999980926514 18.250000000000004 8.0500001907348651 2 42.385799407958991 3 1.0000000180025095e-35 2.4500000476837163 1.0000000180025095e-35 1.6500000357627871 11.250000000000002 4.8500001430511483 20.250000000000004 4 5 2.6499999761581425 6 -3.0499999523162837 41.927499771118171 12.050000190734865 14.949999809265138 14.949999809265138
decision_type=2 10 2 10 10 1 1 2 10 8 8 1 2 1 8 10 8 10 10 2 8 1 1 10 1 10 2 8 8 8
left_child=1 2 4 -4 8 6 -6 -7 10 -10 15 12 14 18 16 23 21 -17 -13 -18 -20 -12 -14 25 -25 -1 -27 -15 -29 -30
right_child=-2 -3 3 -5 5 7 -8 -9 9 -11 11 13 22 27 -16 17 19 -19 20 -21 -22 -23 -24 24 -26 26 -28 28 29 -31
leaf_value=0.0063450319852457488 0.024242820331144745 -0.031592040811493097 0.032803962815088065 0.0028488247292606122 0.0032164851070075676 -0.098833553277606373 -0.023652140528812381 -0.01871603500162098 0.018884019549293148 0.0019612469147163064 0.0042656548333909663 0.028782837475729042 -0.064423350627025214 -0.020973545928380945 -0.034708032993053771 0.030730060844525273 -0.11025735317353734 0.0065789640431350056 -0.0010980700913942741 -0.025630767412114175 0.016006020591563485 -0.0111134923864004 -0.22407013852054558 0.0402296313343148 0.0033274796080276173 -0.0026375510961691314 -0.019187323989941937 0.0093443253304599013 -0.035588841435492381 -0.003575677514294784
leaf_weight=247847 34147 27704 50107 277958 243271 4460 73913 140784 164792 524786 212920 62439 17168 83642 56265 70773 4514 390812 320406 39162 142080 274408 1094 33761 240044 464014 167659 171006 46803 411261
leaf_count=247847 34147 27704 50107 277958 243271 4460 73913 140784 164792 524786 212920 62439 17168 83642 56265 70773 4514 390812 320406 39162 142080 274408 1094 33761 240044 464014 167659 171006 46803 411261
internal_value=1.20711e-09 -0.000166701 9.60124e-06 0.00742402 -0.000518027 -0.00874005 -0.00304523 -0.0211747 0.000398657 0.00600537 -0.000719381 -0.00353893 -0.011477 0.000344964 -0.00952844 0.0024987 -0.00686042 0.010282 0.0070856 -0.0343771 0.00415647 -0.00439428 -0.0741451 -0.000616324 0.00787922 -0.00326109 -0.0070302 -0.00461966 -0.0024453 -0.00684664
internal_weight=5e+06 4.96585e+06 4.93815e+06 328065 4.61008e+06 462428 317184 145244 4.14766e+06 689578 3.45808e+06 1.84317e+06 605531 1.23764e+06 587269 1.61491e+06 531004 461585 524925 43676 462486 487328 18262 1.15332e+06 273805 879520 631673 712712 629070 458064
internal_count=5000000 4965853 4938149 328065 4610084 462428 317184 145244 4147656 689578 3458078 1843168 605531 1237637 587269 1614910 531004 461585 524925 43676 462486 487328 18262 1153325 273805 879520 631673 712712 629070 458064
cat_boundaries=0 1 2 3 4 5 6 7
cat_threshold=1020 3968 6158 6398 8326016 2056 1020
is_linear=0
shrinkage=0.1


Tree=130
num_leaves=31
num_cat=5
split_feature=24 69 18 0 80 76 76 0 23 23 4 49 86 67 76 76 48 26 81 25 51 0 30 58 72 76 48 88 18 11
split_gain=2007.68 2042.52 2810.66 3784.44 3447.37 2802.35 2782.17 2352.7 3330.73 2841.92 2392.56 2253.11 2632.26 2241.89 2260.4 2212.27 5416.89 4498.83 4622.66 4332.94 4164.26 3666.62 3236.95 3319.82 2600.93 2494.63 2435.78 2403.92 2333.55 2958.42
threshold=2.7500000000000004 0.84999999403953563 16.750000000000004 20.650000572204593 14.449999809265138 0 1 28.150000572204593 29.44999980926514 27.150000572204593 10.050000190734865 1.0500000119209292 -13.749999999999998 6.6499998569488534 2 3 5.5499999523162851 1.0000000180025095e-35 1.0000000180025095e-35 1.0000000180025095e-35 1.6500000357627871 2.8500000238418584 1.0000000180025095e-35 3.0499999523162846 45.113349914550788 4 1.9499999880790713 2.6499999761581425 3.6499999761581425 12.84999990463257
decision_type=2 10 10 2 8 1 1 2 8 8 8 10 8 8 1 1 10 10 10 10 8 2 10 10 2 1 8 10 10 10
left_child=1 11 3 13 5 -4 -5 8 10 -9 -6 12 -1 15 -15 16 17 18 19 20 28 -19 23 26 -17 -26 -22 -28 -3 -30
right_child=-2 2 4 6 7 -7 -8 9 -10 -11 -12 -13 -14 14 -16 24 -18 21 -20 -21 22 -23 -24 -25 25 -27 27 -29 29 -31
leaf_value=-0.095644603888565494 0.014606948805001567 0.028461244969528305 -0.0080534825486054656 0.022007869296876773 0.023616340837717058 -0.045178394449869735 0.11054276539472901 0.035189476056519446 -0.038368220292781724 0.003489043120330835 -0.0028655085658663704 -0.0082658891386075926 0.000668382805135194 0.032432715842412072 0.0044558729922019365 -0.00053969029834039742 -0.040412597598169647 -0.062960579563969138 -0.037298290766675922 -0.06162574300774936 0.026325623615378414 0.0036224990511759809 -0.033107393036108872 0.013157503692786732 -0.045632742454921264 0.048603133936036054 0.069808526758872891 0.014702177696212385 -0.0043963069123829634 0.032002426040665909
leaf_weight=2850 92358 44973 55685 59918 35145 32030 3765 33827 25853 172462 1165952 588637 654791 48544 71299 1518330 21757 14087 16676 6936 37698 20031 7480 47913 3307 18451 42871 9709 119187 27478
leaf_count=2850 92358 44973 55685 59918 35145 32030 3765 33827 25853 172462 1165952 588637 654791 48544 71299 1518330 21757 14087 16676 6936 37698 20031 7480 47913 3307 18451 42871 9709 119187 27478
internal_value=-5.33614e-08 -0.000274946 0.00091529 0.00325086 -0.00237151 -0.0216161 0.027263 -0.00119373 -0.00285503 0.00868724 -0.00209063 -0.00377167 0.000250994 0.00251452 0.0157913 0.00170143 0.00816453 0.0108402 0.0141212 0.0166121 0.0182209 -0.023869 0.030965 0.0344331 -4.77433e-05 0.0342816 0.0457246 0.059633 0.00853363 0.00242307
internal_weight=5e+06 4.90764e+06 3.66136e+06 2.14041e+06 1.52095e+06 87715 63683 1.43324e+06 1.22695e+06 206289 1.2011e+06 1.24628e+06 657641 2.07673e+06 119843 1.95688e+06 416796 395039 360921 344245 337309 34118 145671 138191 1.54009e+06 21758 90278 52580 191638 146665
internal_count=5000000 4907642 3661364 2140410 1520954 87715 63683 1433239 1226950 206289 1201097 1246278 657641 2076727 119843 1956884 416796 395039 360921 344245 337309 34118 145671 138191 1540088 21758 90278 52580 191638 146665
cat_boundaries=0 1 2 3 4 5
cat_threshold=6392 4190211 8384512 504 3584
is_linear=0
shrinkage=0.1


Tree=131
num_leaves=31
num_cat=10
split_feature=72 76 91 76 85 7 75 76 18 72 60 8 52 75 74 76 75 17 89 89 72 76 17 0 74 75 17 66 75 4
split_gain=1983.27 2913.3 2505.95 2974.33 4635.63 4619.51 3834.95 6246.97 4218.76 3700.1 3488.25 3196.04 3164.16 3598.45 3346.36 3077.86 4454.87 2929.85 6452.86 3134.04 2784.14 3995.48 2728.36 2455.42 2443.82 2403.85 2437.5 2353.95 2264.41 2981.58
threshold=30.90164947509766 0 2.2500000000000004 1 3.4500000476837163 -13.15000009536743 2 3 21.150000572204593 33.215848922729499 3.5499999523162846 20.349999427795414 1.9499999880790713 4 15.500000000000002 5 6 8.0500001907348651 4.6499998569488534 13.949999809265138 43.828350067138679 7 20.849999427795414 -2.1499999761581416 135.50000000000003 8 16.349999427795414 3.3500000238418584 9 17.94999980926514
decision_type=2 1 10 1 10 8 1 1 8 2 10 8 8 1 2 1 1 10 8 8 2 1 8 2 2 1 10 10 1 8
left_child=1 -1 3 4 9 -5 7 22 15 -2 12 -10 13 14 -11 16 -8 19 -19 20 27 -22 -7 -9 -15 26 -20 -4 29 -17
right_child=2 -3 17 5 -6 6 8 23 11 10 -12 -13 -14 24 -16 28 -18 18 25 -21 21 -23 -24 -25 -26 -27 -28 -29 -30 -31
leaf_value=-0.0034623320083903841 0.022132459866253309 0.021916599647461454 -0.0079394790064024456 -0.10539154480138729 -0.013156408520842267 0.0082629812066451046 0.018910930718292196 -0.040808981868522567 -0.052390816340153815 -0.010038125226886685 -0.0098166883882914169 -0.0056089528807780889 0.016906845847224093 0.0042151124914806314 0.013776373108963104 0.025382682820713251 -0.0088574309394645872 -0.061825835737243498 -0.013448492019767489 0.035944028204175908 -0.018119735048285176 0.040357357840824365 -0.0417179236814961 -0.012431934347724515 -0.01111014807427581 -0.0038973138601256108 -0.053210590081225577 0.010678030707068435 0.010576297175828244 -0.015427421186138985
leaf_weight=83750 130078 98336 266390 4270 137769 219013 73187 32976 15212 70312 151406 365078 226215 219962 366922 23504 274195 21797 111153 25754 17319 35884 11495 404860 197461 590811 17900 91151 640723 75117
leaf_count=83750 130078 98336 266390 4270 137769 219013 73187 32976 15212 70312 151406 365078 226215 219962 366922 23504 274195 21797 111153 25754 17319 35884 11495 404860 197461 590811 17900 91151 640723 75117
internal_value=-2.41876e-08 0.0102446 -0.000387206 0.000910338 0.00432433 -0.00148327 -0.0012755 -0.00755402 0.00158492 0.00609211 0.00439891 -0.00748028 0.00639019 0.00360659 0.00994651 0.00475721 -0.00300677 -0.00439579 -0.00822147 0.0021045 -1.72724e-05 0.0213257 0.00577028 -0.0145688 -0.00303439 -0.00659836 -0.0189621 -0.00319316 0.00840506 -0.00570071
internal_weight=5e+06 182086 4.81791e+06 3.63976e+06 1.50012e+06 2.13963e+06 2.13536e+06 668344 1.46702e+06 1.36236e+06 1.23228e+06 380290 1.08087e+06 854657 437234 1.08673e+06 347382 1.17816e+06 741661 436498 410744 53203 230508 437836 417423 719864 129053 357541 739344 98621
internal_count=5000000 182086 4817914 3639755 1500125 2139630 2135360 668344 1467016 1362356 1232278 380290 1080872 854657 437234 1086726 347382 1178159 741661 436498 410744 53203 230508 437836 417423 719864 129053 357541 739344 98621
cat_boundaries=0 1 2 3 4 5 6 7 8 9 10
cat_threshold=16159 16368 60 49166 492 49166 448 4088 6158 64
is_linear=0
shrinkage=0.1


Tree=132
num_leaves=31
num_cat=3
split_feature=18 83 23 17 75 77 72 12 76 18 23 0 2 18 28 76 83 1 17 77 29 16 57 37 46 0 11 2 8 3
split_gain=2049.5 2447.45 2903.18 2739.25 4688.6 3794.42 3393.45 3283.22 3533.11 3118.07 2966.43 2684.39 2799.46 2541.91 2400.28 2378.61 2369.58 5529.52 2467.41 4147.73 2352.32 2317.13 2293.1 2289.45 2274.34 2272.5 2882.22 2517.45 2264.41 2968.61
threshold=29.349999427795414 22.250000000000004 22.750000000000004 12.550000190734865 0 12.650000095367433 35.770000457763679 12.84999990463257 1 17.050000190734867 9.4499998092651385 6.2500000000000009 5.6499998569488534 17.44999980926514 1.0000000180025095e-35 2 6.4500000476837167 6.8500001430511483 -4.3500001430511466 -3.1499999761581416 1.0000000180025095e-35 30.94999980926514 2.1499999761581425 1.0000000180025095e-35 1.0000000180025095e-35 13.550000190734865 19.150000572204593 12.250000000000002 3.0499999523162846 11.250000000000002
decision_type=10 10 10 10 1 10 2 8 1 8 8 2 10 10 10 1 10 8 8 8 10 8 10 8 10 2 10 8 10 8
left_child=1 3 -3 5 7 16 24 8 -5 -9 -7 20 -13 -14 21 -11 18 -18 -1 23 22 -2 -8 -20 -6 26 -17 -27 -19 -30
right_child=14 2 -4 4 6 10 11 9 -10 15 -12 12 13 -15 -16 25 17 28 19 -21 -22 -23 -24 -25 -26 27 -28 -29 29 -31
leaf_value=0.0094814087663077778 -0.019890003477566136 0.017558516675128245 0.002098551631348949 -0.041438136794222029 -0.0046789842510733945 0.044555122983350029 -0.026455458983627386 0.0093494933591848489 -0.0032961941907404578 0.0082512863383470397 0.010040896447036325 0.055137446151828785 -0.013294267299080518 -0.05395747582450855 -0.071238406892553396 -0.060226855176955432 0.030775493677574029 -0.016770861856975763 -0.019226516817062424 -0.0013852815748455233 -0.1796491373660965 0.0054774573685307309 -0.096558146199142547 -0.075626498609647957 -0.03124154800705092 0.06028855182578291 -0.0018435028830707863 -0.003550952770869779 0.013801152167013825 -0.0038684334817601154
leaf_weight=187966 82214 165616 455652 39028 319195 29682 14043 324086 64286 190028 154640 4743 58680 20830 6423 16056 79531 55478 71497 1320578 1493 64068 6988 8003 35855 6224 17863 818864 187805 192585
leaf_count=187966 82214 165616 455652 39028 319195 29682 14043 324086 64286 190028 154640 4743 58680 20830 6423 16056 79531 55478 71497 1320578 1493 64068 6988 8003 35855 6224 17863 818864 187805 192585
internal_value=-1.0282e-08 0.000359339 0.00621983 -0.000502212 -0.00326819 0.00184121 -0.012062 -0.000517419 -0.0177091 0.000776081 0.0155988 -0.0276933 -0.0194952 -0.0239472 -0.0114068 -0.00187257 0.000635647 0.00652721 -0.00127646 -0.00272074 -0.058359 -0.00877967 -0.0497486 -0.0249041 -0.00736143 -0.00411219 -0.02948 -0.00306938 0.00210272 0.00485534
internal_weight=5e+06 4.8473e+06 621268 4.22603e+06 1.93826e+06 2.28776e+06 461827 1.47644e+06 103314 1.37312e+06 184322 106777 84253 79510 152705 1.04904e+06 2.10344e+06 515399 1.58804e+06 1.40008e+06 22524 146282 21031 79500 355050 859007 33919 825088 435868 380390
internal_count=5000000 4847295 621268 4226027 1938262 2287765 461827 1476435 103314 1373121 184322 106777 84253 79510 152705 1049035 2103443 515399 1588044 1400078 22524 146282 21031 79500 355050 859007 33919 825088 435868 380390
cat_boundaries=0 1 2 3
cat_threshold=2016 516158 224
is_linear=0
shrinkage=0.1


Tree=133
num_leaves=31
num_cat=8
split_feature=72 37 75 3 74 76 75 76 76 23 75 76 4 3 0 2 17 0 3 1 18 5 3 20 0 24 2 76 48 17
split_gain=1926.28 2736.95 3091.51 2576.36 2692.85 2444.55 3007.5 2231.08 2174.04 2138.05 2304.29 2926.73 2543.56 2274.3 2065.28 3857.09 2493.84 2163.72 3207.78 3059.48 2802.45 2185.65 2136.48 2089.03 2741.5 1989.28 1965.66 1941.34 2156.73 1936.13
threshold=41.927499771118171 1.0000000180025095e-35 0 -3.4500000476837154 94.000000000000014 1 2 3 4 -10.15000009536743 5 6 17.94999980926514 23.94999980926514 7.2500000000000009 6.2500000000000009 1.2500000000000002 13.34999990463257 16.050000190734867 12.84999990463257 13.650000095367433 25.050000190734867 9.0500001907348651 13.949999809265138 16.550000190734867 1.0000000180025095e-35 15.84999990463257 7 2.7500000000000004 5.0499999523162851
decision_type=2 8 1 8 2 1 1 1 1 8 1 1 8 10 2 8 10 2 10 10 10 8 10 8 2 2 10 1 8 8
left_child=3 5 -3 -1 -5 6 25 -4 14 -7 11 -11 27 -13 22 -16 -17 18 20 -19 -18 23 29 -21 -25 -2 -26 -12 -29 -6
right_child=1 2 7 4 8 9 -8 -9 -10 10 12 13 -14 -15 15 16 17 19 -20 21 -22 -23 -24 24 26 -27 -28 28 -30 -31
leaf_value=0.019545766735273123 0.040960856767181898 -0.0013564777820601656 -0.068960430375725829 0.0028898613877129317 0.0051950699749648832 0.022293071717922386 -0.00037839040335862128 -0.021659258130554845 -0.0050898500174123779 -0.013866296043473086 -0.00079235743725175481 0.0082016498559010966 -0.040119641103754405 -0.027645101476768793 0.057098974166635799 0.078174099155727025 0.010940631343275827 0.065432584880889377 -0.070792645894294348 0.037394218569492169 -0.024734099732760625 -0.0097778061303584931 -0.048314683350845808 -0.017024784569300455 0.044549714150495939 -0.04974729818517637 0.0089741668902280948 -0.02499490829042254 -0.0018730152592103992 -0.015064717310604887
leaf_weight=73163 34660 38599 16680 2248562 108686 28802 71922 24854 1085192 108237 158504 247192 28076 19064 14347 4531 52266 8878 7835 25568 38051 69259 11314 38535 17164 2599 163263 105566 65292 83339
leaf_count=73163 34660 38599 16680 2248562 108686 28802 71922 24854 1085192 108237 158504 247192 28076 19064 14347 4531 52266 8878 7835 25568 38051 69259 11314 38535 17164 2599 163263 105566 65292 83339
internal_value=-1.65491e-08 -0.00405255 -0.0217371 0.000950636 0.000608532 -0.00242352 0.0115686 -0.0406674 -0.00235966 -0.00443178 -0.00548349 -1.67938e-06 -0.0112265 0.0056348 0.00224788 0.00610185 0.00438173 0.0035872 -0.00941391 0.007542 -0.00408931 0.00590411 -0.00608579 0.0103457 0.00718732 0.0346242 0.0123585 -0.00876393 -0.0161581 -0.00359769
internal_weight=5e+06 950047 80133 4.04995e+06 3.97679e+06 869914 109181 41534 1.72823e+06 760733 731931 374493 357438 266256 643036 439697 425350 420819 98152 322667 90317 313789 203339 244530 218962 37259 180427 329362 170858 192025
internal_count=5000000 950047 80133 4049953 3976790 869914 109181 41534 1728228 760733 731931 374493 357438 266256 643036 439697 425350 420819 98152 322667 90317 313789 203339 244530 218962 37259 180427 329362 170858 192025
cat_boundaries=0 1 2 3 4 5 6 7 8
cat_threshold=1008 7 240 4092 7866304 8064 64512 15760392
is_linear=0
shrinkage=0.1


Tree=134
num_leaves=31
num_cat=8
split_feature=77 23 89 17 86 76 48 9 0 24 76 2 86 80 9 75 89 83 18 77 76 3 76 17 0 2 76 10 75 76
split_gain=1865.03 2441.35 2808.53 2623.87 3025.44 2871.36 3602.6 3403.9 2597.41 2596.41 2566.02 2514.38 5080.05 3749.35 3292.22 2405.03 2359.77 2346.71 3665 3511.21 3394.28 3173.19 3528.5 3497.59 2749.81 7533.9 4806.1 4146.79 5759.77 2899.91
threshold=-13.15000009536743 -7.4500000476837149 -3.6499999761581416 1.0500000119209292 3.4500000476837163 0 3.6499999761581425 -4.8500001430511466 6.4500000476837167 1.0000000180025095e-35 1 3.8500000238418584 6.2500000000000009 6.4500000476837167 1.0500000119209292 2 6.4500000476837167 10.250000000000002 16.150000572204593 19.849999427795414 3 10.250000000000002 4 13.550000190734865 18.050000190734867 18.849999427795414 5 13.949999809265138 6 7
decision_type=8 8 8 10 8 1 10 8 2 2 1 8 10 10 8 1 10 8 8 8 1 10 1 10 2 10 1 10 1 1
left_child=-1 -2 -3 5 10 8 7 9 -4 -7 -5 12 13 16 -13 -9 -6 20 24 -20 -16 23 -23 -22 25 29 -26 -28 -29 -19
right_child=1 2 3 4 11 6 -8 15 -10 -11 -12 14 -14 -15 17 -17 -18 18 19 -21 21 22 -24 -25 26 -27 27 28 -30 -31
leaf_value=-0.040223119976890966 0.01792926740600714 -0.015427196230810286 0.016996164022561624 -0.043110404329413897 -0.0010046216612319375 -0.037134967472639675 0.023637227192377805 -0.0043092002482295532 0.094553304928499379 0.068965688035164924 -0.0077757933301425691 -0.024889717427134209 0.050132510762715493 0.059818884200758184 -0.032780897024079041 0.016185682720488877 0.047387454549727585 0.013478919975553054 -0.010137424330503172 0.00030492030876303329 0.0056651213196006016 0.011013945846716642 -0.028298094777601493 -0.023264575167158238 0.13333132073114193 -0.040000397050398769 0.00020522966234266579 0.011230657053601285 0.066057221898078902 0.0012720987012550785
leaf_weight=11501 75575 117935 128738 22265 190673 35227 66436 189619 4468 2468 266029 54693 27895 11685 45140 82014 10639 281614 397961 1687065 270232 30940 87094 49436 3449 38709 96639 54289 29615 629957
leaf_count=11501 75575 117935 128738 22265 190673 35227 66436 189619 4468 2468 266029 54693 27895 11685 45140 82014 10639 281614 397961 1687065 270232 30940 87094 49436 3449 38709 96639 54289 29615 629957
internal_value=-3.73203e-08 9.26971e-05 -0.000181681 0.00019329 -0.000612824 0.00698155 0.00250917 -0.00202853 0.0195961 -0.0301883 -0.0105065 0.00010065 0.0100046 0.00474929 -0.000534402 0.00187925 0.00155282 -0.000174592 0.000800453 -0.00168817 -0.00667561 -0.00398254 -0.0179948 0.0011912 0.00537506 0.00320852 0.0165648 0.0143259 0.0305916 0.00504335
internal_weight=5e+06 4.9885e+06 4.91292e+06 4.79499e+06 4.28602e+06 508970 375764 309328 133206 37695 288294 3.99772e+06 240892 212997 3.75683e+06 271633 201312 3.70214e+06 3.2193e+06 2.08503e+06 482842 437702 118034 319668 1.13427e+06 950280 183992 180543 83904 911571
internal_count=5000000 4988499 4912924 4794989 4286019 508970 375764 309328 133206 37695 288294 3997725 240892 212997 3756833 271633 201312 3702140 3219298 2085026 482842 437702 118034 319668 1134272 950280 183992 180543 83904 911571
cat_boundaries=0 1 2 3 4 5 6 7 8
cat_threshold=4083 1536 126 1792 252 2000 248 1966576
is_linear=0
shrinkage=0.1


Tree=135
num_leaves=31
num_cat=5
split_feature=18 0 76 5 19 0 83 89 18 75 80 17 2 66 81 76 76 23 12 17 76 7 12 11 0 2 18 10 72 73
split_gain=1857.09 2833.39 4748.4 4304.89 3671.66 2760.19 2587.04 2432.55 3012.03 3612.06 3323.3 2933.41 2855.01 2706.07 3254.55 2646.37 2560.31 2541.68 2497.37 3094.02 2397.01 3175.84 2347.07 2284.2 2253.68 2142.35 2074.45 2164.78 1931.72 2641.66
threshold=26.750000000000004 24.050000190734867 0 25.849999427795414 20.550000190734867 27.550000190734867 22.750000000000004 18.849999427795414 12.449999809265138 1 13.449999809265138 19.94999980926514 16.94999980926514 1.3499999642372134 1.0000000180025095e-35 2 3 9.8499999046325701 16.150000572204593 19.550000190734867 4 9.8499999046325701 28.050000190734867 21.44999980926514 20.550000190734867 -3.4500000476837154 20.94999980926514 22.349999427795414 36.559150695800788 138.8433532714844
decision_type=10 2 1 10 10 2 8 10 8 1 10 8 8 10 10 1 1 8 8 10 1 8 8 8 2 8 10 8 2 2
left_child=1 3 26 7 -4 -6 22 8 10 11 13 20 -9 14 28 18 -16 -12 -11 -20 21 -10 -2 -21 -5 -13 -3 -28 -1 -30
right_child=6 2 4 24 5 -7 -8 12 9 15 17 25 -14 -15 16 -17 -18 -19 19 23 -22 -23 -24 -25 -26 -27 27 -29 29 -31
leaf_value=-0.01078211379111515 -0.042562330931342901 0.013792028777846306 0.086697727969363036 -0.060697316956192529 0.011986869862817058 0.046237361122394099 -0.00365765917258407 0.032963299913199816 -0.068105250458825747 -0.010706567778475036 0.044702248678583585 -0.33271592898759994 0.0044823495204354656 0.0035686491038342677 0.038926575978157699 -0.0046740413362413502 0.0028260362268463096 0.0099369627191985971 0.033810769939338695 -0.0050068736934290384 -0.0048520258171545093 -0.0153532763887373 0.0084462689395086374 0.01838736838904351 -0.015747206822298347 -0.033241198163678987 -0.020048530765507666 0.0016272838035201334 0.028082755602913692 -0.0031554588483677496
leaf_weight=387518 33797 77769 7964 13417 151476 27856 329851 38001 13757 61670 26223 240 476892 1213720 28779 607555 61877 106183 50412 92290 289263 66966 12305 76194 66131 50951 67737 144073 29090 390043
leaf_count=387518 33797 77769 7964 13417 151476 27856 329851 38001 13757 61670 26223 240 476892 1213720 28779 607555 61877 106183 50412 92290 289263 66966 12305 76194 66131 50951 67737 144073 29090 390043
internal_value=-6.3262e-09 0.000549518 0.0078494 -0.000289881 0.0202565 0.0173071 -0.0067589 0.000160676 -0.000770299 -0.00458171 0.00145409 -0.0122087 0.00658435 0.000490184 -0.00367382 -0.000964572 0.0142909 0.0168222 0.00706802 0.012076 -0.00910475 -0.0243404 -0.0289477 0.00557277 -0.0233287 -0.0346452 -0.000176068 -0.00530466 -0.0056928 -0.000987365
internal_weight=5e+06 4.62405e+06 476875 4.14717e+06 187296 179332 375953 4.06762e+06 3.55273e+06 1.3093e+06 2.24343e+06 421177 514893 2.11103e+06 897307 888121 90656 132406 280566 218896 369986 80723 46102 168484 79548 51191 289579 211810 806651 419133
internal_count=5000000 4624047 476875 4147172 187296 179332 375953 4067624 3552731 1309298 2243433 421177 514893 2111027 897307 888121 90656 132406 280566 218896 369986 80723 46102 168484 79548 51191 289579 211810 806651 419133
cat_boundaries=0 1 2 3 4 5
cat_threshold=2088960 6174 248 520192 24606
is_linear=0
shrinkage=0.1


Tree=136
num_leaves=31
num_cat=5
split_feature=0 23 76 79 75 72 73 17 77 11 76 10 41 47 33 18 76 76 74 69 89 23 86 86 5 80 5 72 0 2
split_gain=1858.44 2656.33 1833.03 3747.22 2924.44 2474.86 2680.82 2395.66 2797.72 2613.82 2447.27 3355.11 2323.85 2191.84 2107.98 2158.45 2080.17 2079.95 1859.19 1855.96 1953.1 2196.85 3028.16 2569.15 2149.96 1910.71 1838.2 1810.3 1808.28 4012.03
threshold=31.150000572204593 31.44999980926514 0 5.4500000476837167 1 37.921701431274421 137.68579864501956 24.849999427795414 22.849999427795414 27.349999427795414 2 22.349999427795414 1.0000000180025095e-35 1.0000000180025095e-35 1.0000000180025095e-35 2.4500000476837163 3 4 18.500000000000004 4.7500000000000009 0.84999999403953563 0.65000000596046459 -5.8500001430511466 9.0500001907348651 -2.4500000476837154 3.8500000238418584 13.250000000000002 33.418348312377937 14.050000190734865 12.84999990463257
decision_type=2 10 1 10 1 2 2 10 10 10 1 8 10 8 8 8 1 1 2 10 8 8 8 8 10 10 10 2 2 8
left_child=1 2 3 4 -1 6 27 8 13 10 -9 -12 -8 18 15 -7 -11 -10 -4 20 24 22 -22 26 -20 -24 -23 -6 -17 -30
right_child=-2 -3 7 -5 5 14 12 9 17 16 11 -13 -14 -15 -16 28 -18 -19 19 -21 21 23 25 -25 -26 -27 -28 -29 29 -31
leaf_value=0.01629988922420161 0.016396030828211363 -0.034750004208033404 0.0041656323246463912 -0.035064157102209469 0.015823671402879283 0.014602212991277189 0.016984573307049444 -0.0057034576758314779 0.0022416189694693537 0.011201771103964909 -0.094714449627037706 -0.021656236197284701 0.076903128656149081 -0.0080392872693928457 -0.047918559765132734 -0.024864248072321106 -0.010627950709633202 0.020078691783915782 0.0012674528622984573 0.0084121217296488308 -0.034812755566695698 -0.0080732056140161278 0.0084140798222908497 -0.00038822863557376117 -0.018107457237439673 0.038842113296483398 -0.03719401924763293 -0.0062909599343164355 0.092047961010313373 -0.0092292680264232513
leaf_weight=201926 68188 22187 823738 22512 52789 38090 76496 127254 153741 94485 6713 98802 7071 372222 12780 55631 81120 113741 93366 180674 14735 312315 162362 1455063 148155 23642 23293 123887 4534 28488
leaf_count=201926 68188 22187 823738 22512 52789 38090 76496 127254 153741 94485 6713 98802 7071 372222 12780 55631 81120 113741 93366 180674 14735 312315 162362 1455063 148155 23642 23293 123887 4534 28488
internal_value=7.51602e-10 -0.000226693 -7.06796e-05 0.00499212 0.00649089 0.00153581 0.00729696 -0.000808124 -4.07742e-05 -0.00809326 -0.0150421 -0.0263018 0.0220546 -0.000772034 -0.00920996 -0.00530682 0.00111765 0.00982729 6.35378e-05 -0.00133646 -0.00212526 -0.00109529 0.00882472 -0.00220735 -0.0106176 0.0122816 -0.0100943 0.000316668 -0.0138608 0.00467634
internal_weight=5e+06 4.93181e+06 4.90962e+06 624204 601692 399766 260243 4.28542e+06 3.87705e+06 408374 232769 105515 83567 3.60956e+06 139523 126743 175605 267482 3.23734e+06 2.4136e+06 2.23293e+06 1.99141e+06 200739 1.79067e+06 241521 186004 335608 176676 88653 33022
internal_count=5000000 4931812 4909625 624204 601692 399766 260243 4285421 3877047 408374 232769 105515 83567 3609565 139523 126743 175605 267482 3237343 2413605 2232931 1991410 200739 1790671 241521 186004 335608 176676 88653 33022
cat_boundaries=0 1 2 3 4 5
cat_threshold=448 3840 7712 520252 1040432
is_linear=0
shrinkage=0.1


Tree=137
num_leaves=31
num_cat=8
split_feature=74 76 72 76 28 76 3 76 17 75 79 3 80 72 72 10 75 18 75 74 73 73 73 73 83 18 86 81 76 72
split_gain=1806.15 2003.84 1962.96 4623.93 4148.1 4546.52 4090.4 3267.44 3805.45 6256.01 3264.02 2986.63 4219.72 2916.52 3376.67 3269.26 2893.32 5094.58 4681.2 2866.56 3037.4 2762.91 2786.96 2604.88 2527.98 2508 2432.44 2329.3 3514.59 2515.89
threshold=907.50000000000011 0 37.846700668334968 1 1.0000000180025095e-35 2 -2.4500000476837154 3 5.0499999523162851 4 1.7500000000000002 -13.050000190734862 -13.749999999999998 30.90164947509766 36.902500152587898 -1.0500000119209287 5 16.750000000000004 6 428.00000000000006 137.504997253418 139.55834960937503 144.7174987792969 138.41335296630862 -13.249999999999998 17.94999980926514 1.4499999880790713 1.0000000180025095e-35 7 33.418348312377937
decision_type=2 1 2 1 8 1 10 1 8 1 10 8 10 2 2 8 1 10 1 2 2 2 2 2 10 10 10 10 1 2
left_child=2 -2 3 6 13 -6 -1 11 26 -10 -11 12 24 -5 15 23 19 18 -18 20 -8 -13 -23 -15 -4 -22 -9 29 -29 -17
right_child=1 -3 7 4 5 -7 16 8 9 10 -12 21 -14 14 -16 27 17 -19 -20 -21 25 22 -24 -25 -26 -27 -28 28 -30 -31
leaf_value=0.046068664926051883 -0.02840414761884081 -0.00032310717701390873 -0.13904484117452134 0.013214282264385825 -0.010512161499722554 0.021951331029671232 -0.0077411645594699478 -0.003117082378507466 -0.048248519738418871 -0.002585545421096539 -0.018203889651745887 0.032480836470031457 0.079843415460850345 -0.017810645857689638 0.0091798916848865649 -0.012906395790123634 0.092777309563734395 0.0050297238562327564 0.021151081882961331 -0.042873161878047343 0.024649040565925269 0.00038521534123079764 0.02910963271556535 -0.074857468031179139 0.03797336151032904 -0.18552227365156465 0.015595419871410368 -0.021933089445186561 0.023342908096870722 -0.0027168985662142293
leaf_weight=27087 46748 55675 4320 117136 60464 150542 136794 249777 42034 366157 210868 30264 1587 33728 201526 301176 9729 526909 145271 17296 45229 745759 35380 10495 992 575 96230 22995 67319 1239938
leaf_count=27087 46748 55675 4320 117136 60464 150542 136794 249777 42034 366157 210868 30264 1587 33728 201526 301176 9729 526909 145271 17296 45229 745759 35380 10495 992 575 96230 22995 67319 1239938
internal_value=7.37613e-09 -0.0131427 0.00027486 0.00178986 -0.000683882 0.0126494 0.00779203 -0.0023707 -0.00631217 -0.0110069 -0.00829297 0.00227772 -0.06324 -0.0020946 -0.00304988 -0.00452072 0.00661634 0.0097176 0.0256542 -0.00396342 -0.000278035 0.00283481 0.00168623 -0.031349 -0.105987 0.0220107 0.00208716 -0.00379349 0.0118153 -0.00470821
internal_weight=5e+06 102423 4.89758e+06 3.11421e+06 2.20532e+06 211006 908890 1.78337e+06 965066 619059 577025 818302 6899 1.99431e+06 1.87718e+06 1.67565e+06 881803 681909 155000 199894 182598 811403 781139 44223 5312 45804 346007 1.63143e+06 90314 1.54111e+06
internal_count=5000000 102423 4897577 3114209 2205319 211006 908890 1783368 965066 619059 577025 818302 6899 1994313 1877177 1675651 881803 681909 155000 199894 182598 811403 781139 44223 5312 45804 346007 1631428 90314 1541114
cat_boundaries=0 1 2 3 4 5 6 7 8
cat_threshold=261952 4064 31 16515151 4110 4102 992 30
is_linear=0
shrinkage=0.1


Tree=138
num_leaves=31
num_cat=3
split_feature=18 89 76 91 23 70 74 48 29 23 88 16 51 66 76 59 73 74 76 82 0 83 80 55 23 73 77 48 73 2
split_gain=1815.08 2136.35 2639.35 2312.91 2834.52 2383.21 2110.49 2131.82 2041.43 1986.05 1929.99 1926.45 1718.32 1654.59 1731.54 1977.52 1633.68 1598.71 2187.63 2771.94 2156.02 2685.22 1913.02 1595.04 2027.3 1591.84 1566.69 1620.4 1515.33 1502.51
threshold=29.349999427795414 23.849999427795414 0 1.0500000119209292 20.050000190734867 2.2500000000000004 507.00000000000006 1.0500000119209292 1.0000000180025095e-35 24.650000572204593 0.65000000596046459 34.049999237060554 1.8499999642372134 5.6499998569488534 1 5.0499999523162851 137.77420043945315 18.500000000000004 2 1.7500000000000002 -8.6500000953674299 -13.249999999999998 -13.749999999999998 3.7500000000000004 9.4499998092651385 137.02000427246097 -13.15000009536743 1.5500000119209292 140.55999755859378 -1.2499999999999998
decision_type=10 10 1 10 10 10 2 10 10 10 10 8 10 10 1 10 2 2 1 10 2 10 10 10 8 2 10 10 2 10
left_child=1 3 -3 17 5 6 7 12 11 -4 25 28 -5 -7 15 -15 -12 23 19 29 21 22 26 24 -1 -8 27 -20 -2 -19
right_child=8 2 9 4 -6 13 10 -9 -10 -11 16 -13 -14 14 -16 -17 -18 18 20 -21 -22 -23 -24 -25 -26 -27 -28 -29 -30 -31
leaf_value=0.018727781430695915 -0.0084533883614341422 0.027278970949066606 0.013404983383698086 0.0080744079358060303 -0.01187124699227681 0.00087027063268060422 0.045269600709176044 -0.0065180334572266258 -0.068242161454593969 -0.0013132879799148136 -0.064341302658738095 0.034562433577469014 -0.013106999654801617 0.00055259770113643325 0.0068612762675680037 0.05329466061020887 -0.021222649640119856 0.034218379937811037 -0.14686852585079582 -0.012412366984793241 -0.0005901479607035232 0.0018926592002832929 -0.013653992234873517 -0.0031617515816388785 0.004486097464614063 -0.012821361172428903 -0.018325015702664513 -0.024916784581882637 -0.048191079897355167 0.01055545261954045
leaf_weight=146234 126649 55627 143799 216481 300549 555265 5493 583078 5933 252954 13430 9740 46532 11140 93631 19646 25416 32264 4546 47650 1621405 13830 5209 140871 315821 33398 2163 1433 10383 159430
leaf_count=146234 126649 55627 143799 216481 300549 555265 5493 583078 5933 252954 13430 9740 46532 11140 93631 19646 25416 32264 4546 47650 1621405 13830 5209 140871 315821 33398 2163 1433 10383 159430
internal_value=1.66011e-08 0.00033819 0.0068817 -0.00033535 -0.0029592 -0.00128879 -0.00459555 -0.00314678 -0.0107346 0.0040211 -0.0203641 -0.00840994 0.00432701 0.00320578 0.013629 0.0341987 -0.0361298 0.00167037 0.000238676 0.00917231 -0.00105837 -0.0289892 -0.060979 0.0061534 0.00899339 -0.00461654 -0.0912561 -0.11764 -0.0114643 0.0145382
internal_weight=5e+06 4.8473e+06 452380 4.39492e+06 1.90406e+06 1.60351e+06 923828 846091 152705 396753 77737 146772 263013 679682 124417 30786 38846 2.49086e+06 1.88793e+06 239344 1.64859e+06 27181 13351 602926 462055 38891 8142 5979 137032 191694
internal_count=5000000 4847295 452380 4394915 1904059 1603510 923828 846091 152705 396753 77737 146772 263013 679682 124417 30786 38846 2490856 1887930 239344 1648586 27181 13351 602926 462055 38891 8142 5979 137032 191694
cat_boundaries=0 1 2 3
cat_threshold=2016 2080768 896
is_linear=0
shrinkage=0.1


Tree=139
num_leaves=31
num_cat=6
split_feature=17 0 56 18 0 2 27 76 0 31 11 76 48 89 20 8 3 86 4 76 76 89 75 18 83 80 2 76 29 82
split_gain=1816.14 3973.9 4563.51 3811.95 3498.35 3328.7 3304.94 3645.63 2291.36 2238.4 2171.33 2544.13 2342.59 1869.85 3387.77 3209.78 2879.73 3213.81 3146.15 3558.17 2973.95 2736.59 2853.84 2365.89 2859.44 2783.78 3906.6 2730.77 2297.02 2282.13
threshold=-4.8500001430511466 -3.4500000476837154 2.3500000238418584 2.0499999523162846 -7.5499999523162833 -3.4500000476837154 1.0000000180025095e-35 0 24.550000190734867 1.0000000180025095e-35 -8.7499999999999982 1 3.7500000000000004 4.2500000000000009 6.0499999523162851 1.6500000357627871 1.0500000119209292 13.449999809265138 16.150000572204593 2 3 9.8499999046325701 4 23.550000190734867 24.44999980926514 16.849999427795414 17.94999980926514 5 1.0000000180025095e-35 2.1499999761581425
decision_type=10 2 8 10 2 8 10 1 2 10 10 1 8 8 8 8 8 8 10 1 1 10 1 8 8 8 10 1 10 8
left_child=8 2 6 4 -4 -3 7 9 10 -2 11 12 -1 -7 15 -15 -16 18 19 -18 -20 -17 -23 25 27 26 29 -25 -27 -19
right_child=1 5 3 -5 -6 13 -8 -9 -10 -11 -12 -13 -14 14 16 21 17 23 20 -21 -22 22 -24 24 -26 28 -28 -29 -30 -31
leaf_value=-0.053228311698093306 0.021019314279600524 0.036795062622341702 -0.089266921688774398 -0.12265063918365633 -0.018252110436504806 -0.0055325145847525369 -0.081644491294087726 -0.034516389827246648 0.29195903754516622 -0.087173737654123687 0.017176048647119847 0.0090998934378545924 0.039857631654044462 -0.0039642094295614964 0.026464135837845383 0.00930897469438236 -0.017477522673894345 0.0042785810030992839 0.020188737405947108 -0.00032940114067491643 -0.04395781594474335 0.0095922007753053064 0.056863575126966263 -0.0087654008717056621 -0.00020126510172234144 0.0032714511629954209 -0.032180685759588927 -0.039266800720256796 0.015985241687047583 -0.010141176519055273
leaf_weight=15404 49537 24603 8612 5190 35664 555175 4928 18879 288 1989 118116 33810 3279 170488 39088 373712 169689 287565 8885 421684 38685 24788 26367 200481 594897 1352842 44685 34382 158786 177502
leaf_count=15404 49537 24603 8612 5190 35664 555175 4928 18879 288 1989 118116 33810 3279 170488 39088 373712 169689 287565 8885 421684 38685 24788 26367 200481 594897 1352842 44685 34382 158786 177502
internal_value=2.17642e-08 -0.000358506 -0.0179709 -0.0415693 -0.032065 0.000108726 -0.0024754 0.00306605 0.0101311 0.0168396 0.00965535 -0.0072672 -0.0368713 -8.4148e-05 0.00064922 0.00762702 -0.000527902 -0.000830206 -0.00724039 -0.0052502 -0.0319817 0.0122783 0.0339704 0.000606321 -0.00388978 0.00245193 -0.00393859 -0.0132326 0.00460695 -0.001225
internal_weight=5e+06 4.8291e+06 124799 49466 44276 4.7043e+06 75333 70405 170897 51526 170609 52493 18683 4.6797e+06 4.12453e+06 595355 3.52917e+06 3.49008e+06 638943 591373 47570 424867 51155 2.85114e+06 829760 2.02138e+06 509752 234863 1.51163e+06 465067
internal_count=5000000 4829103 124799 49466 44276 4704304 75333 70405 170897 51526 170609 52493 18683 4679701 4124526 595355 3529171 3490083 638943 591373 47570 424867 51155 2851140 829760 2021380 509752 234863 1511628 465067
cat_boundaries=0 1 2 3 4 5 6
cat_threshold=8180 245832 1806 126 632 4094
is_linear=0
shrinkage=0.1


Tree=140
num_leaves=31
num_cat=6
split_feature=0 18 80 12 0 2 76 76 71 48 55 86 23 0 86 14 76 72 73 76 48 48 75 18 0 3 16 75 18 18
split_gain=1709.57 1803.87 2430.91 2317.21 2460.5 3035.04 2153.03 2036.12 2030.33 2556.67 3341.6 1917.57 1894.44 3258.58 2823.5 2006.95 1873.02 2031.25 6254.59 4597.96 1974.04 2668.72 1943.69 2549.39 3361.39 2549.83 2414 2340.86 1871.76 1750.02
threshold=34.049999237060554 26.150000572204593 23.94999980926514 27.349999427795414 22.650000572204593 21.94999980926514 0 1 0.84999999403953563 1.1500000357627871 1.3499999642372134 -7.1499998569488517 2.4500000476837163 -1.4499999880790708 3.2500000000000004 9.8499999046325701 2 34.80999946594239 138.99334716796878 3 6.4500000476837167 1.8499999642372134 4 16.150000572204593 12.449999809265138 10.250000000000002 14.84999990463257 5 20.650000572204593 29.94999980926514
decision_type=2 10 10 8 2 8 1 1 10 10 10 8 8 2 10 10 1 2 2 1 8 8 1 8 2 8 10 1 10 10
left_child=1 2 8 4 7 -6 -4 29 9 10 -1 -12 14 -14 15 -10 20 18 -18 -20 21 -15 26 -24 28 -26 -19 -27 -25 -3
right_child=-2 3 6 -5 5 -7 -8 -9 12 -11 11 -13 13 16 -16 -17 17 22 19 -21 -22 -23 23 24 25 27 -28 -29 -30 -31
leaf_value=0.0052184316196383198 0.042139284283908521 -0.021733476377989152 0.000506554153864008 0.0025917976366378321 0.033049583900227684 -0.010692861512517266 0.018978315783438209 -0.15915011646634541 0.0029078615549555436 -0.0096870145206091503 -0.080341164354654729 -0.008153048709535737 -0.038350452448122609 0.0016777871975998547 0.026859127740861979 0.038976262292918729 0.0020306971505398333 -0.0078501547992311325 -0.015209797911595463 0.077304241605981275 -0.029369551712319888 0.023011265054889901 0.0035220726569578672 -0.029733393684972454 0.041668189114570507 -0.0010007545930313607 -0.062033850268503846 -0.016582852889735631 -0.10729750009347477 -0.080277263176851188
leaf_weight=449227 9609 52770 122251 178055 17359 183935 130419 1188 490543 436227 3736 244422 21848 139563 60738 15928 745960 335487 7468 19145 12997 101127 660605 23759 11989 376380 8429 129603 3580 5653
leaf_count=449227 9609 52770 122251 178055 17359 183935 130419 1188 490543 436227 3736 244422 21848 139563 60738 15928 745960 335487 7468 19145 12997 101127 660605 23759 11989 376380 8429 129603 3580 5653
internal_value=9.87355e-09 -8.11293e-05 0.000509308 -0.00620318 -0.0122053 -0.00692064 0.0100418 -0.0300506 -5.09858e-05 -0.0036824 7.35911e-05 -0.00923984 0.00124962 0.000106479 0.00648547 0.00404218 0.000432635 -0.000458572 0.00373019 0.0513668 0.00859096 0.0106411 -0.00254662 -0.000655371 -0.00571606 -0.00391231 -0.00917787 -0.00499232 -0.0398903 -0.0273935
internal_weight=5e+06 4.99039e+06 4.55143e+06 438960 260905 201294 252670 59611 4.29876e+06 1.13361e+06 697385 248158 3.16515e+06 2.59794e+06 567209 506471 2.57609e+06 2.3224e+06 772573 26613 253687 240690 1.54983e+06 1.20592e+06 545311 517972 343916 505983 27339 58423
internal_count=5000000 4990391 4551431 438960 260905 201294 252670 59611 4298761 1133612 697385 248158 3165149 2597940 567209 506471 2576092 2322405 772573 26613 253687 240690 1549832 1205916 545311 517972 343916 505983 27339 58423
cat_boundaries=0 1 2 3 4 5 6
cat_threshold=1032192 8184 224 3864 4110 960
is_linear=0
shrinkage=0.1


Tree=141
num_leaves=31
num_cat=8
split_feature=0 18 14 83 23 24 76 68 49 89 76 17 12 76 12 86 17 76 0 73 10 17 76 75 4 75 53 76 48 27
split_gain=1681 2514.8 2633.56 2118.77 1988.56 1805.03 2312.26 1912.25 1668.34 1704.28 1633.92 1622.79 3572.69 3788.98 3561.05 2553.05 2395.78 2069.03 2549.61 2083.4 1865.92 1792.76 1725.12 3798.83 4057.99 3288.6 3198.94 4892.76 3329.1 2867.1
threshold=29.750000000000004 27.349999427795414 27.44999980926514 20.550000190734867 27.849999427795414 1.2500000000000002 0 0.84999999403953563 0.94999998807907116 -13.15000009536743 1 19.650000572204593 20.250000000000004 2 16.250000000000004 19.44999980926514 22.050000190734867 3 20.250000000000004 135.29250335693362 23.849999427795414 22.550000190734867 4 5 20.150000572204593 6 5.2500000000000009 7 0.75000000000000011 1.0000000180025095e-35
decision_type=2 10 8 8 10 2 1 8 10 8 1 10 8 1 10 10 10 1 2 2 8 10 1 1 8 1 10 1 10 10
left_child=1 5 3 -3 -2 7 -7 8 9 -1 -6 15 13 -13 -15 22 -16 19 21 -14 -21 -19 25 -24 29 -9 28 -28 -27 -25
right_child=4 2 -4 -5 10 6 -8 11 -10 -11 -12 12 17 14 16 -17 -18 18 -20 20 -22 -23 23 24 -26 26 27 -29 -30 -31
leaf_value=-0.091538173633214065 0.040735723897565836 -0.076510803507643138 -0.0022025822011126415 -0.019282865827539446 0.055200544311922985 -0.0020864208833867742 0.01991654592528495 0.0080320264325089274 -0.0073102450929419614 0.00071827689891707316 0.0030318347861785196 -0.0059176310622303446 -0.0025648833818123461 -0.14486386638977419 -0.021602887073764499 0.014266063112172794 -0.083044183438340843 -0.023828045876551296 -0.001636498763741455 0.0081111218111811038 0.032041719835276941 -0.099593984084696774 0.014105417383560543 0.0041351013490126586 -0.027488532864612326 0.010275264358969695 0.033738344689694826 -0.016582040456088278 -0.0093741491112653407 -0.016814379600473106
leaf_weight=2010 19421 7012 153110 83613 6361 89064 102985 273953 606145 528572 104169 182643 106765 2813 48939 166418 7292 15923 297616 102744 47714 3885 286141 819157 47652 99751 49729 31592 635822 70989
leaf_count=2010 19421 7012 153110 83613 6361 89064 102985 273953 606145 528572 104169 182643 106765 2813 48939 166418 7292 15923 297616 102744 47714 3885 286141 819157 47652 99751 49729 31592 635822 70989
internal_value=-1.01449e-08 -0.000299528 -0.0101997 -0.0237108 0.0112247 0.000222059 0.00971345 -0.000189016 -0.00372596 0.000368782 0.00603941 0.00103024 -0.00283729 -0.0130382 -0.0350575 0.00230268 -0.0295706 0.00145304 -0.00394849 0.00811858 0.0157001 -0.0386882 0.00144259 0.00401982 0.000942387 -0.0014491 -0.00462874 0.0141917 -0.00670949 0.00246438
internal_weight=5e+06 4.87005e+06 243735 90625 129951 4.62631e+06 192049 4.43426e+06 1.13673e+06 530582 110530 3.29754e+06 816334 241687 59044 2.4812e+06 56231 574647 317424 257223 150458 19808 2.31479e+06 1.22394e+06 937798 1.09085e+06 816894 81321 735573 890146
internal_count=5000000 4870049 243735 90625 129951 4626314 192049 4434265 1136727 530582 110530 3297538 816334 241687 59044 2481204 56231 574647 317424 257223 150458 19808 2314786 1223939 937798 1090847 816894 81321 735573 890146
cat_boundaries=0 1 2 3 4 5 6 7 8
cat_threshold=16252991 960 3162048 1022 261635 3840 496 258048
is_linear=0
shrinkage=0.1


Tree=142
num_leaves=31
num_cat=5
split_feature=17 77 0 11 86 76 74 2 83 89 89 86 17 5 9 77 76 86 1 18 79 76 86 18 86 0 76 76 86 23
split_gain=1727.18 3577.99 3356.64 3057.12 2168.43 2604.62 2111.29 2252.74 8730.48 5475.62 4351.06 3210.71 3629.23 2657.33 2689.3 2475.91 2453.07 2094.95 2012.16 1962.97 3075.42 3332.21 1948.19 1872.47 2634.87 2620.01 2633.64 2289.42 2236.01 2689.15
threshold=3.2500000000000004 5.8500001430511483 11.250000000000002 0.84999999403953563 1.0000000180025095e-35 0 396.50000000000006 9.6500000953674334 10.84999990463257 11.250000000000002 14.34999990463257 10.650000095367433 13.550000190734865 20.150000572204593 3.6499999761581425 10.650000095367433 1 6.8500001430511483 8.2500000000000018 7.0499999523162851 2.7500000000000004 2 3.6499999761581425 23.550000190734867 24.349999427795414 26.44999980926514 3 4 12.250000000000002 15.550000190734865
decision_type=10 8 2 10 10 1 2 8 10 10 8 10 10 10 8 10 1 10 8 10 8 1 10 8 8 2 1 1 8 8
left_child=2 17 4 -4 -1 22 7 8 9 11 13 12 -3 14 -9 16 -14 19 -10 -2 -21 -22 -6 25 27 28 -27 -25 -12 -30
right_child=1 6 3 -5 5 -7 -8 10 18 -11 23 -13 15 -15 -16 -17 -18 -19 -20 20 21 -23 -24 24 -26 26 -28 -29 29 -31
leaf_value=-0.00066166299781077957 -0.0058896496096930429 0.0030098318074157603 0.0050361462905746425 0.070576267119969449 0.029250709025564422 0.0070732248525485764 -0.0067643319868182688 -0.049763005963572297 0.09348015679874104 0.052514513304372269 -0.013251195692374335 0.039881336255103116 -0.059437960247410021 -0.050413014311459038 -0.0066155509314519655 0.05961293094873904 -0.01495969758503605 0.023782984638801588 0.039483327768283109 -0.014852883472037091 -0.078714329106635561 -0.0034247313251696411 0.10846348517537177 -0.0076265215751563286 0.0007331952104288567 0.0086279014481034592 0.050757922146637435 -0.03550103803708702 0.011171525176846428 0.00088564471418778226
leaf_weight=622638 144964 430668 14315 14154 17362 296256 420703 14989 8857 21520 85963 20465 15994 15456 398283 3638 55174 15705 31253 97701 17450 8875 3781 166490 566746 44652 22223 35797 335062 1052866
leaf_count=622638 144964 430668 14315 14154 17362 296256 420703 14989 8857 21520 85963 20465 15994 15456 398283 3638 55174 15705 31253 97701 17450 8875 3781 166490 566746 44652 22223 35797 335062 1052866
internal_value=1.27597e-08 -0.000910952 0.00379198 0.0376209 0.00276748 0.00949438 -8.97561e-05 0.000754481 0.00637294 0.0030735 -0.000450995 0.0010505 -0.000521631 -0.00970299 -0.00818047 -0.0208527 -0.024966 -0.0117185 0.0514068 -0.0137913 -0.0230268 -0.053363 0.0433958 0.00126629 -0.00276382 0.00327782 0.0226369 -0.0125614 0.00239944 0.00336878
internal_weight=5e+06 4.03149e+06 968506 28469 940037 317399 3.7468e+06 3.3261e+06 587569 547459 2.73853e+06 525939 505474 428728 413272 74806 71168 284695 40110 268990 124026 26325 21143 2.3098e+06 769033 1.54077e+06 66875 202287 1.47389e+06 1.38793e+06
internal_count=5000000 4031494 968506 28469 940037 317399 3746799 3326096 587569 547459 2738527 525939 505474 428728 413272 74806 71168 284695 40110 268990 124026 26325 21143 2309799 769033 1540766 66875 202287 1473891 1387928
cat_boundaries=0 1 2 3 4 5
cat_threshold=1008 1550 2044 508152 10238
is_linear=0
shrinkage=0.1


Tree=143
num_leaves=31
num_cat=9
split_feature=91 76 48 77 23 89 74 72 76 17 75 76 27 76 85 2 26 75 72 72 73 81 76 74 0 76 18 75 9 73
split_gain=1702.08 2327.14 1832.13 1800.95 2758.71 3194.77 1937.52 2062.36 3630.62 2840.05 3572.03 2787.49 3199.81 3093.67 2779.17 2634.11 2495.91 2341.61 2278.34 2303.13 3522.93 2929.77 2697.8 2219.53 2142.86 2170.82 2075.41 3071.42 1822.93 1792.46
threshold=0.84999999403953563 0 1.8499999642372134 -7.9500000476837149 -1.8499999642372129 -1.6500000357627866 907.50000000000011 38.085000991821296 1 5.0499999523162851 2 3 1.0000000180025095e-35 4 5.0499999523162851 -1.6500000357627866 1.0000000180025095e-35 5 30.90164947509766 33.418348312377937 139.74584960937503 1.0000000180025095e-35 6 71.000000000000014 4.0499999523162851 7 12.84999990463257 8 -2.2499999999999996 140.63999938964847
decision_type=8 1 8 8 8 8 2 2 1 8 1 1 8 1 10 10 10 1 2 2 2 8 1 2 2 1 10 1 8 2
left_child=1 -1 -3 -2 -5 -6 7 11 16 -10 -11 14 18 -14 15 -7 -9 23 -13 20 21 22 -20 -17 25 -12 27 -19 -21 -28
right_child=3 2 -4 4 5 6 -8 8 9 10 24 12 13 -15 -16 17 -18 26 19 28 -22 -23 -24 -25 -26 -27 29 -29 -30 -31
leaf_value=0.013328924561593836 -0.022848536938643641 -0.0018288381884331102 0.010754741763418682 0.0094566007132594922 -0.023163114469838417 0.047404385787241952 -0.018417567371030015 0.0052415749125550044 0.0020575066125283095 -0.0082912019108072506 -0.13451600894531013 0.011179832770197341 0.023709789194207961 -0.0031048039630170547 -0.018611190273241738 0.0053147482709209812 -0.018797225849130628 0.016027650356179 -0.028854311700190944 -0.031760460652969912 0.079073074198166934 0.026468828986744276 -0.0072931272859662402 -0.025218668274283259 -0.022054999859943535 -0.044093620656496017 0.0073792868582524956 0.071534146488403463 -0.0012966308750199361 -0.035909676874641486
leaf_weight=205932 36836 493900 151102 253984 65716 16289 62274 411870 179640 403795 3151 113752 96543 77614 42729 56159 48252 81322 100994 19949 4170 17034 136454 41327 85128 16908 476914 11356 1279145 9761
leaf_count=205932 36836 493900 151102 253984 65716 16289 62274 411870 179640 403795 3151 113752 96543 77614 42729 56159 48252 81322 100994 19949 4170 17034 136454 41327 85128 16908 476914 11356 1279145 9761
internal_value=-1.51557e-08 0.00407409 0.00111905 -0.000835576 -0.000638391 -0.00130293 -0.000924146 -0.000632105 -0.00415693 -0.00875228 -0.0125677 0.000936404 -0.00113847 0.0117609 0.00614049 0.00766643 0.00272062 0.00671009 -0.0024825 -0.00348017 -0.0120975 -0.0135915 -0.0164653 -0.00762843 -0.0289807 -0.0583868 0.00912276 0.0228384 -0.00176444 0.00651106
internal_weight=5e+06 850934 645002 4.14907e+06 4.11223e+06 3.85825e+06 3.79253e+06 3.73026e+06 1.14874e+06 688622 508982 2.58151e+06 1.84566e+06 174157 735857 693128 460122 676839 1.6715e+06 1.55775e+06 258652 254482 237448 97486 105187 20059 579353 92678 1.29909e+06 486675
internal_count=5000000 850934 645002 4149066 4112230 3858246 3792530 3730256 1148744 688622 508982 2581512 1845655 174157 735857 693128 460122 676839 1671498 1557746 258652 254482 237448 97486 105187 20059 579353 92678 1299094 486675
cat_boundaries=0 1 2 3 4 5 6 7 8 9
cat_threshold=258944 16253039 2016 4064 2093056 4098 1015814 1536 3148
is_linear=0
shrinkage=0.1


Tree=144
num_leaves=31
num_cat=7
split_feature=88 48 80 18 85 74 73 76 73 76 17 86 86 80 18 89 8 76 71 48 76 75 18 73 86 2 76 72 72 75
split_gain=1564.27 2011.8 1752.14 1965.93 1855.16 2089.17 1965.65 3587.85 3284.98 3478.55 3240.02 3690.53 2388.54 2213.28 2556.56 2081.16 1956.67 1886.8 1824.79 2487.91 2324.67 1812.12 2286.83 1767.27 1726.03 1620.12 2068.32 1607.87 1706.23 2110.57
threshold=0.75000000000000011 1.9499999880790713 28.44999980926514 29.94999980926514 0.84999999403953563 907.50000000000011 142.61585235595706 0 144.7174987792969 1 -4.8500001430511466 -4.2499999999999991 23.849999427795414 19.250000000000004 16.150000572204593 -7.8500001430511466 17.550000190734867 2 0.84999999403953563 0.94999998807907116 3 4 5.8500001430511483 143.31164550781253 21.849999427795414 14.250000000000002 5 42.100000381469734 43.773349761962898 6
decision_type=8 10 10 10 8 2 2 1 2 1 10 8 8 10 8 8 8 1 8 10 1 1 8 2 8 8 1 2 2 1
left_child=1 -1 3 4 17 6 10 13 15 -10 -6 -12 -11 14 -8 23 -16 -2 19 -13 -21 -22 -23 -9 -5 26 -3 -17 29 -29
right_child=2 25 -4 24 5 -7 7 8 9 12 11 18 -14 -15 16 27 -18 -19 -20 20 21 22 -24 -25 -26 -27 -28 28 -30 -31
leaf_value=0.0014374570972537179 -0.00030750767729414833 0.040835795915280526 0.01153457326342746 -0.098802643035620835 0.019997023406686909 -0.020020587460655801 0.01082322823840148 -0.021861851189487448 -0.036805737477061236 0.040064120721410162 -0.036137816574885892 0.0013410393015926454 -0.035222136755380093 0.070057638817415113 -0.045986259290332829 0.06863165416330308 0.014612878232215274 0.01077796547246848 0.00052490031069993292 -0.0023455271128333252 -0.007681902108719366 -0.0075004853803422866 -0.038444193464150858 -0.14640541464488641 -0.013876554089495808 0.0028100807086093526 0.010367340561393908 -0.0061270976565104933 -0.0082264429928889018 -0.040831893626463299
leaf_weight=557336 376890 37645 113457 2468 74553 60940 79239 2057 12436 23455 29775 288103 5137 5029 16376 1907 7898 259080 2355046 158727 82086 36887 67746 2554 78890 72275 54624 23719 46422 67243
leaf_count=557336 376890 37645 113457 2468 74553 60940 79239 2057 12436 23455 29775 288103 5137 5029 16376 1907 7898 259080 2355046 158727 82086 36887 67746 2554 78890 72275 54624 23719 46422 67243
internal_value=-3.39536e-08 0.00430588 -0.000726603 -0.00106063 -0.00075395 -0.00166946 -0.00133922 -0.00916063 -0.017631 0.00732874 -0.000597082 -0.00110575 0.0265285 0.00527197 0.00212498 -0.0247485 -0.0262692 0.00420863 -0.000756732 -0.00552085 -0.0112437 -0.0188067 -0.0275328 -0.0908456 -0.0164528 0.0140217 0.0228038 -0.0225604 -0.0238262 -0.0317875
internal_weight=5e+06 721880 4.27812e+06 4.16466e+06 4.0833e+06 3.44734e+06 3.3864e+06 293472 184930 41028 3.09292e+06 3.01837e+06 28592 108542 103513 143902 24274 635970 2.9886e+06 633549 345446 186719 104633 4611 81358 164544 92269 139291 137384 90962
internal_count=5000000 721880 4278120 4164663 4083305 3447335 3386395 293472 184930 41028 3092923 3018370 28592 108542 103513 143902 24274 635970 2988595 633549 345446 186719 104633 4611 81358 164544 92269 139291 137384 90962
cat_boundaries=0 1 2 3 4 5 6 7
cat_threshold=1023 15360 16515119 16646147 1008 123888 448
is_linear=0
shrinkage=0.1


Tree=145
num_leaves=31
num_cat=11
split_feature=17 0 29 36 1 77 87 75 59 76 75 86 18 75 0 3 76 11 76 75 76 83 4 72 2 75 18 76 0 76
split_gain=1520.99 3467.38 5269.23 3740.96 3000.64 2967.63 2913.22 2746.45 3098.16 2378.25 2085.04 1923.21 2603 3219.15 3193.12 5002.44 3215.69 2970.08 2745.15 4216.66 3700.44 3121.44 2633.8 2869.05 2521.58 2485.07 2458.3 2476.03 3597.45 2303.63
threshold=1.0500000119209292 -0.45000000298023218 1.0000000180025095e-35 1.0000000180025095e-35 -0.84999999403953541 6.8500001430511483 1.0000000180025095e-35 0 1.8499999642372134 1 2 7.8500001430511483 16.750000000000004 3 18.849999427795414 20.750000000000004 4 16.550000190734867 5 6 7 13.949999809265138 7.6499998569488534 33.159149169921882 13.449999809265138 8 20.94999980926514 9 18.94999980926514 10
decision_type=10 2 10 8 8 10 10 1 10 1 1 8 8 1 2 10 1 8 1 1 1 10 10 2 8 1 8 1 2 1
left_child=5 2 3 6 -3 -1 7 -2 -9 -4 -7 -6 14 17 15 18 -16 29 19 20 -13 -20 -15 -24 -23 -25 -19 -28 -29 -14
right_child=1 4 9 -5 11 10 -8 8 -10 -11 -12 12 13 22 16 -17 -18 26 21 -21 -22 24 23 25 -26 -27 27 28 -30 -31
leaf_value=0.0029646430827750428 0.051612892233274955 0.050291806724391867 -0.15332603070905856 -0.087323429435894995 -0.0058165079514760033 0.10085224175591011 -0.096522288600594586 0.0075709900020186037 -0.027900626685120403 -0.034740446081719077 0.024532187503670189 -0.034446087467589086 -0.03520052829101341 0.026203098640376024 0.0094987746018548713 -0.036049339788185412 0.043597372108061833 0.0084732491739420279 0.0045263863952124698 0.0049555922658752211 -0.0053373702254663081 0.062629495206269301 -9.563015717614782e-05 -0.017086165644384671 0.017185578177211381 -0.10796014195022552 0.0033330394331714044 -0.083955576257786935 -0.0052181022558999562 -0.0060490474165240202
leaf_weight=659152 7942 11732 3909 6269 558077 4153 3589 51223 47416 3011 25752 53302 37342 19203 136436 33810 34685 367979 566667 425985 241603 14078 135790 241851 92029 3038 610255 5871 498962 98889
leaf_count=659152 7942 11732 3909 6269 558077 4153 3589 51223 47416 3011 25752 53302 37342 19203 136436 33810 34685 367979 566667 425985 241603 14078 135790 241851 92029 3038 610255 5871 498962 98889
internal_value=-3.69806e-08 -0.000697337 -0.0172212 -0.0121828 -0.000210574 0.00436248 -0.00790705 -0.00492303 -0.00947934 -0.101999 0.0351729 -0.000352459 0.000490423 -0.00189628 0.00350506 0.00195764 0.0164134 8.79526e-05 0.00287968 -0.00140784 -0.0105996 0.00747376 -0.00993105 -0.0117541 0.023215 -0.0182186 0.00138596 -0.00095284 -0.00613367 -0.0140427
internal_weight=5e+06 4.31094e+06 123359 116439 4.18758e+06 689057 110170 106581 98639 6920 29905 4.17585e+06 3.61778e+06 2.01918e+06 1.5986e+06 1.42747e+06 171121 1.6193e+06 1.39366e+06 720890 294905 672774 399882 380679 106107 244889 1.48307e+06 1.11509e+06 504833 136231
internal_count=5000000 4310943 123359 116439 4187584 689057 110170 106581 98639 6920 29905 4175852 3617775 2019180 1598595 1427474 171121 1619298 1393664 720890 294905 672774 399882 380679 106107 244889 1483067 1115088 504833 136231
cat_boundaries=0 1 2 3 4 5 6 7 8 9 10 11
cat_threshold=48 2040 2944 1984 1044480 12712963 7680 6144 2104 4094 4702270
is_linear=0
shrinkage=0.1


Tree=146
num_leaves=31
num_cat=8
split_feature=86 18 14 81 72 3 85 76 75 74 75 60 12 76 17 12 10 0 18 0 13 76 76 48 75 72 17 83 83 76
split_gain=1512.03 1857.99 2119.31 1750.44 1626.57 1711.23 1653.3 2087.68 5626.22 5135.93 4487.58 3851.76 3458.39 3099.36 2899.46 4839.29 4023.21 2865.34 5529.48 2574.44 2552.06 2411.14 2368.22 2318.74 2499.01 2116.57 2071.54 4962.32 3092.62 2099.95
threshold=29.750000000000004 28.349999427795414 30.849999427795414 1.0000000180025095e-35 31.958350181579593 3.2500000000000004 2.3500000238418584 0 1 71.000000000000014 2 3.3500000238418584 -13.15000009536743 3 12.550000190734865 11.650000095367433 23.849999427795414 7.8500001430511483 6.6499998569488534 23.44999980926514 9.4499998092651385 4 5 4.4500000476837167 6 36.961700439453132 8.6500000953674334 6.4500000476837167 14.550000190734865 7
decision_type=10 10 8 10 2 8 10 1 1 2 1 8 8 1 10 8 10 2 8 2 10 1 1 8 1 2 8 8 8 1
left_child=1 4 -3 -4 5 -1 7 8 9 11 -9 13 -12 -6 15 17 19 18 -10 -16 25 -11 -14 24 -24 -20 28 29 -8 -28
right_child=-2 2 3 -5 6 -7 26 10 14 21 12 -13 22 -15 16 -17 -18 -19 20 -21 -22 -23 23 -25 -26 -27 27 -29 -30 -31
leaf_value=0.069545837679008529 0.013153582149157223 -0.016427283512622206 0.010591686819932162 -0.086787093840695231 -0.0050515201831678562 0.0068108808195943829 -0.00061838173511013952 0.0040941486599388741 0.01824062609900735 0.00097740866401874421 -0.094748860819994285 -0.015717064360493832 0.0024388306429807029 0.021205255459578746 -0.0012989125446841868 0.056119592872517769 0.021765316661637009 0.03375745639026289 -0.009908585979126543 0.019148000989144508 0.017356658994940048 -0.01887801532966725 -0.016446390123018968 0.012270310552781265 -0.0046475569653533421 -0.050284700702081402 -0.064666255112070234 -0.0056299183659653364 0.036742280786574856 -0.0041730260759759155
leaf_weight=4424 85890 138029 51192 1915 67476 253128 399579 819877 148548 84796 4346 63936 285559 134692 516478 27620 112746 50086 31614 69914 17639 219448 310738 51743 425114 22031 20998 549078 23457 7909
leaf_count=4424 85890 138029 51192 1915 67476 253128 399579 819877 148548 84796 4346 63936 285559 134692 516478 27620 112746 50086 31614 69914 17639 219448 310738 51743 425114 22031 20998 549078 23457 7909
internal_value=-6.44369e-08 -0.000229967 -0.00989572 0.00708028 0.000161201 0.00788849 -0.000284486 0.000749826 0.00345101 -0.0044699 -0.00148106 0.00567672 -0.00572328 0.0124425 0.00798375 0.0162517 0.00446522 0.0121721 0.00725413 0.00113892 -0.0156405 -0.0133447 -0.0053628 -0.00819138 -0.00963029 -0.0264903 -0.0038641 -0.00775594 0.00145324 -0.048139
internal_weight=5e+06 4.91411e+06 191136 53107 4.72297e+06 257552 4.46542e+06 3.4644e+06 1.56702e+06 570348 1.89738e+06 266104 1.0775e+06 202168 996676 297538 699138 269918 219832 586392 71284 304244 1.07315e+06 787595 735852 53645 1.00102e+06 577985 423036 28907
internal_count=5000000 4914110 191136 53107 4722974 257552 4465422 3464401 1567024 570348 1897377 266104 1077500 202168 996676 297538 699138 269918 219832 586392 71284 304244 1073154 787595 735852 53645 1001021 577985 423036 28907
cat_boundaries=0 1 2 3 4 5 6 7 8
cat_threshold=8188 7170 7298 7172 896 57346 56 2044
is_linear=0
shrinkage=0.1


Tree=147
num_leaves=31
num_cat=7
split_feature=89 3 77 73 76 77 22 80 17 75 0 76 48 6 89 76 3 0 80 76 12 76 18 18 77 74 8 76 11 17
split_gain=1481.08 2996.99 3213.84 2309.89 1671.58 1645.82 1889.45 2353.93 2089.79 3972.94 3521.98 4579.51 3209.5 2525.56 2560.21 2564.01 2366.53 4021.08 3308.63 3717.86 2293.55 3133.14 2564.8 2285.55 2278.97 2224.51 2188.9 2175.84 2072 2053.62
threshold=-6.9500000476837149 -6.5499999523162833 -7.9500000476837149 144.7174987792969 0 -5.2499999999999991 -2.4500000476837154 1.2500000000000002 12.550000190734865 1 17.550000190734867 2 4.0499999523162851 21.550000190734867 12.050000190734865 3 11.250000000000002 11.050000190734865 8.2500000000000018 4 12.84999990463257 5 20.44999980926514 4.0499999523162851 23.44999980926514 143.50000000000003 8.2500000000000018 6 10.250000000000002 16.250000000000004
decision_type=8 8 8 2 1 8 8 8 10 1 2 1 8 10 10 1 10 2 10 1 8 1 8 8 8 2 8 1 8 10
left_child=3 2 -2 -1 -4 -3 -7 -8 10 20 13 12 28 14 16 -16 18 -18 -9 -20 21 29 -22 -19 -24 -11 -25 -26 -12 -10
right_child=1 5 4 -5 -6 6 7 8 9 25 11 -13 -14 -15 15 -17 17 23 19 -21 22 -23 24 26 27 -27 -28 -29 -30 -31
leaf_value=-0.02056609170680776 -0.015326388213297629 -0.023223398805506695 0.012887061236551707 0.038787895889724838 0.05195111831497401 0.010162450230249104 -0.0096453215079066231 0.00063822967182477661 -0.033816587253062677 -0.0059207365319604958 -0.0079255465949216331 0.092323146696388747 0.059922986741023913 -0.030653297005174825 0.003731506255626113 0.027198954335159117 -0.024849097026643299 0.042620396022385411 0.0054529103133868244 0.03799117524575274 0.0055187569969246718 -0.0034065121452741378 -0.0090426402826509055 -0.031130149146654504 0.007850097956724927 -0.021845866694928356 0.0041958743687373597 -0.0023843074725978216 0.030528332193835602 -0.1387066859424996
leaf_weight=63109 16792 30516 18630 7317 26655 178759 255506 1018390 29215 364156 40092 8546 13156 23434 115401 78046 89936 12780 106949 52281 793608 84089 318619 21113 296526 115545 103655 693644 21541 1994
leaf_count=63109 16792 30516 18630 7317 26655 178759 255506 1018390 29215 364156 40092 8546 13156 23434 115401 78046 89936 12780 106949 52281 793608 84089 318619 21113 296526 115545 103655 693644 21541 1994
internal_value=-7.50254e-08 0.00020564 0.0220393 -0.0143994 0.0358947 -7.28118e-05 7.32428e-05 -0.00031393 0.000227605 -0.00150469 0.00296767 0.023017 0.0150832 0.00193757 0.00241533 0.013201 0.000930418 -0.00840704 0.00273416 0.0161391 0.000280248 -0.0134522 0.00103336 0.00234363 -0.00168645 -0.0097564 -0.00178193 0.000680643 0.00551425 -0.0405052
internal_weight=5e+06 4.92957e+06 62077 70426 45285 4.8675e+06 4.83698e+06 4.65822e+06 4.40272e+06 2.6974e+06 1.70532e+06 83335 74789 1.62198e+06 1.59855e+06 193447 1.4051e+06 227484 1.17762e+06 159230 2.2177e+06 115298 2.1024e+06 137548 1.30879e+06 479701 124768 990170 61633 31209
internal_count=5000000 4929574 62077 70426 45285 4867497 4836981 4658222 4402716 2697396 1705320 83335 74789 1621985 1598551 193447 1405104 227484 1177620 159230 2217695 115298 2102397 137548 1308789 479701 124768 990170 61633 31209
cat_boundaries=0 1 2 3 4 5 6 7
cat_threshold=129136 2016 2093060 391171 8518663 491582 2016
is_linear=0
shrinkage=0.1


Tree=148
num_leaves=31
num_cat=7
split_feature=72 36 75 72 73 76 76 4 3 10 74 74 3 76 76 48 17 75 10 26 76 72 18 26 81 84 24 25 78 87
split_gain=1451.23 2005.14 2562.56 2119.25 2096.39 4309.67 1947.82 1903.4 1718.69 1949.98 1680.95 1658.93 2268.82 1712.4 1662.07 2743.01 2778.51 3146.66 2776.33 2736.17 3758.58 2335.13 2372.98 2168.95 3978.88 4040.07 3707.2 3165.05 2647.99 2645.16
threshold=41.927499771118171 1.0000000180025095e-35 0 42.923349380493171 141.52664947509768 1 2 23.150000572204593 -8.5500001907348615 -13.15000009536743 13.500000000000002 542.00000000000011 -2.1499999761581416 3 4 7.4500000476837167 5.6499998569488534 5 2.8500000238418584 1.0000000180025095e-35 6 32.438299179077156 13.050000190734865 1.0000000180025095e-35 1.0000000180025095e-35 1.0000000180025095e-35 1.0000000180025095e-35 1.0000000180025095e-35 1.0000000180025095e-35 1.0000000180025095e-35
decision_type=2 8 1 2 2 1 1 10 8 8 2 2 8 1 1 10 10 1 10 8 1 2 10 10 10 10 2 10 10 10
left_child=11 3 6 8 5 -5 -3 -6 -2 -10 -7 12 13 -1 15 16 18 21 -14 -16 -21 -18 -23 24 25 26 27 28 -19 -25
right_child=1 2 -4 4 7 10 -8 -9 9 -11 -12 -13 14 -15 19 -17 17 23 -20 20 -22 22 -24 29 -26 -27 -28 -29 -30 -31
leaf_value=0.00090036264859869898 0.028215453574966493 -0.014704259886026881 -4.1873487429433428e-05 -0.014145790851277658 0.00018131448436601777 0.0067054570783772402 -0.05791262062985314 -0.025376039950881203 -0.11141866413957933 -0.011213178834189388 0.047372905352468721 -0.0061300976964489239 0.014248784994286027 0.028783533741175007 -0.0010697763599712027 -0.035243349186803469 0.02685853982513934 0.014569764290343123 0.065102119024617183 0.021461953025397981 -0.0015978789094293106 -0.017205654824254506 -0.084635126796321472 -0.03619742954115103 -0.028622437569069167 -0.043995127478438131 -0.063579000862462931 -0.065121104665039786 -0.059876741211062151 0.0061039882558685567
leaf_weight=38008 11104 21415 38586 28773 525616 14682 20378 30851 1959 223654 33029 316160 40462 52391 2614195 16372 10693 488306 14613 133686 149972 51393 5809 25003 27181 13195 6398 5129 4825 36162
leaf_count=38008 11104 21415 38586 28773 525616 14682 20378 30851 1959 223654 33029 316160 40462 52391 2614195 16372 10693 488306 14613 133686 149972 51393 5809 25003 27181 13195 6398 5129 4825 36162
internal_value=-2.08014e-08 -0.00351753 -0.018629 -0.00212086 0.00089801 0.0164214 -0.0357812 -0.00123561 -0.0101929 -0.0120833 0.0348511 0.000825124 0.00141406 0.0170634 0.00102577 0.00523662 0.00614559 0.00438114 0.0277417 -5.75872e-05 0.00927076 -0.0160327 -0.0240533 0.00666767 0.00867159 0.0106291 0.0120573 0.0130285 0.0138413 -0.011188
internal_weight=5e+06 950047 80379 869668 632951 76484 41793 556467 236717 225613 47711 4.04995e+06 3.73379e+06 90399 3.64339e+06 745541 729169 674094 55075 2.89785e+06 283658 67895 57202 606199 545034 517853 504658 498260 493131 61165
internal_count=5000000 950047 80379 869668 632951 76484 41793 556467 236717 225613 47711 4049953 3733793 90399 3643394 745541 729169 674094 55075 2897853 283658 67895 57202 606199 545034 517853 504658 498260 493131 61165
cat_boundaries=0 1 2 3 4 5 6 7
cat_threshold=7182 8176 16769026 4223 496 6 1046528
is_linear=0
shrinkage=0.1


Tree=149
num_leaves=31
num_cat=9
split_feature=83 18 76 0 75 86 48 18 83 75 10 76 11 76 76 74 89 1 7 75 75 17 76 23 28 1 23 83 77 4
split_gain=1439.98 2275.22 2285.1 3328 2376.69 2002.02 1935 1928.92 2953.02 2707.7 2321.38 2221.42 2178.23 3056.92 2538.95 2146.51 1933.41 4650.6 2322.18 2623.59 2304.66 3545.86 2043.34 1913.43 1866.82 1865.06 1835.96 3134.11 2000.54 1998.54
threshold=27.849999427795414 25.250000000000004 0 24.94999980926514 1 21.250000000000004 2.9500000476837163 13.050000190734865 15.34999990463257 2 9.8499999046325701 3 13.650000095367433 4 5 291.50000000000006 9.0500001907348651 9.6500000953674334 7.0499999523162851 6 7 4.6499998569488534 8 20.550000190734867 1.0000000180025095e-35 4.6499998569488534 5.2500000000000009 4.8500001430511483 6.2500000000000009 6.2500000000000009
decision_type=10 10 1 2 1 10 10 8 10 1 8 1 10 1 1 2 10 8 8 1 1 8 1 8 8 10 10 10 10 10
left_child=1 5 4 -4 6 7 24 8 16 11 -10 -9 13 -11 -14 -13 26 25 19 -19 -20 -22 -23 -7 -3 -18 27 28 29 -1
right_child=-2 2 3 -5 -6 23 -8 9 10 12 -12 15 14 -15 -16 -17 17 18 20 -21 21 22 -24 -25 -26 -27 -28 -29 -30 -31
leaf_value=0.00032911553190052899 0.0088404333520773516 0.0081129034687770548 -0.052980829691836533 -0.010968523726774926 -0.020944937581307069 0.018991553192532845 -0.018518221545034737 -0.0007267572125805574 0.00094624682484975651 -0.030604395793145379 0.029868503496710708 -0.012656976699422695 0.0096914761496627016 -0.00095521393903313955 -0.0018475156582465333 -0.042470132409885362 0.08641384844835126 -0.03663049000363526 -0.0047220227202344296 0.005300564648971379 0.070247846608361614 -0.0057862817998567797 0.020213569802693163 0.0032330254976976219 -0.029691780050571923 0.023841525057102159 -0.0048549689165758598 0.016099526206426407 0.024197687028471498 -0.016390260789432513
leaf_weight=921222 177702 198127 22479 116961 55951 98601 39373 157984 49261 54984 63555 226796 255371 94594 752717 27028 5060 30967 118482 28792 10477 50776 74677 352556 13984 81300 676381 133713 32619 77510
leaf_count=921222 177702 198127 22479 116961 55951 98601 39373 157984 49261 54984 63555 226796 255371 94594 752717 27028 5060 30967 118482 28792 10477 50776 74677 352556 13984 81300 676381 133713 32619 77510
internal_value=-2.61734e-08 -0.000325798 -0.00712255 -0.01774 -0.00230624 0.000368374 0.00184123 -0.000356911 0.00145309 -0.00307258 0.0172396 -0.0100366 -0.000595228 -0.0118562 0.00107564 -0.015831 0.000658713 0.00695534 0.00130584 -0.0164333 0.00547259 0.0143579 0.00969151 0.00667707 0.00562053 0.0275078 -0.00071086 0.00169501 -0.000172508 -0.000968449
internal_weight=5e+06 4.8223e+06 446875 139440 307435 4.37542e+06 251484 3.92427e+06 2.35479e+06 1.56947e+06 112816 411808 1.15767e+06 149578 1.00809e+06 253824 2.24198e+06 400531 314171 59759 254412 135930 125453 451157 212111 86360 1.84144e+06 1.16506e+06 1.03135e+06 998732
internal_count=5000000 4822298 446875 139440 307435 4375423 251484 3924266 2354792 1569474 112816 411808 1157666 149578 1008088 253824 2241976 400531 314171 59759 254412 135930 125453 451157 212111 86360 1841445 1165064 1031351 998732
cat_boundaries=0 1 2 3 4 5 6 7 8 9
cat_threshold=2044 3968 6174 16522368 516158 248 7682 568 14687239
is_linear=0
shrinkage=0.1


Tree=150
num_leaves=31
num_cat=6
split_feature=0 18 26 16 24 70 48 83 55 17 0 0 28 2 14 76 75 86 76 0 76 72 72 76 76 49 26 81 87 51
split_gain=1410.1 1642.54 1823.01 1908.22 1558.08 1548.93 1958.22 1708.95 1721.1 1465.17 2989.78 2659.15 4360.89 4258.1 3626.26 2415.91 2185.76 2059.36 1903.79 2251.24 1832.67 1802.67 1771.5 1675.25 1548.9 5403.28 3865.71 4675.83 4793.78 4880.98
threshold=33.45000076293946 29.94999980926514 1.0000000180025095e-35 29.750000000000004 3.2500000000000004 0.65000000596046459 0.84999999403953563 -13.249999999999998 0.94999998807907116 19.94999980926514 25.650000572204593 14.449999809265138 1.0000000180025095e-35 13.449999809265138 20.250000000000004 0 1 22.550000190734867 2 29.550000190734867 3 30.90164947509766 34.80999946594239 4 5 5.1499998569488534 1.0000000180025095e-35 1.0000000180025095e-35 1.0000000180025095e-35 1.7500000000000002
decision_type=2 10 8 8 2 10 10 8 10 10 2 2 10 8 8 1 1 8 1 2 1 2 2 1 1 10 10 10 10 8
left_child=1 4 3 -3 5 6 7 -1 -9 10 21 12 14 -13 16 -16 -11 20 22 -20 -15 23 -19 -7 25 26 27 28 29 -23
right_child=-2 2 -4 -5 -6 9 -8 8 -10 11 -12 13 -14 17 15 -17 -18 18 19 -21 -22 24 -24 -25 -26 -27 -28 -29 -30 -31
leaf_value=-0.093302124870269773 0.029910620566808283 -0.030710240707229042 -0.070653826176723084 -0.0011645177338167481 0.014653016297008523 -0.0020214517677341281 -0.0084866692596334437 0.0067418866543049964 -0.0053096964719110207 -0.014425875702981206 0.032922553726938586 0.052682820433041157 -0.1456122336477729 -0.0031119350363281056 0.018586601838887992 -0.043868995533684001 -0.082907012290146728 0.0025775254311240707 0.0042000480339379233 0.04862847341962262 -0.020434789683508942 0.0069997762763717337 -0.01174269509791195 0.034888935879579717 0.0001320326246893281 -0.027741259464770646 -0.018683636731047098 -0.033648799682899126 -0.047596367502090085 0.028643699275190334
leaf_weight=1925 15712 30019 5047 80421 73316 20383 445412 253558 222472 8474 31007 14482 2790 164056 24534 8274 10390 171242 381087 11757 97292 264065 174329 31000 2160743 43677 46295 21778 12367 172096
leaf_count=1925 15712 30019 5047 80421 73316 20383 445412 253558 222472 8474 31007 14482 2790 164056 24534 8274 10390 171242 381087 11757 97292 264065 174329 31000 2160743 43677 46295 21778 12367 172096
internal_value=-3.69499e-08 -9.43245e-05 -0.0118813 -0.00919542 0.00018526 -3.59314e-05 -0.00371626 0.000729345 0.00110959 0.0008417 0.00204273 -0.00230883 -0.023835 -0.00115294 -0.0172597 0.00282793 -0.0521958 -0.00193277 0.000767315 0.00552956 -0.00956161 0.00169737 -0.00464641 0.0202534 0.00134696 0.00603229 0.00888786 0.0116019 0.013799 0.0155398
internal_weight=5e+06 4.98429e+06 115487 110440 4.8688e+06 4.79548e+06 923367 477955 476030 3.87212e+06 2.80341e+06 1.06871e+06 54462 1.01424e+06 51672 32808 18864 999763 738415 392844 261348 2.7724e+06 345571 51383 2.72102e+06 560278 516601 470306 448528 436161
internal_count=5000000 4984288 115487 110440 4868801 4795485 923367 477955 476030 3872118 2803411 1068707 54462 1014245 51672 32808 18864 999763 738415 392844 261348 2772404 345571 51383 2721021 560278 516601 470306 448528 436161
cat_boundaries=0 1 2 3 4 5 6
cat_threshold=240 3840 11530240 3327 16143 504
is_linear=0
shrinkage=0.1


Tree=151
num_leaves=31
num_cat=4
split_feature=77 17 12 83 80 4 0 23 67 73 17 76 17 9 73 88 79 85 75 76 76 48 55 90 72 73 73 73 72 72
split_gain=1369.61 1986.31 3350.97 2648.22 1993.42 1968.15 3103.86 1829.42 1696.59 1691.77 1628.17 1592.48 1853.77 1764.3 1676.54 1588.19 2146.96 1972.16 2154.96 8325.16 6481.95 2749.6 3120.13 2272.95 2027.23 3194.24 3046.07 2380.58 3918.08 2300.2
threshold=26.550000190734867 22.050000190734867 23.250000000000004 18.750000000000004 21.349999427795414 17.250000000000004 17.650000572204593 19.349999427795414 6.5499999523162851 142.61585235595706 22.44999980926514 0 27.349999427795414 22.050000190734867 135.29250335693362 0.75000000000000011 0.94999998807907116 0.94999998807907116 1 2 3 0.75000000000000011 1.2500000000000002 1.0000000180025095e-35 36.823350906372077 143.1683044433594 144.7174987792969 139.29000091552737 35.662500381469734 43.490848541259773
decision_type=10 10 8 8 10 10 2 8 10 2 10 1 10 8 2 8 8 8 1 1 1 10 10 10 2 2 2 2 2 2
left_child=1 4 3 9 8 6 -5 -6 15 -3 -2 12 14 -13 -4 -1 -17 -18 19 24 23 -21 -23 -20 27 -26 29 -19 -29 -27
right_child=10 2 11 5 7 -7 -8 -9 -10 -11 -12 13 -14 -15 -16 16 17 18 20 21 -22 22 -24 -25 25 26 -28 28 -30 -31
leaf_value=0.0046642252333203857 0.026991307044168151 -0.027332540412479872 0.0021968303425300008 -0.021144067163337946 0.028939835100460623 -0.012767597899467811 0.029437502010929185 0.0054777970345023467 0.010160006846193627 -0.092695849891352891 0.0039082739971104388 -0.044114231068507787 -0.001938051787584865 -0.0030468140494615903 0.027502670538752001 0.0052976358924059375 0.0039075153912643571 0.0022612281084797479 -0.012022078249508881 0.0015043722539012793 0.0066172919083168375 -0.025255122516784537 -0.010344570029987834 0.012476151044303982 0.018231103911672347 -0.071788780540217562 0.032454139410360495 0.030415024750775507 -0.053284676909713696 -0.00216823741887779
leaf_weight=526942 36065 53706 47537 20226 41193 211796 30314 172004 159196 4275 200093 10801 122453 332411 58273 423866 416279 199188 385015 109033 580808 219960 387714 42004 154229 10593 8124 7849 19456 8597
leaf_count=526942 36065 53706 47537 20226 41193 211796 30314 172004 159196 4275 200093 10801 122453 332411 58273 423866 416279 199188 385015 109033 580808 219960 387714 42004 154229 10593 8124 7849 19456 8597
internal_value=-5.58948e-08 -0.000368555 -0.0046234 -0.0128111 0.0006114 -0.00853645 0.00919487 0.010011 6.36953e-05 -0.0321518 0.00743341 -3.412e-05 0.00643867 -0.00433909 0.0161336 -0.000395576 -0.00129247 -0.00238839 -0.00361735 -0.00662641 -0.000259159 -0.0131179 -0.0157417 -0.00961207 0.00477582 0.0126489 -0.018871 -0.00153457 -0.0292247 -0.0405992
internal_weight=5e+06 4.76384e+06 891792 320317 3.87205e+06 262336 50540 213197 3.65885e+06 57981 236158 571475 228263 343212 105810 3.49966e+06 2.97272e+06 2.54885e+06 2.13257e+06 1.12474e+06 1.00783e+06 716707 607674 427019 408036 181543 27314 226493 27305 19190
internal_count=5000000 4763842 891792 320317 3872050 262336 50540 213197 3658853 57981 236158 571475 228263 343212 105810 3499657 2972715 2548849 2132570 1124743 1007827 716707 607674 427019 408036 181543 27314 226493 27305 19190
cat_boundaries=0 1 2 3 4
cat_threshold=498 7174 16711808 10453760
is_linear=0
shrinkage=0.1


Tree=152
num_leaves=31
num_cat=6
split_feature=23 80 17 77 80 82 76 76 74 85 11 75 73 73 72 73 72 90 73 72 18 73 59 72 7 75 76 74 76 48
split_gain=1384.18 2487.37 1640.37 2643.39 2184.89 1913.73 2216.33 1949.59 3484.28 2722.76 2676.12 2610.39 2469.05 2829.31 3362.85 3241.75 2373.25 2430.78 2255.34 2192.89 2160.23 2093.83 2029.63 1999.19 1895.93 1868.58 5181.79 3240.46 3394.49 2846
threshold=-10.15000009536743 -6.0499999523162833 1.2500000000000002 1.4499999880790713 7.0499999523162851 2.5499999523162846 0 1 396.50000000000006 4.1499998569488534 -1.0000000180025095e-35 2 129.97499847412112 134.46669769287112 34.879999160766609 138.99334716796878 35.44585037231446 1.0000000180025095e-35 144.7174987792969 30.90164947509766 24.750000000000004 134.58415222167972 2.7500000000000004 37.649148941040046 24.150000572204593 3 4 19.500000000000004 5 0.75000000000000011
decision_type=8 8 10 8 10 10 1 1 2 10 8 1 2 2 2 2 2 8 2 2 8 2 10 2 8 1 1 2 1 8
left_child=-1 -2 4 -4 -3 7 -7 8 9 18 -9 23 -12 16 15 -15 17 19 22 -14 21 -16 25 -10 -22 26 29 28 -27 -5
right_child=1 2 3 5 -6 6 -8 10 11 -11 12 -13 13 14 20 -17 -18 -19 -20 -21 24 -23 -24 -25 -26 27 -28 -29 -30 -31
leaf_value=0.018278691442824676 -0.019184453345412043 0.0035165831081717933 -0.01415388657779014 0.027094211362615792 0.029766137702513996 0.0054289672216143803 -0.0072795979393452228 -0.054374262793452088 0.0061156178309991552 -0.010459486007143741 0.015315198311985604 -0.021268515535055234 0.045937168423196235 0.010728345564228883 0.087922531449555669 0.065689059060496199 0.028036418843531214 0.012740633681557912 -0.03055921250875028 -0.013748408378033265 -0.095320261465376546 -0.00059683876453170545 -0.00074708235258198459 -0.02854985626179677 -0.016594836593127358 0.018742638516737277 0.01083201636118282 0.016456916923955848 -0.010608578346166546 -0.018325039426368189
leaf_weight=41088 67726 577958 138818 15658 33550 175556 628460 9529 108479 105197 85506 92151 6257 116770 2680 11818 16765 41303 16462 380253 3277 915816 289659 19650 46003 62642 303369 465413 106170 116017
leaf_count=41088 67726 577958 138818 15658 33550 175556 628460 9529 108479 105197 85506 92151 6257 116770 2680 11818 16765 41303 16462 380253 3277 915816 289659 19650 46003 62642 303369 465413 106170 116017
internal_value=-4.89811e-08 -0.000151501 0.00011204 -0.000580204 0.00495675 -0.00012516 -0.00450472 0.000930099 0.00330068 0.00504649 -0.00153452 -0.00843343 -0.00122495 -0.00214276 0.000585867 0.0157796 -0.00887176 -0.0103181 0.00623247 -0.0127822 -0.00143291 -0.000338556 0.00667816 0.000799221 -0.0218299 0.00868962 0.00364192 0.0121518 0.000283421 -0.0129231
internal_weight=5e+06 4.95891e+06 4.89119e+06 4.27968e+06 611508 4.14086e+06 804016 3.33684e+06 1.70087e+06 1.48059e+06 1.63598e+06 220280 1.62645e+06 1.54094e+06 1.09636e+06 128588 444578 427813 1.37539e+06 386510 967776 918496 1.35893e+06 128129 49280 1.06927e+06 435044 634225 168812 131675
internal_count=5000000 4958912 4891186 4279678 611508 4140860 804016 3336844 1700867 1480587 1635977 220280 1626448 1540942 1096364 128588 444578 427813 1375390 386510 967776 918496 1358928 128129 49280 1069269 435044 634225 168812 131675
cat_boundaries=0 1 2 3 4 5 6
cat_threshold=16515073 32760 504 7682 30720 30728
is_linear=0
shrinkage=0.1


Tree=153
num_leaves=31
num_cat=9
split_feature=75 22 89 3 17 72 73 76 17 72 75 76 18 73 76 48 7 24 18 83 4 80 48 0 76 72 76 76 74 76
split_gain=1315.15 2708.4 2339.9 3690.5 2269.17 2741.77 2602.19 2253.53 2062.51 2760.82 2989.99 1992.06 1933.7 2022.94 1932.21 3139.62 2404.17 1980.64 1788 2063.68 4010.4 1852.57 1762.3 2643.4 1756.46 1748.62 1703.57 1702.25 1651.61 1636.86
threshold=0 8.2500000000000018 16.44999980926514 18.750000000000004 13.550000190734865 34.788349151611335 138.99334716796878 1 1.2500000000000002 39.600799560546882 2 3 20.150000572204593 142.9716491699219 4 3.2500000000000004 -13.15000009536743 1.0000000180025095e-35 23.550000190734867 19.94999980926514 22.750000000000004 25.150000572204593 3.2500000000000004 -4.7499999999999991 5 33.588350296020515 6 7 87.500000000000014 8
decision_type=1 8 8 10 8 2 2 1 10 2 1 1 10 2 1 10 8 2 10 8 10 8 10 2 1 2 1 1 2 1
left_child=4 7 3 12 5 6 27 -2 14 28 -11 -5 -3 -14 22 16 -16 24 19 20 -4 29 -7 -24 -18 -6 -23 -1 -10 -20
right_child=1 2 18 11 25 8 -8 -9 9 10 -12 -13 13 -15 15 -17 17 -19 21 -21 -22 26 23 -25 -26 -27 -28 -29 -30 -31
leaf_value=-0.0096281758461806838 -0.014500391731905475 -0.0016404582924953758 0.0003871996470016606 0.013700147169655364 -0.0063720738576010629 0.019482610105865102 0.064952787807444345 0.0079549318714231664 0.0008210641209817443 -0.013587290167782562 -0.057204486221723173 -0.042875383975326746 -0.013987378752743536 -0.075731705265156296 -0.070911899782674218 0.014454006226960768 -0.023912994861431169 0.019540740738173079 -0.0064223950132325409 0.0059396226480760107 -0.036303604719673269 0.0086483578048220863 -0.062903099926077108 0.0078891728667915308 -0.0046066817838447812 -0.03296224579237185 -0.003161908550021976 0.0092171490881787273 -0.013681601442481039 -0.028880556404999098
leaf_weight=60780 47880 594677 519332 7488 61575 79423 7486 669484 173451 49914 22944 36850 68051 5755 6073 75238 66074 24905 185751 974651 31603 173255 6996 21437 164303 41333 413874 226612 143485 39320
leaf_count=60780 47880 594677 519332 7488 61575 79423 7486 669484 173451 49914 22944 36850 68051 5755 6073 75238 66074 24905 185751 974651 31603 173255 6996 21437 164303 41333 413874 226612 143485 39320
internal_value=-4.49128e-08 0.000927338 -0.000372766 -0.0053883 -0.00283629 -0.00154069 0.0067477 0.00645607 -0.00447037 -0.00977977 -0.0273327 -0.0333272 -0.00353522 -0.0188019 0.000186114 -0.00354631 -0.00872832 -0.00724901 0.00115654 0.00317441 -0.00171748 -0.00263372 0.0118334 -0.00952942 -0.0101451 -0.017052 0.000323258 0.00523157 -0.00574466 -0.0103474
internal_weight=5e+06 3.76797e+06 3.05061e+06 712821 1.23203e+06 1.12912e+06 294878 717364 834243 389794 72858 44338 668483 73806 444449 336593 261355 255282 2.33779e+06 1.52559e+06 550935 812200 107856 28433 230377 102908 587129 287392 316936 225071
internal_count=5000000 3767971 3050607 712821 1232029 1129121 294878 717364 834243 389794 72858 44338 668483 73806 444449 336593 261355 255282 2337786 1525586 550935 812200 107856 28433 230377 102908 587129 287392 316936 225071
cat_boundaries=0 1 2 3 4 5 6 7 8 9
cat_threshold=14 7168 8 1150 8112 507904 1984 393286 4094
is_linear=0
shrinkage=0.1


Tree=154
num_leaves=31
num_cat=6
split_feature=0 23 18 77 12 76 17 5 0 1 0 13 83 1 74 1 2 83 83 76 89 17 4 89 76 1 12 76 75 76
split_gain=1307.52 2010.75 1334.69 3749.27 2976.45 4355.79 2874.55 2212.47 2374.3 2235.83 2153.41 2125.75 2122.13 6224.73 2508.55 2356.28 2245.48 4922.32 2917.02 2311.43 1976.19 3590.38 4493.82 3710.63 3783.12 3491.98 3249.03 3600.35 3497.68 3600.15
threshold=31.44999980926514 32.750000000000007 17.050000190734867 17.94999980926514 17.44999980926514 0 19.750000000000004 8.8499999046325701 13.050000190734865 12.449999809265138 25.94999980926514 14.250000000000002 8.8499999046325701 8.4499998092651385 326.00000000000006 4.4500000476837167 15.250000000000002 15.34999990463257 12.449999809265138 1 9.8499999046325701 8.0500001907348651 9.0500001907348651 2.4500000476837163 2 7.8500001430511483 11.650000095367433 3 4 5
decision_type=2 10 10 10 8 1 8 10 2 8 2 10 10 8 2 10 8 10 8 1 10 8 10 10 1 8 10 1 1 1
left_child=1 2 3 12 5 7 11 -4 -9 -10 -11 -7 20 14 15 -14 18 -18 -15 -20 21 22 23 -1 -25 -22 27 -23 -28 -30
right_child=-2 -3 4 -5 -6 6 -8 8 9 10 -12 -13 13 16 -16 -17 17 -19 19 -21 25 26 -24 24 -26 -27 28 -29 29 -31
leaf_value=-0.0010816036217468131 0.014903830784450024 -0.051454380790300618 0.021476889497323556 0.016723277537666403 -0.00038050497618789532 -0.064849391424104078 -0.065162947974692964 -0.038487554214436843 0.055990748514263528 -0.0078674929919265498 0.045604274647051704 -0.015056142894256448 0.13879733397226332 -0.00067892346766830242 0.0055654043656694361 0.043917814207862865 -0.026028785077949087 0.0037428791887973907 0.035562260970436244 0.0098700412024054288 0.04998519064935486 -0.031537831840171116 -0.01768316201805218 0.0023461717052637443 0.025150542903811485 0.0037688397385642041 -0.014946373818611126 -0.0081556128441946235 0.027326150497032214 -0.012155391243901114
leaf_weight=936084 58179 7635 32283 148240 1593898 9571 16862 21078 6218 148431 7934 82287 2819 239397 17905 36613 77869 193621 45241 154967 17487 103399 127658 177664 123188 251125 81045 181388 63684 36230
leaf_count=936084 58179 7635 32283 148240 1593898 9571 16862 21078 6218 148431 7934 82287 2819 239397 17905 36613 77869 193621 45241 154967 17487 103399 127658 177664 123188 251125 81045 181388 63684 36230
internal_value=-7.34741e-08 -0.000175534 -9.61867e-05 0.00121566 -0.00215816 -0.0108854 -0.0272085 -0.00266588 -0.00690972 -0.00281582 -0.00515432 -0.0202443 0.000413934 0.00491009 0.0366061 0.0507008 0.00235438 -0.00479626 0.00677045 0.015678 -0.00123212 -0.00240759 0.000179893 0.00202345 0.0116846 0.00677759 -0.00998867 -0.0166465 0.000489183 0.0130099
internal_weight=5e+06 4.94182e+06 4.93419e+06 3.01562e+06 1.91856e+06 324664 108720 215944 183661 162583 156365 91858 2.86738e+06 768432 57337 39432 711095 271490 439605 200208 2.09895e+06 1.83034e+06 1.36459e+06 1.23694e+06 300852 268612 465746 284787 180959 99914
internal_count=5000000 4941821 4934186 3015624 1918562 324664 108720 215944 183661 162583 156365 91858 2867384 768432 57337 39432 711095 271490 439605 200208 2098952 1830340 1364594 1236936 300852 268612 465746 284787 180959 99914
cat_boundaries=0 1 2 3 4 5 6
cat_threshold=15744896 1967040 4455427 1596 7174 6398
is_linear=0
shrinkage=0.1


Tree=155
num_leaves=31
num_cat=4
split_feature=74 88 76 79 75 57 76 48 86 82 54 26 81 78 87 27 84 17 90 45 25 72 50 3 12 48 58 75 74 73
split_gain=1322.32 1514.46 2308.57 3621.68 2532.89 2218.9 3992.31 3203.02 2542.7 2064.92 2028.32 1935.84 3498.53 4402.72 3939.55 3823.91 3358.4 3209.74 3174.32 2965.52 2390.7 2261.79 2171.39 3400.89 3087.13 2352.15 2088.39 2026.03 1891.43 1758.88
threshold=7.5000000000000009 1.9499999880790713 0 2.5499999523162846 1 2.7500000000000004 2 2.9500000476837163 -3.8500000238418575 1.3499999642372134 3.2500000000000004 1.0000000180025095e-35 1.0000000180025095e-35 1.0000000180025095e-35 1.0000000180025095e-35 1.0000000180025095e-35 1.0000000180025095e-35 5.0499999523162851 1.0000000180025095e-35 1.0000000180025095e-35 1.0000000180025095e-35 37.567501068115241 1.6500000357627871 13.550000190734865 21.44999980926514 1.8499999642372134 1.2500000000000002 3 514.00000000000011 129.87249755859378
decision_type=2 10 1 10 1 8 1 8 10 8 8 10 10 10 10 10 10 10 10 10 10 2 8 10 10 8 8 1 2 2
left_child=-1 2 3 4 -2 9 8 -8 -7 -3 -9 12 13 14 15 16 17 21 -13 20 22 -6 24 25 26 -24 28 -21 -19 -4
right_child=1 5 29 -5 11 6 7 10 -10 -11 -12 18 -14 -15 -16 -17 -18 19 -20 27 -22 -23 23 -25 -26 -27 -28 -29 -30 -31
leaf_value=0.0039278471359178507 -0.011731273671348123 0.0051161479442550792 0.015746125006347794 -0.01253118693446994 0.063157483130318021 -0.062213573393086745 -0.0049845471465998666 -0.0058336805869524692 -0.007896728746382661 -0.0092669099182814581 0.022769126318252064 -0.030482021265439266 -0.022524644517185281 -0.041237658867051621 -0.044110355047748809 -0.040350780649730134 -0.052599338877470272 0.012420220250232303 0.011221508037155719 -0.015165771285256919 -0.077435487464524666 0.02403595648814609 0.015138131196206068 0.0058233017405225664 0.020579215728084545 0.053492251316231434 -0.010437386383776288 0.049245835895480157 -0.018857093771951345 -0.0018253949397739025
leaf_weight=731653 68175 118570 58563 109940 21102 9220 98742 30164 132083 631078 139221 32423 31650 15474 11976 12798 7296 146200 41759 5728 3031 49313 26291 60882 128955 40809 92189 33122 22281 2089312
leaf_count=731653 68175 118570 58563 109940 21102 9220 98742 30164 132083 631078 139221 32423 31650 15474 11976 12798 7296 146200 41759 5728 3031 49313 26291 60882 128955 40809 92189 33122 22281 2089312
internal_value=-5.94315e-08 -0.000673356 0.000476719 0.00454952 0.00675504 -0.00375847 0.00216192 0.00933026 -0.0114401 -0.00699198 0.0176756 0.00836409 0.00997215 0.0114904 0.0127229 0.0137701 0.0148571 0.0156384 -0.00700601 0.013106 0.0111172 0.0357599 0.0116358 0.0229368 0.00792367 0.0384644 0.0016629 0.0397578 0.00828391 -0.00134629
internal_weight=5e+06 4.26835e+06 3.10927e+06 961394 851454 1.15908e+06 409430 268127 141303 749648 169385 783279 709097 677447 661973 649997 637199 629903 74182 559488 520638 70415 517607 127982 389625 67100 260670 38850 168481 2.14788e+06
internal_count=5000000 4268347 3109269 961394 851454 1159078 409430 268127 141303 749648 169385 783279 709097 677447 661973 649997 637199 629903 74182 559488 520638 70415 517607 127982 389625 67100 260670 38850 168481 2147875
cat_boundaries=0 1 2 3 4
cat_threshold=2032 2 4092 6148
is_linear=0
shrinkage=0.1


Tree=156
num_leaves=31
num_cat=8
split_feature=18 75 17 86 72 76 75 23 72 76 2 35 80 3 0 86 1 76 75 23 9 75 14 80 1 3 17 13 89 76
split_gain=1446.8 1749.21 2228.94 3129.13 2661.69 2564.75 2489.02 2214.9 1954.82 1900.23 1802.95 1993.07 1788.51 2959.5 4122.47 3083.05 2849.55 2476.22 2253.33 1844.97 1715.85 2964.12 1711.59 1708.9 2941.94 2321.15 2502.33 3829.32 3466.28 3078.2
threshold=28.94999980926514 0 13.550000190734865 14.34999990463257 37.846700668334968 1 2 12.250000000000002 26.891649246215824 3 10.84999990463257 1.0000000180025095e-35 13.050000190734865 13.050000190734865 12.449999809265138 8.0500001907348651 4.4500000476837167 4 5 10.050000190734865 10.449999809265138 6 14.949999809265138 8.2500000000000018 7.6499998569488534 7.8500001430511483 8.0500001907348651 11.050000190734865 2.8500000238418584 7
decision_type=10 1 8 10 2 1 1 8 2 1 8 10 10 10 2 10 8 1 1 10 10 1 8 10 8 10 10 8 10 1
left_child=1 -1 3 12 6 -6 8 -5 -4 10 11 22 13 15 18 23 -17 -18 -15 -14 21 -9 -8 25 -25 26 28 -28 -3 -30
right_child=-2 2 4 7 5 -7 9 20 -10 -11 -12 -13 19 14 -16 16 17 -19 -20 -21 -22 -23 -24 24 -26 -27 27 -29 29 -31
leaf_value=0.0049007648904177345 -0.0088481051934316459 -0.0011346079471247867 0.00610809396470865 0.031782372465133706 -0.003133892483833492 -0.019595971657709127 0.010432991060387503 -0.032259063725471382 -0.021526452464361929 -0.0016087166584428183 0.0039211699189265967 -0.08765815404680305 0.035841568829140996 -0.049543158286110889 0.00062850885137802966 0.067314430119255989 0.022738615041130492 0.0020998979988481794 -0.013855651517915757 0.0059055212040303598 0.016846223324808313 0.014041171073424737 0.048580519326122618 0.04182404841674358 0.0026170888202952506 -0.011824572173004505 -0.018395897881120445 0.012981697784469746 0.03114641491655918 0.0054713352984927487
leaf_weight=712581 178218 934058 34881 50674 208386 173395 23754 24429 96181 937741 175035 1503 25699 34696 93637 8605 86314 178035 36146 103503 78008 31835 23297 24441 88215 195444 152309 52232 63989 172759
leaf_count=712581 178218 934058 34881 50674 208386 173395 23754 24429 96181 937741 175035 1503 25699 34696 93637 8605 86314 178035 36146 103503 78008 31835 23297 24441 88215 195444 152309 52232 63989 172759
internal_value=-4.90223e-08 0.000326984 -0.000466171 0.00146499 -0.00327498 -0.0106111 -0.00110784 0.0139686 -0.0141707 0.000366492 0.0086503 0.0257004 0.000437251 -0.00025861 -0.0131418 0.000824513 0.0106831 0.0088397 -0.0313431 0.01186 0.00724576 -0.00606495 0.0293215 -0.000773964 0.0111231 -0.00162722 -0.000178118 -0.0103833 0.00160473 0.0124124
internal_weight=5e+06 4.82178e+06 4.1092e+06 2.43503e+06 1.67417e+06 381781 1.29239e+06 184946 131062 1.16133e+06 223589 48554 2.25008e+06 2.12088e+06 164479 1.9564e+06 272954 264349 70842 129202 134272 56264 47051 1.68345e+06 112656 1.57079e+06 1.37535e+06 204541 1.17081e+06 236748
internal_count=5000000 4821782 4109201 2435028 1674173 381781 1292392 184946 131062 1161330 223589 48554 2250082 2120880 164479 1956401 272954 264349 70842 129202 134272 56264 47051 1683447 112656 1570791 1375347 204541 1170806 236748
cat_boundaries=0 1 2 3 4 5 6 7 8
cat_threshold=384 14683383 4110 960 8258032 568 3584 787452
is_linear=0
shrinkage=0.1


Tree=157
num_leaves=31
num_cat=6
split_feature=17 0 86 75 2 76 76 0 58 17 3 6 86 2 83 77 72 80 73 74 74 73 73 72 76 76 17 8 0 76
split_gain=1361.81 3404.78 3296.87 2957.47 2385.69 2371.85 2049.5 2002.75 2372.97 1910.54 1803.31 1602.83 1579.09 2431.72 1994.05 2292.49 1605.95 1731.43 1594.41 1838.58 1467.2 1704.19 1443.12 2294.92 1735.29 1557.55 1441.14 1375.8 1368.15 1367.83
threshold=-4.3500001430511466 -2.7499999999999996 -1.9499999880790708 0 -2.7499999999999996 1 2 -6.6499998569488517 2.3500000238418584 4.4500000476837167 -5.8500001430511466 -6.6499998569488517 -7.1499998569488517 -4.8500001430511466 -13.249999999999998 -13.15000009536743 42.731649398803718 -13.749999999999998 143.93750000000003 275.50000000000006 221.00000000000003 130.98335266113284 137.86834716796878 37.670000076293952 3 4 1.0500000119209292 -7.4500000476837149 -12.849999904632567 5
decision_type=10 2 10 1 8 1 1 2 8 8 8 8 10 10 10 10 2 10 2 2 2 2 2 2 1 1 10 10 2 1
left_child=12 2 3 6 -3 -5 -2 8 -7 11 -4 -9 14 -14 15 16 -1 18 19 29 -6 -22 25 -24 -25 -23 -10 -15 -16 -18
right_child=1 4 10 5 20 7 -8 9 26 -11 -12 -13 13 27 28 -17 17 -19 -20 -21 21 22 23 24 -26 -27 -28 -29 -30 -31
leaf_value=0.0091856050583666513 0.031964763307998953 0.028702244376559938 0.13063716765011485 -0.0022264245450961677 0.00095191251293138201 -0.034364759280501055 -0.045465486758674657 0.048938895019864759 -0.089343503844850444 -0.08203737861130965 0.016498904296807101 -0.024815376604521405 0.041586368550763073 -0.026269373319430786 0.068035562938963359 0.0086825079607757358 -0.056277341453321542 -0.014087313346180189 0.0023395289970533188 -0.020845887287675096 0.017165983008502538 -0.014488880779613571 0.0040849756415193015 -0.02161051057221822 -0.0025898544501310856 -0.0028485744484166671 -0.23068785687690344 0.013288745638783961 0.0064309742904381309 -0.16368520996164115
leaf_weight=4693 15602 29070 1527 29225 3540656 12698 4368 3119 7787 5588 14805 53292 29145 10566 3829 16218 1727 5693 1754 2010 39416 212299 368703 71671 144999 250713 795 52363 61628 4041
leaf_count=4693 15602 29070 1527 29225 3540656 12698 4368 3119 7787 5588 14805 53292 29145 10566 3829 16218 1727 5693 1754 2010 39416 212299 368703 71671 144999 250713 795 52363 61628 4041
internal_value=-5.20408e-08 -0.000331332 -0.0152217 -0.020448 0.000144409 -0.0267417 0.0150143 -0.0353435 -0.0618176 -0.0262624 0.0271705 -0.0207375 0.00822148 0.0177065 -0.00037484 -0.0192306 -0.0419585 -0.0577234 -0.0837851 -0.103207 -3.49547e-05 -0.00324708 -0.00401455 -0.000714882 -0.0088827 -0.00818623 -0.102437 0.0066468 0.0100346 -0.131908
internal_weight=5e+06 4.80633e+06 148806 132474 4.65753e+06 112504 19970 83279 21280 61999 16332 56411 193667 92074 101593 36136 19918 15225 9532 7778 4.62846e+06 1.0878e+06 1.04838e+06 585373 216670 463012 8582 62929 65457 5768
internal_count=5000000 4806333 148806 132474 4657527 112504 19970 83279 21280 61999 16332 56411 193667 92074 101593 36136 19918 15225 9532 7778 4628457 1087801 1048385 585373 216670 463012 8582 62929 65457 5768
cat_boundaries=0 1 2 3 4 5 6
cat_threshold=1080 129408 39422 165840 508030 8160
is_linear=0
shrinkage=0.1


Tree=158
num_leaves=31
num_cat=5
split_feature=91 56 48 76 74 77 17 89 1 72 73 76 76 50 9 90 75 88 0 4 52 76 48 30 90 16 8 0 7 17
split_gain=1310.37 1791.87 4280.06 2632.74 1726.23 1754.56 1639.74 2571.14 1852.62 1594.54 1619.01 1873.58 1501.76 2969.69 2395.51 2317.48 2234.32 2158.96 2120.47 2051.94 2855.6 2285.43 2780.56 2471.88 2422.59 1899.3 3625.89 2850.65 1964.09 1923.12
threshold=1.9499999880790713 3.1499999761581425 2.5499999523162846 0 507.00000000000006 13.050000190734865 -4.8500001430511466 -3.0499999523162837 -4.3500001430511466 43.387498855590827 141.86750030517581 1 2 1.3499999642372134 -1.0000000180025095e-35 1.0000000180025095e-35 3 4.3500001430511483 23.349999427795414 16.349999427795414 1.5500000119209292 4 1.8499999642372134 1.0000000180025095e-35 1.0000000180025095e-35 5.2500000000000009 6.2500000000000009 6.0499999523162851 2.0499999523162846 8.6500000953674334
decision_type=10 10 10 1 2 8 8 8 8 2 2 1 1 8 8 10 1 10 2 10 10 1 10 10 10 10 8 2 8 10
left_child=1 12 -3 -4 6 -6 9 -8 -9 10 -2 -12 14 18 15 -1 -16 19 -14 20 -15 22 -22 24 -24 27 29 -18 -29 -27
right_child=4 2 3 -5 5 -7 7 8 -10 -11 11 -13 13 17 16 -17 25 -19 -20 -21 21 -23 23 -25 -26 26 -28 28 -30 -31
leaf_value=-0.018480218339357996 0.021994404674625517 -0.011194465676695063 -0.0051260626717172554 0.012576368222876763 -0.047552340686053615 -0.0096292834802967353 -0.027989701000127789 0.06652286423980433 -0.0017714236595726095 0.03779354128890286 0.085319969897257028 -0.044195043537587041 -0.00096969411546767915 0.0052614401039333082 -0.0036963828803285958 0.029270620910440439 0.0045200476552828064 -0.014531683235697774 0.012100159306910722 0.0031099618012957264 0.012552178457359174 0.013716159680679241 0.05954866484848198 -0.017697525831845109 -0.027303652720496532 -0.023569857328816963 0.0045697327653216324 -0.016205006533602802 0.040818036820564646 -0.099879622153984798
leaf_weight=109468 14550 353677 153981 184868 15073 64008 37875 3984 1328138 20363 1256 9550 939903 171786 497668 11204 89267 36091 143023 230295 36867 129620 50217 5283 3431 17349 282735 6921 47470 4079
leaf_count=109468 14550 353677 153981 184868 15073 64008 37875 3984 1328138 20363 1256 9550 939903 171786 497668 11204 89267 36091 143023 230295 36867 129620 50217 5283 3431 17349 282735 6921 47470 4079
internal_value=-1.02276e-07 0.00105707 -0.00349951 0.00453218 -0.00247911 -0.0168575 -0.00167594 -0.00229765 -0.00156717 0.016954 0.000218057 -0.0291032 0.00217898 0.00398433 -0.000778471 -0.0140467 0.000914935 0.00925203 0.000756453 0.01062 0.0149742 0.0223761 0.0340884 0.0475672 0.0539941 0.00603949 0.00156397 0.0155158 0.0335621 -0.0380961
internal_weight=5e+06 3.5052e+06 692526 338849 1.4948e+06 79081 1.41572e+06 1.37e+06 1.33212e+06 45719 25356 10806 2.81268e+06 1.74652e+06 1.06616e+06 120672 945489 663590 1.08293e+06 627499 397204 225418 95798 58931 53648 447821 304163 143658 54391 21428
internal_count=5000000 3505203 692526 338849 1494797 79081 1415716 1369997 1332122 45719 25356 10806 2812677 1746516 1066161 120672 945489 663590 1082926 627499 397204 225418 95798 58931 53648 447821 304163 143658 54391 21428
cat_boundaries=0 1 2 3 4 5
cat_threshold=12586559 2040 2088963 888 496
is_linear=0
shrinkage=0.1


Tree=159
num_leaves=31
num_cat=6
split_feature=18 0 76 4 19 0 83 18 89 1 8 75 76 13 76 76 2 23 28 13 17 80 1 23 76 86 2 83 4 0
split_gain=1348.2 1964.62 3015.6 2907.71 2618.56 2005.91 1892.61 2156.65 2223.55 4590.19 2612.89 3561.73 2075.5 1964.41 2669.85 1976.34 2268.05 3127.79 2785.22 1925.28 1911.57 1758.01 2963.94 2532.17 2612.77 2531.23 1932.54 1874.12 2331.33 1820.08
threshold=26.750000000000004 24.44999980926514 0 25.94999980926514 21.550000190734867 28.94999980926514 21.349999427795414 18.150000572204593 13.050000190734865 12.650000095367433 11.449999809265138 1 2 17.94999980926514 3 4 12.650000095367433 13.449999809265138 1.0000000180025095e-35 23.94999980926514 20.250000000000004 13.449999809265138 12.449999809265138 9.8499999046325701 5 9.6500000953674334 11.449999809265138 10.449999809265138 10.84999990463257 9.4499998092651385
decision_type=10 2 1 10 10 2 10 8 10 8 8 1 1 10 1 1 10 10 10 8 10 10 8 10 1 10 8 10 10 2
left_child=1 3 -3 6 -4 -6 7 8 21 -10 11 -11 -13 14 -9 16 18 -18 -15 -19 -16 23 -23 25 -25 27 -27 28 -1 -30
right_child=-2 2 4 -5 5 -7 -8 13 9 10 -12 12 -14 15 20 -17 17 19 -20 -21 -22 22 -24 24 -26 26 -28 -29 29 -31
leaf_value=-9.9193924308035178e-05 -0.005758934867086095 -0.00024418394194053661 0.059855903625768619 -0.020834404136179503 0.010517566867044366 0.055090630983637326 0.0080749997811928303 -0.0067575888169603138 0.03371598844655517 -0.033636550083743444 0.0071358181186702398 0.041200473345377936 -0.0047154567882301155 0.040674553023584893 -0.026399881270083587 -0.0058226662058372559 -0.052712938696587802 -0.00057329496933990274 -0.20216633172887397 0.03032871716542861 -0.083090131066132916 0.046577412578630677 0.0046220251541624971 -0.014403819326744175 -0.0006520642265022184 0.024330380762707122 -0.0017683224229230296 0.019555028586322385 -0.028349363022169505 0.0011246043367933076
leaf_weight=1551015 375953 246565 13090 67126 155809 10796 280644 121594 55652 40948 394686 12257 49846 23463 41758 436443 9586 84138 482 26515 6936 18724 167180 262470 291718 75576 45425 45602 53611 34392
leaf_count=1551015 375953 246565 13090 67126 155809 10796 280644 121594 55652 40948 394686 12257 49846 23463 41758 436443 9586 84138 482 26515 6936 18724 167180 262470 291718 75576 45425 45602 53611 34392
internal_value=-8.03331e-08 0.000468137 0.0069366 -0.000188696 0.0167886 0.0134059 0.00014681 -0.000431109 0.000733918 0.00647898 0.00343361 -0.0107459 0.00435195 -0.00523929 -0.0146838 -0.00246939 0.00768081 0.00208438 0.0357863 0.00683154 -0.0344678 -0.000514948 0.00884772 -0.00125253 -0.00716533 0.000562246 0.0145327 -0.000441205 -0.000997556 -0.0168308
internal_weight=5e+06 4.62405e+06 426260 4.19779e+06 179695 166605 4.13066e+06 3.85002e+06 3.0991e+06 553389 497737 103051 62103 750915 170288 580627 144184 120239 23945 110653 48694 2.54571e+06 185904 2.35981e+06 554188 1.80562e+06 121001 1.68462e+06 1.63902e+06 88003
internal_count=5000000 4624047 426260 4197787 179695 166605 4130661 3850017 3099102 553389 497737 103051 62103 750915 170288 580627 144184 120239 23945 110653 48694 2545713 185904 2359809 554188 1805621 121001 1684620 1639018 88003
cat_boundaries=0 1 2 3 4 5 6
cat_threshold=1040384 3840 2101104 10493825 224 7079695
is_linear=0
shrinkage=0.1


Tree=160
num_leaves=31
num_cat=7
split_feature=89 18 76 0 75 30 81 86 48 71 89 48 56 76 73 76 48 50 76 2 9 80 28 31 25 48 75 86 76 30
split_gain=1259.95 1910.51 1834.84 2237.95 1916.28 1727.91 1657.04 1654.57 1582.75 1487.42 1598.67 1421.59 1636.9 1363.51 1355.13 2312.94 2131.72 2036.01 1913.28 1711.39 3311.81 2240.88 1709.47 1760.74 1690.81 1604.18 1689.18 1474.14 1441.91 1568.21
threshold=29.250000000000004 25.250000000000004 0 23.44999980926514 1 1.0000000180025095e-35 1.0000000180025095e-35 23.550000190734867 1.4499999880790713 0.75000000000000011 -13.15000009536743 0.75000000000000011 1.1500000357627871 2 141.071647644043 3 6.7500000000000009 6.0499999523162851 4 4.0499999523162851 -2.2499999999999996 5.4500000476837167 1.0000000180025095e-35 1.0000000180025095e-35 1.0000000180025095e-35 1.7500000000000002 5 5.2500000000000009 6 1.0000000180025095e-35
decision_type=10 10 1 2 1 8 10 10 10 10 8 10 10 1 2 1 10 8 1 8 8 10 10 10 8 10 1 10 1 10
left_child=1 7 4 13 5 6 8 9 -3 10 -1 12 -12 -4 19 17 -17 22 -18 21 -21 27 23 24 25 -16 -27 28 29 -11
right_child=-2 2 3 -5 -6 -7 -8 -9 -10 14 11 -13 -14 -15 15 16 18 -19 -20 20 -22 -23 -24 -25 -26 26 -28 -29 -30 -31
leaf_value=-0.069447085044454238 0.010603798374583208 0.01401800305469689 -0.035873589121292702 -0.01058325513199254 -0.019024021104081513 -0.029696338027753396 -0.02812851712025647 0.0081872767161582701 -0.0036426394193497559 0.0020426102574638678 0.0058895288502845708 -0.006867731423384895 -0.0063992889329417008 -0.11216797351336474 0.0064399889473281957 -0.0077559874764094733 -0.0093067514944708656 -0.029340697085648567 0.040410880433272379 -0.044928542229277856 0.0012037165540422785 0.035948435139889441 -0.022118083416170185 -0.033227419875567869 -0.032050714686898303 0.044668793114466088 0.01444043811592037 0.029876241096880786 0.011059590165517774 -0.025044463411404122
leaf_weight=3663 109597 127454 11996 181711 49670 15557 14349 258188 84316 215581 264419 510080 183696 2914 108035 515457 13588 15609 17974 15690 1902750 26199 17365 8795 8166 28469 52786 24200 188000 23726
leaf_count=3663 109597 127454 11996 181711 49670 15557 14349 258188 84316 215581 264419 510080 183696 2914 108035 515457 13588 15609 17974 15690 1902750 26199 17365 8795 8166 28469 52786 24200 188000 23726
internal_value=-7.73031e-08 -0.000237717 -0.00617453 -0.0136386 -0.00113675 0.00254014 0.00475812 0.000420321 0.00698644 -6.35625e-05 -0.00350956 -0.00325749 0.000851968 -0.0508838 0.000977969 -0.00262443 -0.00621116 0.00557712 0.0190164 0.00216002 0.000826423 0.00751566 0.00801473 0.0105517 0.0125017 0.0144237 0.0250387 0.00586583 0.00450603 -0.0006429
internal_weight=5e+06 4.8904e+06 487967 196621 291346 241676 226119 4.40244e+06 211770 4.14425e+06 961858 958195 448115 14910 3.18239e+06 786244 547019 239225 31562 2.39615e+06 1.91844e+06 477706 223616 206251 197456 189290 81255 451507 427307 239307
internal_count=5000000 4890403 487967 196621 291346 241676 226119 4402436 211770 4144248 961858 958195 448115 14910 3182390 786244 547019 239225 31562 2396146 1918440 477706 223616 206251 197456 189290 81255 451507 427307 239307
cat_boundaries=0 1 2 3 4 5 6 7
cat_threshold=1020 3968 64514 255 12590848 1584 12584575
is_linear=0
shrinkage=0.1


Tree=161
num_leaves=31
num_cat=5
split_feature=24 76 91 76 72 48 71 76 26 90 78 87 30 84 28 24 50 11 59 3 29 51 90 87 2 42 87 48 76 75
split_gain=1361.67 2332.22 1421.2 2399.45 1601.79 1487.31 2087.51 1256.96 6054.51 7983.5 8443.42 7200.9 6613.27 5664.12 5140.15 4365 3935.45 4054.46 3965.93 3404.95 3313.38 3137.35 2897.49 2587.64 2559.09 2714.16 2436.56 2379.86 3441.21 6193.08
threshold=1.2500000000000002 0 3.0499999523162846 1 44.050001144409187 0.84999999403953563 1.5500000119209292 2 1.0000000180025095e-35 1.0000000180025095e-35 1.0000000180025095e-35 1.0000000180025095e-35 1.0000000180025095e-35 1.0000000180025095e-35 1.0000000180025095e-35 1.0000000180025095e-35 1.3499999642372134 21.750000000000004 2.9500000476837163 12.650000095367433 1.0000000180025095e-35 1.9499999880790713 1.0000000180025095e-35 1.0000000180025095e-35 -2.1499999761581416 1.0000000180025095e-35 1.0000000180025095e-35 4.9500000476837167 3 4
decision_type=2 1 10 1 2 8 8 1 10 10 10 10 8 10 10 2 8 8 10 10 8 8 10 10 10 8 10 10 1 1
left_child=2 -2 7 4 -4 -5 -7 8 9 10 11 12 13 14 15 16 17 24 19 21 22 -18 26 -10 -1 -26 27 28 29 -9
right_child=1 -3 3 5 -6 6 -8 20 23 -11 -12 -13 -14 -15 -16 -17 18 -19 -20 -21 -22 -23 -24 -25 25 -27 -28 -29 -30 -31
leaf_value=0.020179257640942107 0.019672085172429337 -0.0018378425423590267 0.0024636139881162723 0.011375525990933531 0.037992448324350642 -0.020376852395934869 -0.0055584848448904326 -0.022967523948474972 -0.035226684859441575 -0.032099873221784196 -0.048536632564312947 -0.047845549872977816 -0.029310414612400793 -0.053594907625073629 -0.047003268801543444 -0.074656988252065556 0.021947503784884449 0.019569598123115556 0.007437381742913151 0.013655756036069925 0.011251216722539946 0.049526666644208156 0.01316256976781166 -0.0021298726454316956 -0.0031332311003478743 0.030232262459466693 0.016850214159293112 0.0095504558221361797 -0.0014420624639235986 -0.0024637962815501763
leaf_weight=66941 93052 109978 210623 38613 13503 123180 416534 239030 56021 56564 27447 23023 44271 13804 15153 5832 82341 185482 178829 120589 207487 82651 120875 40847 372679 26087 61838 135751 1447054 383921
leaf_count=66941 93052 109978 210623 38613 13503 123180 416534 239030 56021 56564 27447 23023 44271 13804 15153 5832 82341 185482 178829 120589 207487 82651 120875 40847 372679 26087 61838 135751 1447054 383921
internal_value=-8.27334e-08 0.00802139 -0.000339589 -0.0041799 0.00460393 -0.00758394 -0.00894051 0.000431885 0.00284865 0.00464355 0.00631274 0.00754906 0.0086166 0.0100762 0.0108495 0.0116312 0.0120823 0.00706647 0.0191154 0.026428 -0.000870145 0.035763 -0.00192313 -0.0212705 0.00208672 -0.000950483 -0.00272728 -0.00327614 -0.0041173 -0.0103314
internal_weight=5e+06 203030 4.79697e+06 802453 224126 578327 539714 3.99452e+06 1.39856e+06 1.30169e+06 1.24513e+06 1.21768e+06 1.19466e+06 1.15039e+06 1.13658e+06 1.12143e+06 1.1156e+06 651189 464410 285581 2.59596e+06 164992 2.38847e+06 96868 465707 398766 2.26759e+06 2.20576e+06 2.07e+06 622951
internal_count=5000000 203030 4796970 802453 224126 578327 539714 3994517 1398561 1301693 1245129 1217682 1194659 1150388 1136584 1121431 1115599 651189 464410 285581 2595956 164992 2388469 96868 465707 398766 2267594 2205756 2070005 622951
cat_boundaries=0 1 2 3 4 5
cat_threshold=262016 16646145 1020 1015808 124
is_linear=0
shrinkage=0.1


Tree=162
num_leaves=31
num_cat=7
split_feature=18 80 82 17 80 80 76 76 85 29 81 72 73 40 18 33 29 46 75 76 76 72 75 2 73 31 0 84 10 76
split_gain=1413.62 1404.81 1406.39 2925.42 4070.07 3129.49 1678.74 1525.71 3663.69 2857.67 2658.86 2606.18 4063.52 4736.2 3559.79 2715.24 2650.34 2530.27 2466.39 2434.71 2342.16 2297.02 2702.16 2361.16 2130.59 2117.29 2109.1 2098.03 2098.66 2334.56
threshold=29.94999980926514 25.750000000000004 2.5499999523162846 4.4500000476837167 0.45000000298023229 11.050000190734865 0 1 5.6499998569488534 1.0000000180025095e-35 1.0000000180025095e-35 37.019998550415046 137.77420043945315 1.0000000180025095e-35 12.449999809265138 1.0000000180025095e-35 1.0000000180025095e-35 1.0000000180025095e-35 2 3 4 33.387498855590827 5 3.6499999761581425 135.09999847412112 1.0000000180025095e-35 7.2500000000000009 1.0000000180025095e-35 2.8500000238418584 6
decision_type=10 10 10 8 8 8 1 1 10 8 10 2 2 10 10 8 10 10 1 1 1 2 1 10 2 10 2 10 10 1
left_child=1 2 7 5 -5 -4 -6 8 11 10 17 12 21 14 -14 16 25 27 -17 -12 -11 -1 -23 -24 -25 -13 -16 28 29 -9
right_child=-2 -3 3 4 6 -7 -8 9 -10 20 19 15 13 -15 26 18 -18 -19 -20 -21 -22 22 23 24 -26 -27 -28 -29 -30 -31
leaf_value=0.014204487039821532 -0.010732923241979298 0.0077795227564407907 0.0026970539209098627 -0.076954903596268151 0.00042590328709871589 0.051074381714922561 -0.010455768184573612 -0.02082697624427151 -0.03169742070261633 -0.0011722015174194401 -0.0028029650436432363 0.0042016224541542883 0.034676001072330577 0.072980062338477522 -0.035591960695380669 0.0036679357878934421 -0.028788291122447469 -0.01435334768194059 -0.042380431415216913 0.022765195490842723 0.018477196724798636 -0.013911143794108001 0.035522945494373882 -0.0058436674207724129 0.011903886660183357 -0.039639378544690101 0.0097990378957818203 0.018392248868108519 -0.0006973231330729561 -0.0033737715027961808
leaf_weight=151114 119777 236613 229789 8304 223688 14198 387153 116939 28909 111391 68939 425008 64427 15781 11353 19535 27784 173121 28750 80999 133201 106541 22870 151580 122155 11309 104102 50450 1531825 222395
leaf_count=151114 119777 236613 229789 8304 223688 14198 387153 116939 28909 111391 68939 425008 64427 15781 11353 19535 27784 173121 28750 80999 133201 106541 22870 151580 122155 11309 104102 50450 1531825 222395
internal_value=-7.62695e-08 0.000263344 -0.00011964 -0.00376181 -0.00741643 0.00551221 -0.0064711 0.000711915 0.00350121 -0.000734949 -0.0018534 0.00430735 0.00806321 0.0204525 0.0158442 -0.0011897 0.00115834 -0.0027742 -0.0237583 0.0110107 0.00952926 0.0036896 -0.000251771 0.00465501 0.00207623 0.0030653 0.00533562 -0.00173101 -0.00227357 -0.00938909
internal_weight=5e+06 4.88022e+06 4.64361e+06 863132 619145 243987 610841 3.78048e+06 1.29122e+06 2.48926e+06 2.24467e+06 1.26231e+06 749923 195663 179882 512386 464101 2.09473e+06 48285 149938 244592 554260 403146 296605 273735 436317 115455 1.92161e+06 1.87116e+06 339334
internal_count=5000000 4880223 4643610 863132 619145 243987 610841 3780478 1291218 2489260 2244668 1262309 749923 195663 179882 512386 464101 2094730 48285 149938 244592 554260 403146 296605 273735 436317 115455 1921609 1871159 339334
cat_boundaries=0 1 2 3 4 5 6 7
cat_threshold=16646215 2040 1936 15728647 15728647 4102 245760
is_linear=0
shrinkage=0.1


Tree=163
num_leaves=31
num_cat=8
split_feature=17 13 0 76 13 76 86 1 17 0 35 28 2 88 86 0 75 58 76 58 75 80 76 11 17 11 76 11 75 0
split_gain=1448.27 3514.76 3057.36 2701.67 2502.96 1823.19 1628.61 5160.38 1930.26 2787.2 3904.27 2738.59 2499.47 2295.16 2277.57 2045.71 2394.8 1965.01 2016.5 1854.03 1807.22 1633.04 2014.62 3222.53 3516.25 3848.12 3324.68 3623.6 2993.1 2830.95
threshold=22.44999980926514 22.849999427795414 26.650000572204593 0 20.150000572204593 1 15.650000095367433 15.150000095367433 3.2500000000000004 -0.65000000596046437 1.0000000180025095e-35 1.0000000180025095e-35 -1.0500000119209287 3.6499999761581425 0.65000000596046459 9.8499999046325701 2 2.6499999761581425 3 1.2500000000000002 4 17.750000000000004 5 17.94999980926514 12.949999809265138 8.6500000953674334 6 11.84999990463257 7 4.2500000000000009
decision_type=10 10 2 1 8 1 10 8 8 2 8 10 8 10 10 2 1 8 1 10 1 10 1 10 10 10 1 8 1 2
left_child=2 3 6 -2 -5 -4 8 -8 15 10 11 14 -11 21 19 -1 -17 -15 -19 -10 -21 22 23 24 25 -14 -26 -28 -27 -30
right_child=1 -3 5 4 -6 -7 7 -9 9 12 -12 -13 13 17 -16 16 -18 18 -20 20 -22 -23 -24 -25 26 28 27 -29 29 -31
leaf_value=0.0022722781120197715 -0.0068633548878911065 -0.0001995098641221493 0.016958350028363399 -0.090098874707301851 -0.024423026702569874 0.069423358040648905 0.033603183485503341 0.0023447824630999608 0.00026449740746022288 0.038256277140204499 -0.12294639080344823 -0.15118155549621209 -0.0025029953180565924 -0.022910437194338586 0.037615422123102288 0.074584297567581934 0.013365013256282421 0.015120600629701662 -0.015098610416799128 0.027640166747881417 -0.045688865190928712 0.0079943684302365026 -0.0043770774527073899 0.019079050395247675 -0.00085008701723319449 0.0042306044097281253 -0.092425963084798848 -0.019384608756218773 0.073191709248548606 0.023540419750950448
leaf_weight=919323 157636 795621 46586 6358 66462 7717 56993 720255 24454 15713 3629 1472 191849 90931 7738 7858 34097 38813 51198 3834 27053 191763 1078971 101125 145455 61720 7485 73368 14945 49578
leaf_count=919323 157636 795621 46586 6358 66462 7717 56993 720255 24454 15713 3629 1472 191849 90931 7738 7858 34097 38813 51198 3834 27053 191763 1078971 101125 145455 61720 7485 73368 14945 49578
internal_value=-7.85569e-08 -0.00334942 0.000864731 -0.0142241 -0.0301531 0.0244301 0.000538253 0.00463686 -0.000475513 -0.00212089 -0.0220212 -0.0163473 -0.00147875 -0.00177645 -0.0132008 0.00325777 0.0248521 -0.0125422 -0.002068 -0.0203061 -0.0365924 -0.000759903 -0.00173337 0.00268551 -0.000359627 0.0064192 -0.00988775 -0.0261432 0.0199781 0.0350354
internal_weight=5e+06 1.02608e+06 3.97392e+06 230456 72820 54303 3.91962e+06 777248 3.14237e+06 2.18109e+06 68180 64551 2.11291e+06 2.0972e+06 63079 961278 41955 180942 90011 55341 30887 1.91626e+06 1.7245e+06 645525 544400 318092 226308 80853 126243 64523
internal_count=5000000 1026077 3973923 230456 72820 54303 3919620 777248 3142372 2181094 68180 64551 2112914 2097201 63079 961278 41955 180942 90011 55341 30887 1916259 1724496 645525 544400 318092 226308 80853 126243 64523
cat_boundaries=0 1 2 3 4 5 6 7 8
cat_threshold=32640 1040384 3072 10481664 1072 135420 4320 6150
is_linear=0
shrinkage=0.1


Tree=164
num_leaves=31
num_cat=6
split_feature=17 11 76 77 12 17 83 2 86 0 1 23 74 80 17 75 74 76 76 18 9 11 1 77 2 77 76 77 76 17
split_gain=1344.22 2942.88 4562.38 2695.14 2608.17 2020.66 1523.23 2458.78 3695.96 3685.14 3473.58 2311.29 2305.65 2046.13 2423.66 2628.04 2373.62 2501.12 2024.93 2002.24 2154.72 1971.3 1966.17 1734.48 2659.87 2440.83 2127.57 2270.81 1648.95 1638.52
threshold=19.650000572204593 20.250000000000004 0 20.050000190734867 15.650000095367433 22.44999980926514 16.849999427795414 15.949999809265138 12.050000190734865 14.449999809265138 10.449999809265138 14.84999990463257 202.50000000000003 13.449999809265138 8.0500001907348651 1 199.50000000000003 2 3 11.84999990463257 13.250000000000002 15.34999990463257 11.650000095367433 2.4500000476837163 6.8500001430511483 7.4500000476837167 4 5.6499998569488534 5 14.250000000000002
decision_type=10 10 1 10 8 10 10 10 10 2 8 8 2 10 10 1 2 1 1 8 10 8 8 10 10 10 1 10 1 10
left_child=3 2 -2 6 -4 -6 7 8 13 -9 12 -8 -10 14 23 18 17 -17 -16 -11 -21 28 -15 -1 26 -26 -25 -28 29 -20
right_child=1 -3 4 -5 5 -7 11 9 10 19 -12 -13 -14 22 15 16 -18 -19 21 20 -22 -23 -24 24 25 -27 27 -29 -30 -31
leaf_value=-0.00090834057489542455 -0.0039003882496552061 -0.00011616173510309283 -0.14377912932399792 0.013124072163800612 -0.021470214820421968 -0.06544391931711345 0.025568045632534949 -0.042366989355297063 0.070795190095125984 0.011078808316718767 0.0076924824657965685 0.0031523862826172938 0.013631702823662734 0.055156134123149014 -0.01262135469212123 -0.014640779897269394 -0.019275549502182687 0.00056325727196724793 -0.0032053058119124902 -0.034420974213186191 -0.0056728378557207304 0.033812452451671894 0.0090073794386387272 0.0039517210546340725 -0.018857474817201157 0.0057758167988111097 0.015511653489476774 0.048114070676645554 0.014754058534669637 -0.080646456209723202
leaf_weight=1108487 254771 1185758 1984 176565 72698 12204 55022 29093 15300 61048 274476 280516 13095 10788 33089 168817 151907 301289 8388 29684 214254 36750 64012 106158 59184 125567 86002 28425 30617 4052
leaf_count=1108487 254771 1185758 1984 176565 72698 12204 55022 29093 15300 61048 274476 280516 13095 10788 33089 168817 151907 301289 8388 29684 214254 36750 64012 106158 59184 125567 86002 28425 30617 4052
internal_value=-4.10188e-08 -0.00247232 -0.0106496 0.00108739 -0.0304361 -0.0277911 0.000442596 -0.000281135 0.000746698 -0.00836157 0.011137 0.00682814 0.0444329 -0.000607672 -0.00114889 -0.0058607 -0.00840828 -0.00489687 0.00817548 -0.00511775 -0.0091711 0.0167986 0.0156632 0.00113853 0.00673617 -0.00211533 0.0141497 0.0236084 0.00228086 -0.0284069
internal_weight=5e+06 1.52742e+06 341657 3.47258e+06 86886 84902 3.29602e+06 2.96048e+06 2.6264e+06 334079 302871 335538 28395 2.32353e+06 2.24873e+06 734909 622013 470106 112896 304986 243938 79807 74800 1.51382e+06 405336 184751 220585 114427 43057 12440
internal_count=5000000 1527415 341657 3472585 86886 84902 3296020 2960482 2626403 334079 302871 335538 28395 2323532 2248732 734909 622013 470106 112896 304986 243938 79807 74800 1513823 405336 184751 220585 114427 43057 12440
cat_boundaries=0 1 2 3 4 5 6
cat_threshold=1081280 992 12985863 14944128 2227202 28
is_linear=0
shrinkage=0.1


Tree=165
num_leaves=31
num_cat=6
split_feature=74 17 86 13 0 2 76 76 18 76 73 76 73 73 75 76 7 2 80 23 86 2 80 5 2 70 29 0 2 83
split_gain=1339.44 1449.65 2003.9 1824.76 1945.6 3168.31 1667.38 1534.2 1416.48 1268.79 1933.97 2018.51 1837.17 2155.89 1421.04 1257.72 1416.73 1253.63 1218.18 1554.27 2621.12 3515.06 1736.03 2360.51 1871.48 1539.17 1488.62 1394.73 1367.05 6188.39
threshold=542.00000000000011 25.650000572204593 23.849999427795414 25.650000572204593 20.349999427795414 19.250000000000004 0 1 20.44999980926514 2 138.5725021362305 3 137.88999938964847 138.22084808349612 4 5 24.050000190734867 -7.5499999523162833 24.050000190734867 19.44999980926514 16.750000000000004 15.050000190734865 17.750000000000004 21.94999980926514 16.349999427795414 8.8499999046325701 1.0000000180025095e-35 17.550000190734867 12.449999809265138 12.050000190734865
decision_type=2 10 10 8 2 8 1 1 10 1 2 1 2 2 1 1 8 10 10 10 10 8 10 10 8 10 8 2 10 10
left_child=1 2 18 4 6 -6 -3 -4 -9 14 12 -12 17 -14 -2 16 -5 -11 19 20 22 -22 23 25 -24 28 -21 -25 29 -1
right_child=9 3 7 15 5 -7 -8 8 -10 10 11 -13 13 -15 -16 -17 -18 -19 -20 26 21 -23 24 27 -26 -27 -28 -29 -30 -31
leaf_value=-0.00019742459183945266 0.013386498132329934 -0.027524628119953033 0.00081061676485224199 -0.066539453249005828 0.056353947322062593 -0.012751559555377191 -0.095693404591154163 0.041524044506903467 0.012388745246852116 0.095351645206297686 -0.055378845985409611 -0.0142982480561385 0.034965560491301333 -0.0077473732805131883 -0.0066933706079524815 0.0031948690337806063 -0.0074708964516116824 -0.019291525726509169 0.011026678604419957 -0.0061383289378154427 0.042575487790539587 0.0063811887936166684 0.04898498577378603 -0.045278290057398259 0.0079003472498621451 0.018525176938028073 0.0073567499429187293 -0.0059106621029629694 -0.0043405488238767512 0.026341408449472206
leaf_weight=1952056 52973 20854 116684 4228 7038 115695 4333 19118 131216 971 17973 35789 19693 29547 105256 245280 102466 53958 106183 572780 29736 274748 13052 18119 73655 44361 95346 17880 627006 92006
leaf_count=1952056 52973 20854 116684 4228 7038 115695 4333 19118 131216 971 17973 35789 19693 29547 105256 245280 102466 53958 106183 572780 29736 274748 13052 18119 73655 44361 95346 17880 627006 92006
internal_value=-3.92958e-08 0.000425196 0.0010333 -0.00466442 -0.0139842 -0.00878877 -0.0393008 0.00941529 0.0160928 -0.00629981 -0.0126403 -0.0280447 -0.00469123 0.0093352 2.9528e-05 -0.000747704 -0.00981071 -0.0172649 0.000461896 0.000167518 0.00109872 0.00991594 0.000152777 -0.00028627 0.0140848 5.09787e-05 -0.00421249 -0.0257252 -0.00025584 0.000997124
internal_weight=5e+06 4.68384e+06 4.18395e+06 499894 147920 122733 25187 267018 150334 316160 157931 53762 104169 49240 158229 351974 106694 54929 3.91693e+06 3.81074e+06 3.14262e+06 304484 2.83814e+06 2.75143e+06 86707 2.71543e+06 668126 35999 2.67107e+06 2.04406e+06
internal_count=5000000 4683840 4183946 499894 147920 122733 25187 267018 150334 316160 157931 53762 104169 49240 158229 351974 106694 54929 3916928 3810745 3142619 304484 2838135 2751428 86707 2715429 668126 35999 2671068 2044062
cat_boundaries=0 1 2 3 4 5 6
cat_threshold=480 507904 16646287 3840 7680 15806471
is_linear=0
shrinkage=0.1


Tree=166
num_leaves=31
num_cat=10
split_feature=0 18 73 75 76 76 75 75 76 24 2 12 23 76 2 18 72 76 72 0 72 17 0 0 17 72 13 11 76 75
split_gain=1269.36 1315.96 1423.87 1280.38 2980.86 2504.18 6001.04 3783.56 6289.99 3422.91 3340.91 3508.63 2582.56 2489.26 2472.71 2387.71 2369.67 2330.48 2174.45 1922.65 1610.08 1610.02 3762.99 1563.47 1801.68 1801.3 1561.88 1542.46 1540.36 3190.35
threshold=34.850000381469734 28.349999427795414 140.60749816894534 0 1 2 3 4 5 1.0000000180025095e-35 14.84999990463257 18.44999980926514 12.650000095367433 6 3.4500000476837163 12.449999809265138 36.436649322509773 7 31.834149360656742 3.0499999523162846 30.90164947509766 12.949999809265138 13.550000190734865 15.150000095367433 20.94999980926514 36.436649322509773 -7.5499999523162833 14.650000095367433 8 9
decision_type=2 10 2 1 1 1 1 1 1 2 8 8 8 1 10 8 2 1 2 2 2 10 2 2 8 2 8 8 1 1
left_child=1 3 -3 4 16 6 10 13 -9 17 11 14 -12 -7 -5 20 27 -10 -17 -15 -6 22 -8 24 25 -16 -18 -1 29 -22
right_child=-2 2 -4 5 15 7 21 8 9 -11 12 -13 -14 19 23 18 26 -19 -20 -21 28 -23 -24 -25 -26 -27 -28 -29 -30 -31
leaf_value=0.020158634365520272 0.052234431721992131 -0.0053144127423052192 -0.035765090357162743 0.091084521614304206 0.057820752600704919 -0.0022539342757277314 0.014527363837544783 0.0026776185730188634 -0.026622119099409088 0.012083724482107972 -0.06806438580350177 0.05009744133482024 -0.0087079577038604323 0.10011758412280357 0.044163252899330152 0.0044900818511785616 0.030796773226870112 -0.010708612567995652 -0.017987626985654842 0.0073396057509474951 0.012929001547120459 0.007993681995329056 0.0571754810134536 0.034082688672398664 -0.063925902270144982 -0.011399733339347139 -0.0060883791672852123 -0.010829763328556178 -0.0050505232454668052 -0.0046879231188616949
leaf_weight=127734 4648 202949 16613 2938 4493 405036 196230 615678 122396 53013 7562 19205 239107 2241 6831 55824 12757 371063 187892 679318 175189 333572 23127 9694 5474 40003 114688 18373 697614 248738
leaf_count=127734 4648 202949 16613 2938 4493 405036 196230 615678 122396 53013 7562 19205 239107 2241 6831 55824 12757 371063 187892 679318 175189 333572 23127 9694 5474 40003 114688 18373 697614 248738
internal_value=-7.18043e-08 -4.86742e-05 -0.00761844 0.000299338 -0.00196131 0.00148527 0.00599544 -0.000287212 -0.00425347 -0.0120622 -0.00465802 0.012548 -0.0105276 0.00395483 0.00144332 -0.00386463 0.00756895 -0.0146565 -0.012839 0.00764455 -0.00192227 0.0123693 0.0190238 -0.00280438 -0.00964049 -0.00329556 -0.00239625 0.0162618 -0.00216161 0.00259245
internal_weight=5e+06 4.99535e+06 219562 4.77579e+06 1.6433e+06 3.13249e+06 883743 2.24874e+06 1.16215e+06 546472 330814 84145 246669 1.0866e+06 64940 1.36975e+06 273552 493459 243716 681559 1.12603e+06 552929 219357 62002 52308 46834 127445 146107 1.12154e+06 423927
internal_count=5000000 4995352 219562 4775790 1643302 3132488 883743 2248745 1162150 546472 330814 84145 246669 1086595 64940 1369750 273552 493459 243716 681559 1126034 552929 219357 62002 52308 46834 127445 146107 1121541 423927
cat_boundaries=0 1 2 3 4 5 6 7 8 9 10
cat_threshold=30 15360 917984 224 480 15811096 15794192 6144 16830 24
is_linear=0
shrinkage=0.1


Tree=167
num_leaves=31
num_cat=6
split_feature=17 0 86 75 72 10 0 2 76 74 8 1 21 83 51 5 76 80 18 0 3 76 13 76 17 85 75 3 30 74
split_gain=1289.7 2818.1 2735.01 2113.85 2197.51 2060.91 1987.39 1855.84 1700.16 1584.31 1571.63 1488.86 1435.76 2109.71 1851.62 1804.92 1904.68 1749.36 1729.2 2615.93 2892.89 2670.03 2359.03 2767.56 2301.62 1947.96 1905.3 2057.15 2565.05 2409.19
threshold=-4.3500001430511466 -2.4500000476837154 -1.4499999880790708 0 42.666648864746101 -8.6500000953674299 -7.5499999523162833 -2.1499999761581416 1 412.00000000000006 -0.15000000223517415 -4.8500001430511466 -0.35000000894069666 5.0499999523162851 1.5500000119209292 5.6499998569488534 2 6.0499999523162851 16.750000000000004 20.349999427795414 22.550000190734867 3 16.94999980926514 4 19.44999980926514 0.84999999403953563 5 11.050000190734865 1.0000000180025095e-35 291.50000000000006
decision_type=10 2 10 1 2 10 2 8 1 2 10 10 8 8 8 10 1 10 8 2 10 1 8 1 10 8 1 10 10 2
left_child=-1 2 3 8 10 -6 -7 -3 -2 11 -5 -4 17 14 -14 -16 -17 -9 19 20 25 -21 23 -20 -25 -15 -24 28 -28 -29
right_child=1 7 9 4 5 6 -8 12 -10 -11 -12 -13 13 18 15 16 -18 -19 22 21 -22 -23 26 24 -26 -27 27 29 -30 -31
leaf_value=0.0080008235703755304 -0.042555671054938536 0.020887765047214603 0.14609671829322854 -0.0042476072306080912 0.026189409068633481 -0.082134360522377492 -0.033237065520022924 0.0061953888067591903 0.024178872099469964 -0.01787311940851934 -0.039468611651770541 0.034542012789266996 -0.014363759647184041 0.010482364723119766 0.0042155576817759508 0.0074168634021685416 -0.026638036032192322 0.049621964748651493 -0.0042933552523951373 0.01201487659704171 -0.034964688692646427 0.061356771822414773 0.00098514890611485126 -0.021696412762336682 -0.084557494352897652 0.0007521093218982595 0.028484490447694466 -0.0080557492039898312 -0.18558714366275431 -0.048390802968494948
leaf_weight=193667 4798 42700 1380 60669 4502 10851 35526 182463 18534 5288 16013 8993 192182 236576 174753 25392 46484 9773 192737 86059 21398 12562 1493882 65517 6393 1578789 19814 235929 576 15800
leaf_count=193667 4798 42700 1380 60669 4502 10851 35526 182463 18534 5288 16013 8993 192182 236576 174753 25392 46484 9773 192737 86059 21398 12562 1493882 65517 6393 1578789 19814 235929 576 15800
internal_value=-7.13615e-08 -0.00032246 -0.0131028 -0.0172311 -0.0222921 -0.0384071 -0.0446777 0.000136315 0.0104432 0.0266737 -0.0116026 0.049383 -5.64354e-05 -0.000425628 -0.00700502 -0.00127083 -0.01461 0.00840313 0.000302332 0.00244117 0.00158928 0.0183073 -0.00173617 -0.0105408 -0.0272811 0.00202014 -0.000416738 -0.00811257 0.0224372 -0.0105874
internal_weight=5e+06 4.80633e+06 166554 150893 127561 50879 46377 4.63978e+06 23332 15661 76682 10373 4.59708e+06 4.40484e+06 438811 246629 71876 192236 3.96603e+06 1.93538e+06 1.83676e+06 98621 2.03065e+06 264647 71910 1.81536e+06 1.766e+06 272119 20390 251729
internal_count=5000000 4806333 166554 150893 127561 50879 46377 4639779 23332 15661 76682 10373 4597079 4404843 438811 246629 71876 192236 3966032 1935384 1836763 98621 2030648 264647 71910 1815365 1766001 272119 20390 251729
cat_boundaries=0 1 2 3 4 5 6
cat_threshold=1080 16474625 49662 1044480 14712704 1984
is_linear=0
shrinkage=0.1


Tree=168
num_leaves=31
num_cat=8
split_feature=23 83 3 74 72 72 3 12 48 76 17 22 89 71 91 56 76 74 72 48 84 89 88 75 76 76 76 73 76 76
split_gain=1207.85 1483.03 1613.9 1508.03 1497.42 1919.28 1799.01 1787.43 1731.06 2778 1462.92 2452.77 2299.39 1727.05 1847.48 1838.32 1724.41 1685.34 1495.7 1482.38 1578.16 1458.13 1449.13 1438.85 1458.36 1416.64 1411.85 1480.37 2239.23 1386.2
threshold=-12.949999809265135 -7.8500001430511466 -6.5499999523162833 907.50000000000011 41.927499771118171 42.923349380493171 20.849999427795414 19.050000190734867 2.7500000000000004 0 21.349999427795414 14.84999990463257 20.94999980926514 2.2500000000000004 3.0499999523162846 3.2500000000000004 1 58.500000000000007 41.162500381469734 2.1499999761581425 1.0000000180025095e-35 -3.6499999761581416 2.5499999523162846 2 3 4 5 139.99079895019534 6 7
decision_type=8 8 8 2 2 2 8 10 10 1 10 10 10 8 10 10 1 2 2 8 8 10 10 1 1 1 1 2 1 1
left_child=-1 -2 21 4 10 26 7 8 -7 23 12 -12 13 14 15 17 18 -4 19 -15 -21 -3 -19 -10 -25 -8 -6 28 -28 -9
right_child=1 2 3 -5 5 6 25 29 9 -11 11 -13 -14 16 -16 -17 -18 22 -20 20 -22 -23 -24 24 -26 -27 27 -29 -30 -31
leaf_value=0.024596091536243359 -0.017836252780525152 0.0097617044905990349 0.0072130515442422717 -0.012477420880690846 -0.024901105799644618 -0.0057872103378319439 0.008429091888079351 0.025557483890665689 0.0069465019324154859 -0.0039954965713474141 -0.032753488759216597 -0.0013904494949447659 0.012301719577396317 0.006538906834245975 -0.0099333071381397728 -0.0081908147826154215 0.0030993224333862248 0.00091352149410679003 -0.042750905689983909 0.035349237120002687 -0.010894455610384719 0.053137792482223327 -0.012324105923273911 0.054189833727846082 0.016489002490123344 -0.024236403855102562 -0.023330791839559592 -0.010185388780457737 0.045520600691463992 -0.0081779125544252616
leaf_weight=19886 46693 50342 418442 96950 58084 287785 17848 47512 40202 108211 25513 1101869 207248 59104 188054 204539 827284 740634 4222 52050 8599 9160 93091 18706 22778 51810 7718 157139 12150 16377
leaf_count=19886 46693 50342 418442 96950 58084 287785 17848 47512 40202 108211 25513 1101869 207248 59104 188054 204539 827284 740634 4222 52050 8599 9160 93091 18706 22778 51810 7718 157139 12150 16377
internal_value=-5.77294e-08 -9.82722e-05 6.96113e-05 -0.000130233 0.000120357 -0.00369522 -0.00074185 0.00120384 -0.000897182 0.00651355 0.0009419 -0.0021002 0.00216533 0.00135612 -0.000605422 0.000598765 0.00474769 0.00203453 0.0157457 0.0178093 0.0287927 0.0164392 -0.000564549 0.0204331 0.0334981 -0.015869 -0.0113739 -0.00693319 0.0187855 0.0169126
internal_weight=5e+06 4.98011e+06 4.93342e+06 4.87392e+06 4.77697e+06 846320 611229 541571 477682 189897 3.93065e+06 1.12738e+06 2.80327e+06 2.59602e+06 1.64476e+06 1.45671e+06 951259 1.25217e+06 123975 119753 60649 59502 833725 81686 41484 69658 235091 177007 19868 63889
internal_count=5000000 4980114 4933421 4873919 4776969 846320 611229 541571 477682 189897 3930649 1127382 2803267 2596019 1644760 1456706 951259 1252167 123975 119753 60649 59502 833725 81686 41484 69658 235091 177007 19868 63889
cat_boundaries=0 1 2 3 4 5 6 7 8
cat_threshold=4177986 480 632 491520 7935 100224 6268 1023
is_linear=0
shrinkage=0.1


Tree=169
num_leaves=31
num_cat=3
split_feature=17 80 82 76 18 80 76 73 89 72 23 8 86 86 88 74 79 76 73 74 72 73 72 73 72 72 73 60 72 72
split_gain=1214.19 2572.18 2382.7 3966.23 2030.86 1951.02 2474.8 1687.64 1889.9 1645.41 1611.97 1601.58 1588.71 1439.09 1399.78 1966.85 1506.31 2131.56 2048.66 2024.21 1976.43 1968.52 2371.75 1680.69 1827.21 1931.24 1678.59 1662.73 1622.17 1945.6
threshold=2.2500000000000004 5.4500000476837167 3.9500000476837163 0 7.6499998569488534 1.8499999642372134 1 144.7174987792969 -8.9499998092651349 42.666648864746101 -7.4500000476837149 -1.9499999880790708 -2.2499999999999996 7.4500000476837167 2.3500000238418584 29.500000000000004 2.2500000000000004 2 144.53585052490237 408.50000000000006 37.649148941040046 134.46669769287112 34.879999160766609 129.97499847412112 30.90164947509766 35.185850143432624 138.99334716796878 2.3500000238418584 35.64580154418946 36.436649322509773
decision_type=10 8 8 1 8 10 1 2 8 2 8 8 8 10 10 2 10 1 2 2 2 2 2 2 2 2 2 10 2 2
left_child=5 2 13 4 -4 7 -7 8 9 -1 -10 -8 -12 -2 16 -16 17 21 19 27 28 23 26 -3 -25 -26 -23 -19 -21 -30
right_child=1 14 3 -5 -6 6 11 -9 10 -11 12 -13 -14 -15 15 -17 -18 18 -20 20 -22 22 -24 24 25 -27 -28 -29 29 -31
leaf_value=0.017157954605476849 -0.0071457089430236823 0.014145541223342953 -0.040508704436272205 -0.0030505486065073987 -0.10668027227833934 0.059340524143794871 -0.013837589462928609 0.026720713561901244 0.017357279942934661 -0.034001818922062665 -0.0099014002015905961 0.014093197844283365 0.0027016607261776088 0.028842093567879614 0.0019280081396402357 -0.0075881303976314991 -0.0037607939811350856 0.0096605014208854395 -0.042886010880923656 -0.01352424773070616 -0.031465595430612746 0.012669043464640484 1.4949936716635065e-05 0.053603299161324308 -0.011971374281470527 0.014530189251337903 0.060958656516437629 0.00043853888747199691 0.021893112537495416 -0.0093998226132481748
leaf_weight=8147 282839 35126 14199 24709 6888 10788 24180 24633 57092 27530 131199 135988 420897 11566 384481 499188 525204 740144 8794 54906 23805 91101 753399 4629 313413 30142 7816 265699 47172 34326
leaf_count=8147 282839 35126 14199 24709 6888 10788 24180 24633 57092 27530 131199 135988 420897 11566 384481 499188 525204 740144 8794 54906 23805 91101 753399 4629 313413 30142 7816 265699 47172 34326
internal_value=-3.68418e-08 -0.000700512 -0.0090326 -0.0302516 -0.062094 0.00346673 0.0130014 0.00103205 5.07776e-05 -0.0223193 0.00136088 0.00987597 -0.000293306 -0.00573189 4.16534e-05 -0.00344769 0.00109198 0.00214933 0.00519896 0.00556164 -0.00487811 -0.000750327 0.00192637 -0.00670217 -0.00880536 -0.00964624 0.0164847 0.00722447 -0.000238107 0.0087129
internal_weight=5e+06 4.15955e+06 340201 45796 21087 840454 170956 669498 644865 35677 609188 160168 552096 294405 3.81934e+06 883669 2.93568e+06 2.41047e+06 1.17485e+06 1.16605e+06 160209 1.23563e+06 852316 383310 348184 343555 98917 1.00584e+06 136404 81498
internal_count=5000000 4159546 340201 45796 21087 840454 170956 669498 644865 35677 609188 160168 552096 294405 3819345 883669 2935676 2410472 1174846 1166052 160209 1235626 852316 383310 348184 343555 98917 1005843 136404 81498
cat_boundaries=0 1 2 3
cat_threshold=2040 2040 16711695
is_linear=0
shrinkage=0.1


Tree=170
num_leaves=31
num_cat=6
split_feature=86 18 12 76 17 89 18 75 11 17 75 72 74 77 76 76 17 13 11 73 76 10 17 30 83 1 8 73 2 83
split_gain=1191.31 1553.91 1694.5 2023.61 1630.03 1604.07 1557.03 1494.34 1361.49 1330.28 3309.53 4546.66 2657.9 2330.17 2247.68 1959.86 1892.95 1870.99 1856.34 2231.83 2024.34 2404.4 2192.1 1802.32 1668.2 3736.98 1921.68 1860.77 1788.62 3528.09
threshold=29.94999980926514 23.94999980926514 26.849999427795414 0 27.550000190734867 20.94999980926514 29.94999980926514 1 23.44999980926514 8.6500000953674334 2 42.385799407958991 143.50000000000003 11.84999990463257 3 4 11.84999990463257 10.650000095367433 18.250000000000004 135.22000122070315 5 11.250000000000002 16.849999427795414 1.0000000180025095e-35 2.6499999761581425 2.0499999523162846 -1.5500000119209287 144.7174987792969 7.2500000000000009 7.2500000000000009
decision_type=10 10 8 1 10 10 8 1 8 8 1 2 2 10 1 1 10 8 8 2 1 10 8 10 10 10 8 2 8 10
left_child=1 5 3 6 8 9 7 -3 -5 13 11 12 15 24 16 -11 17 -12 20 -20 21 -18 -23 -16 27 -26 -27 -1 -28 -30
right_child=-2 2 -4 4 -6 -7 -8 -9 -10 10 14 -13 -14 -15 23 -17 18 -19 19 -21 -22 22 -24 -25 25 26 28 -29 29 -31
leaf_value=-0.0018660932919140429 0.012190730538907185 0.0068819240941137439 0.0018953736305674593 -0.025079921102422367 -0.043403871141653082 0.006338530023009656 -0.022599860489733482 -0.011214985888254914 -0.0067324236574105804 -0.012253499528594754 0.0048037302435663676 -0.06174799826390525 -0.018652245120759098 0.018120793933889497 -0.0041841443314830362 0.0020566448274560094 -0.071637630037164959 0.041547364712631651 -0.003744633817316944 0.015547286604285752 0.0026759082140689516 0.0038940846636719554 -0.035481426914794653 0.0096760347690576821 0.035226552045538158 -0.022251095684307606 0.011401317412186987 0.022396966720758076 -0.022382633172912961 0.0056734170559081384
leaf_weight=1058834 78896 141411 257504 60290 19192 427116 32143 67354 122870 145173 28032 15447 141182 84610 786497 280827 7250 27408 88100 187788 208313 38141 22467 106527 39627 27759 219478 32581 58817 188366
leaf_count=1058834 78896 141411 257504 60290 19192 427116 32143 67354 122870 145173 28032 15447 141182 84610 786497 280827 7250 27408 88100 187788 208313 38141 22467 106527 39627 27759 219478 32581 58817 188366
internal_value=-2.19061e-08 -0.000195466 -0.00455629 -0.00830428 -0.0156763 0.000528625 -0.00211136 0.0010431 -0.0127718 -0.000125569 -0.0018223 -0.00821881 -0.00676111 0.00194134 0.000661409 -0.00282023 0.00535387 0.0229688 0.00358501 0.00938675 -0.00221079 -0.01721 -0.0107022 -0.00253076 0.00109915 0.00567889 0.00331069 -0.00114179 0.00483121 -0.0010025
internal_weight=5e+06 4.9211e+06 700764 443260 202352 4.22034e+06 240908 208765 183160 3.79322e+06 2.08315e+06 582629 567182 1.71007e+06 1.50052e+06 426000 607499 55440 552059 275888 276171 67858 60608 893024 1.62546e+06 534047 494420 1.09142e+06 466661 247183
internal_count=5000000 4921104 700764 443260 202352 4220340 240908 208765 183160 3793224 2083152 582629 567182 1710072 1500523 426000 607499 55440 552059 275888 276171 67858 60608 893024 1625462 534047 494420 1091415 466661 247183
cat_boundaries=0 1 2 3 4 5 6
cat_threshold=4032 3968 6158 3326 8418319 28
is_linear=0
shrinkage=0.1


Tree=171
num_leaves=31
num_cat=6
split_feature=72 0 23 17 75 76 83 0 75 76 75 73 72 72 73 72 73 17 18 10 76 73 13 10 17 0 48 1 74 74
split_gain=1217.87 1288.55 1885.63 1505.74 3807.3 2228.09 2329.77 1945.55 1945 2122.58 7772.17 2331.29 2934.18 2382.61 2492.45 1932.93 1924.22 1895.64 1844.55 2240.95 1803.97 1751.86 1707.83 1654.28 2086.43 1720.42 1641.35 1606.75 1513.32 1462.48
threshold=32.94585037231446 30.750000000000004 31.750000000000004 19.650000572204593 0 1 19.550000190734867 27.550000190734867 2 3 4 134.46669769287112 35.170000076293952 34.879999160766609 138.0100021362305 34.788349151611335 144.04920196533206 8.0500001907348651 29.94999980926514 24.650000572204593 5 135.29250335693362 30.44999980926514 19.150000572204593 24.349999427795414 24.44999980926514 0.75000000000000011 -4.8500001430511466 65.500000000000014 143.50000000000003
decision_type=2 2 10 8 1 1 8 2 1 1 1 2 2 2 2 2 2 8 10 8 1 2 8 8 10 2 8 8 2 2
left_child=-1 2 3 8 27 6 -6 18 17 10 16 12 15 14 -13 -11 28 -2 19 -7 -19 -21 -20 -8 -25 -26 -12 -5 -10 -22
right_child=1 -3 -4 4 5 7 23 -9 9 11 26 13 -14 -15 -16 -17 -18 20 22 21 29 -23 -24 24 25 -27 -28 -29 -30 -31
leaf_value=0.0047149799657312669 -0.00087488152608588003 0.013113966437387055 -0.039231042840781681 -0.32107392262052942 -0.045407376200284115 -0.0027867470088199851 -0.026531979200485681 0.020858544242605387 0.0052612026282088794 -0.0047414284314203359 0.0066552087279127389 0.012730780998154653 0.02121534314244209 0.0039019133410962466 0.054368786464580002 -0.028978587084153469 -0.040871690575371183 0.017702603061124058 -0.032201422215553527 -0.0028516199118880847 -0.0095278808863827544 0.017914151075595318 0.0036347504839652346 -5.1773440113484171e-05 -0.05382747376736631 -0.012369020418450564 -0.024766476556592455 -0.032585942524793611 0.031024783033474824 -0.030149191136684718
leaf_weight=493724 890831 68303 12682 194 16385 452968 38876 45019 42616 236162 19050 93784 38939 1463126 16979 38231 5693 19421 33681 63246 150047 113590 21975 258802 11256 90379 130557 39836 49029 44619
leaf_count=493724 890831 68303 12682 194 16385 452968 38876 45019 42616 236162 19050 93784 38939 1463126 16979 38231 5693 19421 33681 63246 150047 113590 21975 258802 11256 90379 130557 39836 49029 44619
internal_value=-2.20801e-08 -0.000516615 -0.000726397 -0.000616051 -0.00366419 -0.00260525 -0.00844977 0.000720799 0.000500228 0.00226342 -0.00645467 0.00340422 -0.00447296 0.00497244 0.0191135 -0.00811838 0.0155385 -0.00290539 -0.000601778 0.000940305 -0.0113546 0.0104872 -0.018052 -0.0069335 -0.00481965 -0.0169605 -0.0207641 -0.0339756 0.0190444 -0.0142537
internal_weight=5e+06 4.50628e+06 4.43797e+06 4.42529e+06 1.18621e+06 1.14618e+06 415698 730479 3.23908e+06 2.13417e+06 246945 1.88722e+06 313332 1.57389e+06 110763 274393 97338 1.10492e+06 685460 629804 214087 176836 55656 399313 360437 101635 149607 40030 91645 194666
internal_count=5000000 4506276 4437973 4425291 1186207 1146177 415698 730479 3239084 2134166 246945 1887221 313332 1573889 110763 274393 97338 1104918 685460 629804 214087 176836 55656 399313 360437 101635 149607 40030 91645 194666
cat_boundaries=0 1 2 3 4 5 6
cat_threshold=6174 16773120 14 7168 240 6144
is_linear=0
shrinkage=0.1


Tree=172
num_leaves=31
num_cat=6
split_feature=77 17 11 76 3 86 23 76 1 75 0 76 18 8 26 17 80 6 0 89 1 74 76 1 8 17 75 1 0 74
split_gain=1082.94 1490.02 2097.44 3812.88 2175.16 1732.08 1614.23 1320.71 2268.22 2158.73 1768.78 2576.28 2318.2 1793.87 1587.78 1405.81 1199.36 2210.71 2158.51 1579.61 5208.31 1852.62 1801.72 1807.42 1793.35 1584.69 2503.37 2860.93 2145.32 1974.88
threshold=28.44999980926514 20.650000572204593 20.849999427795414 0 15.250000000000002 19.050000190734867 16.94999980926514 1 18.849999427795414 2 21.250000000000004 3 24.750000000000004 23.550000190734867 1.0000000180025095e-35 22.750000000000004 21.750000000000004 22.250000000000004 19.750000000000004 12.650000095367433 11.650000095367433 180.00000000000003 4 15.84999990463257 13.84999990463257 5.0499999523162851 5 1.4499999880790713 -6.6499998569488517 143.50000000000003
decision_type=10 10 8 1 10 10 8 1 8 1 2 1 8 10 8 10 10 10 2 10 8 2 1 8 10 8 1 8 2 2
left_child=1 5 3 -3 -5 16 -7 8 14 -10 11 13 -12 -9 -4 -13 17 19 -19 25 21 -21 -22 -24 -25 -1 27 -27 -28 -30
right_child=-2 2 7 4 -6 6 -8 10 9 -11 12 15 -14 -15 -16 -17 -18 18 -20 20 22 -23 23 24 -26 26 28 -29 29 -31
leaf_value=0.0019520980569821891 0.0091442870872252904 -0.0058405384851416553 0.029204186876549056 -0.089934202736018876 -0.028373582018794266 0.023633259237111383 0.0046186456995211556 -0.015218778201292285 -0.022870528366146531 0.0047987894580199461 0.0052687581387350444 -0.026375957407846137 -0.0075479335516828996 0.017990546321964018 -0.046196980902267794 -0.074272808061727771 0.014752459116893064 -0.024929380790706168 0.0032869070359173289 0.056585952943009311 0.010610147103036144 0.015605463040465617 0.006501783314475343 -0.020313490403180114 -0.0009987548613548745 0.14231523316642519 -0.18838167471656442 0.005152114978672016 -0.0020945118633662481 -0.011087001984551927
leaf_weight=1173983 126240 241147 45360 6795 36955 52989 283593 54836 33162 187995 284111 22216 280408 23125 2976 8462 54808 69115 44611 24195 176845 20276 156186 73408 139279 1530 638 249151 767378 358227
leaf_count=1173983 126240 241147 45360 6795 36955 52989 283593 54836 33162 187995 284111 22216 280408 23125 2976 8462 54808 69115 44611 24195 176845 20276 156186 73408 139279 1530 638 249151 767378 358227
internal_value=-1.63362e-08 -0.000236872 -0.00325033 -0.0107693 -0.0379262 0.000777652 0.00761217 -0.000977885 0.00493781 0.00064902 -0.00334621 -0.0150312 -0.00109755 -0.00536745 0.0245618 -0.0395746 8.25968e-05 -0.000164429 -0.0138611 0.000331468 0.00499362 0.0379014 0.00231194 -0.00166663 -0.00766515 -0.000747188 -0.00304863 0.00598903 -0.00506026 -0.0049564
internal_weight=5e+06 4.87376e+06 1.22755e+06 284897 43750 3.64621e+06 336582 942651 269493 221157 673158 108639 564519 77961 48336 30678 3.30963e+06 3.25482e+06 113726 3.1411e+06 590189 44471 545718 368873 212687 2.55091e+06 1.37692e+06 250681 1.12624e+06 1.1256e+06
internal_count=5000000 4873760 1227548 284897 43750 3646212 336582 942651 269493 221157 673158 108639 564519 77961 48336 30678 3309630 3254822 113726 3141096 590189 44471 545718 368873 212687 2550907 1376924 250681 1126243 1125605
cat_boundaries=0 1 2 3 4 5 6
cat_threshold=1605600 496 4194 7182 16253764 992
is_linear=0
shrinkage=0.1


Tree=173
num_leaves=31
num_cat=6
split_feature=72 16 75 76 29 26 83 76 28 76 74 73 43 72 1 31 86 72 73 84 1 24 76 17 67 89 72 90 73 76
split_gain=1159.53 2433.97 2855.13 3004.27 2980.13 2889.85 2415.56 2341.06 2670.11 2837.52 2659.63 2860.21 2878.15 2320.26 2198.57 2191.99 2175.62 2174.84 2119.32 2078.1 2021.2 1927.79 1922.45 1803.35 1782.11 2500.54 1751.11 1671.86 1641.96 2802.66
threshold=37.670000076293952 -1.9499999880790708 0 1 1.0000000180025095e-35 1.0000000180025095e-35 -2.8500000238418575 2 1.0000000180025095e-35 3 1099.0000000000002 136.82834625244143 1.0000000180025095e-35 41.927499771118171 -3.4500000476837154 1.0000000180025095e-35 -4.7499999999999991 33.588350296020515 140.40999603271487 1.0000000180025095e-35 -8.6500000953674299 1.0000000180025095e-35 4 2.2500000000000004 0.94999998807907116 15.449999809265138 36.527500152587898 1.0000000180025095e-35 139.55834960937503 5
decision_type=2 8 1 1 10 10 10 1 10 1 2 2 10 2 8 10 10 2 2 8 8 2 1 8 8 8 2 10 2 1
left_child=7 6 13 4 5 15 16 10 18 -10 11 17 -13 -3 -8 19 -2 -1 24 21 -18 27 -20 -15 25 -9 -14 -4 29 -5
right_child=1 2 3 28 -6 -7 14 8 9 -11 -12 12 26 23 -16 -17 20 -19 22 -21 -22 -23 -24 -25 -26 -27 -28 -29 -30 -31
leaf_value=0.012399557500511138 -0.006023125585979703 -0.0098188272403047297 0.014807440546137852 -0.019065542941474126 -0.021281942771230161 -0.028442377198747967 0.069635907950028511 -0.01438262943292324 -0.00094933320737247543 0.020153653835653013 -0.056094009010764223 0.013702695486596998 0.083982199327136187 -0.0302380375998101 0.015778790881920926 -0.030241354668455483 0.1455289311650175 -0.0043033522971504465 -0.0088014418068463659 -0.023640874822867634 0.014204017131264242 -0.043903840573125026 0.024789023866727065 -0.093563782049398359 0.00027952868789174137 -0.0018572180011301399 0.020947294720847276 -0.036549098741527022 -0.0062382307716733155 0.028243126148368269
leaf_weight=128449 138313 96999 322246 19336 39745 21168 8538 228343 126654 128218 6554 179716 9866 28485 67534 13328 1196 198305 24286 16435 58317 5894 57070 5340 1553834 527786 7965 6466 938111 35503
leaf_count=128449 138313 96999 322246 19336 39745 21168 8538 228343 126654 128218 6554 179716 9866 28485 67534 13328 1196 198305 24286 16435 58317 5894 57070 5340 1553834 527786 7965 6466 938111 35503
internal_value=-1.73631e-08 -0.00201041 -0.0035469 -0.00224289 0.00478972 0.00747757 0.00667938 0.00115352 -6.232e-05 0.00966766 0.00721408 0.0080056 0.0175047 -0.0176818 0.0218235 0.00956434 0.000855862 0.00226266 -0.00109936 0.0110756 0.0168432 0.0127808 0.0147637 -0.0402354 -0.00165805 -0.00563976 0.0558249 0.0137972 -0.00525499 0.011564
internal_weight=5e+06 1.82295e+06 1.54906e+06 1.41823e+06 425282 385537 273898 3.17705e+06 2.64619e+06 254872 530855 524301 197547 130824 76072 364369 197826 326754 2.39132e+06 351041 59513 334606 81356 33825 2.30996e+06 756129 17831 328712 992950 54839
internal_count=5000000 1822954 1549056 1418232 425282 385537 273898 3177046 2646191 254872 530855 524301 197547 130824 76072 364369 197826 326754 2391319 351041 59513 334606 81356 33825 2309963 756129 17831 328712 992950 54839
cat_boundaries=0 1 2 3 4 5 6
cat_threshold=6 127 960 14681151 8403969 8064
is_linear=0
shrinkage=0.1


Tree=174
num_leaves=31
num_cat=8
split_feature=17 12 76 12 0 17 77 23 18 76 9 75 0 3 4 75 7 3 80 9 75 72 10 4 29 76 66 76 76 8
split_gain=1135.45 2806.47 5339.05 3338.26 2704.03 2171.89 1894.89 2189.16 1841.33 2115.89 2715.04 2062.81 1873.21 2936.44 1827.76 1735.02 1955.03 1857.15 1719.53 1715.37 1670.01 1630.09 1553.19 1533.72 2518.35 1618.5 1458.56 1394.67 1374.68 1778.19
threshold=13.550000190734865 14.750000000000002 0 11.050000190734865 22.349999427795414 16.150000572204593 13.250000000000002 11.650000095367433 18.150000572204593 1 14.449999809265138 2 19.849999427795414 21.650000572204593 3.4500000476837163 3 16.349999427795414 23.849999427795414 11.449999809265138 10.650000095367433 4 26.286649703979496 12.84999990463257 12.650000095367433 1.0000000180025095e-35 5 6.6499998569488534 6 7 12.250000000000002
decision_type=10 8 1 10 2 10 10 8 8 1 8 1 2 10 8 1 8 8 8 10 1 2 10 8 10 1 10 1 1 10
left_child=4 2 3 -2 6 22 26 -8 9 -3 -11 -10 13 -12 -4 16 -14 -17 20 -9 -16 -13 -5 24 25 -23 -1 -6 29 -20
right_child=1 8 14 5 27 -7 7 19 11 10 12 21 15 -15 18 17 -18 -19 28 -21 -22 23 -24 -25 -26 -27 -28 -29 -30 -31
leaf_value=-0.00011880958037887378 -0.09960732806515965 0.017735767785983247 0.032622798203192541 -0.039001839905698249 0.018871980737614698 -0.06135895590184022 0.027551965906201153 -0.0088346912073593575 -0.00019912284791675993 -0.03031967238937059 0.003044256290937773 0.0087494172889122264 -0.025979125749459604 -0.043006477305614188 -0.00077230348642197942 0.023689077546601083 0.053553123392462536 -0.023094275684938305 -0.031827737843928193 0.013239418396500544 -0.041380990166897197 0.023030664322582207 -0.0046455719108368715 -0.016759746537778401 -0.12714724528203328 -0.040187049328228246 0.012373860600871846 0.078713183820674479 0.0038141047287018346 -0.0006460218282439915
leaf_weight=2134926 6853 107221 13484 21142 10159 14239 55098 59879 1455591 24597 269746 39617 3657 14596 17805 22996 19962 13447 29593 85429 23494 25479 34848 186243 1339 4806 97736 6328 151814 47876
leaf_count=2134926 6853 107221 13484 21142 10159 14239 55098 59879 1455591 24597 269746 39617 3657 14596 17805 22996 19962 13447 29593 85429 23494 25479 34848 186243 1339 4806 97736 6328 151814 47876
internal_value=-6.75055e-09 -0.00147685 -0.00964422 -0.0329835 0.00153766 -0.026487 0.00126416 0.0105789 -0.000129555 0.00537088 0.00177747 -0.00165863 0.00406987 0.000680355 -0.00330977 0.0201163 0.0412215 0.00642486 -0.00510053 0.00414305 -0.0238838 -0.00990905 -0.0176186 -0.0133024 0.00705912 0.0129928 0.000428064 0.0418993 -0.00171724 -0.0125558
internal_weight=5e+06 2.55044e+06 361148 77082 2.44956e+06 70229 2.43307e+06 200406 2.1893e+06 476222 369001 1.71308e+06 344404 284342 284066 60062 23619 36443 270582 145308 41299 257484 55990 217867 31624 30285 2.23266e+06 16487 229283 77469
internal_count=5000000 2550445 361148 77082 2449555 70229 2433068 200406 2189297 476222 369001 1713075 344404 284342 284066 60062 23619 36443 270582 145308 41299 257484 55990 217867 31624 30285 2232662 16487 229283 77469
cat_boundaries=0 1 2 3 4 5 6 7 8
cat_threshold=458814 229616 1984 7936 3840 4064 491520 1630272
is_linear=0
shrinkage=0.1


Tree=175
num_leaves=31
num_cat=4
split_feature=74 72 3 51 19 10 59 0 17 9 76 0 17 76 2 74 75 72 73 76 74 89 17 0 89 80 83 73 77 17
split_gain=1095.37 1291.52 1682.41 3062.98 2415.4 2216.01 2085.72 2020.4 1937.5 1956.15 1774.38 1692.49 1537.45 1491.95 1403.92 1370.19 1629.52 1339.28 1596.21 3822.43 1833.87 1711.73 1383 2789.1 2657.11 2145.23 2367.85 2436.6 1972.08 1631.26
threshold=542.00000000000011 41.927499771118171 3.2500000000000004 1.4499999880790713 9.4499998092651385 -3.1499999761581416 1.8499999642372134 2.4500000476837163 1.0500000119209292 1.6500000357627871 0 7.2500000000000009 5.4500000476837167 1 7.8500001430511483 59.500000000000007 2 42.923349380493171 141.52664947509768 3 29.500000000000004 14.84999990463257 -4.8500001430511466 -1.8499999642372129 -1.2499999999999998 -9.3499999046325666 -13.249999999999998 144.7174987792969 -0.65000000596046437 6.2500000000000009
decision_type=2 2 8 8 10 8 8 2 10 8 1 2 8 1 10 2 1 2 2 1 2 8 8 2 10 10 10 2 10 8
left_child=1 2 3 4 12 -4 -6 10 11 -10 -7 14 -1 -13 -9 -14 -17 -3 19 20 -19 -21 25 24 28 26 27 -20 29 -24
right_child=-2 17 5 -5 6 7 -8 8 9 -11 -12 13 15 -15 -16 16 -18 18 22 21 -22 -23 23 -25 -26 -27 -28 -29 -30 -31
leaf_value=0.00044804623864564633 -0.005696957774129454 -0.0090555349321492697 -0.04574859630496126 0.015017487603700565 0.034576614132955034 0.014178929181292009 -0.025174854251781505 0.013584259542869315 -0.019305217847449669 0.00075673936085774362 -0.031206370175839118 0.082807729979041664 0.003426974234770615 0.024464592443665986 -0.029460897783478115 0.0039078230184250362 -0.040690219603401599 0.00189511426305693 -0.039884195286270754 0.043414650020942594 -0.050797984890057581 0.0083759080771528584 -0.027228168344593545 -0.0015553326925976574 0.062282668657369006 0.023603136516342951 0.016948569606635738 0.066880450333656222 0.11858001994246324 -0.12496613699191764
leaf_weight=176799 316160 258066 10381 232694 30236 11394 7241 45797 49392 3039639 35269 5704 20136 18964 9079 11309 29759 17730 20912 30438 10526 25727 62010 446728 3446 47737 21683 2381 907 1756
leaf_count=176799 316160 258066 10381 232694 30236 11394 7241 45797 49392 3039639 35269 5704 20136 18964 9079 11309 29759 17730 20912 30438 10526 25727 62010 446728 3446 47737 21683 2381 907 1756
internal_value=5.85399e-09 0.000384552 0.00122217 0.00657017 -0.00056515 0.000379629 0.0230319 0.000528563 0.000832768 0.000435959 -0.020128 0.0162425 -0.00428085 0.0379988 0.00646262 -0.0179411 -0.0284181 -0.00290738 -0.000614505 0.01227 -0.017728 0.0273599 -0.00240481 -0.00442946 -0.0232781 0.00883827 -0.00683298 -0.0289708 -0.0278371 -0.0299197
internal_weight=5e+06 4.68384e+06 3.73379e+06 508174 275480 3.22562e+06 37477 3.21524e+06 3.16858e+06 3.08903e+06 46663 79544 238003 24668 54876 61204 41068 950047 691981 84421 28256 56165 607560 514847 68119 92713 44976 23293 64673 63766
internal_count=5000000 4683840 3733793 508174 275480 3225619 37477 3215238 3168575 3089031 46663 79544 238003 24668 54876 61204 41068 950047 691981 84421 28256 56165 607560 514847 68119 92713 44976 23293 64673 63766
cat_boundaries=0 1 2 3 4
cat_threshold=127100 14680311 56 4080
is_linear=0
shrinkage=0.1


Tree=176
num_leaves=31
num_cat=7
split_feature=23 80 3 8 76 77 17 75 0 72 76 73 76 17 72 76 25 29 72 72 75 10 5 75 29 0 72 73 72 74
split_gain=1074.55 1493.74 1229.27 1760.08 1646.27 1471.9 1777.68 2071.7 1942.54 1580.15 3039.23 2939.94 3219.69 2848.52 3141.42 2653.04 2318.67 2108.93 2045 2012.62 1927.63 1807.56 1744.64 1721.91 1664.86 1634.49 1591.99 2439.85 1971.38 1832.46
threshold=-10.15000009536743 -6.0499999523162833 -3.8500000238418575 -5.9500000476837149 0 1.0000000180025095e-35 3.2500000000000004 1 5.4500000476837167 37.249149322509773 2 137.86834716796878 3 19.44999980926514 35.204200744628913 4 1.0000000180025095e-35 0.75000000000000011 34.689199447631843 36.775800704956062 5 3.2500000000000004 25.44999980926514 6 1.0000000180025095e-35 13.949999809265138 31.308349609375004 134.25665283203128 35.44585037231446 127.00000000000001
decision_type=8 8 8 8 1 8 10 1 2 2 1 2 1 8 2 1 10 10 2 2 1 8 10 1 10 2 2 2 2 2
left_child=-1 -2 -3 4 -4 -5 7 8 -7 11 16 15 18 14 -14 21 22 -16 -13 -19 -12 -8 24 -20 -11 -15 -23 28 -28 -29
right_child=1 2 3 5 -6 6 9 -9 -10 10 20 12 13 25 17 -17 -18 19 23 -21 -22 26 -24 -25 -26 -27 27 29 -30 -31
leaf_value=0.016105142521216278 -0.014882808475521101 0.0099747999870457259 -0.052019266307961179 -0.0086917847318409465 0.0046347510819392855 0.0094157947683070706 -0.039438281802945709 0.0035250476002318706 0.048227053949386506 0.0066460336901153425 -0.019333632802903355 0.041837791979159288 0.048072882302540823 -0.033339802351580544 0.0121012373091761 0.0018407794322946238 -0.016346658527500207 0.081714895704236165 -0.022124115346233913 -0.007060877736756864 -0.0054745355706596471 0.0087878888095883571 -0.015309649603219486 -0.00021527130428433889 -0.016684867010366845 0.0049928068080798546 -0.013154596852698637 0.0071892818638343865 0.023171568483170361 -0.0096772323299048248
leaf_weight=41088 67726 122191 12563 189426 8668 34587 15531 533473 20563 499338 123178 9912 32379 11917 196756 1261064 64689 8497 44771 3651 541711 75504 44902 180354 32581 167074 368247 167373 15571 104715
leaf_count=41088 67726 122191 12563 189426 8668 34587 15531 533473 20563 499338 123178 9912 32379 11917 196756 1261064 64689 8497 44771 3651 541711 75504 44902 180354 32581 167074 368247 167373 15571 104715
internal_value=1.59607e-08 -0.000133426 7.08018e-05 -0.000182958 -0.0289114 -5.44905e-05 0.00030444 0.00543287 0.0238825 -0.000455994 -0.00330467 0.000941326 0.00675722 0.0119989 0.01909 -0.000956687 0.00160576 0.0145978 -0.00261595 0.0550339 -0.00804234 -0.00567961 0.0036191 -0.00457331 0.00521697 0.00244067 -0.00496285 -0.00654575 -0.0116809 0.000698084
internal_weight=5e+06 4.95891e+06 4.89119e+06 4.769e+06 21231 4.74776e+06 4.55834e+06 588623 55150 3.96972e+06 1.3064e+06 2.66332e+06 655311 420274 241283 2.008e+06 641510 208904 235037 12148 664889 746941 576821 225125 531919 178991 731410 655906 383818 272088
internal_count=5000000 4958912 4891186 4768995 21231 4747764 4558338 588623 55150 3969715 1306399 2663316 655311 420274 241283 2008005 641510 208904 235037 12148 664889 746941 576821 225125 531919 178991 731410 655906 383818 272088
cat_boundaries=0 1 2 3 4 5 6 7
cat_threshold=114688 2944 16253055 15742979 458815 4126 6150
is_linear=0
shrinkage=0.1


Tree=177
num_leaves=31
num_cat=7
split_feature=24 76 72 74 76 18 0 76 4 18 12 0 76 76 18 48 83 2 76 2 0 89 1 17 8 11 75 17 80 1
split_gain=1078.92 1836.93 1211.1 1163.76 1630.91 1145.64 1669.25 2446.3 1798.94 1418.78 1411.84 2170.94 2211.07 1689.82 1315.41 1414.57 1187.07 1907.86 1367.63 1359.99 3913.2 3685.2 2951.49 2368.88 3334.99 1904.64 1899.98 2618.15 1859.69 2366.97
threshold=1.2500000000000002 0 36.099998474121101 907.50000000000011 1 26.150000572204593 26.050000190734867 2 27.550000190734867 20.94999980926514 29.250000000000004 26.94999980926514 3 4 30.349999427795414 1.4499999880790713 21.94999980926514 19.44999980926514 5 18.050000190734867 16.849999427795414 16.44999980926514 14.550000190734865 12.949999809265138 16.44999980926514 11.250000000000002 6 18.150000572204593 16.150000572204593 14.550000190734865
decision_type=2 1 2 2 1 10 2 1 10 10 8 2 1 1 10 10 10 8 1 10 2 10 8 8 10 8 1 8 10 8
left_child=3 2 -2 5 -5 6 8 9 16 -8 11 12 14 -13 -7 -16 19 -18 -19 21 -21 28 -23 25 -25 -22 -26 -28 -1 -30
right_child=1 -3 -4 4 -6 10 7 -9 -10 -11 -12 13 -14 -15 15 -17 17 18 -20 20 23 22 -24 24 26 -27 27 -29 29 -31
leaf_value=-0.00078188008254339344 0.0075643013154834812 0.01575296897249957 -0.015478779772589582 -0.027762614982285806 -0.0010902661523423968 -0.0046538799034800517 0.022763027852590188 0.028127783750201377 -0.018231508471487898 -0.0012536892526210167 0.0058192460509835058 0.021775282318752733 -0.036381085951825612 -0.0046175352794876664 -0.014584183114867907 -0.066349884439107415 0.039006878821218241 -0.001477303836419374 0.01293051511006278 -0.035329057759896421 0.0014562238960386465 0.04739497792566523 0.0094293218665698463 -0.023811888311830207 -0.0094046351960657918 0.035831762314078787 0.019942927855862935 -0.0014846459826547266 0.047786311782396229 0.0063806744284370179
leaf_weight=2660538 48092 111553 43385 36686 61103 104308 30016 50940 53647 136251 93901 29602 40466 134179 17554 7549 16861 162965 110583 38072 39393 23225 173042 76952 201296 27280 70924 290929 16229 92479
leaf_count=2660538 48092 111553 43385 36686 61103 104308 30016 50940 53647 136251 93901 29602 40466 134179 17554 7549 16861 162965 110583 38072 39393 23225 173042 76952 201296 27280 70924 290929 16229 92479
internal_value=-3.47413e-09 0.00714025 -0.00336402 -0.000302212 -0.0110995 -7.75231e-05 0.000416462 0.00895712 -4.10862e-05 0.00308184 -0.00501279 -0.00806124 -0.0159815 0.000153786 -0.00959908 -0.0301512 0.000202832 0.00635984 0.00434754 -0.000279076 -0.00409919 0.000680421 0.0139219 -0.00241693 -0.00428538 0.0155214 -0.00161716 0.00271513 -0.000258056 0.0125621
internal_weight=5e+06 203030 91477 4.79697e+06 97789 4.69918e+06 4.27162e+06 217207 4.05442e+06 166267 427559 333658 169877 163781 129411 25103 4.00077e+06 290409 273548 3.71036e+06 744846 2.96551e+06 196267 706774 640101 66673 563149 361853 2.76925e+06 108708
internal_count=5000000 203030 91477 4796970 97789 4699181 4271622 217207 4054415 166267 427559 333658 169877 163781 129411 25103 4000768 290409 273548 3710359 744846 2965513 196267 706774 640101 66673 563149 361853 2769246 108708
cat_boundaries=0 1 2 3 4 5 6 7
cat_threshold=16515103 130816 4186112 2016 898 523792 120
is_linear=0
shrinkage=0.1


Tree=178
num_leaves=31
num_cat=4
split_feature=80 18 80 82 69 64 72 73 31 72 76 76 76 27 73 72 74 87 76 78 2 73 19 30 48 50 54 3 81 3
split_gain=1051.12 1250.61 1415.63 1266.7 1134.11 1222.76 1175.57 2118.53 3623.99 2284.72 2527.75 2453.22 2090.6 2615.63 2174.93 2887.54 2293.93 2382.07 1821.55 1668.12 1895.43 1827.41 1797.34 1535.61 1739.74 2003.19 1758.2 1618.83 1726.88 1532.57
threshold=31.94999980926514 27.349999427795414 19.349999427795414 1.2500000000000002 0.84999999403953563 3.3500000238418584 36.073350906372077 137.77420043945315 1.0000000180025095e-35 34.689199447631843 0 1 2 1.0000000180025095e-35 138.8433532714844 36.340799331665046 453.50000000000006 1.0000000180025095e-35 3 1.0000000180025095e-35 -10.249999999999998 144.04920196533206 -5.8500001430511466 1.0000000180025095e-35 1.5500000119209292 2.4500000476837163 4.1499998569488534 14.150000095367433 1.0000000180025095e-35 1.0000000180025095e-35
decision_type=10 10 8 8 10 10 2 2 10 2 1 1 1 10 2 2 2 10 1 8 8 2 8 10 10 10 8 10 10 10
left_child=1 4 3 -3 5 -1 7 18 9 10 -9 -11 19 14 16 -16 17 -14 -6 20 22 -22 -8 24 25 -17 27 28 -26 -20
right_child=-2 2 -4 -5 6 -7 12 8 -10 11 -12 -13 13 -15 15 23 -18 -19 29 -21 21 -23 -24 -25 26 -27 -28 -29 -30 -31
leaf_value=-0.0015616130693609325 0.02119604986659733 -0.02072780294593483 -0.0053110505636941091 -0.111372698870832 -0.0044946524119977519 -0.015644422606014768 -0.017477667366219276 0.0934841518200836 0.047385855815989392 0.015214623442363157 0.016599872337261731 -0.0051349819799033245 0.031172786031930418 -0.012816340548365019 -0.030602645724924656 0.0019038039679194743 -0.0051990650526762281 -0.025983559641563004 0.022917389116515436 0.008427072978581255 -0.0049079944572429021 -0.024553845036371039 0.071427385792168174 -0.015889866362307974 0.02202721688155343 -0.024781182864679605 -0.000681468736829793 0.002049304458894769 -0.021430913390559584 0.0029703639704620408
leaf_weight=1162967 23287 4607 291911 2317 364587 65106 3630 6100 25034 115399 14297 121719 76762 98301 25583 302161 33391 8057 40185 94373 700590 50779 6087 38427 161890 31019 117110 76101 9691 928532
leaf_count=1162967 23287 4607 291911 2317 364587 65106 3630 6100 25034 115399 14297 121719 76762 98301 25583 302161 33391 8057 40185 94373 700590 50779 6087 38427 161890 31019 117110 76101 9691 928532
internal_value=-3.55362e-09 -9.9184e-05 -0.00637107 -0.0510606 0.00030148 -0.00230821 0.00123049 0.0031971 0.0110627 0.00753164 0.0396471 0.00476905 -0.000502253 0.00265465 0.0043825 0.00242461 0.0170031 0.0257435 0.00153024 -0.00411317 -0.00566819 -0.0062357 0.0382149 0.003572 0.00464347 -0.000580564 0.00941481 0.0141886 0.0195727 0.00379778
internal_weight=5e+06 4.97671e+06 298835 6924 4.67788e+06 1.22807e+06 3.4498e+06 1.61585e+06 282549 257515 20397 237118 1.83395e+06 978493 880192 761982 118210 84819 1.3333e+06 855459 761086 751369 9717 736399 697972 333180 364792 247682 171581 968717
internal_count=5000000 4976713 298835 6924 4677878 1228073 3449805 1615853 282549 257515 20397 237118 1833952 978493 880192 761982 118210 84819 1333304 855459 761086 751369 9717 736399 697972 333180 364792 247682 171581 968717
cat_boundaries=0 1 2 3 4
cat_threshold=2080768 460796 261888 458767
is_linear=0
shrinkage=0.1


Tree=179
num_leaves=31
num_cat=4
split_feature=91 74 59 48 89 18 62 87 17 89 2 76 89 1 16 89 89 74 76 74 85 50 75 2 75 47 72 79 72 89
split_gain=1024.68 1666.78 1341.58 1324.1 1310.26 1751.98 1400.72 1665.29 1525.47 2801.3 3022.6 1831.98 1370.92 2044.09 1753.48 1215.57 1188.88 1167.91 1512.32 2314.36 2011.71 1718.41 1963.93 1668.42 1353.49 1296.6 1285.5 1247.67 1125.82 1123.89
threshold=0.94999998807907116 1042.5000000000002 3.7500000000000004 2.2500000000000004 27.650000572204593 27.349999427795414 0.84999999403953563 1.0000000180025095e-35 8.6500000953674334 6.6499998569488534 5.0499999523162851 0 -0.65000000596046437 -2.4500000476837154 -1.9499999880790708 19.44999980926514 9.6500000953674334 18.500000000000004 1 1099.0000000000002 3.2500000000000004 1.8499999642372134 2 -2.1499999761581416 3 1.0000000180025095e-35 34.779199600219734 1.6500000357627871 26.286649703979496 15.650000095367433
decision_type=10 2 10 10 8 10 8 8 8 10 8 1 10 10 10 10 10 2 1 2 10 8 1 8 1 8 2 10 2 8
left_child=2 4 17 -4 5 6 7 -2 12 11 16 -10 14 -14 -8 -7 -11 -1 19 20 21 22 23 26 -25 -20 -19 -23 -12 -15
right_child=1 -3 3 -5 -6 15 8 -9 9 10 28 -13 13 29 -16 -17 -18 18 25 -21 -22 27 -24 24 -26 -27 -28 -29 -30 -31
leaf_value=0.0067309390338184134 -0.0081628929651039756 -0.047095663544913166 -0.0110924484270942 0.0010825664383365804 0.0069510580257373797 -0.069842596000822488 0.005617408185250505 0.010584197085004058 -0.049565538809083036 0.027272780168429173 0.012603916664340162 -0.012540890087521682 0.053231828688454823 0.0047723656628706835 -0.014540543005496957 -0.013599220158395823 0.093553850411310119 0.077248193174902391 0.00034746347956569152 -0.047231352713119873 -0.016878667998138648 0.029792752404462552 0.01163854511676447 -0.0029788000104755117 -0.028633417532712431 -0.010547309464965982 0.0091933485488386868 0.0015563931090473689 -0.0023777795936544863 0.032712513672194431
leaf_weight=474275 437220 7977 158305 205004 177998 4045 92460 53142 16871 8956 53086 64275 9225 440673 80919 76834 3878 3032 1114639 8053 33218 56985 216510 73937 28483 121106 32820 21573 909618 14883
leaf_count=474275 437220 7977 158305 205004 177998 4045 92460 53142 16871 8956 53086 64275 9225 440673 80919 76834 3878 3032 1114639 8053 33218 56985 216510 73937 28483 121106 32820 21573 909618 14883
internal_value=1.99336e-08 -0.00145926 0.00140439 -0.00422247 -0.00131031 -0.00195923 -0.0014243 -0.00613121 -6.24681e-05 -0.00239393 -0.000908958 -0.0202463 0.00379804 0.00662888 -0.00379066 -0.0164121 0.0473007 0.00234014 0.00112259 0.00592068 0.00683824 0.00865628 0.00569306 -0.00361712 -0.0101164 -0.000720245 0.0149487 0.0220387 -0.00155165 0.00568517
internal_weight=5e+06 2.45206e+06 2.54794e+06 363309 2.44408e+06 2.26608e+06 2.18521e+06 490362 1.69484e+06 1.05668e+06 975538 81146 638160 464781 173379 80879 12834 2.18463e+06 1.71036e+06 474611 466558 433340 354782 138272 102420 1.23574e+06 35852 78558 962704 455556
internal_count=5000000 2452060 2547940 363309 2444083 2266085 2185206 490362 1694844 1056684 975538 81146 638160 464781 173379 80879 12834 2184631 1710356 474611 466558 433340 354782 138272 102420 1235745 35852 78558 962704 455556
cat_boundaries=0 1 2 3 4
cat_threshold=1796 2016 5134 5128
is_linear=0
shrinkage=0.1


Tree=180
num_leaves=31
num_cat=9
split_feature=82 76 79 48 74 76 73 75 76 75 17 73 76 83 18 4 0 48 89 3 88 48 56 75 76 76 17 77 90 48
split_gain=1024.43 1896.57 1328.85 1280.38 1239.31 1767.04 2519.72 2000.56 1792.78 1768.6 1681.07 1536.52 1291.6 1263.54 1468.77 1424.18 1337.95 1196.89 1181.08 1579.77 1315.65 1369 1693.99 3313.56 5197.5 2892.78 1703.82 2037.85 1589.2 1540.64
threshold=0.75000000000000011 0 0.65000000596046459 2.2500000000000004 352.00000000000006 1 140.77750396728518 2 3 4 13.34999990463257 140.09915161132815 5 27.44999980926514 29.94999980926514 23.849999427795414 19.550000190734867 0.65000000596046459 24.650000572204593 21.349999427795414 1.2500000000000002 0.75000000000000011 1.3499999642372134 6 7 8 15.650000095367433 10.650000095367433 1.0000000180025095e-35 3.2500000000000004
decision_type=8 1 8 8 2 1 2 1 1 1 10 2 1 10 10 10 2 10 10 8 8 8 8 1 1 1 8 8 10 10
left_child=1 -1 3 -2 13 9 7 10 -8 -6 12 -11 -7 14 18 -15 -16 -9 20 -20 -4 -22 23 24 28 -25 -24 -28 -23 -26
right_child=2 -3 4 -5 5 6 8 17 -10 11 -12 -13 -14 15 16 -17 -18 -19 19 -21 21 22 26 25 29 -27 27 -29 -30 -31
leaf_value=0.012152676753713957 0.0026387614566464081 0.00015596608966967908 0.0028873767877576769 0.01873928598915665 0.01460361972879603 0.037652138576233792 -0.010563756572908201 0.0016926595367038569 -0.049620133377276304 -0.009590462412083868 -0.0054197715860980489 0.016107738788623177 0.0035123192362375754 0.035045541128025125 -0.15102928127858417 0.0049359431086203245 -0.014714979690839411 -0.019936473786476221 0.040404684040083114 0.004414512312695215 0.0040148767513986747 -0.032117418017701925 0.0014271765804556584 0.0086797505383663879 0.0029742303449471152 -0.0094256588850016865 -0.048727108611831237 -0.004924188290328849 0.0090770934183134425 -0.029404821542133593
leaf_weight=189044 311078 434984 664967 58715 70604 18823 22091 33302 25150 120081 104509 28858 26946 17495 729 153905 58596 110401 12945 210861 311328 129967 897345 163293 111495 191992 10860 482618 10092 16926
leaf_count=189044 311078 434984 664967 58715 70604 18823 22091 33302 25150 120081 104509 28858 26946 17495 729 153905 58596 110401 12945 210861 311328 129967 897345 163293 111495 191992 10860 482618 10092 16926
internal_value=1.52749e-09 0.00379047 -0.000540531 0.00519517 -0.00106997 -0.00542965 -0.0099322 -0.00648774 -0.0313692 0.00156875 0.00157941 -0.00461094 0.0175617 -0.0003604 -0.000798566 0.00800927 -0.01639 -0.0149231 -0.000510835 0.00649619 -0.00103517 -0.0021566 -0.00311032 -0.00744032 -0.0158244 -0.0011042 -0.00116838 -0.00588816 -0.0291471 -0.00129326
internal_weight=5e+06 624028 4.37597e+06 369793 4.00618e+06 560765 341222 293981 47241 219543 150278 148939 45769 3.44541e+06 3.27401e+06 171400 59325 143703 3.21469e+06 223806 2.99088e+06 2.32592e+06 2.01459e+06 623765 268480 355285 1.39082e+06 493478 140059 128421
internal_count=5000000 624028 4375972 369793 4006179 560765 341222 293981 47241 219543 150278 148939 45769 3445414 3274014 171400 59325 143703 3214689 223806 2990883 2325916 2014588 623765 268480 355285 1390823 493478 140059 128421
cat_boundaries=0 1 2 3 4 5 6 7 8 9
cat_threshold=261568 16646151 504 126984 7680 8128 7682 130048 15484
is_linear=0
shrinkage=0.1


Tree=181
num_leaves=31
num_cat=7
split_feature=17 0 12 76 11 77 23 76 57 8 17 17 75 72 76 46 36 3 86 1 7 75 76 3 86 17 9 75 11 17
split_gain=999.763 2354.2 2289.21 2060.28 1947.49 1313.8 2212.95 1169.16 1828.97 1783.94 1847.09 1069.64 2782.19 3202.69 2430.99 2137.11 2043.08 1942.94 1925.04 2688.62 2005.03 2444.97 2622.14 2446.01 1908.28 1945.86 2597.28 1787.39 1771.58 1873.71
threshold=22.050000190734867 28.150000572204593 23.250000000000004 0 20.44999980926514 17.150000572204593 15.84999990463257 1 1.2500000000000002 21.750000000000004 24.849999427795414 8.6500000953674334 2 42.50835037231446 3 1.0000000180025095e-35 1.0000000180025095e-35 4.8500001430511483 3.6499999761581425 3.6499999761581425 0.84999999403953563 4 5 8.2500000000000018 8.4499998092651385 4.4500000476837167 4.6499998569488534 6 20.150000572204593 13.550000190734865
decision_type=10 2 8 1 8 10 8 1 10 8 8 8 1 2 1 10 8 8 10 10 8 1 1 8 10 10 8 1 8 10
left_child=1 5 3 -2 -5 11 -7 8 -4 -9 -11 18 13 15 28 16 -13 -18 -1 -20 27 22 -22 -23 -24 -26 -27 -21 29 -14
right_child=2 -3 7 4 -6 6 -8 9 -10 10 -12 12 14 -15 -16 -17 17 -19 19 20 21 23 24 -25 25 26 -28 -29 -30 -31
leaf_value=-0.00059447626229477176 -0.0042941437899803965 0.0353374206584662 0.015809774001455165 -0.05010601358287875 -0.014621345436076889 0.021738775547379435 0.0026784270310336658 -0.035267814470888746 -0.0016907025255923245 0.0073054113106772144 -0.0057042832019798696 -0.0025480079766233687 0.015581076322305924 -0.054523333182155589 -0.0028520088730147677 -0.026531172187097846 -0.097311703890974502 -0.019330854034626428 0.026928330467351685 0.0034150674279518618 -0.010562904979954522 0.013810640519312217 0.0085840786554634667 -0.01216854656828145 0.04908379077612543 -0.024090375349324684 0.028003313519227885 -0.03595564652157196 0.019210067377515266 -0.0010317225218010172
leaf_weight=1190769 253076 19580 109188 18771 87859 70141 463000 15843 131808 167660 312625 431823 93001 14338 682405 48828 3500 36677 58483 23874 40318 55378 111366 104878 29755 11869 49428 22297 90003 251459
leaf_count=1190769 253076 19580 109188 18771 87859 70141 463000 15843 131808 167660 312625 431823 93001 14338 682405 48828 3500 36677 58483 23874 40318 55378 111366 104878 29755 11869 49428 22297 90003 251459
internal_value=2.803e-09 0.000749594 -0.00266749 -0.00920737 -0.0208661 0.000575212 0.00518604 0.000523881 0.00623798 -0.00225184 -0.0011628 -0.000158488 -0.00197016 -0.00789852 0.000870578 -0.00661512 -0.00455482 -0.0261241 0.00160371 0.00675992 0.0041339 0.0063954 0.012724 -0.00319099 0.0173626 0.0281016 0.0179164 -0.015605 0.00671753 0.00345358
internal_weight=5e+06 3.90317e+06 1.09683e+06 359706 106630 3.88359e+06 533141 737124 240996 496128 480285 3.35045e+06 1.65203e+06 535166 1.11687e+06 520828 472000 40177 1.69842e+06 507646 449163 402992 242736 160256 202418 91052 61297 46171 434463 344460
internal_count=5000000 3903170 1096830 359706 106630 3883590 533141 737124 240996 496128 480285 3350449 1652034 535166 1116868 520828 472000 40177 1698415 507646 449163 402992 242736 160256 202418 91052 61297 46171 434463 344460
cat_boundaries=0 1 2 3 4 5 6 7
cat_threshold=32704 1008 6158 6398 7174 7682 124
is_linear=0
shrinkage=0.1


Tree=182
num_leaves=31
num_cat=7
split_feature=25 76 18 0 2 76 10 75 83 1 8 13 0 75 1 37 17 2 17 3 16 76 17 48 3 76 75 74 0 86
split_gain=948.2 1732.17 1005.7 2581.79 3710.75 2873.91 2408.53 3671.09 2148.45 2703.02 2077.73 2027.65 2279.1 2962.82 2819.46 2177.07 1787.49 1647.85 1751.77 1618.54 1574.17 1555.46 1529.66 1857.84 1529.63 2379.47 1675.46 1918.55 1523.04 1497.58
threshold=1.7500000000000002 0 17.050000190734867 18.349999427795414 19.250000000000004 1 14.750000000000002 2 13.449999809265138 12.449999809265138 11.250000000000002 17.44999980926514 13.050000190734865 3 12.449999809265138 1.0000000180025095e-35 13.150000095367433 6.4500000476837167 19.550000190734867 23.44999980926514 13.750000000000002 4 10.84999990463257 4.0499999523162851 11.449999809265138 5 6 291.50000000000006 5.8500001430511483 13.250000000000002
decision_type=8 1 10 2 10 1 8 1 10 8 10 8 2 1 8 8 8 10 10 10 8 1 8 8 8 1 1 2 2 10
left_child=2 -2 3 4 8 -5 22 19 29 -10 -11 12 13 15 -14 -4 -9 28 -19 -8 -12 -16 23 -7 25 -13 -26 -28 -15 -1
right_child=1 -3 11 5 -6 6 7 16 9 10 20 24 14 17 21 -17 -18 18 -20 -21 -22 -23 -24 -25 26 -27 27 -29 -30 -31
leaf_value=-0.0011188915284976672 0.020025508145787234 -0.0015491092264615072 -0.0012957401291730994 0.081428066577636765 -0.030817253750525325 0.0071299144757995649 0.018578770589027644 0.11516034155360728 0.036727234321635528 -0.009912828337415476 0.020920015702942045 0.039476563005324705 0.047423215134795228 -0.081742059623625934 -0.00063024085255608455 -0.10799642391580014 0.038862518058837017 -0.052606609523538475 -0.12593791116999797 -0.014443024003075009 0.002853016740825825 -0.017633641746497123 -0.007271032547532464 0.071825874711069521 0.00017617768938142726 -0.021161689246281524 -0.006981041545529647 -0.04745631546215983 0.034655113044280414 0.0092987510338547272
leaf_weight=2245495 65597 85992 28072 5690 38339 23505 39443 3380 30549 66964 83351 21652 9608 1735 125507 2052 33541 12225 4441 23799 114439 94164 84682 5472 1376504 9223 201928 12432 3193 147026
leaf_count=2245495 65597 85992 28072 5690 38339 23505 39443 3380 30549 66964 83351 21652 9608 1735 125507 2052 33541 12225 4441 23799 114439 94164 84682 5472 1376504 9223 201928 12432 3193 147026
internal_value=-7.53008e-09 0.00778808 -0.000243508 0.00091402 7.39385e-05 0.0113472 0.00947799 0.0207841 0.000514569 0.00856198 0.00531209 -0.00203551 -0.00987787 -0.0288402 -0.00560058 -0.00856118 0.0458349 -0.0570994 -0.0721472 0.00615116 0.0104667 -0.00791974 -0.000484834 0.0193471 -0.000676668 0.0213686 -0.00110452 -0.00932801 -0.00632482 -0.000478703
internal_weight=5e+06 151589 4.84841e+06 2.94568e+06 2.72616e+06 219512 213822 100163 2.68782e+06 295303 264754 1.90274e+06 280997 51718 229279 30124 36921 21594 16666 63242 197790 219671 113659 28977 1.62174e+06 30875 1.59086e+06 214360 4928 2.39252e+06
internal_count=5000000 151589 4848411 2945675 2726163 219512 213822 100163 2687824 295303 264754 1902736 280997 51718 229279 30124 36921 21594 16666 63242 197790 219671 113659 28977 1621739 30875 1590864 214360 4928 2392521
cat_boundaries=0 1 2 3 4 5 6 7
cat_threshold=49120 2032 248 3848 15744523 992 1984
is_linear=0
shrinkage=0.1


Tree=183
num_leaves=31
num_cat=6
split_feature=0 18 77 3 79 76 72 76 75 18 11 73 74 30 87 76 53 48 74 74 50 57 2 48 88 57 53 75 76 74
split_gain=945.791 1027.5 1107.06 1170.38 1115.53 2322.12 2679.01 1927.83 2666.16 2570.27 2313.82 2227.18 1861.33 1784.02 2001.09 2009.26 1920.79 4361.87 1677.34 1646.23 1609.25 2310.27 1954.61 1652.63 1887.66 1606.49 1868.48 1578.54 1890.26 1550.28
threshold=34.850000381469734 28.349999427795414 24.250000000000004 20.150000572204593 2.1499999761581425 0 44.01414871215821 1 2 3.4500000476837163 26.650000572204593 144.7174987792969 90.500000000000014 1.0000000180025095e-35 1.0000000180025095e-35 3 2.7500000000000004 3.7500000000000004 1099.0000000000002 18.500000000000004 1.3499999642372134 1.5500000119209292 14.949999809265138 1.7500000000000002 3.0499999523162846 4.5499999523162851 1.4499999880790713 4 5 521.50000000000011
decision_type=2 10 10 8 10 1 2 1 1 10 10 2 2 8 8 1 8 8 2 2 8 10 10 8 10 10 8 1 1 2
left_child=1 2 4 -4 7 6 -6 8 12 -10 11 18 -1 14 16 -16 19 27 20 -9 21 -11 23 -22 25 26 -25 28 -18 -7
right_child=-2 -3 3 -5 5 29 -8 13 9 10 -12 -13 -14 -15 15 -17 17 -19 -20 -21 22 -23 -24 24 -26 -27 -28 -29 -30 -31
leaf_value=0.0026550053759941566 0.04508818069684524 -0.0067307837545971735 0.038890050871798233 0.0048152630034365819 0.00039905144845637234 -0.0058031317363119684 0.030688309920081536 0.0063182695430498807 0.021876608034938738 0.0045475033773248611 0.032331756184901528 -0.043069357406992033 -0.014936805495850528 0.0075195860586002583 0.020784870885902855 -0.0013656384413272104 -0.0020171832335201651 0.0067012855665153186 -0.04168398725286733 -0.0027022256391638095 0.0040332335104584253 -0.011053604924873475 0.0014305576503731085 0.0098749083279159461 -0.0018989003580326021 -0.0026935442377771729 0.040721968199999709 -0.0073047311049679771 -0.02546637782678924 -0.02759145519974688
leaf_weight=126073 4648 219562 10415 313349 350362 553091 31856 252682 92122 389318 28752 10145 115016 215481 73496 92470 44840 146296 7953 1014994 80142 125522 178855 27032 26717 15145 71774 199716 147471 34705
leaf_count=126073 4648 219562 10415 313349 350362 553091 31856 252682 92122 389318 28752 10145 115016 215481 73496 92470 44840 146296 7953 1014994 80142 125522 178855 27032 26717 15145 71774 199716 147471 34705
internal_value=1.32541e-08 -4.19397e-05 0.000265573 0.0059114 -0.000145007 -0.00314408 0.00292344 0.00069047 0.00374907 0.00592006 0.00439108 0.00352968 -0.00573726 -0.00111967 -0.00206371 0.00844461 -0.00302939 -0.00803393 0.00404216 -0.000904198 0.00443982 0.000743832 0.00920092 0.0154949 0.0220248 0.027634 0.0322826 -0.0135328 -0.0199993 -0.00708945
internal_weight=5e+06 4.99535e+06 4.77579e+06 323764 4.45203e+06 970014 382218 3.48201e+06 1.29457e+06 1.05348e+06 961355 932603 241089 2.18745e+06 1.97196e+06 165966 1.806e+06 538323 922458 1.26768e+06 914505 514840 399665 220810 140668 113951 98806 392027 192311 587796
internal_count=5000000 4995352 4775790 323764 4452026 970014 382218 3482012 1294566 1053477 961355 932603 241089 2187446 1971965 165966 1805999 538323 922458 1267676 914505 514840 399665 220810 140668 113951 98806 392027 192311 587796
cat_boundaries=0 1 2 3 4 5 6
cat_threshold=16711683 7160 4098 1040384 62 58375
is_linear=0
shrinkage=0.1


Tree=184
num_leaves=31
num_cat=6
split_feature=18 0 4 10 89 77 76 48 75 17 12 26 76 75 80 4 0 1 83 1 18 14 76 84 0 86 1 75 1 8
split_gain=954.364 3076.19 3660 3230.33 2643.38 2559.75 2453.87 2078.96 1994.95 2451.73 1873.8 2181.13 2077.79 1757.04 1690.46 2214.95 2040.05 1975.34 1889.38 2735.91 1659.53 2888.73 3444.75 1987.78 1862.45 1779.12 2065.74 1746.72 1584.7 1895.34
threshold=11.84999990463257 14.949999809265138 15.84999990463257 9.4499998092651385 8.2500000000000018 11.84999990463257 0 3.1499999761581425 1 8.8499999046325701 17.44999980926514 1.0000000180025095e-35 2 3 8.8499999046325701 8.6500000953674334 8.8499999046325701 7.6499998569488534 4.8500001430511483 4.2500000000000009 6.6499998569488534 8.8499999046325701 4 1.0000000180025095e-35 4.0499999523162851 0.65000000596046459 -1.6500000357627866 5 10.050000190734865 7.4500000476837167
decision_type=10 2 10 10 10 8 1 8 1 8 8 10 1 1 10 10 2 8 10 10 8 10 1 8 2 10 10 1 8 10
left_child=1 2 4 7 14 10 -6 -3 -5 -10 12 -12 -2 -4 15 18 -17 -16 20 -20 25 22 24 27 -22 -1 -27 -23 -8 -30
right_child=5 3 13 8 6 -7 28 -9 9 -11 11 -13 -14 -15 17 16 -18 -19 19 -21 21 23 -24 -25 -26 26 -28 -29 29 -31
leaf_value=-0.0021684180755688971 -0.030233277079011623 -0.011596697687558938 -0.038865157330309007 0.016572997740152508 0.030321228695132693 -0.00042272055828524206 0.015223123952767629 0.025407491005050256 0.109578137927451 0.036980738349941498 0.011665990338117662 -0.12340916618234095 -0.0063224148916010458 -0.0071008654677242253 0.046416925387299968 -0.019053585552231116 0.003614161031966703 0.006611810966643328 0.032221361618392064 0.0032972356080812042 -0.055524662550287568 -0.0030472605231008278 -0.0048551854052423446 -0.053641620065940115 -0.014981311531753128 0.053727021663128288 0.0056363141820739079 0.028725477543952882 -0.014827410606285186 0.0079566950565817373
leaf_weight=719255 69817 45191 32535 37786 49134 2624746 109676 22864 5804 23435 36435 1236 75824 37490 14420 119120 59552 92053 41533 153812 29945 43991 64703 5363 18227 9236 271464 28511 57844 98998
leaf_count=719255 69817 45191 32535 37786 49134 2624746 109676 22864 5804 23435 36435 1236 75824 37490 14420 119120 59552 92053 41533 153812 29945 43991 64703 5363 18227 9236 271464 28511 57844 98998
internal_value=8.85337e-09 0.00156373 0.000603704 0.0161821 0.00139563 -0.00122062 0.00978843 0.000835361 0.0317647 0.0513739 -0.0126453 0.00723412 -0.0177873 -0.0218657 -0.000189598 -0.00101924 -0.0114983 0.0120028 0.0003316 0.0094469 -0.00116385 -0.00971179 -0.0199331 0.00510521 -0.0401758 0.000466655 0.00721866 0.00945073 0.00600174 -0.00044618
internal_weight=5e+06 2.19194e+06 2.05686e+06 135080 1.98684e+06 2.80806e+06 315652 68055 67025 29239 183312 37671 145641 70025 1.67118e+06 1.56471e+06 178672 106473 1.38604e+06 195345 1.1907e+06 190740 112875 77865 48172 999955 280700 72502 266518 156842
internal_count=5000000 2191942 2056862 135080 1986837 2808058 315652 68055 67025 29239 183312 37671 145641 70025 1671185 1564712 178672 106473 1386040 195345 1190695 190740 112875 77865 48172 999955 280700 72502 266518 156842
cat_boundaries=0 1 2 3 4 5 6
cat_threshold=1573872 240 830 368 1656 7174
is_linear=0
shrinkage=0.1


Tree=185
num_leaves=31
num_cat=5
split_feature=72 74 17 75 72 74 77 17 76 79 73 17 11 13 89 76 17 2 0 0 75 0 47 10 17 10 13 76 72 2
split_gain=961.251 1376.96 1136.82 2071.65 3857.55 1817.46 1603.57 1321.78 1313.84 3529.54 3064.41 2179.92 4134.84 3157.65 3051.95 2245.05 1964.26 1729.91 1676.24 1635.79 1563.17 2338.31 1530.4 1505.28 1812.28 2689.56 2154.43 1683.96 1476.79 1468.51
threshold=32.94585037231446 268.00000000000006 1.0500000119209292 0 39.857500076293952 143.50000000000003 8.2500000000000018 6.6499998569488534 1 4.9500000476837167 133.62664794921878 11.84999990463257 7.0499999523162851 12.84999990463257 5.4500000476837167 2 5.6499998569488534 7.4500000476837167 -4.2499999999999991 4.2500000000000009 3 2.2500000000000004 1.0000000180025095e-35 27.050000190734867 20.650000572204593 19.849999427795414 19.349999427795414 4 37.567501068115241 8.6500000953674334
decision_type=2 2 8 1 2 2 10 8 1 10 2 10 8 8 10 1 8 10 2 2 1 2 8 10 10 10 8 1 2 10
left_child=1 -1 6 4 5 -4 -2 -7 9 10 -5 12 14 15 16 -13 -12 -17 -10 28 -14 -22 -20 24 25 27 -26 -15 -18 -24
right_child=2 -3 3 8 -6 7 -8 -9 18 -11 11 13 20 23 -16 17 19 -19 22 -21 21 -23 29 -25 26 -27 -28 -29 -30 -31
leaf_value=0.0023594621600132679 0.0025432312751586814 0.019433623729009291 -0.0011759938431509975 -0.0085882487249159239 -0.047881312547996685 -0.010364817969274898 0.033793233194709268 -0.037496856913814942 -0.12241720050266786 -0.029348166247153858 0.011644375611267603 -0.0078318200862609443 0.015350984010395315 -0.0045070501656039623 0.055343750823149178 -0.082159801131022225 -0.0027270526049955283 -0.011464243629079475 -0.00078523560897081476 0.018872223664062632 0.081539275430504321 0.031119314742714926 0.0063819436611545592 0.020910097943418908 -0.026865356675777021 0.040566355555501282 0.0015173262903679678 0.014105797217333052 -0.039591057859834348 -0.013374664891999725
leaf_weight=440823 659204 52901 246163 171158 23097 66156 16840 24644 1149 33544 56029 49223 33900 81468 10289 8366 19203 5904 2183752 11414 12067 38688 47285 57315 29763 26351 263657 120493 25034 184120
leaf_count=440823 659204 52901 246163 171158 23097 66156 16840 24644 1149 33544 56029 49223 33900 81468 10289 8366 19203 5904 2183752 11414 12067 38688 47285 57315 29763 26351 263657 120493 25034 184120
internal_value=5.01043e-09 0.00418891 -0.000458946 -0.00112623 -0.00834607 -0.00563639 0.00332166 -0.0177287 -0.000377086 0.00256922 0.00361855 0.00607896 0.0150138 0.00320577 0.00322846 -0.0179645 -0.00157289 -0.0528735 -0.00166211 -0.0148799 0.0319937 0.0430982 -0.00160467 0.0055271 0.0038372 0.0105186 -0.00136167 0.00659813 -0.0235886 -0.00933762
internal_weight=5e+06 493724 4.50628e+06 3.83023e+06 360060 336963 676044 90800 3.47017e+06 1.05387e+06 1.02032e+06 849164 206624 642540 121969 63493 111680 14270 2.41631e+06 55651 84655 50755 2.41516e+06 579047 521732 228312 293420 201961 44237 231405
internal_count=5000000 493724 4506276 3830232 360060 336963 676044 90800 3470172 1053866 1020322 849164 206624 642540 121969 63493 111680 14270 2416306 55651 84655 50755 2415157 579047 521732 228312 293420 201961 44237 231405
cat_boundaries=0 1 2 3 4 5
cat_threshold=6 508 448 6208 268
is_linear=0
shrinkage=0.1


Tree=186
num_leaves=31
num_cat=7
split_feature=17 76 5 75 89 0 3 76 17 89 2 18 77 0 2 30 59 36 76 15 12 11 76 51 0 75 76 3 16 24
split_gain=909.995 1495.79 2179.27 1902.5 1464.24 1461.05 2631.98 2561.51 2031.1 1535.54 1830.48 1439.56 1850.05 1551.68 4676.43 2674.68 2626.78 2106.89 2100.68 1661.9 1656.89 1567 2877.25 1613.79 2380.42 1793.41 2043.64 1416.41 1410.54 1493.29
threshold=25.050000190734867 0 24.750000000000004 1 21.750000000000004 23.94999980926514 25.250000000000004 2 20.650000572204593 18.849999427795414 18.750000000000004 11.84999990463257 14.650000095367433 5.8500001430511483 5.4500000476837167 1.0000000180025095e-35 2.2500000000000004 1.0000000180025095e-35 3 14.34999990463257 15.84999990463257 11.250000000000002 4 2.0499999523162846 10.650000095367433 5 6 12.84999990463257 14.250000000000002 1.0000000180025095e-35
decision_type=10 1 8 1 10 2 10 1 10 10 8 8 10 2 8 10 8 10 1 8 8 10 1 10 2 1 1 8 10 2
left_child=5 3 -3 -2 27 6 9 28 -9 11 -11 12 -1 15 -15 16 17 19 -17 -13 -18 22 -16 24 25 26 -24 -5 -7 -30
right_child=1 2 -4 4 -6 7 -8 8 -10 10 -12 13 -14 14 21 18 20 -19 -20 -21 -22 -23 23 -25 -26 -27 -28 -29 29 -31
leaf_value=0.00055828673430919349 0.0037322084389965131 -0.034587617128517538 -0.0061349883841220103 0.026167439582705232 0.0075381671990031405 0.03552200025972721 -0.022816276272676142 0.10213508990538289 0.02109601921596407 0.018143436914483582 0.0024994574230810468 -0.012328640419602764 0.016686085786255991 0.044244184816612193 -0.035428390503324109 -0.16257347454764021 -0.055929975391867018 -0.13410708099319435 0.016508611155060724 0.030379810210770963 0.0095232868608794135 -0.0017555926726399223 -0.082085892200911781 0.012995214412261428 0.00020693658112766824 -0.01490580067078256 0.046825572403858214 -0.030293121556368013 0.00015050902685178298 0.03825068234313523
leaf_weight=2087281 299230 31131 198983 4960 20532 12705 50177 3274 55859 93109 380254 20927 73636 21226 40392 2167 17087 1101 942 16137 4999 1103932 10045 36418 52546 16709 1398 42646 289531 10666
leaf_count=2087281 299230 31131 198983 4960 20532 12705 50177 3274 55859 93109 380254 20927 73636 21226 40392 2167 17087 1101 942 16137 4999 1103932 10045 36418 52546 16709 1398 42646 289531 10666
internal_value=7.92813e-09 -0.00366203 -0.00998377 0.000298085 -0.0147813 0.000496996 -5.64754e-05 0.0064931 0.0255786 0.000230442 0.00557658 -0.000491173 0.00110786 -0.00305827 -0.00230366 -0.0183347 -0.0136675 0.00221631 -0.108783 0.00626585 -0.0411151 -0.00308691 -0.0124178 -0.00447825 -0.0123644 -0.0358288 -0.0663095 -0.0244106 0.00288537 0.00150421
internal_weight=5e+06 597482 230114 367368 68138 4.40252e+06 4.03048e+06 372035 59133 3.98031e+06 473363 3.50694e+06 2.16092e+06 1.34603e+06 1.28267e+06 63360 60251 38165 3109 37064 22086 1.26144e+06 157508 117116 80698 28152 11443 47606 312902 300197
internal_count=5000000 597482 230114 367368 68138 4402518 4030483 372035 59133 3980306 473363 3506943 2160917 1346026 1282666 63360 60251 38165 3109 37064 22086 1261440 157508 117116 80698 28152 11443 47606 312902 300197
cat_boundaries=0 1 2 3 4 5 6 7
cat_threshold=4088 3968 4192256 2044 516124 250 2016
is_linear=0
shrinkage=0.1


Tree=187
num_leaves=31
num_cat=8
split_feature=80 17 13 0 4 86 76 76 65 10 17 2 25 10 2 76 75 70 27 77 48 54 0 73 76 75 73 76 15 75
split_gain=929.782 1205.61 1981.48 1794.37 3613.52 1567.94 1349.23 1323.19 1401.42 1398.14 1382.39 1372.83 1245.21 1139.88 1134.79 1097.99 1076.89 1053.11 1051.47 1001.37 1086.63 1635.35 1075.2 1028.58 1411.26 1050.36 997.385 1634.56 1552.2 1522.52
threshold=29.650000572204593 22.44999980926514 23.250000000000004 18.250000000000004 17.250000000000004 20.44999980926514 0 1 1.5500000119209292 21.349999427795414 24.849999427795414 17.94999980926514 1.0000000180025095e-35 27.050000190734867 17.44999980926514 2 3 0.84999999403953563 1.0000000180025095e-35 -13.15000009536743 1.1500000357627871 1.1500000357627871 5.4500000476837167 140.55999755859378 4 5 140.11250305175784 6 -1.2499999999999998 7
decision_type=10 10 10 2 8 10 1 1 8 8 8 8 8 10 8 1 1 10 10 8 10 10 2 2 1 1 2 1 8 1
left_child=1 5 3 6 -5 17 -3 8 -4 -9 -11 18 -6 -12 -7 -15 -13 19 -10 -1 21 23 -23 24 25 -21 -19 -28 -29 -30
right_child=-2 2 7 4 12 14 -8 9 11 10 13 16 -14 15 -16 -17 -18 26 -20 20 -22 22 -24 -25 -26 -27 27 28 29 -31
leaf_value=-0.053050313662103644 0.011132323979382195 -0.021210757929235293 0.024182336038353337 0.027225474259231105 -0.014818978708898754 0.034886110911961074 -0.069428387292476676 -0.044095411092930352 0.032710481498713938 0.0050514776061649259 -0.011811027921208707 -0.023594581425773947 0.0097850864979417279 0.0090054373577185196 0.0057921654678143031 -0.0073211943627621403 0.0025169003592168059 0.002642188784609382 -0.10951680485063593 0.0038261328847883492 -0.0067693714168183322 -0.015777565535286659 -0.0013635293367127601 0.014104049683677481 0.0084806791856765779 -0.015149888087100586 0.0039828742354425899 0.004250673796335906 -0.0014122753762451281 -0.011854252053611802
leaf_weight=3962 73916 44902 36937 27405 161409 13953 6663 8202 17191 164552 172803 18494 23574 72749 342204 94929 107865 1545800 536 53113 384182 79583 147976 84760 131284 64693 386019 171783 280062 278499
leaf_count=3962 73916 44902 36937 27405 161409 13953 6663 8202 17191 164552 172803 18494 23574 72749 342204 94929 107865 1545800 536 53113 384182 79583 147976 84760 131284 64693 386019 171783 280062 278499
internal_value=-3.8448e-08 -0.00016708 -0.00335056 -0.0107256 -0.00666294 0.000601705 -0.0274588 -0.000546622 0.00680409 -0.00313936 -0.00247428 0.00234958 -0.0116835 -0.00611142 0.00693197 -0.0002376 -0.00130646 -2.25318e-05 0.02841 -0.00288169 -0.00267149 0.00013277 -0.00640447 0.00458869 0.00135082 -0.00659492 0.000997286 -0.00128037 -0.00406222 -0.00661889
internal_weight=5e+06 4.92608e+06 958211 263953 212388 3.96787e+06 51565 694258 181023 513235 505033 144086 184983 340481 356157 167678 126359 3.61172e+06 17727 949553 945591 561409 227559 333850 249090 117806 2.66216e+06 1.11636e+06 730344 558561
internal_count=5000000 4926084 958211 263953 212388 3967873 51565 694258 181023 513235 505033 144086 184983 340481 356157 167678 126359 3611716 17727 949553 945591 561409 227559 333850 249090 117806 2662163 1116363 730344 558561
cat_boundaries=0 1 2 3 4 5 6 7 8
cat_threshold=3568 480 253980 4192 2143 252 524543 4032
is_linear=0
shrinkage=0.1


Tree=188
num_leaves=31
num_cat=5
split_feature=86 18 12 73 4 86 76 79 75 72 17 13 0 26 31 76 72 73 74 72 72 72 84 76 24 25 76 47 9 2
split_gain=921.094 1298.96 1304.84 1236.83 1026.19 982.126 981.644 3677.24 2709.88 2393.33 2526.88 3028 2696.46 2470.43 1973.54 1936.19 1781.39 1749.77 1650.4 1460.31 3452.04 2460.94 1435.07 3859.87 1722.32 1567.54 4333.9 1592.15 1371.18 1350.45
threshold=28.349999427795414 27.349999427795414 30.250000000000004 143.05250549316409 25.349999427795414 25.94999980926514 0 6.0499999523162851 1 44.01414871215821 5.4500000476837167 6.2500000000000009 1.8499999642372134 1.0000000180025095e-35 1.0000000180025095e-35 2 37.290000915527351 138.79664611816409 62.500000000000007 43.281700134277351 40.670848846435554 42.731649398803718 1.0000000180025095e-35 3 1.0000000180025095e-35 1.0000000180025095e-35 4 0.75000000000000011 20.550000190734867 13.650000095367433
decision_type=10 10 10 2 10 8 1 10 1 2 8 10 2 10 10 1 2 2 2 2 2 2 10 1 2 8 1 10 8 10
left_child=1 6 3 5 -2 -3 7 8 18 10 12 15 13 14 16 -12 17 -10 29 20 -13 -22 25 24 -24 27 -27 -8 -20 -1
right_child=4 2 -4 -5 -6 -7 22 -9 9 -11 11 19 -14 -15 -16 -17 -18 -19 28 -21 21 -23 23 -25 -26 26 -28 -29 -30 -31
leaf_value=0.032743500468398398 0.024517737313269672 -0.019284428692701843 0.0075038702647015273 -0.072168854004620822 0.0036166070676800603 -0.0045225726366585643 -0.001164872580848687 -0.035035466481156505 0.026526863606382445 -0.028210053780459335 -0.010308768203303521 0.0029785306225544859 0.053156613865230955 -0.032942140080094898 -0.035250890185021283 -0.05113346418686332 0.0088673349492339824 0.088992652460730001 0.00093447692883873602 0.030272024429976254 -0.0534474535238912 -0.00014348221254407347 0.032054984114842713 -0.0031959370338243611 0.0097709412245834924 0.02595463122740356 -0.0093177006967705058 -0.01116474815465195 0.027268371155302958 0.011438877393676147
leaf_weight=55692 29405 70691 47874 3240 116782 124351 3022227 24604 23678 27617 33351 355848 15549 12628 7592 17831 68571 5532 116993 16643 19594 15523 53047 219575 100193 73032 66589 168073 23794 63881
leaf_count=55692 29405 70691 47874 3240 116782 124351 3022227 24604 23678 27617 33351 355848 15549 12628 7592 17831 68571 5532 116993 16643 19594 15523 53047 219575 100193 73032 66589 168073 23794 63881
internal_value=-5.90397e-08 -0.000235607 -0.00731328 -0.0108908 0.0078208 -0.00987286 0.000142505 0.00309501 0.00416075 0.000565113 0.00190672 -0.00161716 0.0140125 0.00885445 0.0138634 -0.0245435 0.0176768 0.0383571 0.012722 0.00126162 2.66712e-05 -0.0298851 -0.000579071 0.00530456 0.0174839 -0.0012378 0.0091335 -0.00169169 0.00538509 0.0213617
internal_weight=5e+06 4.85381e+06 246156 198282 146187 195042 4.60766e+06 904921 880317 619957 592340 458790 133550 118001 105373 51182 97781 29210 260360 407608 390965 35117 3.70274e+06 372815 153240 3.32992e+06 139621 3.1903e+06 140787 119573
internal_count=5000000 4853813 246156 198282 146187 195042 4607657 904921 880317 619957 592340 458790 133550 118001 105373 51182 97781 29210 260360 407608 390965 35117 3702736 372815 153240 3329921 139621 3190300 140787 119573
cat_boundaries=0 1 2 3 4 5
cat_threshold=496 3840 384 522240 2095104
is_linear=0
shrinkage=0.1


Tree=189
num_leaves=31
num_cat=5
split_feature=23 77 3 89 76 79 7 7 80 22 86 2 83 86 89 17 8 75 16 0 11 76 75 77 76 17 49 80 17 10
split_gain=903.727 1254.8 1315.86 1845.76 1518.95 1435.76 1435.23 1236.91 1174.84 1748.22 1447.2 2220.58 3882.25 2654.46 2546.05 2380.03 2419.31 3469.18 2438.57 2316.45 2161.77 3612.32 2544.02 2097.8 1822.46 1807.98 1689.38 1620.22 1614.45 2589.37
threshold=-12.949999809265135 -7.1499998569488517 -5.8500001430511466 -7.8500001430511466 0 7.9500000476837167 -10.349999904632567 -7.5499999523162833 -1.5500000119209287 -0.84999999403953541 5.8500001430511483 8.2500000000000018 9.4499998092651385 9.8499999046325701 10.650000095367433 9.6500000953674334 5.6499998569488534 1 5.6499998569488534 13.34999990463257 8.8499999046325701 2 3 11.050000190734865 4 12.550000190734865 3.5499999523162846 7.6499998569488534 15.650000095367433 16.550000190734867
decision_type=8 8 8 8 1 8 8 8 8 10 8 8 10 10 8 10 8 1 8 2 8 1 1 10 1 10 8 10 8 8
left_child=-1 -2 3 5 -5 -3 -4 -6 -8 -10 27 12 13 23 -13 16 26 18 19 -18 21 -17 -23 25 -19 -12 -16 -11 -22 -30
right_child=1 2 6 4 7 -7 8 -9 9 10 11 14 -14 -15 15 20 17 24 -20 -21 28 22 -24 -25 -26 -27 -28 -29 29 -31
leaf_value=0.021275425717139182 -0.016116373297045194 0.04709334035172643 -0.049132567132220424 0.0020381017051641272 0.062454602412275177 -0.028292081788474116 -0.0083942323160155746 0.022025176675884692 0.0088775075112362961 -0.0060483379267851998 0.0035186433192309938 -0.0098581443972860575 0.031944073758135599 0.032526117672924959 -0.01401412881793454 -0.048567984866897264 0.039840559322663935 -0.013507164700444231 0.017891855429549606 0.11905732511552132 0.004650587085463267 -0.032325390649667378 0.017246169345794413 0.06591456582343469 0.01171956425822447 -0.014178202414991521 0.018995496863878039 0.024202220507438567 -0.0097877286252989852 -3.2342984998609944e-06
leaf_weight=19886 48350 3058 5970 23269 11183 14534 163864 23405 222180 527812 460443 270667 52663 29926 63831 24935 24010 45856 79900 4362 539261 16384 28084 5073 76231 66006 20478 18320 318563 1791496
leaf_count=19886 48350 3058 5970 23269 11183 14534 163864 23405 222180 527812 460443 270667 52663 29926 63831 24935 24010 45856 79900 4362 539261 16384 28084 5073 76231 66006 20478 18320 318563 1791496
internal_value=-6.27362e-08 -8.50175e-05 7.21506e-05 0.013177 0.0218016 -0.0151879 -0.000131449 0.0350867 -7.11366e-05 0.000219883 -0.000210991 0.000461203 0.00598315 0.00354806 -0.000565138 0.000264069 0.00849754 0.0138022 0.0268323 0.0520196 -0.000688882 -0.018111 -0.00102137 0.00191652 0.00224405 0.00129982 -0.00599635 -0.00503358 -0.000232483 -0.00148043
internal_weight=5e+06 4.98011e+06 4.93176e+06 75449 57857 17592 4.85632e+06 34588 4.85034e+06 4.68648e+06 4.4643e+06 3.91817e+06 614111 561448 3.30406e+06 3.03339e+06 314668 230359 108272 28372 2.71872e+06 69403 44468 531522 122087 526449 84309 546132 2.64932e+06 2.11006e+06
internal_count=5000000 4980114 4931764 75449 57857 17592 4856315 34588 4850345 4686481 4464301 3918169 614111 561448 3304058 3033391 314668 230359 108272 28372 2718723 69403 44468 531522 122087 526449 84309 546132 2649320 2110059
cat_boundaries=0 1 2 3 4 5
cat_threshold=63600 7430 1032200 7938 917505
is_linear=0
shrinkage=0.1


Tree=190
num_leaves=31
num_cat=6
split_feature=71 48 55 0 18 0 23 76 85 72 72 88 2 9 89 0 17 76 8 50 80 50 2 74 3 76 76 35 76 75
split_gain=903.562 1135.93 1624.04 1088.34 1064.81 1322.82 1396.88 1057.36 1259.06 1006 1577.34 1418.06 1248.03 2195.28 1792.38 1150.27 1348 1614.11 1457.29 1420.64 1145.69 1138.93 1571.65 1485.38 1133.73 1188.48 1129.95 1128.35 1102.48 1084.97
threshold=0.65000000596046459 1.0500000119209292 0.94999998807907116 4.6499998569488534 29.349999427795414 20.849999427795414 26.250000000000004 0 0.94999998807907116 42.385799407958991 42.923349380493171 1.5500000119209292 4.0499999523162851 1.0500000119209292 6.4500000476837167 4.0499999523162851 5.0499999523162851 1 3.0499999523162846 2.2500000000000004 7.0499999523162851 1.5500000119209292 -3.8500000238418575 652.00000000000011 20.849999427795414 2 3 1.0000000180025095e-35 4 5
decision_type=10 10 10 2 10 2 10 1 8 2 2 8 8 8 10 2 10 1 8 10 10 10 8 2 8 1 1 10 1 1
left_child=1 2 -1 -4 9 6 -6 -3 -9 12 11 -11 14 -14 20 26 17 18 -17 -19 21 22 -2 -23 27 -26 -15 -12 -16 -29
right_child=4 7 3 -5 5 -7 -8 8 -10 10 24 -13 13 15 28 16 -18 19 -20 -21 -22 23 -24 -25 25 -27 -28 29 -30 -31
leaf_value=0.0049140673064065124 0.021867167589023902 -0.0019396885513602699 -0.01634960063390499 -0.0019166603050195779 -0.043857629562152625 -0.0066100651441231674 -0.22803699853303983 0.0053452683757625272 -0.016533582343856445 0.00082122484190885617 0.0030019977635676932 -0.018265311599086353 -0.015944902852822164 0.0090203669714833991 0.00078749343733458478 0.0044090624219434854 0.0010181811133683804 0.014060794143913714 0.041428560303363102 -0.0079796425195586256 0.041222425971050664 0.011544514589104889 -0.0033479531250647761 -0.01473931963600101 -0.021145137076922779 0.011605851072001952 -0.023878846927897501 0.0072243309222122139 0.046022466966003657 -0.024747298929387433
leaf_weight=311473 27817 192215 70567 201242 2973 125435 478 32032 147050 62947 480255 102005 75720 15038 7790 17664 2346120 66268 26718 52344 8514 224351 221965 23780 44610 14736 34118 16493 17519 29763
leaf_count=311473 27817 192215 70567 201242 2973 125435 478 32032 147050 62947 480255 102005 75720 15038 7790 17664 2346120 66268 26718 52344 8514 224351 221965 23780 44610 14736 34118 16493 17519 29763
internal_value=-6.91364e-08 -0.00276746 -1.51823e-05 -0.00566374 0.000652938 -0.00829046 -0.0693684 -0.00709109 -0.0126195 0.000947249 -0.0023437 -0.0109817 0.00172776 0.00083565 0.00614687 0.00133232 0.00162912 0.0104229 0.0266888 0.00433389 0.00484895 0.00422699 -0.000539868 0.00902556 8.84006e-05 -0.0130145 -0.0138172 0.0015653 0.0321178 -0.0133513
internal_weight=5e+06 954579 583282 271809 4.04542e+06 128886 3451 371297 179082 3.91654e+06 750809 164952 3.16573e+06 2.63399e+06 531736 2.55827e+06 2.50911e+06 162994 44382 118612 506427 497913 249782 248131 585857 59346 49156 526511 25309 46256
internal_count=5000000 954579 583282 271809 4045421 128886 3451 371297 179082 3916535 750809 164952 3165726 2633990 531736 2558270 2509114 162994 44382 118612 506427 497913 249782 248131 585857 59346 49156 526511 25309 46256
cat_boundaries=0 1 2 3 4 5 6
cat_threshold=16646151 124920 16769024 127228 194560 976
is_linear=0
shrinkage=0.1


Tree=191
num_leaves=31
num_cat=4
split_feature=0 23 23 74 88 86 2 18 83 76 3 0 13 73 80 23 76 76 88 82 75 52 58 57 48 91 78 4 86 43
split_gain=910.928 1218.54 965.977 820.506 1036.92 899.229 2195.29 1503.84 1187.36 1400.91 1396.02 1865.51 1145.33 1311.22 1141.13 1455.45 1185.5 1116.33 3058.48 2338.03 2067.83 1687.68 2458.76 2430.76 1774.19 1986.12 1642.16 1451.66 1341.07 1299.62
threshold=32.049999237060554 32.750000000000007 29.44999980926514 542.00000000000011 0.45000000298023229 26.050000190734867 23.750000000000004 23.94999980926514 20.650000572204593 0 19.550000190734867 19.650000572204593 23.550000190734867 142.79664611816409 21.750000000000004 21.94999980926514 1 2 5.2500000000000009 6.2500000000000009 3 1.7500000000000002 3.1499999761581425 1.5500000119209292 1.9499999880790713 1.7500000000000002 1.0000000180025095e-35 15.150000095367433 -2.5499999523162837 1.0000000180025095e-35
decision_type=2 10 8 2 10 10 8 10 8 1 8 2 8 2 10 8 1 1 10 10 1 8 10 8 8 10 8 10 8 10
left_child=1 3 -2 5 -5 7 -7 14 9 12 11 -10 13 -9 17 16 -16 18 19 20 -1 23 24 -22 -23 26 27 -26 -20 -19
right_child=2 -3 -4 4 -6 6 -8 8 10 -11 -12 -13 -14 -15 15 -17 -18 29 28 -21 21 22 -24 -25 25 -27 -28 -29 -30 -31
leaf_value=-0.0077982193285051991 0.052944219494535642 -0.034953643545788081 0.0086600107632509287 0.00023035029905432646 -0.011287215222601338 0.039742556209753983 0.0034962481334165903 -0.023251476259804161 -0.0088138303729597169 -0.08909877967020384 -0.0052511741441608386 0.030244953197986837 -0.0024866762288699518 -0.10486007664919905 0.00085068155986433235 0.00099540284673058413 0.024513876139344706 1.6026943924592242e-05 -0.099477347578779907 -0.035293816744258487 0.0090546950271421355 0.0096175766168279542 0.0012499985203828319 -0.0089568781156075632 0.058997086467306441 0.011234596089487466 -0.0032959921352879195 0.011882489080089174 -0.022272680284263598 -0.0069375488710122146
leaf_weight=95929 5720 10024 35472 172547 142907 17955 240896 27607 22317 2615 394005 27049 35628 2120 31425 147456 64930 2597846 2478 14126 261926 56348 81326 104949 37978 27906 6371 7900 24443 299801
leaf_count=95929 5720 10024 35472 172547 142907 17955 240896 27607 22317 2615 394005 27049 35628 2120 31425 147456 64930 2597846 2478 14126 261926 56348 81326 104949 37978 27906 6371 7900 24443 299801
internal_value=-6.16383e-08 -0.000123081 0.0148094 -5.25304e-05 -0.00498734 0.000283449 0.00601045 -5.54342e-05 -0.0051517 -0.017459 -0.00326497 0.0125876 -0.0145766 -0.0290714 0.000619129 0.00724106 0.016799 0.000173052 0.00369214 0.00497366 0.00580938 0.0080419 0.0150144 0.00390227 0.0232149 0.0327737 0.0442777 0.0508841 -0.0293791 -0.000703413
internal_weight=5e+06 4.95881e+06 41192 4.94878e+06 315454 4.63333e+06 258851 4.37448e+06 511341 67970 443371 49366 65355 29727 3.86314e+06 243811 96355 3.61933e+06 721680 694759 680633 584704 217829 366875 136503 80155 52249 45878 26921 2.89765e+06
internal_count=5000000 4958808 41192 4948784 315454 4633330 258851 4374479 511341 67970 443371 49366 65355 29727 3863138 243811 96355 3619327 721680 694759 680633 584704 217829 366875 136503 80155 52249 45878 26921 2897647
cat_boundaries=0 1 2 3 4
cat_threshold=8188 491544 496 130
is_linear=0
shrinkage=0.1


Tree=192
num_leaves=31
num_cat=5
split_feature=89 18 48 31 81 91 74 62 90 17 89 2 76 72 89 76 59 48 57 76 74 76 74 75 73 3 0 72 2 52
split_gain=833.679 1099.37 1112.35 976.531 971.157 871.527 1369.87 1149.92 1188.85 1119.09 1705.51 2685.27 1582.88 1146.22 1002.34 986.083 969.265 1263.12 1047.96 1034.69 967.227 1394.62 1900.23 1931.21 1639.76 1496.52 1557.01 1472.15 1921.76 1497.44
threshold=29.849999427795414 29.94999980926514 1.6500000357627871 1.0000000180025095e-35 1.0000000180025095e-35 1.1500000357627871 1042.5000000000002 0.84999999403953563 1.0000000180025095e-35 8.8499999046325701 8.0500001907348651 7.2500000000000009 0 26.891649246215824 16.050000190734867 1 3.7500000000000004 2.5499999523162846 4.6499998569488534 2 18.500000000000004 3 1175.0000000000002 4 143.31164550781253 7.2500000000000009 9.6500000953674334 37.670000076293952 -4.3500001430511466 1.6500000357627871
decision_type=10 10 10 10 10 10 2 8 10 8 8 8 1 2 10 1 8 8 10 1 2 1 2 1 2 8 2 2 8 8
left_child=1 5 3 4 -3 16 7 8 -7 14 12 -12 -11 15 -9 -13 18 -18 20 -19 -1 22 23 25 27 26 -22 28 -25 -30
right_child=-2 2 -4 -5 -6 6 -8 9 -10 10 11 13 -14 -15 -16 -17 17 19 -20 -21 21 -23 -24 24 -26 -27 -28 -29 29 -31
leaf_value=0.0063316453019654278 0.0097257502014121526 0.0027001826812826533 -0.023085470054425593 -0.07823958332766083 -0.066018200641174002 -0.0072828581282102858 -0.047043425799160668 0.002749912270937726 0.010230632730076471 -0.03882120635742807 0.035502202557364297 0.02788954793334348 -0.0079151588921825087 -0.0025604528425832978 0.030581945631294405 0.0026129796424734938 -0.0089191210583253154 0.01552899651036381 -0.013100426305795262 -0.0015558840244814156 0.021836644334606855 -0.00044203222013812537 -0.046353784920274213 0.054684260259987995 0.036556325502106905 0.010365012641554941 0.077416260180424842 -0.013340577157335382 -0.0040247857096126129 0.018630256309886954
leaf_weight=478191 86608 57395 41358 1629 2133 426855 6575 585829 42631 21238 19983 22611 75377 857250 13232 48603 200073 45623 44820 158811 20755 1290166 6857 7138 12046 193049 6657 70601 117043 38863
leaf_count=478191 86608 57395 41358 1629 2133 426855 6575 585829 42631 21238 19983 22611 75377 857250 13232 48603 200073 45623 44820 158811 20755 1290166 6857 7138 12046 193049 6657 70601 117043 38863
internal_value=-6.97803e-08 -0.000171506 -0.0104186 -0.00185248 0.000237874 4.68489e-05 -0.00146941 -0.00132764 -0.00569257 -8.12152e-05 -0.0020565 -0.000767142 -0.0147138 -0.00154775 0.00336466 0.0106428 0.00124162 -0.00327052 0.00203997 0.00225759 0.00234273 0.00126089 0.00590563 0.00667449 0.000577085 0.0134691 0.0353341 -0.00127787 0.0039455 0.00162248
internal_weight=5e+06 4.91339e+06 102515 61157 59528 4.81088e+06 2.12018e+06 2.11361e+06 469486 1.64412e+06 1.04506e+06 948447 96615 928464 599061 71214 2.69069e+06 404507 2.28619e+06 204434 2.24137e+06 1.76318e+06 473009 466152 245691 220461 27412 233645 163044 155906
internal_count=5000000 4913392 102515 61157 59528 4810877 2120184 2113609 469486 1644123 1045062 948447 96615 928464 599061 71214 2690693 404507 2286186 204434 2241366 1763175 473009 466152 245691 220461 27412 233645 163044 155906
cat_boundaries=0 1 2 3 4 5
cat_threshold=1796 852464 2064384 2016 1008
is_linear=0
shrinkage=0.1


Tree=193
num_leaves=31
num_cat=7
split_feature=83 3 17 12 76 80 80 4 0 9 76 4 1 76 2 23 1 75 0 75 72 82 7 0 89 1 8 75 17 75
split_gain=819.424 1374.83 1245.34 1856.45 2685.84 1591.22 1346.49 1836.74 1338.06 1318.23 1284.75 1404.54 1185.65 1161.93 1894 2018.51 1255.65 1198.37 1126.3 1093.04 1085.35 1062.77 1048.36 1825.21 1355.04 3324.1 1872.17 1699.31 1473.54 1173.83
threshold=26.250000000000004 23.44999980926514 19.44999980926514 19.650000572204593 0 19.550000190734867 15.050000190734865 12.84999990463257 14.250000000000002 17.150000572204593 1 24.44999980926514 12.050000190734865 2 14.050000190734865 13.949999809265138 16.94999980926514 3 22.150000572204593 4 42.50835037231446 1.3499999642372134 23.250000000000004 20.650000572204593 13.250000000000002 13.250000000000002 12.650000095367433 5 13.550000190734865 6
decision_type=10 8 8 10 1 10 8 8 2 10 1 10 10 1 10 8 8 1 2 1 2 8 10 2 10 8 8 1 10 1
left_child=2 -2 5 4 6 22 21 8 12 -6 20 18 -8 14 -5 -16 -17 -18 -12 -13 -7 -4 24 -24 -1 -26 27 -27 29 -28
right_child=1 -3 3 13 9 10 7 -9 -10 -11 11 19 -14 -15 15 16 17 -19 -20 -21 -22 -23 23 -25 25 26 28 -29 -30 -31
leaf_value=-0.00049669650214916364 0.026997473483818448 0.0029860061524402564 -0.0080942690240877 0.040078103213191212 -0.04461693597293432 0.0088028034339028786 0.0070025250861248129 -0.0063053045809180284 0.035576517327290468 -0.016744835312712269 0.02701755790073784 -0.021602136310851189 -0.080099767586131729 -0.0027198328821541064 -0.064044111275403021 0.02820024229831716 -0.036673310121850412 0.0036327580218651042 0.086423343345121736 0.034351765563715948 -0.013529621016999178 -0.049193163434926038 -0.019297289084929115 0.012258134883092823 0.024776698367021923 -0.023751831491701327 0.0065412920962791199 0.00066757151411735117 0.0019307821751081472 0.030054159903196449
leaf_weight=2582291 26194 265989 15256 14898 26382 106845 10948 117661 21109 47558 36863 10524 1823 843260 4383 20089 7745 151127 3494 5212 27328 10708 65283 25486 73408 46902 48053 72604 272520 38057
leaf_count=2582291 26194 265989 15256 14898 26382 106845 10948 117661 21109 47558 36863 10524 1823 843260 4383 20089 7745 151127 3494 5212 27328 10708 65283 25486 73408 46902 48053 72604 272520 38057
internal_value=-6.33405e-08 0.00513862 -0.000318987 -0.0029622 -0.0106741 0.000681791 -0.00400253 -0.000397661 0.0201188 -0.0266861 0.00956838 0.0222758 -0.00543092 -0.00110035 0.00578827 0.00300229 0.00464435 0.00166576 0.0321608 -0.00306126 0.00425388 -0.0250442 0.000157443 -0.0104372 0.000464308 0.00496366 0.00192178 -0.00891814 0.00553396 0.0169372
internal_weight=5e+06 292183 4.70782e+06 1.29295e+06 251445 3.41487e+06 177505 151541 33880 73940 190266 56093 12771 1.0415e+06 198242 183344 178961 158872 40357 15736 134173 25964 3.2246e+06 90769 3.13384e+06 551544 478136 119506 358630 86110
internal_count=5000000 292183 4707817 1292947 251445 3414870 177505 151541 33880 73940 190266 56093 12771 1041502 198242 183344 178961 158872 40357 15736 134173 25964 3224604 90769 3133835 551544 478136 119506 358630 86110
cat_boundaries=0 1 2 3 4 5 6 7
cat_threshold=11542464 522240 224 32 240 3840 120
is_linear=0
shrinkage=0.1


Tree=194
num_leaves=31
num_cat=7
split_feature=17 0 53 27 0 11 72 76 73 76 18 72 76 75 26 4 75 73 29 72 76 72 73 73 74 72 74 72 76 17
split_gain=849.103 1664.33 3189.24 1703.14 1465.24 2202.95 1280.53 2213.22 2200.63 3211.97 2088.86 2532.03 2070.79 1876.32 1691.17 1684.8 1647.49 1619.96 1615.91 1713.34 1623.43 1446.32 1701.27 1762.64 1354.05 1609.26 1306.33 1302.16 1249.39 1246.87
threshold=1.0500000119209292 -3.8500000238418575 2.5499999523162846 1.0000000180025095e-35 7.2500000000000009 -1.9499999880790708 37.249149322509773 0 137.86834716796878 1 20.44999980926514 35.204200744628913 2 3 1.0000000180025095e-35 25.050000190734867 4 138.79664611816409 0.75000000000000011 36.775800704956062 5 40.354150772094734 141.81670379638675 143.75664520263675 96.000000000000014 35.502500534057624 431.50000000000006 34.689199447631843 6 9.6500000953674334
decision_type=10 2 8 10 2 10 2 1 2 1 10 2 1 1 10 10 1 2 10 2 1 2 2 2 2 2 2 2 1 8
left_child=4 2 3 -2 -1 -6 8 13 12 16 11 28 24 29 15 17 27 -9 -13 20 -20 -19 -23 -24 25 -3 -14 -10 -11 -8
right_child=1 6 -4 -5 5 -7 7 14 9 10 -12 18 26 -15 -16 -17 -18 21 19 -21 -22 22 23 -25 -26 -27 -28 -29 -30 -31
leaf_value=0.0020650952135160979 -0.0034884447950864084 -0.0049724677057551934 -0.099028925762989606 -0.21447741324868042 -0.012876758022982283 0.036046858077672848 0.0079668164400265428 0.033853198647471175 0.044492078453939911 -0.0090251964041543464 0.0015584777532756753 0.010359504611730625 0.0019145495239560142 -0.013898394644188737 -0.013121474532544598 -0.014887508884004242 0.0013318872449458996 -0.0025329650791827986 0.12876553426492007 -0.0058489424938211456 0.040770421114677345 0.014681841494183633 -0.0051047727792370946 0.015765735571633185 -0.012793912262666549 0.015933901186266773 -0.0083995671046488453 -0.020693006869480262 0.047473681259212197 -0.0055927137552594514
leaf_weight=645738 17780 285319 4887 391 13267 30052 83886 17455 3231 4466 158698 240660 1460945 246783 77830 52107 192224 272120 3063 4535 6710 163134 140976 56759 195327 42274 134066 59487 31826 354004
leaf_count=645738 17780 285319 4887 391 13267 30052 83886 17455 3231 4466 158698 240660 1460945 246783 77830 52107 192224 272120 3063 4535 6710 163134 140976 56759 195327 42274 134066 59487 31826 354004
internal_value=-5.89116e-08 -0.000521058 -0.0273154 -0.00802846 0.00325946 0.0210634 -0.000376971 -0.00277574 0.000867994 0.00570775 0.0107887 0.0158183 -0.000742796 -0.0069252 0.000864892 0.00241434 -0.00326013 0.00380039 0.0123006 0.0449503 0.0685228 0.00297167 0.00712254 0.000886019 -0.00620379 -0.00227462 0.00104761 -0.0173321 0.0405317 -0.00299506
internal_weight=5e+06 4.31094e+06 23058 18171 689057 43319 4.28788e+06 1.46505e+06 2.82283e+06 704900 449958 291260 2.11793e+06 684673 780381 702551 254942 650444 254968 14308 9773 632989 360869 197735 522920 327593 1.59501e+06 62718 36292 437890
internal_count=5000000 4310943 23058 18171 689057 43319 4287885 1465054 2822831 704900 449958 291260 2117931 684673 780381 702551 254942 650444 254968 14308 9773 632989 360869 197735 522920 327593 1595011 62718 36292 437890
cat_boundaries=0 1 2 3 4 5 6 7
cat_threshold=262016 15742979 196623 3552 6150 992 1536
is_linear=0
shrinkage=0.1


Tree=195
num_leaves=31
num_cat=5
split_feature=75 17 75 0 17 0 76 5 17 72 3 80 1 73 83 1 72 89 76 73 77 23 67 86 4 76 80 17 83 10
split_gain=851.836 1678.06 1195.16 1183.86 1155.63 1770.26 1876.28 1235.58 1110.26 1088.46 1803.31 1227.76 3824.6 2031.2 1725.07 2249.21 1389.98 1692.69 1395.29 1670.52 1162.52 1144.42 1141.35 1352.92 2738.74 1263.68 1145.84 1468.98 2063.01 1947.91
threshold=0 22.44999980926514 1 28.550000190734867 5.0499999523162851 5.2500000000000009 2 2.4500000476837163 -0.15000000223517415 41.927499771118171 17.650000572204593 -6.0499999523162833 -6.6499998569488517 144.46170043945315 -7.8500001430511466 -8.6500000953674299 43.281700134277351 -13.15000009536743 3 143.31164550781253 -3.1499999761581416 -8.5500001907348615 4.3500001430511483 14.150000095367433 16.150000572204593 4 11.650000095367433 12.550000190734865 14.949999809265138 9.4499998092651385
decision_type=1 8 1 2 10 2 1 8 8 2 8 10 8 2 10 8 2 8 1 2 10 8 8 8 10 1 8 8 8 8
left_child=4 3 -3 9 5 -1 -7 -8 -9 22 11 13 -13 14 16 -16 18 -18 -11 -20 -21 -19 23 24 -2 -26 -25 28 -28 -30
right_child=1 2 -4 -5 -6 6 7 8 -10 10 -12 12 -14 -15 15 -17 17 21 19 20 -22 -23 -24 26 25 -27 27 -29 29 -31
leaf_value=0.0022093301128818426 -0.0017519511197682731 -0.0053512041133576393 -0.029044418921923734 0.035601583347396187 0.001357444642823825 0.077324455511607215 -0.029937671992698457 0.086533990243254699 0.020276086566166671 0.0060753614494145815 -0.019524863863601347 0.076332641698306183 0.00017961031588913166 0.016725797612938891 0.061654101431847491 -0.0056269385548664078 -0.085478974712980882 -0.0037144467942761151 -0.0080940858721594289 -0.10863564570880387 -0.033195583918783744 -0.038531966189121442 0.0063336994975979402 -0.0036759717414456116 0.0072762917330591514 -0.036651521010233883 -0.00012953021651529632 0.0010896682454680088 0.006578892399231949 0.027013262914214405
leaf_weight=62498 854150 417432 22426 9322 1160843 6761 4392 2829 23849 27568 64568 6711 381394 29956 5220 103216 5463 14584 16909 3315 5322 26767 331458 280427 8148 33399 139195 763937 101916 86025
leaf_count=62498 854150 417432 22426 9322 1160843 6761 4392 2829 23849 27568 64568 6711 381394 29956 5220 103216 5463 14584 16909 3315 5322 26767 331458 280427 8148 33399 139195 763937 101916 86025
internal_value=-1.39269e-08 -0.00075809 -0.00655998 1.54845e-05 0.00224734 0.012544 0.0296172 0.0192047 0.0273022 -8.53572e-05 -0.00361287 -0.00197276 0.00149643 -0.00762234 -0.0111228 -0.0023881 -0.0206012 -0.0331638 -0.00952876 -0.02636 -0.0621505 -0.0262522 0.000852623 5.13042e-05 -0.0029715 -0.0280437 0.00202543 0.0034908 0.00909799 0.0159322
internal_weight=5e+06 3.73883e+06 439858 3.29897e+06 1.26117e+06 100329 37831 31070 26678 3.28965e+06 690993 626425 388105 238320 208364 108436 99928 46814 53114 25546 8637 41351 2.59866e+06 2.2672e+06 895697 41547 1.3715e+06 1.09107e+06 327136 187941
internal_count=5000000 3738828 439858 3298970 1261172 100329 37831 31070 26678 3289648 690993 626425 388105 238320 208364 108436 99928 46814 53114 25546 8637 41351 2598655 2267197 895697 41547 1371500 1091073 327136 187941
cat_boundaries=0 1 2 3 4 5
cat_threshold=2432 1632 394232 8188 100606
is_linear=0
shrinkage=0.1


Tree=196
num_leaves=31
num_cat=4
split_feature=17 0 56 76 27 2 89 73 76 73 24 74 77 17 77 83 2 80 86 89 83 76 2 83 89 89 3 76 17 9
split_gain=889.569 2062.33 3180.83 2089.97 1629.65 1578.96 1391.39 1384.15 4145.44 2423.81 1900.31 1466.57 1388.42 1315.29 1287.79 1512.41 1312.61 4161.72 2530.48 1802.75 1710.4 1950.74 1917.63 3754.58 2681.88 2315.38 2174.26 1920.08 1893.74 1940.45
threshold=-4.3500001430511466 -6.6499998569488517 2.9500000476837163 0 1.0000000180025095e-35 -6.6499998569488517 -5.5499999523162833 143.1683044433594 1 144.46170043945315 1.0000000180025095e-35 143.50000000000003 -13.15000009536743 2.2500000000000004 0.65000000596046459 1.8499999642372134 2.2500000000000004 3.4500000476837163 3.6499999761581425 3.6499999761581425 8.0500001907348651 2 10.050000190734865 11.250000000000002 15.650000095367433 11.84999990463257 17.550000190734867 3 11.84999990463257 7.8500001430511483
decision_type=10 2 8 1 10 8 10 2 1 2 2 2 8 10 8 10 8 10 10 10 8 1 8 10 8 10 10 1 10 8
left_child=7 2 3 4 6 -3 -2 12 -9 10 -10 -11 -1 -4 15 -7 17 18 19 -16 21 -18 23 25 26 -22 -24 -28 29 -26
right_child=1 5 13 -5 -6 14 -8 8 9 11 -12 -13 -14 -15 16 -17 20 -19 -20 -21 22 -23 24 -25 28 -27 27 -29 -30 -31
leaf_value=-0.040939773436980187 -0.00461746382226622 0.04243475181255503 -0.068372727124847973 -0.08852717470214215 -0.16362652465796135 -0.0095001120225129618 0.06108844243470133 0.054685665185451843 -0.041739252806257669 -0.0042733876280504719 0.10551511265800556 0.075034754544465496 0.013434031740798902 -0.23754584604691042 -0.0021761108163664694 0.020480029939662737 -0.023102161570894529 0.037348325319806024 0.030323450441709934 0.027279327123530372 0.0015843625453375678 -0.0035195701716241308 -0.0045666911079285267 0.030315989628758224 -0.0034911450637825276 0.032989162986406577 0.011137328399235794 -0.033427979059940979 -1.4533872975048821e-05 0.015544353212329524
leaf_weight=4860 18981 8715 7891 2827 577 224993 3882 8740 27703 9041 905 3142 139276 488 303691 18187 57098 37649 29712 22304 486763 465813 516245 56261 79761 24666 12065 48638 2216154 162972
leaf_count=4860 18981 8715 7891 2827 577 224993 3882 8740 27703 9041 905 3142 139276 488 303691 18187 57098 37649 29712 22304 486763 465813 516245 56261 79761 24666 12065 48638 2216154 162972
internal_value=-8.61287e-09 -0.000267756 -0.0245776 -0.00746423 0.0023492 -9.12489e-05 0.006539 0.00664482 -0.00777671 -0.0211683 -0.0370809 0.0161802 0.0116006 -0.0782255 -0.00016906 -0.00725795 0.000212346 0.00573188 0.00238551 -0.000160822 -0.000313809 -0.00565835 0.000461743 0.00579635 -0.000535808 0.003099 -0.00667175 -0.0245741 0.000903916 0.00928937
internal_weight=5e+06 4.80633e+06 34646 26267 23440 4.77169e+06 22863 193667 49531 40791 28608 12183 144136 8379 4.76297e+06 243180 4.51979e+06 393356 355707 325995 4.12644e+06 522911 3.60352e+06 567690 3.03584e+06 511429 576948 60703 2.45889e+06 242733
internal_count=5000000 4806333 34646 26267 23440 4771687 22863 193667 49531 40791 28608 12183 144136 8379 4762972 243180 4519792 393356 355707 325995 4126436 522911 3603525 567690 3035835 511429 576948 60703 2458887 242733
cat_boundaries=0 1 2 3 4
cat_threshold=53244 2040 3840 16510
is_linear=0
shrinkage=0.1


Tree=197
num_leaves=31
num_cat=9
split_feature=85 74 59 82 83 55 48 76 76 76 48 75 83 76 18 83 76 72 72 48 48 76 2 18 72 74 91 1 76 76
split_gain=826.372 1614.82 1236.86 1157.68 1323.52 1105.63 2947.48 1841.85 1059.97 1047.53 2461.42 1501.35 1227.53 1466.05 1126.13 1380.41 1563.02 1193.14 1044.17 1031.26 989.37 995.378 939.314 934.587 927.75 915.398 1069.19 912.582 883.486 834.879
threshold=1.9499999880790713 692.50000000000011 1.4499999880790713 0.75000000000000011 20.349999427795414 3.4500000476837163 2.9500000476837163 0 1 2 4.2500000000000009 3 -5.0499999523162833 4 5.8500001430511483 5.0499999523162851 5 38.085000991821296 36.436649322509773 0.75000000000000011 5.1499998569488534 6 19.44999980926514 34.250000000000007 40.609199523925788 199.50000000000003 2.7500000000000004 5.2500000000000009 7 8
decision_type=10 2 8 8 8 10 10 1 1 1 8 1 8 1 10 8 1 2 2 8 10 1 8 10 2 2 10 8 1 1
left_child=5 2 3 -2 19 20 28 -8 18 10 11 29 13 -11 -14 16 17 -16 -3 -5 23 -22 -6 25 -10 -1 -27 -17 -7 -4
right_child=1 8 9 4 22 6 7 -9 24 12 -12 -13 14 -15 15 27 -18 -19 -20 -21 21 -23 -24 -25 -26 26 -28 -29 -30 -31
leaf_value=0.0030147001495477365 0.012194796395535831 -0.0063983597732651977 -0.003037370955412259 0.0043608210425548936 0.025751350367605938 -0.00093069933538872786 -0.0050904919399111679 0.011722567638798193 -0.018010105085751859 -0.056807717431817888 0.020128918109394454 0.0065882085721120365 0.0073207353761013316 -0.003431670455490424 -0.025323419752096663 0.028849048245728121 -0.0048716661372816897 -0.088667289347630018 -0.08323699087668307 -0.0128878043130858 0.0068051909702939398 -0.021248632009963922 -0.0018015700670195032 0.039735245837175463 0.035035503041383295 0.00027762488309196178 -0.011510713301006819 -0.0020856955439638907 -0.013257751907853672 -0.02614445692441766
leaf_weight=1944046 35323 2838 37252 39957 13376 78882 114847 150576 38951 8580 85457 107420 142138 12851 7385 9752 18518 4978 4693 261590 19303 36664 165009 6496 3602 885995 84256 431094 221221 26950
leaf_count=1944046 35323 2838 37252 39957 13376 78882 114847 150576 38951 8580 85457 107420 142138 12851 7385 9752 18518 4978 4693 261590 19303 36664 165009 6496 3602 885995 84256 431094 221221 26950
internal_value=-2.43024e-08 -0.00200407 -0.00137626 -0.00527728 -0.00656322 0.000824678 -0.00322863 0.0044479 -0.0196491 0.000876179 0.00626201 -0.000642469 -0.00130333 -0.0248291 -0.000482031 -0.00283311 -0.023272 -0.0507879 -0.054209 -0.0106022 0.00159473 -0.0115755 0.000264455 0.00184709 -0.0135168 0.00176264 -0.000746067 -0.00140138 -0.0100181 -0.0127396
internal_weight=5e+06 1.45771e+06 1.40763e+06 515255 479932 3.54229e+06 565526 265423 50084 892375 257079 171622 635296 21431 613865 471727 30881 12363 7531 301547 2.97676e+06 55967 178385 2.92079e+06 42553 2.9143e+06 970251 440846 300103 64202
internal_count=5000000 1457714 1407630 515255 479932 3542286 565526 265423 50084 892375 257079 171622 635296 21431 613865 471727 30881 12363 7531 301547 2976760 55967 178385 2920793 42553 2914297 970251 440846 300103 64202
cat_boundaries=0 1 2 3 4 5 6 7 8 9
cat_threshold=12586559 1008 8323072 120 4064 1984 2080768 129039 7864320
is_linear=0
shrinkage=0.1


Tree=198
num_leaves=31
num_cat=2
split_feature=23 77 5 86 77 89 80 18 3 83 17 39 17 89 76 4 75 72 17 72 80 2 80 80 51 3 3 83 74 48
split_gain=822.974 1261.46 1162.83 2579.52 1600.68 1478.42 1104.2 1072.81 1319.75 1014.1 1060.29 937.923 929.248 1636.74 1594.82 1558.47 1467.31 3007.09 1705.65 1696.91 1690.58 1465.4 2807.07 2441.68 2023.19 1990.75 1515.72 1578.16 1380.39 1332.05
threshold=-8.5500001907348615 -5.2499999999999991 -4.7499999999999991 -5.8500001430511466 -5.7499999999999991 -13.15000009536743 -13.749999999999998 -10.349999904632567 -13.050000190734862 -4.5499999523162833 -4.8500001430511466 1.0000000180025095e-35 2.2500000000000004 0.45000000298023229 0 1.0000000180025095e-35 1 39.307500839233406 15.449999809265138 33.588350296020515 11.050000190734865 9.8499999046325701 12.050000190734865 16.650000572204593 1.9499999880790713 19.050000190734867 -1.0000000180025095e-35 12.050000190734865 752.50000000000011 1.9499999880790713
decision_type=8 8 10 10 10 10 10 10 8 10 8 8 10 8 1 10 1 2 8 2 10 8 10 8 8 8 10 10 2 8
left_child=2 9 3 4 5 6 7 8 -1 10 -2 -12 13 15 -15 -3 17 18 20 -20 28 22 24 25 26 -23 -18 -28 -14 -26
right_child=1 12 -4 -5 -6 -7 -8 -9 -10 -11 11 -13 16 14 -16 -17 21 -19 19 -21 -22 23 -24 -25 29 -27 27 -29 -30 -31
leaf_value=-0.11286404494074942 -0.0046544533515747938 0.0016244274622764796 -0.0098816548872338039 0.087154472783822989 0.094658515380397046 0.027951125670170576 0.014493926813033435 -0.0039315706613090133 -0.011176512696928863 0.016176015108841296 -0.025987498826159857 -0.083988988141144971 -0.0018134092846494013 0.020916571713549905 0.0044107425901729214 -0.016264452600700328 0.026818160836624624 -0.022629248887405917 -0.0067455702084087566 -0.037864741991633644 0.012969527847595107 -0.0050594269395783948 0.040582599476306769 0.00099678757033659009 -0.0017484308862370042 -0.030763652519512352 -0.0047858486131134616 0.032198710726670694 -0.036892994617217893 0.019289073752535343
leaf_weight=2802 26853 177960 18147 5089 2183 17185 8662 5844 2344 9582 26269 3119 657793 68431 404713 67049 18185 79692 61173 24557 80002 468198 22034 2291442 41872 32203 246066 12105 11412 107034
leaf_count=2802 26853 177960 18147 5089 2183 17185 8662 5844 2344 9582 26269 3119 657793 68431 404713 67049 18185 79692 61173 24557 80002 468198 22034 2291442 41872 32203 246066 12105 11412 107034
internal_value=-4.38145e-08 -0.000144101 0.0114256 0.0201917 0.0114584 0.00652788 -0.012206 -0.0332501 -0.0665454 -0.0138951 -0.0190184 -0.0321433 4.16841e-05 0.00336314 0.00679852 -0.00327103 -0.000532569 -0.00406952 -0.00229811 -0.0156595 -0.00076919 0.000466165 0.00578005 -0.000385199 0.00397683 -0.00671361 -0.00108621 -0.00305173 -0.00241162 0.0133734
internal_weight=5e+06 4.93774e+06 62256 44109 39020 36837 19652 10990 5146 65823 56241 29388 4.87192e+06 718153 473144 245009 4.15377e+06 914629 834937 85730 749207 3.23914e+06 447296 2.79184e+06 425262 500401 276356 258171 669205 148906
internal_count=5000000 4937744 62256 44109 39020 36837 19652 10990 5146 65823 56241 29388 4871921 718153 473144 245009 4153768 914629 834937 85730 749207 3239139 447296 2791843 425262 500401 276356 258171 669205 148906
cat_boundaries=0 1 2
cat_threshold=2034 4110
is_linear=0
shrinkage=0.1


Tree=199
num_leaves=31
num_cat=10
split_feature=91 76 48 82 76 75 17 80 4 0 48 9 0 89 2 11 76 76 74 75 76 72 76 75 0 2 9 16 18 75
split_gain=806.833 1468.68 1232.6 1121.19 1091.31 1018.66 2609.89 2199.53 1963.08 1914.97 2977.97 2211.07 1839.97 1770.32 2214.48 1504.11 1500.22 1494.43 1408.63 1304.82 1304.11 1530.54 1292.13 1376.69 1263.87 1730.71 1718.18 1303.1 1276.79 1407.58
threshold=0.75000000000000011 0 1.8499999642372134 0.84999999403953563 1 2 8.6500000953674334 5.4500000476837167 15.550000190734865 14.949999809265138 4.3500001430511483 8.0500001907348651 19.349999427795414 23.050000190734867 21.349999427795414 12.650000095367433 3 4 143.50000000000003 5 6 36.589200973510749 7 8 16.150000572204593 14.250000000000002 17.050000190734867 21.650000572204593 14.150000095367433 9
decision_type=8 1 8 8 1 1 8 8 10 2 10 10 2 8 8 8 1 1 2 1 1 2 1 1 2 8 8 10 8 1
left_child=1 -1 -3 4 -2 8 9 16 12 22 11 -11 17 14 15 -10 -8 24 20 -14 -9 -22 23 -7 26 -26 28 -28 -5 -30
right_child=3 2 -4 5 -6 6 7 18 13 10 -12 -13 19 -15 -16 -17 -18 -19 -20 -21 21 -23 -24 -25 25 -27 27 -29 29 -31
leaf_value=0.020104981860683019 -0.0010925628859835773 -0.00043249085845514161 0.0095709992609077886 0.0015277962602012773 0.0078176902185591 0.0072698365972754392 -0.09394988538186351 0.0019924406148792021 -0.029035907558294785 -0.0071665500473860255 0.08607563080086951 0.050462539270175459 -0.010541866724762988 0.00160405094344242 -0.017559410213268505 0.00098046941503844597 -0.022917245887094911 0.013772302326115135 -0.012115965125500143 0.042761621572894953 -0.0034839158201851721 -0.018811280235814243 0.0012421359174135411 -0.012203971515266043 0.05168554876575851 -0.0035341047982277878 0.050297754219145167 -0.01356521753233771 0.013999530349147011 -0.034632327444187191
leaf_weight=47252 256993 531749 160307 28110 295518 47648 3189 287012 17984 22078 6187 9532 5698 917428 122876 232763 42759 113613 232886 23682 284287 84518 995004 152399 9152 14944 7878 5375 7214 33965
leaf_count=47252 256993 531749 160307 28110 295518 47648 3189 287012 17984 22078 6187 9532 5698 917428 122876 232763 42759 113613 232886 23682 284287 84518 995004 152399 9152 14944 7878 5375 7214 33965
internal_value=-3.43632e-08 0.0030495 0.00188468 -0.000529185 0.00367333 -0.00115535 -0.00255271 -0.00653804 0.000810534 0.00046863 0.0226297 0.0102115 0.00892828 -0.000759067 -0.00656168 -0.00117236 -0.0278727 0.00579267 -0.00543499 0.0324348 -0.00306252 -0.00699625 -0.00023228 -0.00756549 -0.00270994 0.0174391 -0.00859225 0.0243969 -0.0149021 -0.0261177
internal_weight=5e+06 739308 692056 4.26069e+06 552511 3.70818e+06 2.1675e+06 934651 1.54068e+06 1.23285e+06 37797 31610 249631 1.29105e+06 373623 250747 45948 220251 888703 29380 655817 368805 1.19505e+06 200047 106638 24096 82542 13253 69289 41179
internal_count=5000000 739308 692056 4260692 552511 3708181 2167499 934651 1540682 1232848 37797 31610 249631 1291051 373623 250747 45948 220251 888703 29380 655817 368805 1195051 200047 106638 24096 82542 13253 69289 41179
cat_boundaries=0 1 2 3 4 5 6 7 8 9 10
cat_threshold=126976 16515079 992 1536 272284 512 4063736 36352 24 512
is_linear=0
shrinkage=0.1


Tree=200
num_leaves=31
num_cat=4
split_feature=24 17 12 23 0 2 77 0 23 76 17 73 8 81 31 83 1 2 0 86 80 18 7 76 17 13 76 30 89 76
split_gain=781.303 785.733 1813.93 1647.84 1871.51 2007.89 1543.11 1441.24 1261.5 1117.87 1416.33 1106.96 1093.16 1068.77 1196.83 1052.14 2956.23 1416.23 3564.88 3175.81 2119.45 1972.6 2256.42 1926.86 1764.05 3487.33 3184.93 2780.23 2049.61 2143.79
threshold=4.7500000000000009 21.349999427795414 24.650000572204593 12.650000095367433 10.650000095367433 11.250000000000002 21.050000190734867 11.84999990463257 18.050000190734867 0 28.94999980926514 135.43164825439456 22.550000190734867 1.0000000180025095e-35 1.0000000180025095e-35 16.250000000000004 16.849999427795414 12.84999990463257 11.650000095367433 13.550000190734865 13.84999990463257 4.0499999523162851 11.050000190734865 1 13.550000190734865 17.349999427795414 2 1.0000000180025095e-35 8.4499998092651385 3
decision_type=2 10 8 10 2 8 10 2 10 1 8 2 8 10 8 10 8 10 2 10 10 8 8 1 10 8 1 10 10 1
left_child=1 6 3 7 8 -6 15 -3 -5 10 11 -4 -11 14 -12 17 -17 19 23 20 24 -20 -23 -19 28 26 -26 -27 -1 -30
right_child=-2 2 9 4 5 -7 -8 -9 -10 12 13 -13 -14 -15 -16 16 -18 18 21 -21 -22 22 -24 -25 25 27 -28 -29 29 -31
leaf_value=-0.0005927052560085142 0.01318859474597329 -0.0066748484674064553 0.0038604025450876705 -0.052274410261529958 0.045029263285647783 -0.0054609643969937586 0.0090296015781707248 -0.06331620322093795 -0.218281365005251 -0.045449560124684908 0.0021432129848202872 0.0212862660368493 -0.0015630133952572725 -0.043708729234635424 -0.063258500782405191 0.019655134400071692 0.00057063011493395594 0.032062758837662873 0.033766127914360913 0.023792010685132238 0.028701054783711311 -0.020100134331878666 -0.0015497281101560722 -0.040953993463237054 -0.032912430751568085 0.015543121047923948 -0.0049766142821387957 -0.097739458364125217 0.024779037785167345 0.0037543768326772677
leaf_weight=1703950 44518 8696 69177 3069 7983 589493 204983 9293 538 5782 111586 77064 308835 5742 2870 100614 419923 4017 14488 57692 25484 73352 618152 35649 67062 61191 104266 2246 64219 198066
leaf_count=1703950 44518 8696 69177 3069 7983 589493 204983 9293 538 5782 111586 77064 308835 5742 2870 100614 419923 4017 14488 57692 25484 73352 618152 35649 67062 61191 104266 2246 64219 198066
internal_value=-4.42013e-08 -0.000118525 -0.00234597 -0.00611244 -0.00521991 -0.00478635 0.000593316 -0.0359354 -0.0770351 0.00166693 0.00643305 0.0130432 -0.00236948 -0.0016088 0.000503256 0.000106241 0.00425945 -0.000607296 -0.0043913 0.000627974 2.77544e-05 -0.00275237 -0.00351748 -0.0335618 -0.000304236 -0.0084973 -0.0159136 0.0115323 0.000674001 0.00890323
internal_weight=5e+06 4.95548e+06 1.20013e+06 619072 601083 597476 3.75535e+06 17989 3607 581056 266439 146241 314617 120198 114456 3.55037e+06 520537 3.02983e+06 745658 2.28418e+06 2.22648e+06 705992 691504 39666 2.201e+06 234765 171328 63437 1.96624e+06 262285
internal_count=5000000 4955482 1200128 619072 601083 597476 3755354 17989 3607 581056 266439 146241 314617 120198 114456 3550371 520537 3029834 745658 2284176 2226484 705992 691504 39666 2201000 234765 171328 63437 1966235 262285
cat_boundaries=0 1 2 3 4
cat_threshold=1018 61564 574 1966576
is_linear=0
shrinkage=0.1


Tree=201
num_leaves=31
num_cat=3
split_feature=88 49 76 76 74 79 48 73 74 2 73 86 2 89 83 17 74 76 17 80 2 74 83 85 77 73 17 18 74 2
split_gain=750.973 1307.1 1182.71 1010.6 1008.47 1211.96 1163.04 1847.96 1113.23 883.472 1081.26 855.079 3119.35 1447.7 1449.71 1496.41 1443.6 1130.79 1286.93 1562.92 1634.95 1332.34 1296.58 1258.06 1259.38 1141.68 1124.63 1094.89 1073.98 1067.6
threshold=0.65000000596046459 2.0499999523162846 0 1 907.50000000000011 1.8499999642372134 0.75000000000000011 137.77420043945315 1221.5000000000002 15.949999809265138 139.54000091552737 21.150000572204593 20.849999427795414 -4.9500000476837149 6.0499999523162851 -10.249999999999998 249.50000000000003 2 25.650000572204593 20.349999427795414 21.050000190734867 52.500000000000007 21.849999427795414 7.0499999523162851 25.550000190734867 137.88999938964847 0.45000000298023229 17.050000190734867 878.50000000000011 15.449999809265138
decision_type=8 8 1 1 2 8 10 2 2 10 2 8 10 8 8 8 2 1 10 8 10 2 8 10 8 2 8 10 2 10
left_child=1 3 9 -1 11 -6 -7 -8 -9 10 -3 12 16 14 -13 -16 29 23 19 20 -19 27 25 24 -15 -23 -18 -21 -26 -2
right_child=4 2 -4 -5 5 6 7 8 -10 -11 -12 13 -14 17 15 -17 26 18 -20 21 -22 22 -24 -25 28 -27 -28 -29 -30 -31
leaf_value=0.014125200708887994 0.0017805462423892205 0.052086131352240585 0.0046786003967711981 -0.00071690711980908683 0.0049015353754213392 4.635899160246597e-05 -0.06701577899195095 -0.0010827462148826573 -0.046627794173166516 0.0054955832649545662 0.016086226627978494 -0.011622514956723715 -0.019506594405624619 0.0012076591457145425 -0.18849430432567885 -0.044483841849216652 0.0035322065110643774 -0.0013212320469688315 -0.0056991058976326916 0.01793626307792015 -0.025282923657378272 -0.012976630460609873 0.0040418783818903644 -0.037114059634339683 0.013667398296916473 0.0023583027257997077 -0.0106716154113094 0.0055035033168571116 -0.095845479540475134 -0.0044106451046581402
leaf_weight=51315 1192181 16229 82156 432125 29008 17949 10215 16088 8053 16855 17170 24231 94642 175044 904 3575 73680 606978 297170 92588 29877 103270 436655 6510 179126 91623 228996 301461 900 363426
leaf_count=51315 1192181 16229 82156 432125 29008 17949 10215 16088 8053 16855 17170 24231 94642 175044 904 3575 73680 606978 297170 92588 29877 103270 436655 6510 179126 91623 228996 301461 900 363426
internal_value=-4.34349e-08 0.00326984 0.0120728 0.000858794 -0.00045937 -0.0114922 -0.020584 -0.0313622 -0.0162757 0.0241551 0.033579 -0.000250878 -0.00179723 0.00103424 -0.0212837 -0.0735496 -0.000895296 0.00131028 0.000362169 0.00144565 -0.00244536 0.00386181 0.00101478 0.00644848 0.00724736 -0.00576738 -0.007214 0.00842478 0.0131199 0.00033414
internal_weight=5e+06 615850 132410 483440 4.38415e+06 81313 52305 34356 24141 50254 33399 4.30284e+06 1.95292e+06 2.34991e+06 28710 4479 1.85828e+06 2.3212e+06 1.95962e+06 1.66245e+06 636855 1.0256e+06 631548 361580 355070 194893 302676 394049 180026 1.55561e+06
internal_count=5000000 615850 132410 483440 4384150 81313 52305 34356 24141 50254 33399 4302837 1952925 2349912 28710 4479 1858283 2321202 1959622 1662452 636855 1025597 631548 361580 355070 194893 302676 394049 180026 1555607
cat_boundaries=0 1 2 3
cat_threshold=123888 520192 960
is_linear=0
shrinkage=0.1


Tree=202
num_leaves=31
num_cat=5
split_feature=23 89 5 89 3 77 0 22 9 83 76 89 2 89 80 80 76 86 76 17 11 76 86 2 76 0 47 9 83 4
split_gain=776.555 909.444 1194.95 870.163 1158.3 1577.18 1148.34 1212.92 1333.69 1189.2 1083.5 1071.78 2129.38 2839.79 1634.18 1610.98 2557.15 1588.62 1497.93 1497.49 2218.67 2324.74 1950.56 3688.43 1947.02 2557.26 1831.99 1660.14 1541.95 1426.79
threshold=-12.949999809265135 -10.550000190734862 -6.6499998569488517 -5.5499999523162833 -3.8500000238418575 -5.2499999999999991 -2.7499999999999996 -1.4499999880790708 -3.9500000476837154 -1.9499999880790708 0 4.6499998569488534 5.8500001430511483 6.4500000476837167 7.6499998569488534 10.250000000000002 1 7.8500001430511483 2 15.650000095367433 16.550000190734867 3 15.550000190734865 15.84999990463257 4 16.250000000000004 1.0000000180025095e-35 14.34999990463257 18.44999980926514 13.84999990463257
decision_type=8 10 10 8 8 8 2 10 8 10 1 8 8 10 10 8 1 10 1 10 8 1 8 10 1 2 8 10 8 10
left_child=1 -1 -3 -2 5 -5 9 -8 -9 -6 -7 18 13 14 17 16 -14 -13 -10 22 21 -21 23 -17 25 -24 28 -23 -26 -18
right_child=3 2 -4 4 6 10 7 8 11 -11 -12 12 15 -15 -16 19 29 -19 -20 20 -22 27 24 -25 26 -27 -28 -29 -30 -31
leaf_value=0.0037527232192121653 -0.0097454880837298495 0.09076526533456096 0.0087767775486236564 -0.0084796520469748258 -0.017686129502081118 0.0039899158457692057 0.0085246166864903338 -0.023121426485499134 -0.024534166193039511 0.014514959736489131 0.026103265938285825 0.00040457727301439461 -0.038071335371103562 0.024635982452401353 0.035293618224150357 0.0017807109145739491 -0.0025034025774059981 0.038617958489914908 -0.0030268821096168345 -0.0023179851295288927 0.00015464826830276825 -0.035501201438585935 0.021018802598801303 -0.025404014633512408 0.0017533680009436136 0.1099932071852474 -0.014363813066341422 -0.011047681989278149 0.01260156786360235 -0.026382199146919017
leaf_weight=12767 91411 3437 3682 34836 65657 38981 163186 25355 34930 13896 51373 309730 24271 76280 15209 443218 305886 11275 442684 204691 1823431 43287 29208 56244 251255 3632 41709 77412 273815 27252
leaf_count=12767 91411 3437 3682 34836 65657 38981 163186 25355 34930 13896 51373 309730 24271 76280 15209 443218 305886 11275 442684 204691 1823431 43287 29208 56244 251255 3632 41709 77412 273815 27252
internal_value=-3.54752e-08 0.0197218 0.0483602 -7.87863e-05 0.000101966 0.00959691 -0.000147571 5.47743e-05 -0.000250961 -0.0120614 0.0165663 -0.000121967 0.000410401 0.00721645 0.00326431 -0.000368298 -0.00674055 0.00174679 -0.00460038 0.000332924 -0.00120274 -0.0088093 0.00333531 -0.00128054 0.00718015 0.0308497 0.00580805 -0.019816 0.00741052 -0.00445665
internal_weight=5e+06 19886 7119 4.98011e+06 4.8887e+06 125190 4.76351e+06 4.68396e+06 4.52077e+06 79553 90354 4.49542e+06 4.0178e+06 412494 336214 3.60531e+06 357409 321005 477614 3.2479e+06 2.14882e+06 325390 1.09908e+06 499462 599619 32840 566779 120699 525070 333138
internal_count=5000000 19886 7119 4980114 4888703 125190 4763513 4683960 4520774 79553 90354 4495419 4017805 412494 336214 3605311 357409 321005 477614 3247902 2148821 325390 1099081 499462 599619 32840 566779 120699 525070 333138
cat_boundaries=0 1 2 3 4 5
cat_threshold=63608 1792 1536 15736769 1008
is_linear=0
shrinkage=0.1


Tree=203
num_leaves=31
num_cat=9
split_feature=72 91 16 75 76 72 76 82 90 89 74 55 3 89 18 76 75 21 75 76 18 10 73 90 26 76 75 0 74 78
split_gain=768.978 1077.97 1404.22 1592.97 1563.55 1546.72 1916.76 1162.16 1126.45 1086.79 980.305 967.375 963.538 1254.65 1219.59 903.594 2477.25 2428.4 2364.9 2794.43 2228.77 1938.46 1915.58 1754.34 1778.52 1688.9 1827.27 1676.3 1654.52 1621.55
threshold=26.891649246215824 3.0499999523162846 5.0499999523162851 0 1 43.828350067138679 2 4.5499999523162851 1.0000000180025095e-35 12.050000190734865 92.500000000000014 2.5499999523162846 9.8499999046325701 27.44999980926514 28.349999427795414 3 4 1.4499999880790713 5 6 21.150000572204593 -13.15000009536743 144.04920196533206 1.0000000180025095e-35 1.0000000180025095e-35 7 8 -5.8500001430511466 1099.0000000000002 1.0000000180025095e-35
decision_type=2 10 10 1 1 2 1 10 10 8 2 8 8 8 8 1 1 8 1 1 8 10 2 10 10 1 1 2 2 10
left_child=-1 15 5 4 7 9 -7 10 12 -3 -4 -6 -5 14 -14 16 -2 -18 19 21 25 -17 28 24 29 26 -20 -21 -19 -23
right_child=1 2 3 8 11 6 -8 -9 -10 -11 -12 -13 13 -15 -16 18 17 22 20 27 -22 23 -24 -25 -26 -27 -28 -29 -30 -31
leaf_value=0.0082836303318112644 -0.0060759839898383086 -0.0023680422040839757 -0.014286915612414096 0.0073140878426319715 -0.019619411920216594 0.0429938435519579 -0.005874854290954178 -0.065459083045694783 0.011444605365264184 0.028826416257139401 -0.046071398565918104 0.0065319574299891551 -0.0088600097962396492 0.0061890214658979646 -0.049502589955873609 -0.11239237957681898 0.017052554745248336 0.003398029195598503 -0.0063381484663752249 -0.035118946873294463 -0.0051145516908028734 -0.021093257512947314 -0.020745037037855709 0.012933073462370048 0.02987693636351357 0.0014238132589865103 0.014626162679261548 -0.00060581016910761683 -0.033516014883407302 0.043924360176031248
leaf_weight=109608 312772 175810 34924 52653 25757 19631 13575 7486 44819 11926 13437 31376 277690 58036 7585 2043 124767 1416016 51591 14500 398567 172769 34559 20932 7561 851596 214125 477719 12247 3923
leaf_count=109608 312772 175810 34924 52653 25757 19631 13575 7486 44819 11926 13437 31376 277690 58036 7585 2043 124767 1416016 51591 14500 398567 172769 34559 20932 7561 851596 214125 477719 12247 3923
internal_value=-3.94976e-08 -0.000185701 -0.00360773 -0.00629695 -0.0168903 0.00313245 0.0230269 -0.0287886 -0.00358123 -0.000386402 -0.0231182 -0.00525682 -0.00528209 -0.00721395 -0.00994063 0.000458436 0.00205823 0.00366079 -0.000913914 -0.00572384 0.00130547 -0.0154651 0.0025186 -0.0145007 -0.0176173 0.00359564 0.0105557 -0.00162248 0.0030815 -0.0196497
internal_weight=5e+06 4.89039e+06 774705 553763 112980 220942 33206 55847 440783 187736 48361 57133 395964 343311 285275 4.11569e+06 1.90036e+06 1.58759e+06 2.21533e+06 699447 1.51588e+06 207228 1.46282e+06 205185 184253 1.11731e+06 265716 492219 1.42826e+06 176692
internal_count=5000000 4890392 774705 553763 112980 220942 33206 55847 440783 187736 48361 57133 395964 343311 285275 4115687 1900361 1587589 2215326 699447 1515879 207228 1462822 205185 184253 1117312 265716 492219 1428263 176692
cat_boundaries=0 1 2 3 4 5 6 7 8 9
cat_threshold=6150 4094 8384513 15356 4098 60 983040 917504 192
is_linear=0
shrinkage=0.1


Tree=204
num_leaves=31
num_cat=8
split_feature=16 75 17 72 80 76 73 76 72 76 75 76 3 72 73 72 72 76 73 57 76 48 18 13 17 13 9 11 18 78
split_gain=762.406 2350.09 1701.02 1154.82 983.101 1240.02 967.661 1478.07 1313.6 955.37 944.542 1724.16 1418.73 1396.66 1285.17 1441.64 1341.71 1237.54 1082.33 1079.57 998.306 3390.52 1858.35 3363.31 2880.75 3202.78 1992.2 1521.26 1460.89 1433.69
threshold=-7.4500000476837149 0 -13.15000009536743 43.490848541259773 -5.4500000476837149 1 143.31164550781253 2 43.44585037231446 3 4 5 -10.249999999999998 43.579198837280281 136.54419708251956 36.902500152587898 34.879999160766609 6 141.071647644043 1.7500000000000002 7 4.6499998569488534 5.8500001430511483 8.0500001907348651 12.550000190734865 13.34999990463257 2.2500000000000004 11.84999990463257 16.750000000000004 1.0000000180025095e-35
decision_type=10 1 8 2 10 1 2 1 2 1 1 1 8 2 2 2 2 1 2 8 1 10 8 8 10 8 10 10 8 8
left_child=1 2 -1 6 5 -5 9 -8 -9 -3 11 13 19 -2 -13 16 -16 -18 -17 -12 21 22 26 -24 27 -26 -14 -25 -27 -22
right_child=10 3 -4 4 -6 -7 7 8 -10 -11 12 14 20 -15 15 18 17 -19 -20 -21 29 -23 23 24 25 28 -28 -29 -30 -31
leaf_value=-0.052676257253146119 -0.012220850099845013 -0.0036230606924419553 0.00071450716413234982 0.05160852505805226 0.077526773051474429 -0.0026652728101662256 0.17031577402757933 -0.019627271562949876 -0.17580135584287979 0.036048908901296764 0.052131931889707821 0.0077355615302432323 0.0078398597989615942 -0.05795250302602644 0.023102481346734594 0.0095068324600728199 0.0086560265151216162 -0.031454977824711322 -0.011785629792534884 -0.0072586949465462437 -0.0013184989854811834 -0.018023668415354712 -0.021564089344100593 0.015378081924362652 -0.022948190070180147 0.015856291809673694 0.035772863893350049 0.049256714503359382 0.0021090766698772944 0.0051514851782985408
leaf_weight=7724 111168 10536 26237 9653 5224 7466 367 6179 590 14319 9166 111522 85248 7105 6783 60036 9394 42458 39633 4595 3182912 70715 52343 71447 46480 92451 36450 16273 471738 383788
leaf_count=7724 111168 10536 26237 9653 5224 7466 367 6179 590 14319 9166 111522 85248 7105 6783 60036 9394 42458 39633 4595 3182912 70715 52343 71447 46480 92451 36450 16273 471738 383788
internal_value=-2.73975e-08 0.0092099 -0.0114252 0.0221057 0.0395546 0.027967 0.00992608 -0.0225323 -0.0331907 0.0192451 -0.000165589 -0.00489993 0.0002406 -0.0149668 -0.000486914 -0.00627951 -0.0187213 -0.0241925 0.00103997 0.0323005 0.000142775 0.00303607 0.0047431 0.00288488 0.00471729 0.00228312 0.0162061 0.0216629 0.00436177 -0.000622307
internal_weight=5e+06 88295 33961 54334 22343 17119 31991 7136 6769 24855 4.9117e+06 388099 4.52361e+06 118273 269826 158304 58635 51852 99669 13761 4.50984e+06 943145 872430 750732 698389 610669 121698 87720 564189 3.5667e+06
internal_count=5000000 88295 33961 54334 22343 17119 31991 7136 6769 24855 4911705 388099 4523606 118273 269826 158304 58635 51852 99669 13761 4509845 943145 872430 750732 698389 610669 121698 87720 564189 3566700
cat_boundaries=0 1 2 3 4 5 6 7 8
cat_threshold=92 16646151 1792 393152 2 1276 2816 248
is_linear=0
shrinkage=0.1


Tree=205
num_leaves=31
num_cat=7
split_feature=18 0 18 89 2 76 24 18 83 9 75 2 76 75 72 2 17 75 76 7 75 77 2 83 86 1 77 77 1 2
split_gain=759.991 990.325 904.576 889.694 1460.3 1181.2 1334.99 1050.34 1604.95 1448.62 1729.85 1806.53 1626.31 1382.35 1872.76 1321.95 1201.31 1166.81 1516.41 1260.37 1105.69 1100.74 1348.54 2658.48 2135.68 1564.14 1550.96 1377.89 1651.69 1586.09
threshold=30.349999427795414 19.550000190734867 34.250000000000007 23.650000572204593 20.349999427795414 0 1.0000000180025095e-35 18.050000190734867 17.250000000000004 15.250000000000002 1 22.050000190734867 2 3 35.097499847412116 10.650000095367433 12.949999809265138 4 5 12.650000095367433 6 20.750000000000004 16.050000190734867 15.34999990463257 12.650000095367433 9.2500000000000018 15.250000000000002 12.650000095367433 11.449999809265138 9.4499998092651385
decision_type=10 2 10 10 8 1 2 8 10 8 1 8 1 1 2 8 8 1 1 8 1 10 10 8 10 8 8 10 8 10
left_child=3 -2 -3 7 -5 6 -6 8 21 12 11 -11 17 -9 15 -15 -12 19 -19 -10 -16 22 24 -24 27 -26 -25 29 -29 -1
right_child=1 2 -4 4 5 -7 -8 13 9 10 16 -13 -14 14 20 -17 -18 18 -20 -21 -22 -23 23 26 25 -27 -28 28 -30 -31
leaf_value=0.00048240997797344815 -0.10629993575228824 -0.01045670740504142 0.024169267377359784 0.037408284672761853 -0.0041846902011382229 0.0075664753980243379 0.032812011322419343 -0.00040010142676854719 -0.034903277493810933 0.014842294913457744 0.069789558843594987 -0.016882671438875816 0.039527303552108602 0.024552982658808838 -0.12027400674918519 -0.0040765327560618988 0.022797845608982781 0.014092891381224944 -0.022594553287169531 6.3986849518294557e-05 -0.015287390180894348 0.021303525682931916 -0.025827152164328928 -0.027086468725534885 0.051294645385671259 0.0079609511355203753 0.00082549915925574958 0.042033456767475198 0.0057897699955513438 -0.0060775087535466284
leaf_weight=1771999 1027 91338 8224 12879 199365 278069 10255 834390 20231 60791 6018 25469 9299 17325 1000 233489 56658 44457 15080 21016 158688 24093 57783 22009 8638 233303 208504 14654 88571 465378
leaf_count=1771999 1027 91338 8224 12879 199365 278069 10255 834390 20231 60791 6018 25469 9299 17325 1000 233489 56658 44457 15080 21016 158688 24093 57783 22009 8638 233303 208504 14654 88571 465378
internal_value=2.11186e-08 -0.00860429 -0.00759654 0.000176675 0.00417139 0.00329367 -0.00237463 -0.000277906 0.000692903 0.00823438 0.0146638 0.00547459 -0.000464259 -0.00273746 -0.00748821 -0.00209895 0.0273055 -0.00415765 0.00479817 -0.0170828 -0.0159533 1.81425e-05 -0.000160491 -0.00664732 0.000563651 0.00950809 -0.00183949 -0.000360909 0.010935 -0.000882064
internal_weight=5e+06 100589 99562 4.89941e+06 500568 487689 209620 4.39884e+06 3.15395e+06 259019 148936 86260 110083 1.24489e+06 410502 250814 62676 100784 59537 41247 159688 2.89493e+06 2.87084e+06 288296 2.58254e+06 241941 230513 2.3406e+06 103225 2.23738e+06
internal_count=5000000 100589 99562 4899411 500568 487689 209620 4398843 3153951 259019 148936 86260 110083 1244892 410502 250814 62676 100784 59537 41247 159688 2894932 2870839 288296 2582543 241941 230513 2340602 103225 2237377
cat_boundaries=0 1 2 3 4 5 6 7
cat_threshold=516096 242 8910850 960 3840 63488 4100
is_linear=0
shrinkage=0.1


Tree=206
num_leaves=31
num_cat=3
split_feature=0 76 16 18 23 12 80 18 3 0 71 86 73 89 72 76 85 48 79 32 84 81 29 59 51 2 58 33 75 3
split_gain=766.459 1318.04 1252.6 1171.49 1224.65 1028 1144.69 919.929 903.5 1391.14 826.856 898.111 959.847 916.338 801.548 796.858 1620.76 1665.53 1807.42 1387.41 1492.3 1706.23 1543.96 1531.5 1949.63 1522.58 1142.17 1106.03 945.448 931.417
threshold=30.150000572204593 0 22.050000190734867 27.349999427795414 31.750000000000004 30.050000190734867 23.750000000000004 27.94999980926514 22.650000572204593 23.050000190734867 0.65000000596046459 -5.2499999999999991 140.55999755859378 13.449999809265138 35.418300628662116 1 6.2500000000000009 1.6500000357627871 4.8500001430511483 1.0000000180025095e-35 1.0000000180025095e-35 1.0000000180025095e-35 1.0000000180025095e-35 2.8500000238418584 1.5500000119209292 16.44999980926514 1.2500000000000002 1.0000000180025095e-35 2 -6.5499999523162833
decision_type=2 1 10 10 8 8 8 10 8 2 10 8 2 8 2 1 10 8 10 10 10 10 10 8 8 10 8 10 1 8
left_child=3 2 -2 10 5 6 -5 -3 9 -8 11 -1 13 -13 -6 16 17 26 19 20 21 22 23 24 -19 27 -12 28 -26 -17
right_child=1 7 -4 4 14 -7 8 -9 -10 -11 15 12 -14 -15 -16 29 -18 18 -20 -21 -22 -23 -24 -25 25 -27 -28 -29 -30 -31
leaf_value=-0.02145373557101098 0.045945568107270719 0.079539134354036423 -0.0010347400078159008 -0.025192043465699854 -0.015378825243569009 0.0064785515380327814 -0.011887323525351637 0.021278030737153845 -0.0097685675023596943 0.025978122521180081 0.0075411088801872533 -0.0094339698679129381 0.0035759623431101482 -0.0013989566684937092 -0.079569055109910955 0.011928229238686534 -0.032398736955639738 0.011645709533607067 -0.018611122010897953 -0.0096985022734032214 -0.012100584228284679 -0.03506385726347902 -0.035493369522074845 0.013718530588862821 0.074291008725257415 0.01070757011297682 -0.007271958320769877 -0.049740957125191151 0.04341113588922059 8.7919724976388597e-05
leaf_weight=24413 6115 3097 78911 35710 4102 54890 18605 21698 115271 20277 103268 208268 228078 445616 3700 67818 11223 21923 16200 18075 13393 4881 4057 49754 19142 9234 104955 972 20855 3265499
leaf_count=24413 6115 3097 78911 35710 4102 54890 18605 21698 115271 20277 103268 208268 228078 445616 3700 67818 11223 21923 16200 18075 13393 4881 4057 49754 19142 9234 104955 972 20855 3265499
internal_value=-4.65717e-10 0.00826188 0.00234377 -0.000185541 -0.00681803 -0.00557475 -0.0090594 0.0285436 -0.00532223 0.00785954 0.00017565 -0.00253355 -0.00200983 -0.00395818 -0.0458202 0.000833753 0.00506327 0.00615062 0.013239 0.0164184 0.0196918 0.0229467 0.025195 0.0272151 0.0365254 0.04739 7.45684e-05 0.0556579 0.0582192 0.000328816
internal_weight=5e+06 109821 85026 4.89018e+06 252555 244753 189863 24795 154153 38882 4.63762e+06 906375 881962 653884 7802 3.73125e+06 397932 386709 178486 162286 144211 130818 125937 121880 72126 50203 208223 40969 39997 3.33332e+06
internal_count=5000000 109821 85026 4890179 252555 244753 189863 24795 154153 38882 4637624 906375 881962 653884 7802 3731249 397932 386709 178486 162286 144211 130818 125937 121880 72126 50203 208223 40969 39997 3333317
cat_boundaries=0 1 2 3
cat_threshold=1044566 224 3880
is_linear=0
shrinkage=0.1


Tree=207
num_leaves=31
num_cat=6
split_feature=0 72 74 74 16 86 80 79 72 89 76 88 0 79 76 73 75 78 76 76 77 8 72 23 74 72 17 77 1 76
split_gain=753.528 730.305 1185.27 841.977 797.516 1658.75 1608.19 1292.41 1264.38 1630.55 1289.78 1501.04 1242.34 1193.91 1654.45 2074.92 1886.53 1513.9 1556.97 1445.11 1541.98 1204.4 1112.62 1080.64 1018.23 1806.2 1048.32 1647.97 1892.55 1289.96
threshold=34.850000381469734 32.94585037231446 268.00000000000006 199.50000000000003 -1.9499999880790708 0.84999999403953563 2.6499999761581425 1.6500000357627871 38.316650390625007 3.0499999523162846 0 3.6499999761581425 -6.6499998569488517 3.4500000476837163 1 143.1683044433594 2 1.0000000180025095e-35 3 4 -5.2499999999999991 -6.6499998569488517 36.902500152587898 1.6500000357627871 376.00000000000006 37.670000076293952 8.8499999046325701 7.0499999523162851 7.0499999523162851 5
decision_type=2 2 2 2 10 8 10 10 2 10 1 10 2 10 1 2 1 10 1 1 8 8 2 10 2 2 8 8 8 1
left_child=1 2 3 -1 13 6 8 -7 -6 10 11 23 -12 14 -3 16 22 18 21 20 -15 -17 -16 -10 26 -26 -9 29 -29 -28
right_child=-2 4 -4 -5 5 7 -8 24 9 -11 12 -13 -14 19 15 17 -18 -19 -20 -21 -22 -23 -24 -25 25 -27 27 28 -30 -31
leaf_value=0.0035287146335359816 0.040245270596703249 0.01307571347955566 0.017759310699349745 -0.0099387994366963023 -0.0017651140087563241 0.00085607121685102425 0.02558763838527315 0.0027992350171686131 -0.013726168777580256 0.04993345845210332 -0.088766803759169136 -0.060594522482413704 -0.0046606478659211156 -0.089281325358013808 -0.011723827885457928 -0.095427923282271412 -0.0040811079302056491 0.07396001344610148 -0.016803686789486318 0.026344095175977141 0.011977388671555882 -0.015834690655810096 0.028932750982268881 -0.042332665190022961 -0.0069255446150934116 -0.042950012497446399 -0.035623098920244851 0.039695464407177375 -0.0038075977195901989 0.0082984762520087723
leaf_weight=387791 4648 91792 52893 52735 103594 2771678 13177 297382 53539 3642 1808 10926 61351 2349 8481 5123 128086 1548 31739 39549 4180 3023 32622 17529 91426 16417 27601 10153 664393 8825
leaf_count=387791 4648 91792 52893 52735 103594 2771678 13177 297382 53539 3642 1808 10926 61351 2349 8481 5123 128086 1548 31739 39549 4180 3023 32622 17529 91426 16417 27601 10153 664393 8825
internal_value=2.31201e-08 -3.74237e-05 0.00361483 0.00191653 -0.000437716 -0.00082325 -0.00846963 -0.000300955 -0.0102477 -0.0161535 -0.0178117 -0.026084 -0.00706717 0.0041572 0.00187247 -0.00301053 0.00190107 -0.0230675 -0.0268333 0.0191521 -0.024416 -0.0658099 0.0205389 -0.020782 -0.00317402 -0.0124096 -0.00218628 -0.0042716 -0.00315281 -0.0249896
internal_weight=5e+06 4.99535e+06 493419 440526 4.50193e+06 4.15344e+06 265566 3.88788e+06 252389 148795 145153 81994 63159 348492 302414 210622 169189 41433 39885 46078 6529 8146 41103 71068 1.1162e+06 107843 1.00835e+06 710972 674546 36426
internal_count=5000000 4995352 493419 440526 4501933 4153441 265566 3887875 252389 148795 145153 81994 63159 348492 302414 210622 169189 41433 39885 46078 6529 8146 41103 71068 1116197 107843 1008354 710972 674546 36426
cat_boundaries=0 1 2 3 4 5 6
cat_threshold=8398840 3007 6528 114688 1984 526332
is_linear=0
shrinkage=0.1


Tree=208
num_leaves=31
num_cat=9
split_feature=67 76 86 88 55 76 0 3 48 75 75 75 76 76 58 76 52 57 5 33 49 26 29 84 79 12 47 65 1 75
split_gain=728.051 913.468 745.786 732.438 1431.85 1603.11 2145.86 1552.81 1294.88 1224.6 1113.82 1087.41 1429.5 1286.52 1077.08 1229.29 2093.53 2480.89 1877 2195.81 2408.28 2343.32 2191.13 2164.95 1960.52 1522.33 1423.44 1409.38 1562.93 1711.15
threshold=9.3499999046325701 0 13.949999809265138 2.4500000476837163 2.2500000000000004 1 -4.7499999999999991 9.0500001907348651 0.75000000000000011 2 3 4 5 6 4.1499998569488534 7 1.7500000000000002 1.6500000357627871 14.949999809265138 1.0000000180025095e-35 1.6500000357627871 1.0000000180025095e-35 1.0000000180025095e-35 1.0000000180025095e-35 0.94999998807907116 25.050000190734867 1.0000000180025095e-35 0.84999999403953563 -1.2499999999999998 8
decision_type=10 1 8 10 10 1 2 8 8 1 1 1 1 1 8 1 8 10 10 10 8 10 10 10 10 8 8 8 10 1
left_child=3 2 -2 14 8 6 -6 -7 -5 -8 -9 13 -13 -10 15 16 17 25 19 20 -18 22 23 24 -22 27 -17 -1 -29 -30
right_child=1 -3 -4 4 5 7 9 10 11 -11 -12 12 -14 -15 -16 26 18 -19 -20 -21 21 -23 -24 -25 -26 -27 -28 28 29 -31
leaf_value=0.015790448388639959 0.057124804292242953 0.0037618604619578406 0.010885970232848381 0.0066263619820115518 -0.06297910828749409 0.01463407926165753 0.005532831587126457 -0.0079010522209067569 -0.01886504669770675 -0.012055727560982117 0.0059612405675596204 -0.011984741573927645 0.00310289108004333 -0.0027678182336002173 -0.0041010664613598891 0.00069795127434576143 0.0029954076134678966 -0.010180343425946509 0.00037687713013920612 -0.014984491481101562 0.053069933875633427 -0.024537339542334252 -0.047036075790536647 -0.039391805707922008 0.02320475710233906 0.017578768063820013 -0.0076895706784841011 0.015666749183459682 -0.018131799391522315 0.00071492908381473488
leaf_weight=66234 6872 38407 7084 70146 6531 114914 69313 95314 139692 92277 147873 111781 143284 77045 447325 2263759 45840 147950 92332 17885 51810 7197 3179 3534 38178 75779 222195 55050 58040 283180
leaf_count=66234 6872 38407 7084 70146 6531 114914 69313 95314 139692 92277 147873 111781 143284 77045 447325 2263759 45840 147950 92332 17885 51810 7197 3179 3534 38178 75779 222195 55050 58040 283180
internal_value=1.90504e-08 0.0117296 0.0336301 -0.00012412 -0.00244286 0.00127269 -0.00678251 0.00505449 -0.00605059 -0.00451163 0.000528014 -0.00793536 -0.0035094 -0.0131432 0.00051432 0.00111586 0.00418347 0.00128841 0.011826 0.0181326 0.0220882 0.030512 0.034609 0.0373843 0.0403994 0.00444066 -5.17267e-05 0.00228804 3.12018e-05 -0.00249133
internal_weight=5e+06 52363 13956 4.94764e+06 1.06817e+06 526222 168121 358101 541948 161590 243187 471802 255065 216737 3.87947e+06 3.43214e+06 946188 686233 259955 167623 149738 103898 96701 93522 89988 538283 2.48595e+06 462504 396270 341220
internal_count=5000000 52363 13956 4947637 1068170 526222 168121 358101 541948 161590 243187 471802 255065 216737 3879467 3432142 946188 686233 259955 167623 149738 103898 96701 93522 89988 538283 2485954 462504 396270 341220
cat_boundaries=0 1 2 3 4 5 6 7 8 9
cat_threshold=1040384 4092 1592 62 7686 492536 65474 1008 14
is_linear=0
shrinkage=0.1


Tree=209
num_leaves=31
num_cat=6
split_feature=18 77 76 22 33 15 89 72 76 79 16 77 17 77 77 17 76 75 74 73 76 75 12 82 72 11 17 72 73 72
split_gain=700.193 889.467 896.697 920.453 871.021 803.565 856.94 780.247 1559.6 926.411 1927.53 1594.12 1379.69 1544.68 1420.67 1420.64 1107.36 2193.83 3026.67 2169.12 2069.9 1865.55 2474.81 1708.56 1614.25 1606.03 1974.81 1747.93 2035.62 1414.21
threshold=29.349999427795414 26.150000572204593 0 24.250000000000004 1.0000000180025095e-35 33.250000000000007 25.750000000000004 30.90164947509766 1 2.2500000000000004 -1.9499999880790708 -1.7499999999999998 8.8499999046325701 14.650000095367433 7.0499999523162851 16.44999980926514 2 3 96.000000000000014 144.7174987792969 4 5 -10.349999904632567 5.4500000476837167 33.010000228881843 27.349999427795414 16.349999427795414 36.613349914550788 137.77420043945315 36.704999923706062
decision_type=10 10 1 10 10 8 8 2 1 10 8 8 8 8 8 10 1 1 2 2 1 1 8 10 2 10 10 2 2 2
left_child=1 7 -3 -4 5 6 -2 8 -1 16 -11 -12 13 -13 15 -14 17 18 20 25 23 22 -18 -9 -20 26 27 28 -19 -23
right_child=4 2 3 -5 -6 -7 -8 9 -10 10 11 12 14 -15 -16 -17 21 19 24 -21 -22 29 -24 -25 -26 -27 -28 -29 -30 -31
leaf_value=-0.0045601427253491441 -0.021645296446806732 -0.0027058876479410451 0.030121532541930743 0.0076956029614862684 -0.04910006612083366 0.015456235130841094 -0.0031817508533546709 0.014850964314701271 0.017243110313582846 0.011428772104077695 -0.029904637297684847 -0.00043226346131329307 -0.022288722725823967 0.027462868901772488 -0.0056255263373000113 -0.11484293421903496 -0.063930595617853817 0.010929138086702102 0.021401716062387024 -0.034832806675764598 -0.0030720356988799256 -0.0019190438720737065 -0.0045076973677504592 -0.04078184626497975 -0.011747122785818204 0.028072889415897015 0.0010710711945030814 0.0041964255855227199 0.034171375394889958 0.0052725260810876449
leaf_weight=59419 33854 70442 21559 121150 4689 16532 97630 144274 73239 82549 24158 276551 30429 21386 477087 1754 7074 149497 15523 13536 185700 597969 758622 5740 273893 30490 605153 245879 50382 503840
leaf_count=59419 33854 70442 21559 121150 4689 16532 97630 144274 73239 82549 24158 276551 30429 21386 477087 1754 7074 149497 15523 13536 185700 597969 758622 5740 273893 30490 605153 245879 50382 503840
internal_value=6.6201e-09 0.000210046 0.00652625 0.0110827 -0.00666725 -0.00532302 -0.00793567 -8.04727e-05 0.00747815 -0.000303224 -0.00314553 -0.00459267 -0.00383513 0.00157006 -0.00699732 -0.027333 0.000420839 0.00225146 -0.002475 0.00494993 0.00398557 -0.00126527 -0.00505662 0.0127214 -0.00996917 0.00544794 0.00479153 0.00984236 0.0167876 0.00136954
internal_weight=5e+06 4.8473e+06 213151 142709 152705 148016 131484 4.63414e+06 132658 4.50149e+06 913914 831365 807207 297937 509270 32183 3.58757e+06 1.72007e+06 625130 1.09494e+06 335714 1.8675e+06 765696 150014 289416 1.0814e+06 1.05091e+06 445758 199879 1.10181e+06
internal_count=5000000 4847295 213151 142709 152705 148016 131484 4634144 132658 4501486 913914 831365 807207 297937 509270 32183 3587572 1720067 625130 1094937 335714 1867505 765696 150014 289416 1081401 1050911 445758 199879 1101809
cat_boundaries=0 1 2 3 4 5 6
cat_threshold=491520 32527 32760 7170 944 572
is_linear=0
shrinkage=0.1


Tree=210
num_leaves=31
num_cat=9
split_feature=18 0 3 76 18 89 1 17 9 83 76 0 17 74 76 0 7 17 75 75 17 75 72 76 2 73 76 80 76 1
split_gain=713.591 1456.75 2895.92 2353.55 2051.51 1593.53 1441.56 1376.57 1298.02 1294.49 1296.02 1207.2 1408.14 1150.03 1140.22 1215.98 1130.37 2094.4 1101.33 1092.61 1054.28 1740.56 2065.21 1913.97 1857.5 1585.57 1390.36 1345.68 3351.76 1631.05
threshold=23.550000190734867 22.94999980926514 24.349999427795414 0 20.150000572204593 17.94999980926514 17.750000000000004 13.550000190734865 20.750000000000004 24.050000190734867 1 28.550000190734867 19.94999980926514 396.50000000000006 2 28.750000000000004 16.750000000000004 18.150000572204593 3 4 8.0500001907348651 5 42.50835037231446 6 1.0000000180025095e-35 129.97499847412112 7 3.6499999761581425 8 4.4500000476837167
decision_type=10 2 10 1 10 10 8 10 10 8 1 2 10 2 1 2 10 8 1 1 8 1 2 1 10 2 1 10 1 10
left_child=1 2 5 7 -5 20 13 -3 11 10 -2 12 -9 -7 15 -11 19 18 -18 -8 25 22 23 -22 -25 -1 -23 -27 -29 -30
right_child=9 3 -4 4 -6 6 16 8 -10 14 -12 -13 -14 -15 -16 -17 17 -19 -20 -21 21 26 -24 24 -26 27 -28 28 29 -31
leaf_value=0.03908197903899302 -0.031920498671972289 0.034783919027871195 -0.024272722149043739 0.055847342891520373 0.014026480999828681 0.02681606501600613 -0.019305477181138474 -0.0024126448550520797 0.0078815734141665632 0.0024872993643659919 -0.0066656526349654788 0.024224714978145268 -0.026343814145814881 -0.0018025853115449571 -0.0035265814156698588 0.024129225032342966 0.0097556777207743733 0.00083443644072024061 0.032339271272784909 0.0038424046839967176 -0.011264957060922858 0.0040778615169705795 -0.040894205390950733 0.037644638690166397 -0.0015163502556155423 -0.00060228549763944672 -0.0030294333146586605 0.037347021172996507 0.019596966156709712 0.00080981979348160532
leaf_weight=11074 22677 11717 48600 13564 86738 51336 38256 71769 102534 190151 194996 10945 37401 19328 397852 30067 51968 209603 36973 43651 291356 498904 16981 12656 281871 1187238 613948 31529 53720 330597
leaf_count=11074 22677 11717 48600 13564 86738 51336 38256 71769 102534 190151 194996 10945 37401 19328 397852 30067 51968 209603 36973 43651 291356 498904 16981 12656 281871 1187238 613948 31529 53720 330597
internal_value=7.33784e-09 0.000535197 -1.77147e-05 0.00686213 0.01968 0.000294054 0.00587166 0.00137554 -0.000382527 -0.00266668 -0.00929846 -0.00743703 -0.0106113 0.0189883 -0.00033109 0.00544189 0.00343541 0.00629048 0.0191485 -0.00697108 -0.000461573 -0.00218747 -0.00651485 -0.00551853 0.000166415 0.00137291 0.000156854 0.00111242 0.0060079 0.00343581
internal_weight=5e+06 4.16426e+06 3.82959e+06 334668 100302 3.78099e+06 451115 234366 222649 835743 217673 120115 109170 70664 618070 220218 380451 298544 88941 81907 3.32987e+06 1.71572e+06 602864 585883 294527 1.61416e+06 1.11285e+06 1.60308e+06 415846 384317
internal_count=5000000 4164257 3829589 334668 100302 3780989 451115 234366 222649 835743 217673 120115 109170 70664 618070 220218 380451 298544 88941 81907 3329874 1715716 602864 585883 294527 1614158 1112852 1603084 415846 384317
cat_boundaries=0 1 2 3 4 5 6 7 8 9
cat_threshold=1044480 16760833 1990 248 3848 6158 58495 6398 1016
is_linear=0
shrinkage=0.1


Tree=211
num_leaves=31
num_cat=7
split_feature=0 23 17 13 0 76 17 76 13 76 9 17 2 0 0 75 76 9 83 2 9 2 17 75 17 6 0 86 1 76
split_gain=695.396 885.341 664.934 1655.24 1551.77 1427.56 1573.06 1380.47 1249.12 896.086 1426.78 1314.33 1266.34 1268.52 1145.19 960.987 940.401 888.78 885.589 1134.7 1187.21 1094.94 1324.94 1080.45 1074.63 892.229 2359.26 987.574 3083.95 1188.47
threshold=33.049999237060554 33.549999237060554 22.44999980926514 23.650000572204593 26.44999980926514 0 25.050000190734867 1 20.849999427795414 2 23.44999980926514 25.650000572204593 20.650000572204593 28.150000572204593 21.250000000000004 3 4 20.050000190734867 20.44999980926514 19.250000000000004 17.94999980926514 25.150000572204593 19.44999980926514 5 17.44999980926514 23.750000000000004 21.650000572204593 15.150000095367433 15.050000190734865 6
decision_type=2 10 10 10 2 1 10 1 8 1 8 10 8 2 2 1 1 10 10 8 10 8 8 1 8 10 2 10 8 1
left_child=1 2 4 5 18 -4 8 -6 -7 12 16 -12 14 15 -5 -14 -11 -18 25 -20 24 22 23 -22 -21 27 -27 -1 -29 -30
right_child=-2 -3 3 9 7 6 -8 -9 -10 10 11 -13 13 -15 -16 -17 17 -19 19 20 21 -23 -24 -25 -26 26 -28 28 29 -31
leaf_value=-0.00058066781993587667 0.018091251685905661 -0.036471578213425476 -0.0020563005689636857 0.014399831683004094 0.0060609418769018162 -0.039981574366171974 -0.045661273797064424 0.03855154597928525 -0.0085842075604920087 -0.0049441744640055033 0.0067600193793833962 -0.0045642783255528934 0.0085516138290842626 0.024175338019106301 0.06034616453827564 -0.0088480193695242865 -0.10679249789692419 -0.02581994284352921 0.02146906231697078 0.0025746068639241147 0.040795613358520118 -0.0068060624480747152 0.0046098771780789206 0.012166918354155978 -0.020053447031047469 -0.020414695904435818 0.0081707318138188063 0.023312927854280168 0.010353234089342786 -0.0016707625442371169
leaf_weight=2926391 21157 6675 170462 38854 40642 14197 15471 19280 117897 32985 176142 245110 52818 21712 6305 79518 1431 25713 38171 51374 22058 43644 108248 32815 35484 70188 49050 72202 106762 357244
leaf_count=2926391 21157 6675 170462 38854 40642 14197 15471 19280 117897 32985 176142 245110 52818 21712 6305 79518 1431 25713 38171 51374 22058 43644 108248 32815 35484 70188 49050 72202 106762 357244
internal_value=8.93496e-09 -7.68676e-05 -2.80087e-05 -0.00233479 0.000551721 -0.00829061 -0.0154911 0.0165223 -0.0119587 0.000448259 -0.00188597 0.000170855 0.00608868 0.00177214 0.0208148 -0.00190349 -0.016296 -0.0300776 0.000307194 0.00524967 0.00314115 0.00726246 0.0110266 0.0236848 -0.00666961 -0.000150639 -0.00865573 0.000142242 0.00408757 0.001096
internal_weight=5e+06 4.97884e+06 4.97217e+06 998615 3.97355e+06 318027 147565 59922 132094 680588 481381 421252 199207 154048 45159 132336 60129 27144 3.91363e+06 331794 293623 206765 163121 54873 86858 3.58184e+06 119238 3.4626e+06 536208 464006
internal_count=5000000 4978843 4972168 998615 3973553 318027 147565 59922 132094 680588 481381 421252 199207 154048 45159 132336 60129 27144 3913631 331794 293623 206765 163121 54873 86858 3581837 119238 3462599 536208 464006
cat_boundaries=0 1 2 3 4 5 6 7
cat_threshold=8065 507904 992 3344 7184 7936 16252932
is_linear=0
shrinkage=0.1


Tree=212
num_leaves=31
num_cat=3
split_feature=17 32 87 15 26 0 0 16 70 0 23 84 2 48 54 86 72 30 73 76 76 25 48 51 52 29 2 73 72 76
split_gain=712.845 1249.79 972.737 1026.55 1086.89 873.329 850.326 817.192 820.224 811.228 962.243 804.66 764.072 759.16 863.342 815.9 758.36 2114.37 2862.92 2425.96 1858.97 1782.93 1630.25 1803.01 1762.5 1602.76 1352.21 1456.35 1872.76 1338.22
threshold=28.94999980926514 1.0000000180025095e-35 1.0000000180025095e-35 29.44999980926514 1.0000000180025095e-35 21.550000190734867 22.250000000000004 28.750000000000004 0.65000000596046459 25.349999427795414 27.250000000000004 1.0000000180025095e-35 -2.7499999999999996 1.1500000357627871 0.94999998807907116 -8.0500001907348615 36.013349533081062 1.0000000180025095e-35 136.64249420166018 0 1 1.0000000180025095e-35 1.5500000119209292 2.4500000476837163 4.3500001430511483 1.0000000180025095e-35 18.44999980926514 138.99334716796878 36.559150695800788 2
decision_type=10 8 10 8 10 2 2 8 8 2 10 10 8 10 10 8 2 8 2 1 1 10 10 10 8 10 10 2 2 1
left_child=7 2 3 9 11 -3 -4 8 13 10 -2 -5 -9 14 -1 -16 17 -10 19 -19 21 22 23 -18 25 26 27 -24 -29 -20
right_child=1 5 6 4 -6 -7 -8 12 16 -11 -12 -13 -14 -15 15 -17 20 18 29 -21 -22 -23 24 -25 -26 -27 -28 28 -30 -31
leaf_value=0.0033649901729041554 -0.022208063336508807 -0.17523250484332731 -0.11543278725664759 0.0054363643887441531 -0.072099082465408221 -0.039160136907734455 -0.024788077026293348 -0.14446078051000361 0.0011100525274188697 -0.0059320233576917979 -0.090037533168829439 -0.063932145352595185 0.015451515447748332 -0.0064171644228279163 -0.057781902475664608 -0.0039632260357966775 0.0026762386876479564 -0.013546271618931641 0.066746581328772828 0.015046852657168614 -0.0031318628078676916 -0.010398494182652332 0.038527022756061992 -0.016964436068841009 -0.0021102509780098451 -0.01594809127077965 0.00049355777429251275 -0.04466980146953517 0.016851852029887419 0.025203797705082145
leaf_weight=292109 14861 515 1211 102252 1896 5606 7117 301 1662231 41029 2434 1700 40749 332186 2848 257921 327673 44129 10509 90536 1197746 89502 31165 54516 103439 17778 51471 5088 179771 29711
leaf_count=292109 14861 515 1211 102252 1896 5606 7117 301 1662231 41029 2434 1700 40749 332186 2848 257921 327673 44129 10509 90536 1197746 89502 31165 54516 103439 17778 51471 5088 179771 29711
internal_value=2.7837e-08 -0.0062034 -0.00462772 -0.00293641 0.0029334 -0.0506088 -0.037969 0.000229851 0.000109207 -0.0135891 -0.031754 0.00430193 0.014279 -0.0026388 -0.000368649 -0.00455101 0.000733597 0.00221046 0.0126695 0.00567715 -0.000584656 0.00296125 0.00451236 -0.000125336 0.00907223 0.013127 0.0150593 0.0185298 0.0151585 0.0360813
internal_weight=5e+06 178621 172500 164172 105848 6121 8328 4.82138e+06 4.78033e+06 58324 17295 103952 41050 885064 552878 260769 3.89526e+06 1.83712e+06 174885 134665 2.05815e+06 860403 770901 382189 388712 285273 267495 216024 184859 40220
internal_count=5000000 178621 172500 164172 105848 6121 8328 4821379 4780329 58324 17295 103952 41050 885064 552878 260769 3895265 1837116 174885 134665 2058149 860403 770901 382189 388712 285273 267495 216024 184859 40220
cat_boundaries=0 1 2 3
cat_threshold=1022 3932287 2016
is_linear=0
shrinkage=0.1


Tree=213
num_leaves=31
num_cat=2
split_feature=74 80 73 56 16 73 72 76 87 75 13 73 83 0 48 83 3 83 1 8 89 89 77 17 80 2 80 89 83 1
split_gain=697.848 815.196 1539.89 1305.04 1166.95 1703.53 1295.91 1283.9 1347.45 1122.2 1298.74 1101.62 908.561 1123.66 913.585 831.662 1544.92 1649.78 1801.36 1289.04 1117.99 1023.39 916.204 912.135 865.517 1829.71 3780.72 2420.66 2274.5 1801.23
threshold=542.00000000000011 -9.3499999046325666 144.7174987792969 3.0499999523162846 -7.4500000476837149 143.1683044433594 43.024999618530281 0 1.0000000180025095e-35 1 -13.15000009536743 144.46170043945315 -13.249999999999998 -12.849999904632567 0.65000000596046459 -4.1499998569488517 -2.4500000476837154 -0.94999998807907093 -2.7499999999999996 -4.8500001430511466 -2.7499999999999996 -0.35000000894069666 -0.25000000745058054 -4.3500001430511466 5.4500000476837167 8.2500000000000018 9.2500000000000018 9.4499998092651385 11.250000000000002 7.4500000476837167
decision_type=2 8 2 8 10 2 2 1 10 1 8 2 10 2 8 8 8 10 10 8 10 10 10 8 8 8 10 10 8 10
left_child=1 2 3 12 5 6 -3 -7 11 10 -8 -9 14 -14 -1 20 17 21 -19 -18 -6 22 23 -17 -21 26 27 -26 -27 -28
right_child=-2 4 -4 -5 15 7 9 8 -10 -11 -12 -13 13 -15 -16 16 19 18 -20 24 -22 -23 -24 -25 25 28 29 -29 -30 -31
leaf_value=-0.060342196032543718 -0.0045471469737521147 0.0058227604231319086 0.055006398103083658 -0.054686827242992377 -0.013952160177862811 0.07177470237021813 0.12536976983736517 -0.033590148117392513 0.12170181850706703 0.014983992329488547 0.045211578157919992 0.019054253802211457 0.069238319048707642 -0.0056315471275856814 -0.0065478170775145729 0.018500952029632017 -0.029549406638341543 0.084506502358482602 0.018005159379048633 -0.0035872856713385342 0.022414006981710536 0.038808453231533008 0.056268855157734401 -0.0042744251416090831 0.0019388091044281537 -0.0085076654405740991 0.059259270619680587 0.028931228213243634 0.00058476154251236115 0.018145526486103857
leaf_weight=5040 316160 18608 2915 8464 72756 1838 2450 15148 696 9766 11551 5389 2618 8555 8450 23724 14609 5883 13241 528919 9565 8958 3174 67948 610187 304663 16714 35137 2837474 29400
leaf_count=5040 316160 18608 2915 8464 72756 1838 2450 15148 696 9766 11551 5389 2618 8555 8450 23724 14609 5883 13241 528919 9565 8958 3174 67948 610187 304663 16714 35137 2837474 29400
internal_value=4.31142e-08 0.000306979 -0.0146743 -0.0208058 0.000423154 0.013682 0.0255865 -0.00818326 -0.0151314 0.0410602 0.059196 -0.019776 -0.00917835 0.0119116 -0.0266459 0.000233788 0.000416 0.0114724 0.0384626 0.000105489 -0.00972672 0.00649996 0.00344849 0.00161967 0.000204796 0.00072799 0.0053852 0.00340851 -0.000296844 0.0330472
internal_weight=5e+06 4.68384e+06 36042 33127 4.6478e+06 65446 42375 23071 21233 23767 14001 20537 24663 11173 13490 4.58235e+06 4.50003e+06 122928 19124 4.3771e+06 82321 103804 94846 91672 4.36249e+06 3.83358e+06 691438 645324 3.14214e+06 46114
internal_count=5000000 4683840 36042 33127 4647798 65446 42375 23071 21233 23767 14001 20537 24663 11173 13490 4582352 4500031 122928 19124 4377103 82321 103804 94846 91672 4362494 3833575 691438 645324 3142137 46114
cat_boundaries=0 1 2
cat_threshold=2040 6178
is_linear=0
shrinkage=0.1


Tree=214
num_leaves=31
num_cat=6
split_feature=17 11 76 17 18 0 48 76 12 21 5 61 77 76 17 76 9 76 0 2 2 86 1 51 76 2 86 16 10 0
split_gain=671.473 1632.97 3820.01 2748.64 1664.6 1611.16 1806.61 1415.45 1390.25 1260.4 1202.37 1067.63 999.094 2096.56 1226.49 2012.5 1444.63 1450.91 1415.51 2071.98 1658.62 1267.49 2150.3 1706.6 1359.04 1394.52 1160.29 1077.39 1238.79 1075.93
threshold=3.2500000000000004 3.6499999761581425 0 5.0499999523162851 9.2500000000000018 12.449999809265138 2.9500000476837163 1 1.6500000357627871 0.45000000298023229 0.65000000596046459 3.2500000000000004 7.8500001430511483 2 8.8499999046325701 3 4.0499999523162851 4 15.550000190734865 19.550000190734867 16.750000000000004 16.650000572204593 15.449999809265138 1.5500000119209292 5 19.150000572204593 10.050000190734865 5.8500001430511483 6.8500001430511483 14.449999809265138
decision_type=8 10 1 8 10 2 8 1 8 8 8 10 8 1 10 1 8 1 2 10 8 8 8 10 1 10 10 10 8 2
left_child=5 2 3 8 -4 -1 7 -7 -2 -3 11 -6 13 -11 15 29 -17 27 20 -20 -19 22 23 -16 -24 -26 -15 -18 -29 -14
right_child=1 9 4 -5 10 6 -8 -9 -10 12 -12 -13 14 26 21 16 17 18 19 -21 -22 -23 24 -25 25 -27 -28 28 -30 -31
leaf_value=0.0018370449739676309 -0.031557673506018402 0.018456474185308529 -0.0035639479936026377 -0.041651807766484562 0.049459562436168086 0.10756531324560788 0.07716972960331353 -0.0059677747267120234 0.0022291409648607422 -0.039681754635227114 0.0035969053002409784 -0.076082453743902601 -0.008931997897900704 -0.0046504558676552033 -0.0066026101516814296 -0.013150438590782777 0.038656330814663437 0.0059676967462980179 0.088701726544904783 -0.0035781394882103005 -0.042810758558378473 0.00071031949093346299 5.4668357207438825e-05 0.0044909095142476787 -0.015188601466457383 -0.044875557877031735 0.039240785594049775 0.0033393271040362688 0.028807022768902076 0.036173615204143854
leaf_weight=947955 17878 36437 115289 45347 13939 1242 6003 8931 38202 17162 15814 712 95621 278664 280940 24477 26787 131542 4895 4838 7361 2355130 47382 273844 96280 18935 6156 40470 36169 5598
leaf_count=947955 17878 36437 115289 45347 13939 1242 6003 8931 38202 17162 15814 712 95621 278664 280940 24477 26787 131542 4895 4838 7361 2355130 47382 273844 96280 18935 6156 40470 36169 5598
internal_value=5.61578e-08 -0.000566351 -0.00844147 -0.0233427 0.00192944 0.00237105 0.0336649 0.00799311 -0.00854191 -5.25637e-05 0.0227188 0.0433586 -0.0002323 -0.0057479 0.000250449 0.00562751 0.0100432 0.0122958 0.00596556 0.042832 0.00338274 -0.000410648 -0.00409073 -0.0011268 -0.0142037 -0.0200658 -0.00370168 0.0213905 0.0153585 -0.00643676
internal_weight=5e+06 4.03587e+06 247181 101427 145754 964131 16176 10173 56080 3.78869e+06 30465 14651 3.75225e+06 301982 3.45027e+06 377758 276539 252062 148636 9733 138903 3.07251e+06 717381 554784 162597 115215 284820 103426 76639 101219
internal_count=5000000 4035869 247181 101427 145754 964131 16176 10173 56080 3788688 30465 14651 3752251 301982 3450269 377758 276539 252062 148636 9733 138903 3072511 717381 554784 162597 115215 284820 103426 76639 101219
cat_boundaries=0 1 2 3 4 5 6
cat_threshold=1032316 15728647 1536 8396291 254192 126
is_linear=0
shrinkage=0.1


Tree=215
num_leaves=31
num_cat=8
split_feature=18 0 2 76 10 75 13 80 83 76 75 76 5 17 2 0 0 49 66 3 27 76 75 72 31 17 73 17 17 75
split_gain=671.579 2161.78 3086.33 2596.08 2439.85 2657.29 1832.82 2012.94 1626.32 1743.79 1511.2 1331.29 1306.42 1278.31 1236.64 1296.73 1230.75 1214.58 1167.9 1128.76 2301.52 2009.57 1420.3 1875.36 1357.61 1110.67 1108.83 1074.15 1057.45 1015.77
threshold=16.150000572204593 17.650000572204593 18.349999427795414 0 14.050000190734865 1 16.650000572204593 12.650000095367433 13.449999809265138 2 3 4 8.8499999046325701 12.949999809265138 20.849999427795414 19.94999980926514 25.650000572204593 3.3500000238418584 6.6499998569488534 10.650000095367433 1.0000000180025095e-35 5 6 30.90164947509766 1.0000000180025095e-35 12.949999809265138 131.188346862793 22.550000190734867 12.550000190734865 7
decision_type=10 2 10 1 8 1 8 8 10 1 1 1 10 8 8 2 2 10 10 8 10 1 1 2 10 8 2 8 8 1
left_child=1 2 8 -3 13 14 7 10 18 -10 -2 12 -9 17 28 -16 -14 -5 -1 20 21 24 -21 26 -8 -7 -24 29 -6 -25
right_child=6 3 -4 4 5 25 19 11 9 -11 -12 -13 16 -15 15 -17 -18 -19 -20 22 -22 -23 23 27 -26 -27 -28 -29 -30 -31
leaf_value=-0.00060197664643114499 -0.013071399101373747 0.077848932972005236 -0.026024869865490796 -0.0014479175269690751 0.068116177782919007 0.085532902581678547 0.034561622589723527 0.020394063903700466 0.021929892928714181 0.003045874454581517 -0.053976983024297334 -0.015498451834441658 -0.0064533315000123983 -0.014822750084854029 -0.033200660031714992 0.0086569217770347436 0.031045908818355096 0.027708870071081571 0.010102357501523945 0.00028589572975416198 -0.16102195172390521 -0.044666772666418691 -0.002595310533295351 -0.012554150588546729 -0.18371739022550174 0.035217809321597342 0.042415241638361002 -0.057112878419053138 0.015148126388780015 -0.051689809748298302
leaf_weight=2265499 21287 5598 44051 47801 4530 5153 26807 25707 69192 166717 15705 88367 136711 42546 10828 23386 9351 20378 106728 1677549 698 3878 57220 50539 288 29521 6052 7847 22437 7629
leaf_count=2265499 21287 5598 44051 47801 4530 5153 26807 25707 69192 166717 15705 88367 136711 42546 10828 23386 9351 20378 106728 1677549 698 3878 57220 50539 288 29521 6052 7847 22437 7629
internal_value=6.29334e-08 0.00100078 0.00022375 0.0107136 0.0088901 0.0205708 -0.00134213 -0.00862927 0.000667085 0.00858561 -0.030456 -0.00552545 -0.000393883 -0.00122113 0.00803057 -0.00459011 -0.0040526 0.00726675 -0.000120382 -0.000164426 0.0185509 0.0225977 -0.000492476 -0.0105913 0.0322296 0.042683 0.00170997 -0.0223831 0.0240459 -0.017698
internal_weight=5e+06 2.86436e+06 2.65219e+06 212178 206580 95855 2.13564e+06 297128 2.60814e+06 235909 36992 260136 171769 110725 61181 34214 146062 68179 2.37223e+06 1.83851e+06 31671 30973 1.80684e+06 129287 27095 34674 63272 66015 26967 58168
internal_count=5000000 2864365 2652187 212178 206580 95855 2135635 297128 2608136 235909 36992 260136 171769 110725 61181 34214 146062 68179 2372227 1838507 31671 30973 1806836 129287 27095 34674 63272 66015 26967 58168
cat_boundaries=0 1 2 3 4 5 6 7 8
cat_threshold=2040 248 1967096 3848 14712577 3056 2016 2064
is_linear=0
shrinkage=0.1


Tree=216
num_leaves=31
num_cat=4
split_feature=25 76 72 0 76 17 85 82 67 83 76 90 76 72 73 73 72 72 27 89 48 86 7 83 3 80 89 72 18 0
split_gain=677.072 1740.25 1134.88 1086.84 893.114 755.606 742.911 1365.91 1232.85 1343.34 1260.09 1409.23 2424.41 1333.85 1311.92 1306.74 1336.97 1286.09 1247.37 1098.09 1110.18 971.551 886.863 1081.62 843.594 1072.83 983.335 1437.82 1153.81 1397.98
threshold=0.75000000000000011 0 36.241651535034187 1.0000000180025095e-35 1 7.4500000476837167 1.1500000357627871 0.65000000596046459 4.4500000476837167 26.250000000000004 2 1.0000000180025095e-35 3 35.170000076293952 136.45999908447268 138.72585296630862 31.958350181579593 36.313350677490241 1.0000000180025095e-35 -13.15000009536743 0.94999998807907116 -13.749999999999998 -5.3500001430511466 -4.5499999523162833 -10.249999999999998 -10.949999809265135 4.0499999523162851 32.093299865722663 13.050000190734865 14.949999809265138
decision_type=8 1 2 2 1 10 10 8 8 8 1 10 1 2 2 2 2 2 10 8 10 10 10 8 8 10 8 2 10 2
left_child=6 3 5 4 -2 -3 19 -8 9 10 13 -12 -13 15 -15 16 -9 -16 22 20 21 -1 -19 -24 25 -21 27 -26 29 -28
right_child=1 2 -4 -5 -6 -7 7 8 -10 -11 11 12 -14 14 17 -17 -18 18 -20 24 -22 -23 23 -25 26 -27 28 -29 -30 -31
leaf_value=-0.11059869841242852 0.015502983452724562 0.02845476091860202 -0.012314434650003106 0.014619743334802924 -0.046405876167148079 0.001018777231274274 0.0073015960130408675 0.0086102093730751651 0.0033123409673585314 0.0041153014107698869 -0.0079582805682434435 0.028074928528270648 -0.014369118027641112 0.025097376588238185 -0.013456071374960819 0.037864106827320054 -0.01496992224028253 0.032814473559737205 -0.019768575303724834 0.0041432140047888508 -0.0042113428066807993 -0.0034629666749593636 -0.024509839910986191 0.006049506880490621 0.064434752390257144 0.054029953730006186 0.0030900171930976182 -0.0042975784591497562 -0.00017566836781334209 0.016126195535767746
leaf_weight=2546 4029 12022 69528 137034 5510 60831 155223 30139 310048 198395 834025 29438 24777 24490 51133 5879 118927 11585 20667 11983 5293 1268 12209 225545 3067 6733 754151 398334 1382857 92334
leaf_count=2546 4029 12022 69528 137034 5510 60831 155223 30139 310048 198395 834025 29438 24777 24490 51133 5879 118927 11585 20667 11983 5293 1268 12209 225545 3067 6733 754151 398334 1382857 92334
internal_value=3.89701e-08 0.00469873 -0.00317535 0.012347 -0.0202897 0.00554619 -0.000288157 -0.00171736 -0.00245524 -0.00358189 -0.00468145 -0.00694266 0.00867994 -0.000668903 0.00278732 -0.0083786 -0.0102024 0.00108596 0.00383989 0.000815224 -0.0338493 -0.0749804 0.00579673 0.00448024 0.000934377 0.0220898 0.00078387 -0.00377241 0.00160425 0.00451199
internal_weight=5e+06 288954 142381 146573 9539 72853 4.71105e+06 2.05248e+06 1.89726e+06 1.58721e+06 1.38881e+06 888240 54215 500574 345629 154945 149066 321139 270006 2.65857e+06 9107 3814 249339 237754 2.64946e+06 18716 2.63074e+06 401401 2.22934e+06 846485
internal_count=5000000 288954 142381 146573 9539 72853 4711046 2052480 1897257 1587209 1388814 888240 54215 500574 345629 154945 149066 321139 270006 2658566 9107 3814 249339 237754 2649459 18716 2630743 401401 2229342 846485
cat_boundaries=0 1 2 3 4
cat_threshold=131040 129024 7864383 520192
is_linear=0
shrinkage=0.1


Tree=217
num_leaves=31
num_cat=3
split_feature=18 72 80 3 24 82 57 76 3 48 74 48 75 73 72 72 73 48 83 72 3 7 86 83 73 72 1 86 76 64
split_gain=691.588 828.263 695.721 1015.89 873.51 810.398 1721.5 1394.87 1564.25 1409.79 1327.11 1159.47 1085.38 1059.94 1485.31 1168.73 1067.3 1047.73 1016.68 1329.75 954.55 1449.54 1407.04 1340.63 1237.15 1030.55 956.836 983.223 920.92 1644.38
threshold=30.349999427795414 36.559150695800788 25.250000000000004 22.94999980926514 1.0000000180025095e-35 2.1499999761581425 1.4499999880790713 0 6.6499998569488534 7.2500000000000009 878.50000000000011 5.4500000476837167 1 142.9716491699219 43.024999618530281 36.851650238037116 136.97330474853518 0.65000000596046459 -13.249999999999998 43.531650543212898 -7.4500000476837149 -13.15000009536743 -8.0500001907348615 -7.8500001430511466 143.93750000000003 42.923349380493171 -8.6500000953674299 -2.8500000238418575 2 1.6500000357627871
decision_type=10 2 10 8 2 10 10 1 8 8 2 10 1 2 2 2 2 8 8 2 8 8 10 10 2 2 10 10 1 10
left_child=2 -2 5 -4 -5 18 17 9 13 10 12 -10 -8 15 -15 16 -9 -7 19 -1 22 -22 23 24 25 -20 27 -24 29 -23
right_child=1 -3 3 4 -6 6 7 8 11 -11 -12 -13 -14 14 -16 -17 -18 -19 20 -21 21 28 26 -25 -26 -27 -28 -29 -30 -31
leaf_value=0.0011120437259494764 -0.003788115502330382 -0.026837948703415739 0.023711989595080783 0.0018228275862176718 0.030765828980289303 0.0073642691095149237 0.0051464650696841883 0.013064421246117848 -0.0030881448261068003 -0.02338967730207801 -0.055027956332803753 0.013857167293126312 -0.0073766207602579646 -0.073195655537681273 0.0051427739457126894 0.024714926022538899 -0.032132538820810894 -0.010063166688375065 0.013402524391825306 -0.069979408870769852 -0.078387814779901019 0.0083750552052913093 0.055755849891380299 0.039178163150314527 0.037577971643179976 -0.030229454290478543 0.018502213265665885 0.20559611136054104 -0.00049795905595236294 -6.091038111328075e-06
leaf_weight=5969 81301 19288 26323 242028 10897 38662 135263 17570 206681 35158 4668 50184 141701 2987 12757 72072 7436 320240 7975 4705 2329 370926 6416 7976 5165 16852 11063 470 2500333 634605
leaf_count=5969 81301 19288 26323 242028 10897 38662 135263 17570 206681 35158 4668 50184 141701 2987 12757 72072 7436 320240 7975 4705 2329 370926 6416 7976 5165 16852 11063 470 2500333 634605
internal_value=3.16335e-08 -0.00820793 0.000168548 0.00501562 0.00306981 -0.000124414 -0.00257353 0.000360684 0.00453338 -0.00450876 -0.00215189 0.00022248 -0.00126071 0.0143485 -0.00971983 0.0182519 -0.000375737 -0.00818583 0.000591783 -0.0302244 0.000684073 0.000477461 0.0136467 0.00274003 -0.00695023 -0.0162139 0.0367179 0.0659831 0.000529853 0.00308556
internal_weight=5e+06 100589 4.89941e+06 279248 252925 4.62016e+06 1.04538e+06 686477 369687 316790 281632 256865 276964 112822 15744 97078 25006 358902 3.57478e+06 10674 3.56411e+06 3.50819e+06 55917 37968 29992 24827 17949 6886 3.50586e+06 1.00553e+06
internal_count=5000000 100589 4899411 279248 252925 4620163 1045379 686477 369687 316790 281632 256865 276964 112822 15744 97078 25006 358902 3574784 10674 3564110 3508193 55917 37968 29992 24827 17949 6886 3505864 1005531
cat_boundaries=0 1 2 3
cat_threshold=16380 1848 25072
is_linear=0
shrinkage=0.1


Tree=218
num_leaves=31
num_cat=4
split_feature=17 76 0 48 77 73 77 0 48 18 1 0 11 76 70 9 71 72 72 73 76 74 74 88 2 9 75 74 16 0
split_gain=673.354 1116.15 2035.09 1128.02 1103.73 1093.73 939.794 918.608 1055.84 869.165 855.68 1157.21 818.034 1179.81 936.949 723.354 721.392 738.978 1177.62 1107.6 2619.65 1358.1 1140.65 1094.84 1012.64 1979.7 1458.12 1230.38 1012.16 984.348
threshold=25.650000572204593 0 25.150000572204593 2.5499999523162846 19.849999427795414 142.79664611816409 27.750000000000004 30.750000000000004 2.6499999761581425 32.250000000000007 8.4499998092651385 22.050000190734867 29.550000190734867 1 1.8499999642372134 -6.6499998569488517 0.45000000298023229 42.385799407958991 42.923349380493171 141.52664947509768 2 13.500000000000002 37.500000000000007 1.8499999642372134 3.6499999761581425 -0.45000000298023218 3 22.500000000000004 -10.249999999999998 3.2500000000000004
decision_type=8 1 2 8 8 2 10 2 10 10 8 2 10 1 8 8 8 2 2 2 1 2 2 10 10 8 1 2 8 2
left_child=6 4 10 -4 5 -2 16 8 12 -10 15 -12 13 14 -6 -3 -1 24 23 20 22 -22 -20 -19 26 -26 27 -18 -25 -27
right_child=1 2 3 -5 7 -7 -8 -9 9 -11 11 -13 -14 -15 -16 -17 17 18 19 -21 21 -23 -24 28 25 29 -28 -29 -30 -31
leaf_value=-0.0031322811489873747 -0.01460523215201269 -0.38673037498975327 -0.019146239688671386 0.0011218488554214459 0.012578038406713461 -0.088696833705305192 0.01255278340812585 0.019018562315028298 -0.0083486858566101697 -0.054819961657849081 -0.14158165638347286 -0.045888239812041862 0.013400258809524277 -0.010150428369334066 -0.0044788947175426015 0.1135500118256374 0.012761810651506731 -0.0040826886493230061 0.001840580360067554 -0.0016132597057134199 0.00068896564726170706 0.037654834976927065 -0.038596597922373847 -0.10205435578503003 -0.01963804516867837 -0.015068691152224818 0.016063099317006248 0.00011988034896823115 -0.019000463222247202 0.0011910557445170078
leaf_weight=560017 23493 31 49164 62199 75384 2177 62683 25115 76564 4248 1484 8513 52835 79282 56223 427 98109 120953 22546 531329 14362 32270 10101 1511 47642 37811 102097 357578 50776 2433076
leaf_count=560017 23493 31 49164 62199 75384 2177 62683 25115 76564 4248 1484 8513 52835 79282 56223 427 98109 120953 22546 531329 14362 32270 10101 1511 47642 37811 102097 357578 50776 2433076
internal_value=2.79216e-08 -0.0034167 -0.0117853 -0.00782601 -0.000837591 -0.0208887 0.000394179 0.000554815 -0.000791102 -0.0107915 -0.05397 -0.0600934 0.00227329 -0.000514402 0.00529085 0.0796882 0.000221757 0.000708347 -0.00203267 3.18998e-05 0.0110578 0.0262642 -0.0106674 -0.00930954 0.00140676 0.00055293 0.00526202 0.00284161 -0.0214006 0.000942239
internal_weight=5e+06 517139 121818 111363 395321 25670 4.48286e+06 369651 344536 80812 10455 9997 263724 210889 131607 458 4.42018e+06 3.86016e+06 783848 610608 79279 46632 32647 173240 3.07631e+06 2.51853e+06 557784 455687 52287 2.47089e+06
internal_count=5000000 517139 121818 111363 395321 25670 4482861 369651 344536 80812 10455 9997 263724 210889 131607 458 4420178 3860161 783848 610608 79279 46632 32647 173240 3076313 2518529 557784 455687 52287 2470887
cat_boundaries=0 1 2 3 4
cat_threshold=8190 1984 8184 6662
is_linear=0
shrinkage=0.1


Tree=219
num_leaves=31
num_cat=7
split_feature=17 75 17 80 86 76 73 72 80 17 83 76 8 0 23 2 0 83 76 75 72 76 73 18 87 2 76 17 14 30
split_gain=669.749 1314.06 1232.52 1015.88 1307.14 970.794 910.861 1025.62 969.822 896.692 1124.94 1631.78 1255.43 1196 1720.57 1471 1187.22 1162.31 1343.97 1090.57 2122.83 1872.8 1450.84 1373.57 1306.6 1241.46 1158.18 2256.29 2140.78 1531.23
threshold=-6.6499998569488517 0 -13.15000009536743 -2.4500000476837154 -0.84999999403953541 1 144.7174987792969 43.209150314331062 -7.3500001430511466 2.2500000000000004 0.25000000745058065 2 -3.1499999761581416 9.4499998092651385 4.4500000476837167 10.650000095367433 2.4500000476837163 7.2500000000000009 3 4 36.013349533081062 5 137.77420043945315 7.0499999523162851 1.0000000180025095e-35 1.2500000000000002 6 11.250000000000002 11.449999809265138 1.0000000180025095e-35
decision_type=8 1 10 8 10 1 2 2 10 10 8 1 8 2 8 10 2 10 1 1 2 1 2 10 10 10 1 8 8 10
left_child=1 5 -3 4 6 -1 7 -2 -9 10 -5 16 -13 15 -15 17 -12 -14 -19 20 21 22 -11 -22 -25 -23 27 -21 -29 -28
right_child=3 2 -4 9 -6 -7 -8 8 -10 19 11 12 13 14 -16 -17 -18 18 -20 26 23 25 -24 24 -26 -27 29 28 -30 -31
leaf_value=0.028222288297272635 -0.0061876727306483369 -0.041939798594040109 0.0023955424905226651 -0.0036840096132077444 0.026327862121071771 0.0032458451730874218 0.023654426394760404 -0.046847718953891337 -0.015228082089422277 -0.014887622679005539 0.015853570183988419 -0.012231805365237103 0.0036140783790078001 0.06443594593444428 0.010923255733152726 -0.036222332903175648 0.055436967066791382 0.0042564657173135559 0.050931001559608162 0.019790987882218728 -0.0059484696794271687 0.018842609032429913 0.013091805723012049 -0.016607642766943639 -0.052968669175497689 0.00095167345594360817 -0.0015215255962135897 -0.035682384980247325 0.0027236817410502255 0.0069001849825080985
leaf_weight=34664 89009 7750 32843 154718 10248 28254 7347 13698 33236 119726 38631 42054 297772 8077 23460 8744 9426 13165 11614 78440 172836 42403 21927 76439 11350 454592 2173323 14808 729740 239706
leaf_count=34664 89009 7750 32843 154718 10248 28254 7347 13698 33236 119726 38631 42054 297772 8077 23460 8744 9426 13165 11614 78440 172836 42403 21927 76439 11350 454592 2173323 14808 729740 239706
internal_value=2.63149e-08 0.00796015 -0.00606745 -0.00016825 -0.00817389 0.0170086 -0.0106414 -0.0124949 -0.0244565 9.09076e-05 0.00367781 0.00619249 0.00412416 0.00602001 0.0246285 0.00424861 0.0236126 0.00534574 0.0261552 -0.000436171 -0.00351674 -0.000413006 -0.0105558 -0.0111224 -0.0213087 0.00247806 0.000419913 0.0036593 0.00195984 -0.000684925
internal_weight=5e+06 103511 40593 4.89649e+06 153538 62918 143290 135943 46934 4.74295e+06 607661 452943 404886 362832 31537 331295 48057 322551 24779 4.13529e+06 899273 638648 141653 260625 87789 496995 3.23602e+06 822988 744548 2.41303e+06
internal_count=5000000 103511 40593 4896489 153538 62918 143290 135943 46934 4742951 607661 452943 404886 362832 31537 331295 48057 322551 24779 4135290 899273 638648 141653 260625 87789 496995 3236017 822988 744548 2413029
cat_boundaries=0 1 2 3 4 5 6 7
cat_threshold=6146 16121879 2032 260096 4110 94 252
is_linear=0
shrinkage=0.1


Tree=220
num_leaves=31
num_cat=5
split_feature=23 80 3 0 83 80 76 1 86 86 7 76 17 86 72 73 75 83 3 10 76 0 76 57 17 2 13 4 91 74
split_gain=661.989 739.882 1028.32 1402.8 1321.76 1279.63 1267.14 1115.66 1073.29 953.13 904.146 1486.55 1063 1096.01 1161.46 3799.58 1103.44 1794.72 1280.29 1044.7 1835.98 974.369 1309.58 958.909 898.704 1360.4 888.496 887.152 878.738 1479.72
threshold=-12.949999809265135 -4.9500000476837149 -2.4500000476837154 -2.4500000476837154 -1.7499999999999998 -3.0499999523162837 0 -2.1499999761581416 -2.5499999523162837 -3.4500000476837154 -3.8500000238418575 1 1.0500000119209292 -0.55000001192092884 36.902500152587898 139.29000091552737 2 6.6499998569488534 4.2500000000000009 1.4499999880790713 3 7.2500000000000009 4 1.6500000357627871 -4.8500001430511466 -4.8500001430511466 -3.1499999761581416 1.0000000180025095e-35 3.2500000000000004 105.50000000000001
decision_type=8 8 8 2 10 10 1 10 10 10 8 1 10 8 2 2 1 10 8 8 1 2 1 8 8 10 8 10 10 2
left_child=-1 9 4 6 5 8 -4 -6 26 24 11 -5 13 27 15 21 18 -18 -16 20 23 -15 -23 -14 25 -2 -3 -12 -21 -30
right_child=1 2 3 10 7 -7 -8 -9 -10 -11 12 -13 19 14 16 -17 17 -19 -20 28 -22 22 -24 -25 -26 -27 -28 -29 29 -31
leaf_value=0.018209044286120298 0.0042897293182779534 0.0027677613424544286 0.0043995231578162894 -0.027845868957015459 0.040206419940195484 0.019819271739692494 -0.029944819667600597 0.0049721004914319153 0.021360803430804765 0.023770652915556939 0.0039793974604803266 0.040437200013121871 -0.03036646715476124 0.0024092537252946374 0.026306135073960457 -0.046649335107578141 0.012548762784075698 0.053268376887825465 -0.027428151216726579 0.00057584316549006472 5.2164764615882556e-05 0.073051962958757335 0.012311506346647122 -0.0046852818914117529 -0.021504270990832939 -0.044088003346765887 -0.015986853754024498 -0.0202029306174051 -0.00073385110207309888 -0.012233397129406151
leaf_weight=19886 43976 56604 16867 22963 20095 35914 29585 16257 17256 8459 33395 3694 41695 92669 6660 15180 151138 11659 13267 3466181 105653 4686 14597 22324 45163 6698 45618 27799 455752 148310
leaf_count=19886 43976 56604 16867 22963 20095 35914 29585 16257 17256 8459 33395 3694 41695 92669 6660 15180 151138 11659 13267 3466181 105653 4686 14597 22324 45163 6698 45618 27799 455752 148310
internal_value=4.10111e-08 -7.2669e-05 0.000105598 -0.000188227 0.0072834 0.00326767 -0.0174797 0.0244493 -0.00170759 -0.00840663 -1.50303e-05 -0.0183788 9.11347e-05 0.00522367 0.00763894 0.000299 0.0127458 0.015464 -0.00946433 -0.000358032 -0.00804618 0.0066649 0.0271164 -0.0214079 -0.0112467 -0.00210475 -0.00560175 -0.00700607 -3.75439e-05 -0.00355723
internal_weight=5e+06 4.98011e+06 4.87582e+06 4.68407e+06 191744 155392 46452 36352 119478 104296 4.63762e+06 26657 4.61096e+06 371050 309856 127132 182724 162797 19927 4.23992e+06 169672 111952 19283 64019 95837 50674 102222 61194 4.07024e+06 604062
internal_count=5000000 4980114 4875818 4684074 191744 155392 46452 36352 119478 104296 4637622 26657 4610965 371050 309856 127132 182724 162797 19927 4239915 169672 111952 19283 64019 95837 50674 102222 61194 4070243 604062
cat_boundaries=0 1 2 3 4 5
cat_threshold=28924 1175682 1008 229628 15728807
is_linear=0
shrinkage=0.1


Tree=221
num_leaves=31
num_cat=7
split_feature=17 12 76 86 12 80 5 0 76 75 75 24 2 6 13 2 17 13 13 1 2 89 17 3 83 14 76 0 76 76
split_gain=658.546 1440.85 1745.29 1393.39 1155.23 945.971 1221.94 1444.69 1004.9 4169.93 3399.11 2746.22 1594.25 2044.44 1514.84 1902.7 1636.28 2082.44 1767.11 2136 1789.86 2227.77 1816.85 1973.36 1832.37 1812.13 1620.57 1587.62 1384.68 1331.38
threshold=20.650000572204593 21.050000190734867 0 20.050000190734867 19.050000190734867 21.650000572204593 22.750000000000004 19.750000000000004 1 2 3 1.0000000180025095e-35 -1.0000000180025095e-35 -2.1499999761581416 16.849999427795414 10.250000000000002 13.949999809265138 13.550000190734865 11.449999809265138 4.6499998569488534 12.84999990463257 9.4499998092651385 8.0500001907348651 8.0500001907348651 4.4500000476837167 7.4500000476837167 4 11.84999990463257 5 6
decision_type=8 10 1 10 8 10 10 2 1 1 1 2 10 8 8 8 10 10 10 8 8 10 8 8 10 8 1 2 1 1
left_child=3 2 -2 5 -4 6 8 -8 9 11 28 12 -1 -14 16 -16 18 26 20 -20 21 22 23 24 -12 -24 -18 -22 -10 -15
right_child=1 -3 4 -5 -6 -7 7 -9 10 -11 14 -13 13 29 15 -17 17 -19 19 -21 27 -23 25 -25 -26 -27 -28 -29 -30 -31
leaf_value=0.0010840716944889883 -0.0037424909613776496 -0.00020263405815954734 -0.047577276986782317 0.0076677225102572124 -0.01549348675650967 0.012343004336744708 -0.024056227960437403 0.00072647442104593267 0.015425721085425987 0.00372975277096927 -0.00038989628014618114 0.01156526603966491 -0.048701132326000263 -0.0056398530121449806 0.036333007676580258 0.0032322256159349467 -0.071874060770134904 -0.0060176685174350387 0.045040475245419279 0.0046738851877768531 -0.0472345079347729 0.022137236556123433 -0.044430597204919819 -0.015479743555117408 0.02091642979161959 -0.0092381948078027101 -0.021695965862140038 -0.010775609394087966 0.004785092607493306 -0.016262940913043072
leaf_weight=113342 214068 1068540 14057 265988 55659 62461 45725 48442 154136 669730 435163 68298 14785 236632 20450 115145 9081 82907 15048 101713 14838 37022 17679 78899 44491 84883 22155 61232 592082 235349
leaf_count=113342 214068 1068540 14057 265988 55659 62461 45725 48442 154136 669730 435163 68298 14785 236632 20450 115145 9081 82907 15048 101713 14838 37022 17679 78899 44491 84883 22155 61232 592082 235349
internal_value=5.14073e-08 -0.00188479 -0.00821868 0.000698831 -0.0219595 0.00015069 -7.87437e-05 -0.0113073 0.000249115 -0.00184702 0.00173562 -0.00743481 -0.00959732 -0.0120845 -0.00169721 0.00822438 -0.0030357 -0.0143084 -0.00159154 0.00987628 -0.00332105 -0.0017339 -0.00307067 -0.000824294 0.0015864 -0.0153044 -0.0363138 -0.0178872 0.00698316 -0.0109374
internal_weight=5e+06 1.35232e+06 283784 3.64768e+06 69716 3.38169e+06 3.31923e+06 94167 3.22506e+06 1.33814e+06 1.88692e+06 668406 600108 486766 1.14071e+06 135595 1.00511e+06 114143 890968 116761 774207 698137 661115 558553 479654 102562 31236 76070 746218 471981
internal_count=5000000 1352324 283784 3647676 69716 3381688 3319227 94167 3225060 1338136 1886924 668406 600108 486766 1140706 135595 1005111 114143 890968 116761 774207 698137 661115 558553 479654 102562 31236 76070 746218 471981
cat_boundaries=0 1 2 3 4 5 6 7
cat_threshold=32704 65031 7682 8064 131192 393344 57857
is_linear=0
shrinkage=0.1


Tree=222
num_leaves=31
num_cat=2
split_feature=74 88 69 76 91 73 73 18 19 83 2 2 86 83 83 89 18 76 77 9 1 89 1 2 83 80 1 0 17 8
split_gain=637.157 1270.82 1043.05 919.887 919.765 981.259 872.711 754.888 854.831 804.918 1940.35 943.273 3955.68 2530.16 2357.86 1484.3 2073.9 1475.08 1208.32 1364.66 1158.75 1146.58 2750.59 1952.6 4234.86 2876.4 2565.59 2180.36 2172.11 2931.78
threshold=507.00000000000006 0.45000000298023229 3.0499999523162846 0 1.6500000357627871 137.77420043945315 141.27500152587893 28.94999980926514 31.44999980926514 23.349999427795414 22.250000000000004 18.349999427795414 18.94999980926514 17.349999427795414 18.750000000000004 18.550000190734867 17.050000190734867 1 24.250000000000004 16.849999427795414 16.849999427795414 16.250000000000004 14.550000190734865 11.449999809265138 10.84999990463257 12.050000190734865 9.2500000000000018 10.449999809265138 4.4500000476837167 8.8499999046325701
decision_type=2 10 10 1 10 2 2 10 10 10 8 10 10 8 10 8 8 1 10 10 8 10 8 10 10 10 8 2 8 8
left_child=7 6 3 -3 -5 -6 -2 8 9 11 -11 12 14 17 21 -15 -17 -13 19 -18 -16 23 -23 24 25 -1 -26 -25 -29 -30
right_child=1 2 -4 4 5 -7 -8 -9 -10 10 -12 13 -14 15 20 16 18 -19 -20 -21 -22 22 -24 27 26 -27 -28 28 29 -31
leaf_value=-0.00032676860799164316 0.0030899899266584557 -0.024629978851827702 0.011301092737473166 -0.0023837316190428331 -0.049223097404177185 -0.010904023650523936 -0.022368951414742787 -0.0061497012269608213 0.10381573456373797 0.02650185436237263 0.0026070060527340604 0.0091544577753291025 0.025648112501078735 -0.012966812494920724 0.050615833126986712 0.011004847143874355 -0.020889021823039939 -0.030028034840121089 0.0067871775178190846 -0.0026341539296513309 0.013734439954237588 0.040560947632290817 0.0031519361470957667 -0.026631247451878639 0.050792991654971004 0.033957806972907255 0.012673785528064361 0.022609971946492405 -0.025738115055664396 -0.0025275268482506498
leaf_weight=1785845 199497 46118 20403 83254 9531 22362 14439 172989 802 37001 416763 11969 63820 97363 11610 144314 44168 48697 126320 562303 31994 22531 153982 42937 22278 24811 85108 30664 59786 606341
leaf_count=1785845 199497 46118 20403 83254 9531 22362 14439 172989 802 37001 416763 11969 63820 97363 11610 144314 44168 48697 126320 562303 31994 22531 153982 42937 22278 24811 85108 30664 59786 606341
internal_value=2.72055e-08 -0.00385116 -0.0100017 -0.0126969 -0.00791473 -0.0223554 0.00137171 0.000330916 0.0005839 0.000565214 0.00455545 0.000109922 0.00102351 -0.00248636 0.00047743 -0.00125278 4.75323e-05 -0.022301 -0.00211037 -0.00396362 0.0235545 0.000122401 0.00792701 -0.000395933 0.00128734 0.000143025 0.0205819 -0.0047605 -0.0034128 -0.00461072
internal_weight=5e+06 395604 181668 161265 115147 31893 213936 4.6044e+06 4.43141e+06 4.4306e+06 453764 3.97684e+06 2.94171e+06 1.03513e+06 2.87789e+06 974468 877105 60666 732791 606471 43604 2.83428e+06 176513 2.65777e+06 1.91804e+06 1.81066e+06 107386 739728 696791 666127
internal_count=5000000 395604 181668 161265 115147 31893 213936 4604396 4431407 4430605 453764 3976841 2941707 1035134 2877887 974468 877105 60666 732791 606471 43604 2834283 176513 2657770 1918042 1810656 107386 739728 696791 666127
cat_boundaries=0 1 2
cat_threshold=15920 126
is_linear=0
shrinkage=0.1


Tree=223
num_leaves=31
num_cat=9
split_feature=17 12 76 9 80 76 3 23 17 0 75 1 76 72 12 86 1 1 8 3 86 76 76 75 16 76 60 74 37 75
split_gain=638.674 2372.37 2656.83 1781.3 1742.56 1919.71 1605.91 1204.29 1198.72 1190.19 2410.39 1454.43 1398.04 1453.25 1110.86 1099.4 2160.77 1238.96 1181.3 1354.59 1758.48 1718.26 1092.31 1075.27 1651.76 1161.26 1068.84 1041.37 1033.65 1033.5
threshold=15.650000095367433 15.84999990463257 0 13.750000000000002 15.650000095367433 1 6.0499999523162851 13.449999809265138 18.150000572204593 13.750000000000002 2 13.050000190734865 3 36.436649322509773 18.44999980926514 10.250000000000002 10.449999809265138 3.6499999761581425 7.8500001430511483 15.34999990463257 15.449999809265138 4 5 6 7.2500000000000009 7 3.2500000000000004 199.50000000000003 1.0000000180025095e-35 8
decision_type=8 10 1 8 10 1 8 8 10 2 1 8 1 2 10 10 8 10 8 8 10 1 1 1 8 1 8 2 10 1
left_child=4 2 3 -2 15 -6 26 -7 -3 10 28 -11 13 -12 22 -1 17 -17 23 21 -21 -20 -10 24 -18 -25 -4 -19 -8 -13
right_child=1 8 6 -5 5 7 9 -9 14 11 12 29 -14 -15 -16 16 18 27 19 20 -22 -23 -24 25 -26 -27 -28 -29 -30 -31
leaf_value=-0.00068201249261471775 -0.050746627980911424 0.0063275607061817939 0.032270050851558978 -0.015548017366574369 0.070841352122962317 0.023497863127098173 0.0012566968618359443 0.0044186950504687223 -0.024437130752800518 0.037000892679906972 -0.028155685263977288 0.0025550095460617245 0.012546718690958671 -0.084583313866312931 -0.00012640087322843795 0.11998978727670025 -0.0042850526546533282 0.02859351056700267 0.0006590728581233852 -0.015340929377539413 0.0066018776499448158 0.020523604261414363 -0.0046570161203903608 0.018231210582313539 -0.049601477698879994 -0.016980397272189501 -0.042244100609092568 0.0036448302695558142 -0.067588949738327381 -0.016336074478422034
leaf_weight=2100452 22367 255857 16345 40251 5012 41427 33027 164264 34379 8872 9022 72930 3475 9237 1515517 1234 19418 43129 89424 63061 86781 84874 148466 19890 13731 17684 2182 27334 2335 48023
leaf_count=2100452 22367 255857 16345 40251 5012 41427 33027 164264 34379 8872 9022 72930 3475 9237 1515517 1234 19418 43129 89424 63061 86781 84874 148466 19890 13731 17684 2182 27334 2335 48023
internal_value=1.53872e-08 -0.00126355 -0.0100853 -0.0281164 0.00101092 0.00975327 -0.00458812 0.00826092 -5.34411e-05 -0.00737179 -0.0194043 -0.00208 -0.045603 -0.0566707 -0.00101473 0.00029334 0.00468437 0.020655 0.00178451 0.0043394 -0.00263275 0.0103333 -0.00837772 -0.00992513 -0.0230491 0.00165895 0.0234942 0.0189154 -0.00328834 -0.00494662
internal_weight=5e+06 2.22228e+06 268066 62618 2.77772e+06 210703 205448 205691 1.95422e+06 186921 57096 129825 21734 18259 1.69836e+06 2.56701e+06 466560 71697 394863 324140 149842 174298 182845 70723 33149 37574 18527 70463 35362 120953
internal_count=5000000 2222285 268066 62618 2777715 210703 205448 205691 1954219 186921 57096 129825 21734 18259 1698362 2567012 466560 71697 394863 324140 149842 174298 182845 70723 33149 37574 18527 70463 35362 120953
cat_boundaries=0 1 2 3 4 5 6 7 8 9
cat_threshold=5210174 1016 7688 1049536 12590735 983070 7426 16288 244
is_linear=0
shrinkage=0.1


Tree=224
num_leaves=31
num_cat=2
split_feature=80 17 76 0 75 72 89 3 31 0 49 89 2 26 44 1 73 10 0 2 23 14 0 7 24 0 0 16 83 2
split_gain=624.18 743.265 1450.63 1716.81 1406.31 1214.66 1210.41 1407.58 990.034 1392.97 1060.25 989.263 961.634 949.133 978.942 1030.13 1156.23 1254.46 919.094 871.106 1332.21 1131.75 937.752 895.344 869.918 859.622 831.119 838.146 813.144 1345.7
threshold=31.94999980926514 24.349999427795414 0 23.349999427795414 1 34.879999160766609 21.44999980926514 17.94999980926514 1.0000000180025095e-35 18.050000190734867 3.8500000238418584 20.94999980926514 19.94999980926514 1.0000000180025095e-35 1.0000000180025095e-35 21.44999980926514 138.8433532714844 23.750000000000004 21.750000000000004 13.449999809265138 13.949999809265138 23.250000000000004 14.750000000000002 16.050000190734867 1.0000000180025095e-35 18.550000190734867 18.550000190734867 30.150000572204593 23.349999427795414 19.849999427795414
decision_type=10 10 1 2 1 2 10 8 8 2 10 10 8 10 10 8 2 10 2 10 10 8 2 10 2 2 2 8 10 10
left_child=1 11 4 25 8 24 19 -8 10 -10 13 28 -13 14 15 16 -3 18 -18 21 22 -6 23 -21 -5 -4 -15 -28 29 -1
right_child=-2 2 3 5 6 -7 7 -9 9 -11 -12 12 -14 26 -16 -17 17 -19 -20 20 -22 -23 -24 -25 -26 -27 27 -29 -30 -31
leaf_value=0.00026172106296793704 0.016333715719758262 0.030007722916519992 -0.16123812747467348 -0.0040130480269943217 -0.037580084447654614 -0.01653730498638235 0.073502075938926964 -0.0010482326233775127 -0.15806454487677871 -0.012354135963671468 -0.013615325018632144 0.017884626400343304 0.0031799563880176279 -0.12296290285852746 0.036717133221281791 0.0029213173805592851 -0.016308424770915975 0.033833491073640573 0.04149270664282894 -0.19139633075105958 -0.019325715286099682 0.038399084055297156 -0.13038303380322533 0.018686456941860146 0.024565123776803921 -0.04002419422787596 -0.0022945791593680033 -0.067172379789769296 0.0088358971569601173 -0.0061742143704075882
leaf_weight=3359831 23287 34446 617 133101 3060 89697 2857 22308 675 23414 29208 49686 423904 715 11148 203559 20515 9897 3177 250 50059 5456 1910 1076 11578 11303 12544 2367 98695 359660
leaf_count=3359831 23287 34446 617 133101 3060 89697 2857 22308 675 23414 29208 49686 423904 715 11148 203559 20515 9897 3177 250 50059 5456 1910 1076 11578 11303 12544 2367 98695 359660
internal_value=2.64449e-08 -7.6402e-05 -0.0031355 -0.00927687 0.000313068 -0.00739441 -0.0110716 0.00741552 0.00312904 -0.0164371 0.00456798 0.000411809 0.00472268 0.00634798 0.0076739 0.00648178 0.0171346 0.00393299 -0.00855753 -0.0186001 -0.0233455 0.011098 -0.0855297 -0.0209219 -0.00172607 -0.0462984 -0.0176436 -0.0125934 -0.000122891 -0.000360608
internal_weight=5e+06 4.97671e+06 684937 246296 438641 234376 86976 25165 351665 24089 327576 4.29178e+06 473590 298368 282742 271594 68035 33589 23692 61811 53295 8516 3236 1326 144679 11920 15626 14911 3.81819e+06 3.71949e+06
internal_count=5000000 4976713 684937 246296 438641 234376 86976 25165 351665 24089 327576 4291776 473590 298368 282742 271594 68035 33589 23692 61811 53295 8516 3236 1326 144679 11920 15626 14911 3818186 3719491
cat_boundaries=0 1 2
cat_threshold=2046 3968
is_linear=0
shrinkage=0.1


Tree=225
num_leaves=31
num_cat=5
split_feature=72 73 76 74 76 79 3 76 74 1 84 75 40 46 18 72 73 73 72 73 81 72 74 73 74 76 72 89 73 72
split_gain=608.699 1598.28 1839.9 1576.63 3395.93 1846.64 1410.53 1378.71 2091.15 1631.43 1875.57 1616.82 1350.55 1522.99 1281.5 1215.96 1505.14 1491.78 1714.28 2246.61 2012.32 1504.93 2405.82 2538.97 2471.09 1401.67 1365.64 2176.93 1929.25 2472.66
threshold=37.670000076293952 140.37915039062503 0 322.00000000000006 1 0.84999999403953563 24.44999980926514 2 1099.0000000000002 -0.65000000596046437 1.0000000180025095e-35 3 1.0000000180025095e-35 1.0000000180025095e-35 20.150000572204593 30.90164947509766 130.53914642333987 129.87249755859378 33.418348312377937 139.74584960937503 1.0000000180025095e-35 34.090850830078132 149.50000000000003 134.58415222167972 142.50000000000003 4 36.902500152587898 6.4500000476837167 136.90335083007815 35.32085037231446
decision_type=2 2 1 2 1 10 10 1 2 8 10 1 10 10 10 2 2 2 2 2 8 2 2 2 2 1 2 8 2 2
left_child=1 7 14 6 -5 -6 -2 8 9 10 -1 12 13 -11 -3 16 -9 25 19 20 -19 22 23 24 -20 -17 27 28 29 -23
right_child=3 2 -4 4 5 -7 -8 15 -10 11 -12 -13 -14 -15 -16 17 -18 18 21 -21 -22 26 -24 -25 -26 -27 -28 -29 -30 -31
leaf_value=0.027016025030708331 0.00015518216912729636 0.035624569200986132 0.00074845501193511422 -0.03797389758624594 0.0068589143152788246 -0.02056509595545869 -0.011830955981345204 0.0033325875619265137 -0.036264047547230428 0.0037099901316028621 -0.049245492672972992 -0.0013092185849803116 0.022702826867942207 0.027636779175718319 0.0021161053053484384 -0.015196634509888469 0.032159712760956027 -0.012489866557751864 0.0050700786136000089 0.062241758669812436 0.01449749383062472 -0.014144090949769551 -0.011658123791861447 0.041381136461517483 0.080285985623401973 0.02874123417987233 0.0069736706911465926 -0.0014333399248197039 -0.024398060101973488 0.023867937354373515
leaf_weight=45840 1573446 38485 64465 36230 71041 37523 104714 99002 13124 423733 3469 456085 48924 28385 16225 9686 22168 281147 136740 4385 30641 57572 53083 26174 4512 28947 149906 1025760 84237 24351
leaf_count=45840 1573446 38485 64465 36230 71041 37523 104714 99002 13124 423733 3469 456085 48924 28385 16225 9686 22168 281147 136740 4385 30641 57572 53083 26174 4512 28947 149906 1025760 84237 24351
internal_value=2.3795e-08 0.000835804 0.0121972 -0.00145658 -0.0114685 -0.00261941 -0.00059273 0.000393014 0.00339531 0.0039125 0.0216509 0.00299866 0.0069199 0.00521217 0.0256825 -0.00110874 0.0086065 -0.00172278 -0.00212282 -0.00883801 -0.00983768 -0.000763849 0.00689221 0.0127737 0.00747269 0.0177287 -0.00202201 -0.00315338 -0.0137718 -0.0028453
internal_weight=5e+06 3.17705e+06 119175 1.82295e+06 144794 108564 1.67816e+06 3.05787e+06 1.01956e+06 1.00644e+06 49309 957127 501042 452118 54710 2.03831e+06 121170 1.91714e+06 1.87851e+06 316173 311788 1.56234e+06 220509 167426 141252 38633 1.34183e+06 1.19192e+06 166160 81923
internal_count=5000000 3177046 119175 1822954 144794 108564 1678160 3057871 1019560 1006436 49309 957127 501042 452118 54710 2038311 121170 1917141 1878508 316173 311788 1562335 220509 167426 141252 38633 1341826 1191920 166160 81923
cat_boundaries=0 1 2 3 4 5
cat_threshold=983294 4032 8160 1400 30
is_linear=0
shrinkage=0.1


Tree=226
num_leaves=31
num_cat=8
split_feature=16 86 80 76 2 83 86 80 17 33 76 1 80 76 1 17 8 75 76 75 76 0 6 10 76 10 86 17 9 0
split_gain=626.982 1311.39 1608.07 1303.66 1280.16 2187.73 1876.48 1637.1 1509.55 1348.51 1486.97 1344.75 1284.29 1596.14 1273.65 1267.14 2476.15 2187.55 2162.1 1607.62 1531.98 2022.4 1480.71 1445.5 3651.28 1507.96 1301.41 1445.92 1611.6 1405.75
threshold=-1.9499999880790708 2.8500000238418584 5.8500001430511483 0 4.6499998569488534 5.6499998569488534 4.4500000476837167 6.0499999523162851 6.6499998569488534 1.0000000180025095e-35 1 2.0499999523162846 8.0500001907348651 2 0.25000000745058065 9.6500000953674334 3.6499999761581425 3 4 5 6 15.150000095367433 18.050000190734867 9.4499998092651385 7 6.4500000476837167 8.2500000000000018 5.4500000476837167 6.6499998569488534 6.4500000476837167
decision_type=10 8 10 1 8 10 10 10 10 10 1 10 8 1 8 8 8 1 1 1 1 2 10 8 1 10 8 10 8 2
left_child=-1 2 3 -2 5 6 7 8 -3 -10 -11 -7 13 -6 -8 16 19 18 -18 -14 -19 22 -22 24 25 -17 -20 29 -29 -28
right_child=1 4 -4 -5 12 11 14 -9 9 10 -12 -13 15 -15 -16 23 17 20 26 -21 21 -23 -24 -25 -26 -27 27 28 -30 -31
leaf_value=0.0040750904887704954 -0.027191410743639646 0.0023670349817649225 0.036456384559404434 -0.0050029363959324044 -0.035331427245217949 0.069519194750009672 0.068899583591894381 0.037902552439590266 -0.0099646171366443298 -0.101695061909745 0.0041948764083004336 0.018824897961054417 -0.024612280976293796 -0.0048696188890181118 0.013932634169141398 -0.064946322953437038 -0.00254052460896213 -0.011157320933655119 0.0037532647712342354 0.00033291141161587048 0.0069945356151259325 0.038851134990261542 -0.025646123406838223 -0.00015849008449845653 0.0016615276765196254 -0.02247666425941321 0.0015785067990510826 -0.0051980599369399307 0.023345330245817513 0.044813290910717569
leaf_weight=351050 28431 227472 8889 384300 18385 5904 4498 10721 77329 3424 2168 46020 41249 265288 67115 10103 63464 78604 45689 69117 81886 16946 16739 2769878 99662 48474 9204 26207 80671 41113
leaf_count=351050 28431 227472 8889 384300 18385 5904 4498 10721 77329 3424 2168 46020 41249 265288 67115 10103 63464 78604 45689 69117 81886 16946 16739 2769878 99662 48474 9204 26207 80671 41113
internal_value=1.64176e-08 -0.000307699 -0.00562584 -0.00653217 0.000222715 0.00529834 0.00274783 -0.000516486 -0.00184348 -0.0133939 -0.0608162 0.0245891 -0.00037392 -0.00684528 0.0173851 0.000150729 0.00446055 0.00768462 0.0135691 -0.00899249 -0.000387704 0.00693743 0.00145464 -0.000689548 -0.00998539 -0.0297965 0.0186082 0.022927 0.0163464 0.0369048
internal_weight=5e+06 4.64895e+06 421620 412731 4.22733e+06 444651 392727 321114 310393 82921 5592 51924 3.78268e+06 283673 71613 3.49901e+06 570889 460523 266348 110366 194175 115571 98625 2.92812e+06 158239 58577 202884 157195 106878 50317
internal_count=5000000 4648950 421620 412731 4227330 444651 392727 321114 310393 82921 5592 51924 3782679 283673 71613 3499006 570889 460523 266348 110366 194175 115571 98625 2928117 158239 58577 202884 157195 106878 50317
cat_boundaries=0 1 2 3 4 5 6 7 8
cat_threshold=1536 2040 1792 7238 7695 5122 983041 516156
is_linear=0
shrinkage=0.1


Tree=227
num_leaves=31
num_cat=8
split_feature=77 18 12 76 25 80 3 0 23 86 0 25 19 81 74 76 75 76 1 76 75 17 0 5 73 75 76 48 51 51
split_gain=614.487 771.465 834.775 1089.57 843.264 844.865 976.519 1084.84 938.814 891.184 788.303 1327.43 734.156 684.049 671.259 826.998 712.161 3027.61 2359.22 2002.97 2808.24 2169.3 2274.19 1570.97 1394.18 1390.81 1864.16 1380.35 2105.92 1533.55
threshold=30.050000190734867 26.750000000000004 28.650000572204593 0 1.7500000000000002 23.050000190734867 22.650000572204593 22.94999980926514 26.650000572204593 27.150000572204593 23.150000572204593 1.0000000180025095e-35 29.250000000000004 1.0000000180025095e-35 7.5000000000000009 1 2 3 1.4499999880790713 4 5 11.250000000000002 5.4500000476837167 3.6499999761581425 145.15920257568362 6 7 2.8500000238418584 3.1499999761581425 1.5500000119209292
decision_type=10 10 8 1 10 8 8 2 8 8 2 8 10 10 2 1 1 1 8 1 1 8 2 8 2 1 1 8 10 8
left_child=1 12 3 -3 5 8 7 -7 -5 -8 11 13 14 -4 15 -1 17 -16 -19 20 -18 25 -23 -24 -20 26 -21 28 -22 -29
right_child=-2 2 10 4 -6 6 9 -9 -10 -11 -12 -13 -14 -15 16 -17 19 18 24 21 27 22 23 -25 -26 -27 -28 29 -30 -31
leaf_value=-0.001000751374130404 0.0095011575515919402 -0.032053912540470943 0.03186989838161975 -0.016860352846417886 0.025251665102722892 -0.009211339819423103 -0.022782171355347103 0.021204789588361483 -0.074134172826163233 -0.0042437852402001991 -0.00088318739782890362 -0.13522906117701519 0.079959330291120109 -0.15668529876054099 -0.0053961869757728764 0.0062082200856330141 0.006080661065483964 0.11923037853943411 0.0054094338599604422 0.015550578985256825 -0.0030929439820859914 -0.050553730584898496 0.034513585738411519 -0.0087306050621310544 -0.050259216826578905 -0.0032373986719814725 -0.0024814213697605149 -0.02432666079257266 -0.022058348576141296 0.0075609192409110213
leaf_weight=275692 67156 17492 14443 25302 8246 21338 35491 26032 3227 96271 86492 507 1154 195 393814 376378 681929 1815 777269 106122 454367 12876 8548 487312 4525 644056 124687 16615 67209 163440
leaf_count=275692 67156 17492 14443 25302 8246 21338 35491 26032 3227 96271 86492 507 1154 195 393814 376378 681929 1815 777269 106122 454367 12876 8548 487312 4525 644056 124687 16615 67209 163440
internal_value=-2.64706e-08 -0.000129376 -0.00476213 -0.00805607 -0.00611008 -0.00735572 -0.00481022 0.00750373 -0.0233388 -0.00923723 0.00280207 0.0238483 0.000208206 0.0293581 0.000188185 0.00316038 -0.000303143 0.00175672 0.00535154 -0.00117961 0.00151084 -0.00386998 -0.00906253 -0.00798513 0.00508723 -0.000850543 0.0058097 -0.00293068 -0.00553678 0.00461842
internal_weight=5e+06 4.93284e+06 335036 233399 215907 207661 179132 47370 28529 131762 101637 15145 4.59781e+06 14638 4.59665e+06 652070 3.94458e+06 1.17742e+06 783609 2.76716e+06 1.38356e+06 1.3836e+06 508736 495860 781794 874865 230809 701631 521576 180055
internal_count=5000000 4932844 335036 233399 215907 207661 179132 47370 28529 131762 101637 15145 4597808 14638 4596654 652070 3944584 1177423 783609 2767161 1383560 1383601 508736 495860 781794 874865 230809 701631 521576 180055
cat_boundaries=0 1 2 3 4 5 6 7 8
cat_threshold=15728671 15732483 480 8323072 16646640 7680 24 15372
is_linear=0
shrinkage=0.1


Tree=228
num_leaves=31
num_cat=7
split_feature=17 0 26 89 83 1 76 37 0 48 76 90 77 72 75 17 76 72 86 73 75 86 2 51 76 76 86 72 18 2
split_gain=612.889 1281.36 2537.93 2195.54 1574.8 1527.52 1445.62 1351.51 1166.18 1527.3 1255.22 1134.65 1027.6 992.322 1033.31 991.616 1296.53 1043.95 977.026 888.382 886.939 850.278 1655.9 2382.09 1629.53 1548.53 1370.52 1278.84 1201.02 1147.19
threshold=1.0500000119209292 -0.45000000298023218 1.0000000180025095e-35 0.84999999403953563 0.84999999403953563 -0.65000000596046437 0 1.0000000180025095e-35 8.4499998092651385 3.8500000238418584 1 1.0000000180025095e-35 0.65000000596046459 41.162500381469734 2 4.4500000476837167 3 34.779199600219734 -2.5499999523162837 145.49250030517581 4 14.650000095367433 12.449999809265138 1.6500000357627871 5 6 10.650000095367433 33.670799255371101 18.150000572204593 16.349999427795414
decision_type=8 2 10 10 10 8 1 8 2 8 1 10 10 2 1 8 1 2 8 2 1 8 10 8 1 1 10 2 8 10
left_child=8 2 3 4 7 -3 -4 11 19 10 -10 12 13 15 -15 -2 17 -17 -7 -1 -18 22 23 24 27 -24 -27 -20 29 -28
right_child=1 5 6 -5 -6 18 -8 -9 9 -11 -12 -13 -14 14 -16 16 20 -19 21 -21 -22 -23 25 -25 -26 26 28 -29 -30 -31
leaf_value=0.0017457150777843138 0.0070740105075485539 0.031634377331598407 -0.10931189263335622 0.03074581072679582 0.031286777021560672 0.038537443074831548 -0.015223359662714042 -0.060381277831921001 0.00051768925304470704 0.07450502225158559 0.060914075663336502 -0.07414988679885029 0.037218668902224021 0.013384973539990989 -0.039562126109215841 0.039567520213877605 -0.085306592662017969 -0.016805287651959506 0.0087990458297893277 0.06993804607697858 -0.020868667162211252 0.00058802824894672097 0.0024576018319682844 0.0043508341505914244 -0.0013199193514049114 -0.033069420923045947 -0.0029743599174505862 -0.017337504573366525 -0.036692759310920052 -0.025086279182033551
leaf_weight=655833 29716 15071 3919 13602 7780 6481 2817 6269 17913 4770 4250 2876 4323 4526 19839 4159 4073 15633 21618 1916 4526 2970000 76998 477988 293264 32446 112299 139676 15759 29660
leaf_count=655833 29716 15071 3919 13602 7780 6481 2817 6269 17913 4770 4250 2876 4323 4526 19839 4159 4073 15633 21618 1916 4526 2970000 76998 477988 293264 32446 112299 139676 15759 29660
internal_value=-2.70833e-08 -0.000441033 -0.0104569 -0.00702971 -0.0119836 -0.000144571 -0.0701489 -0.0154925 0.00277948 0.0231746 0.0121271 -0.0123543 -0.0103067 -0.0127979 -0.0297375 -0.00569487 -0.0190597 -0.00495686 -0.000259254 0.00194436 -0.051454 -0.000319556 -0.00256637 -0.000577845 -0.00576057 -0.00950746 -0.0143515 -0.0138336 -0.0105018 -0.00759428
internal_weight=5e+06 4.31532e+06 124058 117322 103720 4.19126e+06 6736 95940 684682 26933 22163 89671 86795 82472 24365 58107 28391 19792 4.17619e+06 657749 8599 4.16971e+06 1.19971e+06 932546 454558 267162 190164 161294 157718 141959
internal_count=5000000 4315318 124058 117322 103720 4191260 6736 95940 684682 26933 22163 89671 86795 82472 24365 58107 28391 19792 4176189 657749 8599 4169708 1199708 932546 454558 267162 190164 161294 157718 141959
cat_boundaries=0 1 2 3 4 5 6 7
cat_threshold=2040 1046528 1072 259040 6146 4032 24700
is_linear=0
shrinkage=0.1


Tree=229
num_leaves=31
num_cat=7
split_feature=91 76 49 76 82 76 85 83 1 17 52 48 56 76 48 76 75 72 48 60 53 75 89 2 77 89 2 74 73 72
split_gain=589.26 1353.82 948.213 813.88 781.589 933.493 819.833 1027.18 2345.97 1609.84 1340.23 2358.84 1380.61 1125.21 967.528 1302.54 1553.64 1258.11 1106.47 1053.77 964.716 934.488 909.172 1772.46 1063.07 1001.79 1397.75 951.981 1154.37 1170.1
threshold=0.65000000596046459 0 1.3499999642372134 1 0.84999999403953563 2 0.65000000596046459 17.750000000000004 17.750000000000004 22.250000000000004 1.6500000357627871 2.0499999523162846 1.4499999880790713 3 2.2500000000000004 4 5 44.025800704956062 5.4500000476837167 7.4500000476837167 3.2500000000000004 6 24.750000000000004 22.550000190734867 -8.9499998092651349 19.150000572204593 17.550000190734867 34.500000000000007 131.31250000000003 33.87249946594239
decision_type=8 1 8 1 8 1 8 8 10 10 8 10 8 1 8 1 1 2 10 10 10 1 8 10 8 10 8 2 2 2
left_child=1 -1 -3 -4 5 -2 -6 8 9 10 11 13 -12 -8 20 17 -17 19 -18 -16 -14 -13 23 25 -24 27 -27 -9 -29 -30
right_child=4 2 3 -5 6 -7 7 22 -10 -11 12 21 14 -15 15 16 18 -19 -20 -21 -22 -23 24 -25 -26 26 -28 28 29 -31
leaf_value=0.021367894651027269 0.010115361619065004 -0.0013402674345456495 -3.3147133369571436e-05 0.012341589447713045 0.0034744630928937093 0.00073356262873599956 -0.0097131211020873298 0.0027381260388452885 -0.024064649447694996 -0.030410113155579385 -0.0082698109598577495 -0.029773758515720783 0.0015982619271650946 0.0022883833395992608 0.0055664123699449668 0.0098299221672052822 -0.0018175306363337126 0.031293311260859692 -0.023082676417960378 0.033269625667604712 -0.013500590797422616 -0.011920444779761683 -0.055737952827145811 -0.011445388261292136 0.0021951659775492536 0.025183588440131056 0.0022493208261203687 0.012299849471947143 -0.035282322302123269 -0.005872409286150574
leaf_weight=37183 140343 375406 93906 122460 379973 434051 121782 225384 53838 20689 149983 43233 125538 217852 179181 82135 82913 25555 34712 14870 63834 91225 3177 171187 1050770 30142 224506 33863 14062 356247
leaf_count=37183 140343 375406 93906 122460 379973 434051 121782 225384 53838 20689 149983 43233 125538 217852 179181 82135 82913 25555 34712 14870 63834 91225 3177 171187 1050770 30142 224506 33863 14062 356247
internal_value=-6.32422e-08 0.00286182 0.00169863 0.00697134 -0.000411862 0.00302603 -0.00093198 -0.00142203 -0.00362444 -0.00274653 -0.00228229 -0.00645338 0.000324054 -0.00201519 0.00244144 0.00512047 -0.000723151 0.0104356 -0.00809234 0.00768929 -0.0034913 -0.017664 -5.69968e-05 -0.00213168 0.00202053 -0.000328498 0.00496399 -0.00246925 -0.0053731 -0.00698921
internal_weight=5e+06 628955 591772 216366 4.37104e+06 574394 3.79665e+06 3.41668e+06 1.30734e+06 1.2535e+06 1.23281e+06 474092 758721 339634 608738 419366 199760 219606 117625 194051 189372 134458 2.10934e+06 1.05539e+06 1.05395e+06 884204 254648 629556 404172 370309
internal_count=5000000 628955 591772 216366 4371045 574394 3796651 3416678 1307340 1253502 1232813 474092 758721 339634 608738 419366 199760 219606 117625 194051 189372 134458 2109338 1055391 1053947 884204 254648 629556 404172 370309
cat_boundaries=0 1 2 3 4 5 6 7
cat_threshold=126976 16516097 127424 128896 2095168 1720 7168
is_linear=0
shrinkage=0.1


Tree=230
num_leaves=31
num_cat=7
split_feature=17 0 1 32 84 14 23 75 27 76 80 37 76 72 0 72 0 76 18 23 17 10 17 76 24 10 75 48 17 76
split_gain=637.96 1636.4 3174.19 2857.21 2350 2282.69 1705.27 1412.12 1392.87 1346.98 1346.67 1098.6 1061.92 1459.24 1374.91 1153.88 1042.74 1028.02 1024.81 1024.24 963.969 955.334 1037.93 1075.25 919.102 897.764 1303.57 882.05 866.805 939.719
threshold=19.44999980926514 14.250000000000002 14.050000190734865 1.0000000180025095e-35 1.0000000180025095e-35 20.250000000000004 12.650000095367433 0 1.0000000180025095e-35 1 19.849999427795414 1.0000000180025095e-35 2 36.241651535034187 29.150000572204593 43.063348770141609 10.650000095367433 3 28.349999427795414 16.750000000000004 22.849999427795414 25.94999980926514 27.550000190734867 4 1.0000000180025095e-35 17.650000572204593 5 3.3500000238418584 28.94999980926514 6
decision_type=10 2 8 10 10 8 10 1 8 1 10 8 1 2 2 2 2 1 10 10 10 8 8 1 2 8 1 10 10 1
left_child=10 3 -3 4 5 7 -4 11 9 24 -1 -2 14 27 15 21 -6 -12 -16 -11 -9 22 -8 -24 -7 -19 -27 -14 29 -23
right_child=1 2 6 -5 16 8 12 20 -10 19 17 -13 13 -15 18 -17 -18 25 -20 -21 -22 28 23 -25 -26 26 -28 -29 -30 -31
leaf_value=0.00028992590559470324 -0.004800524319262145 0.047070892359893569 -0.040467419115891162 -0.099622712034602129 -0.20665142761957644 0.014086664650240152 -0.00096315830178229445 -0.045835958564847963 -0.15486999362992432 -0.0083374848109102773 0.056953986689840475 -0.14855019175392589 -0.0038586786899312666 -0.011572732543095675 0.054457406808400714 0.01523475340042941 -0.065316047922415785 0.0020570626269556468 0.012053878138718117 -0.096798372608255995 -0.14038012333388072 0.025116597240374513 -0.0091464564893595415 -0.04577385476384082 -0.19866914962436641 0.0328466257065596 0.005615332490133503 0.0062045356880767108 -0.0025707284783660759 0.0052966875502134282
leaf_weight=3251574 15141 13670 11055 3819 634 43552 450440 11791 537 3916 4367 551 304014 186955 6848 48907 2955 106970 33985 1966 1187 32100 76126 8951 204 29124 44360 122075 88342 93884
leaf_count=3251574 15141 13670 11055 3819 634 43552 450440 11791 537 3916 4367 551 304014 186955 6848 48907 2955 106970 33985 1966 1187 32100 76126 8951 204 29124 44360 122075 88342 93884
internal_value=-5.58698e-08 -0.00167461 -0.000892937 -0.0150632 -0.0111458 -0.00754348 -0.00134089 -0.030053 0.00531846 0.00705143 0.000761889 -0.0098418 -0.00104313 -0.00420722 0.00126726 0.000352306 -0.0902831 0.00906519 0.0191653 -0.0378403 -0.0544413 -0.000618371 -0.00287647 -0.0130065 0.0130918 0.00790268 0.0164132 -0.000975556 0.00502374 0.0103491
internal_weight=5e+06 1.5636e+06 1.47735e+06 86253 82434 78845 1.46368e+06 28670 50175 49638 3.4364e+06 15692 1.45263e+06 613044 839583 798750 3589 184821 40833 5882 12978 749843 535517 85077 43756 180454 73484 426089 214326 125984
internal_count=5000000 1563605 1477352 86253 82434 78845 1463682 28670 50175 49638 3436395 15692 1452627 613044 839583 798750 3589 184821 40833 5882 12978 749843 535517 85077 43756 180454 73484 426089 214326 125984
cat_boundaries=0 1 2 3 4 5 6 7
cat_threshold=3848 248 4095 1012 2016 3840 248
is_linear=0
shrinkage=0.1


Tree=231
num_leaves=31
num_cat=6
split_feature=17 13 76 13 80 75 3 50 80 83 18 9 75 11 89 9 76 73 5 18 3 0 10 75 76 1 72 86 6 0
split_gain=591.439 1771.28 3744.21 2038.85 1435.21 1116.46 1146.21 1762.4 1655.83 1543.12 1177.15 1494.29 1711.69 1196.19 1122.8 1104.75 1085.98 1081.71 1083.44 1063.34 1055.11 1047.08 1004.09 1064.99 987.266 1317.01 1013.98 930.689 1395.22 1993.35
threshold=13.550000190734865 13.550000190734865 0 11.250000000000002 15.650000095367433 1 18.550000190734867 1.2500000000000002 20.650000572204593 20.050000190734867 21.150000572204593 16.349999427795414 2 21.250000000000004 20.150000572204593 11.650000095367433 3 144.04920196533206 5.6499998569488534 17.050000190734867 23.349999427795414 23.050000190734867 11.449999809265138 4 5 5.6499998569488534 34.090850830078132 13.250000000000002 15.34999990463257 15.250000000000002
decision_type=8 8 1 10 10 1 8 10 8 10 10 8 1 8 8 10 1 2 10 10 8 2 8 1 1 8 2 10 10 2
left_child=4 2 3 -2 27 24 7 9 20 -7 11 -10 -13 -12 -14 -5 -6 18 -4 -16 -8 -20 -18 -24 -3 -26 -27 28 -1 -30
right_child=1 5 17 15 16 6 8 -9 10 -11 13 12 14 -15 19 -17 22 -19 21 -21 -22 -23 23 -25 25 26 -28 -29 29 -31
leaf_value=0.00063393510406187183 -0.072306734211678894 -0.01147803390842644 0.019712103147168109 -0.043070431530778171 0.044181665120466618 -0.0031883959976400662 -0.0073098975276380262 0.010296531935210143 -0.011996213472516712 0.022721613371653876 -0.010144696536618253 -0.001774994917590728 -0.0028220728191912653 1.4422579569821351e-05 0.042513750891400921 -0.011342453698599432 0.00055801456089878945 -0.050055667440771334 -0.0066561128752919852 0.014808253909587369 -0.033557542424380443 0.028773119353697071 0.0040607401212262749 0.033167729523681688 0.040607149552904814 0.0045992936248724914 -0.012668050956831607 0.0076812318385593775 -0.015851662391519156 0.016683381484690025
leaf_weight=2022743 10152 156608 23498 17281 9447 266710 172516 266139 42693 25154 134664 110595 32539 831833 15456 30071 63609 4429 105624 133561 16807 9057 23797 26663 7541 85365 56527 169765 106269 22887
leaf_count=2022743 10152 156608 23498 17281 9447 266710 172516 266139 42693 25154 134664 110595 32539 831833 15456 30071 63609 4429 105624 133561 16807 9057 23797 26663 7541 85365 56527 169765 106269 22887
internal_value=-3.61019e-08 -0.00106404 -0.0100963 -0.0316347 0.00111168 -0.000296452 0.000545161 0.00441121 -0.000902022 -0.000955368 0.000369207 0.00547895 0.00803265 -0.00140107 0.0140063 -0.0229215 0.0116153 -0.001409 0.000150152 0.0176819 -0.00964001 -0.00385807 0.00891357 0.0194482 -0.00593011 -0.000115427 -0.00227968 0.000552873 -9.48928e-06 -0.0100863
internal_weight=5e+06 2.55482e+06 200112 57504 2.44518e+06 2.35471e+06 2.04867e+06 558003 1.49066e+06 291864 1.30134e+06 334844 292151 966497 181556 47352 123516 142608 138179 149017 189323 114681 114069 50460 306041 149433 141892 2.32166e+06 2.1519e+06 129156
internal_count=5000000 2554820 200112 57504 2445180 2354708 2048667 558003 1490664 291864 1301341 334844 292151 966497 181556 47352 123516 142608 138179 149017 189323 114681 114069 50460 306041 149433 141892 2321664 2151899 129156
cat_boundaries=0 1 2 3 4 5 6
cat_threshold=1015934 6174 96 2099194 480 32542
is_linear=0
shrinkage=0.1


Tree=232
num_leaves=31
num_cat=6
split_feature=72 11 76 3 72 72 73 76 89 74 0 83 14 73 76 73 17 75 72 72 89 75 80 75 3 0 89 1 18 0
split_gain=569.211 980.006 1729.45 1238.38 939.224 1134.86 975.644 2777.42 1310.3 1031.88 918.35 897.095 1346.01 1379.34 1876.23 1085.97 962.384 995.922 952.743 1255.4 886.684 875.183 1206.52 828.125 1322.01 1256.44 864.307 2419.78 1190.62 1386.29
threshold=41.927499771118171 19.250000000000004 0 20.349999427795414 43.024999618530281 43.106649398803718 141.5683517456055 1 14.34999990463257 13.500000000000002 27.250000000000004 -7.8500001430511466 -7.5499999523162833 143.1683044433594 2 144.46170043945315 -4.8500001430511466 3 43.490848541259773 43.44585037231446 -13.15000009536743 4 -4.9500000476837149 5 12.449999809265138 14.250000000000002 4.2500000000000009 2.2500000000000004 7.0499999523162851 4.2500000000000009
decision_type=2 10 1 10 2 2 2 1 8 2 2 8 8 2 1 2 8 1 2 2 10 1 8 1 10 2 10 8 8 2
left_child=-1 3 -3 4 -2 -6 7 9 -9 -7 -5 15 13 21 -15 16 -8 -18 19 -16 -21 -13 -23 -14 25 26 28 -28 -25 -30
right_child=1 2 -4 10 5 6 11 8 -10 -11 -12 12 23 14 18 -17 17 -19 -20 20 -22 22 -24 24 -26 -27 27 -29 29 -31
leaf_value=0.00051675359965322454 -0.0077798886283306935 0.017069354369531293 -0.0052629369894421707 -0.024077158834707606 0.017927022850174015 0.013993262661139025 -0.016699784048905663 0.043734541487280759 0.0028480611552232902 -0.027524215197107883 0.027085883219099278 -0.026122201829409188 0.0047515961824566317 0.087703482942103395 -0.028071341928796647 0.020960028643694104 0.021490100349102287 -0.079427438387215832 0.0070957945365377854 -0.42211017269375067 -0.11906705618663026 0.018872207521099239 0.073919761676455351 -0.0048455231820715159 -0.026378798267280873 0.047425145114337486 0.10968841072877772 0.0017964918216084886 -0.051203818339372278 -0.0065711315002056417
leaf_weight=4049953 239478 67279 71545 40952 32322 8991 18512 22169 12125 17914 3837 2005 89816 1958 5775 5425 1195 5392 7876 112 700 8749 7307 159867 29313 4675 2161 54601 12940 15056
leaf_count=4049953 239478 67279 71545 40952 32322 8991 18512 22169 12125 17914 3837 2005 89816 1958 5775 5425 1195 5392 7876 112 700 8749 7307 159867 29313 4675 2161 54601 12940 15056
internal_value=-1.88598e-08 -0.00220297 0.00556093 -0.0035316 -0.00258709 -0.000227193 -0.00141349 0.0104059 0.0292702 -0.013645 -0.0196941 -0.00308232 -0.00183012 0.0170628 -0.00391257 -0.0196111 -0.0283803 -0.0612071 -0.0163649 -0.0444414 -0.160866 0.0361336 0.0438967 -0.00359835 -0.00629005 -0.00392825 -0.00490966 0.00590407 -0.00817698 -0.0272008
internal_weight=5e+06 950047 138824 811223 766434 526956 494634 61199 34294 26905 44789 433435 402911 34482 16421 30524 25099 6587 14463 6587 812 18061 16056 368429 278613 249300 244625 56762 187863 27996
internal_count=5000000 950047 138824 811223 766434 526956 494634 61199 34294 26905 44789 433435 402911 34482 16421 30524 25099 6587 14463 6587 812 18061 16056 368429 278613 249300 244625 56762 187863 27996
cat_boundaries=0 1 2 3 4 5 6
cat_threshold=767 4092 2016 24 24 960
is_linear=0
shrinkage=0.1


Tree=233
num_leaves=31
num_cat=5
split_feature=17 13 76 0 76 1 2 83 1 8 76 48 73 6 77 2 0 89 76 17 8 77 2 83 1 18 76 0 1 80
split_gain=591.113 1768.56 1682.3 1621.93 1816.49 1307.66 1298.37 1170.88 1327.01 1788.57 1188.63 1138.18 1046.32 1099.67 907.348 1386.71 2444.88 1852.97 1628.9 1151.19 1595.59 1092.68 1598.89 2032.34 1816.46 1552.5 2776.77 1534.92 1505.46 1407.55
threshold=15.650000095367433 15.84999990463257 0 20.94999980926514 1 11.449999809265138 22.849999427795414 14.949999809265138 14.550000190734865 12.449999809265138 2 4.5499999523162851 144.04920196533206 8.6500000953674334 18.349999427795414 14.449999809265138 13.550000190734865 11.050000190734865 3 7.4500000476837167 10.050000190734865 11.050000190734865 9.4499998092651385 7.2500000000000009 4.4500000476837167 12.84999990463257 4 8.6500000953674334 9.0500001907348651 7.6499998569488534
decision_type=10 8 1 2 1 10 10 10 8 10 1 10 2 10 10 10 2 10 1 8 8 10 10 10 8 10 1 2 8 10
left_child=3 2 5 6 11 -2 7 14 -9 10 -10 -5 13 -4 15 17 -17 21 -19 -18 -21 22 23 25 -25 29 -27 -24 -23 -1
right_child=1 -3 12 4 -6 -7 -8 8 9 -11 -12 -13 -14 -15 -16 16 19 18 -20 20 -22 28 27 24 -26 26 -28 -29 -30 -31
leaf_value=-0.0009175176961759851 -0.063537960447300937 -0.00027103626068516806 0.010288714485898435 -0.00021069719991421827 0.041335311857324752 -0.016974065943888162 -0.03774233204327563 0.024915318655051123 0.050775325553815011 0.011018719419141629 -0.012287567877977572 0.050559285149202854 -0.047610519346156274 -0.0088906268218586996 0.020225501094911412 -0.030017172267653311 0.019094785052298193 0.021565935406138766 0.0031590005322589855 -0.035752095537280482 -0.0020117757451744394 0.049963360231289403 -0.024541950122637254 0.04668472158896439 0.0076491646694997742 -0.025997487486775984 0.058276874173953247 -0.0045053867982074473 0.0062295685486841558 0.015096839263297565
leaf_weight=1418933 9294 1993796 37062 40301 20326 17179 8805 36856 3130 129837 62248 4959 5994 154585 22165 40475 21364 73235 139946 15805 123820 8723 47020 12876 160693 44012 4282 204590 80597 57092
leaf_count=1418933 9294 1993796 37062 40301 20326 17179 8805 36856 3130 129837 62248 4959 5994 154585 22165 40475 21364 73235 139946 15805 123820 8723 47020 12876 160693 44012 4282 204590 80597 57092
internal_value=-1.29355e-08 -0.00121778 -0.00964033 0.000970803 0.01651 -0.0333089 0.000595631 0.0007203 0.00751215 0.00422648 -0.00926252 0.00535083 -0.00646804 -0.0051816 8.36163e-05 -9.83489e-05 -0.00804692 0.000612731 0.00948358 -0.00252327 -0.00583105 -0.000314814 -0.000810344 0.000292101 0.010545 -0.000875358 -0.0185186 -0.00824975 0.0105006 -0.000298089
internal_weight=5e+06 2.21791e+06 224114 2.78209e+06 65586 26473 2.7165e+06 2.7077e+06 232071 195215 65378 45260 197641 191647 2.47563e+06 2.45346e+06 201464 2.252e+06 213181 160989 139625 2.03882e+06 1.9495e+06 1.69789e+06 173569 1.52432e+06 48294 251610 89320 1.47602e+06
internal_count=5000000 2217910 224114 2782090 65586 26473 2716504 2707699 232071 195215 65378 45260 197641 191647 2475628 2453463 201464 2251999 213181 160989 139625 2038818 1949498 1697888 173569 1524319 48294 251610 89320 1476025
cat_boundaries=0 1 2 3 4 5
cat_threshold=4849726 507904 4196336 4129272 2047
is_linear=0
shrinkage=0.1


Tree=234
num_leaves=31
num_cat=6
split_feature=74 73 76 73 73 76 72 82 79 48 74 73 74 48 17 86 14 0 2 76 9 76 76 2 0 15 44 75 73 25
split_gain=582.649 794.903 2887.49 1485.63 1145.08 1651.02 1617.08 1203.61 1006.5 884.807 1521.39 869.463 824.47 781.224 710.485 1082.81 882.172 1335.44 1929.85 841.343 1255.22 733.203 721.358 718.052 881.015 814.54 706.945 703.943 748.075 688.246
threshold=542.00000000000011 138.79664611816409 0 137.88999938964847 138.22084808349612 1 36.775800704956062 3.6499999761581425 1.0500000119209292 0.65000000596046459 935.00000000000011 138.34999847412112 577.00000000000011 0.55000001192092907 25.650000572204593 25.349999427795414 26.050000190734867 19.050000190734867 17.94999980926514 2 25.250000000000004 3 4 14.050000190734865 14.750000000000002 22.650000572204593 3.2500000000000004 5 137.36500549316409 0.75000000000000011
decision_type=2 2 1 2 2 1 2 10 8 10 2 2 2 10 10 10 8 2 8 1 8 1 1 10 2 8 10 1 2 10
left_child=14 3 12 8 5 6 -5 -8 -2 -10 -11 -6 -3 -14 15 26 17 23 -19 -18 22 -17 -21 24 25 -16 -1 28 -25 -20
right_child=1 2 -4 4 11 -7 7 -9 9 10 -12 -13 13 -15 16 21 19 18 29 20 -22 -23 -24 27 -26 -27 -28 -29 -30 -31
leaf_value=0.00054150376711594296 0.0078815698457544419 0.015977409148246937 0.00049899539623561476 0.081309225860994969 -0.018034392772602031 0.010442322817560096 -0.087159516825693784 0.12791241233676881 -0.00053698361134208751 -0.013009339630989129 -0.053001043019476182 0.0065053238940867564 -0.014650872615430447 -0.051751211168039726 -0.24950458222830735 0.0025464035862425159 0.004805531604853322 0.05488091400874974 -0.011004697475417345 -0.014775517437517991 -0.0016480851128321549 0.015785720399949042 -0.050715138860206316 -0.0015376533138080745 0.054468692846518875 -0.025113585482051049 -0.010284649744561765 -0.10021011265707483 -0.064115941880130006 0.018974151032952163
leaf_weight=3953904 26387 2719 63018 6771 19924 31339 1088 342 29339 41850 12311 52438 7801 20833 176 92233 159280 4900 118932 21205 165748 76558 7587 3255 1601 2001 61251 2400 4624 8185
leaf_count=3953904 26387 2719 63018 6771 19924 31339 1088 342 29339 41850 12311 52438 7801 20833 176 92233 159280 4900 118932 21205 165748 76558 7587 3255 1601 2001 61251 2400 4624 8185
internal_value=1.57296e-08 -0.00415494 -0.0118419 -0.000884145 0.0072262 0.0209109 0.0608283 -0.0357227 -0.00914321 -0.0145232 -0.0220996 -0.00025139 -0.0366349 -0.0416437 0.000280476 0.000706194 -0.00328264 -0.0098206 -0.00670058 -0.000583458 -0.00499569 0.0085524 -0.0242687 -0.0391224 -0.00184243 -0.0432545 0.000376351 -0.0528245 -0.0382149 -0.00907437
internal_weight=5e+06 316160 94371 221789 111902 39540 8201 1430 109887 83500 54161 72362 31353 28634 4.68384e+06 4.18395e+06 499894 146074 132017 353820 194540 168791 28792 14057 3778 2177 4.01516e+06 10279 7879 127117
internal_count=5000000 316160 94371 221789 111902 39540 8201 1430 109887 83500 54161 72362 31353 28634 4683840 4183946 499894 146074 132017 353820 194540 168791 28792 14057 3778 2177 4015155 10279 7879 127117
cat_boundaries=0 1 2 3 4 5 6
cat_threshold=8160 3968 788448 1032208 63504 1984
is_linear=0
shrinkage=0.1


Tree=235
num_leaves=31
num_cat=6
split_feature=18 80 48 80 23 82 56 76 75 72 82 48 76 48 74 73 72 73 74 76 75 74 73 18 85 49 75 48 74 17
split_gain=589.016 699.264 607.641 605.621 809.221 799.662 1384.11 1248.35 1826.26 1287.73 1137.93 1068.94 1051.51 943.448 1088 882.579 862.917 1118.5 1008.28 854.595 1899.81 2994.28 3052.78 1803.57 1479.88 1690.03 1392.22 1320.58 1302.08 1283.14
threshold=30.349999427795414 27.250000000000004 1.4499999880790713 26.250000000000004 25.94999980926514 2.5499999523162846 1.4499999880790713 0 1 43.847499847412116 6.3500001430511483 5.9500000476837167 2 1.2500000000000002 22.500000000000004 142.9716491699219 36.851650238037116 140.55999755859378 168.00000000000003 3 4 18.500000000000004 142.16085052490237 3.6499999761581425 5.5499999523162851 1.2500000000000002 5 2.4500000476837163 9.5000000000000018 5.0499999523162851
decision_type=10 8 10 10 10 10 10 1 1 2 10 8 1 8 2 2 2 2 2 1 1 2 2 10 10 8 1 10 2 10
left_child=3 2 -2 5 -5 19 13 8 9 15 12 -9 -10 14 -7 16 -8 -18 -19 20 21 22 27 -24 25 -22 -23 -1 -27 -28
right_child=1 -3 -4 4 -6 6 7 11 10 -11 -12 -13 -14 -15 -16 -17 17 18 -20 -21 24 26 23 -25 -26 28 29 -29 -30 -31
leaf_value=-0.021132137082821481 -0.0098484764700196882 -0.0021062138916064072 -0.039526207361188538 0.014838569947819966 0.0013184292252985434 0.026568156250352432 0.0050320035412494309 -0.0009677237566661723 0.007412922887400585 0.045399667896219999 0.020945827923752113 -0.014412621347513994 -0.014277059777585609 -0.011833351400399515 -0.004754352507030055 -0.022988797840848396 0.039113574932586631 -0.0083906900841057494 0.044067036985596997 -0.00024573127746133414 0.0027713978086028272 -0.011102098174458123 0.014157868980154479 -0.11361293042560505 -0.028308774291596214 0.029056170028508122 0.066021792760103823 0.0069303373990916989 0.010593408619283061 0.0057560711397678325
leaf_weight=57799 19615 70332 10642 63507 146143 13974 51561 290252 33516 12270 16968 74264 67064 213978 53726 7069 23006 13330 5053 2979653 252182 54817 1424 4928 11286 49522 3594 23623 167052 207850
leaf_count=57799 19615 70332 10642 63507 146143 13974 51561 290252 33516 12270 16968 74264 67064 213978 53726 7069 23006 13330 5053 2979653 252182 54817 1424 4928 11286 49522 3594 23623 167052 207850
internal_value=-1.21713e-08 -0.00757488 -0.0202867 0.000155506 0.00541394 -7.95655e-05 -0.0028041 -6.76984e-05 0.00570373 0.0148236 -0.0030086 -0.00370679 -0.00705005 -0.00857804 0.00171095 0.0110741 0.0136646 0.0244188 0.00602855 0.000546273 0.00337559 -0.00218175 -0.0181993 -0.0849691 0.00747414 0.00833582 0.00309841 -0.0129904 0.0148151 0.00678011
internal_weight=5e+06 100589 30257 4.89941e+06 209650 4.68976e+06 876031 594353 229837 112289 117548 364516 100580 281678 67700 100019 92950 41389 18383 3.81373e+06 834077 354035 87774 6352 480042 468756 266261 81422 216574 211444
internal_count=5000000 100589 30257 4899411 209650 4689761 876031 594353 229837 112289 117548 364516 100580 281678 67700 100019 92950 41389 18383 3813730 834077 354035 87774 6352 480042 468756 266261 81422 216574 211444
cat_boundaries=0 1 2 3 4 5 6
cat_threshold=4177920 7302 3670016 496 242 2
is_linear=0
shrinkage=0.1


Tree=236
num_leaves=31
num_cat=6
split_feature=0 17 11 76 17 11 0 0 3 13 0 2 17 0 2 75 2 23 76 1 90 30 75 7 75 14 25 17 0 76
split_gain=586.088 657.679 1380.01 1581.31 1734.95 1130.14 1055.83 913.838 1100.91 1618.22 1331.9 1389.62 1176.3 1174.96 1155.28 1136.92 954.222 1131.63 907.92 1394.92 1414.3 1027.56 988.898 908.755 820.244 1022.21 816.512 800.35 758.207 882.072
threshold=34.049999237060554 22.050000190734867 24.250000000000004 0 25.250000000000004 21.750000000000004 28.150000572204593 28.150000572204593 20.650000572204593 22.349999427795414 18.44999980926514 13.449999809265138 24.650000572204593 14.650000095367433 17.44999980926514 1 13.84999990463257 14.650000095367433 2 21.44999980926514 1.0000000180025095e-35 1.0000000180025095e-35 3 21.050000190734867 4 20.550000190734867 0.75000000000000011 25.650000572204593 25.750000000000004 5
decision_type=2 8 10 1 10 8 2 2 10 10 2 10 8 2 8 1 10 10 1 8 10 10 1 8 1 8 10 10 2 1
left_child=1 6 3 7 5 -5 -1 8 9 10 11 13 26 24 -12 -14 -11 -18 19 20 21 22 -4 -20 -3 -26 -13 -25 29 -29
right_child=-2 2 18 4 -6 -7 -8 -9 -10 16 14 12 15 -15 -16 -17 17 -19 23 -21 -22 -23 -24 27 25 -27 -28 28 -30 -31
leaf_value=0.00044353186028302959 0.024673127910348428 0.018836722103134546 0.046637372200738839 -0.019781671465100237 -0.033613664322056543 -0.0032250396743241298 0.023823017824825824 0.017307910903310967 -0.010877549104989427 0.062057490947805438 0.028551146052715942 -0.028569412229409747 -0.025528293788235332 0.040742081866382535 -0.0026644301595570518 -0.1097494213231322 -0.10382923717665155 0.015491990746310053 -0.056421505581537745 0.002116396992586349 -0.048792685144690318 -0.077453767526733372 0.015114761943581008 0.0037381135987245824 -0.079301047188906668 -0.0042982365468747542 0.035077936988046649 -0.053909493732496372 -0.0022886188079854239 -0.011615302916827474
leaf_weight=3879310 9609 4604 18059 61606 32893 124637 19413 24524 103778 4416 15364 15909 3056 5666 51929 3410 810 42419 3014 154016 2628 923 22229 173630 3059 4476 2308 5618 166668 40019
leaf_count=3879310 9609 4604 18059 61606 32893 124637 19413 24524 103778 4416 15364 15909 3056 5666 51929 3410 810 42419 3014 154016 2628 923 22229 173630 3059 4476 2308 5618 166668 40019
internal_value=-1.45992e-08 -4.75227e-05 -0.002217 -0.00605015 -0.0124405 -0.00870169 0.000559946 -0.00114868 -0.00288158 0.00238951 -0.00428971 -0.0181516 -0.0335115 0.00314162 0.00446255 -0.0701535 0.0177794 0.0132562 0.00108089 0.00659576 0.0223342 0.02687 0.02926 -0.0017246 -0.0144088 -0.0347012 -0.0205056 -0.00129748 -0.00541575 -0.0168362
internal_weight=5e+06 4.99039e+06 1.09167e+06 504864 219136 186243 3.89872e+06 285728 261204 157426 109781 42488 24683 17805 67293 6466 47645 43229 586804 197855 43839 41211 40288 388949 12139 7535 18217 385935 212305 45637
internal_count=5000000 4990391 1091668 504864 219136 186243 3898723 285728 261204 157426 109781 42488 24683 17805 67293 6466 47645 43229 586804 197855 43839 41211 40288 388949 12139 7535 18217 385935 212305 45637
cat_boundaries=0 1 2 3 4 5 6
cat_threshold=8128 3848 504 3456 3840 16515072
is_linear=0
shrinkage=0.1


Tree=237
num_leaves=31
num_cat=1
split_feature=23 19 1 89 5 86 89 80 83 77 17 48 0 55 17 76 2 83 20 8 7 16 74 73 89 80 2 80 83 86
split_gain=581.392 770.669 695.773 1083.31 775.987 1290.75 882.788 955.073 755.255 724.109 887.609 752.068 681.025 1449.77 1213.97 1025.93 1002.47 779.173 748.719 740.412 682.958 886.752 679.006 786.407 653.49 628.499 1294.63 2978.51 1859.31 1262.41
threshold=-10.15000009536743 -13.050000190734862 9.4499998092651385 -3.6499999761581416 -5.3500001430511466 -6.4500000476837149 -13.15000009536743 -13.749999999999998 -3.1499999761581416 -13.15000009536743 -10.249999999999998 0.75000000000000011 -8.6500000953674299 2.1499999761581425 -4.3500001430511466 0 -8.6500000953674299 -8.9499998092651349 -2.7499999999999996 -13.050000190734862 -13.15000009536743 -8.6500000953674299 907.50000000000011 143.93750000000003 -6.9500000476837149 1.2500000000000002 2.0499999523162846 3.2500000000000004 3.2500000000000004 2.4500000476837163
decision_type=10 8 10 10 8 10 10 10 10 10 10 8 2 8 8 1 8 10 8 10 8 10 2 2 10 8 8 10 10 10
left_child=2 -2 3 4 5 6 7 9 -6 10 11 -1 13 15 17 22 18 -15 -14 -17 -18 -22 23 24 -3 29 27 28 -27 -23
right_child=1 12 -4 -5 8 -7 -8 -9 -10 -11 -12 -13 16 14 -16 19 20 -19 -20 -21 21 25 -24 -25 -26 26 -28 -29 -30 -31
leaf_value=-0.13712945819776498 -0.044018492028885997 -0.053654562515653328 -0.038660623922174356 0.054952034585050838 -0.029960832896912468 0.080795165793483753 0.031652013969510409 0.024867764847851696 0.038780512419565941 0.023852548664346624 -0.0100153456082111 -0.03724855942492452 0.0093223852728030344 -0.035773780962876998 -0.081047495102113828 0.068440370864415567 -0.037529201979794848 0.026793233070893836 0.063381070503668854 0.0087968274111594469 0.01883827704810935 -0.0053999108195157174 0.081517397268387859 0.041291520736591918 0.028241409522556667 0.00047081389006922047 -0.00025925202336299445 0.031374218693912631 0.028822331031827027 0.018900086966119889
leaf_weight=1404 3993 6505 2638 5678 7864 2819 10396 5815 2006 2090 3590 1628 6526 7304 4538 2635 4853 2736 4218 9906 24869 362755 593 1354 1146 290688 4130598 41006 25131 22718
leaf_count=1404 3993 6505 2638 5678 7864 2819 10396 5815 2006 2090 3590 1628 6526 7304 4538 2635 4853 2736 4218 9906 24869 362755 593 1354 1146 290688 4130598 41006 25131 22718
internal_value=-3.71815e-08 -0.000103863 0.0111993 0.0142376 0.0080913 0.0166588 0.00940443 -0.00651667 -0.0159897 -0.0274648 -0.0436614 -0.0834995 -6.84395e-05 -0.0136369 -0.0381245 0.00248756 3.29562e-05 -0.0187236 0.0305454 0.0213116 -3.39111e-05 3.24146e-06 -0.0221076 -0.0289561 -0.0413878 -9.28838e-05 0.000239973 0.00601899 0.00272686 -0.00396778
internal_weight=5e+06 4.95407e+06 45928 43290 37612 27742 24923 14527 9870 8712 6622 3032 4.95008e+06 36717 14578 22139 4.91336e+06 10040 10744 12541 4.90262e+06 4.89776e+06 9598 9005 7651 4.8729e+06 4.48742e+06 356825 315819 385473
internal_count=5000000 4954072 45928 43290 37612 27742 24923 14527 9870 8712 6622 3032 4950079 36717 14578 22139 4913362 10040 10744 12541 4902618 4897765 9598 9005 7651 4872896 4487423 356825 315819 385473
cat_boundaries=0 1
cat_threshold=1015929
is_linear=0
shrinkage=0.1


Tree=238
num_leaves=31
num_cat=5
split_feature=0 23 23 17 10 76 17 18 21 14 11 0 17 4 76 0 75 61 48 76 17 10 17 12 2 0 75 9 13 80
split_gain=571.775 890.977 777.957 590.289 1282.22 2809.33 2363.5 1531.78 1443.92 1347.08 1286.9 1201.98 1172.96 1155.84 1136.25 1030.74 1405.94 1017.07 986.407 887.932 2608.69 1508.08 2631.34 1820.71 2119.62 1406.85 2103.56 1354.03 1337.56 1240.15
threshold=31.750000000000004 28.44999980926514 32.350000381469734 3.2500000000000004 4.2500000000000009 0 5.4500000476837167 9.4499998092651385 0.25000000745058065 8.4499998092651385 1.4499999880790713 13.550000190734865 7.8500001430511483 1.0500000119209292 1 5.2500000000000009 2 3.1499999761581425 4.4500000476837167 3 7.2500000000000009 7.0499999523162851 11.84999990463257 11.650000095367433 7.4500000476837167 -0.65000000596046437 4 8.8499999046325701 10.250000000000002 12.84999990463257
decision_type=2 8 10 8 10 1 8 10 8 8 10 2 8 8 1 2 1 10 8 1 10 10 10 8 8 2 1 8 8 8
left_child=2 -2 3 11 5 6 10 -7 -6 12 -5 -1 -8 17 -13 16 -15 -9 -16 20 -10 28 27 -24 -25 26 -21 -23 -22 -27
right_child=1 -3 -4 4 8 7 9 13 19 -11 -12 14 -14 15 18 -17 -18 -19 -20 25 21 22 23 24 -26 29 -28 -29 -30 -31
leaf_value=0.0018183897818464028 0.052432559410853778 0.0063853230389190052 -0.024630104307859429 -0.026694708671695985 0.0229979533756829 -0.0039367677414225534 -0.030904891017321551 0.042420037905142954 0.026732492864255355 -0.0012069984158656483 0.0034958653259582907 0.13381449757780417 -0.067169619344113682 0.0072352494886946525 0.011422459811263769 0.014879839439554966 -0.085676459205174527 -0.045280993932355816 0.10779314463923106 -0.090580856247847841 -0.018577690985450073 0.0056210121067827032 -0.016334001772183856 0.032207083146757534 0.00099500394570804936 -0.005508345606459018 0.003383940377571388 0.031224137494440959 0.023004683534296678 3.0094987660787577e-05
leaf_weight=954277 4640 44518 12902 19882 26995 150285 38229 17562 42387 11359 48709 1069 11633 4051 7549 20391 2715 1430 1236 4356 58302 38454 58521 22549 620001 494167 5251 44628 8919 2223033
leaf_count=954277 4640 44518 12902 19882 26995 150285 38229 17562 42387 11359 48709 1069 11633 4051 7549 20391 2715 1430 1236 4356 58302 38454 58521 22549 620001 494167 5251 44628 8919 2223033
internal_value=-3.34658e-08 0.0107317 -0.000106591 -4.25154e-05 -0.000581063 -0.00658736 -0.0180017 0.000956611 -4.38461e-05 -0.0322856 -0.00525527 0.00217719 -0.0393656 0.0168922 0.0369237 0.00365758 -0.0301635 0.0358166 0.0249529 -0.000215646 0.00251972 0.00131428 0.00254654 0.000552382 0.00209033 -0.00111222 -0.0393123 0.0193739 -0.0130605 -0.00097716
internal_weight=5e+06 49158 4.95084e+06 4.93794e+06 3.97381e+06 326246 129812 196434 3.64756e+06 61221 68591 964131 49862 46149 9854 27157 6766 18992 8785 3.62057e+06 893761 851374 784153 701071 642550 2.72681e+06 9607 83082 67221 2.7172e+06
internal_count=5000000 49158 4950842 4937940 3973809 326246 129812 196434 3647563 61221 68591 964131 49862 46149 9854 27157 6766 18992 8785 3620568 893761 851374 784153 701071 642550 2726807 9607 83082 67221 2717200
cat_boundaries=0 1 2 3 4 5
cat_threshold=245884 15728643 7170 114912 7170
is_linear=0
shrinkage=0.1


Tree=239
num_leaves=31
num_cat=3
split_feature=24 76 88 74 56 82 54 48 76 76 50 10 59 33 3 28 48 87 78 17 10 17 11 79 60 53 17 43 1 11
split_gain=558.482 789.451 581.315 1234.36 972.916 1072.83 744.514 2556.88 1982.39 868.453 2310.25 1782.07 1649.09 1609.24 1779.29 2384.35 2084.29 1667.06 1694.45 1359.93 2334.59 1878.67 2158.53 1322.7 1309.3 1466.4 1274.62 1238.36 1117.89 1045.22
threshold=3.7500000000000004 0 2.5499999523162846 29.500000000000004 3.0499999523162846 1.8499999642372134 4.3500001430511483 3.6499999761581425 1 2 1.6500000357627871 23.849999427795414 1.1500000357627871 1.0000000180025095e-35 13.949999809265138 1.0000000180025095e-35 2.0499999523162846 1.0000000180025095e-35 1.0000000180025095e-35 5.4500000476837167 6.2500000000000009 11.84999990463257 14.050000190734865 2.9500000476837163 2.7500000000000004 1.7500000000000002 19.650000572204593 1.0000000180025095e-35 21.44999980926514 3.0499999523162846
decision_type=2 1 10 2 8 8 10 10 1 1 8 10 8 8 10 10 8 10 10 8 10 10 8 10 10 8 10 8 10 8
left_child=2 -2 6 -4 5 -5 9 -8 -9 10 11 12 -1 14 15 16 -12 18 23 29 -21 -22 -23 24 25 -18 -24 -11 -13 -14
right_child=1 -3 3 4 -6 -7 7 8 -10 27 13 28 19 -15 -16 -17 17 -19 -20 20 21 22 26 -25 -26 -27 -28 -29 -30 -31
leaf_value=0.0037862252708919224 -0.0034188792218482604 0.019329955501507328 0.0018179924080815914 0.0022273053385127978 0.00084229345445653808 -0.01053328598278528 -0.012363193646711165 0.014911920134288907 -0.0054933269022275737 0.00061203551849972517 0.0094025424652482911 0.029930810241429136 -0.0001440494150609918 -0.011052334160897962 0.0027831151438826363 -0.02668116969494182 0.026130255631118704 -0.023205650525291735 -0.05339133666393725 -0.033845331989633749 0.016343459391270874 -0.0298143505835506 0.0093029994124714781 0.0091191049907036418 0.027895693075340251 0.068272606445150916 -0.010595457276967877 -0.0069894151750071899 0.0062291424782380369 0.033134410500970247
leaf_weight=260965 27015 35034 432052 82689 182804 324220 180341 91049 99777 2324050 68602 25968 40293 30622 103157 10504 11785 5057 2073 35392 31713 42480 47284 13186 29890 27580 100854 236086 85153 12325
leaf_count=260965 27015 35034 432052 82689 182804 324220 180341 91049 99777 2324050 68602 25968 40293 30622 103157 10504 11785 5057 2073 35392 31713 42480 47284 13186 29890 27580 100854 236086 85153 12325
internal_value=-3.64803e-08 0.00942809 -0.000118508 -0.00224267 -0.00521771 -0.00794017 0.000435705 -0.00382547 0.00424314 0.000881854 0.00340534 0.000181037 -0.00207267 0.0106804 0.0131286 0.0194555 0.0225193 0.0325654 0.0359026 -0.0069994 -0.00999049 -0.00619313 -0.00994253 0.0381479 0.0436749 0.0556561 -0.00424409 -8.8941e-05 0.011768 0.00765095
internal_weight=5e+06 62049 4.93795e+06 1.02176e+06 589713 406909 3.91619e+06 371167 190826 3.54502e+06 984883 682427 571306 302456 271834 168677 158173 89571 84514 310341 257723 222331 190618 82441 69255 39365 148138 2.56014e+06 111121 52618
internal_count=5000000 62049 4937951 1021765 589713 406909 3916186 371167 190826 3545019 984883 682427 571306 302456 271834 168677 158173 89571 84514 310341 257723 222331 190618 82441 69255 39365 148138 2560136 111121 52618
cat_boundaries=0 1 2 3
cat_threshold=16515103 4190208 504
is_linear=0
shrinkage=0.1


Tree=240
num_leaves=31
num_cat=3
split_feature=17 30 0 34 16 81 78 27 72 74 88 68 76 75 73 86 2 24 80 2 83 0 17 7 1 75 17 86 1 2
split_gain=582.459 883.449 835.416 722.807 663.116 818.912 689.18 669.878 667.783 606.793 957.881 785.217 787.564 726.69 714.041 661.905 2030.37 796.451 747.722 1368.11 2406.42 1973.65 1421.88 1775.2 1346.52 1268.33 1256.77 1208.62 1603.47 1130.14
threshold=28.94999980926514 1.0000000180025095e-35 22.349999427795414 1.0000000180025095e-35 29.349999427795414 1.0000000180025095e-35 1.0000000180025095e-35 1.0000000180025095e-35 33.750799179077156 507.00000000000006 0.45000000298023229 2.7500000000000004 0 1 140.23665618896487 22.750000000000004 20.650000572204593 1.0000000180025095e-35 23.44999980926514 18.94999980926514 18.94999980926514 17.650000572204593 12.949999809265138 17.550000190734867 17.050000190734867 2 19.44999980926514 17.94999980926514 16.550000190734867 11.650000095367433
decision_type=10 8 2 8 8 10 10 10 2 2 10 10 1 1 2 10 8 2 10 10 10 2 8 8 8 1 8 10 8 10
left_child=9 3 -3 4 -2 6 7 -6 -7 15 -11 12 13 -12 -14 18 -17 -18 19 20 27 -21 -23 -24 -22 -25 -27 29 -29 -1
right_child=1 2 -4 -5 5 8 -8 -9 -10 10 11 -13 14 -15 -16 16 17 -19 -20 21 24 22 23 25 -26 26 -28 28 -30 -31
leaf_value=0.001249616649130569 -0.014599774879823176 -0.13046759210027398 -0.027258460820332675 -0.044424934867725564 0.0037440145083997354 0.0080639534670276427 -0.054042265357167975 -0.061858535047374569 -0.067547137875859517 0.00099935430676265243 0.010013226558757759 0.0073342587765577909 -0.015435055965195111 -0.011101142234242363 -0.04757625661699369 0.033795547795743681 0.0014765647772867043 0.017258433455747648 0.0067788675292868601 -0.02769411515556245 0.044579500445288273 0.014065978937655177 -0.019665361709419137 -0.0089376307421928976 0.011542386530723659 0.011386264730488267 -0.0021428574752104133 0.033995722478299371 0.0041188674406888214 -0.0030426670444335
leaf_weight=1951016 38974 907 5796 4358 119847 1861 2164 1577 3137 210813 24227 25445 72440 49774 7641 21808 448549 34432 160873 33694 15049 46060 65985 196138 68457 88645 304588 23370 77649 894726
leaf_count=1951016 38974 907 5796 4358 119847 1861 2164 1577 3137 210813 24227 25445 72440 49774 7641 21808 448549 34432 160873 33694 15049 46060 65985 196138 68457 88645 304588 23370 77649 894726
internal_value=-2.77693e-08 -0.0056075 -0.041224 -0.00421883 -0.00317313 0.000290251 0.00189509 0.002892 -0.0393934 0.000207716 -0.00357206 -0.00894013 -0.0116277 -0.00418814 -0.0184995 0.000540685 0.00394931 0.00260166 0.000102446 -0.000182799 0.000756042 -0.00405289 -0.00291723 -0.00411085 0.0174962 -0.00236939 0.000906937 0.000281657 0.0110307 -9.99146e-05
internal_weight=5e+06 178621 6703 171918 167560 128586 123588 121424 4998 4.82138e+06 390340 179527 154082 74001 80081 4.43104e+06 504789 482981 3.92625e+06 3.76538e+06 3.03027e+06 735110 701416 655356 83506 589371 393233 2.94676e+06 101019 2.84574e+06
internal_count=5000000 178621 6703 171918 167560 128586 123588 121424 4998 4821379 390340 179527 154082 74001 80081 4431039 504789 482981 3926250 3765377 3030267 735110 701416 655356 83506 589371 393233 2946761 101019 2845742
cat_boundaries=0 1 2 3
cat_threshold=16711687 7680 124
is_linear=0
shrinkage=0.1


Tree=241
num_leaves=31
num_cat=7
split_feature=72 76 74 24 73 2 74 73 75 76 73 76 72 33 18 28 73 76 73 72 73 73 31 89 72 76 76 73 72 72
split_gain=549.56 1448.07 2013.86 1947.04 1672.97 1611.79 1616.57 1812.26 1468.52 1677.34 1432.78 2804.35 1609.29 2121.79 1446.81 1427.2 1575.46 1414.74 1360.87 1260.61 2234.03 1892.74 1397.82 1270.74 1244.89 1432.92 1218.33 1341.71 2754.42 2331.87
threshold=37.670000076293952 0 322.00000000000006 1.0000000180025095e-35 144.46170043945315 -10.249999999999998 88.500000000000014 142.4674987792969 1 2 137.86834716796878 3 35.977499008178718 1.0000000180025095e-35 20.349999427795414 1.0000000180025095e-35 139.94915008544925 4 144.16750335693362 39.744998931884773 141.81670379638675 141.42920684814456 1.0000000180025095e-35 -13.15000009536743 34.689199447631843 5 6 135.22000122070315 35.418300628662116 31.958350181579593
decision_type=2 1 2 2 2 8 2 2 1 1 2 1 2 10 10 10 2 1 2 2 2 2 10 8 2 1 1 2 2 2
left_child=10 2 3 5 15 -2 7 -7 9 -8 26 -12 13 14 24 16 -3 -4 -11 21 22 -18 -21 -22 25 -13 27 28 29 -1
right_child=1 4 17 -5 -6 6 8 -9 -10 18 11 12 -14 -15 -16 -17 19 -19 -20 20 23 -23 -24 -25 -26 -27 -28 -29 -30 -31
leaf_value=0.005027710278029526 0.030469601048044762 0.015974853482267862 -0.040590035118532791 0.012749199618323362 0.017870988915294907 -0.0057353197298883512 -0.012189973591005229 -0.022025581106306022 -0.003239958033276149 0.029840738634591909 -0.0036873085563842892 0.092846274652379879 0.0038842743854189698 0.044648843854643738 0.00066529697189638716 -0.011712834015778181 -0.010275898005813147 -0.01018901378705356 -0.039010201703215112 0.010528817834817839 -0.044711847696077292 0.018432961907510099 -0.01949334528404556 -0.002627849088038303 0.015138057324197618 0.011027641288580768 0.0012377518791845032 0.0022879161069502781 0.02492947068769015 -0.011095875014817489
leaf_weight=112756 12851 68813 23947 71154 56771 368578 16661 83822 170422 41158 306979 4547 371782 21109 79475 90918 177508 42461 3086 270684 7368 26377 16451 273924 133269 4058 1409551 267920 26973 438627
leaf_count=112756 12851 68813 23947 71154 56771 368578 16661 83822 170422 41158 306979 4547 371782 21109 79475 90918 177508 42461 3086 270684 7368 26377 16451 273924 133269 4058 1409551 267920 26973 438627
internal_value=-2.69898e-08 -0.00138406 -0.00445266 -0.0030076 0.00120457 -0.00461713 -0.0052766 -0.00875363 0.00152333 0.0148499 0.000794116 0.00411726 0.00801769 0.0143561 0.0114673 0.000189425 0.00147595 -0.0211594 0.0250328 0.000184099 0.00260373 -0.00656178 0.00880874 -0.00373017 0.0175183 0.0543824 -0.000562968 -0.00356221 -0.0062723 -0.00779866
internal_weight=5e+06 1.82295e+06 834140 767732 988814 696578 683727 452400 231327 60905 3.17705e+06 921219 614240 242458 221349 932043 841125 66408 44244 772312 568427 203885 287135 281292 141874 8605 2.25583e+06 846276 578356 551383
internal_count=5000000 1822954 834140 767732 988814 696578 683727 452400 231327 60905 3177046 921219 614240 242458 221349 932043 841125 66408 44244 772312 568427 203885 287135 281292 141874 8605 2255827 846276 578356 551383
cat_boundaries=0 1 2 3 4 5 6 7
cat_threshold=262016 224 229376 15734787 1920 1040416 458815
is_linear=0
shrinkage=0.1


Tree=242
num_leaves=31
num_cat=2
split_feature=86 18 13 80 4 0 2 17 63 89 41 25 89 76 2 1 73 76 81 6 0 80 6 0 88 49 79 85 82 66
split_gain=551.237 798.601 927.939 964.709 1002.71 1446.41 948.496 1127.74 871.108 845.68 844.17 776.45 833.385 753.875 855.186 717.219 709.726 697.766 858.158 705.729 708.156 665.678 995.104 1146.25 760.106 1024.14 1000.85 1176.45 1183.28 1084.04
threshold=30.150000572204593 23.550000190734867 25.349999427795414 19.750000000000004 17.849999427795414 18.250000000000004 14.050000190734865 29.550000190734867 2.3500000238418584 21.750000000000004 1.0000000180025095e-35 0.75000000000000011 22.849999427795414 0 21.94999980926514 16.150000572204593 142.79664611816409 1 1.0000000180025095e-35 29.150000572204593 24.44999980926514 22.94999980926514 25.250000000000004 21.849999427795414 0.65000000596046459 1.4499999880790713 0.94999998807907116 0.84999999403953563 0.94999998807907116 5.4500000476837167
decision_type=10 8 10 8 10 2 10 8 8 10 8 10 8 1 8 10 2 1 10 8 2 10 10 2 8 8 8 8 8 8
left_child=1 9 3 6 5 15 16 -8 -7 21 13 12 -6 14 -4 -5 -3 18 -11 20 -19 22 24 -24 25 -1 -26 -28 -29 -30
right_child=-2 2 10 4 11 8 7 -9 -10 17 -12 -13 -14 -15 -16 -17 -18 19 -20 -21 -22 -23 23 -25 26 -27 27 28 29 -31
leaf_value=0.00026903347037845218 0.008660326403964462 0.01485529697971465 0.019452961549607555 -0.0028256129511337355 -0.020934907046774111 0.010938820696507534 -0.027029145057724632 -0.15605660557362533 0.048937418443853554 0.00056987389728720258 0.020204658194556999 0.010164814689006776 -0.0060499544420344695 -0.0038479985655762981 0.00062412341270431265 -0.052132890277960101 -0.066766112566473038 0.011533034920853462 0.028665294475375604 -0.0074813608414584344 0.035842781555982577 0.0088965045311232352 -0.022603354610391462 0.0015729059562999898 0.0038214089929888514 0.0099498916090863792 0.003817775232475935 0.0040304105828478168 -0.0036907852160132596 0.0037960433937901891
leaf_weight=299800 72432 9020 32816 11759 45654 19564 30095 693 8723 205164 20086 23902 213590 263264 91050 3938 1208 77344 11480 15972 14180 82434 41975 36808 458517 171956 395477 279206 1845862 216031
leaf_count=299800 72432 9020 32816 11759 45654 19564 30095 693 8723 205164 20086 23902 213590 263264 91050 3938 1208 77344 11480 15972 14180 82434 41975 36808 458517 171956 395477 279206 1845862 216031
internal_value=-1.72533e-08 -0.000127319 -0.00307334 -0.00671173 -0.00489912 0.00914793 -0.0211685 -0.0299334 0.0226566 0.000422806 0.000215973 -0.0070812 -0.00867126 -0.000821128 0.00561202 -0.0151956 0.00521522 0.00532722 0.00205856 0.0119135 0.0152994 7.52728e-06 -0.000188102 -0.011308 5.08122e-05 0.00379773 -0.00050242 -0.00122688 -0.00207907 -0.00290637
internal_weight=5e+06 4.92757e+06 775362 368146 327130 43984 41016 30788 28287 4.15221e+06 407216 283146 259244 387130 123866 15697 10228 324140 216644 107496 91524 3.82807e+06 3.74563e+06 78783 3.66685e+06 471756 3.19509e+06 2.73658e+06 2.3411e+06 2.06189e+06
internal_count=5000000 4927568 775362 368146 327130 43984 41016 30788 28287 4152206 407216 283146 259244 387130 123866 15697 10228 324140 216644 107496 91524 3828066 3745632 78783 3666849 471756 3195093 2736576 2341099 2061893
cat_boundaries=0 1 2
cat_threshold=524768 1045552
is_linear=0
shrinkage=0.1


Tree=243
num_leaves=31
num_cat=3
split_feature=18 0 1 10 76 75 77 73 76 2 0 16 80 1 6 86 1 74 1 7 7 17 0 23 86 83 1 2 77 17
split_gain=539.953 1697.12 2085.87 1669.14 1884.72 1640.92 1481.72 1973.16 1609.97 1094.24 1084.56 1003.45 935.256 1809.68 951.402 981.578 2114.06 1218.9 990.696 1151.23 906.894 1037.41 974.288 885.021 909.629 904.749 2050.55 1574.03 2044.95 1752.54
threshold=16.750000000000004 18.050000190734867 18.550000190734867 14.750000000000002 0 1 14.050000190734865 142.61585235595706 2 21.94999980926514 20.44999980926514 13.949999809265138 13.84999990463257 14.750000000000002 19.150000572204593 9.8499999046325701 6.8500001430511483 125.50000000000001 10.449999809265138 8.2500000000000018 13.050000190734865 9.6500000953674334 14.949999809265138 -12.949999809265135 -7.1499998569488517 10.050000190734865 9.2500000000000018 8.2500000000000018 6.8500001430511483 8.0500001907348651
decision_type=10 2 10 8 1 1 8 2 1 8 2 8 10 8 10 10 8 2 8 8 8 8 2 10 10 10 8 10 10 10
left_child=1 2 12 4 -3 9 7 8 -2 -5 -11 -6 14 -14 15 23 17 -17 -18 -20 -15 22 -22 24 -1 27 -27 28 29 -25
right_child=6 3 -4 5 11 -7 -8 -9 -10 10 -12 -13 13 20 -16 16 18 -19 19 -21 21 -23 -24 25 -26 26 -28 -29 -30 -31
leaf_value=0.0076176960247463857 1.7636972798724362e-05 0.07172345805386203 -0.030931138246001962 0.020582869897760817 0.004292008572799582 0.035526232186546838 -0.00066082054752640822 -0.058050788044874319 -0.030299690653535771 -0.037922042180918214 0.0062361944962653132 -0.017375769690369997 0.018960718451909841 -0.013325718323822717 -0.011791731992006584 0.087737552591238152 0.01324108968939278 0.022409105005093462 -0.012528340350185241 0.0037146376578477791 -0.0074456173396781032 0.0010851338214858557 0.049045053698057728 0.00041445024108937174 0.05459042092081004 0.030372630617463876 0.0010766902073414387 -0.0080174494395703743 0.013161834186559768 -0.0087115320116203029
leaf_weight=16812 60210 3681 21385 36295 90210 36928 1941401 8998 24694 7613 20645 28009 77552 37429 68165 4377 80963 8219 53430 238011 4565 100835 9218 1172939 5462 28882 138293 312173 106170 256436
leaf_count=16812 60210 3681 21385 36295 90210 36928 1941401 8998 24694 7613 20645 28009 77552 37429 68165 4377 80963 8219 53430 238011 4565 100835 9218 1172939 5462 28882 138293 312173 106170 256436
internal_value=-1.62964e-08 0.000861012 0.000178029 0.00924252 0.0013555 0.0187165 -0.00125422 -0.0135226 -0.00880361 0.00909346 -0.0056605 -0.000841552 0.00042262 0.00652965 -0.000140425 0.000187468 0.00481813 0.0451102 0.00345532 0.000736806 0.000189147 0.00460248 0.0303351 -0.000687672 0.0191363 -0.000906819 0.00613801 -0.00154421 -0.000228215 -0.00122279
internal_weight=5e+06 2.9647e+06 2.74132e+06 223381 121900 101481 2.0353e+06 93902 84904 64553 28258 118219 2.71993e+06 229599 2.49033e+06 2.42217e+06 385000 12596 372404 291441 152047 114618 13783 2.03717e+06 22274 2.01489e+06 167175 1.84772e+06 1.53554e+06 1.42938e+06
internal_count=5000000 2964697 2741316 223381 121900 101481 2035303 93902 84904 64553 28258 118219 2719931 229599 2490332 2422167 385000 12596 372404 291441 152047 114618 13783 2037167 22274 2014893 167175 1847718 1535545 1429375
cat_boundaries=0 1 2 3
cat_threshold=1574892 250 31992
is_linear=0
shrinkage=0.1


Tree=244
num_leaves=31
num_cat=10
split_feature=71 18 73 89 76 77 76 12 3 89 25 77 76 48 51 75 10 30 76 24 76 24 75 87 76 76 81 75 56 90
split_gain=521.895 576.79 993.187 724.605 700.987 635.651 771.542 615.671 699.92 1056.03 674.73 596.989 595.711 3289.7 1885.43 2206.6 1288.42 1282.41 1772.84 1507.89 2030.63 1476.82 1416.09 1247.1 3557.28 1244.51 2690.56 1807.03 1961.44 1803.41
threshold=0.45000000298023229 26.750000000000004 143.05250549316409 25.44999980926514 0 27.750000000000004 1 29.44999980926514 19.250000000000004 20.849999427795414 1.7500000000000002 19.650000572204593 2 5.0499999523162851 1.3499999642372134 3 22.250000000000004 1.0000000180025095e-35 4 1.0000000180025095e-35 5 1.0000000180025095e-35 6 1.0000000180025095e-35 7 8 1.0000000180025095e-35 9 2.9500000476837163 1.0000000180025095e-35
decision_type=10 8 2 8 1 10 1 10 10 10 10 8 1 10 10 1 8 8 1 2 1 2 1 10 1 1 10 1 10 10
left_child=-1 5 3 4 -3 12 -7 8 9 -6 -10 -4 13 14 16 -16 -2 19 22 23 -21 -20 -19 25 -25 27 29 28 -14 -27
right_child=1 2 11 -5 7 6 -8 -9 10 -11 -12 -13 17 -15 15 -17 -18 18 21 20 -22 -23 -24 24 -26 26 -28 -29 -30 -31
leaf_value=-0.0026482969853257963 -0.0025066817742829778 -0.050912190938104784 -0.1247497619614177 -0.00013721792177519163 -0.013842524291720946 0.0023302106385030175 0.023806868974209267 0.0071512293624324532 -0.021256161344887326 0.044168797423620308 0.024284576491863538 -0.032404937650946576 0.012932338790713871 -0.018270447558440345 0.0007581865076437905 0.015694900742081914 0.013466853213823311 -0.020746008297996422 0.01980677704493472 0.019910499143951734 -0.0016746511453024013 0.0010252489775935086 0.0032524462543596666 0.03106416303667018 -0.011179215850257352 -0.005120201554275932 0.028843528001363469 -0.0018029737560239249 -0.003376114623252391 0.022820090504955773
leaf_weight=647732 348295 4104 867 250145 8695 46972 25976 19171 50158 4910 3479 3636 202056 68055 170236 236053 59058 32938 108440 80174 95485 68195 96901 41750 38136 1236090 24527 888089 116136 23541
leaf_count=647732 348295 4104 867 250145 8695 46972 25976 19171 50158 4910 3479 3636 202056 68055 170236 236053 59058 32938 108440 80174 95485 68195 96901 41750 38136 1236090 24527 888089 116136 23541
internal_value=7.20296e-10 0.000394137 -0.00352827 -0.00291155 -0.0105784 0.000732007 0.0099814 -0.00865599 -0.013164 0.00709357 -0.0183023 -0.0501849 0.000560502 0.00285007 0.00461668 0.00943679 -0.00019084 -0.000100845 0.00603452 -0.000785601 0.00817825 0.0125549 -0.00283669 -0.0013982 0.0109005 -0.00179271 -0.00395928 0.000513764 0.00697974 -0.00459803
internal_weight=5e+06 4.35227e+06 345165 340662 90517 4.0071e+06 72948 86413 67242 13605 53637 4503 3.93416e+06 881697 813642 406289 407353 3.05246e+06 306474 2.74598e+06 175659 176635 129839 2.57032e+06 79886 2.49044e+06 1.28416e+06 1.20628e+06 318192 1.25963e+06
internal_count=5000000 4352268 345165 340662 90517 4007103 72948 86413 67242 13605 53637 4503 3934155 881697 813642 406289 407353 3052458 306474 2745984 175659 176635 129839 2570325 79886 2490439 1284158 1206281 318192 1259631
cat_boundaries=0 1 2 3 4 5 6 7 8 9 10
cat_threshold=16760833 1032304 252 4294 14681859 522240 6148 2093056 16253699 6146
is_linear=0
shrinkage=0.1


Tree=245
num_leaves=31
num_cat=11
split_feature=38 75 24 76 72 7 75 17 16 18 19 30 0 75 76 75 72 48 76 2 0 83 34 76 76 15 5 75 76 34
split_gain=522.873 1314.73 548.937 1186.74 648.27 706.176 1356.65 628.814 580.199 648.847 706.72 695.695 683.418 635.908 844.209 938.061 1126.89 852.738 826.617 1497.26 1339.7 1299.86 938.353 1609.03 906.839 821.711 736.843 851.817 1889.82 1017.77
threshold=1.7500000000000002 0 1.7500000000000002 1 36.099998474121101 5.6499998569488534 2 5.4500000476837167 34.95000076293946 28.349999427795414 31.250000000000004 1.0000000180025095e-35 22.050000190734867 3 4 5 37.670000076293952 3.8500000238418584 6 13.250000000000002 27.050000190734867 15.150000095367433 1.0000000180025095e-35 7 8 20.849999427795414 29.44999980926514 9 10 1.0000000180025095e-35
decision_type=8 1 2 1 2 10 1 8 8 8 10 10 2 1 1 1 2 8 1 8 2 10 10 1 1 10 10 1 1 8
left_child=2 -2 8 -4 7 -6 -7 -5 9 10 13 -11 -13 18 15 16 -15 -18 20 21 26 22 24 -24 -20 -22 27 28 -1 -30
right_child=1 -3 3 4 5 6 -8 -9 -10 11 -12 12 -14 14 -16 -17 17 -19 19 -21 25 -23 23 -25 -26 -27 -28 -29 29 -31
leaf_value=-0.014423732429791836 -0.021415453342150833 -0.0003273849398440973 0.017078657810658423 0.045049943680498597 0.015499903417847783 -0.0026625041509219746 -0.048659370026413261 0.0027986866718324125 0.030771679351001814 -0.0043415891725772813 0.10603855823664064 -0.11657520641516175 -0.02408444898617431 -0.0032888892642260951 0.00024496931590961942 -0.0006436852640255258 -0.021258668081031662 -0.00033235854328445832 0.0045479751542245022 0.00030472029740264881 0.051401925102214023 0.054495671931417522 -0.033798099792844795 0.0097315943995259571 0.014464466140224272 0.0098899620613037524 -0.023936551058408397 0.0018906122834452099 0.0025538680107340473 -0.021488258932246512
leaf_weight=132181 39676 115925 59289 3877 7552 18121 9919 38516 6120 202975 631 905 6814 175385 2007390 384339 82014 25536 206979 580054 5198 5971 14395 20680 166357 57696 14833 379031 212442 19199
leaf_count=132181 39676 115925 59289 3877 7552 18121 9919 38516 6120 202975 631 905 6814 175385 2007390 384339 82014 25536 206979 580054 5198 5971 14395 20680 166357 57696 14833 379031 212442 19199
internal_value=2.75319e-09 -0.00570593 0.000183276 0.00641668 -0.00169119 -0.0116419 -0.018952 0.00666272 1.49138e-06 -3.85668e-05 0.000215919 -0.00546217 -0.0349284 0.000201046 -0.000779335 -0.00386075 -0.00823064 -0.0162901 0.00164576 0.00358433 -0.000703548 0.00817523 0.00749802 -0.00814013 0.00896723 0.0133208 -0.00186769 -0.00142703 -0.00488328 0.000561171
internal_weight=5e+06 155601 4.8444e+06 137274 77985 35592 28040 42393 4.70712e+06 4.701e+06 4.49031e+06 210694 7719 4.48968e+06 2.67466e+06 667274 282935 107550 1.81502e+06 994436 820580 414382 408411 35075 373336 62894 757686 742853 363822 231641
internal_count=5000000 155601 4844399 137274 77985 35592 28040 42393 4707125 4701005 4490311 210694 7719 4489680 2674664 667274 282935 107550 1815016 994436 820580 414382 408411 35075 373336 62894 757686 742853 363822 231641
cat_boundaries=0 1 2 3 4 5 6 7 8 9 10 11
cat_threshold=6180 81888 1984 6560 230145 536 9977372 482 6340706 6144 7172
is_linear=0
shrinkage=0.1


Tree=246
num_leaves=31
num_cat=5
split_feature=74 72 72 76 73 76 72 76 86 74 73 76 91 72 91 91 79 74 87 83 18 86 2 83 76 24 73 73 23 2
split_gain=516.215 754.164 1253.39 2346.86 1367.95 1135.18 1779.55 968.506 1202.77 965.192 809.653 931.017 810.832 759.212 727.352 726.94 662.728 656.296 632.919 612.426 764.675 928.489 1081.41 863.112 1038.64 928.103 870.139 827.96 866.753 796.389
threshold=542.00000000000011 35.578300476074226 36.013349533081062 0 137.88999938964847 1 36.436649322509773 2 -3.1499999761581416 1099.0000000000002 140.23665618896487 3 2.1499999761581425 40.609199523925788 3.3500000238418584 1.1500000357627871 2.0499999523162846 878.50000000000011 1.0000000180025095e-35 30.44999980926514 23.94999980926514 21.050000190734867 19.250000000000004 20.650000572204593 4 1.0000000180025095e-35 143.05250549316409 140.55999755859378 23.150000572204593 14.050000190734865
decision_type=2 2 2 1 2 1 2 1 10 2 2 1 8 2 10 10 8 2 8 10 10 10 8 8 1 2 2 2 8 10
left_child=19 7 3 9 18 6 16 8 -2 -3 12 -12 -8 15 -9 -7 -4 -13 -5 20 21 -1 -23 27 -25 26 -26 29 -29 -22
right_child=1 2 5 4 -6 13 10 14 -10 -11 11 17 -14 -15 -16 -17 -18 -19 -20 -21 23 22 -24 24 25 -27 -28 28 -30 -31
leaf_value=0.00016932310009453943 0.0069968285349782545 0.062849929279896327 0.027418213563328332 -0.027307462342107874 0.013660403888831333 0.0052166054829719082 0.0060983334536109995 -0.0043782167757947556 -0.056587974553817692 -0.0035475028384933261 -0.010254786493936503 -0.040813299367677754 -0.02419544373541542 0.046530875024794263 -0.056668339040208265 -0.014304316133589307 -0.0059159660547638054 -0.094298428114386962 0.030863878708513579 0.010121093339198894 0.028300056122856444 0.026221168563033859 0.0040092351473634564 0.0017353477973480178 -0.007954522544925886 0.011868616598893126 -0.084357949838034504 -0.021360996136933479 -0.077522097391196185 -0.011642100989231316
leaf_weight=3552032 4313 10236 10830 16349 31348 71434 11871 49881 9589 2785 5512 5806 34551 3638 2810 26027 13275 3793 2112 62194 5608 23362 354818 358975 238018 24855 1500 13599 3444 45435
leaf_count=3552032 4313 10236 10830 16349 31348 71434 11871 49881 9589 2785 5512 5806 34551 3638 2810 26027 13275 3793 2112 62194 5608 23362 354818 358975 238018 24855 1500 13599 3444 45435
internal_value=-1.23164e-08 -0.00391092 -0.00138802 0.0108294 0.000942635 -0.00549874 -0.0139693 -0.0133659 -0.0368347 0.0486112 -0.0229933 -0.0430986 -0.0164487 0.00167763 -0.00716548 3.53536e-06 0.00906056 -0.0618832 -0.0206525 0.000263975 0.000131326 0.000670846 0.00538137 -0.00293538 -0.00176771 -0.0065241 -0.008433 -0.0136258 -0.0327099 -0.00725373
internal_weight=5e+06 316160 249567 62830 49809 186737 85638 66593 13902 13021 61533 15111 46422 101099 52691 97461 24105 9599 18461 4.68384e+06 4.62165e+06 3.93021e+06 378180 691434 623348 264373 239518 68086 17043 51043
internal_count=5000000 316160 249567 62830 49809 186737 85638 66593 13902 13021 61533 15111 46422 101099 52691 97461 24105 9599 18461 4683840 4621646 3930212 378180 691434 623348 264373 239518 68086 17043 51043
cat_boundaries=0 1 2 3 4 5
cat_threshold=1984 32752 7936 30720 2046
is_linear=0
shrinkage=0.1


Tree=247
num_leaves=31
num_cat=6
split_feature=89 3 18 73 91 72 73 91 17 89 89 72 76 73 76 81 75 59 78 48 74 80 0 55 48 76 72 75 60 76
split_gain=504.76 1128.54 841.5 803.854 672.062 610.713 903.506 795.705 1225.82 1471.49 1420.44 1137.17 1352.44 1257.81 1468.08 975.373 969.966 939.365 900.147 955.865 948.614 767.687 753.34 723.698 1869.85 2091.8 885.252 806.644 785.53 742.221
threshold=26.849999427795414 24.44999980926514 30.349999427795414 138.8433532714844 2.0499999523162846 26.891649246215824 131.188346862793 3.0499999523162846 8.8499999046325701 3.2500000000000004 15.150000095367433 43.387498855590827 0 141.81670379638675 1 1.0000000180025095e-35 2 2.9500000476837163 1.0000000180025095e-35 0.65000000596046459 105.50000000000001 -2.4500000476837154 3.8500000238418584 4.5499999523162851 3.6499999761581425 3 38.653350830078132 4 3.8500000238418584 5
decision_type=10 10 10 2 10 2 2 10 10 8 8 2 1 2 1 10 1 8 10 8 2 8 2 10 10 1 2 1 10 1
left_child=2 -2 5 -4 -5 6 -1 23 10 22 11 13 16 17 -15 21 -13 -9 19 -11 -21 -16 -10 28 -25 26 -26 -28 29 -7
right_child=1 -3 3 4 -6 7 -8 8 9 18 -12 12 -14 14 15 -17 -18 -19 -20 20 -22 -23 -24 24 25 -27 27 -29 -30 -31
leaf_value=0.0044624105150486183 0.021864774082642268 0.0017982079850021586 -0.0047177747087666375 -0.022517879086013409 -0.082673144409474777 0.003528468775520776 0.035907535019771161 -0.0053849219059417756 -0.080414722084522397 0.013655565764464439 0.030995422237664272 0.046805877823099112 -0.002098605848144015 0.018985283968514594 -0.07741060019580695 0.043619858929179328 0.007186020427626884 0.008337909781778256 0.0064567548646376404 -0.0063714061013678443 -0.019143484837962549 -0.029789244715831414 0.0014524156760653006 -0.01156571701289941 0.0069293478862574691 -0.0058824267031703202 0.043287663647802531 0.0097111529592265374 -0.0038385901756788142 0.0002303999191362008
leaf_weight=71280 32162 217970 47483 15666 2107 981183 10481 135267 4076 18934 15343 14421 27974 6924 4119 1552 10831 79024 48127 239206 76830 19001 1552 168372 40582 102225 17619 12077 337114 2240498
leaf_count=71280 32162 217970 47483 15666 2107 981183 10481 135267 4076 18934 15343 14421 27974 6924 4119 1552 10831 79024 48127 239206 76830 19001 1552 168372 40582 102225 17619 12077 337114 2240498
internal_value=-1.27907e-08 0.00437837 -0.000230582 -0.0115081 -0.0296493 -7.3488e-05 0.00849338 -0.000225662 -0.00332196 -0.00707721 0.00132022 -0.000201974 0.0130506 -0.0030707 -0.021697 -0.0331084 0.0298218 -0.000324359 -0.00633149 -0.00816885 -0.00947637 -0.0382733 -0.0578387 0.000332656 -0.00406903 0.00324814 0.0165278 0.0296504 0.000754266 0.00123486
internal_weight=5e+06 250132 4.74987e+06 65256 17773 4.68461e+06 81761 4.60285e+06 703181 388725 314456 299113 53226 245887 31596 24672 25252 214291 383097 334970 316036 23120 5628 3.89967e+06 340875 172503 70278 29696 3.5588e+06 3.22168e+06
internal_count=5000000 250132 4749868 65256 17773 4684612 81761 4602851 703181 388725 314456 299113 53226 245887 31596 24672 25252 214291 383097 334970 316036 23120 5628 3899670 340875 172503 70278 29696 3558795 3221681
cat_boundaries=0 1 2 3 4 5 6
cat_threshold=2093056 1020 7174 2093056 7182 508
is_linear=0
shrinkage=0.1


Tree=248
num_leaves=31
num_cat=6
split_feature=17 10 76 10 80 17 74 73 4 18 76 0 2 75 75 72 18 4 0 84 80 89 1 8 75 60 17 75 2 74
split_gain=525.52 1759.75 2406.38 2036.59 1500.67 1445.93 1263.26 1149.57 1164.4 1116.73 1473.94 1528.52 1675.76 1315.21 1039.76 1328.35 1104.96 1202.16 959.656 1094.88 959.463 942.612 1384.64 982.218 951.379 936.356 896.039 885.905 988.204 908.145
threshold=16.250000000000004 17.750000000000004 0 14.949999809265138 18.650000572204593 19.44999980926514 396.50000000000006 144.04920196533206 7.4500000476837167 21.150000572204593 1 22.750000000000004 23.550000190734867 2 3 35.097499847412116 27.150000572204593 16.250000000000004 12.050000190734865 1.0000000180025095e-35 16.550000190734867 14.34999990463257 15.050000190734865 11.650000095367433 4 3.5499999523162846 19.44999980926514 5 16.250000000000004 42.500000000000007
decision_type=8 10 1 8 10 10 2 2 8 8 1 2 8 1 1 2 8 10 2 10 8 10 8 10 1 8 10 1 10 2
left_child=4 2 3 26 21 -5 7 8 25 10 18 12 -12 -13 -11 -16 -17 -18 19 -3 -10 -1 -23 24 -24 -4 -2 29 -29 -22
right_child=1 9 6 5 -6 -7 -8 -9 20 14 11 13 -14 -15 15 16 17 -19 -20 -21 27 22 23 -25 -26 -27 -28 28 -30 -31
leaf_value=-0.00021150317606559549 -0.03559218223431608 0.046174538087230391 0.029405514256144412 -0.005227948781547774 0.012306449631138488 -0.037360754629151498 -0.017591875811923601 -0.033553778324164799 -0.0098544817822041469 -0.00018463284642344146 1.0902369931045955e-05 0.037699591444892148 -0.033273517045107386 0.0029371312007670479 -0.0039895043382299168 -0.020318660434814104 0.018835466620492215 -0.11353516167792613 0.01048038699632239 -0.18663203731739841 -0.0021100994795486875 0.017014675209332652 -0.025740516823151857 0.0055246271114018607 0.0011866832063934299 -0.03279914521420374 -0.096894245858838185 0.005931999889825154 -0.012978754921337994 0.019204161136007092
leaf_weight=2472844 28272 10432 21122 76182 110537 17158 47150 9899 81567 998373 287581 19354 15966 24870 114551 30560 927 2640 136194 206 32934 79885 22564 159491 31340 2733 2604 59916 51286 50862
leaf_count=2472844 28272 10432 21122 76182 110537 17158 47150 9899 81567 998373 287581 19354 15966 24870 114551 30560 927 2640 136194 206 32934 79885 22564 159491 31340 2733 2604 59916 51286 50862
internal_value=1.28441e-08 -0.00119327 -0.00650792 -0.0184976 0.000880808 -0.0111347 -0.00234107 -2.39265e-05 0.0010809 0.000366123 0.00433801 0.000790673 -0.0017398 0.0181596 -0.00134654 -0.0091481 -0.0264662 -0.0791344 0.0127389 0.0416663 -0.000747525 0.000424228 0.00578451 0.00158047 -0.0100895 0.0222789 -0.0407622 0.00306188 -0.00278933 0.0108258
internal_weight=5e+06 2.12334e+06 481685 124216 2.87666e+06 93340 357469 310319 300420 1.64165e+06 494603 347771 303547 44224 1.14705e+06 148678 34127 3567 146832 10638 276565 2.76612e+06 293280 213395 53904 23855 30876 194998 111202 83796
internal_count=5000000 2123339 481685 124216 2876661 93340 357469 310319 300420 1641654 494603 347771 303547 44224 1147051 148678 34127 3567 146832 10638 276565 2766124 293280 213395 53904 23855 30876 194998 111202 83796
cat_boundaries=0 1 2 3 4 5 6
cat_threshold=507934 254072 1792 960 3840 224
is_linear=0
shrinkage=0.1


Tree=249
num_leaves=31
num_cat=8
split_feature=69 72 76 74 73 76 72 87 73 74 76 75 73 74 2 11 76 73 74 76 2 75 17 74 72 73 83 75 74 72
split_gain=504.332 554.719 1266.74 1570.55 1308.91 2050.53 1493.58 1193 1126.41 1078.85 1687.54 2045.96 1294.24 1216.46 1063.4 1005.27 951.531 916.439 865.983 955.402 1583.64 1493.14 2724.03 1315.89 1158.39 1153.65 1114.94 1097.12 1039.55 946.307
threshold=0.45000000298023229 38.085000991821296 0 322.00000000000006 139.99079895019534 1 38.316650390625007 1.0000000180025095e-35 144.46170043945315 41.500000000000007 2 3 141.90750122070315 19.500000000000004 -4.8500001430511466 -1.4499999880790708 4 139.94915008544925 752.50000000000011 5 1.8499999642372134 6 15.650000095367433 90.500000000000014 32.093299865722663 140.60749816894534 -0.25000000745058054 7 57.500000000000007 35.859998703002937
decision_type=8 2 1 2 2 1 2 8 2 2 1 1 2 2 8 10 1 2 2 1 8 1 10 2 2 2 8 1 2 2
left_child=-1 14 4 9 5 -3 -7 -8 -6 10 11 12 -4 -14 -2 -13 -5 -12 19 25 24 22 -22 26 -21 -16 -23 28 -26 -20
right_child=1 2 3 16 8 6 7 -9 -10 -11 17 15 13 -15 18 -17 -18 -19 29 20 21 23 -24 -25 27 -27 -28 -29 -30 -31
leaf_value=-0.0026748219627509302 0.025484014119949383 -0.015573963205730011 -0.021578461117999437 -0.035664699029129235 -0.00033522682673262387 -0.028163425481710275 0.047999216719238819 -1.4439935084253574e-05 0.016138553524577853 0.0010592553599478674 0.017907026579896523 0.011587417947191359 -0.08233936710755653 -0.01941158788270125 -0.0010998420796742439 -0.011978871318926434 -0.01008265216879467 -0.0030765139018537053 -0.029264454828275572 0.08200386585551761 0.023924743876246098 0.066228469676573087 0.0033249488185315896 -0.0055125147252829132 0.024180492229010565 0.017491393934460489 0.0023160896848326575 0.031877855741105375 0.0013972168505785804 -0.0036303345994263877
leaf_weight=617795 17913 13224 37466 21783 570071 3844 24610 6553 44765 411283 23173 23952 8010 4983 1256104 74097 43770 204416 17426 2450 75761 2744 420405 318465 28019 34289 515787 23669 70211 82962
leaf_count=617795 17913 13224 37466 21783 570071 3844 24610 6553 44765 411283 23173 23952 8010 4983 1256104 74097 43770 204416 17426 2450 75761 2744 420405 318465 28019 34289 515787 23669 70211 82962
internal_value=1.4741e-08 0.000377108 -0.00116991 -0.00371856 0.00210856 0.0179718 0.0306396 0.0379028 0.000864197 -0.00248045 -0.00635132 -0.0146432 -0.0310037 -0.0582057 0.00119536 -0.00622132 -0.0185904 -0.000939939 0.00104261 0.00137588 0.00313034 0.00212366 0.00647026 -0.000453047 0.0139234 -0.000605821 0.00265431 0.0125551 0.00789509 -0.00808007
internal_weight=5e+06 4.3822e+06 1.516e+06 852933 663067 48231 35007 31163 614836 787380 376097 148508 50459 12993 2.8662e+06 98049 65553 227589 2.84829e+06 2.7479e+06 1.45751e+06 1.33316e+06 496166 836996 124349 1.29039e+06 518531 121899 98230 100388
internal_count=5000000 4382205 1516000 852933 663067 48231 35007 31163 614836 787380 376097 148508 50459 12993 2866205 98049 65553 227589 2848292 2747904 1457511 1333162 496166 836996 124349 1290393 518531 121899 98230 100388
cat_boundaries=0 1 2 3 4 5 6 7 8
cat_threshold=16515175 100 3968 240 1920 16711695 368 4102
is_linear=0
shrinkage=0.1


Tree=250
num_leaves=31
num_cat=5
split_feature=89 3 89 86 2 77 0 72 17 76 1 88 77 1 33 76 74 73 75 76 72 77 2 77 89 0 76 86 80 18
split_gain=491.073 964.044 1440.2 1295.59 1248.62 1000.27 979.888 934.665 908.029 894.148 877.782 827.471 793.495 779.804 775.059 745.91 747.667 687.02 659.03 830.138 637.984 626.934 1338.2 2096.38 1760.98 1671.33 1576.43 1256.45 1216.66 1176.53
threshold=-5.5499999523162833 -3.0499999523162837 -3.6499999761581416 -2.8500000238418575 -5.9500000476837149 -2.8500000238418575 -2.7499999999999996 42.790000915527351 -3.1499999761581416 0 -5.3500001430511466 3.1499999761581425 -10.550000190734862 -6.6499998569488517 1.0000000180025095e-35 1 114.50000000000001 144.7174987792969 2 3 42.666648864746101 3.0499999523162846 5.0499999523162851 4.2500000000000009 4.4500000476837167 4.4500000476837167 4 3.8500000238418584 5.2500000000000009 6.6499998569488534
decision_type=8 8 10 10 10 10 2 2 8 1 10 8 8 10 8 1 2 2 1 1 2 8 8 10 10 2 1 10 10 10
left_child=11 2 3 5 7 8 9 -4 12 -3 -5 17 -2 -9 18 -14 -17 20 -10 -20 -1 27 23 24 28 26 -24 -8 29 -23
right_child=1 6 4 10 -6 -7 21 13 14 -11 -12 -13 15 -15 -16 16 -18 -19 19 -21 -22 22 25 -25 -26 -27 -28 -29 -30 -31
leaf_value=0.011730687094979243 -0.029270499317272783 0.0054094562491232272 0.032333283236754384 0.080116639071802609 0.013551106864711726 0.028922014249148604 -0.005624446018099089 0.15497553000080283 0.019008134094224742 -0.022383128648727556 0.01713570554505402 -0.017891341357863081 -0.011139031783328207 0.053611692450740746 -0.067250155809328888 -0.001270793750304458 0.02807363851776706 0.031713509373552017 -0.0010191215387940491 -0.037501342145207284 -0.011027826725917548 0.00094565034253099416 0.013064972854170874 0.017718647783666233 0.016157236556458909 -7.443226498301251e-05 -0.029426258300338071 0.018474304502169896 0.024203291484408078 -0.012985888474801564
leaf_weight=18891 7457 16939 7194 2645 46490 8942 328153 1354 4910 36552 13547 40828 17671 1727 3068 16590 18217 6326 11385 13802 35398 270111 11563 104578 72933 3727393 35614 23162 18401 78159
leaf_count=18891 7457 16939 7194 2645 46490 8942 328153 1354 4910 36552 13547 40828 17671 1727 3068 16590 18217 6326 11385 13802 35398 270111 11563 104578 72933 3727393 35614 23162 18401 78159
internal_value=7.37309e-09 0.000142622 0.007431 0.00114516 0.0205236 -0.00302472 -0.000127399 0.052071 -0.00609312 -0.0135852 0.0274238 -0.00688669 0.00125329 0.0981578 -0.0193694 0.00559064 0.0140832 0.00052563 -0.0144885 -0.0210176 -0.00310852 2.67474e-05 0.000357207 0.0049932 0.00196592 -0.000311166 -0.0190152 -0.00403563 -0.000856814 -0.00218088
internal_weight=5e+06 4.89856e+06 174999 118234 56765 102042 4.72356e+06 10275 93100 53491 16192 101443 59935 3081 33165 52478 34807 60615 30097 25187 54289 4.67007e+06 4.31875e+06 544182 439604 3.77457e+06 47177 351315 366671 348270
internal_count=5000000 4898557 174999 118234 56765 102042 4723558 10275 93100 53491 16192 101443 59935 3081 33165 52478 34807 60615 30097 25187 54289 4670067 4318752 544182 439604 3774570 47177 351315 366671 348270
cat_boundaries=0 1 2 3 4 5
cat_threshold=28916 130560 24 4657028 61566
is_linear=0
shrinkage=0.1


Tree=251
num_leaves=31
num_cat=6
split_feature=17 0 53 39 0 48 8 75 27 82 76 80 76 17 74 72 73 72 91 0 70 50 76 73 53 48 48 76 76 3
split_gain=504.337 1082.89 1775.09 1188.29 1042.5 1196.2 1200.19 1295.16 1021.15 800.751 1097.63 1119.35 1092.08 908.936 897.125 1489.02 1806.2 1497.55 1187.84 969.104 895.388 785.746 842.47 778.881 775.822 1881.03 912.346 818.937 790.303 1035.26
threshold=1.0500000119209292 -4.2499999999999991 2.5499999523162846 1.0000000180025095e-35 8.4499998092651385 3.2500000000000004 -1.5500000119209287 0 1.0000000180025095e-35 3.0499999523162846 1 0.45000000298023229 2 6.6499998569488534 249.50000000000003 37.249149322509773 137.86834716796878 32.232500076293952 1.2500000000000002 11.449999809265138 1.4499999880790713 0.25000000745058065 3 140.51084899902347 4.1499998569488534 2.7500000000000004 4.6499998569488534 4 5 26.250000000000004
decision_type=8 2 8 8 2 8 8 1 8 10 1 8 1 10 2 2 2 2 10 2 8 8 1 2 10 10 10 1 1 8
left_child=4 2 3 8 -1 6 -6 -8 -2 14 -11 12 13 -12 24 16 17 -16 23 -19 -13 -18 -23 -17 26 -26 28 -27 -3 -30
right_child=1 9 -4 -5 5 -7 7 -9 -10 10 11 20 -14 -15 15 18 21 19 -20 -21 -22 22 -24 -25 25 27 -28 -29 29 -31
leaf_value=0.001731769697268775 0.00028317176718591449 0.0038590649623772783 -0.083247739213699073 -0.15907152472114616 -0.032900212367654821 0.057000532901959083 -0.0086314531516590767 0.05077367294055643 -0.22187006447819019 0.0044773789373255051 -0.040566914147715967 -0.012517192162817194 0.00093969256064764637 -0.12434905401115018 0.021260046645698617 -0.018681068490471655 -0.010609356787644967 -0.013022822844795962 -0.021159698897779539 -0.0021076718766743275 -0.0025136689763547806 0.016363948789580179 0.0032958747589900885 -0.00042894657762976231 -0.014655239937423119 -0.011112140542048834 -0.0078570613834537985 0.0038554681066176365 0.0013908898264713874 -0.0074571036744432622
leaf_weight=657749 14065 1243758 4022 505 5050 7108 6773 8002 210 133938 6599 117852 5412 1611 21336 30540 23084 126793 66187 226911 371609 85990 115744 99724 103027 44015 95536 215431 1009241 152178
leaf_count=657749 14065 1243758 4022 505 5050 7108 6773 8002 210 133938 6599 117852 5412 1611 21336 30540 23084 126793 66187 226911 371609 85990 115744 99724 103027 44015 95536 215431 1009241 152178
internal_value=-6.16221e-09 -0.000400055 -0.0243465 -0.00831807 0.00252137 0.0218047 0.00918565 0.0235703 -0.00298493 -0.000295263 -0.00356735 -0.0057091 -0.0339842 -0.0569376 0.00027432 -0.00269461 -0.000219966 -0.00446846 -0.0102509 -0.00602045 -0.00492231 0.00686735 0.00886717 -0.0047081 0.00110004 -0.00322361 0.00172674 0.00131593 0.00210742 0.000231556
internal_weight=5e+06 4.31532e+06 18802 14780 684682 26933 19825 14775 14275 4.29652e+06 637021 503083 13622 8210 3.6595e+06 796309 599858 375040 196451 353704 489461 224818 201734 130264 2.86319e+06 362473 2.50071e+06 259446 2.40518e+06 1.16142e+06
internal_count=5000000 4315318 18802 14780 684682 26933 19825 14775 14275 4296516 637021 503083 13622 8210 3659495 796309 599858 375040 196451 353704 489461 224818 201734 130264 2863186 362473 2500713 259446 2405177 1161419
cat_boundaries=0 1 2 3 4 5 6
cat_threshold=120 8257536 2040 1000416 1564 64764
is_linear=0
shrinkage=0.1


Tree=252
num_leaves=31
num_cat=8
split_feature=89 4 18 48 71 25 0 45 76 75 72 74 74 73 76 76 72 9 51 76 73 23 73 76 72 76 72 72 75 73
split_gain=474.476 661.658 652.867 621.427 633.647 742.48 620.135 493.319 530.762 585.165 480.745 942.831 873.938 829.691 866.207 765.143 863.317 848.517 762.866 737.582 726.288 1265.55 689.104 2833.92 2569.01 2095.38 2253.7 1898.87 1301.5 1158.1
threshold=29.44999980926514 26.650000572204593 30.349999427795414 1.6500000357627871 1.6500000357627871 1.0000000180025095e-35 19.44999980926514 2.7500000000000004 0 1 32.94585037231446 268.00000000000006 199.50000000000003 131.31250000000003 2 3 32.548349380493171 11.050000190734865 1.9499999880790713 4 131.188346862793 10.050000190734865 134.46669769287112 5 35.170000076293952 6 34.879999160766609 34.788349151611335 7 137.86834716796878
decision_type=10 10 10 10 10 10 2 10 1 1 2 2 2 2 1 1 2 10 8 1 2 8 2 1 2 1 2 2 1 2
left_child=2 -2 7 4 5 -4 -5 10 9 -9 11 12 15 19 -15 20 17 18 -17 -14 -1 -22 23 24 27 26 29 -12 -28 -24
right_child=1 -3 3 6 -6 -7 -8 8 -10 -11 22 -13 13 14 -16 16 -18 -19 -20 -21 21 -23 25 -25 -26 -27 28 -29 -30 -31
leaf_value=0.0075964204783694885 0.019973266186201429 0.0018311337213592503 0.0073305426847066271 -0.19663244846848971 -0.020244862760043961 -0.072273697513803567 -0.018666964650338066 -0.038460749154739599 -0.0010172963651369122 -0.0092736152025424037 -0.0091080109286411515 0.016303200977600945 0.010479153406320741 0.0056444351468229112 -0.052381678544384816 -0.0033357427926726463 0.012424464994981392 0.0004346783713029886 -0.036662300058674879 -0.01768256291628912 0.090056643088501365 0.01684743296389013 0.01002975945829044 0.0026198310124758307 0.013246768664699222 -0.0020297654940502163 -0.0022620453988672013 -0.031513315015927988 0.0038259147688456973 0.031509275660249303
leaf_weight=68243 27617 73884 36095 197 13935 1211 32164 9163 54454 27441 303499 49428 18728 3781 8061 15279 51426 184663 12478 18456 3010 10956 129944 458638 46016 1702161 532088 43212 1032661 31111
leaf_count=68243 27617 73884 36095 197 13935 1211 32164 9163 54454 27441 303499 49428 18728 3781 8061 15279 51426 184663 12478 18456 3010 10956 129944 458638 46016 1702161 532088 43212 1032661 31111
internal_value=7.21793e-09 0.00676735 -0.000140218 -0.00890147 -0.00204991 0.00474649 -0.0197503 1.19054e-05 -0.00727862 -0.0165885 0.00015244 0.00328254 0.00165354 -0.010842 -0.0338941 0.0034238 0.000798809 -0.00201568 -0.0183175 -0.00350064 0.0118471 0.0326257 -0.000172694 -0.00271902 -0.00895373 0.000459709 0.00291507 -0.0119005 0.00175573 0.014179
internal_weight=5e+06 101501 4.8985e+06 83602 51241 37306 32361 4.8149e+06 91058 36604 4.72384e+06 444509 395081 49026 11842 346055 263846 212420 27757 37184 82209 13966 4.27933e+06 851365 392727 3.42796e+06 1.7258e+06 346711 1.56475e+06 161055
internal_count=5000000 101501 4898499 83602 51241 37306 32361 4814897 91058 36604 4723839 444509 395081 49026 11842 346055 263846 212420 27757 37184 82209 13966 4279330 851365 392727 3427965 1725804 346711 1564749 161055
cat_boundaries=0 1 2 3 4 5 6 7 8
cat_threshold=1042435 1064 4080 2544 16769025 983294 983295 46
is_linear=0
shrinkage=0.1


Tree=253
num_leaves=31
num_cat=8
split_feature=16 0 53 76 86 1 75 86 80 17 0 76 6 48 88 12 75 11 76 11 0 52 2 83 17 75 72 75 76 9
split_gain=490.692 1097.88 1724.16 1557.92 1079.96 1310.15 1026.25 851.906 1061.03 1053.63 1576.25 2360.74 1575.07 1453.46 1329.51 1173.05 1098.56 1062.46 3469.81 1483.39 1237.66 1198.84 1270.1 1404.76 1038.26 1560.26 1151.4 1276.55 1044.88 1119.05
threshold=-1.9499999880790708 -6.6499998569488517 3.1499999761581425 0 -1.9499999880790708 -2.1499999761581416 1 5.8500001430511483 10.050000190734865 11.250000000000002 15.750000000000002 2 20.050000190734867 3.6499999761581425 1.0500000119209292 8.2500000000000018 3 11.449999809265138 4 8.2500000000000018 22.050000190734867 1.7500000000000002 3.4500000476837163 11.650000095367433 15.650000095367433 5 27.989149093627933 6 7 12.650000095367433
decision_type=10 2 8 1 10 10 1 8 10 8 2 1 10 10 8 10 1 8 1 10 2 8 10 8 8 1 2 1 1 8
left_child=4 2 3 6 -1 -6 -2 8 -3 10 12 13 14 15 -9 -12 -15 18 19 -11 21 22 -20 -24 28 26 -26 -28 29 -19
right_child=1 7 -4 -5 5 -7 -8 9 -10 17 11 -13 -14 16 -16 -17 -18 24 20 -21 -22 -23 23 -25 25 -27 27 -29 -30 -31
leaf_value=0.0002087120146430292 0.025131070172252207 -0.0038455973498784713 -0.099906166952487982 -0.11920140228525999 0.03999879110652306 0.0076565493145825366 -0.029488000094597889 0.012566318676687669 0.043513784253377208 -0.054964384684442071 -0.0097784624105928687 0.049935278455865033 -0.023767144119393201 0.070823753343389501 0.0011044069927661107 0.018287994039776538 0.017408597832151942 -0.00067284028376982466 0.021963310680762009 -0.017802415591024478 0.053867725597205131 0.012789503076921276 -0.029084611620929991 -0.0020861376292396574 0.0032744361833234171 -2.7787327281937239e-05 -0.042709593878049436 -0.010385517033334193 0.0011413582347712639 0.018499784598552435
leaf_weight=255317 6822 655441 2628 1235 14819 80914 6919 114025 4765 12629 39308 16183 23549 5326 899726 23974 13913 46956 14200 71863 4416 50986 27512 64344 59377 1921246 13233 158316 303491 86567
leaf_count=255317 6822 655441 2628 1235 14819 80914 6919 114025 4765 12629 39308 16183 23549 5326 899726 23974 13913 46956 14200 71863 4416 50986 27512 64344 59377 1921246 13233 158316 303491 86567
internal_value=-1.36099e-08 -0.000272238 -0.025198 -0.0120882 0.00360505 0.012663 -0.00237269 -0.000177494 -0.00350378 0.000375506 0.00294876 0.0150243 0.00179972 0.00817099 0.00239362 0.000854344 0.0322416 -0.000655567 -0.00693654 -0.0233542 0.00165629 0.000188219 -0.0058698 -0.0101725 -5.89299e-05 -0.00096129 -0.00872742 -0.012882 0.00438494 0.0117565
internal_weight=5e+06 4.64895e+06 17604 14976 351050 95733 13741 4.63135e+06 660206 3.97114e+06 1.136e+06 98704 1.0373e+06 82521 1.01375e+06 63282 19239 2.83514e+06 245950 84492 161458 157042 106056 91856 2.58919e+06 2.15217e+06 230926 171549 437014 133523
internal_count=5000000 4648950 17604 14976 351050 95733 13741 4631346 660206 3971140 1136004 98704 1037300 82521 1013751 63282 19239 2835136 245950 84492 161458 157042 106056 91856 2589186 2152172 230926 171549 437014 133523
cat_boundaries=0 1 2 3 4 5 6 7 8
cat_threshold=166908 28 1044500 7686 516156 6174 4102 246008
is_linear=0
shrinkage=0.1


Tree=254
num_leaves=31
num_cat=5
split_feature=17 75 72 76 87 76 0 48 73 22 23 10 72 2 86 51 80 76 2 80 80 17 8 7 48 76 11 59 17 21
split_gain=475.76 1068.69 1770.4 1522.5 1319.29 1225.38 1060.6 1161.77 963.311 936.658 915.211 900.504 835.067 825.266 2243.97 1967.14 1912.13 1185.13 1342.5 1603.96 1310.08 1240.13 1236.85 1211.16 1152.75 1095.48 1462 1232.77 1258.18 1166.7
threshold=3.2500000000000004 0 36.24749946594239 1 1.0000000180025095e-35 2 11.84999990463257 4.3500001430511483 139.04914855957034 8.8499999046325701 10.250000000000002 0.25000000745058065 31.308349609375004 12.050000190734865 14.750000000000002 1.7500000000000002 16.849999427795414 3 17.550000190734867 11.650000095367433 10.650000095367433 19.250000000000004 18.94999980926514 10.449999809265138 1.9499999880790713 4 15.949999809265138 1.3499999642372134 13.34999990463257 7.8500001430511483
decision_type=8 1 2 1 10 1 2 10 2 10 8 8 2 8 10 8 8 1 10 10 10 8 10 8 10 1 8 10 10 8
left_child=6 2 3 9 5 -4 10 11 -6 -2 -1 -8 -11 14 15 25 17 20 19 -19 -15 23 -22 -21 -17 26 27 -3 -29 -27
right_child=1 13 4 -5 8 -7 7 -9 -10 12 -12 -13 -14 16 -16 24 -18 18 -20 21 22 -23 -24 -25 -26 29 -28 28 -30 -31
leaf_value=0.0012702554416693088 -0.0046194281734739115 0.0088423697127505956 -0.018850547090094136 0.0018635725737301363 -0.055739133640000521 -0.0017802542559988835 -0.011068634661183706 0.082602831631528914 -0.016946349014973872 -0.0025511436416433531 0.043238780338212407 0.034227584355623362 -0.031091005206956891 0.042683641100519927 0.03395838044669286 -0.00060754803678080233 0.00070680782361714697 -0.025539116364922534 -0.025112162774708596 -0.021555259019162956 -0.0074075742331449201 -0.025672184718410613 0.019745184916078518 0.0024525733985448633 0.014117280757285001 0.0028543974126443322 0.028789221432258427 0.0029401295965541495 -0.027917187935366836 -0.012346387684630915
leaf_weight=938063 116233 72363 70585 462881 10726 104029 7701 2937 15876 15451 5225 10205 30470 7544 23430 78418 2188020 39250 49319 24237 67881 22404 22283 157989 165104 79922 21108 28821 24401 137124
leaf_count=938063 116233 72363 70585 462881 10726 104029 7701 2937 15876 15451 5225 10205 30470 7544 23430 78418 2188020 39250 49319 24237 67881 22404 22283 157989 165104 79922 21108 28821 24401 137124
internal_value=-1.97217e-08 -0.000476789 -0.00368398 -0.00105764 -0.0118423 -0.00868184 0.00199575 0.0243083 -0.0325877 -0.00939599 0.00150272 0.0147466 -0.0214882 0.000348847 0.00359136 0.00241971 -0.000444126 -0.00688624 -0.0100646 -0.007022 0.00265206 -0.00347024 -0.000697081 -0.000740592 0.00937565 -0.00223727 0.00443804 0.000345508 -0.0112072 -0.00674875
internal_weight=5e+06 4.03587e+06 826251 625035 201216 174614 964131 20843 26602 162154 943288 17906 45921 3.20962e+06 630691 607261 2.57893e+06 390907 293199 243880 97708 204630 90164 182226 243522 363739 146693 125585 53222 217046
internal_count=5000000 4035869 826251 625035 201216 174614 964131 20843 26602 162154 943288 17906 45921 3209618 630691 607261 2578927 390907 293199 243880 97708 204630 90164 182226 243522 363739 146693 125585 53222 217046
cat_boundaries=0 1 2 3 4 5
cat_threshold=4110 95 16161 124 1044720
is_linear=0
shrinkage=0.1


Tree=255
num_leaves=31
num_cat=7
split_feature=17 23 0 76 2 12 83 0 57 2 12 0 4 28 75 36 76 0 76 76 16 76 72 10 19 0 11 75 5 73
split_gain=501.026 1324.89 1215.99 2020.49 1611.97 1207.1 1180.54 1096.37 1721.84 1078.57 1074.13 1363.26 2053.96 1543.18 1034.27 1043.12 930.937 874.054 836.155 823.529 1148.61 754.949 2110.81 1806.23 1614.12 1371.66 1813.42 1574.18 1176.57 1100.84
threshold=19.94999980926514 9.0500001907348651 22.849999427795414 0 23.750000000000004 19.250000000000004 19.849999427795414 9.4499998092651385 1.5500000119209292 9.2500000000000018 20.150000572204593 14.84999990463257 15.250000000000002 1.0000000180025095e-35 1 1.0000000180025095e-35 2 9.8499999046325701 3 4 13.949999809265138 5 36.436649322509773 -10.349999904632567 -6.6499998569488517 -5.2499999999999991 -0.35000000894069666 6 -1.0000000180025095e-35 139.36750030517581
decision_type=10 10 2 1 10 8 10 2 10 8 8 2 8 10 1 10 1 2 1 1 8 1 2 8 10 2 10 1 8 2
left_child=2 17 4 -4 6 19 21 8 -3 -9 11 14 -13 -14 15 -11 -8 -2 -16 -5 -21 22 28 24 -24 -25 -27 -28 -1 -30
right_child=1 7 3 5 -6 -7 16 9 -10 10 -12 12 13 -15 18 -17 -18 -19 -20 20 -22 -23 23 25 -26 26 27 -29 29 -31
leaf_value=0.02375233952974546 -0.0067750369973662329 -0.0017815650401880217 0.098558493223832311 -0.0078328660079623816 -0.023718700368866336 0.031969064322598315 0.022528004995740192 0.040321176930723575 -0.10004373079098908 -0.0020053472774081206 -3.2593800322540659e-05 0.014784264721514277 -0.012914181375494863 0.01730137991840008 -0.030424303842257999 -0.10614191368383769 0.0045044709806681621 -0.060527780437943816 -0.081764785743648441 0.039606503204830522 0.0049265969205153281 0.00063992914257482523 -0.032879925475810333 -0.053741905318802831 0.070418697974652777 0.0059937068540640197 -0.03154251056544418 -0.0092140817393257315 -0.0022206085915680968 0.027959925260420505
leaf_weight=25733 5868 4675 2533 36362 27735 18589 38726 6266 2883 15174 1204498 44181 147936 19083 11708 1027 110212 6244 4368 11509 56116 2851138 2188 7872 4901 46497 47755 93240 131676 13307
leaf_count=25733 5868 4675 2533 36362 27735 18589 38726 6266 2883 15174 1204498 44181 147936 19083 11708 1027 110212 6244 4368 11509 56116 2851138 2188 7872 4901 46497 47755 93240 131676 13307
internal_value=-2.1504e-08 -0.00154833 0.000647172 0.0103294 0.000291 0.00849745 0.000488409 -0.00127542 -0.0392637 -0.00107798 -0.00125714 -0.00731503 -0.0043898 -0.00946186 -0.0264558 -0.00860137 0.00919266 -0.0344857 -0.0444162 0.00430241 0.0108271 8.63399e-05 -0.00414318 -0.0110496 0.0385359 -0.0128489 -0.011132 -0.0167796 0.00404696 0.000549457
internal_weight=5e+06 1.47391e+06 3.52609e+06 125109 3.40098e+06 122576 3.37324e+06 1.4618e+06 7558 1.45424e+06 1.44798e+06 243477 211200 167019 32277 16201 148938 12112 16076 103987 67625 3.22431e+06 373169 202453 7089 195364 187492 140995 170716 144983
internal_count=5000000 1473911 3526089 125109 3400980 122576 3373245 1461799 7558 1454241 1447975 243477 211200 167019 32277 16201 148938 12112 16076 103987 67625 3224307 373169 202453 7089 195364 187492 140995 170716 144983
cat_boundaries=0 1 2 3 4 5 6 7
cat_threshold=2041 3840 3933180 8441075 458752 3584 6406
is_linear=0
shrinkage=0.1


Tree=256
num_leaves=31
num_cat=10
split_feature=85 64 76 72 65 70 50 75 76 73 74 76 88 82 24 76 76 73 85 76 51 76 75 72 27 76 83 51 7 0
split_gain=487.361 934.925 1051.73 1085.68 873.656 825.153 776.14 1136.6 736.309 782.332 722.283 683.732 672.976 660.929 674.4 1645.56 1051.53 1234.85 963.785 1047.49 945.832 1360.51 1252.75 963.616 879.21 1385.04 853.987 721.729 682.322 664.257
threshold=1.0500000119209292 2.6499999761581425 0 37.095001220703132 1.5500000119209292 0.84999999403953563 1.1500000357627871 1 2 136.692497253418 577.00000000000011 3 1.1500000357627871 0.35000000894069677 1.0000000180025095e-35 4 5 143.25830078125003 5.6499998569488534 6 5.8500001430511483 7 8 38.73915100097657 1.0000000180025095e-35 9 28.050000190734867 2.0499999523162846 -1.4499999880790708 8.4499998092651385
decision_type=10 8 1 2 10 8 8 1 1 2 2 1 10 8 2 1 1 2 10 1 10 1 1 2 10 1 8 10 10 2
left_child=1 2 3 4 8 12 7 -3 9 -1 -5 -9 -2 -7 16 27 17 20 28 -20 24 -22 23 -23 26 29 -15 -16 -18 -26
right_child=5 6 -4 10 -6 13 -8 11 -10 -11 -12 -13 -14 14 15 -17 18 -19 19 -21 21 22 -24 -25 25 -27 -28 -29 -30 -31
leaf_value=0.012060243524961701 -0.0017049541688474311 -0.00069833042587030012 0.0003098471406764196 0.00075317874111499703 0.0031712824361442137 0.010165438976673633 -1.4124287252175773e-06 -0.005685813973076605 0.0090767146223928018 0.035893008993431029 -0.03367829684401024 -0.02241455762032243 -0.0095977936323971905 -0.0057055883655201846 0.0048698381267590863 -0.0040182190085797992 0.013442238358710071 -0.018253945001162314 0.0051035855771331493 -0.019693276629628623 -0.019624076217845125 0.020170681497993576 0.006137864185529909 0.071344107501605566 -0.054332229105725993 0.025761143079751123 0.0045240216125387849 0.024564692488004511 0.0018815886816637409 -0.00056556230061605259
leaf_weight=32925 264301 126051 1248664 249500 203161 60201 535865 43850 195987 23679 6245 55229 182703 614573 32041 83225 55693 52946 28995 41289 14505 10255 47307 5739 3403 23270 94104 44377 612842 7075
leaf_count=32925 264301 126051 1248664 249500 203161 60201 535865 43850 195987 23679 6245 55229 182703 614573 32041 83225 55693 52946 28995 41289 14505 10255 47307 5739 3403 23270 94104 44377 612842 7075
internal_value=-2.62615e-08 0.000903459 0.00205839 0.00512698 0.00805325 -0.00107887 -0.0020714 -0.00699849 0.0119799 0.0220262 -8.75985e-05 -0.0150121 -0.00493098 -0.000138886 -0.000489031 0.00571078 -0.00110302 -0.00345235 0.00167356 -0.00946564 -0.00249694 0.00799265 0.0143217 0.0385088 -0.00359625 0.0121733 -0.00434722 0.0163048 0.00284466 -0.0180105
internal_weight=5e+06 2.72116e+06 1.96016e+06 711497 455752 2.27884e+06 760995 225130 252591 56604 255745 99079 447004 1.83184e+06 1.77164e+06 159643 1.612e+06 873177 738819 70284 820231 77806 63301 15994 742425 33748 708677 76418 668535 10478
internal_count=5000000 2721156 1960161 711497 455752 2278844 760995 225130 252591 56604 255745 99079 447004 1831840 1771639 159643 1611996 873177 738819 70284 820231 77806 63301 15994 742425 33748 708677 76418 668535 10478
cat_boundaries=0 1 2 3 4 5 6 7 8 9 10
cat_threshold=123888 504 448 4129696 523520 521984 16252929 1792 7168 1792
is_linear=0
shrinkage=0.1


Tree=257
num_leaves=31
num_cat=5
split_feature=17 22 76 0 72 0 16 23 48 83 77 5 0 17 10 17 76 0 23 2 75 72 2 91 76 23 76 53 48 48
split_gain=469.253 1069.6 996.87 1628.95 1110.6 1010.29 869.782 863.351 832.763 830.485 851.998 863.838 1027.14 829.838 799.532 923.01 1000.76 788.233 1290.85 1045.65 775.222 727.5 712.972 712.027 970.768 909.891 853.968 1301.23 1554.22 1359.81
threshold=21.349999427795414 14.150000095367433 0 20.250000000000004 37.249149322509773 29.94999980926514 22.650000572204593 28.849999427795414 3.3500000238418584 21.349999427795414 23.349999427795414 24.150000572204593 21.650000572204593 24.849999427795414 28.050000190734867 27.550000190734867 1 10.650000095367433 15.550000190734865 10.250000000000002 2 43.063348770141609 23.650000572204593 0.84999999403953563 3 6.8500001430511483 4 4.1499998569488534 4.8500001430511483 2.9500000476837163
decision_type=8 8 1 2 2 2 10 8 10 10 10 10 2 10 10 8 1 2 10 10 1 2 8 8 1 8 1 10 10 10
left_child=9 -2 3 6 8 14 -3 -7 13 10 11 23 22 -5 15 17 20 18 -4 -19 -17 -21 -13 24 25 -1 27 28 -25 -29
right_child=1 2 5 4 -6 7 -8 -9 -10 -11 -12 12 -14 -15 -16 16 -18 19 -20 21 -22 -23 -24 26 -26 -27 -28 29 -30 -31
leaf_value=-0.0031340820861648251 -0.021838220828610987 -0.025350959952562275 -0.0028477382278019963 -0.00040370450675305641 -0.016140861122186389 0.05251708058431042 -0.088474777987494535 0.010275917704823119 0.0062648600441515675 0.0064067022784214285 0.014937320657279608 -0.01448135845255155 0.003442705229396464 -0.012691472782101429 0.007462726866779585 -0.0011262273428782675 -0.025141464027388989 0.047940507178336728 -0.11472539858271179 -0.00045808584060570641 -0.023080908276541308 0.014739755527210248 -0.048536505825327841 0.0037909284509204041 0.0022790943876809704 0.0280052414612941 -0.0019320617121270718 -0.016136900207924295 -0.0188409066805201 0.00024940557496023027
leaf_weight=13882 25818 7161 3074 145452 65877 5595 3140 35788 90192 227677 38676 39552 32127 88340 119150 108795 28346 4718 1552 440255 18864 33924 7279 983530 545755 28958 1598985 76535 31310 149693
leaf_count=13882 25818 7161 3074 145452 65877 5595 3140 35788 90192 227677 38676 39552 32127 88340 119150 108795 28346 4718 1552 440255 18864 33924 7279 983530 545755 28958 1598985 76535 31310 149693
internal_value=-2.87842e-08 -0.0016997 -0.0012665 -0.00534146 -0.0043045 0.000771712 -0.0445927 0.0159869 -0.00189776 0.00055214 0.000176268 1.35081e-05 -0.0103278 -0.00504673 -5.82108e-05 -0.00145943 -0.00814768 0.000698483 -0.0403821 0.00109531 -0.00437199 0.000629207 -0.0197746 0.000251656 0.00341715 0.0179106 -0.000404386 0.00156387 0.00309269 -0.00529423
internal_weight=5e+06 1.22604e+06 1.20022e+06 400162 389861 800061 10301 41383 323984 3.77396e+06 3.54628e+06 3.50761e+06 78958 233792 758678 639528 156005 483523 4626 478897 127659 474179 46831 3.42865e+06 588595 42840 2.84005e+06 1.24107e+06 1.01484e+06 226228
internal_count=5000000 1226041 1200223 400162 389861 800061 10301 41383 323984 3773959 3546282 3507606 78958 233792 758678 639528 156005 483523 4626 478897 127659 474179 46831 3428648 588595 42840 2840053 1241068 1014840 226228
cat_boundaries=0 1 2 3 4 5
cat_threshold=16769024 2016 1928 126976 8126716
is_linear=0
shrinkage=0.1


Tree=258
num_leaves=31
num_cat=7
split_feature=0 23 86 3 18 11 76 73 83 4 0 2 76 10 75 2 77 17 76 17 48 76 17 13 75 76 72 89 32 2
split_gain=471.569 484.991 456.125 913.259 670.209 931.82 1677.4 940.362 1024.63 1119.16 907.066 2049.84 1947.09 1627.87 2006.9 1235.63 1133.56 1123.44 905.682 900.706 897.891 888.738 855.157 816.616 801.644 868.352 820.504 791.66 784.478 746.915
threshold=34.850000381469734 34.149999618530281 27.44999980926514 24.94999980926514 18.150000572204593 18.849999427795414 0 134.16084289550784 14.949999809265138 13.84999990463257 19.94999980926514 21.349999427795414 1 16.250000000000004 2 24.050000190734867 17.349999427795414 10.84999990463257 3 16.050000190734867 4.5499999523162851 4 19.94999980926514 17.849999427795414 5 6 40.00164985656739 12.84999990463257 0.75000000000000011 10.449999809265138
decision_type=2 10 10 8 8 10 1 2 8 10 2 10 1 10 1 8 10 8 1 8 8 1 10 10 1 1 2 8 10 8
left_child=1 2 4 -4 10 6 22 29 -9 23 11 16 -12 17 19 -16 -1 20 -18 -15 -14 -13 -6 27 -19 26 -26 -10 -11 -8
right_child=-2 -3 3 -5 5 -7 7 8 9 28 12 21 13 14 15 -17 18 24 -20 -21 -22 -23 -24 -25 25 -27 -28 -29 -30 -31
leaf_value=6.8222824020953724e-05 0.031837366006555567 -0.027119587551990249 0.02180286973968644 0.001988996773268868 -0.011083674283798325 -0.00050351652122057687 0.032503442827465374 -0.021372855617599166 -0.031096166292591688 -0.010143260217404236 0.078405416116703583 -0.036055794186311399 0.013498002428125081 0.072786414729080873 0.017147093766772446 -0.016660947926300452 0.01966443186322718 -0.016432591061840862 0.0024600744611406734 0.02923626790902898 0.085827443763868944 0.023933312788169084 -0.030981474287772166 0.034200124318710889 0.0018769904140095732 0.023895551869793422 -0.038907912064442537 0.008918161863231867 0.022597513729340588 0.0033948531725992714
leaf_weight=2871219 4648 6600 27093 164532 70816 1216906 10146 34766 5756 108784 3790 20976 13147 6243 30255 16821 53310 42246 71830 19845 1974 2795 31078 10798 23731 13556 6227 35063 7846 67203
leaf_count=2871219 4648 6600 27093 164532 70816 1216906 10146 34766 5756 108784 3790 20976 13147 6243 30255 16821 53310 42246 71830 19845 1974 2795 31078 10798 23731 13556 6227 35063 7846 67203
internal_value=-3.57039e-08 -2.96593e-05 6.18004e-06 0.00479039 -0.000184929 -0.00185642 -0.00616339 -0.00216943 -0.00574432 -0.00251489 0.000650913 0.000242237 0.00759135 0.00604445 0.0174011 0.00506587 0.000474283 -0.00219133 0.00979095 0.0396429 0.0229404 -0.0290074 -0.0171509 0.00974487 -0.0066225 0.00290484 -0.00659826 0.00327563 -0.0079407 0.00721308
internal_weight=5e+06 4.99535e+06 4.98875e+06 191625 4.79713e+06 1.59916e+06 382256 280362 203013 168247 3.19796e+06 3.02013e+06 177835 174045 73164 47076 2.99636e+06 100881 125140 26088 15121 23771 101894 51617 85760 43514 29958 40819 116630 77349
internal_count=5000000 4995352 4988752 191625 4797127 1599162 382256 280362 203013 168247 3197965 3020130 177835 174045 73164 47076 2996359 100881 125140 26088 15121 23771 101894 51617 85760 43514 29958 40819 116630 77349
cat_boundaries=0 1 2 3 4 5 6 7
cat_threshold=1032252 2024 7936 16647040 16646152 1816 507904
is_linear=0
shrinkage=0.1


Tree=259
num_leaves=31
num_cat=5
split_feature=74 85 76 72 72 72 76 73 76 72 51 76 76 91 86 2 80 86 48 89 86 88 86 89 1 83 3 83 1 89
split_gain=462.588 603.635 953.314 673.36 874.403 856.66 1822.89 982.527 779.984 749.426 705.967 672.637 573.117 619.731 550.289 1124.01 1900.98 1521.6 1030.23 983.264 876.834 853.413 821.499 806.224 790.115 786.688 858.874 1204.23 1129.75 994.933
threshold=542.00000000000011 3.1499999761581425 0 35.525800704956062 34.996648788452156 36.013349533081062 1 137.88999938964847 2 33.750799179077156 1.0500000119209292 3 4 1.4499999880790713 -7.1499998569488517 -5.9500000476837149 -4.1499998569488517 -5.2499999999999991 0.75000000000000011 -4.0499999523162833 -13.749999999999998 0.94999998807907116 -0.84999999403953541 -13.15000009536743 -5.3500001430511466 -4.5499999523162833 -1.6500000357627866 -0.94999998807907093 -0.65000000596046437 0.65000000596046459
decision_type=2 10 1 2 2 2 1 2 1 2 8 1 1 10 8 8 10 10 10 10 10 8 10 10 10 8 8 10 10 10
left_child=14 3 -3 4 8 6 10 -8 9 -2 -5 -6 13 -7 18 16 17 19 20 -16 23 -20 -19 -1 -18 -17 27 29 -29 -27
right_child=1 2 -4 5 11 12 7 -9 -10 -11 -12 -13 -14 -15 15 25 24 22 21 -21 -22 -23 -24 -25 -26 26 -28 28 -30 -31
leaf_value=-0.093366664263950586 0.012600689895320583 -0.054518614247583232 -0.0089393179909236925 0.0201182042150524 -0.061798670355922028 0.0062694499478305786 -0.017717563755387297 0.01183522522754092 0.012013391681379597 -0.039959631296077019 0.065994778466817769 -0.01836401372493025 -0.0097376013272562102 -0.015211382888913908 -0.0042165406490250867 -0.013087069549926937 0.09449378845393297 0.033360373132123297 0.015991037904718904 0.05853477020159728 -0.016693928591715368 -0.011613606329293008 0.14034439521627018 0.0037195327273338175 0.020342776472795625 0.00094986486615824736 5.5368803469255432e-05 0.03893482434232632 0.00020331972868488466 0.035075867200374401
leaf_weight=3218 4261 5468 28358 6760 4292 69084 17522 31428 18782 7466 6658 21055 78354 16672 41475 44139 3827 10576 18408 2657 14939 28599 770 1165 2301 128439 4341815 20433 11927 9152
leaf_count=3218 4261 5468 28358 6760 4292 69084 17522 31428 18782 7466 6658 21055 78354 16672 41475 44139 3827 10576 18408 2657 14939 28599 770 1165 2301 128439 4341815 20433 11927 9152
internal_value=-1.29598e-08 -0.00370221 -0.016326 -0.00218977 -0.0120235 0.000235518 0.010212 0.00125634 -0.000619208 -0.0208441 0.0428502 -0.0257504 -0.00355593 0.00209307 0.000249886 0.000379796 0.0137968 0.00795866 -0.00879383 -0.000438551 -0.0282327 -0.000803593 0.0406209 -0.0675612 0.0666509 0.000198368 0.00032834 0.00730207 0.0246595 0.00321979
internal_weight=5e+06 316160 33826 282334 55856 226478 62368 48950 30509 11727 13418 25347 164110 85756 4.68384e+06 4.61751e+06 61606 55478 66329 44132 19322 47007 11346 4383 6128 4.5559e+06 4.51177e+06 169951 32360 137591
internal_count=5000000 316160 33826 282334 55856 226478 62368 48950 30509 11727 13418 25347 164110 85756 4683840 4617511 61606 55478 66329 44132 19322 47007 11346 4383 6128 4555905 4511766 169951 32360 137591
cat_boundaries=0 1 2 3 4 5
cat_threshold=1016 1984 4088 3840 16646223
is_linear=0
shrinkage=0.1


Tree=260
num_leaves=31
num_cat=7
split_feature=23 0 83 89 5 86 89 89 77 76 7 16 91 10 76 81 77 86 2 77 89 86 76 17 7 75 76 76 17 75
split_gain=455.794 626.089 764.296 568.554 647.742 765.148 570.166 547.042 723.798 631.245 675.457 628.242 604.06 625.092 669.024 540.986 532.66 1099.1 1066.71 2136.36 1586.74 1394.8 1205.68 1143.59 1907.11 2079.46 1698.48 1597.77 1563.78 1445.63
threshold=-12.949999809265135 9.8499999046325701 -4.5499999523162833 -2.7499999999999996 -7.5499999523162833 -9.1500000953674299 -13.15000009536743 -5.5499999523162833 -3.5499999523162837 0 -4.7499999999999991 -8.6500000953674299 4.1499998569488534 -13.15000009536743 1 1.0000000180025095e-35 2.2500000000000004 3.0499999523162846 4.0499999523162851 4.0499999523162851 3.6499999761581425 6.4500000476837167 2 8.8499999046325701 2.6499999761581425 3 4 5 1.6500000357627871 6
decision_type=10 2 10 10 8 10 10 8 10 1 10 10 10 10 1 10 8 10 8 10 10 8 1 8 8 1 1 1 10 1
left_child=1 2 3 4 5 6 -1 8 9 -2 -11 12 13 14 -9 -16 17 -13 19 20 -18 -20 -21 24 29 26 -26 -27 -28 -23
right_child=7 -3 -4 -5 -6 -7 -8 11 -10 10 -12 16 -14 -15 15 -17 18 -19 21 22 -22 23 -24 -25 25 27 28 -29 -30 -31
leaf_value=-0.0070552106932849495 -0.020913846633239138 -0.032452712282411436 0.063025980723874928 0.081890195661801946 -0.019333570990550206 0.079643469155673718 0.045084673428640532 0.054765782407991806 0.025859983688398921 0.0063021645121282555 -0.016786851030301028 -0.0047816059322164789 0.055646346154520181 0.017101795893264174 -0.032459369392770353 0.15314186071016775 -0.00048776433029086558 0.017931209809488657 -0.0074924949128172729 0.0040755549657211752 0.015481728231040588 -0.025329860108121563 0.030614894352096945 -0.0005687747649507196 0.023722336876623402 -0.012742710815378694 0.02971260485276439 0.0054638054148973686 0.0037261045641838902 0.00094299642360160918
leaf_weight=6578 33041 2643 3352 1072 6144 1858 3079 1143 5991 30616 21616 379498 3083 24589 6393 161 401170 22573 251262 27797 73640 34452 44602 3056155 87476 74526 26596 136417 179082 53395
leaf_count=6578 33041 2643 3352 1072 6144 1858 3079 1143 5991 30616 21616 379498 3083 24589 6393 161 401170 22573 251262 27797 73640 34452 44602 3056155 87476 74526 26596 136417 179082 53395
internal_value=-3.99372e-08 0.0135435 0.0190485 0.0111785 0.00688593 0.0208757 0.00956887 -6.73481e-05 -0.00773814 -0.0100986 -0.00325251 7.59906e-05 0.0133552 0.00931686 -0.0155531 -0.0278575 -2.08766e-05 -0.00350647 0.0002943 0.00442887 0.001989 -0.000285917 0.0204301 0.000210435 0.00423342 0.00660291 0.0120509 -0.000968842 0.00708605 -0.00936352
internal_weight=5e+06 24726 22083 18731 17659 11515 9657 4.97527e+06 91264 85273 52232 4.88401e+06 35369 32286 7697 6554 4.84864e+06 402071 4.44657e+06 547209 474810 3.89936e+06 72399 3.6481e+06 591944 504097 293154 210943 205678 87847
internal_count=5000000 24726 22083 18731 17659 11515 9657 4975274 91264 85273 52232 4884010 35369 32286 7697 6554 4848641 402071 4446570 547209 474810 3899361 72399 3648099 591944 504097 293154 210943 205678 87847
cat_boundaries=0 1 2 3 4 5 6 7
cat_threshold=2690672 1052296 130048 7174 418032 983040 5122
is_linear=0
shrinkage=0.1


Tree=261
num_leaves=31
num_cat=4
split_feature=66 48 76 76 75 17 13 0 30 81 11 27 72 73 73 73 64 72 73 1 72 1 84 83 75 31 73 72 74 0
split_gain=445.229 470.473 1368.16 445.287 1888.31 1878.83 2271.83 2100.57 1683.94 1522.46 1625 1240.78 1163.36 1190.35 1156.8 1080.12 1032.93 1041.62 1358.55 1000.04 995.211 992.114 1692.42 1489.46 1256.07 1310.31 1159.51 1264.84 1670.46 1484.06
threshold=10.949999809265138 11.34999990463257 0 1 2 5.6499998569488534 5.0499999523162851 1.4499999880790713 1.0000000180025095e-35 1.0000000180025095e-35 3.6499999761581425 1.0000000180025095e-35 38.602500915527351 143.1933517456055 145.12500000000003 140.37915039062503 1.1500000357627871 36.961700439453132 136.692497253418 -5.3500001430511466 26.048299789428714 0.65000000596046459 1.0000000180025095e-35 -0.25000000745058054 3 1.0000000180025095e-35 136.15579986572268 36.436649322509773 15.500000000000002 4.0499999523162851
decision_type=10 10 1 1 1 8 10 2 10 10 10 10 2 2 2 2 10 2 2 10 2 8 10 8 1 8 2 2 2 2
left_child=1 3 -3 4 -1 7 -7 8 9 10 11 12 15 -14 16 -6 17 18 -8 -10 -18 22 24 -23 -22 -26 -25 -28 -29 -30
right_child=-2 2 -4 -5 5 6 14 -9 19 -11 -12 -13 13 -15 -16 -17 20 -19 -20 -21 21 23 -24 26 25 -27 27 28 29 -31
leaf_value=0.0078665560429597384 0.013384775097171049 0.017268668457433991 -0.043359444958045126 -0.00049877092014822665 0.019390030281496752 -0.030366148380196002 0.0053756172734975918 0.036931513176270435 -0.081558576103404376 -0.032278979198858575 0.065276753147161443 -0.043988070713503649 -0.0047616246301671735 0.026146886251950188 -0.08862235661891639 0.07655065387222787 0.029489246807787962 -0.010846036981305592 0.042473516297200462 -0.015448578183512996 -0.013056490501024373 0.046939985886429537 -0.16613494510371021 -0.012677863141942677 0.035000823393035445 -0.2150542115880493 0.008332063595018124 -0.026651946741713801 -0.036658651704964899 0.0023054591246535572
leaf_weight=345448 24729 6465 8754 3926608 29008 30815 28210 22257 2848 8822 5234 4369 50290 16564 1551 3731 8797 16998 15185 11640 9252 5294 514 170876 18189 212 80154 34177 10809 102200
leaf_count=345448 24729 6465 8754 3926608 29008 30815 28210 22257 2848 8822 5234 4369 50290 16564 1551 3731 8797 16998 15185 11640 9252 5294 514 170876 18189 212 80154 34177 10809 102200
internal_value=-2.38199e-08 -6.65514e-05 -0.0176219 -1.26861e-05 0.0018342 -0.00119477 -0.00401009 0.0085053 0.00373055 0.00768036 0.0109087 0.00817152 0.0104597 0.00289638 -0.00239358 0.0259042 -0.00212656 0.0101377 0.0183571 -0.0284442 -0.0038081 -0.00448666 0.0136584 -0.00575327 0.0170003 0.0321025 -0.00645379 -0.00177558 -0.00727997 -0.00142135
internal_weight=5e+06 4.97527e+06 15219 4.96005e+06 1.03344e+06 687996 533233 154763 132506 118018 109196 103962 99593 66854 502418 32739 500867 60393 43395 14488 440474 431677 28167 403510 27653 18401 398216 227340 147186 113009
internal_count=5000000 4975271 15219 4960052 1033444 687996 533233 154763 132506 118018 109196 103962 99593 66854 502418 32739 500867 60393 43395 14488 440474 431677 28167 403510 27653 18401 398216 227340 147186 113009
cat_boundaries=0 1 2 3 4
cat_threshold=2093056 496 3840 4098
is_linear=0
shrinkage=0.1


Tree=262
num_leaves=31
num_cat=4
split_feature=17 33 16 25 84 29 13 76 9 17 20 0 14 2 76 0 29 17 23 76 0 4 17 28 89 2 76 89 4 11
split_gain=448.379 671.673 630.126 691.634 604.617 596.241 577.347 1675.56 783.172 702.73 968.463 939.929 823.827 1011.26 1320.52 1071.1 833.582 683.831 771.444 689.54 624.253 1146.04 860.535 620.786 608.098 681.528 859.666 621.449 586.505 584.691
threshold=29.349999427795414 1.0000000180025095e-35 29.750000000000004 1.0000000180025095e-35 1.0000000180025095e-35 1.0000000180025095e-35 27.250000000000004 0 25.050000190734867 22.44999980926514 19.050000190734867 28.550000190734867 23.250000000000004 16.849999427795414 1 17.550000190734867 1.0000000180025095e-35 24.349999427795414 17.349999427795414 2 18.250000000000004 16.349999427795414 24.94999980926514 1.0000000180025095e-35 20.750000000000004 24.349999427795414 3 23.44999980926514 -4.8500001430511466 24.349999427795414
decision_type=10 10 8 8 10 10 10 1 8 8 8 2 10 8 1 2 8 8 8 1 2 10 10 10 10 8 1 10 8 8
left_child=6 2 -2 4 5 -4 9 -8 -9 11 28 24 20 14 15 16 -14 -15 -19 -20 22 -22 -12 -23 -1 26 -26 -27 -11 -21
right_child=1 -3 3 -5 -6 -7 7 8 -10 10 12 -13 13 17 -16 -17 -18 18 19 29 21 23 -24 -25 25 27 -28 -29 -30 -31
leaf_value=-2.617768411473036e-05 -0.015544521373940851 -0.042709095567658867 0.0031317926811622087 -0.041006319441570106 -0.048039144494400929 -0.060556986805027829 0.025501825248500795 -0.024794549714514807 0.0030617791342147753 -0.55143500055585593 -0.011869965884733796 0.023114089284379642 0.017815077439608407 0.0062832245785455852 -0.12726999925859461 0.071103591359787541 -0.10315686129033566 -0.041906534956505592 0.0028413122814055451 -0.016025984631051 0.01934700850671707 -0.0094006092384397028 -0.051389754043349625 0.0086929128884865505 0.017343848238954764 -0.015907697796203855 0.003653050394046644 0.0021971509761478472 -0.022715827263218358 -0.0030781244743755929
leaf_weight=3606901 36599 4660 104004 4049 2448 1491 34369 10772 160056 21 31565 18219 19229 99958 584 3976 587 5074 131904 48871 17863 157181 6675 21564 63930 25367 162300 75052 22939 121792
leaf_count=3606901 36599 4660 104004 4049 2448 1491 34369 10772 160056 21 31565 18219 19229 99958 584 3976 587 5074 131904 48871 17863 157181 6675 21564 63930 25367 162300 75052 22939 121792
internal_value=-2.77944e-08 -0.00532554 -0.00415314 -0.000430441 0.00109158 0.00223166 0.000168361 0.00535922 0.00130515 -6.11199e-05 -0.00300623 0.000452951 -0.00231094 0.000280709 0.0200657 0.0237258 0.0142316 -0.000902512 -0.00323729 -0.00258881 -0.00707798 -0.00480422 -0.0187684 -0.00721779 0.000347991 0.00447962 0.00752284 -0.00237634 -0.0231994 -0.00678547
internal_weight=5e+06 153251 148591 111992 107943 105495 4.84675e+06 205197 170828 4.64155e+06 689783 3.95177e+06 666823 431975 24376 23792 19816 407599 307641 302567 234848 196608 38240 178745 3.93355e+06 326649 226230 100419 22960 170663
internal_count=5000000 153251 148591 111992 107943 105495 4846749 205197 170828 4641552 689783 3951769 666823 431975 24376 23792 19816 407599 307641 302567 234848 196608 38240 178745 3933550 326649 226230 100419 22960 170663
cat_boundaries=0 1 2 3 4
cat_threshold=496 1016 8128 3933127
is_linear=0
shrinkage=0.1


Tree=263
num_leaves=31
num_cat=7
split_feature=80 18 76 10 76 69 0 2 0 24 10 86 43 76 75 73 2 72 73 75 76 31 76 89 72 18 5 72 74 73
split_gain=449.827 513.652 626.767 1089.15 838.971 733.353 645.445 807.563 679.686 718.911 605.985 600.007 619.131 685.946 1075.92 1421.6 725.814 620.024 764.516 617.22 717.234 745.201 551.198 513.453 490.226 457.464 456.057 450.51 919.135 665.072
threshold=31.150000572204593 26.150000572204593 0 26.44999980926514 1 1.9499999880790713 20.750000000000004 20.349999427795414 26.650000572204593 1.0000000180025095e-35 21.349999427795414 25.349999427795414 1.7500000000000002 2 3 136.30250549316409 8.6500000953674334 36.613349914550788 142.79664611816409 4 5 1.0000000180025095e-35 6 26.650000572204593 39.460000991821296 20.94999980926514 30.44999980926514 32.826700210571296 268.00000000000006 134.46669769287112
decision_type=10 10 1 8 1 8 2 8 2 2 8 10 10 1 1 2 10 2 2 1 1 10 1 10 2 10 10 2 2 2
left_child=1 11 5 4 -4 23 -7 -8 9 -9 -6 12 27 14 24 -16 -15 -17 -19 -18 21 -21 25 -3 -14 -13 -24 28 -1 -29
right_child=-2 2 3 -5 10 6 7 8 -10 -11 -12 22 13 16 15 17 19 18 -20 20 -22 -23 26 -25 -26 -27 -28 29 -30 -31
leaf_value=0.0018234288211057205 0.010995223611254802 0.0048023918489677186 -0.0097594612544135359 -0.001112932600310542 -0.14989108972678652 -0.028964677130290658 0.029785332052194885 -0.018879991465488091 0.0041416066228417243 0.018437139858445341 -0.029361120164614715 0.011329638979508082 -0.0096218164296213455 0.0043976828398688897 -0.01124498739850769 0.051061680230130094 -0.0083904328743512196 0.0054852062898026145 0.073620511909103917 -0.060115154463093678 -0.014868485435831386 -0.0016740017499378365 0.01579553274977907 0.027177797689531991 -0.051487904723801374 -0.0032398001839945845 -0.0035548429485512505 -0.0027346014202260485 0.018236748305921032 0.0005573121596837542
leaf_weight=280335 36933 67279 75922 139683 425 9817 7359 36833 43056 6004 22528 30526 15152 20130 14967 7970 35206 11057 1935 9405 17299 2841 64155 12100 3430 73302 15034 762964 38846 3137507
leaf_count=280335 36933 67279 75922 139683 425 9817 7359 36833 43056 6004 22528 30526 15152 20130 14967 7970 35206 11057 1935 9405 17299 2841 64155 12100 3430 73302 15034 762964 38846 3137507
internal_value=-4.06026e-08 -8.18626e-05 -0.00342337 -0.00679749 -0.0148289 0.000988756 -0.00457504 -0.00200745 -0.00473134 -0.0136497 -0.0315791 0.000227863 -7.64282e-06 -0.00656479 0.00218944 0.012292 -0.0121856 0.0291035 0.0156331 -0.017343 -0.0279986 -0.0465192 0.00583707 0.00821315 -0.0173404 0.00104359 0.0121203 0.000208966 0.00382102 -8.6613e-05
internal_weight=5e+06 4.96307e+06 421006 238558 98875 182448 103069 93252 85893 42837 22953 4.54206e+06 4.35904e+06 139392 54511 35929 84881 20962 12992 64751 29545 12246 183017 79379 18582 103828 79189 4.21965e+06 319181 3.90047e+06
internal_count=5000000 4963067 421006 238558 98875 182448 103069 93252 85893 42837 22953 4542061 4359044 139392 54511 35929 84881 20962 12992 64751 29545 12246 183017 79379 18582 103828 79189 4219652 319181 3900471
cat_boundaries=0 1 2 3 4 5 6 7
cat_threshold=1984 63520 8389628 6278 5058 516096 516112
is_linear=0
shrinkage=0.1


Tree=264
num_leaves=31
num_cat=7
split_feature=74 75 23 17 76 75 73 76 22 83 3 18 89 76 73 2 80 89 86 80 18 51 48 60 75 76 3 80 0 72
split_gain=449.197 575.148 803.945 613.863 602.632 604.218 508.747 694.212 496.455 482.342 670.221 657.121 617.68 884.253 825.455 640.977 2214.58 1986.24 1225.41 1195.42 1357.26 864.783 3966.75 1428.5 1439.51 1427.01 1304.03 2387.22 2068.77 1959.02
threshold=542.00000000000011 0 -1.2499999999999998 21.849999427795414 1 2 138.5725021362305 3 16.94999980926514 29.44999980926514 26.550000190734867 27.349999427795414 24.44999980926514 4 135.29250335693362 19.849999427795414 20.349999427795414 19.750000000000004 19.44999980926514 19.849999427795414 17.050000190734867 1.1500000357627871 2.1499999761581425 1.2500000000000002 5 6 5.8500001430511483 4.8500001430511483 6.0499999523162851 41.927499771118171
decision_type=2 1 8 8 1 1 2 1 10 10 10 10 10 1 2 10 10 8 10 8 8 8 10 8 1 1 10 10 2 2
left_child=9 3 -3 -2 5 -4 -6 -8 -5 11 -11 12 15 14 -14 16 18 -17 21 -19 -21 22 23 -1 -25 -26 27 29 -28 -23
right_child=1 2 4 8 6 -7 7 -9 -10 10 -12 -13 13 -15 -16 17 -18 19 -20 20 -22 26 -24 24 25 -27 28 -29 -30 -31
leaf_value=0.0040290099789822885 -0.00779721743942905 0.019615335763652472 0.014641927314656645 -0.083083978505282513 -0.0025644720897229469 -0.0029413852597713914 -0.034327759298100537 -0.0061401917335640183 -0.021649635452397072 0.027386514082848586 0.0037864851053680455 -0.0048145328569317624 0.0065503486012948413 0.0032750443770544753 0.044858939857212003 -0.015181667763887401 0.021260358472872713 -0.015451235857722248 0.012288785132172946 0.012446845008648792 -0.0011187428066715764 0.0074134690140637595 -0.018953996292254333 0.001310631281315794 0.0030130490397268376 -0.014421776097174944 -0.014037574882728077 0.022480819724064714 0.00055689091565328658 -0.0035548525539145222
leaf_weight=453671 97703 17902 32286 1880 75437 49488 14101 22983 4380 14140 80777 256816 12431 252813 10273 106049 51633 49933 84157 84361 586580 388487 125330 263947 65448 166056 105864 68009 1176712 280353
leaf_count=453671 97703 17902 32286 1880 75437 49488 14101 22983 4380 14140 80777 256816 12431 252813 10273 106049 51633 49933 84157 84361 586580 388487 125330 263947 65448 166056 105864 68009 1176712 280353
internal_value=-4.31435e-08 -0.00364826 -0.00066256 -0.00974133 -0.00253096 0.0040018 -0.00727832 -0.0168693 -0.0400996 0.000246212 0.00730223 0.000100266 0.000391625 0.00497345 0.0238735 8.0435e-05 0.00071649 -0.00240377 0.000382717 -0.00052399 0.000586931 5.88581e-05 -0.00223318 -2.52267e-05 -0.00373758 -0.0094929 0.00127836 0.00463096 -0.000647738 0.00281595
internal_weight=5e+06 316160 212197 103963 194295 81774 112521 37084 6260 4.68384e+06 94917 4.58892e+06 4.33211e+06 275517 22704 4.05659e+06 3.22967e+06 826923 3.17803e+06 720874 670941 3.09388e+06 1.07445e+06 949122 495451 231504 2.01942e+06 736849 1.28258e+06 668840
internal_count=5000000 316160 212197 103963 194295 81774 112521 37084 6260 4683840 94917 4588923 4332107 275517 22704 4056590 3229667 826923 3178034 720874 670941 3093877 1074452 949122 495451 231504 2019425 736849 1282576 668840
cat_boundaries=0 1 2 3 4 5 6 7
cat_threshold=102 8339648 3584 7936 1020 252 16769024
is_linear=0
shrinkage=0.1


Tree=265
num_leaves=31
num_cat=7
split_feature=17 0 76 54 4 86 76 83 83 4 76 77 89 48 3 75 19 2 86 76 85 80 86 76 11 72 17 86 17 76
split_gain=421.121 1246.07 2082.82 1273.45 912.849 1236.51 1233.14 1040.42 975.912 983.341 1059.03 1201.71 955.991 1015.57 865.443 839.131 796.609 790.048 779.522 750.007 703.327 662.139 975.018 919.146 663.365 660.79 685.281 652.642 639.031 795.289
threshold=-4.8500001430511466 -8.6500000953674299 0 3.7500000000000004 -2.5499999523162837 -5.2499999999999991 1 -3.1499999761581416 -5.0499999523162833 -4.8500001430511466 2 -8.9499998092651349 -13.15000009536743 0.55000001192092907 -10.249999999999998 3 -3.4500000476837154 -8.6500000953674299 -13.749999999999998 4 3.4500000476837163 -0.94999998807907093 0.65000000596046459 5 1.0000000180025095e-35 34.090850830078132 9.8499999046325701 -2.8500000238418575 2.2500000000000004 6
decision_type=8 2 1 10 8 10 1 8 10 10 1 10 10 10 10 1 8 8 8 1 8 8 10 1 10 2 10 10 10 1
left_child=4 2 -2 15 5 8 20 -6 9 10 16 12 13 18 -13 19 -1 -3 -12 -4 -7 22 23 24 -19 26 -25 -8 29 -23
right_child=1 17 3 -5 7 6 27 -9 -10 -11 11 14 -14 -15 -16 -17 -18 21 -20 -21 -22 28 -24 25 -26 -27 -28 -29 -30 -31
leaf_value=-0.01658410218515707 -0.087493289014096282 0.037465876135359899 0.012969522238055642 -0.11143511348972113 -0.041314152979555208 -0.021530944837239645 0.032216077097010819 -0.00044139291425788693 0.02783236704252889 -0.028760488352327637 -0.11097931682071882 0.12904386441388563 0.021007485484061575 0.0023662155026609004 0.0322123616975711 0.024499031741511773 0.088986502189198985 -0.026951179374489206 -0.024668244303048172 -0.049108456208298061 0.024700367869996361 0.01074337069083183 0.020747144333067964 0.015493738551111186 -0.10349897353494349 -0.0072447612050495205 0.12754240405339715 0.075271156404121214 -0.00029187412873111189 0.0013290720032406384
leaf_weight=22696 4203 5602 3361 1118 7440 5886 11810 38227 14105 10798 1556 1011 14946 11030 10605 6983 738 9917 3195 4610 7463 115736 12701 4916 1278 154868 614 5016 4108270 399301
leaf_count=22696 4203 5602 3361 1118 7440 5886 11810 38227 14105 10798 1556 1011 14946 11030 10605 6983 738 9917 3195 4610 7463 115736 12701 4916 1278 154868 614 5016 4108270 399301
internal_value=-4.59489e-08 -0.000170389 -0.0249091 -0.008483 0.00494434 0.00949562 0.0270303 -0.00710032 0.00366071 -0.000791677 0.0037997 0.0132376 0.00288275 -0.014283 0.0406401 -0.0007917 -0.0132537 -6.61803e-05 -0.052936 -0.0229496 0.00431228 -0.000109914 -0.00598793 -0.00796682 -0.0356579 -0.00603152 0.0279346 0.0450245 0.000124395 0.00344483
internal_weight=5e+06 4.83348e+06 20275 16072 166522 120855 30175 45667 90680 76575 65777 42343 30727 15781 11616 14954 23434 4.8132e+06 4751 7971 13349 4.8076e+06 184294 171593 11195 160398 5530 16826 4.62331e+06 515037
internal_count=5000000 4833478 20275 16072 166522 120855 30175 45667 90680 76575 65777 42343 30727 15781 11616 14954 23434 4813203 4751 7971 13349 4807601 184294 171593 11195 160398 5530 16826 4623307 515037
cat_boundaries=0 1 2 3 4 5 6 7
cat_threshold=16711691 63488 1179328 4098 23424 1536 2035
is_linear=0
shrinkage=0.1


Tree=266
num_leaves=31
num_cat=7
split_feature=74 76 75 76 49 73 88 66 76 72 63 75 74 18 75 72 72 72 77 51 0 75 17 77 32 72 45 17 80 3
split_gain=427.762 641.536 780.725 924.567 905.306 983.022 598.904 908.068 717.758 1699.73 1305.16 1112.45 1045.45 922.65 1631.75 1483.99 1620.19 1371.41 1331.92 1291.47 1132.61 1056.57 1019.02 1009.04 836.157 808.79 826.347 896.271 842.701 1004.71
threshold=7.5000000000000009 0 1 2 2.3500000238418584 131.65335083007815 1.9499999880790713 5.0499999523162851 3 44.147500991821296 1.1500000357627871 4 514.00000000000011 2.4500000476837163 5 43.281700134277351 40.964998245239265 42.385799407958991 11.449999809265138 1.3499999642372134 1.2500000000000002 6 12.550000190734865 18.250000000000004 1.0000000180025095e-35 30.90164947509766 1.0000000180025095e-35 24.349999427795414 7.0499999523162851 9.0500001907348651
decision_type=2 1 1 1 10 2 10 8 1 2 10 1 2 10 1 2 2 2 8 8 2 1 8 8 10 2 10 8 8 10
left_child=1 2 3 4 5 -1 8 -8 9 10 12 -11 -2 20 19 16 22 21 -17 -15 24 -18 -16 -19 -12 -10 27 28 29 -27
right_child=6 -3 -4 -5 -6 -7 7 -9 25 11 13 -13 -14 14 15 18 17 23 -20 -21 -22 -23 -24 -25 -26 26 -28 -29 -30 -31
leaf_value=0.011275489305550295 0.014417664833179447 0.0045277959194667825 0.0029501212539996637 -0.003042391616499677 -0.0019049358692213234 -0.052530825776319769 -0.0034029662317857988 0.004931844891875958 0.012259111030199773 -0.0029417963327073946 0.013344431436638719 -0.045621322905617434 -0.0072386519944879048 -0.017979200402268102 0.02286578170120861 -0.0094065109431573195 -0.014561665432660055 -0.022387411691848928 0.036286503521318625 0.00092391928229380166 0.059781762099595681 -0.077390694821218131 0.0023861876519368046 0.013164036162849876 -0.026619587225897235 -0.002423329428534275 -0.0067714000339678965 -0.0068030691809274381 0.0015399407572842753 -0.023468093678808061
leaf_weight=3003 150762 457257 159162 89414 10495 12322 1008906 150172 47988 12936 50645 11572 26159 75380 26214 8740 5119 17690 23619 69434 4806 5638 332135 14550 5839 348138 213889 188149 1445600 24267
leaf_count=3003 150762 457257 159162 89414 10495 12322 1008906 150172 47988 12936 50645 11572 26159 75380 26214 8740 5119 17690 23619 69434 4806 5638 332135 14550 5839 348138 213889 188149 1445600 24267
internal_value=-5.87675e-08 0.00223399 -0.00158853 -0.00785707 -0.0245225 -0.0400277 -0.000383006 -0.00232309 0.000340223 0.00283494 0.00361363 -0.0231137 0.0112156 0.00151151 0.000275482 0.00334434 0.00168347 -0.016659 0.0239451 -0.0089151 0.0131785 -0.0475773 0.00388431 -0.00634295 0.00921317 -0.000585106 -0.000862746 -0.000232787 0.000447185 -0.00379467
internal_weight=5e+06 731653 274396 115234 25820 15325 4.26835e+06 1.15908e+06 3.10927e+06 841238 816730 24508 176921 639809 578519 433705 401346 42997 32359 144814 61290 10757 358349 32240 56484 2.26803e+06 2.22004e+06 2.00615e+06 1.818e+06 372405
internal_count=5000000 731653 274396 115234 25820 15325 4268347 1159078 3109269 841238 816730 24508 176921 639809 578519 433705 401346 42997 32359 144814 61290 10757 358349 32240 56484 2268031 2220043 2006154 1818005 372405
cat_boundaries=0 1 2 3 4 5 6 7
cat_threshold=15730465 248 768 1008 1932 4110 3840
is_linear=0
shrinkage=0.1


Tree=267
num_leaves=31
num_cat=6
split_feature=0 23 23 16 77 86 83 76 49 74 76 72 73 52 73 73 73 72 73 80 72 76 76 75 75 72 0 72 72 18
split_gain=440.827 562.443 511.608 415.01 925.18 1147.64 929.508 801.914 1473.44 981.846 1215.73 1302 1528.45 1396.49 1082.77 1024.93 1364.59 921.904 1108.24 913.38 905.661 1291.02 880.6 867.611 857.06 839.773 826.114 731.909 724.895 718.477
threshold=32.649999618530281 33.549999237060554 30.250000000000004 -1.9499999880790708 1.4499999880790713 2.4500000476837163 2.2500000000000004 0 4.1499998569488534 143.50000000000003 1 44.01414871215821 142.07500457763675 1.6500000357627871 145.49250030517581 144.7174987792969 143.45414733886722 36.823350906372077 139.29000091552737 -3.0499999523162837 36.902500152587898 2 3 4 5 43.591650009155281 -4.2499999999999991 43.828350067138679 43.591650009155281 3.8500000238418584
decision_type=2 10 8 10 8 10 10 1 10 2 1 2 2 8 2 2 2 2 2 8 2 1 1 1 1 2 2 2 2 10
left_child=1 3 -2 7 5 6 29 28 9 10 -9 12 17 -14 19 16 20 18 -12 -15 -11 26 27 -13 25 -23 -22 -10 -1 -5
right_child=2 -3 -4 4 -6 -7 -8 8 22 15 11 23 13 14 -16 -17 -18 -19 -20 -21 21 24 -24 -25 -26 -27 -28 -29 -30 -31
leaf_value=0.02025214902557497 0.042981633877995487 -0.03169633886026528 0.0065148682226299666 -0.0062683660950660185 5.5575421800082772e-05 0.018812520727255613 0.013979653121623095 0.011140703038208459 0.020432190949695953 -0.0060580301900372176 -0.0066531789039270114 0.029112977415749936 -0.012790661245465948 -0.094501839604474058 0.13884279985158218 0.065121797048094218 -0.038156159185814165 -0.0029915146403615592 -0.08114534015972126 -0.043188312310914578 -0.040580242890469978 0.021568234847490694 0.00036161464615096293 -0.014602388200169054 0.0049580044374848394 0.062096098068007977 0.014272008586588095 0.060177714529535326 -0.0017505837097837277 -0.019171235358888927
leaf_weight=45663 4605 5617 23378 161038 4360289 17189 17885 25205 18693 40895 4481 10533 11939 5498 273 2712 7561 42205 3603 9399 6717 26430 16306 7967 25542 6339 4644 6160 22279 58955
leaf_count=45663 4605 5617 23378 161038 4360289 17189 17885 25205 18693 40895 4481 10533 11939 5498 273 2712 7561 42205 3603 9399 6717 26430 16306 7967 25542 6339 4644 6160 22279 58955
internal_value=-8.01072e-08 -7.05218e-05 0.012516 -3.4753e-05 -0.000286861 -0.0061407 -0.00794382 0.00327984 0.000938131 -0.00203741 -0.00840087 -0.0135368 -0.0192348 -0.0383748 -0.0585098 0.00433989 0.00294445 -0.00891719 -0.039854 -0.0621265 0.00575507 0.0126889 0.0184294 0.0102949 0.0186959 0.0293992 -0.0181425 0.0302712 0.0130353 -0.00972615
internal_weight=5e+06 4.97202e+06 27983 4.9664e+06 4.61536e+06 255067 237878 351044 283102 241943 121103 95898 77398 27109 15170 120840 118128 50289 8084 14897 110567 69672 41159 18500 58311 32769 11361 24853 67942 219993
internal_count=5000000 4972017 27983 4966400 4615356 255067 237878 351044 283102 241943 121103 95898 77398 27109 15170 120840 118128 50289 8084 14897 110567 69672 41159 18500 58311 32769 11361 24853 67942 219993
cat_boundaries=0 1 2 3 4 5 6
cat_threshold=830 3265 3264 522240 6178 6146
is_linear=0
shrinkage=0.1


Tree=268
num_leaves=31
num_cat=8
split_feature=74 88 18 0 72 75 74 76 16 75 63 3 57 75 2 2 33 76 10 23 75 48 80 4 18 89 23 76 48 75
split_gain=424.695 1374.79 749.116 921.073 957.059 735.871 718.131 650.6 579.942 797.475 595.051 580.376 705.025 597.049 580.72 579.648 620.119 576.957 631.794 575.015 568.011 554.41 535.532 957.039 664.346 663.409 629.155 537.18 2465.63 1900.62
threshold=249.50000000000003 0.75000000000000011 17.050000190734867 11.650000095367433 32.232500076293952 0 248.50000000000003 1 6.0499999523162851 2 1.3499999642372134 -1.0000000180025095e-35 1.9499999880790713 3 5.6499998569488534 7.8500001430511483 1.0000000180025095e-35 4 19.050000190734867 12.050000190734865 5 1.9499999880790713 27.849999427795414 22.550000190734867 30.349999427795414 19.44999980926514 28.250000000000004 6 7.4500000476837167 7
decision_type=2 10 8 2 2 1 2 1 10 1 10 8 8 1 10 10 8 1 8 8 1 8 10 8 10 8 10 1 10 1
left_child=6 2 3 4 -2 17 22 20 -6 10 -10 12 -11 14 -13 16 -7 18 -4 -5 21 -3 24 -24 27 -26 -25 28 29 -1
right_child=1 7 5 19 8 15 -8 -9 9 11 -12 13 -14 -15 -16 -17 -18 -19 -20 -21 -22 -23 23 26 25 -27 -28 -29 -30 -31
leaf_value=-0.0011141810882322615 0.043958492768280816 -0.014782504704603598 -0.007322086537925156 0.023790581726415558 0.0032996864706280049 0.019446494011475912 0.033444957664998859 -0.007948458328106393 -0.0030346440582046698 0.045659691576155098 -0.036846123277437949 0.065135624612144047 -0.044307543348659648 -0.0075706052488841548 0.0068210098043906117 -0.02393732866414873 -0.17001065387645498 -0.0046744588591889997 0.014904794188836203 0.0072784648700503834 0.0090782213481154662 0.014871532047794268 0.051183525500314769 0.014570281623891387 -0.1067863615422692 -0.0085812678639154774 -0.00043577736747906843 -0.00029303608727453357 -0.027972691273038433 0.0081089304593172425
leaf_weight=459277 5057 26592 19465 27852 199066 4959 6600 354471 8804 4723 12733 2004 1068 67145 11550 25778 179 139859 37284 86865 47222 8264 4694 44516 695 67156 75034 2790185 25819 435084
leaf_count=459277 5057 26592 19465 27852 199066 4959 6600 354471 8804 4723 12733 2004 1068 67145 11550 25778 179 139859 37284 86865 47222 8264 4694 44516 695 67156 75034 2790185 25819 435084
internal_value=-6.58992e-08 -0.00174464 0.00115481 0.00362496 0.000808956 -0.00347954 0.00048681 -0.00609094 9.83983e-05 -0.00580075 -0.0230138 -0.00151167 0.0290676 -0.00370624 0.0154316 -0.0178184 0.0128461 -0.00122382 0.00727965 0.0112874 0.00193188 -0.00774961 0.000431069 0.00689102 0.000218638 -0.00958719 0.00515192 0.000397956 0.00249317 0.00337271
internal_weight=5e+06 1.09094e+06 654391 426867 312150 227524 3.90906e+06 436549 307093 108027 21537 86490 5791 80699 13554 30916 5138 196608 56749 114717 82078 34856 3.90246e+06 124244 3.77822e+06 67851 119550 3.71036e+06 920180 894361
internal_count=5000000 1090940 654391 426867 312150 227524 3909060 436549 307093 108027 21537 86490 5791 80699 13554 30916 5138 196608 56749 114717 82078 34856 3902460 124244 3778216 67851 119550 3710365 920180 894361
cat_boundaries=0 1 2 3 4 5 6 7 8
cat_threshold=1984 16252928 4102 480 496 496 504 4338
is_linear=0
shrinkage=0.1


Tree=269
num_leaves=31
num_cat=9
split_feature=75 76 0 17 2 78 83 18 75 17 83 4 50 76 80 75 76 75 13 1 2 12 29 76 81 83 2 72 76 89
split_gain=422.142 993.675 1445.39 2070.59 1748.4 1338.94 1243.54 1310.67 1394.37 1368.68 1202.02 1287.12 1184.84 1158.41 1135.09 1109.9 1167.47 1003.65 975.272 982.883 958.308 1624.1 1961.16 1815.42 1373.67 1165.59 1324.34 1076.25 1062.27 928.173
threshold=0 1 13.250000000000002 7.2500000000000009 14.250000000000002 1.0000000180025095e-35 13.750000000000002 12.84999990463257 2 19.349999427795414 10.050000190734865 11.449999809265138 2.2500000000000004 3 9.2500000000000018 4 5 6 11.050000190734865 5.8500001430511483 12.84999990463257 17.349999427795414 1.0000000180025095e-35 7 1.0000000180025095e-35 20.650000572204593 22.349999427795414 36.658300399780281 8 9.4499998092651385
decision_type=1 1 2 8 10 8 10 10 1 10 10 10 10 1 10 1 1 1 8 10 8 8 10 1 10 8 8 2 1 10
left_child=20 2 4 17 6 15 7 10 18 -10 11 14 -13 -7 29 16 -3 -4 -9 -20 21 23 24 -1 27 26 -22 28 -23 -2
right_child=1 5 3 -5 -6 13 -8 8 9 -11 -12 12 -14 -15 -16 -17 -18 -19 19 -21 25 22 -24 -25 -26 -27 -28 -29 -30 -31
leaf_value=-0.0043673566225438396 0.00035428818881749665 -0.0029409773527173475 0.11687279494384002 0.0052924312660539022 -0.030353961978851901 0.013626368762720118 0.035377359190602191 -0.030361504018204283 -0.029347758476308002 -0.18951948234177515 0.019701415706979222 -0.0032870801795621602 -0.032878732705317645 -0.0028572230150796761 0.031460955085920596 -0.0017141308646174726 -0.013730447263797194 0.036013246985565378 0.020528849980363976 -0.0063037048495780696 -0.0031105485047714424 0.029714281579301356 -0.088925407611085971 0.0093784090513707816 -0.095464664242601985 0.0016047259959902354 -0.02802306127835541 0.041602624401586387 -0.011833616768452454 0.031181249727012528
leaf_weight=179938 677528 216791 1947 368137 19663 90513 9710 13745 20158 548 32799 36927 21356 80590 12289 994647 186636 7299 16285 84415 430270 14851 1559 206152 931 1205924 22452 25532 10498 9910
leaf_count=179938 677528 216791 1947 368137 19663 90513 9710 13745 20158 548 32799 36927 21356 80590 12289 994647 186636 7299 16285 84415 430270 14851 1559 206152 931 1205924 22452 25532 10498 9910
internal_value=-6.01931e-08 -0.000781358 0.00122657 0.00646632 -0.000843268 -0.0024867 -0.000223104 -0.000596425 -0.00969717 -0.0335706 0.000958912 0.000147927 -0.01413 0.00586318 0.00133719 -0.00350862 -0.00793269 0.0532058 -0.00537446 -0.0019644 0.00108055 0.00523254 0.0215833 0.0029723 0.0249085 -1.95171e-05 -0.00434604 0.027111 0.0125147 0.000798685
internal_weight=5e+06 2.90189e+06 1.33272e+06 377383 955333 1.56918e+06 935670 925960 135151 20706 790809 758010 58283 171103 699727 1.39807e+06 403427 9246 114445 100700 2.09811e+06 439461 53371 386090 51812 1.65865e+06 452722 50881 25349 687438
internal_count=5000000 2901893 1332716 377383 955333 1569177 935670 925960 135151 20706 790809 758010 58283 171103 699727 1398074 403427 9246 114445 100700 2098107 439461 53371 386090 51812 1658646 452722 50881 25349 687438
cat_boundaries=0 1 2 3 4 5 6 7 8 9
cat_threshold=2528 8126968 1560 260096 1536 8603140 5634 7806 504
is_linear=0
shrinkage=0.1


Tree=270
num_leaves=31
num_cat=9
split_feature=71 17 77 76 0 76 10 0 18 76 75 72 72 52 76 75 74 2 75 48 16 50 79 76 73 91 50 1 76 79
split_gain=410.594 449.432 950.077 839.766 748.264 730.066 982.156 702.687 627.759 577.367 558.391 553.649 939.067 1109.13 928.05 1019.77 995.4 795.605 801.908 954.03 1076.3 845.57 840.61 881.086 802.854 996.176 796.418 784.522 766.341 759.266
threshold=0.45000000298023229 22.44999980926514 23.550000190734867 0 28.150000572204593 1 22.550000190734867 30.750000000000004 24.750000000000004 2 3 42.50835037231446 42.923349380493171 3.0499999523162846 4 5 275.50000000000006 20.050000190734867 6 2.0499999523162846 -7.4500000476837149 2.4500000476837163 2.3500000238418584 7 142.54499816894534 1.6500000357627871 1.4499999880790713 3.0499999523162846 8 2.5499999523162846
decision_type=10 8 8 1 2 1 8 2 10 1 1 2 2 10 1 1 2 8 1 10 10 8 10 1 2 10 10 8 1 10
left_child=-1 4 3 -3 11 7 10 -4 -8 -6 -7 29 13 -13 15 -15 -17 18 27 21 -21 22 24 -24 25 28 -22 -14 -20 -2
right_child=1 2 5 -5 9 6 8 -9 -10 -11 -12 12 17 14 -16 16 -18 -19 19 20 26 -23 23 -25 -26 -27 -28 -29 -30 -31
leaf_value=-0.0023490123700785084 0.0022408459532773949 -0.0044337169478064738 0.0021761860028851852 -0.020567570525000911 0.0045722545108486555 -0.0038061893170760913 0.0060333406493467663 0.023571265175875367 -0.00408244419251921 0.036940608023981442 -0.023738098354182766 -0.0044131921319447865 0.18214317433730229 -0.0012619108662074848 -0.003042534881270883 -0.062282217450843586 0.034732731285742835 -0.011453908995163957 -0.04402489122046923 0.02571966695176808 -0.017754603939164587 -0.021188172624320614 -0.0094439662784450984 0.032148543472688168 0.0014235434640433343 0.006691058503660214 0.0033818199334304405 0.0079167416834677214 -0.014375020789418533 -0.0019461502102285665
leaf_weight=647732 2168267 153370 361345 40852 12264 24564 89717 16032 194004 10014 32890 99873 259 5001 10734 12541 1155 55014 11630 19808 19801 31557 8557 12567 67094 16668 178819 121790 34878 541203
leaf_count=647732 2168267 153370 361345 40852 12264 24564 89717 16032 194004 10014 32890 99873 259 5001 10734 12541 1155 55014 11630 19808 19801 31557 8557 12567 67094 16668 178819 121790 34878 541203
internal_value=-2.05413e-08 0.000349571 -0.00162303 -0.00782854 0.000873061 5.42959e-05 -0.00329802 0.00308503 -0.000883675 0.0191405 -0.0152212 0.000753969 -0.00173652 -0.00944082 -0.0265019 -0.039947 -0.0540614 -1.43099e-05 0.00118803 -0.000970398 0.00349145 -0.00629752 -0.00319367 0.0153108 -0.00619427 -0.0142845 0.00127467 0.00828579 -0.021802 0.00140451
internal_weight=5e+06 4.35227e+06 912774 194222 3.43949e+06 718552 341175 377377 283721 22278 57454 3.41722e+06 707746 129304 29431 18697 13696 578442 523428 401379 218428 182951 151394 21124 130270 63176 198620 122049 46508 2.70947e+06
internal_count=5000000 4352268 912774 194222 3439494 718552 341175 377377 283721 22278 57454 3417216 707746 129304 29431 18697 13696 578442 523428 401379 218428 182951 151394 21124 130270 63176 198620 122049 46508 2709470
cat_boundaries=0 1 2 3 4 5 6 7 8 9
cat_threshold=7935 4079 491520 192 16744451 960 960 130944 98424
is_linear=0
shrinkage=0.1


Tree=271
num_leaves=31
num_cat=8
split_feature=77 18 15 89 3 90 75 73 83 2 24 85 55 82 76 2 18 75 75 72 83 11 75 76 73 76 72 58 76 16
split_gain=409.714 423.032 518.801 625.958 626.961 611.911 571.762 480.219 438.509 888.332 811.728 566.702 929.077 1191.61 908.557 1396.11 1507.06 952.488 842.637 812.216 787.785 830.724 755.106 777.125 815.271 704.403 702.987 612.882 600.179 632.973
threshold=31.750000000000004 30.349999427795414 33.250000000000007 24.050000190734867 23.650000572204593 1.0000000180025095e-35 0 140.84580230712893 25.250000000000004 23.849999427795414 1.0000000180025095e-35 2.7500000000000004 2.2500000000000004 0.75000000000000011 1 11.650000095367433 12.84999990463257 2 3 34.495000839233406 -5.6499998569488517 0.84999999403953563 4 5 132.4716491699219 6 44.147500991821296 2.3500000238418584 7 13.550000190734865
decision_type=10 10 8 8 8 10 1 2 10 8 2 10 10 8 1 8 8 1 1 2 8 10 1 1 2 1 2 8 1 10
left_child=1 8 3 6 -5 -4 7 -3 11 -10 -11 -1 13 -13 17 16 26 -14 19 -17 25 -22 28 24 -24 -19 27 -16 -15 -30
right_child=-2 2 5 4 -6 -7 -8 -9 9 10 -12 12 14 22 15 18 -18 20 -20 -21 21 -23 23 -25 -26 -27 -28 -29 29 -31
leaf_value=0.00032977017623488569 0.012005819837361986 -0.015553620580502532 0.013533112622198813 0.010791050151064996 -0.011630497256485885 -0.11548553652745186 -0.096182642943932223 -0.082588247707243406 0.018918134509958204 0.00065189683159755406 0.025920217693216105 0.014937523731089759 0.0035146316438021651 -0.009744254390762784 -0.005288559080218377 -7.1626405418404628e-06 0.066840130422375549 -0.0098306662983542806 0.003787530884176037 -0.022984418411367034 0.011466609081525969 -0.014121124593212431 -0.028467557641191465 -0.016508180785780566 0.0033678734108689243 -0.080325926091033853 0.028240764653239121 0.01120140072256468 0.010817470387439916 -0.0054216539916623471
leaf_weight=3738779 28264 8615 14754 16326 52819 377 1224 1220 33987 274364 13331 24845 68997 73213 31606 30419 4738 2641 83687 31126 15387 72334 9780 126776 45322 3079 17141 78569 45594 50686
leaf_count=3738779 28264 8615 14754 16326 52819 377 1224 1220 33987 274364 13331 24845 68997 73213 31606 30419 4738 2641 83687 31126 15387 72334 9780 126776 45322 3079 17141 78569 45594 50686
internal_value=-2.86949e-08 -6.82812e-05 -0.00666543 -0.00986956 -0.00633649 0.0103185 -0.0319596 -0.0238448 6.06949e-05 0.00362896 0.00182276 -0.000191318 -0.00257903 -0.00622714 0.000542194 0.00402123 0.0114627 -0.00539652 -0.00274475 -0.0116259 -0.0119762 -0.00963282 -0.00772367 -0.0121986 -0.00228215 -0.0479349 0.00940186 0.00647091 -0.00292086 0.00226825
internal_weight=5e+06 4.97174e+06 95335 80204 69145 15131 11059 9835 4.8764e+06 321682 287695 4.55472e+06 815940 376216 439724 277286 132054 162438 145232 61545 93441 87721 351371 181878 55102 5720 127316 110175 169493 96280
internal_count=5000000 4971736 95335 80204 69145 15131 11059 9835 4876401 321682 287695 4554719 815940 376216 439724 277286 132054 162438 145232 61545 93441 87721 351371 181878 55102 5720 127316 110175 169493 96280
cat_boundaries=0 1 2 3 4 5 6 7 8
cat_threshold=896 8390654 1592 60 504 4128888 8388638 508688
is_linear=0
shrinkage=0.1


Tree=272
num_leaves=31
num_cat=7
split_feature=47 24 76 18 0 76 3 76 83 0 83 2 0 80 13 28 73 19 75 2 75 18 12 78 73 76 74 76 0 12
split_gain=387.984 391.125 445.804 387.546 655.119 1282.36 1193.83 729.071 675.401 653.452 635.834 756.729 1091.36 681.692 652.61 701.807 659.279 749.88 737.385 621.642 660.238 603.695 676.858 587.21 538.211 537.122 511.777 523.622 566.278 507.889
threshold=4.7500000000000009 6.2500000000000009 0 25.750000000000004 25.94999980926514 1 27.44999980926514 2 22.650000572204593 28.150000572204593 22.750000000000004 23.150000572204593 24.94999980926514 27.050000190734867 28.250000000000004 1.0000000180025095e-35 138.34999847412112 30.849999427795414 3 19.250000000000004 4 20.44999980926514 23.849999427795414 1.0000000180025095e-35 141.68669891357425 5 217.00000000000003 6 32.049999237060554 27.650000572204593
decision_type=10 2 1 10 2 1 10 1 10 2 8 8 2 8 8 8 2 10 1 10 1 10 10 10 2 1 2 1 2 8
left_child=1 3 -3 4 6 21 8 -8 -1 -7 14 12 29 -13 16 23 19 18 24 20 -5 -6 -23 -16 -18 -10 27 -15 -29 -12
right_child=-2 2 -4 10 5 9 7 -9 25 -11 11 13 -14 26 15 -17 17 -19 -20 -21 -22 22 -24 -25 -26 -27 -28 28 -30 -31
leaf_value=-0.00010904961503903708 -0.009268764925330011 0.023855944867843541 -0.0013429971950156287 0.048482658818455787 0.015618907263347104 0.017129674224941101 -0.025098600473097189 0.011487728715469287 0.001415052075275258 0.05450625709663718 -0.0018916997579552976 -0.011014268039229435 0.033943015476900748 -0.0054338935771171843 0.010933000660823242 -0.10874093629671891 -0.087569499512988647 -0.12732870717761033 -0.022047067738544902 -0.01829122730984439 -0.0061890018159641543 -0.0049617148214260477 0.010661433338089145 -0.096806690170592319 -0.4022113885795861 0.011131833294861622 -0.014041449316620561 0.0027252024586142381 0.027133328273519958 0.020775245862374381
leaf_weight=3964613 44758 14712 13427 3476 27504 31739 28855 6711 138448 5486 52708 84625 13160 85132 17424 532 1176 759 21941 16403 6029 99476 38449 521 57 96573 25777 137149 10213 12167
leaf_count=3964613 44758 14712 13427 3476 27504 31739 28855 6711 138448 5486 52708 84625 13160 85132 17424 532 1176 759 21941 16403 6029 99476 38449 521 57 96573 25777 137149 10213 12167
internal_value=-6.68826e-08 8.36522e-05 0.0118398 1.65119e-05 0.000310984 0.00586533 4.52091e-05 -0.0181989 0.000199715 0.0226319 -0.00265457 -0.00120223 0.00768572 -0.00322491 -0.011603 0.00444932 -0.0175538 -0.0295201 -0.0263167 -0.00649976 0.013849 0.002091 -0.00060649 0.00780498 -0.101293 0.00540833 -0.000672656 0.000809565 0.00441652 0.00235938
internal_weight=5e+06 4.95524e+06 28139 4.9271e+06 4.43785e+06 202654 4.2352e+06 35566 4.19963e+06 37225 489249 420931 78035 342896 68318 18477 49841 23933 23174 25908 9505 165429 137925 17945 1233 235021 258271 232494 147362 64875
internal_count=5000000 4955242 28139 4927103 4437854 202654 4235200 35566 4199634 37225 489249 420931 78035 342896 68318 18477 49841 23933 23174 25908 9505 165429 137925 17945 1233 235021 258271 232494 147362 64875
cat_boundaries=0 1 2 3 4 5 6 7
cat_threshold=262048 2093056 16519169 1040 1792 8649776 16244736
is_linear=0
shrinkage=0.1


Tree=273
num_leaves=31
num_cat=6
split_feature=86 17 13 76 86 13 76 83 4 0 75 1 10 3 76 89 1 74 1 91 0 73 1 48 3 0 76 18 83 76
split_gain=384.073 440.983 1293.92 2949.66 1215.25 1211.64 1085.39 928.185 1412.91 1837.95 1202.92 1831.52 1336.82 1334.37 1166.91 971.261 1973.86 1241.71 1399.77 1202.43 959.353 945.6 939.982 905.224 974.715 1431.25 1414.93 1347.74 1643.01 1714.74
threshold=31.650000572204593 13.949999809265138 13.750000000000002 0 13.250000000000002 11.050000190734865 1 14.150000095367433 13.650000095367433 13.250000000000002 2 1.0500000119209292 11.449999809265138 8.2500000000000018 3 6.6499998569488534 7.4500000476837167 349.50000000000006 3.0499999523162846 0.94999998807907116 12.650000095367433 136.75085449218753 13.84999990463257 1.0000000180025095e-35 5.8500001430511483 5.2500000000000009 4 7.0499999523162851 1.2500000000000002 5
decision_type=10 8 8 1 10 10 1 10 10 2 1 8 8 8 1 10 10 2 8 8 2 2 10 8 10 2 1 10 10 1
left_child=1 4 3 5 7 -3 -6 8 10 22 11 -1 14 -14 20 23 17 18 21 -18 -13 -17 -10 -12 27 26 -26 28 -25 -30
right_child=-2 2 -4 -5 6 -7 -8 -9 9 -11 15 12 13 -15 -16 16 19 -19 -20 -21 -22 -23 -24 24 25 -27 -28 -29 29 -31
leaf_value=0.13129074040416797 0.010579456068034575 -0.075692903849383264 -0.00037259666455336426 -0.0021619630455003208 0.045733157484277004 -0.025672296877874042 0.006191608194014331 0.0096669688611285692 -0.014695432462026189 0.0039123497898117011 -0.014066008399493225 -0.037142905281741113 0.073560439865558241 0.017445624612762858 0.0098124012968098841 0.027589260333925659 0.013240693997459 -0.0024395441247435316 0.018633836365477826 -0.0032994454497445543 0.067638466822638119 0.10619393231871713 -0.046300268914395509 -0.00013982968889904407 0.016668403105200069 -0.002028777102770355 -0.023085333373318889 -0.0074072546669029559 0.02182141330339981 0.0034070509194407991
leaf_weight=1290 34081 5578 2275369 141269 7124 36729 258723 97066 84174 62032 52795 10162 5206 22781 29963 2946 54937 26683 71444 219814 956 3185 10595 728952 10389 281239 64590 173598 76273 150057
leaf_count=1290 34081 5578 2275369 141269 7124 36729 258723 97066 84174 62032 52795 10162 5206 22781 29963 2946 54937 26683 71444 219814 956 3185 10595 728952 10389 281239 64590 173598 76273 150057
internal_value=-5.29415e-08 -7.26599e-05 -0.00102417 -0.00910017 0.000860617 -0.0322597 0.00725317 0.000102319 -0.000330692 -0.00946954 0.000390392 0.0132315 0.0110284 0.0278838 -0.000454632 -8.0996e-05 0.00445326 0.0161684 0.0225689 7.78779e-06 -0.0281078 0.0684237 -0.0182288 -0.00119845 -0.000741011 -0.00530167 -0.017578 0.000698103 0.00217104 0.00961379
internal_weight=5e+06 4.96592e+06 2.45894e+06 183576 2.50697e+06 42307 265847 2.24113e+06 2.14406e+06 156801 1.98726e+06 70358 69068 27987 41081 1.9169e+06 379009 104258 77575 274751 11118 6131 94769 1.53789e+06 1.4851e+06 356218 74979 1.12888e+06 955282 226330
internal_count=5000000 4965919 2458945 183576 2506974 42307 265847 2241127 2144061 156801 1987260 70358 69068 27987 41081 1916902 379009 104258 77575 274751 11118 6131 94769 1537893 1485098 356218 74979 1128880 955282 226330
cat_boundaries=0 1 2 3 4 5 6
cat_threshold=983166 888 480 1820 16636 3933176
is_linear=0
shrinkage=0.1


Tree=274
num_leaves=31
num_cat=13
split_feature=85 60 57 82 84 76 76 75 5 49 85 83 76 76 75 48 75 72 76 4 72 74 73 76 75 76 67 79 75 76
split_gain=394.28 713.017 754.523 683.114 816.62 1468.11 909.427 1242.44 1193.75 1149.82 924.25 898.265 776.806 714.306 1360.11 733.814 683.821 680.46 665.913 664.741 619.434 619.347 1336.23 1441.97 1623.87 1130.37 1026.81 917.01 903.469 1132.49
threshold=1.0500000119209292 3.7500000000000004 4.4500000476837167 0.65000000596046459 1.0000000180025095e-35 0 1 2 10.449999809265138 4.6499998569488534 5.0499999523162851 9.8499999046325701 3 4 5 6.9500000476837167 6 44.147500991821296 7 -1.9499999880790708 43.579198837280281 43.500000000000007 143.93750000000003 8 9 10 2.3500000238418584 1.7500000000000002 11 12
decision_type=10 8 10 8 10 1 1 1 10 10 10 8 1 1 1 10 1 2 1 8 2 2 2 1 1 1 8 10 1 1
left_child=1 2 21 -2 6 -6 9 8 11 16 -9 19 -12 14 17 -16 -5 -11 -3 -8 -7 26 23 24 -23 -24 -1 -26 29 -28
right_child=3 18 -4 4 5 20 7 10 -10 13 12 -13 -14 -15 15 -17 -18 -19 -20 -21 -22 22 25 -25 27 -27 28 -29 -30 -31
leaf_value=0.0069235640311044004 0.0049475565020342394 0.0075645694120183588 -0.008654341731725558 -0.0017048238390068859 0.013775688915902293 -0.0011310356510088279 0.034269105677443179 -0.00089564646333351755 0.00055639103946515602 0.025177899004501982 0.00014532852973687436 0.029979810511184996 -0.022176518767854911 -0.003625380519425056 -0.0027522327674612207 0.019928231741444279 -0.0075328767897311208 0.086621453688497982 -0.0046070159946231563 0.0057584710896185168 -0.027894687397405929 -0.011117756430815043 0.001442497438666072 -0.0012892287237906907 0.012327015938053527 0.039650867078962239 -0.02343981828118101 -0.0055872335907565952 0.0033165507739436164 8.1092422555928184e-05
leaf_weight=478434 179673 51491 71079 307783 92862 90092 9162 478626 174740 20302 25435 26236 40293 85072 60030 18712 582151 1978 353401 76131 9566 43604 14985 1199634 207214 16026 34131 33145 166879 51133
leaf_count=478434 179673 51491 71079 307783 92862 90092 9162 478626 174740 20302 25435 26236 40293 85072 60030 18712 582151 1978 353401 76131 9566 43604 14985 1199634 207214 16026 34131 33145 166879 51133
internal_value=-3.19734e-08 0.000812607 0.00148939 -0.0009704 -0.00147693 0.0047301 -0.00210367 0.000382099 0.00571521 -0.00402249 -0.00242257 0.0137984 -0.0135419 0.00312597 0.00881087 0.00263715 -0.00551735 0.0306191 -0.00305906 0.00882103 -0.00369966 0.00181052 0.000657007 0.000227579 0.00663532 0.0212012 0.00420196 0.00985627 -0.000962215 -0.00933592
internal_weight=5e+06 2.72116e+06 2.31626e+06 2.27884e+06 2.09917e+06 192520 1.90665e+06 830623 286269 1.07603e+06 544354 111529 65728 186094 101022 78742 889934 22280 404892 85293 99658 2.24518e+06 1.51461e+06 1.4836e+06 283963 31011 730577 240359 252143 85264
internal_count=5000000 2721156 2316264 2278844 2099171 192520 1906651 830623 286269 1076028 544354 111529 65728 186094 101022 78742 889934 22280 404892 85293 99658 2245185 1514608 1483597 283963 31011 730577 240359 252143 85264
cat_boundaries=0 1 2 3 4 5 6 7 8 9 10 11 12 13
cat_threshold=523584 13104000 568 3670019 507904 7168 4544 1015808 960 6 4202488 240 526224
is_linear=0
shrinkage=0.1


Tree=275
num_leaves=31
num_cat=4
split_feature=17 86 1 74 83 6 0 76 80 23 72 72 73 89 5 52 4 16 18 14 76 0 89 1 48 25 50 75 72 76
split_gain=393.564 898.653 1514.44 1050.63 874.35 1196.92 1207.17 1005.9 930.995 1037.94 873.956 841.876 1065.69 841.386 1020.26 1123.32 1219.43 1109.16 1054.91 1373.54 1025.46 917.383 901.031 1471.14 870.959 846.677 843.499 849.523 834.062 1704.17
threshold=0.45000000298023229 -1.6500000357627866 -3.8500000238418575 391.50000000000006 -1.1500000357627866 -1.8499999642372129 2.8500000238418584 0 -4.9500000476837149 -6.5499999523162833 44.01414871215821 36.851650238037116 139.40080261230472 10.650000095367433 16.550000190734867 1.2500000000000002 9.6500000953674334 12.050000190734865 12.449999809265138 15.949999809265138 1 -4.2499999999999991 3.4500000476837163 0.45000000298023229 2.4500000476837163 1.0000000180025095e-35 1.2500000000000002 2 39.857500076293952 3
decision_type=10 10 10 2 10 10 2 1 10 10 2 2 2 8 10 8 10 8 8 8 1 2 10 10 10 10 8 1 2 1
left_child=1 4 3 -3 5 8 -7 -6 -1 -10 -4 12 -9 14 15 18 21 -18 22 -20 -16 -17 -2 -24 -25 -21 -23 28 -28 -30
right_child=13 2 10 -5 7 6 -8 11 9 -11 -12 -13 -14 -15 20 16 17 -19 19 25 -22 26 23 24 -26 -27 27 -29 29 -31
leaf_value=-0.002999730778679083 -0.010614371177074648 0.099959582721388385 0.0044012225749240439 0.013486615165867567 0.035708839094636888 -0.016997659800734814 0.01787093922799295 -0.00077146569498133099 0.038791819455345988 0.0053127973278091914 0.029449736814963552 0.013309298719901122 -0.053808599677702712 0.00041250086069998817 -0.036540082097314262 -0.033373342572485414 -0.014387907479630788 0.0039367200242554591 -0.030634965223814523 0.00083231639317676734 0.034444041460369577 -0.0062709013304859777 0.047737548075620861 0.0018363295098745389 -0.019436133414224902 -0.10867083223379997 0.0039174867863357565 0.010371719306395084 -0.032101546308678987 0.0091029388781283978
leaf_weight=158040 126551 2945 197693 2687 11745 79006 11356 25619 11365 50006 14985 41960 4446 3405492 15009 6979 93360 51116 38368 28555 2348 78645 6377 131502 22547 724 170704 169700 20663 19507
leaf_count=158040 126551 2945 197693 2687 11745 79006 11356 25619 11365 50006 14985 41960 4446 3405492 15009 6979 93360 51116 38368 28555 2348 78645 6377 131502 22547 724 170704 169700 20663 19507
internal_value=-3.06771e-08 0.00237593 0.00752148 0.0587037 -0.000478456 -0.0029296 -0.0126156 0.00858563 0.00105949 0.0115126 0.00616611 0.00415716 -0.00861458 -0.000331319 -0.0029091 -0.00247702 0.000122535 -0.0079046 -0.00695355 -0.0181873 -0.0269388 0.00261017 -0.00430551 0.000671193 -0.00127716 -0.00187544 0.00315703 0.00510529 0.000866626 -0.0120979
internal_weight=5e+06 611853 218310 5632 393543 309773 90362 83770 219411 61371 212678 72025 30065 4.38815e+06 982655 965298 610674 144476 354624 67647 17357 466198 286977 160426 154049 29279 459219 380574 210874 40170
internal_count=5000000 611853 218310 5632 393543 309773 90362 83770 219411 61371 212678 72025 30065 4388147 982655 965298 610674 144476 354624 67647 17357 466198 286977 160426 154049 29279 459219 380574 210874 40170
cat_boundaries=0 1 2 3 4
cat_threshold=2042 16646145 4198 4092
is_linear=0
shrinkage=0.1


Tree=276
num_leaves=31
num_cat=5
split_feature=79 48 76 73 50 57 86 74 88 74 73 79 50 76 91 72 18 0 8 77 75 75 48 56 83 70 50 48 24 76
split_gain=380.668 967.812 741.062 874.885 699.8 650.856 723.873 597.394 1021.81 675.527 1647.7 757.819 596.471 1026.82 730.541 570.957 565.634 834.222 739.373 697.526 686.24 653.504 551.705 1168.81 792.651 732.005 690.312 1567.67 925.591 1290.63
threshold=0.65000000596046459 2.2500000000000004 0 133.09919738769534 1.9499999880790713 1.9499999880790713 -13.749999999999998 249.50000000000003 0.75000000000000011 234.50000000000003 140.32749938964847 2.1499999761581425 1.8499999642372134 1 4.7500000000000009 37.290000915527351 13.050000190734865 12.050000190734865 8.2500000000000018 11.84999990463257 2 3 0.84999999403953563 0.94999998807907116 -10.550000190734862 0.65000000596046459 1.1500000357627871 2.7500000000000004 1.0000000180025095e-35 4
decision_type=8 8 1 2 10 8 8 2 10 2 2 10 10 1 10 2 8 2 10 8 1 1 10 8 8 8 10 8 2 1
left_child=1 5 3 -3 -5 -1 -7 9 16 22 -11 -12 14 -14 15 -10 17 -9 20 -18 -19 -20 23 -2 -25 -24 27 -27 29 -28
right_child=7 2 -4 4 -6 6 -8 8 12 10 11 -13 13 -15 -16 -17 19 18 21 -21 -22 -23 25 24 -26 26 28 -29 -30 -31
leaf_value=0.003786322461200772 0.0078771642344181679 -0.015401399326882979 0.0067316506814873557 0.0097574366606203843 0.05272389608058984 -0.11988452644165988 -0.004101007706775738 0.00097275009751555453 -0.0052931665701748901 0.00079233578116248932 0.027834731276817577 0.082355685864903119 0.0094320236517103622 -0.0075436081654205569 -0.042843446509252703 -0.015919189687221402 -0.027023553720670182 -0.027994274054868297 0.040647348236554137 -0.0019996316204770629 0.017740579285330418 0.012024617482119972 -0.0052643893630632344 -0.049911316356530511 -0.00020477995833511443 -0.0013664384238836406 0.0055765403012884825 -0.020071691725210263 0.0074716862412505013 -0.0010827795663811023
leaf_weight=268411 266533 3598 45880 5609 11693 542 144115 250687 165405 34052 9164 3532 55242 100335 6375 72832 11648 6385 13318 254954 6728 19941 285475 3233 417406 381643 357981 50765 190512 1556006
leaf_count=268411 266533 3598 45880 5609 11693 542 144115 250687 165405 34052 9164 3532 55242 100335 6375 72832 11648 6385 13318 254954 6728 19941 285475 3233 417406 381643 357981 50765 190512 1556006
internal_value=-2.34117e-08 0.00267799 0.0138474 0.0294508 0.0387949 0.000872245 -0.00453482 -0.000284314 -0.00249257 0.000314179 0.0122559 0.0430023 -0.00635673 -0.00151581 -0.00943564 -0.00854167 0.000250922 0.00325194 0.0155733 -0.00309294 -0.00453652 0.0235019 0.000155113 0.0026961 -0.000586821 -0.000463547 7.66854e-05 -0.00356245 0.000824412 0.000162764
internal_weight=5e+06 479848 66780 20900 17302 413068 144657 4.52015e+06 963850 3.5563e+06 46748 12696 400189 155577 244612 238237 563661 297059 46372 266602 13113 33259 3.50955e+06 687172 420639 2.82238e+06 2.53691e+06 432408 2.1045e+06 1.91399e+06
internal_count=5000000 479848 66780 20900 17302 413068 144657 4520152 963850 3556302 46748 12696 400189 155577 244612 238237 563661 297059 46372 266602 13113 33259 3509554 687172 420639 2822382 2536907 432408 2104499 1913987
cat_boundaries=0 1 2 3 4 5
cat_threshold=66032 16260099 7682 8064 252
is_linear=0
shrinkage=0.1


Tree=277
num_leaves=31
num_cat=8
split_feature=16 75 17 80 76 8 72 83 4 76 17 14 76 83 1 85 84 32 2 83 89 76 77 77 17 33 76 76 76 73
split_gain=388.582 1083.75 743.087 660.991 654.549 659.981 535.748 514.967 1015.84 1731.36 1353.36 1572.3 1345.47 1337.64 1189.85 1159.7 940.245 910.311 896.507 2101.7 1528.23 1341.83 1320.06 1210.13 1146.15 1175.96 1170.59 1081.83 1019.9 1008.92
threshold=-8.6500000953674299 0 -13.15000009536743 -1.1500000357627866 1 -10.249999999999998 43.490848541259773 4.8500001430511483 4.6499998569488534 2 6.6499998569488534 8.4499998092651385 3 0.65000000596046459 -0.45000000298023218 3.4500000476837163 1.0000000180025095e-35 1.0000000180025095e-35 7.0499999523162851 7.8500001430511483 9.6500000953674334 4 9.6500000953674334 8.6500000953674334 11.84999990463257 1.0000000180025095e-35 5 6 7 136.97330474853518
decision_type=10 1 8 10 1 10 2 8 10 1 8 8 1 8 10 10 8 10 8 10 10 1 8 10 10 10 1 1 1 2
left_child=1 2 3 -1 5 -3 -6 8 10 15 13 12 -12 -2 -15 -10 17 -13 19 20 23 -21 27 24 -9 28 -27 -20 -26 -30
right_child=7 4 -4 -5 6 -7 -8 18 9 -11 11 16 -14 14 -16 -17 -18 -19 22 21 -22 -23 -24 -25 25 26 -28 -29 29 -31
leaf_value=-0.041028585149211629 -0.0022181651032705577 -0.019646151947288713 0.0027933051725214826 0.095271773538539772 0.014956346037720843 0.027520784674025529 0.043459640686519911 0.0017010089537685597 0.01094049491115321 -0.016941455221745796 -0.036557262296166085 0.0061790460999386803 -0.00044697313594574558 0.031304631281067079 0.0055123656100084387 -0.043238883158284357 -0.07318855122235042 -0.083675635765027345 -0.03759529018620536 0.0048311549403370719 0.03211718358454782 0.032931775473373552 0.00019394254511978732 0.030897184881759316 -0.046127601368546517 -0.12191694918607361 0.018004395242458511 -0.0061400446171823875 0.013719563580299099 -0.017183837717824075
leaf_weight=7310 349858 7509 17868 374 15987 4904 11224 535530 43440 105206 31417 44189 15373 20295 150686 4346 1640 1157 11524 31008 16187 37622 3258230 13224 6828 1865 881 210556 17824 25938
leaf_count=7310 349858 7509 17868 374 15987 4904 11224 535530 43440 105206 31417 44189 15373 20295 150686 4346 1640 1157 11524 31008 16187 37622 3258230 13224 6828 1865 881 210556 17824 25938
internal_value=-9.96181e-09 0.00767093 -0.00838653 -0.0343945 0.0180233 -0.00101111 0.0267036 -0.000101323 -0.00248149 -0.00977289 -0.000666492 -0.0117254 -0.024701 0.00132463 0.00857384 0.00601178 0.00119618 0.00388641 0.000337107 0.00363863 0.00179573 0.020241 -0.000314512 0.000980544 0.000308715 -0.0136709 -0.0774044 -0.00777426 -0.0102115 -0.00459602
internal_weight=5e+06 65176 25552 7684 39624 12413 27211 4.93482e+06 767607 152992 614615 93776 46790 520839 170981 47786 46986 45346 4.16722e+06 686907 618277 68630 3.48031e+06 602090 588866 53336 2746 222080 50590 43762
internal_count=5000000 65176 25552 7684 39624 12413 27211 4934824 767607 152992 614615 93776 46790 520839 170981 47786 46986 45346 4167217 686907 618277 68630 3480310 602090 588866 53336 2746 222080 50590 43762
cat_boundaries=0 1 2 3 4 5 6 7 8
cat_threshold=1100 121304 16892 1784 130048 1020 1792 8388622
is_linear=0
shrinkage=0.1


Tree=278
num_leaves=31
num_cat=5
split_feature=17 12 0 4 30 36 75 73 2 86 14 75 76 76 0 76 80 2 77 80 1 83 5 74 0 17 0 1 86 1
split_gain=388.915 1189.39 1342.66 1804.83 1321.83 1088.7 1141.7 976.595 935.74 884.068 836.931 775.139 698.871 696.975 748.076 693.739 639.888 1102.24 1771.5 1388.62 1855.23 1054.17 1063.85 1019.58 1114.06 997.764 912.616 906.734 880.701 1807.25
threshold=19.44999980926514 20.050000190734867 14.050000190734865 13.84999990463257 1.0000000180025095e-35 1.0000000180025095e-35 0 142.79664611816409 9.8499999046325701 19.349999427795414 17.150000572204593 1 2 3 28.94999980926514 4 18.44999980926514 16.750000000000004 16.050000190734867 12.84999990463257 12.84999990463257 15.949999809265138 16.349999427795414 232.50000000000003 10.84999990463257 12.550000190734865 15.34999990463257 18.44999980926514 10.84999990463257 10.250000000000002
decision_type=8 10 2 8 10 10 1 2 10 10 8 1 1 1 2 1 10 10 8 10 8 8 10 2 2 8 2 10 10 8
left_child=9 2 5 -4 13 6 -2 8 10 16 -8 -7 -10 14 -5 -12 17 19 -19 28 23 -20 -23 24 -21 26 -24 -28 -1 -30
right_child=1 -3 3 4 -6 11 7 -9 12 -11 15 -13 -14 -15 -16 -17 -18 18 21 20 -22 22 25 -25 -26 -27 27 -29 29 -31
leaf_value=-0.00096437591197598991 -0.001817210964654863 6.7516705061810621e-05 0.016965284513528512 -0.0032479041719155905 0.013984659859104857 -0.15870005733834577 -0.054791233107350346 -0.098926327636439743 -0.097910418195702217 0.0064666738538919563 -0.045468682790760898 -0.045040221542011684 -0.034884207205641088 -0.014193023713399295 0.068937679747949371 0.024414077787557345 0.0065998140075155991 -0.025075589091285679 -0.018484145889908776 0.072052274294022292 0.0030140472209037022 -0.01582501875009967 -0.02066053556303022 0.0040938409540132881 0.025300384077963662 -0.00092853064244469835 0.042100410288052642 0.0085823321936445655 0.02237622336856496 0.0014246437587564344
leaf_weight=2153284 22591 1256101 35668 65123 25953 898 2659 2048 2130 238680 1796 1854 10225 132812 1468 6654 147067 41199 37284 6054 210603 37677 5503 18485 32242 162851 14429 18316 48937 259409
leaf_count=2153284 22591 1256101 35668 65123 25953 898 2659 2048 2130 238680 1796 1854 10225 132812 1468 6654 147067 41199 37284 6054 210603 37677 5503 18485 32242 162851 14429 18316 48937 259409
internal_value=-5.0958e-08 -0.00130486 -0.00683214 -0.00393602 -0.00724416 -0.0216971 -0.0181974 -0.0326887 -0.0269212 0.000596075 -0.0058611 -0.0828687 -0.0458574 -0.0100072 -0.00165632 0.00953597 0.000157288 -0.000153742 -0.00573266 0.00049483 0.00733919 -0.00284593 -0.000404084 0.0233813 0.0326911 0.00248511 0.0170196 0.023352 -0.000248609 0.00474983
internal_weight=5e+06 1.56798e+06 311879 261024 225356 50855 48103 25512 23464 3.43202e+06 11109 2752 12355 199403 66591 8450 3.19334e+06 3.04627e+06 317259 2.72901e+06 267384 276060 238776 56781 38296 201099 38248 32745 2.46163e+06 308346
internal_count=5000000 1567980 311879 261024 225356 50855 48103 25512 23464 3432020 11109 2752 12355 199403 66591 8450 3193340 3046273 317259 2729014 267384 276060 238776 56781 38296 201099 38248 32745 2461630 308346
cat_boundaries=0 1 2 3 4 5
cat_threshold=3842 7176 2360068 14687267 60
is_linear=0
shrinkage=0.1


Tree=279
num_leaves=31
num_cat=4
split_feature=74 72 76 48 88 83 3 79 74 72 76 78 17 12 76 13 89 0 2 2 0 1 18 0 78 25 75 0 1 73
split_gain=391.31 752.721 784.665 660.891 642.438 826.899 579.847 546.826 677.469 531.651 511.637 484.523 431.061 741.593 1349.51 749.748 738.346 736.67 1893.11 1457.88 907.737 1070.67 766.964 747.56 853.29 724 714.637 1116.14 905.58 715.663
threshold=907.50000000000011 35.906650543212898 0 0.84999999403953563 1.5500000119209292 12.050000190734865 -10.249999999999998 2.9500000476837163 1301.5000000000002 35.95579910278321 1 1.0000000180025095e-35 24.349999427795414 24.94999980926514 2 21.550000190734867 23.44999980926514 20.750000000000004 20.250000000000004 16.050000190734867 17.150000572204593 14.34999990463257 30.94999980926514 24.849999427795414 1.0000000180025095e-35 0.75000000000000011 3 18.750000000000004 18.650000572204593 137.68579864501956
decision_type=2 2 1 10 8 10 8 10 2 2 1 8 10 8 1 8 10 2 10 10 2 10 8 2 10 10 1 2 8 2
left_child=12 2 -2 6 9 7 -3 8 10 -5 -6 -4 16 14 17 -16 -1 19 -19 20 21 -14 25 24 -20 26 29 -28 -29 -21
right_child=1 3 11 4 5 -7 -8 -9 -10 -11 -12 -13 13 -15 15 -17 -18 18 23 22 -22 -23 -24 -25 -26 -27 27 28 -30 -31
leaf_value=0.00017785241394346364 0.009592814610291123 0.10636168220678244 -0.051795344281018611 -0.056195122549340504 -0.071474372119262566 0.0030485479954784644 0.0065093525204289529 -0.064401965881640003 0.034763410716230674 0.0087165193646484944 -0.021514944117319749 0.021123780535096386 0.018528780435817255 0.00029119516533258064 -0.056650543265124247 -0.013247082185116402 0.0057895840962982007 0.033497132488335218 -0.020524835959088911 0.016997895100114371 0.043340446314812389 -0.060666394190237741 -0.21194121583989767 0.0050282311380050885 0.016679590601989609 0.020540414508746864 -0.11626732130115612 0.016429762934541466 -0.063807098905084306 -0.046857271029194139
leaf_weight=3947629 3877 592 8408 1350 2383 12326 32989 3684 1875 19307 14610 1022 4610 445866 4137 104768 249263 17782 30242 3600 5368 2711 234 59289 7743 2471 2332 2197 3910 3425
leaf_count=3947629 3877 592 8408 1350 2383 12326 32989 3684 1875 19307 14610 1022 4610 445866 4137 104768 249263 17782 30242 3600 5368 2711 234 59289 7743 2471 2332 2197 3910 3425
internal_value=-1.20586e-07 -0.00611753 -0.0283024 -0.00280484 -0.00950138 -0.0177787 0.00826965 -0.029162 -0.0222814 0.00447434 -0.0285757 -0.0438461 0.000127813 -0.00216824 -0.0064716 -0.0148945 0.000511146 -0.000184015 0.00349571 -0.0139042 0.0121052 -0.0107976 -0.0320688 -0.00198864 -0.012941 -0.029722 -0.0377534 -0.057347 -0.0349418 -0.0141142
internal_weight=5e+06 102423 13307 89116 55535 34878 33581 22552 18868 20657 16993 9430 4.89758e+06 700685 254819 108905 4.19689e+06 145914 115056 30858 12689 7321 18169 97274 37985 17935 15464 8439 6107 7025
internal_count=5000000 102423 13307 89116 55535 34878 33581 22552 18868 20657 16993 9430 4897577 700685 254819 108905 4196892 145914 115056 30858 12689 7321 18169 97274 37985 17935 15464 8439 6107 7025
cat_boundaries=0 1 2 3 4
cat_threshold=254 496 8064 5888
is_linear=0
shrinkage=0.1


Tree=280
num_leaves=31
num_cat=7
split_feature=17 11 76 11 17 2 0 75 1 51 60 1 12 73 76 75 0 52 18 80 82 73 76 36 17 76 0 9 76 2
split_gain=391.101 1396.23 4120.56 1793.87 1665.76 1337.96 1776.64 2142.99 1853.39 1822.19 1709.21 1173.98 1830.72 1004.59 1238.11 1000.86 1484.72 1260.43 982.312 960.13 972.362 938.079 932.939 931.228 923.169 2491.74 1311.61 1124.19 3639.89 1337.12
threshold=8.6500000953674334 9.2500000000000018 0 6.6499998569488534 11.650000095367433 1.0000000180025095e-35 6.0499999523162851 1 5.0499999523162851 1.7500000000000002 2.4500000476837163 3.0499999523162846 6.6499998569488534 129.87249755859378 2 3 8.2500000000000018 2.4500000476837163 12.449999809265138 10.250000000000002 4.9500000476837167 144.04920196533206 4 1.0000000180025095e-35 13.550000190734865 5 18.250000000000004 13.949999809265138 6 5.8500001430511483
decision_type=10 8 1 10 10 8 2 1 8 8 10 10 10 2 1 1 2 8 8 10 10 2 1 10 10 1 2 8 1 10
left_child=13 2 3 -2 -5 10 7 23 -8 11 -4 12 -9 14 -1 16 17 22 -13 -15 -21 -18 -10 -7 25 26 -3 28 29 -26
right_child=1 24 5 4 -6 6 8 9 15 -11 -12 18 -14 19 -16 -17 21 -19 -20 20 -22 -23 -24 -25 27 -27 -28 -29 -30 -31
leaf_value=-0.023016576455258175 -0.047626434928395647 -0.0052867307465304086 0.041140098234415751 -0.0080713173404594937 -0.044592212329584387 0.011432918690868172 0.051134666331315005 -0.070859062046833246 -0.061165085992982628 -0.0047693992026154215 -0.040418600540837638 -0.057317182060857133 0.010810428789230952 0.0003371405879914937 0.057042057936921478 -0.007833889056338984 0.01791988210273774 0.020351077305146542 -0.12934000444520569 0.0059524985652847908 0.031903575768579412 -0.050229263555806619 0.027098853043466486 -0.061092311512738098 -0.10593938759274631 0.011140394157316595 0.029603481081378454 7.6457450080271016e-05 -0.002285830680943673 -0.030213984289208892
leaf_weight=2717 24426 211438 14674 55733 16096 23010 7950 5481 6690 13773 3115 6437 5498 1568931 6656 62802 60176 4534 2683 122864 16361 2090 1456 1918 2493 242485 11353 2186277 273826 36057
leaf_count=2717 24426 211438 14674 55733 16096 23010 7950 5481 6690 13773 3115 6437 5498 1568931 6656 62802 60176 4534 2683 122864 16361 2090 1456 1918 2493 242485 11353 2186277 273826 36057
internal_value=-1.25203e-07 -0.000639876 -0.00693101 -0.0242136 -0.0162552 0.00055376 -0.00173443 -0.0164066 0.00418687 -0.0327785 0.0268585 -0.0519883 -0.0299611 0.00122254 0.0338713 0.00147732 0.00927958 -0.0219091 -0.0785055 0.00104339 0.00900213 0.0156324 -0.0454308 0.00585037 3.62506e-05 0.00412607 -0.00350864 -0.000725318 -0.00633684 -0.035102
internal_weight=5e+06 3.28247e+06 318542 96255 71829 222287 204498 58800 145698 33872 17789 20099 10979 1.71753e+06 9373 137748 74946 12680 9120 1.70816e+06 139225 62266 8146 24928 2.96393e+06 465276 222791 2.49865e+06 312376 38550
internal_count=5000000 3282471 318542 96255 71829 222287 204498 58800 145698 33872 17789 20099 10979 1717529 9373 137748 74946 12680 9120 1708156 139225 62266 8146 24928 2963929 465276 222791 2498653 312376 38550
cat_boundaries=0 1 2 3 4 5 6 7
cat_threshold=507964 7744 4092 700 1984 15736581 229390
is_linear=0
shrinkage=0.1


Tree=281
num_leaves=31
num_cat=9
split_feature=0 18 76 72 19 77 12 83 76 42 0 2 75 76 75 76 75 18 76 31 76 18 0 58 0 72 3 89 77 57
split_gain=381.45 414.259 610.979 750.777 598.288 522.69 468.296 459.109 697.114 512.394 889.73 946.521 1348.99 1260.18 1227.75 1159.54 932.091 872.463 894.711 816.483 939.764 739.504 707.9 666.428 659.26 651.4 645.069 1249.84 1242.06 1052.47
threshold=34.850000381469734 28.349999427795414 0 35.475000381469734 30.849999427795414 25.550000190734867 30.250000000000004 25.750000000000004 1 1.0000000180025095e-35 -7.5499999523162833 7.8500001430511483 2 3 4 5 6 16.250000000000004 7 1.0000000180025095e-35 8 8.2500000000000018 12.050000190734865 4.5499999523162851 24.150000572204593 41.475000381469734 -6.5499999523162833 -7.8500001430511466 -5.7499999999999991 2.3500000238418584
decision_type=2 10 1 2 10 8 8 10 1 8 2 10 1 1 1 1 1 8 1 10 1 10 2 10 2 2 8 10 10 8
left_child=1 4 5 -4 7 6 -3 9 -9 26 -11 12 -12 16 -15 21 -13 18 -18 20 -16 -14 -20 -22 -19 -17 27 28 29 -1
right_child=-2 2 3 -5 -6 -7 -8 8 -10 10 11 13 15 14 19 25 17 24 22 -21 23 -23 -24 -25 -26 -27 -28 -29 -30 -31
leaf_value=0.006140898047853326 0.028634013398542935 -0.01676695889026086 -0.0077789404777515491 -0.040050859990453637 0.076485847625763548 0.0012635901526943044 0.0080015740479001916 0.019472093054658912 0.0024842014353705379 -0.038669986678367407 0.031758399736928435 -0.014878670938689787 -0.0087713014395011408 -0.0035843018934615407 -0.013943778415016381 0.010316326943405887 0.0018729617654648445 -0.0053026329738580132 0.012126772943306684 -0.0034423882730485302 -0.045666003858554849 -0.048972685552076511 0.048228045698740292 -0.0014672228937851902 0.024982628563196437 -0.0084835171683629237 8.7442660802526163e-05 0.025076796128325942 0.042953963991515992 -0.021280079646440589
leaf_weight=39030 4648 34331 29929 9496 1027 135990 9816 27155 218176 6969 15369 30628 32370 80244 27191 80458 22704 65550 10804 19067 25511 5329 10923 3938 8073 23907 3962683 30561 6299 21824
leaf_count=39030 4648 34331 29929 9496 1027 135990 9816 27155 218176 6969 15369 30628 32370 80244 27191 80458 22704 65550 10804 19067 25511 5329 10923 3938 8073 23907 3962683 30561 6299 21824
internal_value=-1.12487e-07 -2.67555e-05 -0.0042739 -0.0155481 0.000168503 -0.00180546 -0.0112597 0.000152088 0.00436544 -7.61233e-05 -0.00320553 -0.00267064 0.0036252 -0.00592431 -0.0122039 0.000579368 0.000663112 0.0046962 0.0157628 -0.0213385 -0.0273667 -0.0144502 0.0302623 -0.0397421 -0.00198176 0.00600925 0.000285368 0.00831203 0.000682469 -0.00369306
internal_weight=5e+06 4.99535e+06 219562 39425 4.77579e+06 180137 44147 4.77476e+06 245331 4.52943e+06 469035 462066 157433 304633 155951 142064 148682 118054 44431 75707 56640 37699 21727 29449 73623 104365 4.0604e+06 97714 67153 60854
internal_count=5000000 4995352 219562 39425 4775790 180137 44147 4774763 245331 4529432 469035 462066 157433 304633 155951 142064 148682 118054 44431 75707 56640 37699 21727 29449 73623 104365 4060397 97714 67153 60854
cat_boundaries=0 1 2 3 4 5 6 7 8 9
cat_threshold=4088 1950 688 14682108 5058 3612 4230 14681092 1579011
is_linear=0
shrinkage=0.1


Tree=282
num_leaves=31
num_cat=7
split_feature=91 74 63 90 89 72 23 73 76 73 74 24 73 72 72 89 76 75 76 79 75 3 89 89 75 76 91 58 72 73
split_gain=375.077 737.559 691.54 638.463 635.938 705.922 628.166 604.8 1844.43 840.225 838.838 889.839 706.843 1482.58 1399.03 690.637 1164.5 625.817 613.03 1108.24 597.776 594.204 1407.37 935.86 689.789 802.63 1116.2 786.45 769.132 1051.94
threshold=0.84999999403953563 1042.5000000000002 0.84999999403953563 1.0000000180025095e-35 15.650000095367433 36.851650238037116 11.250000000000002 140.62335205078128 0 144.46170043945315 388.50000000000006 0.75000000000000011 143.25830078125003 42.843351364135749 44.199998855590827 2.4500000476837163 1 2 3 5.5499999523162851 4 19.550000190734867 21.050000190734867 24.050000190734867 5 6 6.1499998569488534 1.2500000000000002 32.093299865722663 134.25665283203128
decision_type=10 2 8 10 8 2 8 2 1 2 2 2 2 2 2 8 1 1 1 10 1 10 10 8 1 1 10 8 2 2
left_child=-1 2 3 4 5 -2 -6 21 10 -10 11 12 13 -9 15 -15 -17 -14 19 -16 -21 22 24 -23 -4 26 28 -27 -26 -30
right_child=1 -3 7 -5 6 -7 -8 8 9 -11 -12 -13 17 14 18 16 -18 -19 -20 20 -22 23 -24 -25 25 27 -28 -29 29 -31
leaf_value=0.00088832309527625574 -0.013987167778592383 -0.029829708756840653 0.0090131172991502109 0.0068512775438577672 0.028285068349525367 -0.003317423194763552 -0.0023010765523368859 -0.014016031976550838 0.00025710099757254417 0.015223216626886608 -0.030542770219398576 0.023115658728634015 -0.0078518355439199626 -0.0019244145405537647 -0.010571075913783791 0.048079593844844719 0.0047619544794850217 -0.030371217127753748 -0.024599314054528948 0.088217590264394852 0.012869628381234425 -0.0061377063003348548 0.02437704498563649 0.002429527153819307 0.01920262941319327 -0.003533009723517954 -0.027252879368813005 0.0061715185501525849 -0.013358456201868164 0.0010669796547700002
leaf_weight=2436446 120716 8749 123880 51388 6885 127502 271432 93490 305225 42769 17271 9012 24016 10995 14489 13482 11511 25426 14832 1941 2315 231166 29398 284342 16745 112834 18030 321286 69917 182510
leaf_count=2436446 120716 8749 123880 51388 6885 127502 271432 93490 305225 42769 17271 9012 24016 10995 14489 13482 11511 25426 14832 1941 2315 231166 29398 284342 16745 112834 18030 321286 69917 182510
internal_value=-9.66029e-08 -0.000844466 -0.000745205 -0.00378809 -0.00482645 -0.00850645 -0.00154444 0.000144353 -0.00254783 0.0020964 -0.00931595 -0.00766132 -0.00896657 -0.00579067 0.00526357 0.0189617 0.02815 -0.0194404 -0.00941814 0.00260571 0.0474705 0.00128074 0.00286803 -0.00141222 0.0021199 0.00093592 -0.00316515 0.00364909 -0.0015518 -0.00292856
internal_weight=5e+06 2.56355e+06 2.5548e+06 577923 526535 248218 278317 1.97688e+06 586774 347994 238780 221509 212497 163055 69565 35988 24993 49442 33577 18745 4256 1.39011e+06 874600 515508 845202 721322 287202 434120 269172 252427
internal_count=5000000 2563554 2554805 577923 526535 248218 278317 1976882 586774 347994 238780 221509 212497 163055 69565 35988 24993 49442 33577 18745 4256 1390108 874600 515508 845202 721322 287202 434120 269172 252427
cat_boundaries=0 1 2 3 4 5 6 7
cat_threshold=65408 3968 910 63488 7174 992 895
is_linear=0
shrinkage=0.1


Tree=283
num_leaves=31
num_cat=5
split_feature=18 75 17 74 0 6 48 1 79 48 76 88 85 82 75 76 76 72 73 72 73 48 54 71 9 78 4 73 87 89
split_gain=360.223 426.275 744.806 920.864 873.688 706.002 682.292 631.824 627.077 911.151 839.323 773.122 875.954 829.138 887.21 2149.19 2073.39 1867.19 1487.32 2246.42 1400.08 1225.9 2201.83 1189.66 1165.62 1096.37 1090.78 1018.95 980.49 974.843
threshold=30.349999427795414 0 21.349999427795414 316.00000000000006 18.650000572204593 29.550000190734867 2.5499999523162846 12.050000190734865 0.75000000000000011 1.8499999642372134 1 0.55000001192092907 0.65000000596046459 0.65000000596046459 2 3 4 36.902500152587898 139.29000091552737 35.225851058959968 143.1683044433594 0.94999998807907116 0.94999998807907116 2.0499999523162846 -0.45000000298023218 0.75000000000000011 4.8500001430511483 144.7174987792969 1.0000000180025095e-35 -7.8500001430511466
decision_type=10 1 8 2 2 10 10 8 8 8 1 8 8 8 1 1 1 2 2 2 2 10 10 8 8 10 8 2 10 8
left_child=1 5 8 -4 -5 7 -7 -1 9 -3 -11 -10 -13 -14 15 17 28 18 24 -20 25 -17 -23 -24 -15 -19 -18 29 -16 -22
right_child=-2 2 3 4 -6 6 -8 -9 11 10 -12 12 13 14 16 21 26 20 19 -21 27 22 23 -25 -26 -27 -28 -29 -30 -31
leaf_value=0.042813883058164255 -0.0059238221395678014 0.0014050720033463534 -0.0022755503990930931 -0.029204824062466269 -0.0047106831633382711 -0.010140619179698534 0.0069690261454500111 0.0032907334076796644 0.0046650952210010952 0.0013877737042686401 0.020985296152601841 0.0044018144933063857 0.0049596569897608382 -0.027495107969286343 -0.0050823831156533491 0.0013318570981502163 0.013347212000841397 0.023434528200709751 0.073599780561513062 -0.04459136273476761 -0.12424343121175566 -0.019523891143023525 -0.011144097308892601 -0.0014483652952564235 0.0043832107569596029 -0.02222513975589217 0.0021733707437132737 0.027282752020101345 0.0084938559472663763 -0.020928651924254509
leaf_weight=4070 100589 306832 503863 25965 33160 78558 33139 652222 294357 37387 52620 299653 194946 12883 624615 166561 104434 75960 1810 14419 1020 137661 210756 316736 104583 5650 534493 4179 58149 8730
leaf_count=4070 100589 306832 503863 25965 33160 78558 33139 652222 294357 37387 52620 299653 194946 12883 624615 166561 104434 75960 1810 14419 1020 137661 210756 316736 104583 5650 534493 4179 58149 8730
internal_value=-6.69219e-08 0.000121553 -0.000280611 -0.00366096 -0.0154674 0.00228498 -0.00506442 0.00353584 0.000252702 0.0040003 0.0128474 -0.000216208 -0.000715592 -0.00131051 -0.00182353 -0.00397729 -9.46275e-05 0.0045957 -0.00303345 -0.0314097 0.0152722 -0.00634018 -0.00826143 -0.00532223 0.000886979 0.0202734 0.0039997 -0.0140298 -0.00392608 -0.031737
internal_weight=5e+06 4.89941e+06 4.13142e+06 562988 59125 767989 111697 656292 3.56843e+06 396839 90007 3.1716e+06 2.87724e+06 2.57758e+06 2.38264e+06 1.06095e+06 1.32169e+06 229234 133695 16229 95539 831714 665153 527492 117466 81610 638927 13929 682764 9750
internal_count=5000000 4899411 4131422 562988 59125 767989 111697 656292 3568434 396839 90007 3171595 2877238 2577585 2382639 1060948 1321691 229234 133695 16229 95539 831714 665153 527492 117466 81610 638927 13929 682764 9750
cat_boundaries=0 1 2 3 4 5
cat_threshold=384 16518145 6150 2031616 8905601
is_linear=0
shrinkage=0.1


Tree=284
num_leaves=31
num_cat=6
split_feature=72 73 76 3 76 74 74 75 73 91 73 79 14 73 80 77 26 75 76 73 76 10 73 72 34 3 0 73 74 74
split_gain=385.365 1178.72 1470.37 1005.32 1071.2 1388.9 1516.24 1478.45 1299.7 1273.58 1242.9 1170.15 1149.88 1095.2 915.151 1191.04 923.912 903.544 3087.1 1505.3 1344.84 2058.26 1320.16 1210.51 1146.53 1099.23 1093.77 1045.81 1045.8 947.636
threshold=37.670000076293952 140.37915039062503 0 24.250000000000004 1 322.00000000000006 41.500000000000007 2 139.55834960937503 1.4499999880790713 144.7174987792969 5.8500001430511483 3.6499999761581425 141.93664550781253 -13.749999999999998 -13.15000009536743 1.0000000180025095e-35 3 4 142.07500457763675 5 20.44999980926514 140.55999755859378 44.350849151611335 1.0000000180025095e-35 19.150000572204593 13.949999809265138 141.76084899902347 48.500000000000007 168.00000000000003
decision_type=2 2 1 10 1 2 2 1 2 10 2 8 10 2 8 10 10 1 1 2 1 8 2 2 10 10 2 2 2 2
left_child=1 -1 -3 4 5 6 12 9 11 -8 14 -6 -2 -14 15 -10 17 18 22 23 21 24 28 29 -19 -22 -23 -25 -16 -20
right_child=3 2 -4 -5 8 -7 7 -9 10 -11 -12 -13 13 -15 16 -17 -18 20 19 -21 25 26 -24 27 -26 -27 -28 -29 -30 -31
leaf_value=0.00028469576171276189 0.00096830024782062487 0.023548530936670996 0.0010224034012719463 -0.010148567502258905 0.032083698557338745 -0.019451599365824274 0.02107943750632793 -0.0031253644252547913 -0.054009745017739245 0.00059269630119762856 0.016299021170474975 0.0014793436574410505 -0.0086155266330689029 -0.028087199705183055 0.0072975518599328318 0.036375134438805738 -0.0090766028888206417 -0.0070073918197204243 -0.0099800373557391055 -0.019755806994872824 0.012418028579898209 0.077018169991959415 0.01266780820576382 0.065708732398006606 -0.042666018685800444 -0.0029124525407122469 0.01175806754006627 0.004666940886922699 -0.024597373299963171 0.0072342482102692287
leaf_weight=3057871 96516 49717 69458 116455 25572 51992 61655 190424 6366 59753 48156 24427 141564 36291 21948 1891 98017 97096 131574 84590 201662 2758 142383 4413 9940 60894 37321 7711 19338 42247
leaf_count=3057871 96516 49717 69458 116455 25572 51992 61655 190424 6366 59753 48156 24427 141564 36291 21948 1891 98017 97096 131574 84590 201662 2758 142383 4413 9940 60894 37321 7711 19338 42247
internal_value=-5.57532e-08 0.000664953 0.0104218 -0.00115903 -0.000545569 -0.00378709 -0.00239782 0.00237273 0.00139091 0.0109956 0.000618034 0.0171319 -0.00781972 -0.0125887 -0.000160335 -0.03331 0.000124226 0.00116817 -0.00190326 -0.00869605 0.00457342 -0.00308072 0.00810209 -0.00366522 -0.0103189 0.00886213 0.0162489 0.0268855 -0.00764175 -0.00579612
internal_weight=5e+06 3.17705e+06 119175 1.82295e+06 1.7065e+06 638195 586203 311832 1.0683e+06 121408 1.0183e+06 49999 274371 177855 970149 8257 961892 863875 454204 270535 409671 147115 183669 185945 107036 262556 40079 12124 41286 173821
internal_count=5000000 3177046 119175 1822954 1706499 638195 586203 311832 1068304 121408 1018305 49999 274371 177855 970149 8257 961892 863875 454204 270535 409671 147115 183669 185945 107036 262556 40079 12124 41286 173821
cat_boundaries=0 1 2 3 4 5 6
cat_threshold=983166 65408 496 1596 126 124
is_linear=0
shrinkage=0.1


Tree=285
num_leaves=31
num_cat=6
split_feature=3 80 83 77 89 7 76 73 17 16 0 75 17 76 74 80 86 77 2 72 86 75 58 76 80 72 73 76 38 86
split_gain=390.467 1299.95 1310.32 994.883 965.472 821.55 807.971 794.166 752.752 752.207 1167.93 897.519 799.012 1157.89 779.917 764.249 751.71 677.969 661.361 637.471 609.827 563.546 548.003 518.032 556.816 584.399 693.064 506.627 499.728 495.807
threshold=-10.249999999999998 -10.949999809265135 -13.249999999999998 -13.15000009536743 -13.15000009536743 -13.15000009536743 0 142.79664611816409 -10.249999999999998 -8.6500000953674299 -8.6500000953674299 1 -4.8500001430511466 2 114.50000000000001 -5.4500000476837149 -13.749999999999998 -7.1499998569488517 -5.9500000476837149 43.387498855590827 -2.2499999999999996 3 2.0499999523162846 4 -9.3499999046325666 42.790000915527351 143.31164550781253 5 1.0000000180025095e-35 -5.2499999999999991
decision_type=8 10 10 10 10 8 1 2 10 10 2 1 8 1 2 8 10 10 10 2 8 1 10 1 8 2 2 1 8 8
left_child=1 2 3 4 7 23 -3 16 -9 11 12 20 -11 17 15 18 22 21 -13 29 -7 -14 -1 24 -2 -26 -27 -4 -8 -17
right_child=5 6 27 -5 -6 9 28 8 -10 10 -12 14 13 -15 -16 19 -18 -19 -20 -21 -22 -23 -24 -25 25 26 -28 -29 -30 -31
leaf_value=-0.080151067825730005 -0.21851060964653027 0.00018278507082984858 0.00015464970330906708 0.020467696741995077 0.013335640983571644 -0.087854449321385947 0.059389503970922665 -0.077265047752647795 0.0028019847469988746 -0.0029967834361161478 -5.8877083822835702e-05 -0.00061238350145402553 0.030218492856536761 -0.10522790196617303 0.031811923627253789 -0.039800309558228941 -0.006563152232857597 0.047002642827936723 -0.059881349296598309 0.048589203575248596 -0.0056842290626673833 -0.049685266016524413 -0.1724700713623861 0.052016580039683152 -0.10239235877000319 0.020194937402750541 -0.064717439171405988 0.046269600160525566 -0.041614810061675001 0.016221816036043068
leaf_weight=2277 184 4277 4151 4644 3255 1319 8190 1766 3504 8937 4888514 6408 1041 2360 19314 2037 994 1111 2666 4839 2865 5675 896 574 1198 1916 1929 5600 521 7038
leaf_count=2277 184 4277 4151 4644 3255 1319 8190 1766 3504 8937 4888514 6408 1041 2360 19314 2037 994 1111 2666 4839 2865 5675 896 574 1198 1916 1929 5600 521 7038
internal_value=-4.58888e-08 0.00983119 -0.00264029 -0.0191355 -0.0336263 -7.94799e-05 0.035841 -0.0498244 -0.0240288 -3.54399e-05 -0.000155365 0.0126253 -0.0248198 -0.043965 0.0169944 0.00455243 -0.082448 -0.0253262 -0.018026 0.0192769 -0.031513 -0.0373289 -0.10622 -0.0376902 -0.0475498 -0.0414064 -0.0224048 0.0266861 0.0532873 0.00364693
internal_weight=5e+06 40075 27087 17336 12692 4.95992e+06 12988 9437 5270 4.95412e+06 4.90764e+06 46486 19124 10187 42302 22988 4167 7827 9074 13914 4184 6716 3173 5801 5227 5043 3845 9751 8711 9075
internal_count=5000000 40075 27087 17336 12692 4959925 12988 9437 5270 4954124 4907638 46486 19124 10187 42302 22988 4167 7827 9074 13914 4184 6716 3173 5801 5227 5043 3845 9751 8711 9075
cat_boundaries=0 1 2 3 4 5 6
cat_threshold=1374272 72 63996 24 258048 4234464
is_linear=0
shrinkage=0.1


Tree=286
num_leaves=31
num_cat=6
split_feature=23 0 89 83 72 76 4 76 17 14 83 1 1 76 84 74 75 76 30 59 17 52 2 83 89 77 17 86 76 77
split_gain=363.31 523.081 540.193 434.694 837.012 896.159 871.751 1670.36 1175.66 1271.3 1117.49 1351 1047.64 956.497 946.945 895.097 864.493 882.421 855.531 845.84 1011.39 895.536 823.068 1844.07 1270.46 1217.59 1318.76 1281.7 1200.82 1157.21
threshold=-12.949999809265135 9.8499999046325701 -2.1499999761581416 4.0499999523162851 31.958350181579593 0 4.0499999523162851 1 6.6499998569488534 8.0500001907348651 -0.15000000223517415 -1.8499999642372129 6.4500000476837167 2 1.0000000180025095e-35 428.00000000000006 3 4 1.0000000180025095e-35 2.8500000238418584 11.449999809265138 1.8499999642372134 6.4500000476837167 6.6499998569488534 8.0500001907348651 8.4499998092651385 8.0500001907348651 2.6499999761581425 5 10.250000000000002
decision_type=10 2 10 8 2 1 10 1 8 10 10 10 10 1 8 2 1 1 10 8 8 10 8 10 10 10 10 10 1 8
left_child=1 2 -1 4 5 -2 8 12 10 13 -6 15 -8 -10 18 -12 17 -15 19 21 -21 -11 23 24 25 26 27 -5 -25 -24
right_child=3 -3 -4 22 6 -7 7 -9 9 14 11 -13 -14 16 -16 -17 -18 -19 -20 20 -22 -23 29 28 -26 -27 -28 -29 -30 -31
leaf_value=0.012063926215976949 0.08702367638071945 -0.029950864812481843 0.065471817203175006 -0.00090670281333675342 -0.0027734479844790296 -0.0079565057152445433 -0.0010925399906323711 -0.017333084339143375 -0.049393002470113627 0.0063945396776995192 0.064451336108145268 0.0046520192674940402 0.038552898018604037 -0.051170221621734048 -0.084657188349496801 0.011192718360622776 0.0020628530287397032 0.026470765289264571 -0.098794311537333063 -0.00072632985141703145 -0.070719534819567179 0.056732980805848321 -0.0061088904690786254 0.0035928419170282722 0.023261653199302311 0.038756790053143308 -0.0096702109105701473 0.011118068026818554 0.027083466025117981 0.00027482812706987076
leaf_weight=19991 2148 2643 2092 321687 321713 1845 34934 92939 11983 22292 6478 176418 8237 8040 1287 6153 13294 1786 815 7955 2788 4200 311073 38273 25657 8203 113537 122355 50471 3258713
leaf_count=19991 2148 2643 2092 321687 321713 1845 34934 92939 11983 22292 6478 176418 8237 8040 1287 6153 13294 1786 815 7955 2788 4200 311073 38273 25657 8203 113537 122355 50471 3258713
internal_value=-4.65125e-08 0.0120916 0.0171234 -6.01393e-05 -0.00232278 0.0433353 -0.00257553 -0.00978399 -0.000898945 -0.0126396 0.000812179 0.006914 0.00647029 -0.0264737 -0.000294623 0.0385072 -0.014567 -0.0370454 0.00255885 0.00477727 -0.0188908 0.0143751 0.000326006 0.00351412 0.00149719 0.000510218 -5.2459e-05 0.0024067 0.016956 -0.000281452
internal_weight=5e+06 24726 22083 4.97527e+06 725305 3993 721312 136110 585202 74440 510762 189049 43171 35103 39337 12631 23120 9826 38050 37235 10743 26492 4.24997e+06 680183 591439 565782 557579 444042 88744 3.56979e+06
internal_count=5000000 24726 22083 4975274 725305 3993 721312 136110 585202 74440 510762 189049 43171 35103 39337 12631 23120 9826 38050 37235 10743 26492 4249969 680183 591439 565782 557579 444042 88744 3569786
cat_boundaries=0 1 2 3 4 5 6
cat_threshold=1016 16892 1144 28 896 130048
is_linear=0
shrinkage=0.1


Tree=287
num_leaves=31
num_cat=5
split_feature=17 0 11 13 76 9 76 83 1 76 85 83 13 2 76 48 17 3 0 80 76 86 1 3 48 50 48 3 89 1
split_gain=368.833 1602.15 1599.46 1553.44 2632.92 1419.22 1289.74 1172.51 1658.36 1207.58 1173.09 1069.47 1044.89 965.92 941.72 937.737 937.18 908.58 1819.55 1397.92 1362.6 1157.17 1480.82 1100.93 1059.06 954.383 938.404 1052.89 1343.78 1130.23
threshold=11.84999990463257 15.750000000000002 11.250000000000002 11.449999809265138 0 20.250000000000004 1 8.8499999046325701 10.84999990463257 2 1.1500000357627871 11.650000095367433 9.8499999046325701 20.550000190734867 3 2.9500000476837163 9.4499998092651385 8.4499998092651385 8.8499999046325701 5.4500000476837167 4 4.6499998569488534 0.65000000596046459 2.8500000238418584 0.94999998807907116 2.2500000000000004 1.0000000180025095e-35 4.2500000000000009 2.8500000238418584 1.4499999880790713
decision_type=8 2 8 8 1 10 1 10 8 1 10 8 10 8 1 10 10 10 2 10 1 10 8 8 8 10 8 10 10 10
left_child=1 5 6 4 12 7 -3 17 9 -9 -10 -12 -2 -4 -6 -8 -17 19 25 21 -21 26 -23 -22 -20 -19 -1 28 -28 -30
right_child=3 2 13 -5 14 -7 15 8 10 -11 11 -13 -14 -15 -16 16 -18 18 24 20 23 22 -24 -25 -26 -27 27 -29 29 -31
leaf_value=-0.015952150410644548 -0.059827314358077976 0.079148405473766892 0.042252299571589109 -0.0001717605646877631 0.0084447662862656217 -0.021667480220195604 -0.0052245783826429847 0.03020915969019904 0.013299570916690149 0.0088786802097039728 -0.019546747111699597 0.00065510677819799988 -0.022874481860905772 0.0051793784650087668 -0.0096219342828836874 0.032612746013753573 -0.0021550887073742814 -0.0073150437459626252 0.016839925511445149 -0.00086592217919879478 0.049350502123209856 0.059616288738796208 0.0057930067919335065 0.013612739080760876 -0.0028322732701720524 -0.025276401783978622 -0.00091946500323904852 -0.007896555706187294 0.029110484993611165 0.0047473383169409338
leaf_weight=43811 10824 2276 23012 2648162 44084 28930 51941 36413 48136 97942 36305 94196 26111 10118 83456 16941 14295 71027 34770 74182 9616 5294 148409 83220 128518 50700 800210 184618 26818 65665
leaf_count=43811 10824 2276 23012 2648162 44084 28930 51941 36413 48136 97942 36305 94196 26111 10118 83456 16941 14295 71027 34770 74182 9616 5294 148409 83220 128518 50700 800210 184618 26818 65665
internal_value=-3.77901e-08 0.000973889 0.012278 -0.000757452 -0.0101875 0.000325933 0.00504662 0.000637853 0.00626931 0.0146626 -4.33733e-05 -0.00496499 -0.0336946 0.0309301 -0.00337704 0.00300907 0.0167014 -0.000382846 -0.005542 0.000636985 0.0092395 -0.000490051 0.00764684 0.0173126 0.00135666 -0.0147961 -0.0016056 -0.00102217 0.000399526 0.0118121
internal_weight=5e+06 2.18736e+06 118583 2.81264e+06 164475 2.06878e+06 85453 2.03985e+06 312992 134355 178637 130501 36935 33130 127540 83177 31236 1.72686e+06 285015 1.44184e+06 167018 1.27482e+06 153703 92836 163288 121727 1.12112e+06 1.07731e+06 892693 92483
internal_count=5000000 2187363 118583 2812637 164475 2068780 85453 2039850 312992 134355 178637 130501 36935 33130 127540 83177 31236 1726858 285015 1441843 167018 1274825 153703 92836 163288 121727 1121122 1077311 892693 92483
cat_boundaries=0 1 2 3 4 5
cat_threshold=983164 14157728 1967088 14687233 130048
is_linear=0
shrinkage=0.1


Tree=288
num_leaves=31
num_cat=6
split_feature=74 88 72 72 76 74 76 86 76 72 48 74 73 80 82 91 75 72 87 85 8 76 17 12 0 2 76 13 1 31
split_gain=368.297 534.582 483.835 932.883 1638.31 997.904 648.049 857.406 589.386 1685.11 732.42 610.583 587.771 554.949 544.74 523.314 514.464 464.592 448.789 433.647 431.588 418.587 418.575 639.978 1033.46 909.332 590.168 601.383 511.472 601.865
threshold=542.00000000000011 6.7500000000000009 35.578300476074226 36.013349533081062 0 1099.0000000000002 1 27.44999980926514 2 36.436649322509773 0.65000000596046459 878.50000000000011 137.88999938964847 6.6499998569488534 0.45000000298023229 3.5499999523162846 3 40.609199523925788 1.0000000180025095e-35 0.65000000596046459 9.6500000953674334 4 27.349999427795414 30.44999980926514 26.250000000000004 24.750000000000004 5 26.150000572204593 22.849999427795414 1.0000000180025095e-35
decision_type=2 10 2 2 1 2 1 8 1 2 10 2 2 10 8 10 1 2 8 8 8 1 10 8 2 8 1 10 8 10
left_child=22 2 6 4 5 -4 7 -2 9 13 -11 19 18 -5 -13 -8 -10 -18 -6 -12 -15 -16 -1 24 26 -26 27 -24 29 -29
right_child=1 -3 3 8 12 -7 15 -9 16 10 11 14 -14 20 21 -17 17 -19 -20 -21 -22 -23 23 -25 25 -27 -28 28 -30 -31
leaf_value=0.0004724556041228785 -0.049782070734148344 0.049219907691515116 0.05045912552647408 0.00089853772345999952 -0.020636906366663647 -0.011466524227365979 -0.0039278177514927536 0.0014635248517886868 0.0093275226050422658 -0.0016572316910844808 0.016487920097377429 0.023401985373868017 0.0083382820946202706 0.080425521022638169 -0.027519690643269652 -0.051387876299670968 -0.0068461290563695794 0.035779087736487053 0.029752089059480069 -0.023504939100090563 0.021429368605899668 -0.064407562385778647 -0.022378584185790036 0.0059572409877021839 0.025665893216789595 -0.0022283132966321546 -0.020104611119489926 0.014225200159023102 -0.0094908436611191166 -0.088721777425284754
leaf_weight=4378853 8643 1926 12170 14723 15443 3310 50219 5247 36299 14477 3057 1088 29161 1619 5063 2436 69309 2655 1996 23973 5297 8049 16421 59380 13009 114982 53706 20599 26306 584
leaf_count=4378853 8643 1926 12170 14723 15443 3310 50219 5247 36299 14477 3057 1088 29161 1619 5063 2436 69309 2655 1996 23973 5297 8049 16421 59380 13009 114982 53706 20599 26306 584
internal_value=-1.07671e-08 -0.00330341 -0.00362534 -0.00159145 0.00902022 0.0371939 -0.0111957 -0.030402 -0.0051407 -0.0118068 -0.0210077 -0.0278023 -0.000346662 0.0118744 -0.044592 -0.00612232 -0.00037712 -0.00527281 -0.0148696 -0.0189819 0.0352401 -0.050234 0.00022297 -0.00335903 -0.00561141 0.000606853 -0.0123782 -0.00588131 -0.000178036 0.011387
internal_weight=5e+06 316160 314234 247689 62080 15480 66545 13890 185609 77346 55707 41230 46600 21639 14200 52655 108263 71964 17439 27030 6916 13112 4.68384e+06 304987 245607 127991 117616 63910 47489 21183
internal_count=5000000 316160 314234 247689 62080 15480 66545 13890 185609 77346 55707 41230 46600 21639 14200 52655 108263 71964 17439 27030 6916 13112 4683840 304987 245607 127991 117616 63910 47489 21183
cat_boundaries=0 1 2 3 4 5 6
cat_threshold=4032 7936 16368 7680 14336 6368
is_linear=0
shrinkage=0.1


Tree=289
num_leaves=31
num_cat=4
split_feature=16 77 86 72 76 76 49 74 6 49 83 2 74 75 73 73 72 76 7 83 58 0 72 73 49 72 87 72 73 73
split_gain=374.267 796.066 809.197 722.392 920.986 697.947 1268.78 922.298 646.039 651.474 642.109 745.335 700.953 623.726 617.774 1048.4 783.856 729.377 651.455 615.47 586.115 698.28 579.617 677.021 1054.74 819.554 681.359 644.171 819.331 597.204
threshold=-1.9499999880790708 2.2500000000000004 3.2500000000000004 39.460000991821296 0 1 4.1499998569488534 143.50000000000003 5.6499998569488534 0.94999998807907116 -7.8500001430511466 -8.6500000953674299 19.500000000000004 2 144.7174987792969 143.45414733886722 36.902500152587898 3 -5.9500000476837149 -1.3499999642372129 3.0499999523162846 -8.6500000953674299 44.01414871215821 142.07500457763675 1.1500000357627871 43.387498855590827 1.0000000180025095e-35 36.823350906372077 139.29000091552737 142.35585021972659
decision_type=10 8 10 2 1 1 10 2 10 8 8 10 2 1 2 2 2 1 10 8 8 2 2 2 10 2 10 2 2 2
left_child=5 2 3 8 -5 20 7 10 9 -2 12 -12 -7 -6 15 16 19 -18 -17 -9 -1 -22 23 27 -25 26 29 28 -13 -26
right_child=1 -3 -4 4 13 6 -8 14 -10 -11 11 22 -14 -15 -16 18 17 -19 -20 -21 21 -23 -24 24 25 -27 -28 -29 -30 -31
leaf_value=0.014324566617464733 -0.0085297425204054721 0.00010911299766082778 0.015206284660733878 -0.028760459970951315 -0.01649722450671989 0.0088693766820859086 0.017950367271289083 -0.036489077022348479 -0.019450589649468213 0.0057537920142174803 0.030384390326836649 -0.0038373335282232642 -0.050286083582419074 -0.00097443947878698425 0.056453312904746034 -0.07711167625977812 -0.018230434468728979 0.01665746496413972 -0.010814392475939631 -0.00063972325829389043 -0.02769514409749288 0.0062119501164650294 0.0087412145985219479 0.0037165505601377742 -0.14535084019771513 -0.0080351181329302145 0.077185058329399675 -0.0012649207696536725 -0.068241209602283512 -0.055796483123870394
leaf_weight=79349 50551 4343706 18313 26074 46015 2775 33824 5707 18423 86696 5011 4469 7201 59172 2178 2466 6794 50410 3715 29772 7727 28385 14754 7344 810 4747 359 40484 3540 9229
leaf_count=79349 50551 4343706 18313 26074 46015 2775 33824 5707 18423 86696 5011 4469 7201 59172 2178 2466 6794 50410 3715 29772 7727 28385 14754 7344 810 4747 359 40484 3540 9229
internal_value=-3.02326e-08 -0.000237776 -0.0051741 -0.00647485 -0.0119391 0.00314843 2.67058e-05 -0.00297803 -0.00186738 0.000492861 -0.00974975 -0.00710246 -0.033831 -0.00776594 0.00377232 0.00261175 0.00527109 0.0125136 -0.0372647 -0.0064063 0.00951725 -0.00104326 -0.00929345 -0.0130421 -0.0273831 -0.0424637 -0.0581814 -0.00639127 -0.032304 -0.0630222
internal_weight=5e+06 4.64895e+06 305244 286931 131261 351050 235589 201765 155670 137247 100723 90747 9976 105187 101042 98864 92683 57204 6181 35479 115461 36112 85736 70982 22489 15145 10398 48493 8009 10039
internal_count=5000000 4648950 305244 286931 131261 351050 235589 201765 155670 137247 100723 90747 9976 105187 101042 98864 92683 57204 6181 35479 115461 36112 85736 70982 22489 15145 10398 48493 8009 10039
cat_boundaries=0 1 2 3 4
cat_threshold=1824 9215 2054 3072
is_linear=0
shrinkage=0.1


Tree=290
num_leaves=31
num_cat=3
split_feature=76 72 82 75 74 48 72 17 33 0 17 29 27 28 17 78 16 0 90 62 75 72 72 73 72 17 0 3 77 79
split_gain=376.882 1521.61 1077.48 1135.09 1235.35 2355.4 1773.56 1565.29 970.027 1373.39 1521.78 1112.67 959.128 984.939 850.76 838.645 828.478 961.89 803.735 762.136 749.47 1195.77 1178.98 1199.44 1282.85 1073.34 939.548 1023.87 871.731 741.474
threshold=0 44.835000991821296 7.2500000000000009 1 15.500000000000002 2.0499999523162846 41.162500381469734 4.8500001430511483 1.0000000180025095e-35 5.8500001430511483 8.6500000953674334 1.0000000180025095e-35 1.0000000180025095e-35 1.0000000180025095e-35 6.6499998569488534 1.0000000180025095e-35 15.949999809265138 14.750000000000002 1.0000000180025095e-35 1.8499999642372134 2 43.281700134277351 40.670848846435554 141.52664947509768 42.100000381469734 4.6499998569488534 6.8500001430511483 6.2500000000000009 14.84999990463257 0.94999998807907116
decision_type=1 2 10 1 2 8 2 8 10 2 10 10 10 10 10 10 8 2 10 8 1 2 2 2 2 8 2 8 8 8
left_child=1 2 3 8 5 6 -5 -8 11 10 -10 12 13 14 -1 -13 -11 -18 -14 -16 -6 22 25 -24 -25 -22 -23 -28 -26 -27
right_child=-2 -3 -4 4 20 -7 7 -9 9 16 -12 15 18 -15 19 -17 17 -19 -20 -21 21 26 23 24 28 29 27 -29 -30 -31
leaf_value=0.022487739912244283 -0.00038838781515867328 -0.032221569451616319 -0.029546735233882956 -0.016493527538753945 -0.0087102390833566825 0.006730794697787066 0.0052247147694891695 -0.091439096098025002 -0.021384011962332958 0.031643202950326126 -0.12021420969168972 -0.030183379446769795 -0.037432285277749763 -0.033259350757939718 0.014828845588064113 0.010548180513968282 -0.064249617980027138 0.0020923418109421179 0.011988330178800469 0.0041152469486164453 0.046276585905852152 0.0026350227793861605 -0.042484742564958405 -0.16439023335291986 -0.020579775302225118 0.015166162138329598 0.11731479342414451 0.032166820142602297 0.029402016606969273 0.00030954570695271099
leaf_weight=56728 4166377 12837 10375 47651 51312 44611 2279 6323 10197 7803 1839 12749 7780 5023 122166 8376 2553 15182 5703 145457 6046 10989 11225 454 6464 42806 1578 13440 7583 156094
leaf_count=56728 4166377 12837 10375 47651 51312 44611 2279 6323 10197 7803 1839 12749 7780 5023 122166 8376 2553 15182 5703 145457 6046 10989 11225 454 6464 42806 1578 13440 7583 156094
internal_value=-3.67742e-08 0.00194089 0.00247521 0.00288516 -0.000823844 -0.0104292 -0.0240377 -0.0658291 0.00666144 -0.00863571 -0.0364844 0.00824075 0.00961317 0.0106833 0.0113638 -0.0140334 0.00448933 -0.00745776 -0.0165285 0.00900585 0.00232178 0.00452732 0.0022357 -0.0179428 0.00105473 0.00476862 0.0248549 0.0411137 0.00640192 0.00350689
internal_weight=5e+06 833623 820786 810411 408855 100864 56253 8602 401556 37574 12036 363982 342857 329374 324351 21125 25538 17735 13483 267623 307991 256679 230672 25726 14501 204946 26007 15018 14047 198900
internal_count=5000000 833623 820786 810411 408855 100864 56253 8602 401556 37574 12036 363982 342857 329374 324351 21125 25538 17735 13483 267623 307991 256679 230672 25726 14501 204946 26007 15018 14047 198900
cat_boundaries=0 1 2 3
cat_threshold=480 7940 2
is_linear=0
shrinkage=0.1


Tree=291
num_leaves=31
num_cat=5
split_feature=74 74 79 73 72 18 88 54 76 2 0 18 72 73 73 73 76 85 72 75 17 74 0 72 75 72 75 73 72 72
split_gain=370.201 571.29 538.78 585.391 488.52 471.678 447.544 973.714 862.838 1134.1 1119.69 952.258 945.204 786.958 786.22 730.288 677.851 1368.36 1058.38 1061.01 980.606 1303 1264.96 1249.87 1375.96 1279.26 1337.74 1186.94 1567.27 1212.77
threshold=7.5000000000000009 4.5000000000000009 0.55000001192092907 139.74584960937503 40.194999694824226 15.750000000000002 2.6499999761581425 2.5499999523162846 0 9.0500001907348651 -5.2499999999999991 12.449999809265138 36.961700439453132 143.1933517456055 144.7174987792969 139.82914733886722 1 5.9500000476837167 44.01414871215821 2 1.0500000119209292 1175.0000000000002 0.45000000298023229 43.44585037231446 3 40.194999694824226 4 136.82834625244143 33.70579910278321 37.019998550415046
decision_type=2 2 10 2 2 10 10 10 1 8 2 8 2 2 2 2 1 10 2 1 8 2 2 2 1 2 1 2 2 2
left_child=1 -1 3 -3 5 -5 16 -8 10 11 -9 12 15 -14 -15 -10 17 18 20 -20 22 23 -2 25 -25 27 -27 28 -22 -29
right_child=6 2 -4 4 -6 -7 7 8 9 -11 -12 -13 13 14 -16 -17 -18 -19 19 -21 21 -23 -24 24 -26 26 -28 29 -30 -31
leaf_value=-0.00046961667740291844 0.011995616603321482 0.0058399794076549449 0.0016447864167311273 0.048569241910406201 0.0098591137969944558 0.016275981245907827 -0.0057406960790663299 -0.052357155787908644 -0.00018604393698174934 -6.6939576060166586e-05 -0.0034955745777771347 0.096764223998093216 0.025230256445461986 -0.029316487061939778 0.02682847417997954 -0.07568367760199346 -0.00070573226944001222 -0.027580744747391053 0.0022866205076788044 -0.032659655773786253 0.0081651870458029387 -0.042647530586177651 0.070328305122076148 -0.020686663528751342 0.031749233418894206 0.0025142175895754609 -0.020442525258041924 0.013235138111422743 -0.006109848621755995 0.0012678070973009305
leaf_weight=399504 58673 103588 189328 8947 21139 9147 426742 4882 19169 155555 119189 1387 47058 5857 4344 1373 2562985 14918 18503 16372 126449 6286 3969 6135 27053 54437 47552 191034 196320 152105
leaf_count=399504 58673 103588 189328 8947 21139 9147 426742 4882 19169 155555 119189 1387 47058 5857 4344 1373 2562985 14918 18503 16372 126449 6286 3969 6135 27053 54437 47552 191034 196320 152105
internal_value=-3.49151e-08 0.00207828 0.00514285 0.00978 0.0201829 0.0322441 -0.000356286 -0.00251236 0.00132715 0.00489212 -0.00541776 0.0146342 0.01317 0.0197719 -0.00540768 -0.00523221 0.000130023 0.00245879 0.00295405 -0.0141275 0.00363877 0.00270362 0.0156916 0.00305949 0.0220595 0.00223832 -0.00819104 0.00383566 -0.000517416 0.00793032
internal_weight=5e+06 731653 332149 142821 39233 18094 4.26835e+06 785556 358814 234743 124071 79188 77801 57259 10201 20542 3.48279e+06 919806 904888 34875 870013 807371 62642 801085 33188 767897 101989 665908 322769 343139
internal_count=5000000 731653 332149 142821 39233 18094 4268347 785556 358814 234743 124071 79188 77801 57259 10201 20542 3482791 919806 904888 34875 870013 807371 62642 801085 33188 767897 101989 665908 322769 343139
cat_boundaries=0 1 2 3 4 5
cat_threshold=4094 1008 1932 6158 3968
is_linear=0
shrinkage=0.1


Tree=292
num_leaves=31
num_cat=7
split_feature=86 23 17 13 0 1 76 9 75 83 4 77 89 1 76 75 76 50 1 74 83 2 8 7 76 2 8 76 5 13
split_gain=371.743 515.75 487.907 1329.71 1133.78 1754.03 1529.69 1250.59 1894.41 1104.98 1016.72 1327.37 1107.45 1350.14 1016.26 1007.22 2036.95 1164.14 991.959 987.573 958.858 932.427 891.586 882.671 1072.47 1019.65 861.376 825.229 817.916 801.643
threshold=29.750000000000004 29.849999427795414 16.250000000000004 16.650000572204593 17.750000000000004 18.349999427795414 0 15.050000190734865 1 14.34999990463257 15.449999809265138 13.250000000000002 10.250000000000002 8.4499998092651385 2 3 4 4.8500001430511483 13.84999990463257 349.50000000000006 11.650000095367433 20.849999427795414 12.250000000000002 7.0499999523162851 5 12.050000190734865 10.050000190734865 6 11.050000190734865 14.34999990463257
decision_type=10 10 8 10 2 10 1 10 1 10 10 8 10 8 1 1 1 10 8 2 8 8 8 8 1 10 8 1 8 8
left_child=2 -2 4 14 5 9 -6 15 21 10 12 -12 -1 19 29 17 28 22 -11 -14 -13 -9 -8 -15 -25 -26 -27 -23 -17 -4
right_child=1 -3 3 -5 6 -7 7 8 -10 18 11 20 13 23 -16 16 -18 -19 -20 -21 -22 27 -24 24 25 26 -28 -29 -30 -31
leaf_value=-0.00053278322820949091 0.015082406298269261 -0.00049257320743161144 -0.059873325158559358 -0.00034272427472022273 0.09039874242379925 -0.030483989690639701 -0.022947539833649614 0.020724915352179768 0.034109066205424053 0.022058403993661938 -0.026016994066216277 -0.026443132316133756 0.043368301650137331 -0.0068092482766759404 -0.0053870870367481232 0.050534271040667537 -0.011553763719288899 0.046064345404348117 0.0040807044460190759 0.0024284417875401107 6.7434049992214136e-05 -0.010422999465776097 0.0028418242507726107 -0.0028714003505332947 0.023333538950771976 -0.012460888463311953 0.011358975271720787 0.026405783925841066 0.015601458611143993 -0.017394663256806889
leaf_weight=1987398 38683 47207 5113 1787825 2191 18576 34327 24246 34220 38110 32525 15629 15895 58774 210954 8510 29654 3563 157681 9363 107377 34450 21995 70359 51927 20285 60342 7379 31558 33884
leaf_count=1987398 38683 47207 5113 1787825 2191 18576 34327 24246 34220 38110 32525 15629 15895 58774 210954 8510 29654 3563 157681 9363 107377 34450 21995 70359 51927 20285 60342 7379 31558 33884
internal_value=-3.90108e-08 0.00652206 -0.000114034 -0.00129786 0.000724662 0.000136462 0.00742604 0.00663108 0.0150156 0.000353095 -0.000229225 -0.0080514 0.000305695 0.00611304 -0.00812965 0.000143354 0.00831278 -0.00936784 0.00758 0.0281921 -0.00330097 0.00512116 -0.0128762 0.00398197 0.00710766 0.0124038 0.00536612 -0.00392226 0.0230151 -0.0229583
internal_weight=5e+06 85890 4.91411e+06 2.03778e+06 2.87633e+06 2.64424e+06 232093 229902 100295 2.62566e+06 2.42987e+06 155531 2.27434e+06 286945 249951 129607 69722 59885 195791 25258 123006 66075 56322 261687 202913 132554 80627 41829 40068 38997
internal_count=5000000 85890 4914110 2037776 2876334 2644241 232093 229902 100295 2625665 2429874 155531 2274343 286945 249951 129607 69722 59885 195791 25258 123006 66075 56322 261687 202913 132554 80627 41829 40068 38997
cat_boundaries=0 1 2 3 4 5 6 7
cat_threshold=1008 248 917564 3848 556041 3615 8257536
is_linear=0
shrinkage=0.1


Tree=293
num_leaves=31
num_cat=8
split_feature=17 13 86 75 76 13 76 17 86 20 14 2 76 17 76 23 10 80 6 0 89 1 74 1 76 17 75 76 52 1
split_gain=355.894 492.757 644.996 675.161 521.858 467.1 1435.71 518.075 789.791 755.748 708.611 740.791 687.603 571.879 755.884 572.439 555.314 513.908 566.284 853.878 634.583 2271.37 934.843 705.194 696.873 669.792 1176.02 1643.22 1042.86 1292.02
threshold=29.349999427795414 31.750000000000004 24.550000190734867 0 1 27.750000000000004 2 22.44999980926514 22.150000572204593 19.150000572204593 23.550000190734867 14.050000190734865 3 24.849999427795414 4 15.949999809265138 24.150000572204593 25.150000572204593 24.849999427795414 21.650000572204593 15.449999809265138 15.150000095367433 349.50000000000006 11.449999809265138 5 8.6500000953674334 6 7 1.3499999642372134 0.65000000596046459
decision_type=10 10 8 1 1 10 1 8 10 8 10 8 1 8 1 8 10 10 10 2 10 8 2 10 1 8 1 1 8 8
left_child=5 2 3 -2 -4 7 -7 8 17 -9 -11 12 -12 -13 15 -15 -16 18 20 -20 25 22 23 -22 -23 -1 27 -27 29 -28
right_child=1 -3 4 -5 -6 6 -8 9 -10 10 11 13 -14 14 16 -17 -18 -19 19 -21 21 24 -24 -25 -26 26 28 -29 -30 -31
leaf_value=0.00088744438882847022 -0.06393810114175448 0.0064751401234099046 0.00045318974166907316 -0.015519206902942432 -0.015985650779763088 0.026949037161888956 0.0013577337165785938 -0.019315868618225887 0.0061576252603517748 -0.005882961141463916 -0.14024241736859264 0.0056264820704099577 0.036254430324778986 -0.066588518502740668 -0.017114114308135 0.0039778383857911387 -0.0035541501067682065 0.013558806801037932 -0.016967723880342064 0.0020213876584370227 0.068588919140052065 0.0072419698577662374 0.0025220172243764984 0.024521157711260955 -0.0010425329666225425 -0.0090638452303256917 0.015512109825313373 0.0068319997252120459 -0.0010917693884031805 -0.0090856786963591767
leaf_weight=1676174 3336 31180 71389 20883 26463 25977 140177 25759 225826 270231 218 129218 7584 1160 40170 127806 121695 28022 48340 46420 3969 134144 20209 42684 417603 86660 22594 260489 554587 389033
leaf_count=1676174 3336 31180 71389 20883 26463 25977 140177 25759 225826 270231 218 129218 7584 1160 40170 127806 121695 28022 48340 46420 3969 134144 20209 42684 417603 86660 22594 260489 554587 389033
internal_value=-1.09723e-08 -0.00474461 -0.00761041 -0.0222214 -0.0039941 0.00015001 0.00536046 -3.49529e-05 0.000415032 -0.00249472 -0.00187402 0.000658024 0.0311896 9.09309e-05 -0.00236855 0.00334286 -0.0069189 6.74436e-05 -3.46532e-05 -0.00766554 0.000165755 0.00308114 0.0204878 0.0282702 0.000971757 -0.00043751 -0.00212848 0.00286372 -0.0039221 -0.00773552
internal_weight=5e+06 153251 122071 24219 97852 4.84675e+06 166154 4.6806e+06 3.95675e+06 723841 698082 427851 7802 420049 290831 128966 161865 3.73093e+06 3.70291e+06 94760 3.60815e+06 618609 66862 46653 551747 2.98954e+06 1.31336e+06 347149 966214 411627
internal_count=5000000 153251 122071 24219 97852 4846749 166154 4680595 3956754 723841 698082 427851 7802 420049 290831 128966 161865 3730928 3702906 94760 3608146 618609 66862 46653 551747 2989537 1313363 347149 966214 411627
cat_boundaries=0 1 2 3 4 5 6 7 8
cat_threshold=1136 4032 1008 14 8128 16252932 480 1836928
is_linear=0
shrinkage=0.1


Tree=294
num_leaves=31
num_cat=4
split_feature=0 23 43 18 11 76 11 76 0 1 25 90 17 77 76 72 41 25 75 3 14 0 2 1 14 13 0 18 3 23
split_gain=392.902 730.128 525.827 447.269 630.575 1072.06 754.878 733.395 904.25 700.636 1409.74 666.705 629.565 587.778 700.208 687.251 571.494 540.943 575.96 911.036 926.744 803.325 1541.64 1237.18 943.546 808.389 790.214 918.432 825.836 750.218
threshold=31.150000572204593 28.44999980926514 1.0000000180025095e-35 23.550000190734867 25.750000000000004 0 21.150000572204593 1 20.650000572204593 21.94999980926514 1.0000000180025095e-35 1.0000000180025095e-35 27.550000190734867 21.750000000000004 2 37.095001220703132 1.0000000180025095e-35 1.2500000000000002 3 21.349999427795414 26.050000190734867 17.94999980926514 17.44999980926514 14.34999990463257 22.94999980926514 21.349999427795414 21.349999427795414 29.150000572204593 20.349999427795414 15.84999990463257
decision_type=2 8 8 10 8 1 10 1 2 8 10 10 10 10 1 2 10 10 1 10 8 2 8 10 10 8 2 10 8 10
left_child=3 -2 -3 13 5 17 -7 8 -6 10 11 -9 -8 -1 15 -15 -11 18 19 20 -5 23 25 24 -20 -23 27 -24 -28 -25
right_child=1 2 -4 4 7 6 12 9 -10 16 -12 -13 -14 14 -16 -17 -18 -19 21 -21 -22 22 26 29 -26 -27 28 -29 -30 -31
leaf_value=-1.0004331532994438e-05 0.036055066264035408 0.0024860578547248641 0.071023855995319046 0.0044778774862869212 -0.09722126438587203 -0.038858525439967435 -0.0080142407894174296 0.027785709471219958 -0.0037713905637377977 0.0012819698678107768 -0.081859628950940552 -0.09628200082556089 -0.034086974195504362 0.0055699986585811484 0.010891144786319468 -0.0078888192509829983 0.028799051635604707 0.016317361638608169 -0.036412278889247716 -0.0047640781147227744 0.03532133988918762 0.0097554227111690782 -0.025937566697165855 -0.14534107549916628 0.03227910028517321 0.067294885471229277 0.015929091167872937 -0.14154167235838558 -0.013920639146454937 -0.045963188520188568
leaf_weight=3886205 7934 59113 1141 61818 1043 9748 120825 24264 143122 157679 1285 441 10030 102794 111351 60136 7927 16280 3882 121911 11564 6786 12868 844 4124 3814 13588 726 29157 7600
leaf_count=3886205 7934 59113 1141 61818 1043 9748 120825 24264 143122 157679 1285 441 10030 102794 111351 60136 7927 16280 3882 121911 11564 6786 12868 844 4124 3814 13588 726 29157 7600
internal_value=-4.32193e-08 0.00753883 0.00378392 -0.000104277 -0.00231602 -0.00482639 -0.0120117 0.000940555 -0.00444717 0.00499448 0.0202594 0.025571 -0.0100127 0.000305765 0.0047798 0.000602433 0.00259912 -0.00140081 -0.00243592 0.000534943 0.00933839 -0.00939246 -0.00452801 -0.0291928 -0.00102841 0.0304588 -0.0111107 -0.0321115 -0.00443185 -0.0558963
internal_weight=5e+06 68188 60254 4.93181e+06 771326 435565 140603 335761 144165 191596 25990 24705 130855 4.16049e+06 274281 162930 165606 294962 278682 195293 73382 83389 66939 16450 8006 10600 56339 13594 42745 8444
internal_count=5000000 68188 60254 4931812 771326 435565 140603 335761 144165 191596 25990 24705 130855 4160486 274281 162930 165606 294962 278682 195293 73382 83389 66939 16450 8006 10600 56339 13594 42745 8444
cat_boundaries=0 1 2 3 4
cat_threshold=16321 16260611 520312 3968
is_linear=0
shrinkage=0.1


Tree=295
num_leaves=31
num_cat=6
split_feature=0 23 70 74 72 76 72 76 48 76 74 76 72 74 25 72 80 73 17 77 73 86 76 0 75 0 11 3 0 1
split_gain=359.478 391.17 349.489 402.991 576.931 892.951 688.882 676.207 673.451 651.245 578.614 490.076 1018.51 536.734 481.11 480.736 473.422 463.764 457.855 734.019 636.081 607.548 572.063 743.038 543.691 501.451 563.292 623.026 979.553 561.117
threshold=33.45000076293946 34.149999618530281 0.35000000894069677 669.00000000000011 35.64580154418946 0 36.013349533081062 1 2.3500000238418584 2 1099.0000000000002 3 36.527500152587898 741.50000000000011 1.0000000180025095e-35 36.775800704956062 7.6499998569488534 137.88999938964847 25.650000572204593 20.050000190734867 142.79664611816409 26.650000572204593 4 24.849999427795414 5 29.750000000000004 29.750000000000004 19.550000190734867 20.150000572204593 19.150000572204593
decision_type=2 10 10 2 2 1 2 1 8 1 2 1 2 2 10 2 8 2 8 8 2 10 1 2 1 2 8 10 2 8
left_child=1 2 -1 18 5 -5 7 10 11 -10 -6 12 -8 -13 17 -11 -15 -9 21 20 -20 -4 25 -24 -22 26 27 28 -21 -30
right_child=-2 -3 3 4 6 -7 8 14 9 15 -12 13 -14 16 -16 -17 -18 -19 19 22 24 -23 23 -25 -26 -27 -28 -29 29 -31
leaf_value=-0.0025149956351349888 0.015102041130173658 -0.031059570151721103 0.0006062968727422901 -0.048606624808093239 0.051296811124000301 -0.004145735188948836 0.0088172306123990817 -0.020456673020746344 -0.0487932344942687 -0.026788549368328474 -0.010945437545945845 -0.010745238733486807 -0.026798131240947938 0.027270013532074141 0.039940939597391409 0.0018601416645980106 0.0030913012908082584 0.0063109652769236706 -0.014766631276648155 -0.0052723181504464268 -0.033607070984347079 0.0085122994779503313 -0.029474633407425784 -0.0045936723913573615 -0.1415409796103084 0.013750852331164444 0.010563056869714191 -0.0042809351809407993 0.073273050249330438 0.021260844564652406
leaf_weight=505399 15712 4064 3733854 7180 5755 12173 13897 8935 6008 11274 2017 18024 19018 11397 3138 12191 27977 23486 20841 16336 1310 99798 13353 118687 734 27121 39474 207392 2562 10893
leaf_count=505399 15712 4064 3733854 7180 5755 12173 13897 8935 6008 11274 2017 18024 19018 11397 3138 12191 27977 23486 20841 16336 1310 99798 13353 118687 734 27121 39474 207392 2562 10893
internal_value=-3.67193e-08 -4.76431e-05 -2.23365e-05 0.000259191 -0.0043435 -0.0206681 -0.00240667 0.00839837 -0.00631525 -0.0194407 0.0350985 -0.00203187 -0.0117574 0.00354671 0.00255204 -0.0118993 0.0100899 -0.00106601 0.000454854 -0.00253092 -0.0199877 0.000812107 -0.00161425 -0.00710931 -0.073223 0.00077443 -0.000497635 -0.00233845 0.0111843 0.0311646
internal_weight=5e+06 4.98429e+06 4.98022e+06 4.47482e+06 182470 19353 163117 43331 119786 29473 7772 90313 32915 57398 35559 23465 39374 32421 4.29236e+06 458703 22885 3.83365e+06 435818 132040 2044 303778 276657 237183 29791 13455
internal_count=5000000 4984288 4980224 4474825 182470 19353 163117 43331 119786 29473 7772 90313 32915 57398 35559 23465 39374 32421 4292355 458703 22885 3833652 435818 132040 2044 303778 276657 237183 29791 13455
cat_boundaries=0 1 2 3 4 5 6
cat_threshold=16256 1920 1016 16320 528380 736
is_linear=0
shrinkage=0.1


Tree=296
num_leaves=31
num_cat=2
split_feature=76 85 72 73 72 73 48 0 58 91 75 49 79 89 81 88 65 79 72 82 50 72 72 40 18 8 18 4 0 77
split_gain=357.016 924.427 871.684 1145.88 1490.5 1005.17 918.355 1582.53 1280 1194.86 827.01 793.975 777.463 734.834 684.714 691.382 642.57 601.149 631.402 612.24 595.492 580.045 901.104 579.849 530.743 607.494 756.574 529.601 1082.74 1101.18
threshold=0 7.1499998569488534 27.989149093627933 133.62664794921878 33.418348312377937 130.66835021972659 1.9499999880790713 -4.2499999999999991 1.9499999880790713 0.84999999403953563 1 4.0499999523162851 0.94999998807907116 2.0499999523162846 1.0000000180025095e-35 0.75000000000000011 0.65000000596046459 6.0499999523162851 35.170000076293952 0.84999999403953563 2.1499999761581425 43.900848388671882 43.875000000000007 1.0000000180025095e-35 3.8500000238418584 6.8500001430511483 12.250000000000002 -6.6499998569488517 -5.8500001430511466 -5.7499999999999991
decision_type=1 10 2 2 2 2 8 2 8 10 1 10 10 10 10 10 10 10 2 10 8 2 2 10 8 10 8 8 2 10
left_child=1 2 -1 4 5 -4 8 11 10 12 -5 -8 14 20 15 -9 -12 18 19 -6 -7 22 -11 24 -10 26 -26 -2 29 -29
right_child=27 -3 3 6 17 13 7 9 23 21 16 -13 -14 -15 -16 -17 -18 -19 -20 -21 -22 -23 -24 -25 25 -27 -28 28 -30 -31
leaf_value=0.026507117144720954 0.0075048079944313902 -0.029054305054025221 -0.010669026768037323 -0.016088729126667544 -0.011633201905899318 0.020683264358830403 -0.010282616408271257 0.05429342873912224 0.0082711665048357703 0.0074077066532425503 0.025816921515465014 -0.072894003972404184 0.012056357434922518 0.0047085946784746887 -0.0023665995019822588 0.023361068548983829 0.0051749807067745781 -0.085127602822703624 0.011307949566712534 -0.033483400594999817 0.06796100082272212 -0.022426113476454256 0.16783091584008866 0.018211694543513953 -0.02436699286885401 -0.010280015341112718 -0.089076604221447586 -0.024722970281938126 -0.00032029844006588684 0.018220395037425282
leaf_weight=15014 84829 9302 26840 17182 38377 10265 8710 15791 10620 66231 16257 2639 28150 27448 4357 13322 208410 1257 7843 19259 3598 6790 352 6802 12646 45795 2108 32626 4249871 7309
leaf_count=15014 84829 9302 26840 17182 38377 10265 8710 15791 10620 66231 16257 2639 28150 27448 4357 13322 208410 1257 7843 19259 3598 6790 352 6802 12646 45795 2108 32626 4249871 7309
internal_value=-8.8385e-08 0.00223482 0.00270729 0.00211278 -0.00600428 0.00439791 0.0044615 0.011023 0.0014591 0.0140382 0.00505119 -0.0248417 0.0243044 0.014187 0.0346057 0.0401389 0.00666834 -0.016627 -0.015312 -0.0189344 0.0329537 0.00541647 0.00825581 -0.00968278 -0.0123488 -0.0159654 -0.0336125 -0.000319578 -0.000474303 -0.0168634
internal_weight=5e+06 625365 616063 601049 134887 68151 466162 146342 319820 134993 241849 11349 61620 41311 33470 29113 224667 66736 65479 57636 13863 73373 66583 77971 71169 60549 14754 4.37464e+06 4.28981e+06 39935
internal_count=5000000 625365 616063 601049 134887 68151 466162 146342 319820 134993 241849 11349 61620 41311 33470 29113 224667 66736 65479 57636 13863 73373 66583 77971 71169 60549 14754 4374635 4289806 39935
cat_boundaries=0 1 2
cat_threshold=224 2
is_linear=0
shrinkage=0.1


Tree=297
num_leaves=31
num_cat=4
split_feature=18 73 0 5 76 22 48 42 89 2 2 80 0 17 9 86 17 76 11 17 86 76 76 89 1 74 1 9 16 73
split_gain=355.921 444.922 437.727 1178.2 1097.88 957.345 713.179 689.853 605.136 751.061 739.069 2855.01 1852.66 1706.51 1686.31 1459.92 1295.81 1972.48 1308.07 1267.19 1472.42 1041.56 977.738 954.118 939.147 1033.03 926.697 921.539 890.14 883.153
threshold=30.349999427795414 140.63999938964847 25.750000000000004 28.250000000000004 0 23.94999980926514 4.2500000000000009 1.0000000180025095e-35 23.050000190734867 20.44999980926514 17.349999427795414 17.050000190734867 16.150000572204593 12.550000190734865 13.949999809265138 16.750000000000004 20.550000190734867 1 20.44999980926514 18.050000190734867 17.150000572204593 2 3 16.94999980926514 16.44999980926514 232.50000000000003 13.650000095367433 18.550000190734867 16.250000000000004 142.61585235595706
decision_type=10 2 2 10 1 10 8 8 10 8 10 10 2 8 10 10 10 1 10 8 8 1 1 8 8 2 8 10 8 2
left_child=2 -2 3 8 6 -6 -4 -7 10 -10 11 15 21 -14 22 16 -1 18 29 20 -16 -12 28 -22 25 -13 -17 -21 -15 -18
right_child=1 -3 4 -5 5 7 -8 -9 9 -11 12 24 13 14 19 26 17 -19 -20 27 23 -23 -24 -25 -26 -27 -28 -29 -30 -31
leaf_value=-4.2088080546015056e-05 -0.0041998682511227257 -0.032084281019790072 -0.0076256144612766967 -0.015609913537061763 0.022966154650260279 0.0032266385892255087 0.012102631234655728 0.023667025445179901 0.023055049580302987 0.0031245518745604724 0.012359624554555464 0.038812577584018883 0.012081174974886725 -0.027601428240511341 -0.016068494682065681 0.040874933386320401 -0.011135386322485055 -0.05567297665529955 0.0099459393931005217 -0.013356719095754277 -0.0145131166335686 -0.03039489622606999 -0.0074061474807203924 0.010227086081536763 0.0084737138337769007 0.0074023627614818281 0.0087141800835506683 -0.0025038728915432358 -0.092099555507473355 -0.051576031952019291
leaf_weight=2745780 94498 6091 111673 48906 31624 250960 21921 17674 20583 232306 6828 29086 82792 24891 29304 10004 67853 9052 31669 89785 17125 34381 32311 173702 60376 16360 85815 608442 2341 5867
leaf_count=2745780 94498 6091 111673 48906 31624 250960 21921 17674 20583 232306 6828 29086 82792 24891 29304 10004 67853 9052 31669 89785 17125 34381 32311 173702 60376 16360 85815 608442 2341 5867
internal_value=-8.27635e-08 -0.00588836 0.000120809 -0.000173812 0.00315328 0.00650862 -0.00438814 0.00457145 -2.88619e-06 0.00474672 -0.000291357 0.000507885 -0.00251222 -0.001704 -0.00287109 -6.98708e-05 -0.000476628 -0.0109025 -0.00705119 -0.00181371 0.00480195 -0.0233152 -0.0191795 0.00800688 0.016647 0.0275053 0.0120719 -0.00389944 -0.0331338 -0.0143539
internal_weight=5e+06 100589 4.89941e+06 4.46556e+06 433852 300258 133594 268634 4.41665e+06 252889 4.16376e+06 3.06186e+06 1.1019e+06 1.06069e+06 977901 2.95604e+06 2.86022e+06 114441 105389 918358 220131 41209 59543 190827 105822 45446 95819 698227 27232 73720
internal_count=5000000 100589 4899411 4465559 433852 300258 133594 268634 4416653 252889 4163764 3061862 1101902 1060693 977901 2956040 2860221 114441 105389 918358 220131 41209 59543 190827 105822 45446 95819 698227 27232 73720
cat_boundaries=0 1 2 3 4
cat_threshold=491520 8184 120958 508288
is_linear=0
shrinkage=0.1


Tree=298
num_leaves=31
num_cat=6
split_feature=38 75 25 76 75 73 72 3 5 72 18 77 79 20 76 0 2 72 0 12 72 2 0 73 75 50 48 85 76 57
split_gain=348.329 845.397 354.983 1289.25 803.977 432.666 694.849 721.44 377.442 477.203 368.843 540.653 545.292 456.849 409.974 439.772 564.499 468.005 467.804 433.07 431.016 398.833 607.579 530.439 542.507 393.107 3206.39 1012.38 1056.21 998.572
threshold=2.2500000000000004 0 3.2500000000000004 1 2 136.90335083007815 36.902500152587898 14.84999990463257 9.2500000000000018 35.906650543212898 27.349999427795414 25.150000572204593 3.0499999523162846 31.050000190734867 3 28.150000572204593 25.150000572204593 34.454999923706062 26.050000190734867 28.050000190734867 35.502500534057624 22.050000190734867 22.550000190734867 138.72585296630862 4 1.2500000000000002 2.2500000000000004 0.65000000596046459 5 1.0500000119209292
decision_type=10 1 8 1 1 2 2 8 8 2 10 8 10 10 1 2 8 2 2 10 2 10 2 2 1 8 10 8 1 8
left_child=2 -2 10 5 8 -4 7 -7 -5 -10 13 12 -12 25 15 16 18 -17 19 21 -16 22 23 24 -13 26 29 28 -27 -1
right_child=1 -3 3 4 -6 6 -8 -9 9 -11 11 14 -14 -15 20 17 -18 -19 -20 -21 -22 -23 -24 -25 -26 27 -28 -29 -30 -31
leaf_value=0.0031243181450043198 -0.020614797174169818 -0.00064986605678981138 0.010562695333661887 0.0054926075245031493 0.0046729098714828428 0.10974951104274822 0.017121692220958128 0.036573955421379797 -0.021946386371306404 -0.072686342891011876 -0.0087968089866886732 -0.028545796153746885 -0.041199059789779495 0.050976587111681286 -0.0010208855383860961 0.0018337955277767455 -0.01519013649602443 0.032171856211245624 0.023352483936080269 0.026681608592343087 -0.012611554971026881 -0.017061167188966237 0.031218033731939456 -0.036581325999489676 0.030301812704484395 0.00080357491674536553 -0.015674464064444584 0.00036748215332341465 0.013914755284824186 -0.0020099938045637588
leaf_weight=694753 27799 89384 15188 2753 26209 2002 9302 4120 6307 2625 52745 2449 5761 1775 113815 10076 17276 10265 11625 5291 44677 13602 6088 4108 4310 128440 136447 2600047 117793 832968
leaf_count=694753 27799 89384 15188 2753 26209 2002 9302 4120 6307 2625 52745 2449 5761 1775 113815 10076 17276 10265 11625 5291 44677 13602 6088 4108 4310 128440 136447 2600047 117793 832968
internal_value=-9.0712e-08 -0.00538791 0.000129212 0.007277 -0.00505428 0.0225359 0.0343406 0.0605036 -0.0268573 -0.0368582 2.75012e-05 -0.00335534 -0.0119874 0.000253979 -0.00128201 0.00431686 0.000287931 0.0171438 0.00592059 0.000267669 -0.00428789 -0.00430595 0.00592681 -0.00824205 0.00898206 0.000234018 -0.000986898 0.000947865 0.0070763 0.000324908
internal_weight=5e+06 117183 4.88282e+06 68506 37894 30612 15424 6122 11685 8932 4.81431e+06 302088 58506 4.51222e+06 243582 85090 64749 20341 47473 35848 158492 30557 16955 10867 6759 4.51045e+06 1.66417e+06 2.84628e+06 246233 1.52772e+06
internal_count=5000000 117183 4882817 68506 37894 30612 15424 6122 11685 8932 4814311 302088 58506 4512223 243582 85090 64749 20341 47473 35848 158492 30557 16955 10867 6759 4510448 1664168 2846280 246233 1527721
cat_boundaries=0 1 2 3 4 5 6
cat_threshold=6180 16368 6196 960 112 16648195
is_linear=0
shrinkage=0.1


Tree=299
num_leaves=31
num_cat=5
split_feature=74 72 2 76 29 75 26 31 49 76 54 12 2 76 35 84 72 65 10 82 79 91 74 74 72 73 76 73 73 74
split_gain=346.155 1016.22 1406.41 1272.41 1474.61 1472.71 1140.41 1104.84 1029.5 1620.65 1096.57 1026.38 904.31 890.196 832.84 827.003 806.765 787.847 749.411 744.333 869.134 1242.91 888.736 932.09 838.297 1499.11 961.901 1203.76 1052.51 875.231
threshold=62.500000000000007 39.460000991821296 2.4500000476837163 0 1.0000000180025095e-35 1 1.0000000180025095e-35 1.0000000180025095e-35 4.1499998569488534 2 4.1499998569488534 -2.2499999999999996 -10.249999999999998 3 1.0000000180025095e-35 1.0000000180025095e-35 43.729999542236335 2.1499999761581425 4.8500001430511483 2.0499999523162846 0.94999998807907116 0.65000000596046459 68.500000000000014 521.50000000000011 34.016649246215827 137.68579864501956 4 144.16750335693362 138.0100021362305 577.00000000000011
decision_type=2 2 10 1 10 1 10 10 10 1 8 8 8 1 10 10 2 8 10 8 10 10 2 2 2 2 1 2 2 2
left_child=1 2 -1 4 6 -5 7 14 12 -10 -11 -4 -7 17 15 16 -3 -13 -18 24 21 -21 -22 -24 -2 -26 28 -28 -27 -30
right_child=19 3 11 5 -6 8 -8 -9 9 10 -12 13 -14 -15 -16 -17 18 -19 -20 20 22 -23 23 -25 25 26 27 -29 29 -31
leaf_value=0.013556747730517217 0.0089103543912555701 0.0066831925694416459 -0.045180612763441944 -0.019019072098002056 -0.019847479733441586 0.032749992182581136 -0.021817659605320457 -0.026819375951103661 -0.016292927585192771 -5.9363887520318672e-05 0.026649998973032902 0.0073757334635716877 -0.0071173460064620029 -0.00057751495191562987 -0.018932606446031997 -0.018856310072871599 0.0054832689871175096 0.00078846412992351856 0.028854794284151997 0.0031675560402306697 -0.020561133381696184 -0.0037355151939126351 -0.0024585655741920808 -0.013715413071338813 -0.0073903690050253811 0.036905205236966096 -0.0010952889861984933 0.035788843478846276 0.0090313654870495374 -0.010894166892983757
leaf_weight=102508 130535 169731 4702 70445 26494 5817 15147 9635 23000 27687 34556 374542 259819 855048 11224 10245 21703 352391 37298 521318 34640 522000 509374 85972 193251 12054 373533 9063 170960 25308
leaf_count=102508 130535 169731 4702 70445 26494 5817 15147 9635 23000 27687 34556 374542 259819 855048 11224 10245 21703 352391 37298 521318 34640 522000 509374 85972 193251 12054 373533 9063 170960 25308
internal_value=-8.16637e-08 0.000861795 0.00220449 -0.00227608 0.00268395 -0.00582514 0.0048549 0.00640976 -0.00317577 0.00638614 0.0147667 0.00147107 -0.00624432 0.00160973 0.00768939 0.00893974 0.0101847 0.0041824 0.0202578 -0.00080334 -0.00205721 -0.000286236 -0.00499012 -0.00408413 0.00149042 0.000255276 0.00275567 -0.000221566 0.00822316 0.00646205
internal_weight=5e+06 2.41199e+06 1.68919e+06 722801 301477 421324 274983 259836 350879 85243 62243 1.58668e+06 265636 1.58198e+06 250201 238977 228732 726933 59001 2.58801e+06 1.6733e+06 1.04332e+06 629986 595346 914704 784169 590918 382596 208322 196268
internal_count=5000000 2411992 1689191 722801 301477 421324 274983 259836 350879 85243 62243 1586683 265636 1581981 250201 238977 228732 726933 59001 2588008 1673304 1043318 629986 595346 914704 784169 590918 382596 208322 196268
cat_boundaries=0 1 2 3 4 5
cat_threshold=11534463 48 4196224 389340 4066
is_linear=0
shrinkage=0.1


end of trees

feature_importances:
Column_76=1445
Column_0=872
Column_75=604
Column_72=455
Column_18=454
Column_17=443
Column_73=336
Column_74=275
Column_23=258
Column_2=235
Column_48=216
Column_86=211
Column_89=208
Column_83=201
Column_80=180
Column_1=151
Column_3=142
Column_77=136
Column_10=75
Column_12=74
Column_11=73
Column_4=72
Column_24=71
Column_81=69
Column_90=69
Column_9=65
Column_88=65
Column_16=64
Column_87=63
Column_13=62
Column_79=57
Column_85=57
Column_78=56
Column_84=56
Column_91=56
Column_8=53
Column_82=51
Column_26=47
Column_5=43
Column_25=39
Column_49=38
Column_50=38
Column_51=36
Column_7=35
Column_14=33
Column_27=33
Column_29=33
Column_28=29
Column_30=29
Column_52=24
Column_31=23
Column_22=22
Column_71=22
Column_58=21
Column_57=20
Column_53=19
Column_54=19
Column_56=19
Column_6=18
Column_19=18
Column_33=18
Column_70=18
Column_15=17
Column_55=17
Column_67=17
Column_59=16
Column_20=15
Column_32=14
Column_34=14
Column_41=13
Column_47=13
Column_69=13
Column_60=12
Column_21=10
Column_42=10
Column_43=10
Column_36=9
Column_66=9
Column_68=9
Column_35=7
Column_37=7
Column_44=6
Column_46=6
Column_63=5
Column_65=5
Column_40=4
Column_45=4
Column_64=4
Column_38=3
Column_62=3
Column_39=2
Column_61=2

parameters:
[boosting: gbdt]
[objective: regression]
[metric: l2]
[tree_learner: serial]
[device_type: cpu]
[data_sample_strategy: bagging]
[data: ]
[valid: ]
[num_iterations: 300]
[learning_rate: 0.1]
[num_leaves: 31]
[num_threads: 0]
[seed: 0]
[deterministic: 0]
[force_col_wise: 0]
[force_row_wise: 0]
[histogram_pool_size: -1]
[max_depth: -1]
[min_data_in_leaf: 20]
[min_sum_hessian_in_leaf: 0.001]
[bagging_fraction: 1]
[pos_bagging_fraction: 1]
[neg_bagging_fraction: 1]
[bagging_freq: 0]
[bagging_seed: 3]
[bagging_by_query: 0]
[feature_fraction: 1]
[feature_fraction_bynode: 1]
[feature_fraction_seed: 2]
[extra_trees: 0]
[extra_seed: 6]
[early_stopping_round: 0]
[early_stopping_min_delta: 0]
[first_metric_only: 0]
[max_delta_step: 0]
[lambda_l1: 0]
[lambda_l2: 0]
[linear_lambda: 0]
[min_gain_to_split: 0]
[drop_rate: 0.1]
[max_drop: 50]
[skip_drop: 0.5]
[xgboost_dart_mode: 0]
[uniform_drop: 0]
[drop_seed: 4]
[top_rate: 0.2]
[other_rate: 0.1]
[min_data_per_group: 100]
[max_cat_threshold: 32]
[cat_l2: 10]
[cat_smooth: 10]
[max_cat_to_onehot: 4]
[top_k: 20]
[monotone_constraints: ]
[monotone_constraints_method: basic]
[monotone_penalty: 0]
[feature_contri: ]
[forcedsplits_filename: ]
[refit_decay_rate: 0.9]
[cegb_tradeoff: 1]
[cegb_penalty_split: 0]
[cegb_penalty_feature_lazy: ]
[cegb_penalty_feature_coupled: ]
[path_smooth: 0]
[interaction_constraints: ]
[verbosity: -1]
[saved_feature_importance_type: 0]
[use_quantized_grad: 0]
[num_grad_quant_bins: 4]
[quant_train_renew_leaf: 0]
[stochastic_rounding: 1]
[linear_tree: 0]
[max_bin: 255]
[max_bin_by_feature: ]
[min_data_in_bin: 3]
[bin_construct_sample_cnt: 200000]
[data_random_seed: 1]
[is_enable_sparse: 1]
[enable_bundle: 1]
[use_missing: 1]
[zero_as_missing: 0]
[feature_pre_filter: 1]
[pre_partition: 0]
[two_round: 0]
[header: 0]
[label_column: ]
[weight_column: ]
[group_column: ]
[ignore_column: ]
[categorical_feature: 75,76]
[forcedbins_filename: ]
[precise_float_parser: 0]
[parser_config_file: ]
[objective_seed: 5]
[num_class: 1]
[is_unbalance: 0]
[scale_pos_weight: 1]
[sigmoid: 1]
[boost_from_average: 1]
[reg_sqrt: 0]
[alpha: 0.9]
[fair_c: 1]
[poisson_max_delta_step: 0.7]
[tweedie_variance_power: 1.5]
[lambdarank_truncation_level: 30]
[lambdarank_norm: 1]
[label_gain: ]
[lambdarank_position_bias_regularization: 0]
[eval_at: ]
[multi_error_top_k: 1]
[auc_mu_weights: ]
[num_machines: 1]
[local_listen_port: 12400]
[time_out: 120]
[machine_list_filename: ]
[machines: ]
[gpu_platform_id: -1]
[gpu_device_id: -1]
[gpu_device_id_list: ]
[gpu_use_dp: 0]
[num_gpu: 1]

end of parameters

pandas_categorical:null
